fy,fx,density
0,0,0.684936
0,1,0.684928
0,2,0.684969
0,3,0.685146
0,4,0.685518
0,5,0.686076
0,6,0.686717
0,7,0.687253
0,8,0.687467
0,9,0.687192
0,10,0.686379
0,11,0.685148
0,12,0.68378
0,13,0.682643
0,14,0.682087
0,15,0.682323
0,16,0.68336
0,17,0.684987
0,18,0.686847
0,19,0.688546
0,20,0.689777
0,21,0.690417
0,22,0.690554
0,23,0.690463
0,24,0.690517
0,25,0.69109
0,26,0.692444
0,27,0.694668
0,28,0.697645
0,29,0.701094
0,30,0.704625
0,31,0.707835
0,32,0.710391
0,33,0.712074
0,34,0.712808
0,35,0.712654
0,36,0.711771
0,37,0.710381
0,38,0.708714
0,39,0.706978
0,40,0.705321
0,41,0.703819
0,42,0.70249
0,43,0.701324
0,44,0.700323
0,45,0.699547
0,46,0.69911
0,47,0.699165
0,48,0.699837
0,49,0.701156
0,50,0.703024
0,51,0.705208
0,52,0.707394
0,53,0.709266
0,54,0.710577
0,55,0.711208
0,56,0.711172
0,57,0.710607
0,58,0.709736
0,59,0.70882
0,60,0.708103
0,61,0.707768
0,62,0.707881
0,63,0.708369
0,64,0.709028
0,65,0.709588
0,66,0.70979
0,67,0.709467
0,68,0.708592
0,69,0.707259
0,70,0.705636
0,71,0.703885
0,72,0.702117
0,73,0.700394
0,74,0.698753
0,75,0.697254
0,76,0.69601
0,77,0.695154
0,78,0.69478
0,79,0.694892
0,80,0.695359
0,81,0.695946
0,82,0.696374
0,83,0.696412
0,84,0.695945
0,85,0.695012
0,86,0.693773
0,87,0.692446
0,88,0.691225
0,89,0.690232
0,90,0.689483
0,91,0.688924
0,92,0.688489
0,93,0.688134
0,94,0.687865
0,95,0.687714
1,0,0.685297
1,1,0.685263
1,2,0.685261
1,3,0.685394
1,4,0.685742
1,5,0.686314
1,6,0.687019
1,7,0.687667
1,8,0.688033
1,9,0.687929
1,10,0.68728
1,11,0.686176
1,12,0.684875
1,13,0.68373
1,14,0.683093
1,15,0.683187
1,16,0.684046
1,17,0.685488
1,18,0.687183
1,19,0.68876
1,20,0.689917
1,21,0.69053
1,22,0.690675
1,23,0.690609
1,24,0.69069
1,25,0.691276
1,26,0.692618
1,27,0.694802
1,28,0.697714
1,29,0.701079
1,30,0.704514
1,31,0.707634
1,32,0.710112
1,33,0.711741
1,34,0.71245
1,35,0.712293
1,36,0.711427
1,37,0.710063
1,38,0.708422
1,39,0.70671
1,40,0.705072
1,41,0.703587
1,42,0.702277
1,43,0.701129
1,44,0.700139
1,45,0.699354
1,46,0.698875
1,47,0.698839
1,48,0.699371
1,49,0.70051
1,50,0.702177
1,51,0.704165
1,52,0.706187
1,53,0.707945
1,54,0.709197
1,55,0.709823
1,56,0.709832
1,57,0.70935
1,58,0.708598
1,59,0.70783
1,60,0.707289
1,61,0.70715
1,62,0.707471
1,63,0.708169
1,64,0.709027
1,65,0.709765
1,66,0.710116
1,67,0.709905
1,68,0.709104
1,69,0.707803
1,70,0.706174
1,71,0.70438
1,72,0.702539
1,73,0.700718
1,74,0.698964
1,75,0.697349
1,76,0.695998
1,77,0.695056
1,78,0.694629
1,79,0.69473
1,80,0.695231
1,81,0.695895
1,82,0.696432
1,83,0.696597
1,84,0.696257
1,85,0.695429
1,86,0.694257
1,87,0.692944
1,88,0.691678
1,89,0.69058
1,90,0.689676
1,91,0.688928
1,92,0.688292
1,93,0.687754
1,94,0.687344
1,95,0.687117
2,0,0.685875
2,1,0.685794
2,2,0.685716
2,3,0.685774
2,4,0.686086
2,5,0.686691
2,6,0.68752
2,7,0.688384
2,8,0.689038
2,9,0.689258
2,10,0.688917
2,11,0.688053
2,12,0.68688
2,13,0.685725
2,14,0.684939
2,15,0.684772
2,16,0.6853
2,17,0.686399
2,18,0.687787
2,19,0.689132
2,20,0.690149
2,21,0.69071
2,22,0.69087
2,23,0.690855
2,24,0.690991
2,25,0.691605
2,26,0.692932
2,27,0.695048
2,28,0.697841
2,29,0.701046
2,30,0.704303
2,31,0.707247
2,32,0.709576
2,33,0.711101
2,34,0.711757
2,35,0.711597
2,36,0.710765
2,37,0.709454
2,38,0.70787
2,39,0.706209
2,40,0.704614
2,41,0.703167
2,42,0.701896
2,43,0.700784
2,44,0.699816
2,45,0.699015
2,46,0.698452
2,47,0.698246
2,48,0.698513
2,49,0.699311
2,50,0.700598
2,51,0.702217
2,52,0.703927
2,53,0.705462
2,54,0.706598
2,55,0.707209
2,56,0.707291
2,57,0.706957
2,58,0.706416
2,59,0.705916
2,60,0.705691
2,61,0.705907
2,62,0.706607
2,63,0.707688
2,64,0.708911
2,65,0.709978
2,66,0.710604
2,67,0.710606
2,68,0.709948
2,69,0.708721
2,70,0.707096
2,71,0.705243
2,72,0.703287
2,73,0.701307
2,74,0.699366
2,75,0.697554
2,76,0.696018
2,77,0.694924
2,78,0.694401
2,79,0.694477
2,80,0.695035
2,81,0.695833
2,82,0.696569
2,83,0.69697
2,84,0.69687
2,85,0.696247
2,86,0.695211
2,87,0.693936
2,88,0.692594
2,89,0.691306
2,90,0.690113
2,91,0.689009
2,92,0.687996
2,93,0.68711
2,94,0.686434
2,95,0.686062
3,0,0.68647
3,1,0.686332
3,2,0.686163
3,3,0.686136
3,4,0.686414
3,5,0.687079
3,6,0.688084
3,7,0.689244
3,8,0.69029
3,9,0.690944
3,10,0.691016
3,11,0.690474
3,12,0.689474
3,13,0.688309
3,14,0.687329
3,15,0.686817
3,16,0.68691
3,17,0.687552
3,18,0.688532
3,19,0.689566
3,20,0.690394
3,21,0.690885
3,22,0.691067
3,23,0.691128
3,24,0.691348
3,25,0.692016
3,26,0.693338
3,27,0.695373
3,28,0.698011
3,29,0.701001
3,30,0.70401
3,31,0.706707
3,32,0.708824
3,33,0.710197
3,34,0.710775
3,35,0.71061
3,36,0.709826
3,37,0.708593
3,38,0.707097
3,39,0.705516
3,40,0.703992
3,41,0.70261
3,42,0.701401
3,43,0.700348
3,44,0.699416
3,45,0.698595
3,46,0.697924
3,47,0.697488
3,48,0.697399
3,49,0.697735
3,50,0.698507
3,51,0.69962
3,52,0.700899
3,53,0.702123
3,54,0.703084
3,55,0.703656
3,56,0.703816
3,57,0.703658
3,58,0.703376
3,59,0.703209
3,60,0.703382
3,61,0.70405
3,62,0.705234
3,63,0.706807
3,64,0.708504
3,65,0.71
3,66,0.710993
3,67,0.711288
3,68,0.71084
3,69,0.709739
3,70,0.708158
3,71,0.706272
3,72,0.704214
3,73,0.702076
3,74,0.699935
3,75,0.697902
3,76,0.696147
3,77,0.694866
3,78,0.694213
3,79,0.694244
3,80,0.694858
3,81,0.695816
3,82,0.696804
3,83,0.697518
3,84,0.697747
3,85,0.697419
3,86,0.696591
3,87,0.695395
3,88,0.693976
3,89,0.69245
3,90,0.690877
3,91,0.689297
3,92,0.687772
3,93,0.686413
3,94,0.685372
3,95,0.684803
4,0,0.686942
4,1,0.686753
4,2,0.686504
4,3,0.686408
4,4,0.686675
4,5,0.687428
4,6,0.688647
4,7,0.690148
4,8,0.691632
4,9,0.692767
4,10,0.693293
4,11,0.693103
4,12,0.692286
4,13,0.691103
4,14,0.689903
4,15,0.689004
4,16,0.688607
4,17,0.688737
4,18,0.689256
4,19,0.689938
4,20,0.690553
4,21,0.690968
4,22,0.691186
4,23,0.691349
4,24,0.691689
4,25,0.692445
4,26,0.693785
4,27,0.695748
4,28,0.698216
4,29,0.700958
4,30,0.70367
4,31,0.706064
4,32,0.707916
4,33,0.709095
4,34,0.70957
4,35,0.709389
4,36,0.708658
4,37,0.707517
4,38,0.706127
4,39,0.704649
4,40,0.703219
4,41,0.701926
4,42,0.700806
4,43,0.699836
4,44,0.69896
4,45,0.698135
4,46,0.697353
4,47,0.696669
4,48,0.696182
4,49,0.695996
4,50,0.696176
4,51,0.696704
4,52,0.697475
4,53,0.698318
4,54,0.699053
4,55,0.699548
4,56,0.699762
4,57,0.699768
4,58,0.699743
4,59,0.699915
4,60,0.700501
4,61,0.701639
4,62,0.703334
4,63,0.705431
4,64,0.707638
4,65,0.709606
4,66,0.711015
4,67,0.711657
4,68,0.711481
4,69,0.710575
4,70,0.709112
4,71,0.707268
4,72,0.70518
4,73,0.702949
4,74,0.70066
4,75,0.698439
4,76,0.696478
4,77,0.694998
4,78,0.69419
4,79,0.694142
4,80,0.694782
4,81,0.695886
4,82,0.697134
4,83,0.698198
4,84,0.698818
4,85,0.698861
4,86,0.698319
4,87,0.697265
4,88,0.695806
4,89,0.694044
4,90,0.692059
4,91,0.689943
4,92,0.687833
4,93,0.685926
4,94,0.684464
4,95,0.683664
5,0,0.687323
5,1,0.687102
5,2,0.686808
5,3,0.686683
5,4,0.686977
5,5,0.687846
5,6,0.68929
5,7,0.691122
5,8,0.69302
5,9,0.694602
5,10,0.695541
5,11,0.69566
5,12,0.694993
5,13,0.693764
5,14,0.692324
5,15,0.691028
5,16,0.690137
5,17,0.689753
5,18,0.689814
5,19,0.690146
5,20,0.690554
5,21,0.690906
5,22,0.691183
5,23,0.691482
5,24,0.691982
5,25,0.692869
5,26,0.694264
5,27,0.696176
5,28,0.69848
5,29,0.700957
5,30,0.703342
5,31,0.705392
5,32,0.706935
5,33,0.707882
5,34,0.70822
5,35,0.707998
5,36,0.707301
5,37,0.70624
5,38,0.704949
5,39,0.703572
5,40,0.70224
5,41,0.70105
5,42,0.700042
5,43,0.699186
5,44,0.698406
5,45,0.697617
5,46,0.696766
5,47,0.695868
5,48,0.695008
5,49,0.694314
5,50,0.6939
5,51,0.693825
5,52,0.694056
5,53,0.69448
5,54,0.694943
5,55,0.695314
5,56,0.695537
5,57,0.695662
5,58,0.695849
5,59,0.696313
5,60,0.697263
5,61,0.698824
5,62,0.700981
5,63,0.703557
5,64,0.706242
5,65,0.708665
5,66,0.710494
5,67,0.711514
5,68,0.711668
5,69,0.711037
5,70,0.709793
5,71,0.708105
5,72,0.706106
5,73,0.703892
5,74,0.70155
5,75,0.699211
5,76,0.697081
5,77,0.695407
5,78,0.694415
5,79,0.694237
5,80,0.694841
5,81,0.696036
5,82,0.697511
5,83,0.698921
5,84,0.699963
5,85,0.700436
5,86,0.700259
5,87,0.699432
5,88,0.698008
5,89,0.696069
5,90,0.693707
5,91,0.691068
5,92,0.688369
5,93,0.685905
5,94,0.684008
5,95,0.682971
6,0,0.687805
6,1,0.687587
6,2,0.687305
6,3,0.687216
6,4,0.687587
6,5,0.688591
6,6,0.690236
6,7,0.692336
6,8,0.694546
6,9,0.696451
6,10,0.697675
6,11,0.697988
6,12,0.697379
6,13,0.696048
6,14,0.694348
6,15,0.692665
6,16,0.691315
6,17,0.690464
6,18,0.690112
6,19,0.690139
6,20,0.690378
6,21,0.690701
6,22,0.691069
6,23,0.691542
6,24,0.692243
6,25,0.693303
6,26,0.694792
6,27,0.696681
6,28,0.698834
6,29,0.701045
6,30,0.703085
6,31,0.704766
6,32,0.705968
6,33,0.706643
6,34,0.706803
6,35,0.706493
6,36,0.70578
6,37,0.704748
6,38,0.703506
6,39,0.70219
6,40,0.700932
6,41,0.699839
6,42,0.698959
6,43,0.698257
6,44,0.697633
6,45,0.696958
6,46,0.696129
6,47,0.695116
6,48,0.693984
6,49,0.69287
6,50,0.691936
6,51,0.691304
6,52,0.691015
6,53,0.691011
6,54,0.691171
6,55,0.691373
6,56,0.691547
6,57,0.691728
6,58,0.692057
6,59,0.692736
6,60,0.693961
6,61,0.695845
6,62,0.69836
6,63,0.701315
6,64,0.704387
6,65,0.707201
6,66,0.709418
6,67,0.710823
6,68,0.711353
6,69,0.711083
6,70,0.710169
6,71,0.708766
6,72,0.706989
6,73,0.704919
6,74,0.702631
6,75,0.700251
6,76,0.697992
6,77,0.696124
6,78,0.694912
6,79,0.694536
6,80,0.695022
6,81,0.696223
6,82,0.697858
6,83,0.699577
6,84,0.701041
6,85,0.701986
6,86,0.702247
6,87,0.701743
6,88,0.70046
6,89,0.698448
6,90,0.695805
6,91,0.692724
6,92,0.689503
6,93,0.68653
6,94,0.68423
6,95,0.682972
7,0,0.688661
7,1,0.688489
7,2,0.688293
7,3,0.688319
7,4,0.688824
7,5,0.689973
7,6,0.691769
7,7,0.694023
7,8,0.696382
7,9,0.698416
7,10,0.699727
7,11,0.700058
7,12,0.699374
7,13,0.697862
7,14,0.69588
7,15,0.693837
7,16,0.692089
7,17,0.69085
7,18,0.690171
7,19,0.689967
7,20,0.690097
7,21,0.690438
7,22,0.690934
7,23,0.691611
7,24,0.692544
7,25,0.693807
7,26,0.695416
7,27,0.697302
7,28,0.699315
7,29,0.701263
7,30,0.702953
7,31,0.70425
7,32,0.705085
7,33,0.705452
7,34,0.70538
7,35,0.704912
7,36,0.704096
7,37,0.702996
7,38,0.701711
7,39,0.700373
7,40,0.699132
7,41,0.698111
7,42,0.69737
7,43,0.69687
7,44,0.696485
7,45,0.696039
7,46,0.695372
7,47,0.694402
7,48,0.693162
7,49,0.691788
7,50,0.690469
7,51,0.689385
7,52,0.688639
7,53,0.688232
7,54,0.68808
7,55,0.688077
7,56,0.688153
7,57,0.68833
7,58,0.688729
7,59,0.689537
7,60,0.690936
7,61,0.693024
7,62,0.695765
7,63,0.698963
7,64,0.702298
7,65,0.7054
7,66,0.707942
7,67,0.709713
7,68,0.710646
7,69,0.710802
7,70,0.710314
7,71,0.709308
7,72,0.707867
7,73,0.706046
7,74,0.703896
7,75,0.701534
7,76,0.699172
7,77,0.697101
7,78,0.695625
7,79,0.694981
7,80,0.69526
7,81,0.696375
7,82,0.698087
7,83,0.700056
7,84,0.701918
7,85,0.703351
7,86,0.704106
7,87,0.704015
7,88,0.702992
7,89,0.701039
7,90,0.698255
7,91,0.694867
7,92,0.691244
7,93,0.68786
7,94,0.685229
7,95,0.683786
8,0,0.6901
8,1,0.690022
8,2,0.689993
8,3,0.690221
8,4,0.690919
8,5,0.692219
8,6,0.694102
8,7,0.696374
8,8,0.698689
8,9,0.700626
8,10,0.701796
8,11,0.701947
8,12,0.701041
8,13,0.699266
8,14,0.696984
8,15,0.694621
8,16,0.692556
8,17,0.691031
8,18,0.690125
8,19,0.689779
8,20,0.689867
8,21,0.69027
8,22,0.690921
8,23,0.691816
8,24,0.692987
8,25,0.694454
8,26,0.696183
8,27,0.698068
8,28,0.699944
8,29,0.701629
8,30,0.702971
8,31,0.703879
8,32,0.704331
8,33,0.704354
8,34,0.703987
8,35,0.70327
8,36,0.702237
8,37,0.700942
8,38,0.699483
8,39,0.698013
8,40,0.696708
8,41,0.695721
8,42,0.695127
8,43,0.694887
8,44,0.694842
8,45,0.694765
8,46,0.694433
8,47,0.693701
8,48,0.692559
8,49,0.691124
8,50,0.6896
8,51,0.688206
8,52,0.687101
8,53,0.68634
8,54,0.685888
8,55,0.685666
8,56,0.685611
8,57,0.685739
8,58,0.686156
8,59,0.687026
8,60,0.68851
8,61,0.690694
8,62,0.693532
8,63,0.696833
8,64,0.700292
8,65,0.703563
8,66,0.706342
8,67,0.70843
8,68,0.709761
8,69,0.710373
8,70,0.710364
8,71,0.709819
8,72,0.70878
8,73,0.707263
8,74,0.705294
8,75,0.702974
8,76,0.700515
8,77,0.698228
8,78,0.696456
8,79,0.695492
8,80,0.695494
8,81,0.696444
8,82,0.698151
8,83,0.700301
8,84,0.702515
8,85,0.704419
8,86,0.705692
8,87,0.706079
8,88,0.705418
8,89,0.70366
8,90,0.700888
8,91,0.697355
8,92,0.693483
8,93,0.689819
8,94,0.68695
8,95,0.685372
9,0,0.69212
9,1,0.692185
9,2,0.692402
9,3,0.692918
9,4,0.693872
9,5,0.695333
9,6,0.697247
9,7,0.699415
9,8,0.701509
9,9,0.703144
9,10,0.70397
9,11,0.703766
9,12,0.702517
9,13,0.700421
9,14,0.697846
9,15,0.695222
9,16,0.692933
9,17,0.691229
9,18,0.690199
9,19,0.689794
9,20,0.689895
9,21,0.690386
9,22,0.691191
9,23,0.692285
9,24,0.693662
9,25,0.6953
9,26,0.69712
9,27,0.698979
9,28,0.700705
9,29,0.702128
9,30,0.703127
9,31,0.703651
9,32,0.703714
9,33,0.70336
9,34,0.702637
9,35,0.701574
9,36,0.700198
9,37,0.698567
9,38,0.696799
9,39,0.69508
9,40,0.69363
9,41,0.69264
9,42,0.692208
9,43,0.692289
9,44,0.692689
9,45,0.693125
9,46,0.693302
9,47,0.693006
9,48,0.69217
9,49,0.690879
9,50,0.689335
9,51,0.687784
9,52,0.68643
9,53,0.685385
9,54,0.684665
9,55,0.684229
9,56,0.684035
9,57,0.684098
9,58,0.684508
9,59,0.685406
9,60,0.686924
9,61,0.689126
9,62,0.691958
9,63,0.695239
9,64,0.698693
9,65,0.702009
9,66,0.704919
9,67,0.707247
9,68,0.708924
9,69,0.709966
9,70,0.710428
9,71,0.710341
9,72,0.7097
9,73,0.708481
9,74,0.706686
9,75,0.704402
9,76,0.701846
9,77,0.699344
9,78,0.697273
9,79,0.695978
9,80,0.695679
9,81,0.69642
9,82,0.698066
9,83,0.70033
9,84,0.702831
9,85,0.70516
9,86,0.706932
9,87,0.707819
9,88,0.707584
9,89,0.706128
9,90,0.703508
9,91,0.699988
9,92,0.696025
9,93,0.69222
9,94,0.689218
9,95,0.687561
10,0,0.694466
10,1,0.694714
10,2,0.695248
10,3,0.696129
10,4,0.6974
10,5,0.699048
10,6,0.700968
10,7,0.702956
10,8,0.704713
10,9,0.70591
10,10,0.70626
10,11,0.705597
10,12,0.703945
10,13,0.701522
10,14,0.698696
10,15,0.695891
10,16,0.693477
10,17,0.691695
10,18,0.690626
10,19,0.690219
10,20,0.690359
10,21,0.69093
10,22,0.691853
10,23,0.693089
10,24,0.694607
10,25,0.696349
10,26,0.698199
10,27,0.699992
10,28,0.701547
10,29,0.702707
10,30,0.703377
10,31,0.703534
10,32,0.703212
10,33,0.702461
10,34,0.701327
10,35,0.699832
10,36,0.698003
10,37,0.695916
10,38,0.693725
10,39,0.691667
10,40,0.690016
10,41,0.689008
10,42,0.68876
10,43,0.689222
10,44,0.69016
10,45,0.691229
10,46,0.692059
10,47,0.692359
10,48,0.691999
10,49,0.691023
10,50,0.689619
10,51,0.688045
10,52,0.686548
10,53,0.685288
10,54,0.684342
10,55,0.683713
10,56,0.683392
10,57,0.683399
10,58,0.683809
10,59,0.684734
10,60,0.686271
10,61,0.688454
10,62,0.691218
10,63,0.694393
10,64,0.697735
10,65,0.700981
10,66,0.703907
10,67,0.706367
10,68,0.708295
10,69,0.709681
10,70,0.710532
10,71,0.710827
10,72,0.710512
10,73,0.709529
10,74,0.707861
10,75,0.705593
10,76,0.702946
10,77,0.700261
10,78,0.69794
10,79,0.696364
10,80,0.695801
10,81,0.696344
10,82,0.697905
10,83,0.70023
10,84,0.702946
10,85,0.705623
10,86,0.707834
10,87,0.709191
10,88,0.709398
10,89,0.708306
10,90,0.705943
10,91,0.70257
10,92,0.698659
10,93,0.694847
10,94,0.691811
10,95,0.690129
11,0,0.696668
11,1,0.697127
11,2,0.698027
11,3,0.699333
11,4,0.700978
11,5,0.702855
11,6,0.7048
11,7,0.706599
11,8,0.707992
11,9,0.708715
11,10,0.70856
11,11,0.707432
11,12,0.705402
11,13,0.702708
11,14,0.699716
11,15,0.696828
11,16,0.694387
11,17,0.692608
11,18,0.691554
11,19,0.691167
11,20,0.691333
11,21,0.69194
11,22,0.692913
11,23,0.694208
11,24,0.695776
11,25,0.697536
11,26,0.699347
11,27,0.701029
11,28,0.702397
11,29,0.703304
11,30,0.703672
11,31,0.703493
11,32,0.702805
11,33,0.701655
11,34,0.700078
11,35,0.698094
11,36,0.69574
11,37,0.693124
11,38,0.69045
11,39,0.688014
11,40,0.68615
11,41,0.685135
11,42,0.685105
11,43,0.685994
11,44,0.687529
11,45,0.6893
11,46,0.690861
11,47,0.691847
11,48,0.692063
11,49,0.691508
11,50,0.690348
11,51,0.68885
11,52,0.687287
11,53,0.685874
11,54,0.684743
11,55,0.68395
11,56,0.683523
11,57,0.683495
11,58,0.683929
11,59,0.684903
11,60,0.686472
11,61,0.688634
11,62,0.691304
11,63,0.69432
11,64,0.697474
11,65,0.700552
11,66,0.703382
11,67,0.705851
11,68,0.707899
11,69,0.709493
11,70,0.710595
11,71,0.711135
11,72,0.711022
11,73,0.710174
11,74,0.708568
11,75,0.706296
11,76,0.703589
11,77,0.700798
11,78,0.698333
11,79,0.696592
11,80,0.695863
11,81,0.696271
11,82,0.697764
11,83,0.700116
11,84,0.702973
11,85,0.705902
11,86,0.708455
11,87,0.710208
11,88,0.710823
11,89,0.710109
11,90,0.708068
11,91,0.704942
11,92,0.701205
11,93,0.697501
11,94,0.694526
11,95,0.692869
12,0,0.698189
12,1,0.698869
12,2,0.700156
12,3,0.701919
12,4,0.703981
12,5,0.706138
12,6,0.708165
12,7,0.709837
12,8,0.710929
12,9,0.711249
12,10,0.710668
12,11,0.709165
12,12,0.70686
12,13,0.704009
12,14,0.700963
12,15,0.698095
12,16,0.695709
12,17,0.693985
12,18,0.692964
12,19,0.692578
12,20,0.692723
12,21,0.693296
12,22,0.694234
12,23,0.695496
12,24,0.697026
12,25,0.698728
12,26,0.700448
12,27,0.701992
12,28,0.703178
12,29,0.703863
12,30,0.703977
12,31,0.703512
12,32,0.702498
12,33,0.70097
12,34,0.698951
12,35,0.696464
12,36,0.69357
12,37,0.690417
12,38,0.687268
12,39,0.68448
12,40,0.682438
12,41,0.681456
12,42,0.681676
12,43,0.683014
12,44,0.685153
12,45,0.687623
12,46,0.68991
12,47,0.691583
12,48,0.692387
12,49,0.692279
12,50,0.691403
12,51,0.690026
12,52,0.688448
12,53,0.686925
12,54,0.685643
12,55,0.684713
12,56,0.684202
12,57,0.684161
12,58,0.684642
12,59,0.685688
12,60,0.687309
12,61,0.689461
12,62,0.692033
12,63,0.694866
12,64,0.697784
12,65,0.700621
12,66,0.703256
12,67,0.705611
12,68,0.707635
12,69,0.709276
12,70,0.71046
12,71,0.711081
12,72,0.711022
12,73,0.710194
12,74,0.708587
12,75,0.706309
12,76,0.703602
12,77,0.700819
12,78,0.698363
12,79,0.696618
12,80,0.695869
12,81,0.696248
12,82,0.697719
12,83,0.700084
12,84,0.703013
12,85,0.70609
12,86,0.708869
12,87,0.710914
12,88,0.711869
12,89,0.711513
12,90,0.709824
12,91,0.70702
12,92,0.703557
12,93,0.700067
12,94,0.697236
12,95,0.695653
13,0,0.6986
13,1,0.699492
13,2,0.701153
13,3,0.703369
13,4,0.705863
13,5,0.708343
13,6,0.710528
13,7,0.71218
13,8,0.713103
13,9,0.713168
13,10,0.712322
13,11,0.710608
13,12,0.708187
13,13,0.705324
13,14,0.702349
13,15,0.699594
13,16,0.697318
13,17,0.695664
13,18,0.694654
13,19,0.694221
13,20,0.694276
13,21,0.694737
13,22,0.695563
13,23,0.696721
13,24,0.698155
13,25,0.699761
13,26,0.701375
13,27,0.702797
13,28,0.703842
13,29,0.704369
13,30,0.704303
13,31,0.703625
13,32,0.702348
13,33,0.700488
13,34,0.698064
13,35,0.69511
13,36,0.691717
13,37,0.688087
13,38,0.684537
13,39,0.681477
13,40,0.679331
13,41,0.678433
13,42,0.678921
13,43,0.680687
13,44,0.683374
13,45,0.686461
13,46,0.689382
13,47,0.691652
13,48,0.692973
13,49,0.693265
13,50,0.692655
13,51,0.691406
13,52,0.689834
13,53,0.68823
13,54,0.686826
13,55,0.685782
13,56,0.685202
13,57,0.685155
13,58,0.685685
13,59,0.686804
13,60,0.688478
13,61,0.690618
13,62,0.693087
13,63,0.695725
13,64,0.69838
13,65,0.70093
13,66,0.703299
13,67,0.70544
13,68,0.707311
13,69,0.708849
13,70,0.709954
13,71,0.710498
13,72,0.710357
13,73,0.709453
13,74,0.707802
13,75,0.705536
13,76,0.702911
13,77,0.70027
13,78,0.697991
13,79,0.69642
13,80,0.69581
13,81,0.696275
13,82,0.697783
13,83,0.700156
13,84,0.703096
13,85,0.70622
13,86,0.709106
13,87,0.711334
13,88,0.712546
13,89,0.712514
13,90,0.711194
13,91,0.708773
13,92,0.705675
13,93,0.702498
13,94,0.699896
13,95,0.698433
14,0,0.697728
14,1,0.6988
14,2,0.700785
14,3,0.703404
14,4,0.706303
14,5,0.709123
14,6,0.711531
14,7,0.71328
14,8,0.714195
14,9,0.714193
14,10,0.713282
14,11,0.711553
14,12,0.709195
14,13,0.706468
14,14,0.703673
14,15,0.701094
14,16,0.698946
14,17,0.697339
14,18,0.696289
14,19,0.69574
14,20,0.695632
14,21,0.695917
14,22,0.69658
14,23,0.697604
14,24,0.698935
14,25,0.700463
14,26,0.702013
14,27,0.703379
14,28,0.704371
14,29,0.704839
14,30,0.704696
14,31,0.703902
14,32,0.702447
14,33,0.700332
14,34,0.697577
14,35,0.694235
14,36,0.69044
14,37,0.686443
14,38,0.682612
14,39,0.679395
14,40,0.677234
14,41,0.676463
14,42,0.677205
14,43,0.679327
14,44,0.682439
14,45,0.685987
14,46,0.689372
14,47,0.692077
14,48,0.693778
14,49,0.694371
14,50,0.693969
14,51,0.692828
14,52,0.691273
14,53,0.689615
14,54,0.688119
14,55,0.686982
14,56,0.686339
14,57,0.686275
14,58,0.686828
14,59,0.687985
14,60,0.689674
14,61,0.691769
14,62,0.694111
14,63,0.696536
14,64,0.698915
14,65,0.701159
14,66,0.703227
14,67,0.705096
14,68,0.706732
14,69,0.708062
14,70,0.708971
14,71,0.709325
14,72,0.709009
14,73,0.70797
14,74,0.706259
14,75,0.70404
14,76,0.701577
14,77,0.6992
14,78,0.69724
14,79,0.69599
14,80,0.695649
14,81,0.696294
14,82,0.697884
14,83,0.700258
14,84,0.703152
14,85,0.706232
14,86,0.709118
14,87,0.711427
14,88,0.712826
14,89,0.713088
14,90,0.712156
14,91,0.710184
14,92,0.707548
14,93,0.704787
14,94,0.7025
14,95,0.701207
15,0,0.695705
15,1,0.696907
15,2,0.699132
15,3,0.702062
15,4,0.705295
15,5,0.708424
15,6,0.711087
15,7,0.713025
15,8,0.714076
15,9,0.714188
15,10,0.713406
15,11,0.71185
15,12,0.709716
15,13,0.707247
15,14,0.704703
15,15,0.702324
15,16,0.700282
15,17,0.69867
15,18,0.697507
15,19,0.696769
15,20,0.696438
15,21,0.696511
15,22,0.697003
15,23,0.697914
15,24,0.699191
15,25,0.700714
15,26,0.702296
15,27,0.70372
15,28,0.704785
15,29,0.705323
15,30,0.705228
15,31,0.704433
15,32,0.702907
15,33,0.700637
15,34,0.697654
15,35,0.69404
15,36,0.689975
15,37,0.685755
15,38,0.681784
15,39,0.678528
15,40,0.676428
15,41,0.675799
15,42,0.67674
15,43,0.679094
15,44,0.682452
15,45,0.686247
15,46,0.689872
15,47,0.692805
15,48,0.694711
15,49,0.69548
15,50,0.695212
15,51,0.694155
15,52,0.69263
15,53,0.690954
15,54,0.689407
15,55,0.688204
15,56,0.687502
15,57,0.687394
15,58,0.687915
15,59,0.689036
15,60,0.690659
15,61,0.692636
15,62,0.694797
15,63,0.696981
15,64,0.699077
15,65,0.701021
15,66,0.702796
15,67,0.704391
15,68,0.705771
15,69,0.706855
15,70,0.707521
15,71,0.707639
15,72,0.707113
15,73,0.705927
15,74,0.704172
15,75,0.702041
15,76,0.699805
15,77,0.697769
15,78,0.696214
15,79,0.695366
15,80,0.695358
15,81,0.696224
15,82,0.697904
15,83,0.700251
15,84,0.703041
15,85,0.705994
15,86,0.70879
15,87,0.711101
15,88,0.71263
15,89,0.713172
15,90,0.712658
15,91,0.711208
15,92,0.709132
15,93,0.706894
15,94,0.705013
15,95,0.703941
16,0,0.692935
16,1,0.694208
16,2,0.696567
16,3,0.699682
16,4,0.703133
16,5,0.706496
16,6,0.709394
16,7,0.711563
16,8,0.712845
16,9,0.713206
16,10,0.712703
16,11,0.711464
16,12,0.709671
16,13,0.707535
16,14,0.705272
16,15,0.703075
16,16,0.701087
16,17,0.699396
16,18,0.698045
16,19,0.697056
16,20,0.696467
16,21,0.696322
16,22,0.696673
16,23,0.697532
16,24,0.698842
16,25,0.700471
16,26,0.702215
16,27,0.703837
16,28,0.705118
16,29,0.705869
16,30,0.705956
16,31,0.705286
16,32,0.703805
16,33,0.701499
16,34,0.698413
16,35,0.694666
16,36,0.69048
16,37,0.686189
16,38,0.682217
16,39,0.679025
16,40,0.677032
16,41,0.676521
16,42,0.677563
16,43,0.679982
16,44,0.683368
16,45,0.687165
16,46,0.690785
16,47,0.693721
16,48,0.69565
16,49,0.696466
16,50,0.69626
16,51,0.69527
16,52,0.693799
16,53,0.692155
16,54,0.690612
16,55,0.689384
16,56,0.68863
16,57,0.688447
16,58,0.688866
16,59,0.689851
16,60,0.691297
16,61,0.693053
16,62,0.694956
16,63,0.696861
16,64,0.698675
16,65,0.700352
16,66,0.701883
16,67,0.703256
16,68,0.704424
16,69,0.705297
16,70,0.705747
16,71,0.705654
16,72,0.70495
16,73,0.703654
16,74,0.701893
16,75,0.699888
16,76,0.697908
16,77,0.696231
16,78,0.695085
16,79,0.694629
16,80,0.694934
16,81,0.695988
16,82,0.697713
16,83,0.699977
16,84,0.702595
16,85,0.705346
16,86,0.707977
16,87,0.710227
16,88,0.71185
16,89,0.712667
16,90,0.712608
16,91,0.711751
16,92,0.710333
16,93,0.70872
16,94,0.707327
16,95,0.706524
17,0,0.689974
17,1,0.691255
17,2,0.693638
17,3,0.6968
17,4,0.700331
17,5,0.703815
17,6,0.706879
17,7,0.709261
17,8,0.710808
17,9,0.711487
17,10,0.71135
17,11,0.710509
17,12,0.709116
17,13,0.707338
17,14,0.70534
17,15,0.703278
17,16,0.701276
17,17,0.699431
17,18,0.697828
17,19,0.696547
17,20,0.695688
17,21,0.695347
17,22,0.695608
17,23,0.696493
17,24,0.697936
17,25,0.699786
17,26,0.701818
17,27,0.703773
17,28,0.705407
17,29,0.706504
17,30,0.706899
17,31,0.706474
17,32,0.705159
17,33,0.70294
17,34,0.699887
17,35,0.696154
17,36,0.691999
17,37,0.687782
17,38,0.683927
17,39,0.680872
17,40,0.678997
17,41,0.678546
17,42,0.67956
17,43,0.681857
17,44,0.685045
17,45,0.688601
17,46,0.691976
17,47,0.694704
17,48,0.696489
17,49,0.697234
17,50,0.69703
17,51,0.696097
17,52,0.694712
17,53,0.693158
17,54,0.691682
17,55,0.690479
17,56,0.689695
17,57,0.689415
17,58,0.689666
17,59,0.690414
17,60,0.691567
17,61,0.692995
17,62,0.694561
17,63,0.696152
17,64,0.697696
17,65,0.699159
17,66,0.700528
17,67,0.701772
17,68,0.702823
17,69,0.703575
17,70,0.703895
17,71,0.703675
17,72,0.702872
17,73,0.701538
17,74,0.699828
17,75,0.697977
17,76,0.696247
17,77,0.694887
17,78,0.694075
17,79,0.693915
17,80,0.694427
17,81,0.695563
17,82,0.697234
17,83,0.699324
17,84,0.701688
17,85,0.704163
17,86,0.706565
17,87,0.708702
17,88,0.710386
17,89,0.711474
17,90,0.711895
17,91,0.711684
17,92,0.710997
17,93,0.710085
17,94,0.709248
17,95,0.70875
18,0,0.687369
18,1,0.688607
18,2,0.690917
18,3,0.694002
18,4,0.69748
18,5,0.700961
18,6,0.704091
18,7,0.706624
18,8,0.708408
18,9,0.709405
18,10,0.70965
18,11,0.709224
18,12,0.708232
18,13,0.706791
18,14,0.705016
18,15,0.703028
18,16,0.700945
18,17,0.698889
18,18,0.696995
18,19,0.695408
18,20,0.694291
18,21,0.693789
18,22,0.694013
18,23,0.694988
18,24,0.696639
18,25,0.698795
18,26,0.701206
18,27,0.703591
18,28,0.705677
18,29,0.707218
18,30,0.70802
18,31,0.70794
18,32,0.706898
18,33,0.704888
18,34,0.702001
18,35,0.698425
18,36,0.694446
18,37,0.690429
18,38,0.686785
18,39,0.683911
18,40,0.682138
18,41,0.681667
18,42,0.682519
18,43,0.684516
18,44,0.6873
18,45,0.690402
18,46,0.693332
18,47,0.695677
18,48,0.697178
18,49,0.697758
18,50,0.697505
18,51,0.696618
18,52,0.695345
18,53,0.693931
18,54,0.692583
18,55,0.69146
18,56,0.690675
18,57,0.690295
18,58,0.690337
18,59,0.690776
18,60,0.691548
18,61,0.692564
18,62,0.693738
18,63,0.694998
18,64,0.696302
18,65,0.69762
18,66,0.698923
18,67,0.70015
18,68,0.701201
18,69,0.701947
18,70,0.702252
18,71,0.702016
18,72,0.70122
18,73,0.699938
18,74,0.698341
18,75,0.696662
18,76,0.69515
18,77,0.694019
18,78,0.693409
18,79,0.693385
18,80,0.693935
18,81,0.694992
18,82,0.696471
18,83,0.69827
18,84,0.700287
18,85,0.70241
18,86,0.704521
18,87,0.706494
18,88,0.708202
18,89,0.709539
18,90,0.710437
18,91,0.710887
18,92,0.710959
18,93,0.710783
18,94,0.710531
18,95,0.710357
19,0,0.685536
19,1,0.686698
19,2,0.688874
19,3,0.691795
19,4,0.695117
19,5,0.698485
19,6,0.70158
19,7,0.704171
19,8,0.706119
19,9,0.707378
19,10,0.70796
19,11,0.707906
19,12,0.70727
19,13,0.706113
19,14,0.704504
19,15,0.702536
19,16,0.700329
19,17,0.698038
19,18,0.695851
19,19,0.693975
19,20,0.692631
19,21,0.692002
19,22,0.692221
19,23,0.693315
19,24,0.695199
19,25,0.697686
19,26,0.700505
19,27,0.703352
19,28,0.705929
19,29,0.707959
19,30,0.709223
19,31,0.709555
19,32,0.70887
19,33,0.707172
19,34,0.704574
19,35,0.701288
19,36,0.69761
19,37,0.693901
19,38,0.690538
19,39,0.687869
19,40,0.68617
19,41,0.685605
19,42,0.686176
19,43,0.687729
19,44,0.689953
19,45,0.692445
19,46,0.694786
19,47,0.696625
19,48,0.697742
19,49,0.698083
19,50,0.697733
19,51,0.696872
19,52,0.695716
19,53,0.694467
19,54,0.693287
19,55,0.692287
19,56,0.69154
19,57,0.691078
19,58,0.690908
19,59,0.691017
19,60,0.691374
19,61,0.691949
19,62,0.692717
19,63,0.693663
19,64,0.694773
19,65,0.69602
19,66,0.69735
19,67,0.698663
19,68,0.69982
19,69,0.700668
19,70,0.701065
19,71,0.700923
19,72,0.700238
19,73,0.699097
19,74,0.697669
19,75,0.696174
19,76,0.694831
19,77,0.693823
19,78,0.693261
19,79,0.693185
19,80,0.693576
19,81,0.694372
19,82,0.695499
19,83,0.696884
19,84,0.698457
19,85,0.700157
19,86,0.701919
19,87,0.703678
19,88,0.705362
19,89,0.706902
19,90,0.708231
19,91,0.709303
19,92,0.7101
19,93,0.710636
19,94,0.710952
19,95,0.711094
20,0,0.684689
20,1,0.685767
20,2,0.687789
20,3,0.690512
20,4,0.693626
20,5,0.696811
20,6,0.699783
20,7,0.702339
20,8,0.704354
20,9,0.705778
20,10,0.706605
20,11,0.706836
20,12,0.706476
20,13,0.705534
20,14,0.704037
20,15,0.702057
20,16,0.69972
20,17,0.697213
20,18,0.69477
20,19,0.692653
20,20,0.691123
20,21,0.690396
20,22,0.690614
20,23,0.691809
20,24,0.69389
20,25,0.696661
20,26,0.69984
20,27,0.703109
20,28,0.706143
20,29,0.708647
20,30,0.710372
20,31,0.711142
20,32,0.710866
20,33,0.70956
20,34,0.707351
20,35,0.704464
20,36,0.701195
20,37,0.697881
20,38,0.694852
20,39,0.692402
20,40,0.690755
20,41,0.690037
20,42,0.69025
20,43,0.691267
20,44,0.692839
20,45,0.694636
20,46,0.696312
20,47,0.697579
20,48,0.698256
20,49,0.698307
20,50,0.697816
20,51,0.696944
20,52,0.695878
20,53,0.694784
20,54,0.693778
20,55,0.692926
20,56,0.692252
20,57,0.691752
20,58,0.691413
20,59,0.69123
20,60,0.691211
20,61,0.691384
20,62,0.691792
20,63,0.692476
20,64,0.693454
20,65,0.694697
20,66,0.696122
20,67,0.697586
20,68,0.698915
20,69,0.699932
20,70,0.700492
20,71,0.700519
20,72,0.700023
20,73,0.699091
20,74,0.697879
20,75,0.696572
20,76,0.695354
20,77,0.694371
20,78,0.693711
20,79,0.69341
20,80,0.693459
20,81,0.69382
20,82,0.694449
20,83,0.695304
20,84,0.696351
20,85,0.697568
20,86,0.698932
20,87,0.70043
20,88,0.702034
20,89,0.703705
20,90,0.70538
20,91,0.706976
20,92,0.708399
20,93,0.709558
20,94,0.710374
20,95,0.710795
21,0,0.684832
21,1,0.68584
21,2,0.687731
21,3,0.690275
21,4,0.693182
21,5,0.69616
21,6,0.698956
21,7,0.701394
21,8,0.70337
21,9,0.704843
21,10,0.705792
21,11,0.706193
21,12,0.70601
21,13,0.705211
21,14,0.703787
21,15,0.701795
21,16,0.699365
21,17,0.696707
21,18,0.694088
21,19,0.691803
21,20,0.69014
21,21,0.68933
21,22,0.689525
21,23,0.690759
21,24,0.692946
21,25,0.695891
21,26,0.699315
21,27,0.702892
21,28,0.706285
21,29,0.709179
21,30,0.711313
21,31,0.712498
21,32,0.712646
21,33,0.711779
21,34,0.710033
21,35,0.707634
21,36,0.704858
21,37,0.702006
21,38,0.699354
21,39,0.697136
21,40,0.695528
21,41,0.69463
21,42,0.694449
21,43,0.694899
21,44,0.695795
21,45,0.696881
21,46,0.697884
21,47,0.69857
21,48,0.698792
21,49,0.698528
21,50,0.697856
21,51,0.696923
21,52,0.695894
21,53,0.69491
21,54,0.694053
21,55,0.693348
21,56,0.692776
21,57,0.692297
21,58,0.691873
21,59,0.691501
21,60,0.691214
21,61,0.691095
21,62,0.691245
21,63,0.691755
21,64,0.692669
21,65,0.693956
21,66,0.695505
21,67,0.697138
21,68,0.698645
21,69,0.699839
21,70,0.700579
21,71,0.700802
21,72,0.700529
21,73,0.699842
21,74,0.698869
21,75,0.697752
21,76,0.696624
21,77,0.695593
21,78,0.694726
21,79,0.694067
21,80,0.693633
21,81,0.693426
21,82,0.693445
21,83,0.693687
21,84,0.694153
21,85,0.694852
21,86,0.695794
21,87,0.696999
21,88,0.698469
21,89,0.700188
21,90,0.702091
21,91,0.704067
21,92,0.70596
21,93,0.707592
21,94,0.708793
21,95,0.709429
22,0,0.6858
22,1,0.686771
22,2,0.688583
22,3,0.691005
22,4,0.693752
22,5,0.696541
22,6,0.699141
22,7,0.7014
22,8,0.70324
22,9,0.704636
22,10,0.705573
22,11,0.706016
22,12,0.705906
22,13,0.705185
22,14,0.703819
22,15,0.70185
22,16,0.699406
22,17,0.696704
22,18,0.694022
22,19,0.691667
22,20,0.689932
22,21,0.689053
22,22,0.689185
22,23,0.69037
22,24,0.692536
22,25,0.695503
22,26,0.699003
22,27,0.702718
22,28,0.70631
22,29,0.709458
22,30,0.711891
22,31,0.713423
22,32,0.713968
22,33,0.713554
22,34,0.712317
22,35,0.710465
22,36,0.708245
22,37,0.705905
22,38,0.703663
22,39,0.701693
22,40,0.700128
22,41,0.699051
22,42,0.698485
22,43,0.698386
22,44,0.698637
22,45,0.699054
22,46,0.699428
22,47,0.699571
22,48,0.699363
22,49,0.698783
22,50,0.697905
22,51,0.696863
22,52,0.695809
22,53,0.69487
22,54,0.694112
22,55,0.693535
22,56,0.693088
22,57,0.692699
22,58,0.692304
22,59,0.691891
22,60,0.691505
22,61,0.69126
22,62,0.691297
22,63,0.691744
22,64,0.692662
22,65,0.694018
22,66,0.695679
22,67,0.69744
22,68,0.699076
22,69,0.700395
22,70,0.701272
22,71,0.701662
22,72,0.701598
22,73,0.701152
22,74,0.700416
22,75,0.699479
22,76,0.698419
22,77,0.697297
22,78,0.696164
22,79,0.695071
22,80,0.694073
22,81,0.693221
22,82,0.692569
22,83,0.69216
22,84,0.69203
22,85,0.692214
22,86,0.692743
22,87,0.693651
22,88,0.694955
22,89,0.696644
22,90,0.698648
22,91,0.700832
22,92,0.703
22,93,0.704917
22,94,0.706352
22,95,0.70712
23,0,0.687333
23,1,0.688301
23,2,0.690099
23,3,0.692476
23,4,0.695131
23,5,0.697775
23,6,0.700183
23,7,0.702223
23,8,0.703843
23,9,0.705047
23,10,0.705841
23,11,0.706201
23,12,0.706068
23,13,0.705375
23,14,0.704073
23,15,0.702192
23,16,0.699846
23,17,0.697236
23,18,0.694629
23,19,0.692318
23,20,0.690583
23,21,0.689653
23,22,0.689681
23,23,0.690726
23,24,0.692733
23,25,0.695551
23,26,0.698936
23,27,0.702588
23,28,0.706179
23,29,0.709397
23,30,0.711979
23,31,0.713747
23,32,0.714625
23,33,0.714644
23,34,0.713928
23,35,0.712658
23,36,0.711032
23,37,0.709238
23,38,0.707429
23,39,0.705724
23,40,0.704217
23,41,0.702985
23,42,0.702071
23,43,0.701479
23,44,0.701155
23,45,0.700984
23,46,0.70081
23,47,0.700483
23,48,0.699898
23,49,0.699031
23,50,0.697945
23,51,0.696763
23,52,0.695631
23,53,0.694675
23,54,0.693961
23,55,0.693484
23,56,0.69318
23,57,0.692954
23,58,0.692718
23,59,0.692438
23,60,0.692152
23,61,0.691979
23,62,0.692072
23,63,0.692575
23,64,0.693557
23,65,0.694982
23,66,0.696704
23,67,0.698511
23,68,0.700175
23,69,0.701518
23,70,0.702439
23,71,0.70292
23,72,0.703005
23,73,0.702755
23,74,0.702225
23,75,0.701448
23,76,0.700439
23,77,0.699212
23,78,0.697794
23,79,0.696248
23,80,0.694665
23,81,0.693154
23,82,0.691826
23,83,0.690777
23,84,0.690084
23,85,0.689801
23,86,0.689968
23,87,0.690618
23,88,0.691757
23,89,0.693364
23,90,0.695353
23,91,0.697574
23,92,0.699811
23,93,0.701807
23,94,0.70331
23,95,0.704118
24,0,0.689134
24,1,0.690131
24,2,0.691971
24,3,0.694373
24,4,0.697004
24,5,0.699552
24,6,0.701786
24,7,0.703583
24,8,0.704919
24,9,0.705834
24,10,0.706371
24,11,0.70654
24,12,0.706304
24,13,0.705607
24,14,0.704398
24,15,0.702691
24,16,0.700571
24,17,0.698208
24,18,0.695829
24,19,0.693688
24,20,0.692037
24,21,0.691085
24,22,0.690986
24,23,0.691812
24,24,0.69354
24,25,0.696047
24,26,0.699124
24,27,0.7025
24,28,0.705871
24,29,0.708949
24,30,0.711495
24,31,0.713355
24,32,0.714467
24,33,0.714864
24,34,0.714651
24,35,0.713968
24,36,0.712951
24,37,0.711719
24,38,0.710357
24,39,0.708932
24,40,0.707507
24,41,0.706157
24,42,0.704952
24,43,0.703943
24,44,0.703136
24,45,0.702475
24,46,0.701853
24,47,0.701148
24,48,0.700261
24,49,0.699161
24,50,0.697895
24,51,0.696574
24,52,0.69534
24,53,0.694329
24,54,0.69362
24,55,0.693224
24,56,0.693079
24,57,0.693083
24,58,0.693128
24,59,0.693152
24,60,0.693163
24,61,0.693258
24,62,0.693573
24,63,0.694243
24,64,0.695334
24,65,0.696806
24,66,0.698517
24,67,0.70026
24,68,0.701824
24,69,0.703062
24,70,0.703906
24,71,0.704369
24,72,0.70451
24,73,0.704382
24,74,0.704005
24,75,0.703353
24,76,0.702382
24,77,0.701052
24,78,0.699366
24,79,0.697389
24,80,0.695251
24,81,0.693113
24,82,0.691153
24,83,0.689525
24,84,0.688344
24,85,0.687685
24,86,0.687584
24,87,0.688053
24,88,0.689069
24,89,0.690578
24,90,0.69247
24,91,0.694584
24,92,0.696704
24,93,0.698588
24,94,0.700001
24,95,0.700759
25,0,0.690932
25,1,0.691977
25,2,0.693892
25,3,0.696363
25,4,0.699016
25,5,0.701507
25,6,0.703584
25,7,0.705128
25,8,0.706137
25,9,0.706691
25,10,0.706886
25,11,0.706781
25,12,0.706387
25,13,0.705673
25,14,0.704598
25,15,0.703155
25,16,0.701397
25,17,0.699435
25,18,0.697435
25,19,0.695596
25,20,0.694121
25,21,0.693196
25,22,0.692971
25,23,0.693535
25,24,0.694893
25,25,0.696959
25,26,0.699561
25,27,0.702463
25,28,0.705399
25,29,0.708123
25,30,0.710435
25,31,0.712218
25,32,0.713438
25,33,0.71413
25,34,0.714371
25,35,0.714249
25,36,0.71383
25,37,0.713157
25,38,0.712244
25,39,0.71111
25,40,0.709793
25,41,0.708371
25,42,0.706941
25,43,0.7056
25,44,0.704408
25,45,0.703362
25,46,0.702394
25,47,0.701407
25,48,0.700304
25,49,0.699043
25,50,0.697652
25,51,0.696229
25,52,0.69491
25,53,0.693844
25,54,0.693132
25,55,0.692814
25,56,0.692847
25,57,0.693137
25,58,0.693562
25,59,0.694027
25,60,0.694497
25,61,0.69502
25,62,0.69569
25,63,0.696612
25,64,0.697837
25,65,0.699322
25,66,0.700938
25,67,0.7025
25,68,0.703835
25,69,0.704833
25,70,0.70547
25,71,0.705795
25,72,0.705887
25,73,0.705792
25,74,0.705499
25,75,0.70493
25,76,0.703982
25,77,0.702563
25,78,0.700643
25,79,0.698289
25,80,0.695657
25,81,0.692965
25,82,0.690455
25,83,0.688341
25,84,0.686781
25,85,0.685867
25,86,0.685622
25,87,0.68602
25,88,0.686986
25,89,0.688418
25,90,0.690171
25,91,0.692076
25,92,0.693938
25,93,0.695557
25,94,0.696752
25,95,0.697387
26,0,0.692528
26,1,0.693623
26,2,0.695618
26,3,0.698166
26,4,0.700854
26,5,0.7033
26,6,0.705229
26,7,0.706515
26,8,0.707175
26,9,0.707329
26,10,0.707131
26,11,0.706706
26,12,0.706123
26,13,0.705396
26,14,0.704499
26,15,0.703409
26,16,0.702131
26,17,0.700707
26,18,0.699226
26,19,0.697812
26,20,0.696611
26,21,0.695778
26,22,0.695457
26,23,0.695751
26,24,0.696694
26,25,0.698234
26,26,0.700235
26,27,0.702505
26,28,0.704821
26,29,0.706993
26,30,0.708879
26,31,0.710417
26,32,0.711605
26,33,0.712483
26,34,0.713101
26,35,0.713486
26,36,0.713627
26,37,0.713487
26,38,0.713014
26,39,0.712176
26,40,0.710994
26,41,0.709548
26,42,0.707965
26,43,0.706379
26,44,0.704899
26,45,0.703565
26,46,0.702349
26,47,0.70117
26,48,0.699939
26,49,0.698598
26,50,0.697159
26,51,0.6957
26,52,0.694352
26,53,0.693271
26,54,0.692584
26,55,0.692361
26,56,0.692594
26,57,0.693204
26,58,0.694066
26,59,0.695053
26,60,0.696078
26,61,0.697123
26,62,0.698225
26,63,0.699441
26,64,0.700796
26,65,0.702249
26,66,0.703689
26,67,0.704967
26,68,0.705957
26,69,0.706597
26,70,0.706914
26,71,0.706994
26,72,0.706937
26,73,0.706791
26,74,0.706518
26,75,0.705994
26,76,0.70506
26,77,0.703571
26,78,0.701465
26,79,0.698799
26,80,0.695756
26,81,0.692603
26,82,0.689645
26,83,0.687156
26,84,0.685341
26,85,0.684303
26,86,0.684043
26,87,0.684486
26,88,0.685492
26,89,0.686894
26,90,0.688506
26,91,0.690155
26,92,0.691677
26,93,0.692939
26,94,0.693835
26,95,0.6943
27,0,0.693803
27,1,0.694933
27,2,0.696983
27,3,0.699583
27,4,0.702284
27,5,0.704674
27,6,0.706451
27,7,0.707479
27,8,0.70779
27,9,0.707539
27,10,0.706938
27,11,0.706182
27,12,0.705409
27,13,0.704685
27,14,0.704006
27,15,0.703334
27,16,0.702625
27,17,0.701844
27,18,0.700988
27,19,0.7001
27,20,0.699262
27,21,0.698593
27,22,0.698226
27,23,0.698277
27,24,0.698805
27,25,0.699788
27,26,0.701124
27,27,0.702661
27,28,0.704229
27,29,0.705701
27,30,0.707007
27,31,0.708148
27,32,0.709165
27,33,0.71011
27,34,0.711002
27,35,0.711809
27,36,0.712444
27,37,0.712789
27,38,0.712726
27,39,0.712182
27,40,0.711159
27,41,0.70974
27,42,0.708075
27,43,0.706333
27,44,0.704659
27,45,0.703133
27,46,0.701757
27,47,0.70047
27,48,0.699188
27,49,0.697849
27,50,0.696446
27,51,0.695037
27,52,0.693742
27,53,0.692718
27,54,0.692109
27,55,0.692018
27,56,0.692469
27,57,0.693407
27,58,0.69471
27,59,0.696224
27,60,0.697811
27,61,0.699388
27,62,0.700922
27,63,0.702417
27,64,0.703869
27,65,0.705235
27,66,0.706428
27,67,0.707343
27,68,0.707904
27,69,0.708104
27,70,0.70802
27,71,0.707778
27,72,0.707503
27,73,0.707244
27,74,0.706946
27,75,0.706444
27,76,0.705528
27,77,0.704
27,78,0.701762
27,79,0.698861
27,80,0.695497
27,81,0.691984
27,82,0.688686
27,83,0.685936
27,84,0.683978
27,85,0.682928
27,86,0.682762
27,87,0.683346
27,88,0.68447
27,89,0.685897
27,90,0.687398
27,91,0.688794
27,92,0.689961
27,93,0.690839
27,94,0.691411
27,95,0.691691
28,0,0.694735
28,1,0.695874
28,2,0.697935
28,3,0.700532
28,4,0.703198
28,5,0.705496
28,6,0.707105
28,7,0.707879
28,8,0.707857
28,9,0.707226
28,10,0.706249
28,11,0.705189
28,12,0.704251
28,13,0.703555
28,14,0.703123
28,15,0.702907
28,16,0.702812
28,17,0.702726
28,18,0.702555
28,19,0.702256
28,20,0.701845
28,21,0.7014
28,22,0.701047
28,23,0.700908
28,24,0.701063
28,25,0.701515
28,26,0.70219
28,27,0.702972
28,28,0.703742
28,29,0.704439
28,30,0.705068
28,31,0.7057
28,32,0.706427
28,33,0.707315
28,34,0.708361
28,35,0.70948
28,36,0.710512
28,37,0.711266
28,38,0.711566
28,39,0.7113
28,40,0.710453
28,41,0.709111
28,42,0.707439
28,43,0.70563
28,44,0.703857
28,45,0.702229
28,46,0.700774
28,47,0.699452
28,48,0.698191
28,49,0.696924
28,50,0.695635
28,51,0.694364
28,52,0.693214
28,53,0.692333
28,54,0.691874
28,55,0.691957
28,56,0.692636
28,57,0.693879
28,58,0.69557
28,59,0.69754
28,60,0.699609
28,61,0.701635
28,62,0.703521
28,63,0.705222
28,64,0.706704
28,65,0.707922
28,66,0.708813
28,67,0.709316
28,68,0.709404
28,69,0.709125
28,70,0.708604
28,71,0.708008
28,72,0.707485
28,73,0.707091
28,74,0.706756
28,75,0.706279
28,76,0.705403
28,77,0.70388
28,78,0.701576
28,79,0.698522
28,80,0.694933
28,81,0.69116
28,82,0.687622
28,83,0.684704
28,84,0.682689
28,85,0.681699
28,86,0.681684
28,87,0.68246
28,88,0.683745
28,89,0.68524
28,90,0.686672
28,91,0.68786
28,92,0.688716
28,93,0.689249
28,94,0.689526
28,95,0.689638
29,0,0.695399
29,1,0.696515
29,2,0.698529
29,3,0.701054
29,4,0.703616
29,5,0.705769
29,6,0.707183
29,7,0.707705
29,8,0.707382
29,9,0.706422
29,10,0.705129
29,11,0.703823
29,12,0.702767
29,13,0.702131
29,14,0.701961
29,15,0.702201
29,16,0.702713
29,17,0.703314
29,18,0.703826
29,19,0.704123
29,20,0.70416
29,21,0.703978
29,22,0.70369
29,23,0.703427
29,24,0.703285
29,25,0.703285
29,26,0.703375
29,27,0.703466
29,28,0.703481
29,29,0.703417
29,30,0.703351
29,31,0.703421
29,32,0.703772
29,33,0.704493
29,34,0.705566
29,35,0.706864
29,36,0.708168
29,37,0.709228
29,38,0.709818
29,39,0.709795
29,40,0.70913
29,41,0.707907
29,42,0.706299
29,43,0.704512
29,44,0.702735
29,45,0.701094
29,46,0.699639
29,47,0.698348
29,48,0.697164
29,49,0.696028
29,50,0.694916
29,51,0.693858
29,52,0.692936
29,53,0.692283
29,54,0.692042
29,55,0.692339
29,56,0.69324
29,57,0.694732
29,58,0.696709
29,59,0.698994
29,60,0.701384
29,61,0.703696
29,62,0.705787
29,63,0.70757
29,64,0.70899
29,65,0.709998
29,66,0.710553
29,67,0.710629
29,68,0.710245
29,69,0.709499
29,70,0.708556
29,71,0.707621
29,72,0.706865
29,73,0.706354
29,74,0.706002
29,75,0.705582
29,76,0.704789
29,77,0.703332
29,78,0.701038
29,79,0.697921
29,80,0.694202
29,81,0.690265
29,82,0.686572
29,83,0.683552
29,84,0.681519
29,85,0.680602
29,86,0.680735
29,87,0.681689
29,88,0.683131
29,89,0.684708
29,90,0.686117
29,91,0.687167
29,92,0.687801
29,93,0.688081
29,94,0.688139
29,95,0.688123
30,0,0.695936
30,1,0.696995
30,2,0.698901
30,3,0.701275
30,4,0.703656
30,5,0.705602
30,6,0.706786
30,7,0.70706
30,8,0.706475
30,9,0.705255
30,10,0.703732
30,11,0.702262
30,12,0.701154
30,13,0.700611
30,14,0.700702
30,15,0.701362
30,16,0.702422
30,17,0.703638
30,18,0.704763
30,19,0.705603
30,20,0.706056
30,21,0.706135
30,22,0.705945
30,23,0.705625
30,24,0.705282
30,25,0.704954
30,26,0.704597
30,27,0.70414
30,28,0.703532
30,29,0.702813
30,30,0.702116
30,31,0.701639
30,32,0.701575
30,33,0.70204
30,34,0.703014
30,35,0.704344
30,36,0.705772
30,37,0.707006
30,38,0.707787
30,39,0.70795
30,40,0.707455
30,41,0.706382
30,42,0.704904
30,43,0.703225
30,44,0.701539
30,45,0.699976
30,46,0.698597
30,47,0.697399
30,48,0.696339
30,49,0.695373
30,50,0.694483
30,51,0.693689
30,52,0.693055
30,53,0.692691
30,54,0.69272
30,55,0.693252
30,56,0.694351
30,57,0.696011
30,58,0.698132
30,59,0.700548
30,60,0.703049
30,61,0.705435
30,62,0.707543
30,63,0.709261
30,64,0.710518
30,65,0.711265
30,66,0.711476
30,67,0.711149
30,68,0.71034
30,69,0.709181
30,70,0.707877
30,71,0.706659
30,72,0.705723
30,73,0.70514
30,74,0.704819
30,75,0.704504
30,76,0.703854
30,77,0.702533
30,78,0.700333
30,79,0.697246
30,80,0.693495
30,81,0.689482
30,82,0.685698
30,83,0.682607
30,84,0.680546
30,85,0.679658
30,86,0.67987
30,87,0.680931
30,88,0.682478
30,89,0.684126
30,90,0.685548
30,91,0.686548
30,92,0.687078
30,93,0.68723
30,94,0.687172
30,95,0.687089
31,0,0.696517
31,1,0.697487
31,2,0.699225
31,3,0.701372
31,4,0.70349
31,5,0.705163
31,6,0.706081
31,7,0.706107
31,8,0.705304
31,9,0.703904
31,10,0.702249
31,11,0.700714
31,12,0.699627
31,13,0.699212
31,14,0.699546
31,15,0.700562
31,16,0.702063
31,17,0.703768
31,18,0.705376
31,19,0.706643
31,20,0.707429
31,21,0.707727
31,22,0.70764
31,23,0.707317
31,24,0.706878
31,25,0.706369
31,26,0.705749
31,27,0.704947
31,28,0.703918
31,29,0.702725
31,30,0.701535
31,31,0.700589
31,32,0.700122
31,33,0.700275
31,34,0.701039
31,35,0.702255
31,36,0.703645
31,37,0.704902
31,38,0.705751
31,39,0.70602
31,40,0.705664
31,41,0.704757
31,42,0.703463
31,43,0.701975
31,44,0.700471
31,45,0.699074
31,46,0.697847
31,47,0.696796
31,48,0.695898
31,49,0.695127
31,50,0.694477
31,51,0.69397
31,52,0.693654
31,53,0.693611
31,54,0.693931
31,55,0.694694
31,56,0.695945
31,57,0.697671
31,58,0.699783
31,59,0.702129
31,60,0.704517
31,61,0.706759
31,62,0.708693
31,63,0.710206
31,64,0.711219
31,65,0.711682
31,66,0.711575
31,67,0.71091
31,68,0.709762
31,69,0.708286
31,70,0.706712
31,71,0.705295
31,72,0.704247
31,73,0.703651
31,74,0.703409
31,75,0.703248
31,76,0.702796
31,77,0.701678
31,78,0.699654
31,79,0.696689
31,80,0.692997
31,81,0.688984
31,82,0.685154
31,83,0.681994
31,84,0.67986
31,85,0.678914
31,86,0.679092
31,87,0.68015
31,88,0.681721
31,89,0.68341
31,90,0.684878
31,91,0.685918
31,92,0.686475
31,93,0.686639
31,94,0.686584
31,95,0.686499
32,0,0.697309
32,1,0.698159
32,2,0.699672
32,3,0.701518
32,4,0.703296
32,5,0.704628
32,6,0.705239
32,7,0.705017
32,8,0.704039
32,9,0.702538
32,10,0.700854
32,11,0.699356
32,12,0.698366
32,13,0.698108
32,14,0.698659
32,15,0.699944
32,16,0.701753
32,17,0.703782
32,18,0.705701
32,19,0.707239
32,20,0.708235
32,21,0.708676
32,22,0.708672
32,23,0.708384
32,24,0.707946
32,25,0.707408
32,26,0.70672
32,27,0.705798
32,28,0.704588
32,29,0.703145
32,30,0.701649
32,31,0.700363
32,32,0.699547
32,33,0.699368
32,34,0.699836
32,35,0.700802
32,36,0.701997
32,37,0.703118
32,38,0.703901
32,39,0.704182
32,40,0.703919
32,41,0.703182
32,42,0.702116
32,43,0.700892
32,44,0.699656
32,45,0.69851
32,46,0.697504
32,47,0.696648
32,48,0.695937
32,49,0.695368
32,50,0.694955
32,51,0.694727
32,52,0.694722
32,53,0.694994
32,54,0.69559
32,55,0.696551
32,56,0.697888
32,57,0.699574
32,58,0.701526
32,59,0.703621
32,60,0.7057
32,61,0.707611
32,62,0.70922
32,63,0.710426
32,64,0.711155
32,65,0.711355
32,66,0.710999
32,67,0.710097
32,68,0.708729
32,69,0.707056
32,70,0.70532
32,71,0.703793
32,72,0.702699
32,73,0.702133
32,74,0.702002
32,75,0.702022
32,76,0.701799
32,77,0.700933
32,78,0.699149
32,79,0.696385
32,80,0.692831
32,81,0.688881
32,82,0.685037
32,83,0.681791
32,84,0.67952
32,85,0.67841
32,86,0.67843
32,87,0.679365
32,88,0.680876
32,89,0.682578
32,90,0.684128
32,91,0.685302
32,92,0.686015
32,93,0.686329
32,94,0.686391
32,95,0.68637
33,0,0.698427
33,1,0.699129
33,2,0.700364
33,3,0.70184
33,4,0.703204
33,5,0.704132
33,6,0.704397
33,7,0.703925
33,8,0.702808
33,9,0.70128
33,10,0.699661
33,11,0.698293
33,12,0.69747
33,13,0.697394
33,14,0.698128
33,15,0.699588
33,16,0.701562
33,17,0.703739
33,18,0.705783
33,19,0.707419
33,20,0.708484
33,21,0.708974
33,22,0.709014
33,23,0.70878
33,24,0.708418
33,25,0.707979
33,26,0.7074
33,27,0.706571
33,28,0.705409
33,29,0.703946
33,30,0.702346
33,31,0.700872
33,32,0.699796
33,33,0.699302
33,34,0.699422
33,35,0.700034
33,36,0.700897
33,37,0.701739
33,38,0.702328
33,39,0.702526
33,40,0.702307
33,41,0.701736
33,42,0.700936
33,43,0.700038
33,44,0.699146
33,45,0.698323
33,46,0.697596
33,47,0.696972
33,48,0.696459
33,49,0.696082
33,50,0.695877
33,51,0.69589
33,52,0.696153
33,53,0.696693
33,54,0.697517
33,55,0.698614
33,56,0.699959
33,57,0.701504
33,58,0.703175
33,59,0.704881
33,60,0.706516
33,61,0.707978
33,62,0.709178
33,63,0.710043
33,64,0.710507
33,65,0.710511
33,66,0.710013
33,67,0.709007
33,68,0.707556
33,69,0.705815
33,70,0.704024
33,71,0.70246
33,72,0.701363
33,73,0.70084
33,74,0.700812
33,75,0.700999
33,76,0.701002
33,77,0.700401
33,78,0.698894
33,79,0.696385
33,80,0.693031
33,81,0.689195
33,82,0.685358
33,83,0.682011
33,84,0.679544
33,85,0.67818
33,86,0.677937
33,87,0.678658
33,88,0.680048
33,89,0.681753
33,90,0.68343
33,91,0.684827
33,92,0.685816
33,93,0.686402
33,94,0.68668
33,95,0.686777
34,0,0.699913
34,1,0.70044
34,2,0.70135
34,3,0.702392
34,4,0.703275
34,5,0.703741
34,6,0.703624
34,7,0.702896
34,8,0.701671
34,9,0.700175
34,10,0.698697
34,11,0.697535
34,12,0.696936
34,13,0.69706
34,14,0.697946
34,15,0.699499
34,16,0.701508
34,17,0.703674
34,18,0.705673
34,19,0.707246
34,20,0.708246
34,21,0.70869
34,22,0.708723
34,23,0.708539
34,24,0.708295
34,25,0.70804
34,26,0.707695
34,27,0.707118
34,28,0.706188
34,29,0.704896
34,30,0.703375
34,31,0.701868
34,32,0.700638
34,33,0.699879
34,34,0.699643
34,35,0.699841
34,36,0.700276
34,37,0.70073
34,38,0.701023
34,39,0.701064
34,40,0.700849
34,41,0.700442
34,42,0.699939
34,43,0.699422
34,44,0.698937
34,45,0.698496
34,46,0.698091
34,47,0.697719
34,48,0.697401
34,49,0.697185
34,50,0.69714
34,51,0.697326
34,52,0.697781
34,53,0.698509
34,54,0.699476
34,55,0.700627
34,56,0.701897
34,57,0.703219
34,58,0.704531
34,59,0.705778
34,60,0.70691
34,61,0.70789
34,62,0.70868
34,63,0.709239
34,64,0.709513
34,65,0.709431
34,66,0.708927
34,67,0.707961
34,68,0.706569
34,69,0.704881
34,70,0.703123
34,71,0.701574
34,72,0.70048
34,73,0.699973
34,74,0.699995
34,75,0.70029
34,76,0.700467
34,77,0.700102
34,78,0.698873
34,79,0.696646
34,80,0.693533
34,81,0.68985
34,82,0.686047
34,83,0.682597
34,84,0.679906
34,85,0.678238
34,86,0.677679
34,87,0.678141
34,88,0.679394
34,89,0.681118
34,90,0.682973
34,91,0.684674
34,92,0.686033
34,93,0.686983
34,94,0.687549
34,95,0.687804
35,0,0.701719
35,1,0.702049
35,2,0.702591
35,3,0.703146
35,4,0.703492
35,5,0.703447
35,6,0.702917
35,7,0.701925
35,8,0.700607
35,9,0.699182
35,10,0.697897
35,11,0.696995
35,12,0.69666
35,13,0.696998
35,14,0.698015
35,15,0.699602
35,16,0.701555
35,17,0.703594
35,18,0.705422
35,19,0.70681
35,20,0.707641
35,21,0.707959
35,22,0.707933
35,23,0.707775
35,24,0.707652
35,25,0.70761
35,26,0.707553
35,27,0.707309
35,28,0.706717
35,29,0.705723
35,30,0.704417
35,31,0.703006
35,32,0.701731
35,33,0.700779
35,34,0.700218
35,35,0.699993
35,36,0.699963
35,37,0.699975
35,38,0.699919
35,39,0.699762
35,40,0.699535
35,41,0.699304
35,42,0.699131
35,43,0.69904
35,44,0.69901
35,45,0.698992
35,46,0.698935
35,47,0.698819
35,48,0.698674
35,49,0.698573
35,50,0.698615
35,51,0.698886
35,52,0.699428
35,53,0.700233
35,54,0.701237
35,55,0.702346
35,56,0.703463
35,57,0.70451
35,58,0.705434
35,59,0.706219
35,60,0.706873
35,61,0.707417
35,62,0.707867
35,63,0.708214
35,64,0.708412
35,65,0.708374
35,66,0.708001
35,67,0.707215
35,68,0.706007
35,69,0.704471
35,70,0.702812
35,71,0.701297
35,72,0.700185
35,73,0.699631
35,74,0.699616
35,75,0.69992
35,76,0.70018
35,77,0.699986
35,78,0.698998
35,79,0.69705
35,80,0.694198
35,81,0.690703
35,82,0.686966
35,83,0.683439
35,84,0.680541
35,85,0.678581
35,86,0.677714
35,87,0.677932
35,88,0.679074
35,89,0.680858
35,90,0.682944
35,91,0.685009
35,92,0.686798
35,93,0.688165
35,94,0.689059
35,95,0.689495
36,0,0.70372
36,1,0.703836
36,2,0.703979
36,3,0.704008
36,4,0.703776
36,5,0.703184
36,6,0.702215
36,7,0.700946
36,8,0.699539
36,9,0.698199
36,10,0.697133
36,11,0.696518
36,12,0.696472
36,13,0.69704
36,14,0.698187
36,15,0.699788
36,16,0.701644
36,17,0.703499
36,18,0.70509
36,19,0.706225
36,20,0.706824
36,21,0.70696
36,22,0.706827
36,23,0.706654
36,24,0.706616
36,25,0.706754
36,26,0.706964
36,27,0.70705
36,28,0.706816
36,29,0.706169
36,30,0.705152
36,31,0.703928
36,32,0.702703
36,33,0.701646
36,34,0.700829
36,35,0.700227
36,36,0.699754
36,37,0.699331
36,38,0.698928
36,39,0.698578
36,40,0.698352
36,41,0.698319
36,42,0.698506
36,43,0.698876
36,44,0.699334
36,45,0.699762
36,46,0.700062
36,47,0.700192
36,48,0.700188
36,49,0.700145
36,50,0.700194
36,51,0.700444
36,52,0.700953
36,53,0.701708
36,54,0.702629
36,55,0.703598
36,56,0.704498
36,57,0.705245
36,58,0.705799
36,59,0.70618
36,60,0.706441
36,61,0.706655
36,62,0.706881
36,63,0.707137
36,64,0.707378
36,65,0.707504
36,66,0.70738
36,67,0.706881
36,68,0.70595
36,69,0.704639
36,70,0.703118
36,71,0.70164
36,72,0.700471
36,73,0.699794
36,74,0.699637
36,75,0.699834
36,76,0.700067
36,77,0.699952
36,78,0.699146
36,79,0.69745
36,80,0.694863
36,81,0.691585
36,82,0.687961
36,83,0.684417
36,84,0.681378
36,85,0.679195
36,86,0.67809
36,87,0.678133
36,88,0.679224
36,89,0.681117
36,90,0.683471
36,91,0.685924
36,92,0.688158
36,93,0.68995
36,94,0.691176
36,95,0.691793
37,0,0.705751
37,1,0.705643
37,2,0.705373
37,3,0.704856
37,4,0.704025
37,5,0.702866
37,6,0.701437
37,7,0.699874
37,8,0.698361
37,9,0.697095
37,10,0.696242
37,11,0.695917
37,12,0.696171
37,13,0.696989
37,14,0.698291
37,15,0.69993
37,16,0.701709
37,17,0.70339
37,18,0.704746
37,19,0.705619
37,20,0.705968
37,21,0.705896
37,22,0.705617
37,23,0.705376
37,24,0.705352
37,25,0.70559
37,26,0.705981
37,27,0.70632
37,28,0.70639
37,29,0.706066
37,30,0.705351
37,31,0.704362
37,32,0.703263
37,33,0.702191
37,34,0.701211
37,35,0.700319
37,36,0.69948
37,37,0.698688
37,38,0.69799
37,39,0.69749
37,40,0.697301
37,41,0.697496
37,42,0.698068
37,43,0.69892
37,44,0.69988
37,45,0.700762
37,46,0.701417
37,47,0.701779
37,48,0.701883
37,49,0.701844
37,50,0.701818
37,51,0.701944
37,52,0.702296
37,53,0.702872
37,54,0.703589
37,55,0.704325
37,56,0.704957
37,57,0.705405
37,58,0.705642
37,59,0.705712
37,60,0.7057
37,61,0.705715
37,62,0.705844
37,63,0.706122
37,64,0.706506
37,65,0.706879
37,66,0.707075
37,67,0.706927
37,68,0.706328
37,69,0.705283
37,70,0.703921
37,71,0.702475
37,72,0.701211
37,73,0.700343
37,74,0.699951
37,75,0.699931
37,76,0.700027
37,77,0.699893
37,78,0.699196
37,79,0.697709
37,80,0.695381
37,81,0.692346
37,82,0.688895
37,83,0.68542
37,84,0.682347
37,85,0.680059
37,86,0.678833
37,87,0.678799
37,88,0.679911
37,89,0.681951
37,90,0.684577
37,91,0.687397
37,92,0.690038
37,93,0.692213
37,94,0.693736
37,95,0.694514
38,0,0.707646
38,1,0.707319
38,2,0.706639
38,3,0.705581
38,4,0.704153
38,5,0.702421
38,6,0.700519
38,7,0.698635
38,8,0.696981
38,9,0.695751
38,10,0.695076
38,11,0.695022
38,12,0.695578
38,13,0.69667
38,14,0.698174
38,15,0.699915
38,16,0.701689
38,17,0.70327
38,18,0.704452
38,19,0.705111
38,20,0.705235
38,21,0.704954
38,22,0.704501
38,23,0.704134
38,24,0.704038
38,25,0.704266
38,26,0.704715
38,27,0.705183
38,28,0.70545
38,29,0.705374
38,30,0.704928
38,31,0.704184
38,32,0.70326
38,33,0.702255
38,34,0.701215
38,35,0.700147
38,36,0.699057
38,37,0.698
38,38,0.697096
38,39,0.696514
38,40,0.696406
38,41,0.696853
38,42,0.697819
38,43,0.69915
38,44,0.700608
38,45,0.701937
38,46,0.702942
38,47,0.703527
38,48,0.70372
38,49,0.703647
38,50,0.703486
38,51,0.7034
38,52,0.703489
38,53,0.703769
38,54,0.704175
38,55,0.704598
38,56,0.704925
38,57,0.705087
38,58,0.705071
38,59,0.704932
38,60,0.70477
38,61,0.704707
38,62,0.704844
38,63,0.705222
38,64,0.7058
38,65,0.706449
38,66,0.70698
38,67,0.707193
38,68,0.706938
38,69,0.706171
38,70,0.704979
38,71,0.703566
38,72,0.702193
38,73,0.701098
38,74,0.70041
38,75,0.700096
38,76,0.699968
38,77,0.699731
38,78,0.699071
38,79,0.697746
38,80,0.695661
38,81,0.692893
38,82,0.689679
38,83,0.686375
38,84,0.683399
38,85,0.681147
38,86,0.679932
38,87,0.679926
38,88,0.681119
38,89,0.683315
38,90,0.686175
38,91,0.689287
38,92,0.692243
38,93,0.694713
38,94,0.696464
38,95,0.697366
39,0,0.709285
39,1,0.708752
39,2,0.707687
39,3,0.706118
39,4,0.704117
39,5,0.701824
39,6,0.699438
39,7,0.697202
39,8,0.695357
39,9,0.694101
39,10,0.693549
39,11,0.693725
39,12,0.694572
39,13,0.695965
39,14,0.697732
39,15,0.699666
39,16,0.701543
39,17,0.703134
39,18,0.704247
39,19,0.704774
39,20,0.70473
39,21,0.704265
39,22,0.703627
39,23,0.703085
39,24,0.702835
39,25,0.702942
39,26,0.703319
39,27,0.703784
39,28,0.704128
39,29,0.704206
39,30,0.703969
39,31,0.703454
39,32,0.702731
39,33,0.701858
39,34,0.700857
39,35,0.699734
39,36,0.69852
39,37,0.697318
39,38,0.696308
39,39,0.695713
39,40,0.69572
39,41,0.696421
39,42,0.697759
39,43,0.699539
39,44,0.701464
39,45,0.703223
39,46,0.704572
39,47,0.705383
39,48,0.705668
39,49,0.705555
39,50,0.705233
39,51,0.704885
39,52,0.704636
39,53,0.704533
39,54,0.704543
39,55,0.704586
39,56,0.704578
39,57,0.704469
39,58,0.704254
39,59,0.703988
39,60,0.703771
39,61,0.703718
39,62,0.703926
39,63,0.704436
39,64,0.705206
39,65,0.706106
39,66,0.706936
39,67,0.707474
39,68,0.707537
39,69,0.707039
39,70,0.706023
39,71,0.704658
39,72,0.703191
39,73,0.701873
39,74,0.700878
39,75,0.700239
39,76,0.699839
39,77,0.699437
39,78,0.698753
39,79,0.697542
39,80,0.695678
39,81,0.693193
39,82,0.690274
39,83,0.687242
39,84,0.68449
39,85,0.682413
39,86,0.681333
39,87,0.681441
39,88,0.682745
39,89,0.685067
39,90,0.688076
39,91,0.691358
39,92,0.694495
39,93,0.697133
39,94,0.699016
39,95,0.699992
40,0,0.710598
40,1,0.709883
40,2,0.708478
40,3,0.706449
40,4,0.703923
40,5,0.701098
40,6,0.69823
40,7,0.695611
40,8,0.693518
40,9,0.692164
40,10,0.691662
40,11,0.692014
40,12,0.69313
40,13,0.69484
40,14,0.696927
40,15,0.699144
40,16,0.701236
40,17,0.70296
40,18,0.704119
40,19,0.704616
40,20,0.704479
40,21,0.703873
40,22,0.703058
40,23,0.702316
40,24,0.701854
40,25,0.701755
40,26,0.701961
40,27,0.702315
40,28,0.702632
40,29,0.702775
40,30,0.702686
40,31,0.702371
40,32,0.70186
40,33,0.70117
40,34,0.700291
40,35,0.699221
40,36,0.698003
40,37,0.696769
40,38,0.69574
40,39,0.69518
40,40,0.695308
40,41,0.696229
40,42,0.697882
40,43,0.700043
40,44,0.70238
40,45,0.704535
40,46,0.706222
40,47,0.707277
40,48,0.707686
40,49,0.707562
40,50,0.707095
40,51,0.706479
40,52,0.705862
40,53,0.705327
40,54,0.704884
40,55,0.704499
40,56,0.704127
40,57,0.703745
40,58,0.703358
40,59,0.703014
40,60,0.702796
40,61,0.702798
40,62,0.703098
40,63,0.703731
40,64,0.704654
40,65,0.705742
40,66,0.706798
40,67,0.707593
40,68,0.707923
40,69,0.70767
40,70,0.706833
40,71,0.705544
40,72,0.704025
40,73,0.70253
40,74,0.701265
40,75,0.700316
40,76,0.699632
40,77,0.699034
40,78,0.698279
40,79,0.697136
40,80,0.695466
40,81,0.693268
40,82,0.690689
40,83,0.688008
40,84,0.685587
40,85,0.683796
40,86,0.682944
40,87,0.683214
40,88,0.684622
40,89,0.687001
40,90,0.690039
40,91,0.693338
40,92,0.696493
40,93,0.699153
40,94,0.701059
40,95,0.702049
41,0,0.711553
41,1,0.710692
41,2,0.709007
41,3,0.706592
41,4,0.703609
41,5,0.700301
41,6,0.696968
41,7,0.69395
41,8,0.691558
41,9,0.690038
41,10,0.689512
41,11,0.689979
41,12,0.691327
41,13,0.693351
41,14,0.69579
41,15,0.698352
41,16,0.700745
41,17,0.7027
41,18,0.704006
41,19,0.704565
41,20,0.704411
41,21,0.703719
41,22,0.702759
41,23,0.701823
41,24,0.701134
41,25,0.700796
41,26,0.70078
41,27,0.700963
41,28,0.70119
41,29,0.701341
41,30,0.701353
41,31,0.701212
41,32,0.700913
41,33,0.700436
41,34,0.699743
41,35,0.698813
41,36,0.697687
41,37,0.696509
41,38,0.69552
41,39,0.695013
41,40,0.69523
41,41,0.696299
41,42,0.698168
41,43,0.70061
41,44,0.703275
41,45,0.705777
41,46,0.707791
41,47,0.709115
41,48,0.709699
41,49,0.709628
41,50,0.709073
41,51,0.708229
41,52,0.707261
41,53,0.706286
41,54,0.705363
41,55,0.704515
41,56,0.703746
41,57,0.703069
41,58,0.702503
41,59,0.702089
41,60,0.701882
41,61,0.701945
41,62,0.70233
41,63,0.703055
41,64,0.704077
41,65,0.70528
41,66,0.706478
41,67,0.707449
41,68,0.707982
41,69,0.707936
41,70,0.707276
41,71,0.706093
41,72,0.704582
41,73,0.702984
41,74,0.701518
41,75,0.700312
41,76,0.699369
41,77,0.698567
41,78,0.697711
41,79,0.696597
41,80,0.695091
41,81,0.693172
41,82,0.690956
41,83,0.688681
41,84,0.686661
41,85,0.685225
41,86,0.684646
41,87,0.685086
41,88,0.686553
41,89,0.688892
41,90,0.691819
41,91,0.694971
41,92,0.697978
41,93,0.700512
41,94,0.70233
41,95,0.703276
42,0,0.712121
42,1,0.711154
42,2,0.709264
42,3,0.706554
42,4,0.703207
42,5,0.69949
42,6,0.695738
42,7,0.69233
42,8,0.689618
42,9,0.687884
42,10,0.687274
42,11,0.687796
42,12,0.689326
42,13,0.691631
42,14,0.694411
42,15,0.69733
42,16,0.700056
42,17,0.702289
42,18,0.703801
42,19,0.704485
42,20,0.70438
42,21,0.703664
42,22,0.702613
42,23,0.701529
42,24,0.700647
42,25,0.700092
42,26,0.699865
42,27,0.699876
42,28,0.7
42,29,0.700137
42,30,0.700227
42,31,0.700241
42,32,0.700151
42,33,0.699905
42,34,0.699438
42,35,0.698707
42,36,0.69774
42,37,0.696672
42,38,0.695751
42,39,0.695279
42,40,0.695523
42,41,0.696636
42,42,0.698595
42,43,0.70119
42,44,0.704076
42,45,0.706855
42,46,0.709173
42,47,0.710788
42,48,0.711604
42,49,0.711665
42,50,0.711107
42,51,0.71011
42,52,0.708846
42,53,0.707458
42,54,0.706057
42,55,0.704725
42,56,0.703524
42,57,0.702512
42,58,0.701732
42,59,0.701218
42,60,0.701004
42,61,0.701116
42,62,0.701569
42,63,0.702361
42,64,0.703441
42,65,0.704701
42,66,0.705971
42,67,0.707044
42,68,0.707713
42,69,0.70783
42,70,0.707332
42,71,0.70628
42,72,0.704832
42,73,0.703208
42,74,0.701626
42,75,0.700235
42,76,0.699078
42,77,0.698085
42,78,0.697113
42,79,0.695998
42,80,0.694624
42,81,0.692968
42,82,0.69112
42,83,0.689272
42,84,0.687685
42,85,0.686628
42,86,0.686324
42,87,0.686901
42,88,0.688355
42,89,0.690547
42,90,0.693228
42,91,0.696083
42,92,0.698794
42,93,0.701074
42,94,0.702709
42,95,0.703561
43,0,0.712212
43,1,0.711187
43,2,0.709177
43,3,0.706284
43,4,0.70269
43,5,0.698673
43,6,0.694589
43,7,0.690847
43,8,0.687838
43,9,0.685882
43,10,0.685157
43,11,0.685684
43,12,0.687337
43,13,0.689859
43,14,0.692919
43,15,0.696144
43,16,0.699166
43,17,0.701658
43,18,0.703379
43,19,0.704215
43,20,0.704203
43,21,0.703523
43,22,0.702455
43,23,0.701302
43,24,0.700307
43,25,0.699609
43,26,0.699236
43,27,0.699124
43,28,0.699177
43,29,0.699313
43,30,0.699478
43,31,0.69964
43,32,0.699751
43,33,0.699742
43,34,0.699523
43,35,0.699024
43,36,0.698252
43,37,0.697321
43,38,0.696466
43,39,0.69599
43,40,0.69618
43,41,0.697222
43,42,0.699134
43,43,0.701742
43,44,0.704728
43,45,0.707697
43,46,0.710275
43,47,0.712182
43,48,0.713274
43,49,0.713539
43,50,0.713067
43,51,0.712009
43,52,0.710526
43,53,0.70878
43,54,0.706925
43,55,0.705102
43,56,0.703438
43,57,0.702046
43,58,0.701002
43,59,0.700347
43,60,0.700095
43,61,0.700239
43,62,0.700753
43,63,0.701608
43,64,0.702733
43,65,0.704024
43,66,0.705324
43,67,0.706444
43,68,0.707192
43,69,0.707422
43,70,0.707061
43,71,0.706144
43,72,0.704797
43,73,0.703214
43,74,0.701594
43,75,0.70009
43,76,0.698774
43,77,0.697617
43,78,0.69653
43,79,0.695397
43,80,0.694133
43,81,0.692723
43,82,0.691233
43,83,0.689811
43,84,0.688652
43,85,0.687959
43,86,0.687898
43,87,0.688554
43,88,0.689916
43,89,0.69186
43,90,0.694182
43,91,0.696625
43,92,0.69893
43,93,0.700861
43,94,0.702245
43,95,0.702966
44,0,0.711673
44,1,0.71064
44,2,0.708608
44,3,0.70566
44,4,0.701967
44,5,0.697798
44,6,0.693515
44,7,0.689549
44,8,0.686323
44,9,0.684189
44,10,0.683353
44,11,0.683855
44,12,0.685566
44,13,0.688218
44,14,0.691452
44,15,0.694872
44,16,0.698088
44,17,0.700759
44,18,0.702638
44,19,0.703611
44,20,0.703715
44,21,0.703129
44,22,0.702127
44,23,0.701006
44,24,0.700009
44,25,0.699279
44,26,0.698858
44,27,0.698704
44,28,0.698742
44,29,0.69891
44,30,0.699161
44,31,0.699465
44,32,0.69977
44,33,0.69999
44,34,0.70002
44,35,0.699764
44,36,0.699198
44,37,0.698407
44,38,0.697602
44,39,0.697079
44,40,0.697139
44,41,0.698006
44,42,0.699746
44,43,0.702239
44,44,0.705204
44,45,0.708262
44,46,0.711034
44,47,0.713205
44,48,0.714583
44,49,0.715097
44,50,0.714783
44,51,0.713747
44,52,0.712129
44,53,0.710094
44,54,0.707829
44,55,0.705529
44,56,0.703389
44,57,0.701582
44,58,0.70023
44,59,0.699393
44,60,0.699077
44,61,0.699244
44,62,0.699829
44,63,0.700764
44,64,0.701952
44,65,0.703281
44,66,0.704598
44,67,0.705734
44,68,0.706516
44,69,0.706812
44,70,0.706551
44,71,0.705754
44,72,0.704524
44,73,0.703023
44,74,0.701424
44,75,0.699873
44,76,0.698452
44,77,0.697169
44,78,0.695985
44,79,0.694837
44,80,0.693677
44,81,0.692503
44,82,0.69136
44,83,0.690349
44,84,0.689594
44,85,0.68923
44,86,0.689359
44,87,0.690031
44,88,0.691227
44,89,0.692848
44,90,0.694738
44,91,0.6967
44,92,0.698538
44,93,0.700072
44,94,0.701169
44,95,0.70174
45,0,0.7103
45,1,0.709316
45,2,0.707365
45,3,0.704508
45,4,0.700886
45,5,0.696747
45,6,0.692446
45,7,0.688419
45,8,0.685107
45,9,0.682886
45,10,0.681983
45,11,0.682449
45,12,0.684159
45,13,0.686836
45,14,0.690112
45,15,0.693579
45,16,0.696844
45,17,0.699573
45,18,0.701524
45,19,0.702594
45,20,0.702822
45,21,0.702381
45,22,0.701531
45,23,0.700551
45,24,0.69967
45,25,0.699026
45,26,0.698664
45,27,0.698555
45,28,0.69864
45,29,0.698875
45,30,0.699224
45,31,0.699664
45,32,0.700145
45,33,0.700577
45,34,0.700841
45,35,0.700819
45,36,0.700453
45,37,0.699794
45,38,0.699021
45,39,0.698418
45,40,0.698299
45,41,0.69892
45,42,0.700401
45,43,0.702677
45,44,0.705514
45,45,0.70856
45,46,0.711437
45,47,0.713808
45,48,0.715438
45,49,0.716203
45,50,0.71608
45,51,0.715126
45,52,0.713444
45,53,0.711193
45,54,0.70858
45,55,0.705846
45,56,0.703246
45,57,0.70102
45,58,0.699341
45,59,0.6983
45,60,0.697905
45,61,0.698096
45,62,0.698768
45,63,0.699811
45,64,0.701093
45,65,0.702481
45,66,0.703823
45,67,0.704961
45,68,0.705746
45,69,0.706066
45,70,0.705863
45,71,0.705159
45,72,0.704041
45,73,0.70264
45,74,0.701104
45,75,0.699558
45,76,0.698089
45,77,0.69673
45,78,0.695488
45,79,0.694351
45,80,0.693311
45,81,0.692376
45,82,0.691576
45,83,0.690956
45,84,0.690576
45,85,0.690496
45,86,0.690763
45,87,0.691397
45,88,0.692377
45,89,0.693635
45,90,0.695064
45,91,0.696528
45,92,0.697891
45,93,0.699024
45,94,0.699834
45,95,0.700256
46,0,0.707922
46,1,0.707041
46,2,0.705279
46,3,0.702662
46,4,0.699294
46,5,0.69539
46,6,0.69128
46,7,0.68739
46,8,0.684161
46,9,0.681977
46,10,0.681076
46,11,0.681514
46,12,0.68317
46,13,0.685769
46,14,0.688944
46,15,0.6923
46,16,0.695459
46,17,0.698111
46,18,0.700042
46,19,0.701162
46,20,0.701517
46,21,0.701266
46,22,0.700645
46,23,0.699904
46,24,0.699244
46,25,0.698785
46,26,0.69857
46,27,0.698575
46,28,0.698756
46,29,0.699082
46,30,0.699534
46,31,0.700099
46,32,0.700732
46,33,0.701349
46,34,0.70182
46,35,0.702009
46,36,0.701827
46,37,0.701288
46,38,0.700542
46,39,0.699853
46,40,0.699541
46,41,0.699893
46,42,0.701076
46,43,0.703075
46,44,0.705704
46,45,0.708642
46,46,0.711522
46,47,0.713998
46,48,0.715803
46,49,0.716771
46,50,0.716826
46,51,0.715975
46,52,0.714283
46,53,0.711889
46,54,0.709009
46,55,0.705914
46,56,0.702914
46,57,0.700305
46,58,0.698318
46,59,0.697076
46,60,0.696599
46,61,0.696813
46,62,0.697577
46,63,0.698741
46,64,0.700134
46,65,0.701599
46,66,0.702974
46,67,0.70411
46,68,0.704879
46,69,0.705194
46,70,0.705019
46,71,0.704382
46,72,0.703362
46,73,0.702069
46,74,0.700623
46,75,0.699128
46,76,0.697668
46,77,0.696296
46,78,0.695055
46,79,0.693979
46,80,0.693095
46,81,0.692421
46,82,0.691965
46,83,0.691724
46,84,0.691689
46,85,0.691857
46,86,0.692224
46,87,0.692787
46,88,0.693533
46,89,0.694426
46,90,0.695412
46,91,0.696411
46,92,0.697338
46,93,0.698109
46,94,0.698663
46,95,0.698951
47,0,0.704474
47,1,0.703746
47,2,0.70227
47,3,0.700036
47,4,0.697102
47,5,0.693635
47,6,0.68993
47,7,0.686381
47,8,0.683411
47,9,0.681396
47,10,0.68057
47,11,0.680994
47,12,0.682551
47,13,0.684976
47,14,0.687924
47,15,0.691027
47,16,0.693944
47,17,0.696409
47,18,0.698243
47,19,0.699381
47,20,0.69987
47,21,0.699852
47,22,0.699524
47,23,0.699093
47,24,0.698724
47,25,0.698514
47,26,0.698496
47,27,0.698651
47,28,0.69895
47,29,0.699377
47,30,0.699926
47,31,0.700599
47,32,0.70136
47,33,0.702129
47,34,0.702775
47,35,0.703145
47,36,0.703127
47,37,0.702703
47,38,0.701991
47,39,0.701238
47,40,0.700763
47,41,0.700872
47,42,0.701766
47,43,0.703473
47,44,0.705846
47,45,0.708596
47,46,0.711373
47,47,0.713835
47,48,0.715703
47,49,0.716783
47,50,0.716961
47,51,0.716202
47,52,0.714532
47,53,0.712066
47,54,0.709014
47,55,0.705666
47,56,0.702367
47,57,0.699461
47,58,0.697221
47,59,0.695806
47,60,0.69525
47,61,0.69547
47,62,0.696304
47,63,0.697566
47,64,0.699053
47,65,0.700583
47,66,0.701983
47,67,0.703111
47,68,0.703857
47,69,0.704156
47,70,0.703994
47,71,0.703411
47,72,0.702484
47,73,0.701308
47,74,0.699978
47,75,0.698581
47,76,0.697193
47,77,0.695881
47,78,0.694717
47,79,0.693769
47,80,0.693092
47,81,0.692709
47,82,0.692606
47,83,0.692734
47,84,0.693024
47,85,0.693415
47,86,0.693863
47,87,0.694349
47,88,0.694875
47,89,0.695439
47,90,0.696037
47,91,0.696639
47,92,0.697204
47,93,0.697682
47,94,0.698031
47,95,0.698215
48,0,0.700073
48,1,0.699539
48,2,0.698428
48,3,0.696692
48,4,0.694341
48,5,0.691486
48,6,0.688368
48,7,0.685335
48,8,0.682774
48,9,0.681036
48,10,0.680343
48,11,0.680757
48,12,0.68217
48,13,0.684344
48,14,0.686965
48,15,0.689712
48,16,0.692297
48,17,0.694506
48,18,0.696205
48,19,0.697354
48,20,0.697999
48,21,0.698248
48,22,0.698255
48,23,0.698172
48,24,0.69812
48,25,0.698172
48,26,0.698354
48,27,0.698657
48,28,0.699069
48,29,0.69959
48,30,0.700229
48,31,0.700997
48,32,0.701866
48,33,0.702761
48,34,0.70355
48,35,0.704075
48,36,0.704205
48,37,0.703898
48,38,0.703247
48,39,0.702478
48,40,0.701902
48,41,0.701833
48,42,0.702488
48,43,0.703923
48,44,0.706019
48,45,0.708517
48,46,0.71109
48,47,0.713414
48,48,0.715214
48,49,0.716291
48,50,0.71651
48,51,0.715806
48,52,0.714175
48,53,0.711704
48,54,0.70859
48,55,0.705123
48,56,0.701664
48,57,0.698581
48,58,0.696174
48,59,0.694628
48,60,0.693992
48,61,0.694183
48,62,0.695028
48,63,0.696321
48,64,0.69784
48,65,0.699385
48,66,0.700781
48,67,0.701888
48,68,0.702609
48,69,0.702899
48,70,0.702759
48,71,0.702241
48,72,0.70142
48,73,0.700379
48,74,0.699198
48,75,0.697946
48,76,0.696695
48,77,0.695519
48,78,0.69451
48,79,0.693762
48,80,0.693345
48,81,0.693282
48,82,0.69354
48,83,0.694028
48,84,0.694626
48,85,0.695227
48,86,0.695755
48,87,0.696185
48,88,0.696532
48,89,0.696832
48,90,0.697124
48,91,0.697423
48,92,0.697722
48,93,0.697992
48,94,0.6982
48,95,0.698315
49,0,0.69503
49,1,0.694713
49,2,0.694015
49,3,0.692854
49,4,0.691184
49,5,0.689058
49,6,0.686652
49,7,0.684252
49,8,0.682195
49,9,0.680793
49,10,0.680254
49,11,0.680641
49,12,0.681866
49,13,0.683725
49,14,0.685954
49,15,0.68829
49,16,0.690505
49,17,0.692444
49,18,0.694016
49,19,0.695199
49,20,0.696029
49,21,0.696574
49,22,0.696931
49,23,0.697192
49,24,0.697436
49,25,0.697713
49,26,0.698054
49,27,0.698469
49,28,0.698967
49,29,0.699568
49,30,0.700293
49,31,0.701153
49,32,0.702124
49,33,0.703133
49,34,0.704049
49,35,0.704711
49,36,0.704982
49,37,0.704804
49,38,0.704251
49,39,0.703529
49,40,0.702934
49,41,0.702772
49,42,0.70326
49,43,0.704464
49,44,0.706282
49,45,0.70848
49,46,0.710761
49,47,0.712829
49,48,0.714434
49,49,0.715389
49,50,0.715558
49,51,0.714865
49,52,0.713282
49,53,0.710874
49,54,0.707812
49,55,0.704371
49,56,0.700906
49,57,0.697782
49,58,0.695309
49,59,0.69368
49,60,0.692955
49,61,0.693061
49,62,0.693828
49,63,0.69505
49,64,0.696504
49,65,0.697989
49,66,0.69933
49,67,0.700395
49,68,0.701095
49,69,0.701397
49,70,0.70131
49,71,0.700887
49,72,0.700202
49,73,0.699328
49,74,0.698332
49,75,0.697275
49,76,0.696222
49,77,0.695253
49,78,0.69447
49,79,0.693981
49,80,0.693864
49,81,0.69414
49,82,0.694755
49,83,0.695586
49,84,0.696476
49,85,0.697281
49,86,0.697904
49,87,0.698314
49,88,0.698545
49,89,0.698663
49,90,0.698746
49,91,0.698845
49,92,0.698978
49,93,0.699128
49,94,0.699261
49,95,0.69934
50,0,0.689821
50,1,0.689726
50,2,0.689456
50,3,0.688892
50,4,0.687941
50,5,0.686588
50,6,0.684941
50,7,0.683212
50,8,0.681678
50,9,0.680611
50,10,0.680198
50,11,0.680512
50,12,0.681496
50,13,0.682993
50,14,0.684798
50,15,0.686712
50,16,0.688572
50,17,0.690273
50,18,0.69176
50,19,0.693021
50,20,0.694068
50,21,0.694921
50,22,0.695611
50,23,0.696174
50,24,0.696648
50,25,0.697075
50,26,0.697501
50,27,0.697968
50,28,0.698516
50,29,0.699185
50,30,0.700001
50,31,0.70097
50,32,0.702059
50,33,0.703189
50,34,0.704231
50,35,0.705026
50,36,0.70544
50,37,0.70541
50,38,0.704998
50,39,0.70439
50,40,0.703861
50,41,0.703693
50,42,0.704088
50,43,0.705105
50,44,0.70665
50,45,0.708513
50,46,0.710428
50,47,0.712142
50,48,0.713445
50,49,0.714179
50,50,0.714225
50,51,0.713507
50,52,0.711984
50,53,0.709699
50,54,0.706795
50,55,0.703518
50,56,0.700191
50,57,0.697158
50,58,0.69471
50,59,0.69304
50,60,0.692214
50,61,0.692172
50,62,0.692766
50,63,0.693808
50,64,0.695091
50,65,0.69643
50,66,0.697662
50,67,0.698662
50,68,0.699348
50,69,0.699687
50,70,0.699689
50,71,0.699401
50,72,0.698888
50,73,0.698215
50,74,0.697439
50,75,0.696614
50,76,0.695804
50,77,0.695091
50,78,0.694581
50,79,0.694388
50,80,0.694591
50,81,0.695203
50,82,0.696157
50,83,0.697307
50,84,0.698471
50,85,0.69948
50,86,0.700221
50,87,0.700662
50,88,0.70085
50,89,0.700876
50,90,0.70085
50,91,0.70085
50,92,0.700912
50,93,0.701021
50,94,0.701138
50,95,0.701212
51,0,0.684999
51,1,0.685113
51,2,0.685248
51,3,0.685255
51,4,0.684991
51,5,0.684382
51,6,0.683458
51,7,0.68236
51,8,0.681299
51,9,0.680502
51,10,0.680145
51,11,0.680317
51,12,0.681001
51,13,0.682101
51,14,0.683475
51,15,0.684992
51,16,0.686543
51,17,0.688069
51,18,0.689532
51,19,0.690917
51,20,0.692199
51,21,0.693344
51,22,0.69432
51,23,0.695106
51,24,0.695716
51,25,0.696192
51,26,0.696615
51,27,0.697068
51,28,0.697632
51,29,0.698365
51,30,0.699292
51,31,0.700402
51,32,0.701643
51,33,0.70292
51,34,0.7041
51,35,0.705037
51,36,0.705603
51,37,0.705744
51,38,0.705513
51,39,0.70508
51,40,0.704688
51,41,0.704587
51,42,0.704948
51,43,0.705812
51,44,0.707086
51,45,0.708584
51,46,0.710079
51,47,0.71137
51,48,0.712297
51,49,0.712744
51,50,0.712621
51,51,0.71186
51,52,0.710415
51,53,0.708308
51,54,0.705649
51,55,0.702642
51,56,0.699567
51,57,0.696723
51,58,0.694374
51,59,0.692694
51,60,0.691756
51,61,0.691518
51,62,0.691865
51,63,0.692641
51,64,0.693673
51,65,0.6948
51,66,0.695878
51,67,0.696795
51,68,0.69747
51,69,0.697867
51,70,0.697985
51,71,0.697861
51,72,0.697546
51,73,0.697092
51,74,0.696553
51,75,0.695977
51,76,0.695429
51,77,0.694991
51,78,0.69477
51,79,0.694881
51,80,0.695396
51,81,0.696323
51,82,0.697587
51,83,0.699026
51,84,0.700446
51,85,0.701663
51,86,0.702552
51,87,0.70308
51,88,0.703301
51,89,0.703325
51,90,0.703282
51,91,0.703273
51,92,0.703341
51,93,0.703474
51,94,0.703619
51,95,0.703712
52,0,0.681084
52,1,0.681381
52,2,0.681868
52,3,0.682374
52,4,0.682713
52,5,0.682752
52,6,0.682454
52,7,0.681882
52,8,0.681188
52,9,0.680559
52,10,0.680162
52,11,0.680112
52,12,0.680442
52,13,0.68112
52,14,0.682076
52,15,0.683236
52,16,0.684541
52,17,0.685956
52,18,0.687448
52,19,0.688982
52,20,0.690489
52,21,0.691879
52,22,0.693059
52,23,0.693967
52,24,0.694601
52,25,0.695025
52,26,0.695361
52,27,0.695747
52,28,0.696306
52,29,0.697111
52,30,0.698181
52,31,0.699473
52,32,0.700904
52,33,0.702358
52,34,0.703698
52,35,0.704786
52,36,0.705513
52,37,0.705841
52,38,0.705822
52,39,0.705606
52,40,0.705402
52,41,0.705415
52,42,0.705777
52,43,0.706504
52,44,0.707503
52,45,0.708612
52,46,0.709652
52,47,0.710481
52,48,0.710998
52,49,0.711135
52,50,0.710833
52,51,0.710035
52,52,0.708692
52,53,0.706804
52,54,0.704446
52,55,0.701774
52,56,0.699016
52,57,0.69642
52,58,0.694209
52,59,0.692542
52,60,0.691491
52,61,0.691042
52,62,0.691114
52,63,0.691591
52,64,0.692339
52,65,0.693228
52,66,0.694135
52,67,0.694958
52,68,0.695619
52,69,0.696075
52,70,0.696312
52,71,0.696351
52,72,0.696229
52,73,0.695987
52,74,0.695671
52,75,0.695332
52,76,0.69503
52,77,0.694853
52,78,0.694906
52,79,0.695297
52,80,0.696096
52,81,0.697305
52,82,0.698842
52,83,0.700542
52,84,0.702203
52,85,0.703636
52,86,0.704707
52,87,0.705379
52,88,0.705706
52,89,0.705808
52,90,0.70583
52,91,0.705885
52,92,0.706021
52,93,0.706223
52,94,0.706427
52,95,0.706554
53,0,0.678486
53,1,0.678927
53,2,0.679694
53,3,0.680596
53,4,0.681415
53,5,0.681968
53,6,0.682154
53,7,0.681971
53,8,0.681515
53,9,0.68094
53,10,0.68041
53,11,0.68007
53,12,0.680006
53,13,0.680254
53,14,0.680811
53,15,0.681656
53,16,0.682765
53,17,0.684114
53,18,0.685656
53,19,0.687325
53,20,0.689005
53,21,0.690554
53,22,0.691831
53,23,0.692749
53,24,0.693304
53,25,0.693592
53,26,0.693784
53,27,0.694076
53,28,0.694627
53,29,0.695525
53,30,0.696768
53,31,0.698277
53,32,0.699929
53,33,0.701579
53,34,0.703085
53,35,0.704325
53,36,0.705214
53,37,0.705732
53,38,0.705938
53,39,0.705959
53,40,0.705967
53,41,0.706115
53,42,0.706488
53,43,0.707076
53,44,0.707787
53,45,0.70849
53,46,0.709063
53,47,0.709425
53,48,0.709539
53,49,0.709381
53,50,0.708922
53,51,0.708114
53,52,0.7069
53,53,0.705257
53,54,0.703223
53,55,0.700905
53,56,0.698479
53,57,0.696142
53,58,0.694081
53,59,0.692439
53,60,0.691294
53,61,0.690655
53,62,0.69048
53,63,0.690687
53,64,0.691179
53,65,0.691849
53,66,0.692595
53,67,0.693322
53,68,0.693956
53,69,0.694445
53,70,0.694768
53,71,0.69493
53,72,0.694957
53,73,0.694879
53,74,0.694739
53,75,0.694586
53,76,0.694484
53,77,0.694521
53,78,0.694803
53,79,0.695434
53,80,0.696477
53,81,0.69793
53,82,0.699709
53,83,0.70165
53,84,0.70355
53,85,0.705213
53,86,0.706502
53,87,0.707371
53,88,0.707872
53,89,0.708124
53,90,0.708277
53,91,0.708452
53,92,0.7087
53,93,0.709002
53,94,0.709283
53,95,0.709452
54,0,0.677437
54,1,0.677977
54,2,0.678941
54,3,0.680123
54,4,0.681282
54,5,0.682197
54,6,0.682718
54,7,0.682788
54,8,0.682456
54,9,0.681846
54,10,0.681122
54,11,0.680456
54,12,0.679986
54,13,0.679813
54,14,0.679993
54,15,0.68055
54,16,0.681485
54,17,0.682767
54,18,0.684331
54,19,0.686071
54,20,0.687828
54,21,0.689418
54,22,0.690674
54,23,0.691494
54,24,0.69189
54,25,0.691994
54,26,0.692026
54,27,0.692229
54,28,0.692792
54,29,0.693805
54,30,0.69524
54,31,0.696978
54,32,0.69885
54,33,0.700687
54,34,0.702342
54,35,0.703712
54,36,0.704741
54,37,0.705436
54,38,0.705855
54,39,0.706109
54,40,0.706323
54,41,0.706598
54,42,0.70697
54,43,0.707405
54,44,0.707816
54,45,0.708113
54,46,0.708229
54,47,0.708151
54,48,0.707901
54,49,0.707496
54,50,0.706926
54,51,0.706148
54,52,0.70509
54,53,0.703702
54,54,0.701986
54,55,0.700004
54,56,0.697885
54,57,0.695786
54,58,0.693866
54,59,0.69226
54,60,0.691056
54,61,0.690287
54,62,0.689938
54,63,0.689958
54,64,0.690267
54,65,0.690777
54,66,0.691393
54,67,0.692026
54,68,0.692604
54,69,0.693076
54,70,0.693417
54,71,0.693625
54,72,0.693718
54,73,0.693722
54,74,0.693676
54,75,0.69363
54,76,0.693653
54,77,0.693835
54,78,0.694283
54,79,0.6951
54,80,0.696345
54,81,0.698011
54,82,0.700014
54,83,0.702189
54,84,0.704332
54,85,0.706248
54,86,0.707789
54,87,0.708903
54,88,0.709632
54,89,0.710091
54,90,0.71043
54,91,0.71077
54,92,0.711163
54,93,0.711586
54,94,0.711955
54,95,0.712172
55,0,0.677963
55,1,0.678559
55,2,0.679633
55,3,0.680979
55,4,0.68234
55,5,0.683476
55,6,0.6842
55,7,0.684418
55,8,0.684136
55,9,0.683453
55,10,0.682527
55,11,0.681548
55,12,0.680698
55,13,0.680129
55,14,0.679951
55,15,0.680224
55,16,0.680964
55,17,0.682133
55,18,0.683636
55,19,0.685334
55,20,0.687036
55,21,0.688535
55,22,0.689652
55,23,0.690294
55,24,0.690493
55,25,0.690414
55,26,0.690315
55,27,0.690469
55,28,0.691079
55,29,0.692224
55,30,0.693848
55,31,0.695788
55,32,0.697839
55,33,0.699811
55,34,0.70156
55,35,0.70301
55,36,0.704135
55,37,0.704967
55,38,0.705567
55,39,0.706023
55,40,0.706412
55,41,0.706783
55,42,0.707127
55,43,0.707391
55,44,0.7075
55,45,0.707405
55,46,0.707103
55,47,0.706642
55,48,0.706093
55,49,0.705507
55,50,0.704887
55,51,0.704182
55,52,0.703301
55,53,0.702169
55,54,0.700748
55,55,0.699065
55,56,0.697209
55,57,0.69531
55,58,0.693514
55,59,0.691956
55,60,0.690738
55,61,0.689914
55,62,0.689489
55,63,0.689422
55,64,0.689644
55,65,0.690063
55,66,0.690585
55,67,0.691123
55,68,0.691609
55,69,0.691998
55,70,0.692269
55,71,0.692425
55,72,0.692483
55,73,0.692466
55,74,0.692415
55,75,0.692381
55,76,0.692438
55,77,0.692684
55,78,0.693227
55,79,0.694174
55,80,0.69558
55,81,0.697436
55,82,0.699654
55,83,0.702066
55,84,0.704466
55,85,0.706655
55,86,0.708477
55,87,0.70987
55,88,0.710869
55,89,0.71158
55,90,0.712148
55,91,0.712689
55,92,0.713255
55,93,0.713816
55,94,0.714284
55,95,0.714551
56,0,0.679888
56,1,0.680498
56,2,0.681605
56,3,0.683008
56,4,0.684455
56,5,0.685698
56,6,0.686537
56,7,0.686847
56,8,0.686602
56,9,0.685871
56,10,0.684795
56,11,0.683568
56,12,0.682397
56,13,0.681476
56,14,0.680954
56,15,0.680924
56,16,0.681414
56,17,0.682375
56,18,0.683694
56,19,0.685208
56,20,0.686708
56,21,0.687986
56,22,0.688873
56,23,0.689294
56,24,0.689306
56,25,0.689095
56,26,0.688934
56,27,0.689104
56,28,0.689799
56,29,0.691076
56,30,0.692848
56,31,0.694918
56,32,0.697057
56,33,0.699068
56,34,0.700824
56,35,0.702275
56,36,0.70343
56,37,0.704341
56,38,0.705071
56,39,0.705677
56,40,0.706193
56,41,0.706615
56,42,0.706897
56,43,0.706974
56,44,0.706791
56,45,0.706344
56,46,0.705683
56,47,0.704912
56,48,0.704144
56,49,0.703451
56,50,0.70284
56,51,0.702248
56,52,0.701565
56,53,0.700684
56,54,0.699536
56,55,0.698116
56,56,0.696484
56,57,0.694755
56,58,0.693069
56,59,0.691573
56,60,0.690384
56,61,0.689573
56,62,0.689156
56,63,0.689092
56,64,0.689303
56,65,0.689689
56,66,0.690145
56,67,0.690582
56,68,0.69094
56,69,0.691183
56,70,0.691304
56,71,0.691316
56,72,0.691242
56,73,0.691108
56,74,0.690956
56,75,0.69084
56,76,0.690841
56,77,0.691066
56,78,0.691631
56,79,0.692649
56,80,0.694175
56,81,0.696198
56,82,0.698622
56,83,0.701274
56,84,0.703939
56,85,0.706411
56,86,0.708528
56,87,0.71022
56,88,0.711514
56,89,0.712507
56,90,0.713336
56,91,0.714113
56,92,0.714879
56,93,0.715599
56,94,0.716178
56,95,0.716503
57,0,0.682882
57,1,0.683469
57,2,0.684541
57,3,0.685915
57,4,0.687358
57,5,0.688635
57,6,0.689544
57,7,0.689944
57,8,0.689779
57,9,0.68908
57,10,0.687955
57,11,0.686584
57,12,0.68518
57,13,0.68396
57,14,0.683106
57,15,0.68274
57,16,0.682901
57,17,0.683541
57,18,0.684537
57,19,0.685719
57,20,0.686884
57,21,0.68784
57,22,0.688446
57,23,0.688652
57,24,0.688535
57,25,0.688283
57,26,0.688157
57,27,0.688416
57,28,0.689224
57,29,0.690606
57,30,0.692446
57,31,0.69453
57,32,0.696624
57,33,0.698544
57,34,0.70019
57,35,0.701547
57,36,0.702654
57,37,0.703581
57,38,0.704378
57,39,0.705075
57,40,0.705659
57,41,0.706083
57,42,0.706272
57,43,0.706157
57,44,0.705708
57,45,0.704961
57,46,0.704015
57,47,0.703016
57,48,0.702107
57,49,0.701373
57,50,0.700821
57,51,0.700375
57,52,0.699905
57,53,0.69928
57,54,0.698398
57,55,0.697227
57,56,0.695804
57,57,0.694232
57,58,0.692656
57,59,0.691235
57,60,0.690101
57,61,0.68934
57,62,0.688972
57,63,0.688952
57,64,0.689188
57,65,0.689562
57,66,0.689959
57,67,0.690287
57,68,0.690491
57,69,0.690551
57,70,0.690475
57,71,0.69029
57,72,0.690026
57,73,0.689713
57,74,0.689393
57,75,0.689124
57,76,0.688994
57,77,0.689121
57,78,0.689637
57,79,0.690664
57,80,0.692264
57,81,0.69442
57,82,0.697028
57,83,0.699904
57,84,0.702822
57,85,0.705566
57,86,0.707968
57,87,0.709956
57,88,0.711547
57,89,0.712837
57,90,0.713951
57,91,0.714989
57,92,0.715984
57,93,0.716888
57,94,0.717594
57,95,0.717985
58,0,0.686487
58,1,0.687023
58,2,0.68801
58,3,0.689294
58,4,0.690677
58,5,0.691952
58,6,0.692929
58,7,0.693459
58,8,0.693454
58,9,0.692897
58,10,0.69185
58,11,0.690458
58,12,0.688921
58,13,0.687466
58,14,0.686298
58,15,0.685564
58,16,0.685324
58,17,0.685538
58,18,0.686092
58,19,0.686826
58,20,0.687562
58,21,0.688143
58,22,0.688466
58,23,0.68851
58,24,0.688357
58,25,0.688175
58,26,0.688187
58,27,0.688598
58,28,0.689523
58,29,0.690949
58,30,0.692743
58,31,0.69469
58,32,0.696579
58,33,0.69826
58,34,0.699673
58,35,0.70084
58,36,0.701828
58,37,0.702709
58,38,0.703519
58,39,0.704252
58,40,0.704853
58,41,0.705238
58,42,0.705314
58,43,0.705017
58,44,0.704341
58,45,0.703356
58,46,0.702199
58,47,0.701046
58,48,0.700057
58,49,0.699327
58,50,0.698862
58,51,0.698581
58,52,0.698339
58,53,0.697982
58,54,0.697382
58,55,0.696475
58,56,0.695277
58,57,0.693878
58,58,0.692424
58,59,0.691083
58,60,0.690004
58,61,0.689286
58,62,0.688954
58,63,0.688959
58,64,0.689198
58,65,0.689543
58,66,0.689867
58,67,0.69008
58,68,0.690131
58,69,0.690013
58,70,0.689749
58,71,0.689376
58,72,0.688927
58,73,0.688431
58,74,0.687929
58,75,0.687476
58,76,0.687171
58,77,0.687144
58,78,0.687545
58,79,0.688514
58,80,0.690121
58,81,0.692349
58,82,0.695087
58,83,0.698137
58,84,0.70126
58,85,0.704231
58,86,0.70688
58,87,0.70913
58,88,0.711002
58,89,0.712584
58,90,0.713991
58,91,0.715311
58,92,0.716558
58,93,0.717667
58,94,0.718519
58,95,0.718984
59,0,0.690202
59,1,0.690669
59,2,0.69154
59,3,0.6927
59,4,0.693998
59,5,0.695266
59,6,0.696338
59,7,0.697056
59,8,0.697298
59,9,0.696994
59,10,0.696146
59,11,0.694849
59,12,0.693276
59,13,0.691653
59,14,0.690201
59,15,0.689092
59,16,0.68841
59,17,0.688137
59,18,0.688179
59,19,0.688407
59,20,0.68868
59,21,0.688891
59,22,0.688979
59,23,0.688946
59,24,0.688866
59,25,0.688866
59,26,0.6891
59,27,0.6897
59,28,0.690716
59,29,0.692097
59,30,0.693705
59,31,0.695351
59,32,0.69687
59,33,0.698167
59,34,0.699235
59,35,0.700135
59,36,0.700951
59,37,0.701749
59,38,0.702539
59,39,0.703276
59,40,0.703865
59,41,0.704194
59,42,0.70416
59,43,0.703707
59,44,0.70285
59,45,0.701688
59,46,0.70038
59,47,0.69912
59,48,0.69808
59,49,0.697365
59,50,0.696987
59,51,0.69687
59,52,0.696861
59,53,0.696792
59,54,0.696505
59,55,0.695906
59,56,0.694978
59,57,0.693789
59,58,0.692478
59,59,0.691218
59,60,0.690168
59,61,0.689444
59,62,0.689083
59,63,0.689041
59,64,0.689219
59,65,0.689485
59,66,0.689714
59,67,0.689816
59,68,0.689748
59,69,0.689509
59,70,0.68913
59,71,0.688647
59,72,0.68809
59,73,0.687478
59,74,0.686839
59,75,0.686226
59,76,0.68574
59,77,0.685528
59,78,0.68576
59,79,0.686596
59,80,0.688124
59,81,0.690331
59,82,0.693102
59,83,0.69623
59,84,0.699466
59,85,0.702579
59,86,0.705399
59,87,0.707852
59,88,0.709958
59,89,0.711803
59,90,0.713491
59,91,0.715091
59,92,0.716597
59,93,0.717921
59,94,0.718927
59,95,0.719473
60,0,0.693563
60,1,0.693953
60,2,0.694696
60,3,0.695724
60,4,0.696937
60,5,0.698214
60,6,0.699412
60,7,0.700368
60,8,0.700926
60,9,0.700954
60,10,0.700392
60,11,0.699279
60,12,0.697753
60,13,0.696031
60,14,0.694348
60,15,0.692897
60,16,0.691788
60,17,0.691032
60,18,0.690567
60,19,0.690301
60,20,0.690144
60,21,0.690041
60,22,0.689974
60,23,0.689961
60,24,0.690054
60,25,0.690322
60,26,0.690828
60,27,0.691617
60,28,0.692667
60,29,0.693895
60,30,0.695173
60,31,0.696362
60,32,0.697364
60,33,0.698161
60,34,0.698806
60,35,0.699395
60,36,0.700021
60,37,0.700734
60,38,0.701507
60,39,0.702251
60,40,0.702837
60,41,0.703126
60,42,0.703011
60,43,0.702445
60,44,0.701459
60,45,0.700168
60,46,0.698742
60,47,0.697385
60,48,0.696282
60,49,0.69555
60,50,0.695224
60,51,0.69524
60,52,0.695455
60,53,0.695688
60,54,0.695753
60,55,0.695516
60,56,0.694915
60,57,0.693984
60,58,0.692841
60,59,0.691654
60,60,0.690593
60,61,0.689792
60,62,0.689311
60,63,0.689129
60,64,0.689163
60,65,0.689297
60,66,0.689412
60,67,0.689427
60,68,0.689303
60,69,0.689043
60,70,0.688671
60,71,0.688216
60,72,0.687688
60,73,0.687086
60,74,0.686417
60,75,0.68572
60,76,0.685093
60,77,0.684696
60,78,0.684721
60,79,0.68535
60,80,0.686695
60,81,0.688755
60,82,0.691422
60,83,0.69449
60,84,0.697706
60,85,0.700839
60,86,0.703722
60,87,0.706286
60,88,0.708551
60,89,0.710601
60,90,0.712525
60,91,0.714373
60,92,0.716114
60,93,0.717638
60,94,0.718788
60,95,0.719409
61,0,0.696201
61,1,0.696517
61,2,0.697141
61,3,0.698049
61,4,0.699195
61,5,0.700505
61,6,0.701856
61,7,0.703077
61,8,0.703976
61,9,0.704367
61,10,0.704129
61,11,0.703249
61,12,0.701832
61,13,0.700084
61,14,0.698247
61,15,0.696533
61,16,0.695074
61,17,0.693911
61,18,0.693014
61,19,0.692335
61,20,0.691835
61,21,0.691509
61,22,0.691378
61,23,0.691471
61,24,0.691806
61,25,0.692382
61,26,0.693168
61,27,0.694109
61,28,0.695118
61,29,0.696085
61,30,0.696909
61,31,0.697516
61,32,0.6979
61,33,0.698126
61,34,0.698313
61,35,0.698591
61,36,0.699051
61,37,0.699715
61,38,0.700513
61,39,0.701311
61,40,0.701941
61,41,0.702244
61,42,0.702107
61,43,0.701486
61,44,0.700422
61,45,0.699033
61,46,0.697494
61,47,0.696015
61,48,0.694793
61,49,0.693975
61,50,0.693626
61,51,0.693715
61,52,0.694118
61,53,0.694645
61,54,0.695084
61,55,0.695248
61,56,0.695022
61,57,0.69439
61,58,0.693434
61,59,0.692312
61,60,0.691201
61,61,0.690259
61,62,0.689581
61,63,0.68918
61,64,0.689007
61,65,0.688973
61,66,0.688978
61,67,0.688952
61,68,0.68886
61,69,0.6887
61,70,0.688485
61,71,0.688221
61,72,0.687889
61,73,0.687457
61,74,0.686899
61,75,0.68623
61,76,0.685539
61,77,0.684988
61,78,0.684787
61,79,0.685145
61,80,0.686198
61,81,0.687972
61,82,0.690376
61,83,0.693216
61,84,0.69625
61,85,0.699256
61,86,0.702071
61,87,0.704629
61,88,0.706951
61,89,0.709113
61,90,0.711189
61,91,0.713209
61,92,0.715119
61,93,0.71679
61,94,0.718046
61,95,0.718723
62,0,0.697895
62,1,0.698151
62,2,0.698679
62,3,0.699498
62,4,0.700611
62,5,0.701976
62,6,0.70349
62,7,0.70497
62,8,0.706192
62,9,0.706925
62,10,0.706998
62,11,0.706361
62,12,0.705094
62,13,0.703392
62,14,0.701501
62,15,0.699642
62,16,0.697964
62,17,0.696527
62,18,0.695332
62,19,0.694366
62,20,0.693638
62,21,0.69319
62,22,0.693074
62,23,0.693323
62,24,0.693921
62,25,0.694796
62,26,0.69582
62,27,0.696851
62,28,0.697736
62,29,0.698353
62,30,0.698636
62,31,0.698593
62,32,0.698313
62,33,0.697956
62,34,0.697704
62,35,0.697715
62,36,0.698072
62,37,0.698761
62,38,0.699664
62,39,0.700598
62,40,0.701358
62,41,0.701761
62,42,0.701683
62,43,0.701079
62,44,0.699984
62,45,0.698514
62,46,0.696843
62,47,0.695184
62,48,0.693761
62,49,0.692756
62,50,0.692282
62,51,0.692354
62,52,0.692873
62,53,0.693653
62,54,0.694448
62,55,0.695019
62,56,0.695184
62,57,0.69487
62,58,0.694114
62,59,0.693055
62,60,0.691878
62,61,0.690768
62,62,0.689861
62,63,0.689214
62,64,0.688821
62,65,0.688628
62,66,0.688559
62,67,0.688557
62,68,0.68859
62,69,0.688648
62,70,0.688727
62,71,0.688805
62,72,0.688826
62,73,0.688718
62,74,0.688415
62,75,0.687898
62,76,0.687236
62,77,0.686585
62,78,0.686165
62,79,0.686206
62,80,0.686875
62,81,0.688229
62,82,0.690212
62,83,0.692658
62,84,0.695346
62,85,0.698069
62,86,0.700674
62,87,0.703093
62,88,0.705342
62,89,0.707487
62,90,0.709585
62,91,0.711651
62,92,0.713614
62,93,0.715333
62,94,0.716626
62,95,0.717321
63,0,0.698592
63,1,0.698808
63,2,0.699277
63,3,0.700051
63,4,0.701168
63,5,0.702611
63,6,0.704282
63,7,0.705988
63,8,0.707478
63,9,0.708489
63,10,0.708825
63,11,0.708413
63,12,0.707319
63,13,0.705733
63,14,0.703899
63,15,0.702037
63,16,0.700299
63,17,0.698753
63,18,0.697418
63,19,0.69631
63,20,0.695472
63,21,0.694985
63,22,0.694929
63,23,0.695338
63,24,0.696166
63,25,0.697278
63,26,0.698464
63,27,0.699503
63,28,0.700191
63,29,0.7004
63,30,0.700111
63,31,0.699412
63,32,0.698492
63,33,0.6976
63,34,0.696979
63,35,0.696808
63,36,0.697159
63,37,0.697973
63,38,0.699085
63,39,0.70026
63,40,0.701255
63,41,0.70186
63,42,0.701933
63,43,0.701416
63,44,0.700332
63,45,0.698787
63,46,0.696951
63,47,0.69505
63,48,0.693334
63,49,0.692037
63,50,0.691327
63,51,0.691273
63,52,0.691812
63,53,0.69276
63,54,0.693846
63,55,0.694777
63,56,0.695307
63,57,0.695297
63,58,0.69474
63,59,0.693755
63,60,0.69253
63,61,0.691278
63,62,0.690176
63,63,0.689328
63,64,0.688768
63,65,0.688476
63,66,0.6884
63,67,0.688496
63,68,0.688733
63,69,0.689095
63,70,0.689559
63,71,0.690076
63,72,0.690553
63,73,0.690877
63,74,0.690936
63,75,0.690674
63,76,0.690128
63,77,0.689439
63,78,0.688826
63,79,0.688535
63,80,0.688762
63,81,0.689602
63,82,0.691043
63,83,0.692959
63,84,0.695162
63,85,0.697464
63,86,0.699721
63,87,0.701859
63,88,0.703886
63,89,0.705851
63,90,0.7078
63,91,0.70974
63,92,0.711597
63,93,0.713229
63,94,0.71446
63,95,0.715123
64,0,0.69838
64,1,0.698582
64,2,0.699036
64,3,0.699817
64,4,0.700981
64,5,0.702522
64,6,0.704338
64,7,0.706222
64,8,0.707907
64,9,0.709118
64,10,0.70965
64,11,0.70943
64,12,0.708524
64,13,0.70712
64,14,0.705451
64,15,0.703728
64,16,0.702088
64,17,0.700595
64,18,0.699271
64,19,0.698145
64,20,0.697289
64,21,0.696813
64,22,0.696816
64,23,0.69734
64,24,0.698316
64,25,0.699562
64,26,0.700808
64,27,0.70177
64,28,0.702208
64,29,0.701995
64,30,0.701159
64,31,0.699863
64,32,0.698389
64,33,0.697065
64,34,0.696188
64,35,0.695953
64,36,0.696412
64,37,0.697465
64,38,0.698896
64,39,0.70042
64,40,0.701754
64,41,0.702657
64,42,0.702963
64,43,0.702593
64,44,0.701553
64,45,0.699935
64,46,0.697907
64,47,0.695711
64,48,0.693634
64,49,0.691958
64,50,0.690915
64,51,0.690629
64,52,0.691072
64,53,0.692071
64,54,0.693335
64,55,0.694525
64,56,0.69534
64,57,0.695586
64,58,0.695214
64,59,0.694324
64,60,0.693107
64,61,0.691797
64,62,0.690603
64,63,0.689665
64,64,0.689051
64,65,0.688765
64,66,0.68877
64,67,0.689033
64,68,0.689525
64,69,0.690224
64,70,0.691097
64,71,0.692072
64,72,0.693028
64,73,0.693813
64,74,0.694278
64,75,0.694323
64,76,0.693954
64,77,0.693284
64,78,0.692522
64,79,0.691919
64,80,0.691696
64,81,0.691988
64,82,0.692827
64,83,0.694136
64,84,0.695764
64,85,0.697544
64,86,0.699334
64,87,0.701054
64,88,0.702696
64,89,0.704296
64,90,0.705897
64,91,0.707509
64,92,0.70907
64,93,0.710459
64,94,0.711514
64,95,0.712086
65,0,0.697458
65,1,0.697672
65,2,0.698158
65,3,0.698999
65,4,0.700254
65,5,0.701913
65,6,0.70386
65,7,0.705877
65,8,0.707689
65,9,0.709024
65,10,0.709693
65,11,0.709637
65,12,0.708933
65,13,0.707767
65,14,0.706359
65,15,0.704893
65,16,0.703482
65,17,0.70217
65,18,0.700967
65,19,0.69991
65,20,0.699084
65,21,0.698619
65,22,0.698637
65,23,0.699188
65,24,0.700195
65,25,0.701448
65,26,0.702639
65,27,0.703444
65,28,0.703601
65,29,0.702991
65,30,0.701681
65,31,0.699901
65,32,0.698009
65,33,0.6964
65,34,0.695412
65,35,0.695248
65,36,0.695938
65,37,0.697341
65,38,0.699189
65,39,0.701152
65,40,0.702906
65,41,0.704176
65,42,0.704771
65,43,0.704587
65,44,0.703612
65,45,0.701926
65,46,0.699699
65,47,0.697191
65,48,0.694725
65,49,0.692634
65,50,0.691201
65,51,0.6906
65,52,0.690836
65,53,0.691749
65,54,0.69304
65,55,0.694343
65,56,0.695319
65,57,0.695739
65,58,0.695522
65,59,0.694753
65,60,0.693625
65,61,0.692379
65,62,0.691244
65,63,0.690377
65,64,0.689859
65,65,0.689703
65,66,0.68988
65,67,0.690361
65,68,0.691119
65,69,0.692132
65,70,0.693364
65,71,0.694733
65,72,0.696102
65,73,0.697294
65,74,0.698128
65,75,0.698474
65,76,0.698299
65,77,0.697689
65,78,0.696831
65,79,0.695972
65,80,0.695347
65,81,0.695124
65,82,0.695379
65,83,0.696079
65,84,0.697104
65,85,0.698307
65,86,0.699545
65,87,0.700724
65,88,0.701823
65,89,0.702874
65,90,0.703924
65,91,0.705005
65,92,0.706085
65,93,0.707076
65,94,0.707848
65,95,0.708272
66,0,0.696078
66,1,0.69633
66,2,0.69689
66,3,0.697838
66,4,0.699223
66,5,0.701016
66,6,0.703085
66,7,0.705198
66,8,0.707086
66,9,0.708494
66,10,0.709263
66,11,0.709361
66,12,0.70888
66,13,0.708003
66,14,0.706927
66,15,0.705803
66,16,0.704706
66,17,0.70365
66,18,0.702628
66,19,0.701671
66,20,0.700872
66,21,0.70038
66,22,0.700333
66,23,0.700796
66,24,0.701697
66,25,0.702822
66,26,0.703845
66,27,0.704424
66,28,0.704292
66,29,0.703337
66,30,0.70166
66,31,0.699543
66,32,0.6974
66,33,0.695675
66,34,0.694734
66,35,0.694778
66,36,0.695816
66,37,0.697662
66,38,0.700001
66,39,0.702458
66,40,0.704671
66,41,0.706335
66,42,0.707235
66,43,0.707247
66,44,0.706345
66,45,0.704602
66,46,0.702196
66,47,0.699407
66,48,0.696585
66,49,0.694103
66,50,0.69228
66,51,0.691323
66,52,0.691263
66,53,0.691956
66,54,0.693106
66,55,0.694347
66,56,0.69533
66,57,0.695812
66,58,0.695702
66,59,0.695075
66,60,0.694119
66,61,0.693073
66,62,0.692162
66,63,0.691536
66,64,0.69127
66,65,0.691367
66,66,0.691792
66,67,0.692513
66,68,0.693508
66,69,0.694761
66,70,0.696243
66,71,0.697876
66,72,0.69952
66,73,0.700993
66,74,0.702097
66,75,0.702679
66,76,0.702677
66,77,0.702147
66,78,0.701249
66,79,0.700218
66,80,0.699289
66,81,0.698652
66,82,0.698412
66,83,0.698568
66,84,0.699028
66,85,0.699648
66,86,0.700283
66,87,0.700828
66,88,0.701252
66,89,0.701592
66,90,0.701921
66,91,0.702306
66,92,0.702759
66,93,0.703237
66,94,0.703646
66,95,0.703881
67,0,0.694527
67,1,0.694834
67,2,0.695498
67,3,0.696584
67,4,0.698121
67,5,0.700055
67,6,0.702235
67,7,0.704421
67,8,0.706356
67,9,0.707816
67,10,0.708678
67,11,0.708942
67,12,0.708715
67,13,0.708171
67,14,0.707475
67,15,0.706736
67,16,0.705986
67,17,0.705205
67,18,0.704365
67,19,0.703489
67,20,0.702676
67,21,0.702086
67,22,0.701876
67,23,0.70213
67,24,0.702793
67,25,0.703662
67,26,0.704416
67,27,0.704716
67,28,0.704298
67,29,0.703065
67,30,0.701142
67,31,0.698843
67,32,0.696622
67,33,0.694951
67,34,0.694209
67,35,0.694588
67,36,0.696069
67,37,0.698422
67,38,0.701289
67,39,0.704252
67,40,0.706918
67,41,0.708958
67,42,0.710138
67,43,0.710326
67,44,0.709491
67,45,0.707711
67,46,0.705174
67,47,0.702177
67,48,0.699091
67,49,0.696304
67,50,0.69415
67,51,0.692847
67,52,0.692438
67,53,0.692795
67,54,0.693644
67,55,0.69464
67,56,0.695459
67,57,0.695874
67,58,0.695804
67,59,0.695322
67,60,0.694606
67,61,0.693876
67,62,0.693334
67,63,0.693098
67,64,0.693215
67,65,0.69366
67,66,0.69438
67,67,0.695335
67,68,0.696507
67,69,0.697894
67,70,0.699484
67,71,0.701214
67,72,0.702962
67,73,0.704551
67,74,0.705786
67,75,0.706504
67,76,0.706626
67,77,0.706179
67,78,0.705299
67,79,0.704194
67,80,0.703093
67,81,0.702186
67,82,0.701592
67,83,0.701325
67,84,0.701299
67,85,0.701373
67,86,0.701393
67,87,0.701247
67,88,0.700909
67,89,0.700437
67,90,0.69994
67,91,0.699538
67,92,0.699292
67,93,0.699206
67,94,0.699221
67,95,0.699255
68,0,0.693091
68,1,0.693459
68,2,0.694236
68,3,0.695465
68,4,0.69715
68,5,0.699212
68,6,0.701481
68,7,0.70372
68,8,0.705691
68,9,0.707205
68,10,0.70818
68,11,0.708644
68,12,0.708712
68,13,0.708536
68,14,0.708243
68,15,0.707895
68,16,0.707481
68,17,0.706945
68,18,0.706243
68,19,0.705393
68,20,0.704497
68,21,0.703727
68,22,0.703258
68,23,0.703195
68,24,0.703507
68,25,0.704016
68,26,0.704423
68,27,0.704406
68,28,0.703717
68,29,0.702272
68,30,0.700214
68,31,0.697878
68,32,0.695735
68,33,0.694269
68,34,0.693855
68,35,0.694669
68,36,0.696657
68,37,0.699548
68,38,0.70294
68,39,0.706378
68,40,0.709444
68,41,0.711795
68,42,0.713193
68,43,0.713511
68,44,0.712726
68,45,0.710933
68,46,0.708333
68,47,0.705238
68,48,0.70202
68,49,0.699062
68,50,0.696685
68,51,0.695092
68,52,0.694322
68,53,0.694263
68,54,0.694673
68,55,0.695259
68,56,0.695749
68,57,0.695964
68,58,0.69585
68,59,0.69549
68,60,0.695047
68,61,0.694711
68,62,0.694636
68,63,0.694894
68,64,0.69548
68,65,0.696327
68,66,0.697357
68,67,0.698515
68,68,0.699791
68,69,0.701198
68,70,0.70275
68,71,0.704413
68,72,0.706091
68,73,0.707633
68,74,0.708855
68,75,0.709603
68,76,0.709788
68,77,0.70942
68,78,0.708608
68,79,0.707532
68,80,0.706399
68,81,0.705383
68,82,0.704595
68,83,0.704044
68,84,0.703639
68,85,0.70323
68,86,0.702657
68,87,0.701814
68,88,0.700693
68,89,0.699388
68,90,0.698059
68,91,0.696877
68,92,0.695957
68,93,0.695341
68,94,0.694992
68,95,0.694842
69,0,0.69204
69,1,0.692462
69,2,0.693335
69,3,0.694681
69,4,0.696477
69,5,0.698625
69,6,0.700944
69,7,0.703208
69,8,0.705208
69,9,0.706793
69,10,0.707915
69,11,0.708621
69,12,0.70902
69,13,0.709235
69,14,0.709346
69,15,0.709363
69,16,0.709236
69,17,0.708883
69,18,0.708247
69,19,0.707347
69,20,0.706294
69,21,0.70527
69,22,0.704466
69,23,0.704008
69,24,0.703893
69,25,0.703975
69,26,0.703986
69,27,0.703632
69,28,0.702688
69,29,0.701088
69,30,0.698987
69,31,0.696728
69,32,0.694783
69,33,0.693633
69,34,0.693638
69,35,0.694948
69,36,0.697469
69,37,0.700888
69,38,0.704763
69,39,0.708608
69,40,0.711989
69,41,0.714559
69,42,0.716091
69,43,0.716477
69,44,0.71572
69,45,0.713938
69,46,0.711354
69,47,0.708283
69,48,0.705086
69,49,0.702113
69,50,0.699647
69,51,0.69785
69,52,0.696745
69,53,0.696228
69,54,0.696104
69,55,0.696149
69,56,0.696174
69,57,0.696068
69,58,0.695826
69,59,0.695544
69,60,0.695371
69,61,0.695453
69,62,0.695888
69,63,0.696683
69,64,0.697771
69,65,0.699034
69,66,0.700359
69,67,0.701677
69,68,0.702982
69,69,0.704308
69,70,0.7057
69,71,0.707161
69,72,0.708631
69,73,0.709989
69,74,0.71108
69,75,0.711766
69,76,0.711959
69,77,0.711662
69,78,0.710958
69,79,0.709999
69,80,0.708957
69,81,0.707978
69,82,0.707144
69,83,0.706442
69,84,0.705764
69,85,0.704949
69,86,0.703841
69,87,0.70235
69,88,0.700502
69,89,0.698439
69,90,0.696375
69,91,0.694532
69,92,0.693063
69,93,0.69203
69,94,0.691406
69,95,0.69112
70,0,0.69161
70,1,0.692065
70,2,0.692992
70,3,0.694395
70,4,0.696231
70,5,0.698391
70,6,0.700698
70,7,0.702946
70,8,0.704962
70,9,0.70663
70,10,0.70793
70,11,0.708913
70,12,0.709669
70,13,0.710277
70,14,0.710764
70,15,0.711095
70,16,0.711184
70,17,0.71093
70,18,0.710277
70,19,0.709252
70,20,0.707976
70,21,0.706645
70,22,0.705463
70,23,0.704574
70,24,0.704003
70,25,0.703634
70,26,0.703235
70,27,0.702545
70,28,0.701368
70,29,0.699656
70,30,0.697573
70,31,0.695463
70,32,0.693792
70,33,0.693022
70,34,0.693489
70,35,0.695309
70,36,0.698347
70,37,0.702247
70,38,0.706532
70,39,0.71069
70,40,0.714278
70,41,0.71696
70,42,0.718533
70,43,0.718923
70,44,0.718172
70,45,0.716428
70,46,0.713935
70,47,0.711007
70,48,0.707976
70,49,0.705142
70,50,0.702723
70,51,0.700825
70,52,0.699436
70,53,0.698462
70,54,0.697758
70,55,0.697187
70,56,0.696654
70,57,0.696139
70,58,0.695694
70,59,0.695436
70,60,0.695498
70,61,0.695978
70,62,0.696912
70,63,0.698232
70,64,0.699806
70,65,0.701459
70,66,0.703042
70,67,0.704471
70,68,0.705743
70,69,0.706916
70,70,0.708066
70,71,0.709235
70,72,0.710405
70,73,0.71149
70,74,0.71237
70,75,0.712929
70,76,0.713091
70,77,0.712854
70,78,0.712284
70,79,0.711502
70,80,0.710642
70,81,0.709807
70,82,0.709038
70,83,0.70829
70,84,0.707433
70,85,0.706298
70,86,0.704744
70,87,0.70271
70,88,0.700271
70,89,0.697617
70,90,0.695015
70,91,0.692721
70,92,0.690906
70,93,0.689635
70,94,0.688866
70,95,0.688512
71,0,0.691977
71,1,0.692434
71,2,0.693355
71,3,0.694731
71,4,0.69651
71,5,0.698585
71,6,0.700798
71,7,0.702975
71,8,0.70498
71,9,0.706732
71,10,0.708224
71,11,0.709498
71,12,0.710606
71,13,0.711579
71,14,0.712391
71,15,0.712959
71,16,0.713174
71,17,0.712929
71,18,0.712176
71,19,0.710958
71,20,0.709412
71,21,0.707746
71,22,0.70618
71,23,0.70487
71,24,0.703862
71,25,0.703065
71,26,0.702282
71,27,0.701282
71,28,0.699899
71,29,0.698104
71,30,0.696073
71,31,0.694144
71,32,0.692773
71,33,0.692397
71,34,0.693321
71,35,0.695621
71,36,0.699121
71,37,0.703424
71,38,0.70802
71,39,0.712381
71,40,0.716064
71,41,0.718755
71,42,0.720285
71,43,0.720625
71,44,0.719864
71,45,0.718186
71,46,0.715853
71,47,0.713168
71,48,0.710424
71,49,0.707855
71,50,0.705602
71,51,0.703699
71,52,0.702096
71,53,0.700703
71,54,0.69943
71,55,0.698227
71,56,0.697108
71,57,0.696144
71,58,0.695451
71,59,0.69517
71,60,0.695417
71,61,0.696242
71,62,0.697617
71,63,0.699405
71,64,0.701408
71,65,0.703398
71,66,0.70519
71,67,0.706684
71,68,0.707881
71,69,0.708857
71,70,0.709723
71,71,0.710557
71,72,0.71138
71,73,0.712148
71,74,0.712772
71,75,0.713164
71,76,0.713265
71,77,0.713073
71,78,0.712641
71,79,0.712062
71,80,0.711427
71,81,0.710794
71,82,0.710158
71,83,0.709435
71,84,0.708478
71,85,0.707119
71,86,0.70524
71,87,0.702824
71,88,0.699996
71,89,0.696993
71,90,0.694116
71,91,0.691638
71,92,0.689725
71,93,0.688419
71,94,0.68765
71,95,0.687305
72,0,0.69324
72,1,0.693661
72,2,0.694507
72,3,0.695762
72,4,0.697379
72,5,0.699266
72,6,0.701296
72,7,0.703338
72,8,0.705293
72,9,0.707108
72,10,0.708777
72,11,0.710318
72,12,0.71174
72,13,0.713017
72,14,0.714069
72,15,0.714781
72,16,0.715025
72,17,0.714698
72,18,0.713769
72,19,0.712303
72,20,0.710459
72,21,0.708462
72,22,0.70654
72,23,0.704859
72,24,0.703477
72,25,0.702318
72,26,0.70121
72,27,0.699949
72,28,0.698393
72,29,0.696536
72,30,0.694563
72,31,0.692812
72,32,0.691724
72,33,0.691713
72,34,0.693046
72,35,0.695759
72,36,0.699634
72,37,0.704237
72,38,0.709033
72,39,0.713481
72,40,0.717154
72,41,0.719763
72,42,0.721185
72,43,0.721442
72,44,0.720672
72,45,0.719093
72,46,0.71698
72,47,0.714616
72,48,0.712247
72,49,0.710033
72,50,0.708034
72,51,0.706209
72,52,0.70447
72,53,0.70273
72,54,0.700949
72,55,0.699168
72,56,0.697499
72,57,0.696105
72,58,0.695162
72,59,0.694832
72,60,0.695214
72,61,0.696316
72,62,0.69805
72,63,0.700217
72,64,0.702564
72,65,0.704817
72,66,0.70676
72,67,0.708277
72,68,0.709371
72,69,0.710135
72,70,0.710704
72,71,0.711191
72,72,0.711655
72,73,0.712087
72,74,0.712433
72,75,0.712632
72,76,0.712643
72,77,0.712469
72,78,0.712154
72,79,0.711764
72,80,0.711355
72,81,0.710936
72,82,0.710459
72,83,0.709808
72,84,0.708824
72,85,0.707349
72,86,0.705301
72,87,0.702707
72,88,0.699738
72,89,0.696667
72,90,0.693809
72,91,0.691427
72,92,0.68966
72,93,0.688514
72,94,0.687879
72,95,0.687609
73,0,0.695383
73,1,0.695734
73,2,0.696441
73,3,0.697492
73,4,0.698854
73,5,0.700462
73,6,0.702232
73,7,0.704077
73,8,0.705937
73,9,0.707773
73,10,0.709573
73,11,0.711321
73,12,0.712976
73,13,0.714458
73,14,0.715644
73,15,0.71639
73,16,0.716561
73,17,0.716066
73,18,0.714897
73,19,0.713146
73,20,0.710998
73,21,0.708694
73,22,0.706472
73,23,0.704502
73,24,0.702841
73,25,0.70142
73,26,0.700075
73,27,0.698619
73,28,0.696932
73,29,0.695028
73,30,0.693105
73,31,0.691504
73,32,0.690653
73,33,0.690943
73,34,0.692605
73,35,0.695636
73,36,0.699778
73,37,0.704566
73,38,0.709443
73,39,0.713871
73,40,0.717439
73,41,0.719898
73,42,0.721173
73,43,0.721339
73,44,0.720579
73,45,0.719139
73,46,0.717299
73,47,0.715315
73,48,0.713378
73,49,0.711576
73,50,0.709888
73,51,0.708209
73,52,0.706415
73,53,0.704424
73,54,0.702245
73,55,0.699994
73,56,0.697874
73,57,0.696126
73,58,0.694976
73,59,0.6946
73,60,0.695081
73,61,0.696389
73,62,0.698387
73,63,0.700829
73,64,0.703418
73,65,0.705847
73,66,0.707877
73,67,0.709379
73,68,0.710353
73,69,0.710901
73,70,0.711179
73,71,0.711325
73,72,0.711431
73,73,0.71152
73,74,0.71157
73,75,0.711547
73,76,0.711429
73,77,0.711228
73,78,0.710982
73,79,0.710738
73,80,0.710518
73,81,0.710293
73,82,0.709978
73,83,0.709433
73,84,0.708498
73,85,0.707035
73,86,0.704998
73,87,0.702455
73,88,0.699613
73,89,0.696757
73,90,0.694193
73,91,0.692155
73,92,0.690738
73,93,0.689903
73,94,0.6895
73,95,0.689353
74,0,0.698258
74,1,0.698517
74,2,0.699042
74,3,0.699833
74,4,0.70088
74,5,0.702153
74,6,0.703613
74,7,0.705217
74,8,0.706934
74,9,0.708735
74,10,0.710591
74,11,0.71245
74,12,0.714224
74,13,0.715788
74,14,0.716984
74,15,0.717651
74,16,0.717654
74,17,0.716919
74,18,0.715463
74,19,0.713409
74,20,0.710969
74,21,0.708404
74,22,0.705959
74,23,0.703801
74,24,0.701978
74,25,0.700412
74,26,0.698934
74,27,0.697363
74,28,0.695593
74,29,0.693657
74,30,0.691767
74,31,0.690273
74,32,0.689595
74,33,0.690103
74,34,0.691996
74,35,0.695234
74,36,0.699524
74,37,0.704374
74,38,0.709217
74,39,0.713524
74,40,0.716912
74,41,0.719173
74,42,0.720287
74,43,0.720375
74,44,0.719661
74,45,0.718409
74,46,0.716891
74,47,0.715329
74,48,0.713857
74,49,0.712495
74,50,0.711153
74,51,0.709673
74,52,0.707906
74,53,0.705779
74,54,0.703342
74,55,0.700775
74,56,0.698351
74,57,0.69637
74,58,0.695091
74,59,0.694701
74,60,0.695263
74,61,0.696715
74,62,0.698884
74,63,0.701492
74,64,0.704214
74,65,0.706726
74,66,0.708774
74,67,0.71022
74,68,0.711058
74,69,0.711393
74,70,0.711388
74,71,0.711203
74,72,0.710951
74,73,0.710685
74,74,0.710413
74,75,0.710128
74,76,0.709828
74,77,0.709536
74,78,0.709289
74,79,0.709121
74,80,0.70903
74,81,0.708959
74,82,0.708798
74,83,0.708396
74,84,0.707598
74,85,0.70629
74,86,0.704457
74,87,0.7022
74,88,0.699738
74,89,0.697349
74,90,0.695307
74,91,0.693799
74,92,0.692871
74,93,0.692438
74,94,0.69232
74,95,0.692319
75,0,0.701586
75,1,0.701746
75,2,0.702079
75,3,0.702599
75,4,0.703321
75,5,0.70425
75,6,0.705388
75,7,0.70673
75,8,0.708265
75,9,0.709966
75,10,0.711784
75,11,0.713633
75,12,0.715391
75,13,0.7169
75,14,0.717981
75,15,0.718466
75,16,0.718226
75,17,0.717203
75,18,0.715441
75,19,0.713094
75,20,0.710399
75,21,0.707637
75,22,0.705059
75,23,0.702825
75,24,0.700962
75,25,0.699372
75,26,0.697868
75,27,0.696264
75,28,0.694463
75,29,0.692512
75,30,0.690641
75,31,0.689209
75,32,0.688635
75,33,0.689271
75,34,0.691289
75,35,0.694616
75,36,0.698929
75,37,0.70372
75,38,0.70842
75,39,0.712516
75,40,0.715661
75,41,0.717695
75,42,0.718648
75,43,0.718686
75,44,0.718063
75,45,0.717048
75,46,0.715896
75,47,0.714786
75,48,0.713795
75,49,0.712882
75,50,0.711906
75,51,0.71067
75,52,0.709012
75,53,0.706872
75,54,0.704335
75,55,0.701627
75,56,0.699069
75,57,0.696998
75,58,0.695694
75,59,0.695338
75,60,0.695979
75,61,0.697525
75,62,0.699782
75,63,0.702453
75,64,0.705204
75,65,0.707706
75,66,0.709702
75,67,0.711047
75,68,0.71173
75,69,0.711851
75,70,0.711572
75,71,0.71106
75,72,0.710447
75,73,0.709808
75,74,0.70918
75,75,0.708582
75,76,0.708034
75,77,0.707573
75,78,0.707241
75,79,0.707067
75,80,0.707035
75,81,0.707073
75,82,0.70706
75,83,0.706841
75,84,0.706273
75,85,0.705264
75,86,0.703822
75,87,0.702061
75,88,0.700192
75,89,0.698464
75,90,0.6971
75,91,0.696233
75,92,0.695861
75,93,0.695862
75,94,0.696037
75,95,0.696183
76,0,0.704976
76,1,0.705052
76,2,0.705219
76,3,0.705506
76,4,0.705946
76,5,0.706575
76,6,0.707424
76,7,0.708512
76,8,0.709839
76,9,0.711373
76,10,0.713049
76,11,0.714759
76,12,0.716361
76,13,0.717681
76,14,0.718537
76,15,0.718762
76,16,0.718236
76,17,0.716916
76,18,0.71487
76,19,0.712274
76,20,0.709393
76,21,0.706522
76,22,0.703915
76,23,0.701718
76,24,0.699934
76,25,0.698433
76,26,0.697004
76,27,0.695449
76,28,0.69367
76,29,0.691728
76,30,0.689868
76,31,0.688462
76,32,0.687927
76,33,0.688602
76,34,0.690635
76,35,0.693929
76,36,0.69814
76,37,0.70275
76,38,0.707201
76,39,0.711005
76,40,0.713857
76,41,0.715644
76,42,0.716446
76,43,0.716465
76,44,0.715974
76,45,0.715238
76,46,0.71448
76,47,0.713834
76,48,0.713323
76,49,0.712857
76,50,0.712255
76,51,0.7113
76,52,0.709831
76,53,0.707801
76,54,0.705321
76,55,0.702647
76,56,0.700127
76,57,0.698114
76,58,0.696891
76,59,0.696628
76,60,0.697354
76,61,0.698961
76,62,0.701237
76,63,0.703885
76,64,0.706572
76,65,0.70898
76,66,0.710855
76,67,0.712055
76,68,0.71256
76,69,0.712459
76,70,0.711908
76,71,0.711072
76,72,0.71009
76,73,0.70906
76,74,0.708041
76,75,0.707079
76,76,0.706215
76,77,0.705506
76,78,0.705004
76,79,0.704739
76,80,0.704696
76,81,0.7048
76,82,0.704928
76,83,0.704932
76,84,0.704683
76,85,0.704101
76,86,0.703206
76,87,0.702105
76,88,0.70098
76,89,0.700033
76,90,0.699429
76,91,0.699243
76,92,0.699432
76,93,0.699851
76,94,0.700298
76,95,0.700578
77,0,0.707982
77,1,0.708005
77,2,0.708069
77,3,0.708206
77,4,0.70846
77,5,0.70888
77,6,0.709511
77,7,0.71038
77,8,0.711488
77,9,0.712795
77,10,0.714229
77,11,0.715675
77,12,0.71699
77,13,0.718008
77,14,0.718557
77,15,0.718481
77,16,0.717669
77,17,0.716091
77,18,0.713829
77,19,0.711076
77,20,0.708114
77,21,0.705247
77,22,0.702726
77,23,0.700679
77,24,0.69908
77,25,0.697767
77,26,0.696502
77,27,0.695069
77,28,0.693369
77,29,0.691471
77,30,0.68963
77,31,0.688227
77,32,0.687676
77,33,0.688307
77,34,0.690249
77,35,0.693389
77,36,0.69737
77,37,0.701681
77,38,0.705781
77,39,0.709219
77,40,0.711733
77,41,0.71326
77,42,0.71392
77,43,0.713943
77,44,0.71361
77,45,0.713169
77,46,0.712808
77,47,0.712613
77,48,0.712559
77,49,0.712517
77,50,0.712284
77,51,0.711638
77,52,0.710426
77,53,0.708616
77,54,0.706337
77,55,0.703857
77,56,0.70153
77,57,0.699708
77,58,0.698661
77,59,0.698545
77,60,0.69937
77,61,0.701014
77,62,0.703261
77,63,0.70582
77,64,0.708372
77,65,0.710617
77,66,0.712315
77,67,0.713328
77,68,0.71363
77,69,0.713299
77,70,0.712476
77,71,0.711319
77,72,0.70997
77,73,0.70854
77,74,0.707108
77,75,0.705743
77,76,0.704512
77,77,0.70349
77,78,0.702743
77,79,0.702315
77,80,0.702199
77,81,0.702328
77,82,0.702589
77,83,0.702844
77,84,0.702976
77,85,0.702913
77,86,0.702668
77,87,0.702324
77,88,0.702021
77,89,0.701902
77,90,0.702069
77,91,0.702546
77,92,0.703259
77,93,0.704053
77,94,0.704735
77,95,0.705127
78,0,0.710162
78,1,0.710179
78,2,0.710227
78,3,0.710331
78,4,0.71053
78,5,0.710865
78,6,0.711378
78,7,0.712087
78,8,0.712984
78,9,0.714022
78,10,0.715133
78,11,0.716211
78,12,0.717138
78,13,0.717774
78,14,0.717972
78,15,0.717596
78,16,0.716544
78,17,0.714794
78,18,0.712432
78,19,0.709657
78,20,0.706754
78,21,0.704026
78,22,0.701714
78,23,0.699924
78,24,0.698601
78,25,0.697555
78,26,0.696525
78,27,0.695279
78,28,0.693715
78,29,0.691904
78,30,0.690104
78,31,0.688698
78,32,0.688093
78,33,0.688608
78,34,0.690358
78,35,0.693222
78,36,0.696849
78,37,0.700743
78,38,0.704397
78,39,0.707402
78,40,0.709542
78,41,0.710798
78,42,0.711323
78,43,0.711361
78,44,0.711188
78,45,0.711028
78,46,0.711031
78,47,0.711238
78,48,0.711585
78,49,0.71192
78,50,0.71203
78,51,0.711702
78,52,0.710796
78,53,0.709296
78,54,0.707337
78,55,0.705184
78,56,0.703178
78,57,0.701653
78,58,0.700861
78,59,0.700935
78,60,0.701872
78,61,0.703541
78,62,0.705729
78,63,0.708158
78,64,0.71053
78,65,0.712566
78,66,0.714046
78,67,0.714841
78,68,0.714921
78,69,0.714352
78,70,0.713262
78,71,0.711797
78,72,0.710097
78,73,0.708279
78,74,0.706438
78,75,0.704663
78,76,0.703041
78,77,0.701667
78,78,0.700629
78,79,0.699986
78,80,0.699749
78,81,0.699867
78,82,0.700245
78,83,0.700758
78,84,0.701299
78,85,0.701793
78,86,0.702236
78,87,0.702674
78,88,0.703196
78,89,0.703883
78,90,0.704778
78,91,0.705861
78,92,0.707038
78,93,0.708153
78,94,0.709032
78,95,0.709515
79,0,0.711179
79,1,0.711242
79,2,0.711371
79,3,0.71157
79,4,0.711857
79,5,0.712247
79,6,0.712755
79,7,0.713377
79,8,0.714091
79,9,0.714844
79,10,0.715579
79,11,0.716223
79,12,0.716699
79,13,0.716912
79,14,0.716755
79,15,0.716118
79,16,0.714912
79,17,0.713113
79,18,0.710802
79,19,0.708171
79,20,0.705492
79,21,0.703052
79,22,0.701072
79,23,0.699633
79,24,0.698657
79,25,0.697935
79,26,0.69719
79,27,0.696184
79,28,0.694809
79,29,0.693135
79,30,0.691412
79,31,0.690013
79,32,0.689331
79,33,0.68967
79,34,0.691137
79,35,0.693614
79,36,0.696767
79,37,0.700136
79,38,0.70326
79,39,0.705779
79,40,0.707523
79,41,0.708507
79,42,0.708903
79,43,0.708957
79,44,0.708924
79,45,0.709
79,46,0.709295
79,47,0.709814
79,48,0.710469
79,49,0.711097
79,50,0.711494
79,51,0.711464
79,52,0.710887
79,53,0.709756
79,54,0.708203
79,55,0.706476
79,56,0.704887
79,57,0.703741
79,58,0.703259
79,59,0.703555
79,60,0.704612
79,61,0.7063
79,62,0.708413
79,63,0.710693
79,64,0.712863
79,65,0.71467
79,66,0.715913
79,67,0.716475
79,68,0.716325
79,69,0.715522
79,70,0.714179
79,71,0.712432
79,72,0.710415
79,73,0.708248
79,74,0.706034
79,75,0.703878
79,76,0.701882
79,77,0.700161
79,78,0.698819
79,79,0.69794
79,80,0.697555
79,81,0.697636
79,82,0.698107
79,83,0.698861
79,84,0.699795
79,85,0.700828
79,86,0.70193
79,87,0.703107
79,88,0.704391
79,89,0.705805
79,90,0.707343
79,91,0.70895
79,92,0.710519
79,93,0.711903
79,94,0.712942
79,95,0.7135
80,0,0.710884
80,1,0.711038
80,2,0.711332
80,3,0.711741
80,4,0.712245
80,5,0.712816
80,6,0.71343
80,7,0.714047
80,8,0.714624
80,9,0.715105
80,10,0.715456
80,11,0.715643
80,12,0.715649
80,13,0.715439
80,14,0.714957
80,15,0.714125
80,16,0.712869
80,17,0.711164
80,18,0.709072
80,19,0.706761
80,20,0.704474
80,21,0.702466
80,22,0.700927
80,23,0.699913
80,24,0.69933
80,25,0.698959
80,26,0.698524
80,27,0.69779
80,28,0.696647
80,29,0.695156
80,30,0.69355
80,31,0.692178
80,32,0.691411
80,33,0.69153
80,34,0.69264
80,35,0.694636
80,36,0.697216
80,37,0.699973
80,38,0.702505
80,39,0.704508
80,40,0.705855
80,41,0.706586
80,42,0.706872
80,43,0.706941
80,44,0.707019
80,45,0.707263
80,46,0.707748
80,47,0.708455
80,48,0.709287
80,49,0.710091
80,50,0.710684
80,51,0.7109
80,52,0.710638
80,53,0.709901
80,54,0.708805
80,55,0.707568
80,56,0.706461
80,57,0.705745
80,58,0.705608
80,59,0.706139
80,60,0.707316
80,61,0.709014
80,62,0.711042
80,63,0.713164
80,64,0.715129
80,65,0.716709
80,66,0.717719
80,67,0.718054
80,68,0.717686
80,69,0.716667
80,70,0.715102
80,71,0.713117
80,72,0.71084
80,73,0.70839
80,74,0.705874
80,75,0.703405
80,76,0.701095
80,77,0.699072
80,78,0.697457
80,79,0.696354
80,80,0.695819
80,81,0.695848
80,82,0.696387
80,83,0.697344
80,84,0.698623
80,85,0.700129
80,86,0.701808
80,87,0.703622
80,88,0.705552
80,89,0.707575
80,90,0.709641
80,91,0.711674
80,92,0.71356
80,93,0.715161
80,94,0.716331
80,95,0.71695
81,0,0.70935
81,1,0.709623
81,2,0.710137
81,3,0.710833
81,4,0.711643
81,5,0.71249
81,6,0.713299
81,7,0.71399
81,8,0.714493
81,9,0.71475
81,10,0.71475
81,11,0.714507
81,12,0.714069
81,13,0.713471
81,14,0.712715
81,15,0.711766
81,16,0.710567
81,17,0.709088
81,18,0.707367
81,19,0.705534
81,20,0.703786
81,21,0.702329
81,22,0.701314
81,23,0.700769
81,24,0.700591
81,25,0.700568
81,26,0.700438
81,27,0.699978
81,28,0.699084
81,29,0.697805
81,30,0.696348
81,31,0.695027
81,32,0.694177
81,33,0.694056
81,34,0.694762
81,35,0.696213
81,36,0.698157
81,37,0.700251
81,38,0.702166
81,39,0.70366
81,40,0.704643
81,41,0.705164
81,42,0.70538
81,43,0.705478
81,44,0.705638
81,45,0.705976
81,46,0.706536
81,47,0.707289
81,48,0.708146
81,49,0.708984
81,50,0.709656
81,51,0.710035
81,52,0.710044
81,53,0.709689
81,54,0.709065
81,55,0.708347
81,56,0.707754
81,57,0.707492
81,58,0.707709
81,59,0.708471
81,60,0.709751
81,61,0.711438
81,62,0.713363
81,63,0.71532
81,64,0.717085
81,65,0.718451
81,66,0.719251
81,67,0.719388
81,68,0.718836
81,69,0.717642
81,70,0.715906
81,71,0.713745
81,72,0.711286
81,73,0.708643
81,74,0.705923
81,75,0.70324
81,76,0.70071
81,77,0.698469
81,78,0.696649
81,79,0.695371
81,80,0.694712
81,81,0.694691
81,82,0.695276
81,83,0.696391
81,84,0.697942
81,85,0.699825
81,86,0.701958
81,87,0.704269
81,88,0.706697
81,89,0.70918
81,90,0.711641
81,91,0.713991
81,92,0.716114
81,93,0.717878
81,94,0.719151
81,95,0.719818
82,0,0.706877
82,1,0.707275
82,2,0.708019
82,3,0.709021
82,4,0.710169
82,5,0.711335
82,6,0.712395
82,7,0.713227
82,8,0.713728
82,9,0.713836
82,10,0.713556
82,11,0.712951
82,12,0.71213
82,13,0.711201
82,14,0.710233
82,15,0.709238
82,16,0.708182
82,17,0.707031
82,18,0.705797
82,19,0.704557
82,20,0.703449
82,21,0.70262
82,22,0.702169
82,23,0.7021
82,24,0.702304
82,25,0.702587
82,26,0.702718
82,27,0.702499
82,28,0.701836
82,29,0.700769
82,30,0.699475
82,31,0.698224
82,32,0.697306
82,33,0.696947
82,34,0.697241
82,35,0.698132
82,36,0.699425
82,37,0.700858
82,38,0.70218
82,39,0.703215
82,40,0.703906
82,41,0.704296
82,42,0.704505
82,43,0.704666
82,44,0.704897
82,45,0.705267
82,46,0.705797
82,47,0.706459
82,48,0.707193
82,49,0.707919
82,50,0.708544
82,51,0.708986
82,52,0.709197
82,53,0.709183
82,54,0.709012
82,55,0.708808
82,56,0.708726
82,57,0.708912
82,58,0.709464
82,59,0.710425
82,60,0.711767
82,61,0.713399
82,62,0.715186
82,63,0.716955
82,64,0.718517
82,65,0.719687
82,66,0.720313
82,67,0.720302
82,68,0.719624
82,69,0.718322
82,70,0.716488
82,71,0.714236
82,72,0.711687
82,73,0.708954
82,74,0.706142
82,75,0.703361
82,76,0.700727
82,77,0.698375
82,78,0.696444
82,79,0.695065
82,80,0.694332
82,81,0.694283
82,82,0.694904
82,83,0.696132
82,84,0.697874
82,85,0.700019
82,86,0.702463
82,87,0.705109
82,88,0.707863
82,89,0.710642
82,90,0.713352
82,91,0.7159
82,92,0.718173
82,93,0.720045
82,94,0.721386
82,95,0.722088
83,0,0.703919
83,1,0.704418
83,2,0.705355
83,3,0.706619
83,4,0.708068
83,5,0.709539
83,6,0.710864
83,7,0.711879
83,8,0.712451
83,9,0.7125
83,10,0.71204
83,11,0.711169
83,12,0.710052
83,13,0.708866
83,14,0.707745
83,15,0.706757
83,16,0.705897
83,17,0.705131
83,18,0.70444
83,19,0.703847
83,20,0.703421
83,21,0.703237
83,22,0.703342
83,23,0.703709
83,24,0.704233
83,25,0.704747
83,26,0.705058
83,27,0.705006
83,28,0.704517
83,29,0.703629
83,30,0.702486
83,31,0.701314
83,32,0.70035
83,33,0.699783
83,34,0.6997
83,35,0.70007
83,36,0.700762
83,37,0.701596
83,38,0.702406
83,39,0.703079
83,40,0.703585
83,41,0.703951
83,42,0.704242
83,43,0.704521
83,44,0.704836
83,45,0.705206
83,46,0.70563
83,47,0.706097
83,48,0.706587
83,49,0.707079
83,50,0.707545
83,51,0.707954
83,52,0.708289
83,53,0.708557
83,54,0.708793
83,55,0.709067
83,56,0.70946
83,57,0.710051
83,58,0.710886
83,59,0.711981
83,60,0.713312
83,61,0.714817
83,62,0.716399
83,63,0.717937
83,64,0.719277
83,65,0.720264
83,66,0.720756
83,67,0.720661
83,68,0.719938
83,69,0.718618
83,70,0.716781
83,71,0.714535
83,72,0.711998
83,73,0.709282
83,74,0.70649
83,75,0.703728
83,76,0.701108
83,77,0.698761
83,78,0.696825
83,79,0.695434
83,80,0.694692
83,81,0.69465
83,82,0.695306
83,83,0.696604
83,84,0.698457
83,85,0.700745
83,86,0.703351
83,87,0.70616
83,88,0.709063
83,89,0.711965
83,90,0.714772
83,91,0.717393
83,92,0.719722
83,93,0.721635
83,94,0.723006
83,95,0.723725
84,0,0.701005
84,1,0.701558
84,2,0.702602
84,3,0.704025
84,4,0.705678
84,5,0.707381
84,6,0.708938
84,7,0.710151
84,8,0.71085
84,9,0.71093
84,10,0.710397
84,11,0.709368
84,12,0.708048
84,13,0.706676
84,14,0.705452
84,15,0.704498
84,16,0.703847
84,17,0.703469
84,18,0.703316
84,19,0.703357
84,20,0.703585
84,21,0.704005
84,22,0.704605
84,23,0.705331
84,24,0.706079
84,25,0.706716
84,26,0.707097
84,27,0.707108
84,28,0.706707
84,29,0.705936
84,30,0.704914
84,31,0.703822
84,32,0.702845
84,33,0.70213
84,34,0.701749
84,35,0.701694
84,36,0.701894
84,37,0.702251
84,38,0.702681
84,39,0.70313
84,40,0.703587
84,41,0.704051
84,42,0.704525
84,43,0.704992
84,44,0.705423
84,45,0.705789
84,46,0.706075
84,47,0.70629
84,48,0.706467
84,49,0.706653
84,50,0.706886
84,51,0.707191
84,52,0.707582
84,53,0.708065
84,54,0.708644
84,55,0.709327
84,56,0.710125
84,57,0.711041
84,58,0.712068
84,59,0.713197
84,60,0.714411
84,61,0.715682
84,62,0.716969
84,63,0.718205
84,64,0.719288
84,65,0.720093
84,66,0.720491
84,67,0.720382
84,68,0.719707
84,69,0.718474
84,70,0.716744
84,71,0.71461
84,72,0.712186
84,73,0.709584
84,74,0.706908
84,75,0.704265
84,76,0.701761
84,77,0.699522
84,78,0.697679
84,79,0.696362
84,80,0.695677
84,81,0.695679
84,82,0.69637
84,83,0.697703
84,84,0.699587
84,85,0.701901
84,86,0.704522
84,87,0.707326
84,88,0.710202
84,89,0.71306
84,90,0.715812
84,91,0.71838
84,92,0.720666
84,93,0.722552
84,94,0.723908
84,95,0.724621
85,0,0.698617
85,1,0.699158
85,2,0.700192
85,3,0.701628
85,4,0.703339
85,5,0.705153
85,6,0.706867
85,7,0.708257
85,8,0.709115
85,9,0.709298
85,10,0.708787
85,11,0.707697
85,12,0.706261
85,13,0.704764
85,14,0.703467
85,15,0.702551
85,16,0.702086
85,17,0.702051
85,18,0.702376
85,19,0.702975
85,20,0.703774
85,21,0.704703
85,22,0.705695
85,23,0.706669
85,24,0.707525
85,25,0.708164
85,26,0.708493
85,27,0.708452
85,28,0.70804
85,29,0.707312
85,30,0.706375
85,31,0.705366
85,32,0.70442
85,33,0.70364
85,34,0.703077
85,35,0.702739
85,36,0.702606
85,37,0.702654
85,38,0.702873
85,39,0.703259
85,40,0.703811
85,41,0.704495
85,42,0.705249
85,43,0.705971
85,44,0.706563
85,45,0.706949
85,46,0.707105
85,47,0.70707
85,48,0.706928
85,49,0.706794
85,50,0.706775
85,51,0.706945
85,52,0.707347
85,53,0.707985
85,54,0.708829
85,55,0.709831
85,56,0.710927
85,57,0.712053
85,58,0.71315
85,59,0.714182
85,60,0.715147
85,61,0.716059
85,62,0.716938
85,63,0.717786
85,64,0.718559
85,65,0.719171
85,66,0.719503
85,67,0.719446
85,68,0.718911
85,69,0.71787
85,70,0.716351
85,71,0.714426
85,72,0.712201
85,73,0.709789
85,74,0.7073
85,75,0.704845
85,76,0.702531
85,77,0.700476
85,78,0.698801
85,79,0.697627
85,80,0.69705
85,81,0.697123
85,82,0.697847
85,83,0.699172
85,84,0.701011
85,85,0.703241
85,86,0.705738
85,87,0.708383
85,88,0.711075
85,89,0.713734
85,90,0.716293
85,91,0.718688
85,92,0.720836
85,93,0.722622
85,94,0.723917
85,95,0.724601
86,0,0.697087
86,1,0.697543
86,2,0.698435
86,3,0.699719
86,4,0.701317
86,5,0.703095
86,6,0.704862
86,7,0.706375
86,8,0.707391
86,9,0.707716
86,10,0.707293
86,11,0.706216
86,12,0.704727
86,13,0.703149
86,14,0.701795
86,15,0.700898
86,16,0.700569
86,17,0.700799
86,18,0.7015
86,19,0.702541
86,20,0.703782
86,21,0.705091
86,22,0.706348
86,23,0.707447
86,24,0.708292
86,25,0.708818
86,26,0.708983
86,27,0.708788
86,28,0.708277
86,29,0.707531
86,30,0.706648
86,31,0.705735
86,32,0.704878
86,33,0.704132
86,34,0.703525
86,35,0.703072
86,36,0.702793
86,37,0.702725
86,38,0.702916
86,39,0.703403
86,40,0.704185
86,41,0.705195
86,42,0.706302
86,43,0.707333
86,44,0.708127
86,45,0.708571
86,46,0.708639
86,47,0.7084
86,48,0.707991
86,49,0.707587
86,50,0.707351
86,51,0.707402
86,52,0.7078
86,53,0.708545
86,54,0.709575
86,55,0.710788
86,56,0.712057
86,57,0.713252
86,58,0.71427
86,59,0.715059
86,60,0.715632
86,61,0.716053
86,62,0.716409
86,63,0.716778
86,64,0.717182
86,65,0.717575
86,66,0.717855
86,67,0.717896
86,68,0.717572
86,69,0.716807
86,70,0.715584
86,71,0.713943
86,72,0.711977
86,73,0.7098
86,74,0.707534
86,75,0.7053
86,76,0.703212
86,77,0.701382
86,78,0.699919
86,79,0.698927
86,80,0.698485
86,81,0.698636
86,82,0.699373
86,83,0.700645
86,84,0.702362
86,85,0.704406
86,86,0.70666
86,87,0.709016
86,88,0.711389
86,89,0.713724
86,90,0.715972
86,91,0.718095
86,92,0.72002
86,93,0.721642
86,94,0.72283
86,95,0.723462
87,0,0.696538
87,1,0.69684
87,2,0.697467
87,3,0.69844
87,4,0.699758
87,5,0.701347
87,6,0.703046
87,7,0.704606
87,8,0.705743
87,9,0.706213
87,10,0.705904
87,11,0.704878
87,12,0.703374
87,13,0.701738
87,14,0.700325
87,15,0.699416
87,16,0.69916
87,17,0.699562
87,18,0.70052
87,19,0.701866
87,20,0.703408
87,21,0.704958
87,22,0.706353
87,23,0.707462
87,24,0.708197
87,25,0.708521
87,26,0.708445
87,27,0.708028
87,28,0.707365
87,29,0.706565
87,30,0.705732
87,31,0.704942
87,32,0.704238
87,33,0.703631
87,34,0.703122
87,35,0.702726
87,36,0.702489
87,37,0.702494
87,38,0.702833
87,39,0.703566
87,40,0.704689
87,41,0.706095
87,42,0.707599
87,43,0.708967
87,44,0.709989
87,45,0.71053
87,46,0.710569
87,47,0.710206
87,48,0.709623
87,49,0.709043
87,50,0.708672
87,51,0.708655
87,52,0.709064
87,53,0.709886
87,54,0.711028
87,55,0.712341
87,56,0.713646
87,57,0.714762
87,58,0.715551
87,59,0.715953
87,60,0.716003
87,61,0.715814
87,62,0.715547
87,63,0.715354
87,64,0.715325
87,65,0.715462
87,66,0.715679
87,67,0.71583
87,68,0.71575
87,69,0.715304
87,70,0.714422
87,71,0.713103
87,72,0.711419
87,73,0.709488
87,74,0.707446
87,75,0.705433
87,76,0.703571
87,77,0.701971
87,78,0.700727
87,79,0.699923
87,80,0.699615
87,81,0.699827
87,82,0.700543
87,83,0.701708
87,84,0.703232
87,85,0.705007
87,86,0.706925
87,87,0.708897
87,88,0.710858
87,89,0.712777
87,90,0.714634
87,91,0.716408
87,92,0.718046
87,93,0.71945
87,94,0.720492
87,95,0.721052
88,0,0.696865
88,1,0.696962
88,2,0.697225
88,3,0.697762
88,4,0.698663
88,5,0.69993
88,6,0.701448
88,7,0.702965
88,8,0.704165
88,9,0.704744
88,10,0.704537
88,11,0.703564
88,12,0.702051
88,13,0.700357
88,14,0.698871
88,15,0.697914
88,16,0.697666
88,17,0.698147
88,18,0.699248
88,19,0.700774
88,20,0.702488
88,21,0.704161
88,22,0.705592
88,23,0.706631
88,24,0.707194
88,25,0.707273
88,26,0.706926
88,27,0.706267
88,28,0.705442
88,29,0.704594
88,30,0.703829
88,31,0.703202
88,32,0.702717
88,33,0.702345
88,34,0.702058
88,35,0.701866
88,36,0.701834
88,37,0.702073
88,38,0.702704
88,39,0.703797
88,40,0.705334
88,41,0.707173
88,42,0.709084
88,43,0.710789
88,44,0.712046
88,45,0.712715
88,46,0.712786
88,47,0.71239
88,48,0.711745
88,49,0.711108
88,50,0.710709
88,51,0.710704
88,52,0.711159
88,53,0.712043
88,54,0.713235
88,55,0.714548
88,56,0.715762
88,57,0.716662
88,58,0.717091
88,59,0.716988
88,60,0.716414
88,61,0.715533
88,62,0.71457
88,63,0.71375
88,64,0.713231
88,65,0.713061
88,66,0.71317
88,67,0.713401
88,68,0.713546
88,69,0.71341
88,70,0.712864
88,71,0.71186
88,72,0.710446
88,73,0.70874
88,74,0.706896
88,75,0.705073
88,76,0.703408
88,77,0.702012
88,78,0.700965
88,79,0.700323
88,80,0.700119
88,81,0.700356
88,82,0.701007
88,83,0.702012
88,84,0.703288
88,85,0.704735
88,86,0.706262
88,87,0.707797
88,88,0.709297
88,89,0.710757
88,90,0.712177
88,91,0.713559
88,92,0.714865
88,93,0.716011
88,94,0.716878
88,95,0.717349
89,0,0.697785
89,1,0.697646
89,2,0.69749
89,3,0.697515
89,4,0.69791
89,5,0.698765
89,6,0.700009
89,7,0.7014
89,8,0.702587
89,9,0.703217
89,10,0.703066
89,11,0.702117
89,12,0.700577
89,13,0.69881
89,14,0.697231
89,15,0.696191
89,16,0.695897
89,17,0.696384
89,18,0.697539
89,19,0.699148
89,20,0.700944
89,21,0.702663
89,22,0.704074
89,23,0.705011
89,24,0.705393
89,25,0.705235
89,26,0.704637
89,27,0.703762
89,28,0.702807
89,29,0.701942
89,30,0.701282
89,31,0.700863
89,32,0.700653
89,33,0.700588
89,34,0.700612
89,35,0.700732
89,36,0.701022
89,37,0.701612
89,38,0.702634
89,39,0.704157
89,40,0.706143
89,41,0.708419
89,42,0.710717
89,43,0.712735
89,44,0.714218
89,45,0.715031
89,46,0.715187
89,47,0.714843
89,48,0.714246
89,49,0.713671
89,50,0.713354
89,51,0.713447
89,52,0.713995
89,53,0.714943
89,54,0.716141
89,55,0.717375
89,56,0.718399
89,57,0.718981
89,58,0.718957
89,59,0.718276
89,60,0.717025
89,61,0.71541
89,62,0.713716
89,63,0.712229
89,64,0.711167
89,65,0.710624
89,66,0.710554
89,67,0.710789
89,68,0.711087
89,69,0.7112
89,70,0.710937
89,71,0.710202
89,72,0.709017
89,73,0.707495
89,74,0.705804
89,75,0.704124
89,76,0.70261
89,77,0.70137
89,78,0.70047
89,79,0.699945
89,80,0.699798
89,81,0.700013
89,82,0.700554
89,83,0.701359
89,84,0.702352
89,85,0.703449
89,86,0.704571
89,87,0.705664
89,88,0.706704
89,89,0.707701
89,90,0.708678
89,91,0.709654
89,92,0.710608
89,93,0.711472
89,94,0.712142
89,95,0.712513
90,0,0.698922
90,1,0.698542
90,2,0.697957
90,3,0.697451
90,4,0.697312
90,5,0.697713
90,6,0.698631
90,7,0.699831
90,8,0.700937
90,9,0.70155
90,10,0.701397
90,11,0.700426
90,12,0.698826
90,13,0.696964
90,14,0.69527
90,15,0.69412
90,16,0.693743
90,17,0.694187
90,18,0.69534
90,19,0.696977
90,20,0.698812
90,21,0.70055
90,22,0.701937
90,23,0.702791
90,24,0.703031
90,25,0.702689
90,26,0.701899
90,27,0.700871
90,28,0.699843
90,29,0.699011
90,30,0.698497
90,31,0.698319
90,32,0.698418
90,33,0.698695
90,34,0.699079
90,35,0.699568
90,36,0.700244
90,37,0.701246
90,38,0.702709
90,39,0.704689
90,40,0.707123
90,41,0.709811
90,42,0.71246
90,43,0.714753
90,44,0.71644
90,45,0.717402
90,46,0.71768
90,47,0.717456
90,48,0.716996
90,49,0.716581
90,50,0.716442
90,51,0.716707
90,52,0.717393
90,53,0.718416
90,54,0.719598
90,55,0.720705
90,56,0.72148
90,57,0.721688
90,58,0.721172
90,59,0.719894
90,60,0.717964
90,61,0.715624
90,62,0.7132
90,63,0.71103
90,64,0.709384
90,65,0.708399
90,66,0.708055
90,67,0.708186
90,68,0.708528
90,69,0.708788
90,70,0.708721
90,71,0.708187
90,72,0.707173
90,73,0.705784
90,74,0.704198
90,75,0.702611
90,76,0.70119
90,77,0.700048
90,78,0.699236
90,79,0.698767
90,80,0.698624
90,81,0.698771
90,82,0.699167
90,83,0.699753
90,84,0.700462
90,85,0.701222
90,86,0.701968
90,87,0.702657
90,88,0.703276
90,89,0.703846
90,90,0.704405
90,91,0.704985
90,92,0.705586
90,93,0.70616
90,94,0.706622
90,95,0.706884
91,0,0.699936
91,1,0.699334
91,2,0.698351
91,3,0.69735
91,4,0.696706
91,5,0.696664
91,6,0.697245
91,7,0.698221
91,8,0.699195
91,9,0.699731
91,10,0.699519
91,11,0.698479
91,12,0.696785
91,13,0.694805
91,14,0.692982
91,15,0.691707
91,16,0.691228
91,17,0.691607
91,18,0.692736
91,19,0.694387
91,20,0.696257
91,21,0.698032
91,22,0.699433
91,23,0.700261
91,24,0.700429
91,25,0.699982
91,26,0.699082
91,27,0.697975
91,28,0.696935
91,29,0.696181
91,30,0.69584
91,31,0.695917
91,32,0.696325
91,33,0.696946
91,34,0.69769
91,35,0.698555
91,36,0.699628
91,37,0.701052
91,38,0.702956
91,39,0.705378
91,40,0.708231
91,41,0.711288
91,42,0.714239
91,43,0.716765
91,44,0.718629
91,45,0.719737
91,46,0.720156
91,47,0.720093
91,48,0.719829
91,49,0.719641
91,50,0.719742
91,51,0.720232
91,52,0.721092
91,53,0.722204
91,54,0.723366
91,55,0.72433
91,56,0.724842
91,57,0.724671
91,58,0.723676
91,59,0.721834
91,60,0.719274
91,61,0.716258
91,62,0.713144
91,63,0.710305
91,64,0.708053
91,65,0.706567
91,66,0.705858
91,67,0.705772
91,68,0.706037
91,69,0.706329
91,70,0.706362
91,71,0.705949
91,72,0.705047
91,73,0.703746
91,74,0.702222
91,75,0.700681
91,76,0.699302
91,77,0.698199
91,78,0.697415
91,79,0.696947
91,80,0.696759
91,81,0.696806
91,82,0.697043
91,83,0.697416
91,84,0.697869
91,85,0.698339
91,86,0.69877
91,87,0.699123
91,88,0.699388
91,89,0.699592
91,90,0.699778
91,91,0.699993
91,92,0.700256
91,93,0.700544
91,94,0.700797
91,95,0.700948
92,0,0.700613
92,1,0.699824
92,2,0.698507
92,3,0.697087
92,4,0.696011
92,5,0.695582
92,6,0.695855
92,7,0.696607
92,8,0.697425
92,9,0.697848
92,10,0.697538
92,11,0.696395
92,12,0.694586
92,13,0.692477
92,14,0.690521
92,15,0.689122
92,16,0.688542
92,17,0.688854
92,18,0.689962
92,19,0.691635
92,20,0.693561
92,21,0.695408
92,22,0.696876
92,23,0.697746
92,24,0.69792
92,25,0.69745
92,26,0.696517
92,27,0.695396
92,28,0.694393
92,29,0.693744
92,30,0.693581
92,31,0.693897
92,32,0.694587
92,33,0.695513
92,34,0.696582
92,35,0.697787
92,36,0.699222
92,37,0.701032
92,38,0.703336
92,39,0.706153
92,40,0.70937
92,41,0.71274
92,42,0.71594
92,43,0.718657
92,44,0.72067
92,45,0.721911
92,46,0.722475
92,47,0.722589
92,48,0.722542
92,49,0.722606
92,50,0.722972
92,51,0.723706
92,52,0.724755
92,53,0.725966
92,54,0.727116
92,55,0.727952
92,56,0.728222
92,57,0.727712
92,58,0.726296
92,59,0.723967
92,60,0.720864
92,61,0.717261
92,62,0.71353
92,63,0.710071
92,64,0.707227
92,65,0.705215
92,66,0.70408
92,67,0.703691
92,68,0.70378
92,69,0.704007
92,70,0.704053
92,71,0.703696
92,72,0.702859
92,73,0.701608
92,74,0.700115
92,75,0.698588
92,76,0.697211
92,77,0.696102
92,78,0.695298
92,79,0.694787
92,80,0.694523
92,81,0.694456
92,82,0.694541
92,83,0.694731
92,84,0.694978
92,85,0.695226
92,86,0.69542
92,87,0.69552
92,88,0.695512
92,89,0.695421
92,90,0.695295
92,91,0.695191
92,92,0.695148
92,93,0.69517
92,94,0.695225
92,95,0.695271
93,0,0.700917
93,1,0.699988
93,2,0.698417
93,3,0.696679
93,4,0.695272
93,5,0.694541
93,6,0.694564
93,7,0.695123
93,8,0.695792
93,9,0.696094
93,10,0.695673
93,11,0.694418
93,12,0.692492
93,13,0.690261
93,14,0.688185
93,15,0.686676
93,16,0.686007
93,17,0.686267
93,18,0.687365
93,19,0.689075
93,20,0.691078
93,21,0.693026
93,22,0.694599
93,23,0.695559
93,24,0.695796
93,25,0.695361
93,26,0.694449
93,27,0.693358
93,28,0.692415
93,29,0.691874
93,30,0.691868
93,31,0.692383
93,32,0.6933
93,33,0.694472
93,34,0.695798
93,35,0.697278
93,36,0.699008
93,37,0.701133
93,38,0.703764
93,39,0.706901
93,40,0.710409
93,41,0.714024
93,42,0.717418
93,43,0.720283
93,44,0.722414
93,45,0.723769
93,46,0.724463
93,47,0.724741
93,48,0.724897
93,49,0.725196
93,50,0.725809
93,51,0.726772
93,52,0.727997
93,53,0.729305
93,54,0.730456
93,55,0.731192
93,56,0.73127
93,57,0.730491
93,58,0.728744
93,59,0.726033
93,60,0.722502
93,61,0.718429
93,62,0.714193
93,63,0.710206
93,64,0.706836
93,65,0.704331
93,66,0.702773
93,67,0.702054
93,68,0.701921
93,69,0.702027
93,70,0.702033
93,71,0.701686
93,72,0.700878
93,73,0.699655
93,74,0.698174
93,75,0.696641
93,76,0.695243
93,77,0.694099
93,78,0.693247
93,79,0.692672
93,80,0.692322
93,81,0.692148
93,82,0.692107
93,83,0.692158
93,84,0.692257
93,85,0.692354
93,86,0.69239
93,87,0.692319
93,88,0.69212
93,89,0.691811
93,90,0.691443
93,91,0.691081
93,92,0.690784
93,93,0.69058
93,94,0.690465
93,95,0.690418
94,0,0.700967
94,1,0.699944
94,2,0.698207
94,3,0.696259
94,4,0.694631
94,5,0.693697
94,6,0.693546
94,7,0.693965
94,8,0.69452
94,9,0.694721
94,10,0.694205
94,11,0.692857
94,12,0.690835
94,13,0.688508
94,14,0.686339
94,15,0.684748
94,16,0.684017
94,17,0.684241
94,18,0.685341
94,19,0.68709
94,20,0.689169
94,21,0.691216
94,22,0.692896
94,23,0.693954
94,24,0.694271
94,25,0.693892
94,26,0.693022
94,27,0.691974
94,28,0.691089
94,29,0.690634
94,30,0.690743
94,31,0.691398
94,32,0.692473
94,33,0.693813
94,34,0.695318
94,35,0.696988
94,36,0.698924
94,37,0.701271
94,38,0.704132
94,39,0.707493
94,40,0.711205
94,41,0.71499
94,42,0.718517
94,43,0.721485
94,44,0.723699
94,45,0.725137
94,46,0.72593
94,47,0.726334
94,48,0.726646
94,49,0.727127
94,50,0.727929
94,51,0.729067
94,52,0.73043
94,53,0.731817
94,54,0.732976
94,55,0.733647
94,56,0.733595
94,57,0.732632
94,58,0.73066
94,59,0.72769
94,60,0.723867
94,61,0.719466
94,62,0.714868
94,63,0.710493
94,64,0.706724
94,65,0.703834
94,66,0.701931
94,67,0.700932
94,68,0.700596
94,69,0.700579
94,70,0.700528
94,71,0.700171
94,72,0.699375
94,73,0.698166
94,74,0.696688
94,75,0.695143
94,76,0.693718
94,77,0.692534
94,78,0.691632
94,79,0.690995
94,80,0.690572
94,81,0.690316
94,82,0.690186
94,83,0.690146
94,84,0.690156
94,85,0.690164
94,86,0.690109
94,87,0.689937
94,88,0.689619
94,89,0.689167
94,90,0.688633
94,91,0.688088
94,92,0.687606
94,93,0.687235
94,94,0.686993
94,95,0.686878
95,0,0.70093
95,1,0.699861
95,2,0.698042
95,3,0.695991
95,4,0.694254
95,5,0.693218
95,6,0.69298
95,7,0.693325
95,8,0.693817
95,9,0.693962
95,10,0.693393
95,11,0.691991
95,12,0.689915
95,13,0.687535
95,14,0.685317
95,15,0.683683
95,16,0.682919
95,17,0.683127
95,18,0.68423
95,19,0.686006
95,20,0.688131
95,21,0.690241
95,22,0.691988
95,23,0.693109
95,24,0.693478
95,25,0.69314
95,26,0.692301
95,27,0.691281
95,28,0.690431
95,29,0.690023
95,30,0.690192
95,31,0.69092
95,32,0.692075
95,33,0.6935
95,34,0.695095
95,35,0.696862
95,36,0.698903
95,37,0.701365
95,38,0.704344
95,39,0.707821
95,40,0.711637
95,41,0.71551
95,42,0.719105
95,43,0.722125
95,44,0.724383
95,45,0.725865
95,46,0.726711
95,47,0.727183
95,48,0.727581
95,49,0.72816
95,50,0.729065
95,51,0.730299
95,52,0.731737
95,53,0.733169
95,54,0.734335
95,55,0.734974
95,56,0.734858
95,57,0.733803
95,58,0.731718
95,59,0.728616
95,60,0.724645
95,61,0.720076
95,62,0.715289
95,63,0.710707
95,64,0.706722
95,65,0.70362
95,66,0.701523
95,67,0.700362
95,68,0.699906
95,69,0.699813
95,70,0.699724
95,71,0.699356
95,72,0.698563
95,73,0.697359
95,74,0.695881
95,75,0.694327
95,76,0.692884
95,77,0.691675
95,78,0.690741
95,79,0.690067
95,80,0.689603
95,81,0.689303
95,82,0.689127
95,83,0.689043
95,84,0.689012
95,85,0.68898
95,86,0.688885
95,87,0.688668
95,88,0.688293
95,89,0.687772
95,90,0.687153
95,91,0.686513
95,92,0.685933
95,93,0.685474
95,94,0.685164
95,95,0.685013
