fy,fx,density
0,0,0.706035
0,1,0.707096
0,2,0.708953
0,3,0.711162
0,4,0.713248
0,5,0.714855
0,6,0.715848
0,7,0.716323
0,8,0.716555
0,9,0.71686
0,10,0.717472
0,11,0.718466
0,12,0.719734
0,13,0.721041
0,14,0.722119
0,15,0.72274
0,16,0.722781
0,17,0.722196
0,18,0.72099
0,19,0.71917
0,20,0.716724
0,21,0.713648
0,22,0.709991
0,23,0.705901
0,24,0.70164
0,25,0.697563
0,26,0.694067
0,27,0.691498
0,28,0.690086
0,29,0.689919
0,30,0.690924
0,31,0.692907
0,32,0.695595
0,33,0.698681
0,34,0.701851
0,35,0.704812
0,36,0.707293
0,37,0.70906
0,38,0.709946
0,39,0.709864
0,40,0.708825
0,41,0.706939
0,42,0.704413
0,43,0.701505
0,44,0.698513
0,45,0.695739
0,46,0.693458
0,47,0.69188
0,48,0.691122
0,49,0.691166
0,50,0.69187
0,51,0.692987
0,52,0.69424
0,53,0.695377
0,54,0.696241
0,55,0.696789
0,56,0.697082
0,57,0.697245
0,58,0.69741
0,59,0.697664
0,60,0.698033
0,61,0.698465
0,62,0.698852
0,63,0.699077
0,64,0.699036
0,65,0.698685
0,66,0.698064
0,67,0.697302
0,68,0.696595
0,69,0.696166
0,70,0.696204
0,71,0.696796
0,72,0.6979
0,73,0.699328
0,74,0.700782
0,75,0.701919
0,76,0.702472
0,77,0.702317
0,78,0.701556
0,79,0.7005
0,80,0.699605
0,81,0.699339
0,82,0.700054
0,83,0.701852
0,84,0.704537
0,85,0.707648
0,86,0.71056
0,87,0.712645
0,88,0.713421
0,89,0.712664
0,90,0.71045
0,91,0.707139
0,92,0.703304
0,93,0.699616
0,94,0.696723
0,95,0.695138
1,0,0.706301
1,1,0.707287
1,2,0.709008
1,3,0.711042
1,4,0.712943
1,5,0.71438
1,6,0.715237
1,7,0.715617
1,8,0.715789
1,9,0.716061
1,10,0.716653
1,11,0.717632
1,12,0.718886
1,13,0.720183
1,14,0.721258
1,15,0.721894
1,16,0.721971
1,17,0.721447
1,18,0.720327
1,19,0.71862
1,20,0.716315
1,21,0.713407
1,22,0.709937
1,23,0.706042
1,24,0.701966
1,25,0.698043
1,26,0.69465
1,27,0.692123
1,28,0.690694
1,29,0.690464
1,30,0.69138
1,31,0.693273
1,32,0.69589
1,33,0.698937
1,34,0.702102
1,35,0.705085
1,36,0.707598
1,37,0.709391
1,38,0.710282
1,39,0.710176
1,40,0.709086
1,41,0.70713
1,42,0.704532
1,43,0.701568
1,44,0.698552
1,45,0.695794
1,46,0.693566
1,47,0.692067
1,48,0.691395
1,49,0.691512
1,50,0.692254
1,51,0.693366
1,52,0.694564
1,53,0.695605
1,54,0.696342
1,55,0.696748
1,56,0.696901
1,57,0.696937
1,58,0.696996
1,59,0.697164
1,60,0.697462
1,61,0.697833
1,62,0.698165
1,63,0.698343
1,64,0.698271
1,65,0.697918
1,66,0.697332
1,67,0.696647
1,68,0.696052
1,69,0.695754
1,70,0.695923
1,71,0.696628
1,72,0.697818
1,73,0.699306
1,74,0.700801
1,75,0.701977
1,76,0.702577
1,77,0.70249
1,78,0.701814
1,79,0.700853
1,80,0.700048
1,81,0.699851
1,82,0.700602
1,83,0.702399
1,84,0.70505
1,85,0.708104
1,86,0.710954
1,87,0.712986
1,88,0.71373
1,89,0.712967
1,90,0.710769
1,91,0.70749
1,92,0.703695
1,93,0.700044
1,94,0.697179
1,95,0.69561
2,0,0.706597
2,1,0.707451
2,2,0.70893
2,3,0.710656
2,4,0.712234
2,5,0.713377
2,6,0.714
2,7,0.714217
2,8,0.714289
2,9,0.714504
2,10,0.71506
2,11,0.716007
2,12,0.717228
2,13,0.718497
2,14,0.719565
2,15,0.720226
2,16,0.72037
2,17,0.719961
2,18,0.719005
2,19,0.717514
2,20,0.715477
2,21,0.712886
2,22,0.709771
2,23,0.706248
2,24,0.702523
2,25,0.698892
2,26,0.695697
2,27,0.693255
2,28,0.6918
2,29,0.691456
2,30,0.69221
2,31,0.693938
2,32,0.696427
2,33,0.699405
2,34,0.702566
2,35,0.705594
2,36,0.708175
2,37,0.710025
2,38,0.710936
2,39,0.7108
2,40,0.709628
2,41,0.70756
2,42,0.704846
2,43,0.701796
2,44,0.698746
2,45,0.69602
2,46,0.693887
2,47,0.692522
2,48,0.691991
2,49,0.692218
2,50,0.693008
2,51,0.694086
2,52,0.695167
2,53,0.696017
2,54,0.696514
2,55,0.69666
2,56,0.69656
2,57,0.696371
2,58,0.696244
2,59,0.696263
2,60,0.696438
2,61,0.696701
2,62,0.696934
2,63,0.697023
2,64,0.696891
2,65,0.696526
2,66,0.695997
2,67,0.695445
2,68,0.695047
2,69,0.694982
2,70,0.695384
2,71,0.69629
2,72,0.697629
2,73,0.699214
2,74,0.700775
2,75,0.70201
2,76,0.702692
2,77,0.702723
2,78,0.702203
2,79,0.70142
2,80,0.700788
2,81,0.70073
2,82,0.701562
2,83,0.70337
2,84,0.705968
2,85,0.708925
2,86,0.711661
2,87,0.713595
2,88,0.714278
2,89,0.7135
2,90,0.711332
2,91,0.708118
2,92,0.704402
2,93,0.700828
2,94,0.698023
2,95,0.696486
3,0,0.706542
3,1,0.707233
3,2,0.708419
3,3,0.709776
3,4,0.71097
3,5,0.711771
3,6,0.712128
3,7,0.712165
3,8,0.712129
3,9,0.712281
3,10,0.71279
3,11,0.713687
3,12,0.714854
3,13,0.716077
3,14,0.717125
3,15,0.717813
3,16,0.718045
3,17,0.717791
3,18,0.71706
3,19,0.715864
3,20,0.714193
3,21,0.712035
3,22,0.709407
3,23,0.706392
3,24,0.703151
3,25,0.699926
3,26,0.697011
3,27,0.694696
3,28,0.693218
3,29,0.692732
3,30,0.693279
3,31,0.694797
3,32,0.697123
3,33,0.700022
3,34,0.703189
3,35,0.706292
3,36,0.708977
3,37,0.710923
3,38,0.711886
3,39,0.711738
3,40,0.710496
3,41,0.708319
3,42,0.705491
3,43,0.702358
3,44,0.699286
3,45,0.696611
3,46,0.69459
3,47,0.693373
3,48,0.692982
3,49,0.693298
3,50,0.694093
3,51,0.695076
3,52,0.695959
3,53,0.696532
3,54,0.696702
3,55,0.69651
3,56,0.696092
3,57,0.69563
3,58,0.695282
3,59,0.695128
3,60,0.695161
3,61,0.695294
3,62,0.695399
3,63,0.695369
3,64,0.695147
3,65,0.694752
3,66,0.694281
3,67,0.693884
3,68,0.693723
3,69,0.693943
3,70,0.694627
3,71,0.695772
3,72,0.69728
3,73,0.698968
3,74,0.700587
3,75,0.701876
3,76,0.702644
3,77,0.702818
3,78,0.7025
3,79,0.701959
3,80,0.701574
3,81,0.701727
3,82,0.702697
3,83,0.704551
3,84,0.707103
3,85,0.709947
3,86,0.712541
3,87,0.714343
3,88,0.71494
3,89,0.71414
3,90,0.712016
3,91,0.708895
3,92,0.7053
3,93,0.701847
3,94,0.699139
3,95,0.697654
4,0,0.705751
4,1,0.706285
4,2,0.707189
4,3,0.708197
4,4,0.709038
4,5,0.709536
4,6,0.70967
4,7,0.709568
4,8,0.709456
4,9,0.70956
4,10,0.710023
4,11,0.710858
4,12,0.711949
4,13,0.713102
4,14,0.714114
4,15,0.714824
4,16,0.71515
4,17,0.71507
4,18,0.714595
4,19,0.713736
4,20,0.712486
4,21,0.71083
4,22,0.708768
4,23,0.70635
4,24,0.703682
4,25,0.700946
4,26,0.698377
4,27,0.696233
4,28,0.694752
4,29,0.694124
4,30,0.694454
4,31,0.695749
4,32,0.697911
4,33,0.700736
4,34,0.70393
4,35,0.707136
4,36,0.709963
4,37,0.712045
4,38,0.713102
4,39,0.712988
4,40,0.711722
4,41,0.709484
4,42,0.706589
4,43,0.703417
4,44,0.700355
4,45,0.697744
4,46,0.695828
4,47,0.694723
4,48,0.694412
4,49,0.694736
4,50,0.695442
4,51,0.696229
4,52,0.696826
4,53,0.697048
4,54,0.696841
4,55,0.696282
4,56,0.695539
4,57,0.694812
4,58,0.694262
4,59,0.693954
4,60,0.693859
4,61,0.693868
4,62,0.693839
4,63,0.693672
4,64,0.693334
4,65,0.692882
4,66,0.692445
4,67,0.692186
4,68,0.692252
4,69,0.692748
4,70,0.693705
4,71,0.69507
4,72,0.69672
4,73,0.698472
4,74,0.700107
4,75,0.701412
4,76,0.702239
4,77,0.702549
4,78,0.70245
4,79,0.702194
4,80,0.702118
4,81,0.702554
4,82,0.703732
4,83,0.705689
4,84,0.708233
4,85,0.710978
4,86,0.713424
4,87,0.715079
4,88,0.715574
4,89,0.714747
4,90,0.712678
4,91,0.709682
4,92,0.706252
4,93,0.702968
4,94,0.700396
4,95,0.698988
5,0,0.703986
5,1,0.704398
5,2,0.705087
5,3,0.705839
5,4,0.706437
5,5,0.706748
5,6,0.706769
5,7,0.706619
5,8,0.706496
5,9,0.706591
5,10,0.70702
5,11,0.707787
5,12,0.708787
5,13,0.709852
5,14,0.710808
5,15,0.711523
5,16,0.71193
5,17,0.712013
5,18,0.711785
5,19,0.711259
5,20,0.710432
5,21,0.709289
5,22,0.707817
5,23,0.706032
5,24,0.703986
5,25,0.70179
5,26,0.699621
5,27,0.697695
5,28,0.696249
5,29,0.69551
5,30,0.695649
5,31,0.696745
5,32,0.698764
5,33,0.70154
5,34,0.704786
5,35,0.708122
5,36,0.711119
5,37,0.71337
5,38,0.714563
5,39,0.714537
5,40,0.713313
5,41,0.711089
5,42,0.708202
5,43,0.705053
5,44,0.702041
5,45,0.6995
5,46,0.697653
5,47,0.696586
5,48,0.696247
5,49,0.696453
5,50,0.69694
5,51,0.697418
5,52,0.697642
5,53,0.697464
5,54,0.696869
5,55,0.695966
5,56,0.694945
5,57,0.694013
5,58,0.693321
5,59,0.692914
5,60,0.692732
5,61,0.692642
5,62,0.692489
5,63,0.69218
5,64,0.69171
5,65,0.691171
5,66,0.690729
5,67,0.690558
5,68,0.690795
5,69,0.691504
5,70,0.692666
5,71,0.694181
5,72,0.695899
5,73,0.697643
5,74,0.699224
5,75,0.70048
5,76,0.701315
5,77,0.701728
5,78,0.70184
5,79,0.701888
5,80,0.702166
5,81,0.702952
5,82,0.704417
5,83,0.706552
5,84,0.709149
5,85,0.711835
5,86,0.714151
5,87,0.71566
5,88,0.716049
5,89,0.715196
5,90,0.713198
5,91,0.71036
5,92,0.707143
5,93,0.70408
5,94,0.70169
5,95,0.700384
6,0,0.701277
6,1,0.70162
6,2,0.702198
6,3,0.702832
6,4,0.703347
6,5,0.703632
6,6,0.703686
6,7,0.703605
6,8,0.703555
6,9,0.703691
6,10,0.704109
6,11,0.704811
6,12,0.705712
6,13,0.706673
6,14,0.707555
6,15,0.708248
6,16,0.708701
6,17,0.708903
6,18,0.70887
6,19,0.708623
6,20,0.708168
6,21,0.707496
6,22,0.706585
6,23,0.705423
6,24,0.704007
6,25,0.702381
6,26,0.700654
6,27,0.699
6,28,0.697648
6,29,0.696858
6,30,0.696861
6,31,0.697809
6,32,0.699727
6,33,0.702487
6,34,0.705805
6,35,0.709283
6,36,0.712458
6,37,0.71489
6,38,0.716243
6,39,0.716348
6,40,0.715227
6,41,0.713092
6,42,0.710291
6,43,0.707227
6,44,0.704296
6,45,0.701817
6,46,0.699985
6,47,0.69886
6,48,0.698364
6,49,0.698311
6,50,0.698446
6,51,0.69851
6,52,0.698297
6,53,0.697702
6,54,0.696747
6,55,0.695565
6,56,0.694351
6,57,0.693305
6,58,0.692556
6,59,0.692119
6,60,0.691905
6,61,0.691752
6,62,0.691497
6,63,0.691055
6,64,0.690446
6,65,0.689798
6,66,0.689305
6,67,0.689156
6,68,0.689478
6,69,0.690302
6,70,0.691562
6,71,0.693121
6,72,0.694807
6,73,0.69645
6,74,0.697894
6,75,0.699026
6,76,0.699804
6,77,0.700271
6,78,0.700569
6,79,0.700922
6,80,0.701585
6,81,0.702776
6,82,0.704598
6,83,0.706987
6,84,0.709704
6,85,0.712382
6,86,0.714598
6,87,0.715976
6,88,0.716265
6,89,0.715395
6,90,0.713488
6,91,0.710844
6,92,0.707888
6,93,0.7051
6,94,0.702936
6,95,0.701757
7,0,0.697953
7,1,0.698288
7,2,0.698864
7,3,0.699529
7,4,0.700127
7,5,0.70055
7,6,0.700781
7,7,0.700884
7,8,0.700983
7,9,0.701205
7,10,0.701632
7,11,0.702274
7,12,0.703073
7,13,0.703919
7,14,0.704703
7,15,0.705339
7,16,0.705782
7,17,0.70603
7,18,0.706105
7,19,0.706039
7,20,0.705859
7,21,0.705569
7,22,0.705151
7,23,0.704568
7,24,0.703767
7,25,0.702726
7,26,0.701483
7,27,0.700165
7,28,0.698987
7,29,0.698231
7,30,0.69818
7,31,0.699049
7,32,0.700918
7,33,0.703688
7,34,0.707083
7,35,0.710688
7,36,0.714016
7,37,0.716605
7,38,0.718108
7,39,0.718352
7,40,0.717365
7,41,0.715364
7,42,0.712695
7,43,0.709753
7,44,0.706915
7,45,0.704471
7,46,0.702591
7,47,0.701311
7,48,0.700545
7,49,0.700116
7,50,0.699801
7,51,0.699384
7,52,0.698712
7,53,0.697726
7,54,0.696476
7,55,0.695107
7,56,0.693805
7,57,0.692745
7,58,0.692023
7,59,0.691622
7,60,0.69142
7,61,0.691238
7,62,0.690907
7,63,0.690349
7,64,0.689609
7,65,0.68884
7,66,0.688261
7,67,0.688071
7,68,0.688385
7,69,0.689211
7,70,0.690451
7,71,0.69194
7,72,0.693492
7,73,0.694945
7,74,0.696177
7,75,0.697121
7,76,0.697787
7,77,0.698261
7,78,0.69871
7,79,0.699353
7,80,0.700409
7,81,0.702034
7,82,0.704258
7,83,0.706955
7,84,0.709845
7,85,0.712557
7,86,0.714703
7,87,0.715967
7,88,0.716169
7,89,0.715298
7,90,0.713508
7,91,0.711095
7,92,0.708446
7,93,0.70598
7,94,0.704082
7,95,0.703053
8,0,0.694575
8,1,0.694951
8,2,0.695618
8,3,0.696434
8,4,0.697246
8,5,0.697934
8,6,0.698446
8,7,0.698808
8,8,0.699104
8,9,0.699434
8,10,0.699877
8,11,0.700458
8,12,0.701145
8,13,0.701863
8,14,0.702524
8,15,0.703057
8,16,0.703424
8,17,0.703626
8,18,0.703696
8,19,0.70369
8,20,0.703663
8,21,0.703646
8,22,0.703631
8,23,0.703565
8,24,0.703353
8,25,0.702906
8,26,0.702195
8,27,0.70129
8,28,0.700382
8,29,0.699764
8,30,0.699758
8,31,0.700627
8,32,0.702496
8,33,0.70529
8,34,0.708739
8,35,0.712421
8,36,0.715836
8,37,0.718516
8,38,0.72011
8,39,0.720453
8,40,0.71958
8,41,0.717707
8,42,0.715171
8,43,0.712346
8,44,0.709579
8,45,0.707131
8,46,0.705143
8,47,0.703636
8,48,0.702525
8,49,0.70166
8,50,0.700857
8,51,0.699958
8,52,0.698862
8,53,0.697553
8,54,0.696102
8,55,0.694651
8,56,0.693362
8,57,0.692374
8,58,0.691744
8,59,0.69142
8,60,0.691257
8,61,0.691065
8,62,0.690676
8,63,0.690025
8,64,0.689173
8,65,0.68829
8,66,0.687609
8,67,0.687328
8,68,0.687557
8,69,0.688287
8,70,0.689402
8,71,0.690722
8,72,0.69206
8,73,0.693264
8,74,0.69424
8,75,0.69496
8,76,0.69548
8,77,0.695928
8,78,0.696493
8,79,0.697395
8,80,0.69882
8,81,0.700869
8,82,0.703498
8,83,0.706511
8,84,0.709588
8,85,0.712348
8,86,0.714437
8,87,0.7156
8,88,0.715729
8,89,0.714876
8,90,0.71323
8,91,0.711082
8,92,0.70878
8,93,0.706673
8,94,0.705072
8,95,0.70421
9,0,0.69178
9,1,0.692227
9,2,0.69304
9,3,0.694075
9,4,0.695169
9,5,0.696177
9,6,0.69701
9,7,0.697648
9,8,0.698139
9,9,0.698564
9,10,0.699004
9,11,0.699504
9,12,0.700063
9,13,0.700631
9,14,0.701138
9,15,0.70152
9,16,0.70174
9,17,0.701802
9,18,0.701756
9,19,0.701688
9,20,0.701693
9,21,0.701839
9,22,0.702138
9,23,0.70253
9,24,0.702882
9,25,0.703046
9,26,0.70292
9,27,0.702517
9,28,0.701991
9,29,0.701632
9,30,0.701778
9,31,0.702725
9,32,0.704628
9,33,0.707434
9,34,0.710882
9,35,0.714551
9,36,0.717943
9,37,0.720598
9,38,0.722177
9,39,0.722529
9,40,0.721696
9,41,0.719891
9,42,0.717435
9,43,0.714679
9,44,0.711936
9,45,0.709436
9,46,0.707295
9,47,0.705528
9,48,0.704059
9,49,0.702769
9,50,0.70152
9,51,0.700208
9,52,0.698783
9,53,0.69726
9,54,0.695721
9,55,0.694291
9,56,0.693098
9,57,0.692239
9,58,0.69173
9,59,0.69149
9,60,0.691364
9,61,0.69116
9,62,0.690722
9,63,0.689999
9,64,0.689061
9,65,0.688086
9,66,0.687304
9,67,0.686908
9,68,0.687001
9,69,0.687567
9,70,0.688487
9,71,0.689581
9,72,0.690667
9,73,0.691609
9,74,0.69233
9,75,0.692833
9,76,0.693207
9,77,0.693613
9,78,0.694262
9,79,0.695374
9,80,0.697111
9,81,0.699522
9,82,0.702498
9,83,0.70578
9,84,0.709005
9,85,0.711788
9,86,0.713806
9,87,0.714864
9,88,0.714927
9,89,0.714108
9,90,0.712626
9,91,0.710769
9,92,0.708838
9,93,0.707114
9,94,0.705827
9,95,0.705141
10,0,0.690111
10,1,0.690634
10,2,0.691597
10,3,0.692852
10,4,0.694219
10,5,0.695524
10,6,0.69664
10,7,0.697505
10,8,0.698137
10,9,0.698603
10,10,0.698994
10,11,0.699376
10,12,0.699776
10,13,0.700167
10,14,0.700487
10,15,0.700674
10,16,0.700684
10,17,0.700528
10,18,0.700277
10,19,0.700051
10,20,0.699994
10,21,0.700218
10,22,0.700763
10,23,0.701568
10,24,0.702472
10,25,0.70327
10,26,0.703792
10,27,0.703989
10,28,0.703966
10,29,0.70399
10,30,0.704395
10,31,0.70549
10,32,0.707445
10,33,0.710223
10,34,0.713578
10,35,0.717106
10,36,0.720328
10,37,0.722805
10,38,0.724224
10,39,0.724451
10,40,0.72354
10,41,0.721699
10,42,0.719232
10,43,0.716465
10,44,0.713682
10,45,0.711084
10,46,0.708772
10,47,0.706758
10,48,0.704978
10,49,0.703346
10,50,0.701766
10,51,0.700178
10,52,0.698567
10,53,0.696969
10,54,0.695461
10,55,0.694143
10,56,0.693104
10,57,0.692395
10,58,0.691999
10,59,0.69182
10,60,0.6917
10,61,0.691463
10,62,0.690973
10,63,0.690192
10,64,0.689195
10,65,0.688154
10,66,0.687286
10,67,0.686772
10,68,0.686709
10,69,0.687083
10,70,0.687781
10,71,0.688641
10,72,0.689492
10,73,0.690208
10,74,0.690726
10,75,0.691062
10,76,0.691322
10,77,0.691688
10,78,0.692386
10,79,0.693638
10,80,0.695588
10,81,0.698245
10,82,0.701447
10,83,0.704887
10,84,0.708169
10,85,0.710907
10,86,0.712811
10,87,0.713746
10,88,0.71374
10,89,0.712962
10,90,0.711658
10,91,0.710103
10,92,0.708553
10,93,0.707215
10,94,0.706244
10,95,0.705735
11,0,0.689853
11,1,0.690432
11,2,0.691506
11,3,0.69292
11,4,0.69448
11,5,0.695986
11,6,0.697279
11,7,0.698265
11,8,0.698941
11,9,0.699367
11,10,0.699644
11,11,0.699861
11,12,0.700068
11,13,0.700253
11,14,0.700359
11,15,0.700316
11,16,0.700077
11,17,0.699657
11,18,0.699147
11,19,0.698711
11,20,0.698539
11,21,0.698795
11,22,0.699549
11,23,0.700747
11,24,0.702204
11,25,0.703668
11,26,0.704905
11,27,0.705798
11,28,0.706396
11,29,0.70692
11,30,0.70768
11,31,0.708972
11,32,0.71097
11,33,0.713652
11,34,0.716795
11,35,0.720026
11,36,0.722904
11,37,0.72503
11,38,0.726124
11,39,0.726078
11,40,0.724953
11,41,0.722955
11,42,0.720374
11,43,0.71751
11,44,0.714627
11,45,0.711905
11,46,0.709435
11,47,0.707229
11,48,0.705238
11,49,0.703402
11,50,0.701655
11,51,0.699967
11,52,0.698341
11,53,0.696816
11,54,0.695452
11,55,0.694318
11,56,0.69346
11,57,0.692893
11,58,0.692577
11,59,0.69241
11,60,0.692251
11,61,0.691949
11,62,0.691392
11,63,0.690558
11,64,0.68952
11,65,0.688435
11,66,0.687499
11,67,0.686877
11,68,0.686661
11,69,0.686847
11,70,0.687342
11,71,0.688005
11,72,0.688683
11,73,0.689257
11,74,0.689663
11,75,0.689915
11,76,0.690117
11,77,0.690454
11,78,0.691161
11,79,0.692462
11,80,0.69449
11,81,0.697233
11,82,0.700495
11,83,0.703936
11,84,0.707145
11,85,0.709743
11,86,0.711472
11,87,0.712252
11,88,0.712166
11,89,0.711428
11,90,0.7103
11,91,0.709041
11,92,0.70786
11,93,0.706894
11,94,0.706223
11,95,0.705882
12,0,0.690946
12,1,0.691544
12,2,0.692657
12,3,0.694127
12,4,0.695752
12,5,0.697316
12,6,0.698639
12,7,0.699611
12,8,0.700215
12,9,0.700511
12,10,0.700612
12,11,0.700623
12,12,0.700613
12,13,0.700577
12,14,0.700456
12,15,0.700173
12,16,0.699674
12,17,0.698979
12,18,0.698203
12,19,0.697549
12,20,0.697258
12,21,0.697541
12,22,0.6985
12,23,0.700093
12,24,0.702118
12,25,0.704282
12,26,0.706293
12,27,0.707966
12,28,0.709282
12,29,0.710401
12,30,0.711582
12,31,0.713093
12,32,0.715099
12,33,0.71759
12,34,0.720381
12,35,0.723147
12,36,0.725507
12,37,0.727112
12,38,0.727726
12,39,0.727267
12,40,0.725806
12,41,0.723547
12,42,0.720764
12,43,0.717742
12,44,0.714727
12,45,0.711885
12,46,0.709301
12,47,0.706991
12,48,0.704919
12,49,0.70304
12,50,0.701307
12,51,0.699701
12,52,0.698227
12,53,0.696911
12,54,0.695785
12,55,0.694882
12,56,0.694212
12,57,0.693762
12,58,0.693481
12,59,0.693276
12,60,0.693034
12,61,0.692634
12,62,0.691994
12,63,0.691103
12,64,0.690029
12,65,0.688907
12,66,0.687913
12,67,0.687192
12,68,0.686837
12,69,0.686861
12,70,0.687199
12,71,0.687734
12,72,0.688332
12,73,0.688872
12,74,0.689278
12,75,0.689541
12,76,0.689747
12,77,0.690069
12,78,0.690739
12,79,0.691983
12,80,0.693937
12,81,0.696583
12,82,0.699716
12,83,0.702987
12,84,0.705984
12,85,0.708344
12,86,0.70984
12,87,0.710434
12,88,0.710255
12,89,0.709547
12,90,0.70858
12,91,0.707593
12,92,0.706747
12,93,0.706117
12,94,0.705717
12,95,0.705526
13,0,0.693011
13,1,0.693587
13,2,0.694655
13,3,0.696062
13,4,0.697607
13,5,0.699073
13,6,0.700276
13,7,0.701099
13,8,0.701524
13,9,0.701616
13,10,0.701499
13,11,0.701288
13,12,0.701061
13,13,0.700815
13,14,0.700482
13,15,0.699978
13,16,0.699241
13,17,0.698299
13,18,0.697288
13,19,0.696449
13,20,0.696071
13,21,0.696407
13,22,0.69759
13,23,0.699591
13,24,0.702198
13,25,0.705084
13,26,0.707907
13,27,0.710413
13,28,0.712508
13,29,0.714273
13,30,0.715901
13,31,0.717613
13,32,0.719557
13,33,0.721744
13,34,0.724036
13,35,0.726178
13,36,0.727862
13,37,0.728807
13,38,0.728823
13,39,0.727855
13,40,0.725985
13,41,0.723409
13,42,0.720389
13,43,0.717197
13,44,0.714064
13,45,0.711148
13,46,0.708528
13,47,0.706223
13,48,0.704202
13,49,0.702432
13,50,0.700871
13,51,0.6995
13,52,0.698311
13,53,0.697303
13,54,0.696476
13,55,0.695828
13,56,0.695338
13,57,0.694978
13,58,0.694697
13,59,0.694422
13,60,0.694073
13,61,0.69356
13,62,0.692829
13,63,0.691875
13,64,0.690757
13,65,0.68959
13,66,0.688528
13,67,0.687705
13,68,0.687224
13,69,0.687116
13,70,0.687349
13,71,0.687835
13,72,0.688449
13,73,0.689063
13,74,0.689575
13,75,0.689939
13,76,0.690203
13,77,0.690516
13,78,0.691099
13,79,0.692182
13,80,0.693914
13,81,0.696292
13,82,0.699125
13,83,0.702078
13,84,0.704752
13,85,0.706803
13,86,0.70803
13,87,0.708426
13,88,0.708147
13,89,0.707455
13,90,0.706619
13,91,0.705858
13,92,0.705292
13,93,0.704942
13,94,0.704767
13,95,0.704701
14,0,0.69546
14,1,0.695973
14,2,0.696921
14,3,0.698161
14,4,0.699501
14,5,0.700736
14,6,0.701693
14,7,0.702263
14,8,0.702437
14,9,0.702288
14,10,0.701946
14,11,0.701533
14,12,0.701123
14,13,0.700709
14,14,0.700212
14,15,0.699537
14,16,0.698616
14,17,0.697486
14,18,0.696303
14,19,0.695342
14,20,0.694932
14,21,0.695363
14,22,0.696797
14,23,0.699217
14,24,0.702406
14,25,0.706011
14,26,0.709644
14,27,0.712986
14,28,0.715861
14,29,0.718263
14,30,0.720304
14,31,0.72215
14,32,0.723933
14,33,0.725688
14,34,0.727342
14,35,0.728726
14,36,0.729621
14,37,0.729819
14,38,0.729181
14,39,0.727676
14,40,0.725391
14,41,0.722513
14,42,0.719292
14,43,0.715985
14,44,0.712808
14,45,0.709907
14,46,0.707355
14,47,0.705166
14,48,0.703315
14,49,0.701769
14,50,0.70049
14,51,0.699447
14,52,0.698612
14,53,0.697959
14,54,0.697452
14,55,0.697059
14,56,0.696736
14,57,0.69645
14,58,0.696159
14,59,0.695817
14,60,0.695371
14,61,0.694762
14,62,0.693951
14,63,0.692935
14,64,0.691761
14,65,0.690527
14,66,0.689372
14,67,0.688432
14,68,0.687822
14,69,0.687604
14,70,0.687776
14,71,0.688275
14,72,0.688982
14,73,0.689753
14,74,0.690448
14,75,0.690974
14,76,0.691331
14,77,0.691631
14,78,0.69208
14,79,0.692915
14,80,0.694308
14,81,0.69629
14,82,0.698705
14,83,0.701249
14,84,0.703546
14,85,0.70527
14,86,0.706235
14,87,0.706447
14,88,0.706075
14,89,0.705383
14,90,0.704638
14,91,0.704041
14,92,0.703678
14,93,0.703535
14,94,0.703527
14,95,0.703554
15,0,0.697649
15,1,0.698073
15,2,0.69885
15,3,0.699852
15,4,0.700906
15,5,0.701828
15,6,0.702467
15,7,0.702735
15,8,0.702637
15,9,0.702255
15,10,0.701723
15,11,0.701161
15,12,0.700636
15,13,0.700127
15,14,0.699542
15,15,0.698773
15,16,0.69775
15,17,0.696514
15,18,0.695243
15,19,0.694237
15,20,0.693859
15,21,0.694429
15,22,0.696133
15,23,0.698965
15,24,0.702706
15,25,0.706985
15,26,0.711372
15,27,0.715486
15,28,0.71907
15,29,0.722024
15,30,0.724379
15,31,0.726242
15,32,0.727735
15,33,0.728929
15,34,0.729828
15,35,0.730362
15,36,0.73041
15,37,0.729844
15,38,0.72857
15,39,0.726578
15,40,0.723952
15,41,0.720868
15,42,0.717557
15,43,0.714256
15,44,0.711163
15,45,0.708407
15,46,0.706044
15,47,0.70408
15,48,0.702486
15,49,0.701229
15,50,0.700271
15,51,0.699574
15,52,0.699093
15,53,0.698778
15,54,0.698566
15,55,0.698403
15,56,0.698234
15,57,0.698026
15,58,0.697753
15,59,0.697388
15,60,0.696901
15,61,0.696249
15,62,0.695397
15,63,0.694336
15,64,0.693099
15,65,0.691772
15,66,0.690492
15,67,0.689405
15,68,0.688651
15,69,0.688324
15,70,0.688454
15,71,0.688997
15,72,0.689834
15,73,0.6908
15,74,0.691713
15,75,0.692424
15,76,0.692881
15,77,0.693157
15,78,0.693438
15,79,0.693971
15,80,0.694962
15,81,0.696487
15,82,0.698442
15,83,0.700563
15,84,0.702501
15,85,0.703942
15,86,0.704699
15,87,0.704775
15,88,0.704329
15,89,0.703626
15,90,0.702924
15,91,0.702415
15,92,0.702168
15,93,0.702145
15,94,0.702237
15,95,0.702321
16,0,0.699044
16,1,0.699368
16,2,0.699955
16,3,0.700694
16,4,0.701436
16,5,0.702027
16,6,0.702342
16,7,0.702319
16,8,0.70198
16,9,0.701418
16,10,0.700767
16,11,0.700139
16,12,0.699588
16,13,0.699075
16,14,0.698495
16,15,0.697728
16,16,0.696701
16,17,0.695459
16,18,0.694195
16,19,0.69323
16,20,0.69295
16,21,0.693697
16,22,0.695673
16,23,0.698882
16,24,0.703107
16,25,0.70796
16,26,0.712979
16,27,0.717726
16,28,0.721866
16,29,0.725212
16,30,0.727715
16,31,0.729436
16,32,0.730492
16,33,0.731005
16,34,0.731066
16,35,0.730712
16,36,0.729922
16,37,0.728643
16,38,0.726823
16,39,0.724464
16,40,0.721642
16,41,0.718512
16,42,0.71528
16,43,0.71216
16,44,0.70932
16,45,0.70686
16,46,0.704815
16,47,0.703169
16,48,0.701887
16,49,0.700934
16,50,0.700274
16,51,0.699871
16,52,0.699674
16,53,0.699623
16,54,0.699642
16,55,0.699666
16,56,0.699639
16,57,0.699534
16,58,0.699336
16,59,0.699032
16,60,0.698599
16,61,0.697994
16,62,0.69717
16,63,0.696103
16,64,0.694811
16,65,0.693377
16,66,0.691942
16,67,0.690678
16,68,0.689755
16,69,0.689302
16,70,0.68938
16,71,0.689959
16,72,0.690917
16,73,0.692063
16,74,0.693174
16,75,0.69405
16,76,0.694586
16,77,0.694817
16,78,0.694912
16,79,0.695131
16,80,0.695716
16,81,0.696797
16,82,0.698329
16,83,0.700091
16,84,0.701756
16,85,0.703012
16,86,0.703655
16,87,0.703666
16,88,0.703186
16,89,0.702466
16,90,0.701762
16,91,0.701266
16,92,0.701047
16,93,0.70106
16,94,0.701185
16,95,0.701289
17,0,0.699327
17,1,0.699556
17,2,0.699963
17,3,0.700457
17,4,0.700916
17,5,0.701216
17,6,0.701261
17,7,0.701014
17,8,0.700514
17,9,0.699861
17,10,0.699183
17,11,0.698584
17,12,0.6981
17,13,0.697679
17,14,0.6972
17,15,0.696536
17,16,0.695609
17,17,0.69447
17,18,0.693318
17,19,0.692484
17,20,0.692367
17,21,0.693318
17,22,0.69555
17,23,0.699072
17,24,0.703668
17,25,0.708942
17,26,0.714405
17,27,0.719573
17,28,0.724044
17,29,0.727556
17,30,0.729996
17,31,0.73139
17,32,0.731865
17,33,0.731603
17,34,0.730787
17,35,0.729562
17,36,0.728002
17,37,0.72612
17,38,0.723898
17,39,0.721342
17,40,0.71851
17,41,0.715531
17,42,0.712581
17,43,0.709837
17,44,0.707432
17,45,0.705427
17,46,0.70382
17,47,0.702571
17,48,0.701627
17,49,0.700954
17,50,0.700523
17,51,0.700312
17,52,0.700281
17,53,0.700377
17,54,0.700532
17,55,0.700685
17,56,0.700787
17,57,0.700818
17,58,0.700771
17,59,0.700632
17,60,0.70037
17,61,0.699922
17,62,0.699217
17,63,0.698206
17,64,0.696891
17,65,0.695354
17,66,0.693755
17,67,0.692294
17,68,0.691179
17,69,0.690575
17,70,0.690569
17,71,0.691141
17,72,0.692166
17,73,0.693428
17,74,0.694671
17,75,0.695649
17,76,0.696216
17,77,0.696374
17,78,0.696282
17,79,0.696209
17,80,0.696438
17,81,0.697152
17,82,0.69836
17,83,0.69988
17,84,0.701403
17,85,0.702603
17,86,0.703247
17,87,0.703279
17,88,0.70281
17,89,0.702077
17,90,0.701338
17,91,0.700793
17,92,0.700529
17,93,0.700506
17,94,0.700609
17,95,0.700703
18,0,0.698444
18,1,0.698592
18,2,0.698849
18,3,0.699146
18,4,0.699387
18,5,0.699479
18,6,0.699352
18,7,0.698989
18,8,0.698439
18,9,0.697802
18,10,0.697199
18,11,0.69672
18,12,0.696389
18,13,0.696141
18,14,0.695848
18,15,0.695379
18,16,0.694655
18,17,0.693728
18,18,0.692795
18,19,0.692188
18,20,0.692299
18,21,0.693477
18,22,0.695933
18,23,0.699678
18,24,0.704497
18,25,0.70999
18,26,0.715656
18,27,0.720977
18,28,0.725504
18,29,0.728919
18,30,0.731065
18,31,0.731951
18,32,0.731728
18,33,0.73064
18,34,0.728961
18,35,0.726935
18,36,0.724719
18,37,0.722382
18,38,0.71993
18,39,0.717362
18,40,0.714716
18,41,0.712085
18,42,0.709609
18,43,0.707423
18,44,0.705617
18,45,0.704202
18,46,0.703135
18,47,0.702339
18,48,0.701742
18,49,0.701306
18,50,0.701016
18,51,0.700873
18,52,0.700868
18,53,0.700978
18,54,0.701158
18,55,0.70137
18,56,0.70158
18,57,0.701776
18,58,0.701952
18,59,0.702081
18,60,0.702105
18,61,0.701928
18,62,0.701441
18,63,0.700563
18,64,0.699279
18,65,0.697674
18,66,0.695927
18,67,0.694275
18,68,0.692961
18,69,0.692183
18,70,0.692049
18,71,0.692551
18,72,0.693556
18,73,0.694834
18,74,0.696102
18,75,0.697087
18,76,0.697614
18,77,0.697664
18,78,0.697388
18,79,0.697072
18,80,0.69703
18,81,0.697489
18,82,0.698505
18,83,0.699924
18,84,0.701445
18,85,0.702718
18,86,0.703473
18,87,0.703608
18,88,0.7032
18,89,0.702471
18,90,0.701684
18,91,0.70106
18,92,0.700707
18,93,0.700606
18,94,0.700654
18,95,0.70072
19,0,0.696558
19,1,0.696644
19,2,0.69679
19,3,0.69695
19,4,0.697058
19,5,0.697045
19,6,0.696865
19,7,0.696512
19,8,0.696034
19,9,0.695526
19,10,0.695094
19,11,0.694816
19,12,0.694704
19,13,0.694689
19,14,0.694645
19,15,0.694445
19,16,0.694013
19,17,0.693399
19,18,0.692791
19,19,0.692503
19,20,0.692906
19,21,0.69433
19,22,0.696969
19,23,0.700829
19,24,0.705698
19,25,0.711181
19,26,0.716777
19,27,0.721958
19,28,0.726251
19,29,0.729308
19,30,0.73095
19,31,0.731186
19,32,0.730196
19,33,0.728287
19,34,0.725812
19,35,0.723097
19,36,0.72037
19,37,0.717739
19,38,0.715226
19,39,0.712816
19,40,0.710521
19,41,0.708399
19,42,0.706547
19,43,0.705054
19,44,0.703962
19,45,0.703231
19,46,0.70277
19,47,0.702459
19,48,0.702204
19,49,0.701958
19,50,0.701726
19,51,0.701538
19,52,0.701429
19,53,0.701423
19,54,0.70152
19,55,0.701716
19,56,0.702002
19,57,0.702376
19,58,0.702824
19,59,0.703295
19,60,0.703696
19,61,0.703884
19,62,0.703703
19,63,0.703039
19,64,0.701858
19,65,0.700247
19,66,0.698405
19,67,0.696598
19,68,0.695102
19,69,0.694142
19,70,0.693843
19,71,0.694203
19,72,0.695087
19,73,0.696257
19,74,0.697421
19,75,0.698295
19,76,0.698694
19,77,0.698591
19,78,0.69814
19,79,0.697636
19,80,0.697417
19,81,0.697742
19,82,0.698695
19,83,0.700143
19,84,0.701777
19,85,0.703225
19,86,0.704173
19,87,0.704475
19,88,0.704176
19,89,0.703482
19,90,0.702667
19,91,0.701971
19,92,0.70153
19,93,0.70135
19,94,0.701339
19,95,0.701374
20,0,0.693978
20,1,0.694022
20,2,0.694097
20,3,0.694183
20,4,0.69424
20,5,0.694227
20,6,0.694111
20,7,0.693889
20,8,0.693603
20,9,0.693328
20,10,0.693152
20,11,0.693137
20,12,0.693288
20,13,0.69354
20,14,0.693779
20,15,0.693893
20,16,0.693817
20,17,0.693594
20,18,0.693397
20,19,0.693507
20,20,0.694257
20,21,0.695936
20,22,0.69871
20,23,0.702571
20,24,0.707312
20,25,0.712553
20,26,0.717811
20,27,0.722574
20,28,0.726372
20,29,0.728854
20,30,0.72984
20,31,0.72935
20,32,0.727597
20,33,0.724934
20,34,0.72178
20,35,0.718523
20,36,0.715438
20,37,0.712666
20,38,0.710231
20,39,0.708108
20,40,0.706279
20,41,0.704763
20,42,0.703615
20,43,0.70288
20,44,0.702549
20,45,0.702534
20,46,0.702693
20,47,0.702869
20,48,0.702936
20,49,0.70284
20,50,0.702599
20,51,0.702278
20,52,0.701963
20,53,0.701737
20,54,0.701656
20,55,0.701765
20,56,0.702084
20,57,0.702622
20,58,0.703355
20,59,0.704203
20,60,0.705028
20,61,0.705638
20,62,0.70583
20,63,0.705454
20,64,0.704457
20,65,0.702924
20,66,0.701067
20,67,0.699175
20,68,0.697545
20,69,0.696419
20,70,0.695933
20,71,0.696089
20,72,0.696753
20,73,0.697691
20,74,0.698617
20,75,0.699256
20,76,0.699434
20,77,0.699131
20,78,0.698507
20,79,0.697865
20,80,0.697552
20,81,0.697841
20,82,0.69883
20,83,0.700389
20,84,0.702203
20,85,0.703874
20,86,0.705055
20,87,0.705561
20,88,0.70541
20,89,0.704797
20,90,0.704002
20,91,0.703286
20,92,0.702806
20,93,0.702585
20,94,0.702544
20,95,0.702564
21,0,0.691059
21,1,0.691079
21,2,0.691121
21,3,0.691188
21,4,0.69127
21,5,0.691344
21,6,0.691392
21,7,0.691406
21,8,0.69141
21,9,0.691454
21,10,0.691599
21,11,0.691888
21,12,0.692324
21,13,0.692852
21,14,0.693381
21,15,0.693824
21,16,0.69413
21,17,0.694342
21,18,0.694609
21,19,0.695167
21,20,0.696292
21,21,0.698219
21,22,0.701072
21,23,0.704822
21,24,0.709268
21,25,0.71406
21,26,0.718751
21,27,0.72287
21,28,0.725978
21,29,0.727747
21,30,0.72801
21,31,0.726805
21,32,0.724366
21,33,0.72108
21,34,0.717405
21,35,0.713768
21,36,0.710477
21,37,0.707692
21,38,0.70544
21,39,0.703679
21,40,0.702366
21,41,0.701484
21,42,0.701047
21,43,0.701056
21,44,0.701457
21,45,0.70212
21,46,0.70286
21,47,0.703481
21,48,0.70383
21,49,0.703843
21,50,0.703545
21,51,0.703036
21,52,0.702452
21,53,0.701938
21,54,0.701613
21,55,0.701575
21,56,0.701878
21,57,0.702544
21,58,0.703538
21,59,0.704748
21,60,0.705996
21,61,0.707042
21,62,0.707641
21,63,0.707609
21,64,0.706874
21,65,0.705515
21,66,0.703747
21,67,0.701866
21,68,0.700177
21,69,0.698927
21,70,0.698254
21,71,0.698161
21,72,0.698523
21,73,0.699119
21,74,0.699685
21,75,0.699978
21,76,0.699848
21,77,0.699299
21,78,0.698502
21,79,0.697756
21,80,0.697407
21,81,0.69772
21,82,0.698791
21,83,0.700485
21,84,0.70248
21,85,0.704363
21,86,0.705766
21,87,0.706482
21,88,0.706509
21,89,0.706033
21,90,0.705335
21,91,0.704686
21,92,0.704253
21,93,0.704067
21,94,0.70405
21,95,0.704084
22,0,0.688133
22,1,0.688148
22,2,0.688193
22,3,0.688295
22,4,0.688464
22,5,0.688699
22,6,0.688988
22,7,0.689313
22,8,0.689677
22,9,0.690098
22,10,0.690604
22,11,0.691217
22,12,0.691937
22,13,0.692726
22,14,0.693521
22,15,0.694268
22,16,0.694941
22,17,0.695582
22,18,0.696314
22,19,0.697321
22,20,0.698811
22,21,0.700953
22,22,0.703817
22,23,0.707353
22,24,0.711369
22,25,0.715552
22,26,0.719516
22,27,0.72285
22,28,0.725168
22,29,0.726184
22,30,0.725754
22,31,0.723929
22,32,0.720952
22,33,0.717222
22,34,0.71321
22,35,0.709362
22,36,0.706003
22,37,0.703306
22,38,0.701298
22,39,0.699925
22,40,0.699123
22,41,0.698839
22,42,0.699051
22,43,0.69972
22,44,0.700757
22,45,0.701995
22,46,0.703218
22,47,0.704199
22,48,0.704763
22,49,0.704833
22,50,0.704441
22,51,0.703713
22,52,0.702833
22,53,0.702002
22,54,0.7014
22,55,0.701175
22,56,0.701418
22,57,0.702162
22,58,0.703363
22,59,0.704884
22,60,0.706511
22,61,0.707967
22,62,0.708973
22,63,0.709318
22,64,0.708913
22,65,0.707824
22,66,0.706257
22,67,0.704499
22,68,0.702847
22,69,0.701537
22,70,0.7007
22,71,0.700341
22,72,0.700344
22,73,0.700515
22,74,0.70063
22,75,0.70049
22,76,0.699991
22,77,0.699165
22,78,0.698192
22,79,0.697364
22,80,0.697006
22,81,0.697359
22,82,0.698501
22,83,0.700291
22,84,0.702404
22,85,0.704429
22,86,0.705997
22,87,0.706894
22,88,0.707112
22,89,0.706826
22,90,0.706312
22,91,0.705833
22,92,0.705553
22,93,0.705493
22,94,0.705569
22,95,0.70565
23,0,0.685453
23,1,0.685488
23,2,0.685579
23,3,0.685769
23,4,0.686086
23,5,0.686541
23,6,0.687125
23,7,0.687809
23,8,0.688572
23,9,0.689394
23,10,0.690272
23,11,0.691203
23,12,0.692183
23,13,0.69319
23,14,0.694197
23,15,0.695187
23,16,0.696163
23,17,0.697171
23,18,0.698308
23,19,0.699705
23,20,0.701501
23,21,0.703792
23,22,0.706593
23,23,0.709829
23,24,0.713322
23,25,0.716807
23,26,0.719967
23,27,0.722472
23,28,0.724003
23,29,0.724324
23,30,0.723316
23,31,0.721035
23,32,0.717717
23,33,0.713748
23,34,0.709592
23,35,0.705696
23,36,0.702391
23,37,0.699856
23,38,0.698121
23,39,0.697126
23,40,0.696785
23,41,0.69702
23,42,0.697773
23,43,0.698972
23,44,0.700498
23,45,0.702161
23,46,0.703722
23,47,0.704937
23,48,0.705616
23,49,0.705674
23,50,0.70515
23,51,0.704189
23,52,0.703013
23,53,0.70187
23,54,0.70099
23,55,0.700567
23,56,0.700717
23,57,0.701488
23,58,0.702829
23,59,0.704586
23,60,0.706518
23,61,0.708325
23,62,0.709707
23,63,0.710439
23,64,0.710413
23,65,0.709681
23,66,0.708427
23,67,0.706911
23,68,0.705404
23,69,0.704116
23,70,0.703162
23,71,0.702544
23,72,0.702164
23,73,0.701865
23,74,0.701475
23,75,0.700856
23,76,0.699958
23,77,0.698845
23,78,0.697703
23,79,0.696805
23,80,0.696436
23,81,0.696804
23,82,0.697957
23,83,0.699748
23,84,0.701864
23,85,0.703915
23,86,0.705551
23,87,0.706571
23,88,0.70697
23,89,0.706913
23,90,0.706656
23,91,0.706442
23,92,0.706411
23,93,0.706561
23,94,0.706789
23,95,0.706951
24,0,0.683194
24,1,0.683276
24,2,0.683465
24,3,0.683807
24,4,0.684335
24,5,0.685063
24,6,0.685981
24,7,0.687047
24,8,0.688213
24,9,0.689429
24,10,0.690656
24,11,0.691868
24,12,0.693055
24,13,0.694213
24,14,0.695348
24,15,0.696485
24,16,0.697655
24,17,0.698913
24,18,0.700338
24,19,0.702011
24,20,0.704006
24,21,0.706349
24,22,0.709007
24,23,0.711881
24,24,0.714809
24,25,0.717579
24,26,0.719951
24,27,0.721676
24,28,0.722513
24,29,0.722272
24,30,0.72086
24,31,0.718324
24,32,0.714878
24,33,0.710878
24,34,0.706763
24,35,0.702966
24,36,0.699816
24,37,0.697497
24,38,0.696044
24,39,0.695394
24,40,0.695446
24,41,0.696098
24,42,0.697263
24,43,0.698841
24,44,0.70069
24,45,0.702605
24,46,0.704336
24,47,0.705634
24,48,0.706303
24,49,0.706263
24,50,0.705558
24,51,0.704354
24,52,0.702898
24,53,0.701474
24,54,0.700346
24,55,0.699736
24,56,0.699784
24,57,0.700542
24,58,0.701958
24,59,0.703867
24,60,0.706018
24,61,0.7081
24,62,0.709809
24,63,0.710913
24,64,0.711296
24,65,0.71099
24,66,0.710147
24,67,0.708986
24,68,0.707732
24,69,0.706557
24,70,0.705548
24,71,0.704703
24,72,0.703948
24,73,0.703172
24,74,0.702269
24,75,0.701169
24,76,0.699879
24,77,0.698497
24,78,0.697205
24,79,0.696243
24,80,0.695846
24,81,0.696173
24,82,0.697244
24,83,0.69891
24,84,0.700883
24,85,0.702814
24,86,0.704397
24,87,0.70546
24,88,0.706004
24,89,0.706184
24,90,0.706226
24,91,0.706335
24,92,0.706614
24,93,0.707026
24,94,0.707443
24,95,0.707703
25,0,0.681443
25,1,0.681607
25,2,0.681954
25,3,0.68252
25,4,0.683329
25,5,0.684385
25,6,0.685667
25,7,0.687117
25,8,0.688667
25,9,0.690236
25,10,0.691756
25,11,0.693182
25,12,0.694499
25,13,0.695717
25,14,0.696876
25,15,0.698035
25,16,0.699257
25,17,0.700611
25,18,0.702162
25,19,0.703955
25,20,0.706008
25,21,0.708294
25,22,0.710735
25,23,0.713215
25,24,0.71559
25,25,0.717697
25,26,0.719368
25,27,0.720436
25,28,0.720728
25,29,0.720102
25,30,0.718477
25,31,0.715888
25,32,0.712512
25,33,0.708665
25,34,0.704748
25,35,0.701172
25,36,0.698259
25,37,0.696196
25,38,0.695023
25,39,0.694677
25,40,0.695049
25,41,0.696016
25,42,0.697469
25,43,0.699283
25,44,0.701298
25,45,0.703298
25,46,0.705036
25,47,0.706262
25,48,0.706794
25,49,0.706561
25,50,0.705624
25,51,0.704167
25,52,0.702457
25,53,0.700796
25,54,0.699467
25,55,0.698705
25,56,0.698658
25,57,0.69938
25,58,0.700817
25,59,0.702801
25,60,0.705082
25,61,0.707357
25,62,0.709331
25,63,0.710777
25,64,0.711578
25,65,0.711744
25,66,0.71139
25,67,0.71068
25,68,0.709778
25,69,0.708803
25,70,0.707809
25,71,0.706788
25,72,0.705693
25,73,0.70447
25,74,0.703084
25,75,0.701543
25,76,0.699909
25,77,0.698303
25,78,0.696894
25,79,0.695876
25,80,0.695425
25,81,0.695645
25,82,0.696527
25,83,0.69793
25,84,0.699608
25,85,0.701269
25,86,0.702669
25,87,0.703676
25,88,0.704306
25,89,0.704693
25,90,0.705028
25,91,0.705467
25,92,0.706062
25,93,0.706742
25,94,0.707349
25,95,0.707708
26,0,0.68022
26,1,0.680502
26,2,0.681072
26,3,0.681939
26,4,0.683101
26,5,0.684538
26,6,0.686207
26,7,0.688032
26,8,0.689924
26,9,0.691782
26,10,0.693515
26,11,0.695065
26,12,0.696416
26,13,0.697591
26,14,0.698656
26,15,0.699704
26,16,0.700825
26,17,0.702105
26,18,0.703602
26,19,0.705343
26,20,0.707307
26,21,0.709429
26,22,0.711599
26,23,0.713688
26,24,0.715568
26,25,0.717116
26,26,0.718227
26,27,0.718799
26,28,0.71872
26,29,0.717884
26,30,0.716219
26,31,0.713741
26,32,0.710589
26,33,0.707031
26,34,0.70343
26,35,0.700166
26,36,0.697551
26,37,0.69577
26,38,0.694871
26,39,0.694792
26,40,0.695418
26,41,0.696615
26,42,0.698252
26,43,0.700188
26,44,0.702244
26,45,0.704201
26,46,0.705811
26,47,0.70684
26,48,0.707125
26,49,0.706619
26,50,0.705406
26,51,0.703689
26,52,0.701751
26,53,0.699901
26,54,0.698424
26,55,0.697552
26,56,0.697428
26,57,0.698102
26,58,0.699517
26,59,0.70151
26,60,0.703843
26,61,0.706231
26,62,0.708402
26,63,0.710148
26,64,0.711354
26,65,0.712014
26,66,0.712197
26,67,0.712006
26,68,0.711533
26,69,0.710833
26,70,0.70992
26,71,0.708782
26,72,0.707403
26,73,0.70579
26,74,0.70399
26,75,0.702081
26,76,0.700179
26,77,0.698418
26,78,0.696941
26,79,0.695885
26,80,0.695357
26,81,0.695407
26,82,0.696003
26,83,0.697022
26,84,0.698269
26,85,0.699529
26,86,0.700626
26,87,0.701479
26,88,0.702114
26,89,0.702648
26,90,0.703223
26,91,0.703943
26,92,0.704809
26,93,0.705713
26,94,0.706477
26,95,0.706916
27,0,0.679482
27,1,0.679915
27,2,0.680765
27,3,0.682004
27,4,0.683585
27,5,0.68545
27,6,0.687522
27,7,0.689702
27,8,0.691883
27,9,0.693949
27,10,0.695801
27,11,0.697376
27,12,0.69866
27,13,0.699691
27,14,0.700557
27,15,0.701372
27,16,0.702254
27,17,0.703303
27,18,0.704584
27,19,0.706116
27,20,0.707863
27,21,0.709737
27,22,0.711609
27,23,0.713344
27,24,0.714822
27,25,0.715947
27,26,0.716658
27,27,0.716902
27,28,0.71661
27,29,0.715707
27,30,0.714125
27,31,0.711864
27,32,0.709029
27,33,0.705842
27,34,0.702627
27,35,0.699733
27,36,0.697454
27,37,0.695973
27,38,0.695339
27,39,0.695494
27,40,0.696324
27,41,0.697687
27,42,0.699438
27,43,0.70142
27,44,0.70344
27,45,0.705274
27,46,0.706677
27,47,0.707431
27,48,0.707401
27,49,0.706572
27,50,0.705057
27,51,0.703083
27,52,0.700944
27,53,0.698947
27,54,0.697367
27,55,0.69642
27,56,0.696234
27,57,0.69685
27,58,0.698208
27,59,0.700154
27,60,0.70247
27,61,0.7049
27,62,0.707204
27,63,0.7092
27,64,0.710782
27,65,0.711927
27,66,0.712661
27,67,0.713019
27,68,0.713017
27,69,0.712641
27,70,0.711862
27,71,0.710662
27,72,0.709063
27,73,0.707139
27,74,0.705014
27,75,0.702837
27,76,0.700765
27,77,0.698934
27,78,0.697448
27,79,0.696378
27,80,0.695763
27,81,0.695599
27,82,0.695838
27,83,0.696383
27,84,0.697105
27,85,0.697869
27,86,0.698574
27,87,0.699187
27,88,0.699748
27,89,0.700348
27,90,0.701081
27,91,0.701996
27,92,0.70305
27,93,0.704103
27,94,0.704967
27,95,0.705454
28,0,0.679149
28,1,0.679758
28,2,0.68093
28,3,0.682592
28,4,0.684641
28,5,0.686962
28,6,0.689438
28,7,0.69194
28,8,0.694345
28,9,0.696535
28,10,0.698409
28,11,0.699913
28,12,0.701044
28,13,0.701851
28,14,0.702438
28,15,0.702937
28,16,0.70348
28,17,0.704183
28,18,0.705126
28,19,0.706335
28,20,0.707775
28,21,0.709355
28,22,0.710938
28,23,0.712384
28,24,0.713573
28,25,0.71442
28,26,0.714885
28,27,0.714945
28,28,0.714561
28,29,0.713679
28,30,0.71224
28,31,0.710235
28,32,0.707741
28,33,0.70495
28,34,0.702144
28,35,0.699643
28,36,0.697719
28,37,0.696544
28,38,0.696166
28,39,0.696532
28,40,0.697531
28,41,0.699018
28,42,0.700843
28,43,0.702835
28,44,0.704791
28,45,0.706476
28,46,0.70765
28,47,0.708111
28,48,0.707752
28,49,0.706593
28,50,0.704782
28,51,0.702568
28,52,0.700255
28,53,0.698143
28,54,0.696489
28,55,0.695485
28,56,0.695239
28,57,0.695779
28,58,0.697046
28,59,0.698897
28,60,0.701138
28,61,0.703549
28,62,0.705926
28,63,0.708114
28,64,0.710023
28,65,0.711616
28,66,0.712874
28,67,0.713768
28,68,0.714236
28,69,0.714196
28,70,0.713577
28,71,0.712361
28,72,0.710608
28,73,0.708457
28,74,0.706108
28,75,0.703775
28,76,0.701641
28,77,0.699832
28,78,0.698403
28,79,0.697355
28,80,0.696657
28,81,0.69626
28,82,0.696106
28,83,0.696136
28,84,0.696288
28,85,0.696511
28,86,0.696776
28,87,0.697097
28,88,0.69752
28,89,0.69811
28,90,0.698915
28,91,0.699933
28,92,0.701083
28,93,0.702204
28,94,0.703106
28,95,0.703609
29,0,0.67912
29,1,0.679916
29,2,0.681432
29,3,0.68354
29,4,0.686072
29,5,0.68885
29,6,0.691706
29,7,0.694479
29,8,0.697035
29,9,0.699259
29,10,0.701067
29,11,0.702423
29,12,0.703339
29,13,0.703879
29,14,0.704154
29,15,0.704301
29,16,0.704462
29,17,0.704767
29,18,0.705311
29,19,0.706142
29,20,0.70724
29,21,0.708523
29,22,0.709858
29,23,0.711098
29,24,0.712114
29,25,0.712815
29,26,0.713163
29,27,0.713144
29,28,0.712737
29,29,0.711906
29,30,0.710608
29,31,0.708835
29,32,0.706656
29,33,0.704234
29,34,0.701825
29,35,0.699713
29,36,0.698143
29,37,0.69727
29,38,0.697139
29,39,0.697697
29,40,0.69884
29,41,0.70043
29,42,0.702314
29,43,0.704314
29,44,0.706213
29,45,0.70777
29,46,0.708742
29,47,0.708944
29,48,0.708292
29,49,0.706841
29,50,0.704771
29,51,0.702354
29,52,0.699896
29,53,0.697691
29,54,0.695973
29,55,0.694908
29,56,0.694585
29,57,0.695022
29,58,0.696159
29,59,0.697869
29,60,0.699986
29,61,0.702324
29,62,0.704715
29,63,0.707034
29,64,0.709204
29,65,0.711175
29,66,0.712891
29,67,0.714261
29,68,0.715152
29,69,0.715419
29,70,0.714959
29,71,0.713752
29,72,0.7119
29,73,0.709606
29,74,0.707137
29,75,0.704758
29,76,0.702669
29,77,0.700972
29,78,0.699666
29,79,0.698681
29,80,0.697921
29,81,0.697297
29,82,0.696755
29,83,0.696276
29,84,0.695868
29,85,0.695558
29,86,0.695387
29,87,0.695404
29,88,0.69566
29,89,0.696193
29,90,0.697008
29,91,0.698059
29,92,0.699234
29,93,0.700363
29,94,0.701258
29,95,0.701754
30,0,0.679318
30,1,0.680298
30,2,0.682151
30,3,0.684692
30,4,0.687683
30,5,0.690879
30,6,0.694057
30,7,0.697026
30,8,0.699645
30,9,0.701813
30,10,0.703475
30,11,0.704623
30,12,0.705293
30,13,0.705559
30,14,0.705534
30,15,0.70535
30,16,0.705149
30,17,0.705068
30,18,0.705221
30,19,0.705681
30,20,0.706457
30,21,0.707484
30,22,0.708639
30,23,0.709764
30,24,0.710716
30,25,0.711381
30,26,0.711706
30,27,0.711671
30,28,0.711264
30,29,0.710468
30,30,0.709263
30,31,0.707658
30,32,0.705724
30,33,0.703616
30,34,0.701562
30,35,0.699813
30,36,0.698581
30,37,0.697998
30,38,0.698098
30,39,0.698833
30,40,0.700104
30,41,0.701785
30,42,0.703727
30,43,0.705746
30,44,0.707618
30,45,0.70909
30,46,0.709919
30,47,0.709928
30,48,0.709057
30,49,0.707387
30,50,0.705126
30,51,0.70256
30,52,0.699997
30,53,0.697718
30,54,0.695936
30,55,0.694794
30,56,0.694365
30,57,0.69466
30,58,0.695626
30,59,0.697153
30,60,0.699101
30,61,0.701317
30,62,0.703663
30,63,0.706041
30,64,0.708386
30,65,0.710637
30,66,0.712705
30,67,0.714446
30,68,0.715669
30,69,0.716179
30,70,0.715846
30,71,0.714657
30,72,0.712751
30,73,0.71039
30,74,0.707899
30,75,0.705577
30,76,0.703629
30,77,0.702123
30,78,0.700999
30,79,0.700118
30,80,0.699325
30,81,0.698505
30,82,0.697612
30,83,0.696672
30,84,0.69576
30,85,0.694977
30,86,0.694419
30,87,0.694168
30,88,0.694272
30,89,0.694745
30,90,0.695551
30,91,0.69661
30,92,0.697785
30,93,0.6989
30,94,0.699775
30,95,0.700256
31,0,0.67972
31,1,0.680867
31,2,0.683023
31,3,0.685945
31,4,0.689327
31,5,0.692858
31,6,0.69626
31,7,0.699317
31,8,0.701891
31,9,0.703907
31,10,0.705347
31,11,0.706243
31,12,0.706657
31,13,0.706673
31,14,0.706397
31,15,0.705948
31,16,0.705456
31,17,0.70506
31,18,0.70489
31,19,0.705047
31,20,0.705569
31,21,0.706417
31,22,0.707475
31,23,0.708579
31,24,0.709558
31,25,0.71027
31,26,0.710632
31,27,0.710609
31,28,0.710192
31,29,0.709386
31,30,0.708202
31,31,0.706679
31,32,0.704908
31,33,0.703041
31,34,0.701285
31,35,0.699858
31,36,0.698935
31,37,0.69862
31,38,0.698933
31,39,0.699826
31,40,0.701211
31,41,0.702974
31,42,0.704974
31,43,0.707026
31,44,0.708899
31,45,0.710333
31,46,0.711083
31,47,0.710979
31,48,0.709979
31,49,0.708184
31,50,0.705819
31,51,0.703178
31,52,0.700563
31,53,0.698238
31,54,0.696396
31,55,0.695161
31,56,0.694598
31,57,0.694716
31,58,0.695473
31,59,0.696779
31,60,0.698519
31,61,0.700564
31,62,0.702803
31,63,0.705159
31,64,0.707572
31,65,0.709978
31,66,0.71226
31,67,0.714235
31,68,0.715669
31,69,0.71633
31,70,0.716072
31,71,0.714894
31,72,0.712971
31,73,0.710612
31,74,0.708183
31,75,0.706007
31,76,0.704277
31,77,0.703024
31,78,0.702125
31,79,0.70138
31,80,0.700586
31,81,0.69961
31,82,0.698424
31,83,0.697099
31,84,0.695774
31,85,0.694612
31,86,0.693757
31,87,0.693311
31,88,0.69332
31,89,0.693772
31,90,0.694599
31,91,0.695689
31,92,0.696888
31,93,0.698011
31,94,0.698884
31,95,0.699362
32,0,0.680391
32,1,0.681673
32,2,0.68407
32,3,0.687284
32,4,0.690945
32,5,0.694679
32,6,0.698165
32,7,0.701171
32,8,0.70357
32,9,0.705325
32,10,0.706466
32,11,0.707069
32,12,0.707224
32,13,0.707025
32,14,0.706563
32,15,0.705937
32,16,0.705258
32,17,0.704658
32,18,0.704278
32,19,0.704241
32,20,0.704615
32,21,0.705384
32,22,0.706441
32,23,0.707609
32,24,0.708692
32,25,0.709508
32,26,0.709942
32,27,0.709937
32,28,0.709485
32,29,0.708616
32,30,0.70738
32,31,0.705858
32,32,0.704166
32,33,0.702466
32,34,0.700948
32,35,0.699794
32,36,0.699143
32,37,0.699065
32,38,0.699564
32,39,0.700592
32,40,0.702073
32,41,0.703903
32,42,0.705953
32,43,0.708038
32,44,0.709925
32,45,0.711352
32,46,0.712072
32,47,0.711927
32,48,0.710887
32,49,0.709067
32,50,0.706698
32,51,0.70407
32,52,0.701472
32,53,0.699147
32,54,0.697266
32,55,0.69594
32,56,0.695228
32,57,0.695149
32,58,0.695674
32,59,0.696732
32,60,0.698229
32,61,0.700057
32,62,0.702124
32,63,0.704365
32,64,0.706729
32,65,0.709146
32,66,0.711483
32,67,0.713532
32,68,0.715034
32,69,0.715737
32,70,0.715492
32,71,0.714312
32,72,0.712402
32,73,0.710105
32,74,0.707813
32,75,0.705852
32,76,0.704397
32,77,0.703434
32,78,0.702785
32,79,0.702195
32,80,0.701427
32,81,0.70034
32,82,0.698927
32,83,0.697307
32,84,0.695675
32,85,0.694247
32,86,0.693203
32,87,0.692662
32,88,0.692661
32,89,0.693165
32,90,0.694078
32,91,0.695262
32,92,0.696544
32,93,0.697729
32,94,0.698641
32,95,0.699137
33,0,0.681478
33,1,0.682853
33,2,0.685404
33,3,0.688788
33,4,0.692577
33,5,0.696345
33,6,0.699741
33,7,0.702527
33,8,0.704603
33,9,0.705976
33,10,0.706731
33,11,0.706992
33,12,0.706876
33,13,0.706483
33,14,0.705892
33,15,0.705172
33,16,0.704415
33,17,0.703736
33,18,0.70328
33,19,0.703185
33,20,0.703539
33,21,0.704343
33,22,0.705497
33,23,0.70681
33,24,0.708059
33,25,0.709022
33,26,0.709549
33,27,0.70956
33,28,0.70905
33,29,0.708074
33,30,0.706727
33,31,0.705136
33,32,0.703455
33,33,0.701853
33,34,0.700512
33,35,0.699578
33,36,0.699151
33,37,0.69927
33,38,0.699922
33,39,0.701055
33,40,0.702603
33,41,0.704475
33,42,0.706551
33,43,0.70865
33,44,0.710541
33,45,0.711964
33,46,0.712682
33,47,0.712547
33,48,0.711543
33,49,0.709793
33,50,0.707524
33,51,0.705012
33,52,0.70252
33,53,0.700263
33,54,0.698391
33,55,0.697003
33,56,0.696158
33,57,0.695885
33,58,0.696175
33,59,0.696973
33,60,0.698204
33,61,0.699775
33,62,0.701604
33,63,0.703636
33,64,0.705823
33,65,0.708097
33,66,0.710319
33,67,0.712274
33,68,0.713695
33,69,0.714327
33,70,0.714032
33,71,0.712836
33,72,0.710965
33,73,0.708784
33,74,0.706688
33,75,0.704995
33,76,0.703849
33,77,0.703191
33,78,0.702795
33,79,0.702365
33,80,0.701639
33,81,0.70048
33,82,0.698905
33,83,0.697078
33,84,0.695244
33,85,0.693664
33,86,0.692545
33,87,0.692014
33,88,0.692098
33,89,0.692743
33,90,0.693826
33,91,0.695184
33,92,0.696624
33,93,0.697936
33,94,0.698938
33,95,0.69948
34,0,0.683201
34,1,0.684612
34,2,0.687212
34,3,0.690618
34,4,0.694355
34,5,0.69796
34,6,0.701067
34,7,0.70345
34,8,0.705044
34,9,0.705907
34,10,0.70618
34,11,0.706034
34,12,0.705612
34,13,0.705021
34,14,0.704324
34,15,0.703568
34,16,0.702819
34,17,0.702175
34,18,0.701774
34,19,0.701758
34,20,0.702224
34,21,0.703181
34,22,0.704527
34,23,0.706061
34,24,0.707528
34,25,0.708674
34,26,0.709312
34,27,0.709342
34,28,0.708764
34,29,0.707658
34,30,0.706165
34,31,0.70446
34,32,0.702735
34,33,0.701176
34,34,0.699952
34,35,0.699182
34,36,0.698927
34,37,0.699196
34,38,0.699957
34,39,0.701158
34,40,0.702736
34,41,0.704611
34,42,0.706672
34,43,0.708745
34,44,0.710606
34,45,0.712006
34,46,0.712724
34,47,0.71263
34,48,0.711722
34,49,0.710127
34,50,0.70806
34,51,0.70577
34,52,0.703486
34,53,0.701387
34,54,0.699598
34,55,0.698204
34,56,0.697269
34,57,0.696834
34,58,0.696907
34,59,0.697453
34,60,0.69841
34,61,0.699693
34,62,0.701226
34,63,0.702958
34,64,0.704847
34,65,0.706828
34,66,0.708769
34,67,0.710464
34,68,0.711657
34,69,0.71211
34,70,0.711701
34,71,0.710475
34,72,0.708669
34,73,0.706648
34,74,0.704798
34,75,0.703409
34,76,0.702588
34,77,0.702233
34,78,0.70208
34,79,0.701802
34,80,0.701126
34,81,0.699924
34,82,0.698244
34,83,0.69629
34,84,0.694348
34,85,0.692716
34,86,0.691623
34,87,0.691198
34,88,0.691458
34,89,0.692328
34,90,0.69366
34,91,0.695267
34,92,0.696934
34,93,0.698435
34,94,0.69957
34,95,0.700182
35,0,0.685781
35,1,0.687166
35,2,0.689698
35,3,0.69296
35,4,0.696451
35,5,0.699687
35,6,0.702305
35,7,0.704104
35,8,0.705062
35,9,0.705291
35,10,0.704985
35,11,0.704353
35,12,0.703565
35,13,0.702733
35,14,0.701912
35,15,0.701131
35,16,0.700435
35,17,0.699903
35,18,0.699661
35,19,0.699841
35,20,0.700539
35,21,0.701757
35,22,0.703388
35,23,0.705212
35,24,0.706951
35,25,0.708315
35,26,0.70909
35,27,0.709159
35,28,0.708522
35,29,0.707288
35,30,0.705638
35,31,0.703797
35,32,0.701992
35,33,0.700427
35,34,0.699265
35,35,0.698598
35,36,0.698458
35,37,0.698823
35,38,0.699646
35,39,0.700869
35,40,0.702432
35,41,0.704264
35,42,0.706258
35,43,0.708253
35,44,0.710036
35,45,0.711378
35,46,0.712083
35,47,0.712046
35,48,0.711281
35,49,0.709914
35,50,0.708142
35,51,0.706178
35,52,0.704205
35,53,0.702362
35,54,0.700743
35,55,0.699418
35,56,0.698455
35,57,0.697909
35,58,0.697805
35,59,0.698124
35,60,0.698815
35,61,0.699796
35,62,0.700991
35,63,0.702351
35,64,0.703837
35,65,0.705392
35,66,0.706902
35,67,0.708186
35,68,0.709018
35,69,0.709191
35,70,0.708611
35,71,0.707339
35,72,0.705614
35,73,0.703789
35,74,0.702217
35,75,0.701153
35,76,0.700659
35,77,0.700594
35,78,0.700663
35,79,0.700524
35,80,0.699902
35,81,0.698685
35,82,0.696949
35,83,0.694932
35,84,0.69296
35,85,0.691357
35,86,0.69037
35,87,0.690126
35,88,0.690633
35,89,0.691794
35,90,0.693437
35,91,0.695352
35,92,0.697298
35,93,0.69903
35,94,0.70033
35,95,0.701027
36,0,0.689368
36,1,0.690664
36,2,0.693007
36,3,0.695963
36,4,0.699019
36,5,0.701695
36,6,0.703645
36,7,0.704705
36,8,0.704901
36,9,0.704393
36,10,0.703418
36,11,0.70222
36,12,0.700987
36,13,0.69984
36,14,0.698834
36,15,0.697989
36,16,0.697339
36,17,0.696947
36,18,0.696923
36,19,0.697381
36,20,0.698401
36,21,0.699971
36,22,0.701967
36,23,0.704148
36,24,0.706211
36,25,0.70784
36,26,0.708794
36,27,0.708938
36,28,0.708277
36,29,0.706941
36,30,0.705148
36,31,0.703167
36,32,0.70126
36,33,0.699649
36,34,0.698493
36,35,0.697867
36,36,0.697778
36,37,0.69818
36,38,0.699013
36,39,0.700211
36,40,0.701714
36,41,0.703454
36,42,0.705331
36,43,0.707194
36,44,0.70885
36,45,0.710099
36,46,0.710777
36,47,0.710808
36,48,0.710223
36,49,0.709145
36,50,0.707745
36,51,0.706195
36,52,0.704626
36,53,0.703128
36,54,0.701761
36,55,0.700581
36,56,0.699656
36,57,0.699054
36,58,0.698819
36,59,0.698947
36,60,0.699393
36,61,0.700076
36,62,0.700917
36,63,0.70186
36,64,0.702867
36,65,0.703895
36,66,0.704854
36,67,0.705601
36,68,0.705956
36,69,0.705758
36,70,0.70495
36,71,0.70361
36,72,0.701972
36,73,0.700361
36,74,0.699087
36,75,0.698354
36,76,0.698179
36,77,0.698387
36,78,0.698661
36,79,0.698651
36,80,0.698091
36,81,0.696885
36,82,0.695136
36,83,0.693113
36,84,0.691169
36,85,0.689654
36,86,0.688825
36,87,0.688812
36,88,0.689609
36,89,0.691103
36,90,0.693097
36,91,0.695354
36,92,0.697609
36,93,0.699595
36,94,0.701076
36,95,0.701867
37,0,0.693957
37,1,0.695105
37,2,0.697149
37,3,0.699656
37,4,0.702121
37,5,0.704084
37,6,0.705234
37,7,0.705452
37,8,0.704806
37,9,0.703498
37,10,0.701797
37,11,0.699967
37,12,0.698211
37,13,0.696662
37,14,0.695381
37,15,0.694395
37,16,0.693734
37,17,0.693458
37,18,0.693656
37,19,0.694424
37,20,0.695817
37,21,0.697797
37,22,0.700217
37,23,0.702813
37,24,0.705255
37,25,0.707201
37,26,0.708386
37,27,0.708662
37,28,0.708032
37,29,0.706643
37,30,0.704744
37,31,0.702638
37,32,0.700618
37,33,0.698926
37,34,0.697722
37,35,0.697072
37,36,0.696968
37,37,0.697348
37,38,0.69814
37,39,0.69927
37,40,0.700676
37,41,0.702286
37,42,0.704008
37,43,0.705701
37,44,0.707199
37,45,0.708332
37,46,0.708974
37,47,0.709083
37,48,0.708708
37,49,0.707964
37,50,0.706995
37,51,0.705923
37,52,0.704824
37,53,0.703737
37,54,0.702686
37,55,0.701707
37,56,0.70087
37,57,0.700257
37,58,0.69993
37,59,0.6999
37,60,0.700129
37,61,0.700535
37,62,0.701029
37,63,0.701544
37,64,0.702041
37,65,0.702483
37,66,0.702812
37,67,0.702931
37,68,0.702719
37,69,0.702073
37,70,0.700981
37,71,0.699541
37,72,0.697978
37,73,0.696578
37,74,0.6956
37,75,0.695192
37,76,0.695324
37,77,0.695788
37,78,0.696255
37,79,0.696376
37,80,0.695896
37,81,0.694736
37,82,0.693019
37,83,0.691039
37,84,0.68917
37,85,0.687778
37,86,0.687136
37,87,0.687373
37,88,0.688478
37,89,0.69032
37,90,0.692679
37,91,0.695291
37,92,0.697869
37,93,0.70012
37,94,0.701789
37,95,0.702677
38,0,0.699341
38,1,0.700294
38,2,0.701956
38,3,0.70391
38,4,0.705679
38,5,0.706841
38,6,0.707129
38,7,0.706469
38,8,0.70497
38,9,0.702858
38,10,0.700421
38,11,0.69793
38,12,0.6956
38,13,0.693574
38,14,0.691927
38,15,0.690704
38,16,0.689946
38,17,0.689713
38,18,0.690088
38,19,0.691144
38,20,0.692909
38,21,0.695317
38,22,0.698191
38,23,0.70124
38,24,0.704107
38,25,0.706423
38,26,0.707899
38,27,0.708373
38,28,0.707844
38,29,0.706468
38,30,0.704516
38,31,0.702314
38,32,0.700183
38,33,0.69838
38,34,0.697076
38,35,0.696337
38,36,0.69615
38,37,0.69645
38,38,0.697155
38,39,0.698186
38,40,0.699473
38,41,0.70094
38,42,0.702495
38,43,0.704009
38,44,0.70534
38,45,0.706354
38,46,0.706965
38,47,0.707165
38,48,0.70702
38,49,0.706639
38,50,0.706133
38,51,0.705573
38,52,0.70498
38,53,0.704337
38,54,0.70363
38,55,0.702878
38,56,0.70215
38,57,0.701544
38,58,0.701142
38,59,0.700976
38,60,0.701016
38,61,0.701177
38,62,0.701357
38,63,0.701473
38,64,0.701472
38,65,0.701322
38,66,0.700992
38,67,0.700435
38,68,0.699597
38,69,0.698444
38,70,0.697015
38,71,0.695432
38,72,0.69391
38,73,0.692696
38,74,0.691991
38,75,0.691887
38,76,0.692306
38,77,0.693015
38,78,0.693675
38,79,0.693942
38,80,0.693574
38,81,0.692506
38,82,0.690874
38,83,0.688985
38,84,0.687226
38,85,0.68598
38,86,0.685529
38,87,0.686009
38,88,0.687408
38,89,0.689583
38,90,0.692297
38,91,0.695262
38,92,0.698161
38,93,0.700681
38,94,0.702541
38,95,0.703529
39,0,0.705107
39,1,0.705838
39,2,0.707072
39,3,0.708424
39,4,0.709459
39,5,0.709809
39,6,0.709255
39,7,0.707766
39,8,0.705477
39,9,0.702629
39,10,0.699511
39,11,0.69639
39,12,0.693484
39,13,0.690947
39,14,0.688872
39,15,0.687329
39,16,0.686379
39,17,0.686097
39,18,0.686563
39,19,0.687838
39,20,0.689926
39,21,0.692731
39,22,0.696048
39,23,0.699554
39,24,0.702865
39,25,0.705585
39,26,0.707403
39,27,0.708139
39,28,0.707785
39,29,0.706498
39,30,0.704555
39,31,0.702301
39,32,0.700069
39,33,0.698137
39,34,0.696686
39,35,0.695797
39,36,0.695466
39,37,0.695632
39,38,0.696218
39,39,0.697137
39,40,0.698309
39,41,0.699647
39,42,0.701055
39,43,0.70241
39,44,0.703592
39,45,0.704503
39,46,0.705096
39,47,0.705398
39,48,0.705493
39,49,0.705482
39,50,0.705444
39,51,0.705402
39,52,0.705314
39,53,0.705113
39,54,0.704745
39,55,0.704209
39,56,0.703576
39,57,0.702961
39,58,0.702476
39,59,0.702176
39,60,0.702044
39,61,0.701999
39,62,0.70192
39,63,0.701698
39,64,0.701258
39,65,0.700562
39,66,0.699598
39,67,0.698368
39,68,0.696885
39,69,0.695188
39,70,0.693375
39,71,0.6916
39,72,0.690067
39,73,0.688991
39,74,0.688518
39,75,0.688682
39,76,0.689366
39,77,0.690311
39,78,0.691173
39,79,0.691615
39,80,0.691405
39,81,0.690485
39,82,0.688996
39,83,0.687247
39,84,0.685631
39,85,0.684538
39,86,0.684263
39,87,0.684953
39,88,0.686604
39,89,0.68907
39,90,0.692105
39,91,0.695399
39,92,0.69861
39,93,0.701395
39,94,0.703449
39,95,0.704538
40,0,0.710696
40,1,0.7112
40,2,0.712004
40,3,0.712766
40,4,0.713108
40,5,0.712716
40,6,0.711424
40,7,0.709235
40,8,0.7063
40,9,0.702857
40,10,0.699184
40,11,0.695534
40,12,0.692118
40,13,0.689098
40,14,0.686587
40,15,0.684679
40,16,0.683466
40,17,0.683043
40,18,0.6835
40,19,0.684893
40,20,0.687212
40,21,0.690338
40,22,0.694038
40,23,0.697961
40,24,0.701693
40,25,0.704817
40,26,0.706998
40,27,0.708039
40,28,0.707921
40,29,0.70679
40,30,0.704923
40,31,0.702664
40,32,0.700353
40,33,0.698282
40,34,0.69665
40,35,0.695561
40,36,0.695035
40,37,0.695032
40,38,0.695483
40,39,0.696298
40,40,0.697386
40,41,0.69864
40,42,0.69995
40,43,0.701192
40,44,0.702263
40,45,0.703097
40,46,0.703687
40,47,0.704096
40,48,0.704425
40,49,0.704773
40,50,0.705187
40,51,0.705639
40,52,0.706032
40,53,0.706243
40,54,0.706176
40,55,0.705813
40,56,0.705229
40,57,0.704561
40,58,0.703955
40,59,0.703503
40,60,0.703211
40,61,0.702999
40,62,0.70273
40,63,0.70226
40,64,0.701479
40,65,0.700329
40,66,0.698804
40,67,0.696948
40,68,0.694838
40,69,0.692588
40,70,0.690356
40,71,0.688336
40,72,0.686733
40,73,0.685731
40,74,0.685432
40,75,0.68582
40,76,0.686741
40,77,0.687915
40,78,0.688994
40,79,0.689647
40,80,0.689647
40,81,0.688937
40,82,0.687652
40,83,0.686093
40,84,0.684646
40,85,0.683703
40,86,0.683571
40,87,0.684416
40,88,0.68625
40,89,0.688939
40,90,0.692237
40,91,0.695819
40,92,0.699318
40,93,0.702361
40,94,0.704607
40,95,0.705801
41,0,0.715507
41,1,0.715804
41,2,0.716221
41,3,0.716465
41,4,0.71622
41,5,0.71523
41,6,0.713376
41,7,0.710685
41,8,0.707311
41,9,0.703478
41,10,0.69944
41,11,0.695429
41,12,0.69164
41,13,0.688236
41,14,0.685344
41,15,0.683085
41,16,0.681579
41,17,0.680949
41,18,0.681304
41,19,0.682706
41,20,0.685141
41,21,0.688473
41,22,0.692449
41,23,0.696695
41,24,0.700774
41,25,0.704251
41,26,0.706773
41,27,0.708128
41,28,0.70828
41,29,0.707361
41,30,0.705628
41,31,0.703414
41,32,0.701055
41,33,0.698849
41,34,0.697018
41,35,0.695699
41,36,0.694949
41,37,0.694761
41,38,0.695084
41,39,0.695827
41,40,0.696881
41,41,0.698113
41,42,0.69939
41,43,0.700576
41,44,0.701578
41,45,0.702359
41,46,0.702952
41,47,0.703458
41,48,0.704
41,49,0.704676
41,50,0.705505
41,51,0.706413
41,52,0.707243
41,53,0.707816
41,54,0.707995
41,55,0.707742
41,56,0.707141
41,57,0.706357
41,58,0.705581
41,59,0.70495
41,60,0.704502
41,61,0.704164
41,62,0.703782
41,63,0.70317
41,64,0.702169
41,65,0.700687
41,66,0.698713
41,67,0.696315
41,68,0.693631
41,69,0.690844
41,70,0.688179
41,71,0.68587
41,72,0.684136
41,73,0.683141
41,74,0.682951
41,75,0.683513
41,76,0.684639
41,77,0.686032
41,78,0.687341
41,79,0.688239
41,80,0.688499
41,81,0.688057
41,82,0.687033
41,83,0.685705
41,84,0.684447
41,85,0.683643
41,86,0.683611
41,87,0.684538
41,88,0.686466
41,89,0.689287
41,90,0.692765
41,91,0.696573
41,92,0.700321
41,93,0.7036
41,94,0.706033
41,95,0.707329
42,0,0.719014
42,1,0.719142
42,2,0.71925
42,3,0.719098
42,4,0.718426
42,5,0.717035
42,6,0.714844
42,7,0.711894
42,8,0.708331
42,9,0.704356
42,10,0.700191
42,11,0.696036
42,12,0.692066
42,13,0.688436
42,14,0.685281
42,15,0.682743
42,16,0.680969
42,17,0.680109
42,18,0.680298
42,19,0.681611
42,20,0.684037
42,21,0.687437
42,22,0.691544
42,23,0.695973
42,24,0.700273
42,25,0.703999
42,26,0.70679
42,27,0.708424
42,28,0.708848
42,29,0.708169
42,30,0.706617
42,31,0.704496
42,32,0.702125
42,33,0.699805
42,34,0.697781
42,35,0.696228
42,36,0.695252
42,37,0.694889
42,38,0.695111
42,39,0.695828
42,40,0.696908
42,41,0.698184
42,42,0.699487
42,43,0.700663
42,44,0.701625
42,45,0.702361
42,46,0.702945
42,47,0.703519
42,48,0.704235
42,49,0.705193
42,50,0.706389
42,51,0.707701
42,52,0.708914
42,53,0.709791
42,54,0.710154
42,55,0.709947
42,56,0.709261
42,57,0.7083
42,58,0.707308
42,59,0.706475
42,60,0.705879
42,61,0.705461
42,62,0.705045
42,63,0.704399
42,64,0.703308
42,65,0.701631
42,66,0.699336
42,67,0.696506
42,68,0.693326
42,69,0.690045
42,70,0.686952
42,71,0.684328
42,72,0.682412
42,73,0.681362
42,74,0.68122
42,75,0.681902
42,76,0.683195
42,77,0.684791
42,78,0.686334
42,79,0.687498
42,80,0.688053
42,81,0.687921
42,82,0.687199
42,83,0.686136
42,84,0.685077
42,85,0.684395
42,86,0.684413
42,87,0.685346
42,88,0.687271
42,89,0.690119
42,90,0.693681
42,91,0.697635
42,92,0.701574
42,93,0.705054
42,94,0.707654
42,95,0.709044
43,0,0.720849
43,1,0.720861
43,2,0.720767
43,3,0.72037
43,4,0.719466
43,5,0.7179
43,6,0.715619
43,7,0.712669
43,8,0.709181
43,9,0.705324
43,10,0.701283
43,11,0.697222
43,12,0.69329
43,13,0.689628
43,14,0.68637
43,15,0.68367
43,16,0.681699
43,17,0.680631
43,18,0.680626
43,19,0.681777
43,20,0.684084
43,21,0.687408
43,22,0.691485
43,23,0.695924
43,24,0.70028
43,25,0.704111
43,26,0.707061
43,27,0.708903
43,28,0.709569
43,29,0.709137
43,30,0.707797
43,31,0.705812
43,32,0.703474
43,33,0.701078
43,34,0.698889
43,35,0.697127
43,36,0.695952
43,37,0.695445
43,38,0.695606
43,39,0.696344
43,40,0.6975
43,41,0.698866
43,42,0.700231
43,43,0.701418
43,44,0.702341
43,45,0.703015
43,46,0.703558
43,47,0.704156
43,48,0.704993
43,49,0.706174
43,50,0.707676
43,51,0.709332
43,52,0.710868
43,53,0.711992
43,54,0.712481
43,55,0.712263
43,56,0.711444
43,57,0.710267
43,58,0.709034
43,59,0.707997
43,60,0.707277
43,61,0.706829
43,62,0.706458
43,63,0.70588
43,64,0.704818
43,65,0.703076
43,66,0.700589
43,67,0.697445
43,68,0.693863
43,69,0.690151
43,70,0.686658
43,71,0.683715
43,72,0.681585
43,73,0.680431
43,74,0.68028
43,75,0.681029
43,76,0.682448
43,77,0.684218
43,78,0.68598
43,79,0.68741
43,80,0.688273
43,81,0.688471
43,82,0.688072
43,83,0.687288
43,84,0.68643
43,85,0.685851
43,86,0.685877
43,87,0.686746
43,88,0.688581
43,89,0.691355
43,90,0.6949
43,91,0.698908
43,92,0.702962
43,93,0.706588
43,94,0.709319
43,95,0.710788
44,0,0.720867
44,1,0.720825
44,2,0.720646
44,3,0.720172
44,4,0.719239
44,5,0.717726
44,6,0.715597
44,7,0.712893
44,8,0.709723
44,9,0.706222
44,10,0.702537
44,11,0.698794
44,12,0.695112
44,13,0.691611
44,14,0.68842
44,15,0.685698
44,16,0.683628
44,17,0.682408
44,18,0.682215
44,19,0.683162
44,20,0.685259
44,21,0.688379
44,22,0.692264
44,23,0.696539
44,24,0.700776
44,25,0.704554
44,26,0.707534
44,27,0.709497
44,28,0.71036
44,29,0.710167
44,30,0.709061
44,31,0.707254
44,32,0.705002
44,33,0.702584
44,34,0.700283
44,35,0.698363
44,36,0.697035
44,37,0.696428
44,38,0.696567
44,39,0.697358
44,40,0.698611
44,41,0.700075
44,42,0.701497
44,43,0.702678
44,44,0.703532
44,45,0.704104
44,46,0.704556
44,47,0.705122
44,48,0.706016
44,49,0.707355
44,50,0.709095
44,51,0.711028
44,52,0.712826
44,53,0.71414
44,54,0.714711
44,55,0.714451
44,56,0.71348
44,57,0.712086
44,58,0.710627
44,59,0.709416
44,60,0.708615
44,61,0.708194
44,62,0.707935
44,63,0.707507
44,64,0.706571
44,65,0.70487
44,66,0.702305
44,67,0.698959
44,68,0.695076
44,69,0.691012
44,70,0.68717
44,71,0.683925
44,72,0.681572
44,73,0.680282
44,74,0.680075
44,75,0.680838
44,76,0.68233
44,77,0.684226
44,78,0.686171
44,79,0.68784
44,80,0.688991
44,81,0.689509
44,82,0.68943
44,83,0.688922
44,84,0.68826
44,85,0.687771
44,86,0.687776
44,87,0.688537
44,88,0.690216
44,89,0.692837
44,90,0.696275
44,91,0.700245
44,92,0.704329
44,93,0.708029
44,94,0.710841
44,95,0.712361
45,0,0.719159
45,1,0.719126
45,2,0.718979
45,3,0.718588
45,4,0.717816
45,5,0.716561
45,6,0.714792
45,7,0.712538
45,8,0.709883
45,9,0.706928
45,10,0.703781
45,11,0.700532
45,12,0.697269
45,13,0.694091
45,14,0.691116
45,15,0.6885
45,16,0.686435
45,17,0.68513
45,18,0.684776
45,19,0.685499
45,20,0.687322
45,21,0.690133
45,22,0.693692
45,23,0.697651
45,24,0.701615
45,25,0.705201
45,26,0.7081
45,27,0.710106
45,28,0.711124
45,29,0.711163
45,30,0.710313
45,31,0.708729
45,32,0.706619
45,33,0.704245
45,34,0.701902
45,35,0.699888
45,36,0.698462
45,37,0.697796
45,38,0.697935
45,39,0.698778
45,40,0.700108
45,41,0.701634
45,42,0.703066
45,43,0.704187
45,44,0.704919
45,45,0.705336
45,46,0.705645
45,47,0.706121
45,48,0.707011
45,49,0.708437
45,50,0.710342
45,51,0.712479
45,52,0.714473
45,53,0.715928
45,54,0.716552
45,55,0.716244
45,56,0.715142
45,57,0.713571
45,58,0.711943
45,59,0.710619
45,60,0.7098
45,61,0.709464
45,62,0.709374
45,63,0.709152
45,64,0.708405
45,65,0.706822
45,66,0.704271
45,67,0.700823
45,68,0.696741
45,69,0.692416
45,70,0.688291
45,71,0.684786
45,72,0.682219
45,73,0.680773
45,74,0.68047
45,75,0.68119
45,76,0.68269
45,77,0.684648
45,78,0.686712
45,79,0.688562
45,80,0.689953
45,81,0.690752
45,82,0.690963
45,83,0.690714
45,84,0.690241
45,85,0.689838
45,86,0.689819
45,87,0.69046
45,88,0.691956
45,89,0.694378
45,90,0.697641
45,91,0.70149
45,92,0.705514
45,93,0.709202
45,94,0.71203
45,95,0.713566
46,0,0.716021
46,1,0.716051
46,2,0.716039
46,3,0.715868
46,4,0.715413
46,5,0.714577
46,6,0.713324
46,7,0.711666
46,8,0.709658
46,9,0.707369
46,10,0.704873
46,11,0.702226
46,12,0.699491
46,13,0.696742
46,14,0.694086
46,15,0.691672
46,16,0.689692
46,17,0.688359
46,18,0.687872
46,19,0.688366
46,20,0.689873
46,21,0.692302
46,22,0.69544
46,23,0.698977
46,24,0.702564
46,25,0.705868
46,26,0.708615
46,27,0.710617
46,28,0.711771
46,29,0.712047
46,30,0.711479
46,31,0.710162
46,32,0.708257
46,33,0.706
46,34,0.703689
46,35,0.701651
46,36,0.70018
46,37,0.699479
46,38,0.699611
46,39,0.700469
46,40,0.701812
46,41,0.70332
46,42,0.704679
46,43,0.705665
46,44,0.706211
46,45,0.706424
46,46,0.706547
46,47,0.70689
46,48,0.707723
46,49,0.709172
46,50,0.711167
46,51,0.713431
46,52,0.715554
46,53,0.717105
46,54,0.717766
46,55,0.717433
46,56,0.716254
46,57,0.714585
46,58,0.712876
46,59,0.711527
46,60,0.710762
46,61,0.710563
46,62,0.710675
46,63,0.710686
46,64,0.710158
46,65,0.70874
46,66,0.70627
46,67,0.702807
46,68,0.698623
46,69,0.694132
46,70,0.689807
46,71,0.686094
46,72,0.683333
46,73,0.68172
46,74,0.68128
46,75,0.681895
46,76,0.683326
46,77,0.685261
46,78,0.687358
46,79,0.689308
46,80,0.690864
46,81,0.691882
46,82,0.692339
46,83,0.692324
46,84,0.692033
46,85,0.69173
46,86,0.691711
46,87,0.692256
46,88,0.693582
46,89,0.695794
46,90,0.698841
46,91,0.702499
46,92,0.706374
46,93,0.70996
46,94,0.712727
46,95,0.714235
47,0,0.71193
47,1,0.712064
47,2,0.712261
47,3,0.712405
47,4,0.71237
47,5,0.712052
47,6,0.711401
47,7,0.710407
47,8,0.709099
47,9,0.707519
47,10,0.705707
47,11,0.703697
47,12,0.701525
47,13,0.699248
47,14,0.696958
47,15,0.694795
47,16,0.692944
47,17,0.691616
47,18,0.69101
47,19,0.691267
47,20,0.692434
47,21,0.694441
47,22,0.69711
47,23,0.700178
47,24,0.703351
47,25,0.706346
47,26,0.708928
47,27,0.710925
47,28,0.712222
47,29,0.712754
47,30,0.712499
47,31,0.711495
47,32,0.709855
47,33,0.707786
47,34,0.705582
47,35,0.703582
47,36,0.702105
47,37,0.701375
47,38,0.701464
47,39,0.702264
47,40,0.703522
47,41,0.704903
47,42,0.706088
47,43,0.706859
47,44,0.707169
47,45,0.707149
47,46,0.707071
47,47,0.707266
47,48,0.708013
47,49,0.709437
47,50,0.711455
47,51,0.713772
47,52,0.715957
47,53,0.717562
47,54,0.718255
47,55,0.717932
47,56,0.716748
47,57,0.715077
47,58,0.713389
47,59,0.712105
47,60,0.711459
47,61,0.711433
47,62,0.711757
47,63,0.711998
47,64,0.711691
47,65,0.710459
47,66,0.708119
47,67,0.704718
47,68,0.700528
47,69,0.695969
47,70,0.691527
47,71,0.687665
47,72,0.684734
47,73,0.68294
47,74,0.682317
47,75,0.682756
47,76,0.68403
47,77,0.685842
47,78,0.687873
47,79,0.689824
47,80,0.691457
47,81,0.692621
47,82,0.69327
47,83,0.693463
47,84,0.693356
47,85,0.693183
47,86,0.693211
47,87,0.693713
47,88,0.694913
47,89,0.69693
47,90,0.699742
47,91,0.703152
47,92,0.706791
47,93,0.71018
47,94,0.712804
47,95,0.714238
48,0,0.707471
48,1,0.707728
48,2,0.708168
48,3,0.708668
48,4,0.709088
48,5,0.709312
48,6,0.709269
48,7,0.708929
48,8,0.708297
48,9,0.70739
48,10,0.706226
48,11,0.704818
48,12,0.703183
48,13,0.701363
48,14,0.699434
48,15,0.697523
48,16,0.695805
48,17,0.694483
48,18,0.693753
48,19,0.693762
48,20,0.694573
48,21,0.696147
48,22,0.698348
48,23,0.700962
48,24,0.703749
48,25,0.706473
48,26,0.708931
48,27,0.71096
48,28,0.71243
48,29,0.713242
48,30,0.713327
48,31,0.71267
48,32,0.711343
48,33,0.709522
48,34,0.70749
48,35,0.705584
48,36,0.70413
48,37,0.703361
48,38,0.703354
48,39,0.704004
48,40,0.705061
48,41,0.7062
48,42,0.707114
48,43,0.707607
48,44,0.707653
48,45,0.707405
48,46,0.70715
48,47,0.707218
48,48,0.707881
48,49,0.709256
48,50,0.711247
48,51,0.713553
48,52,0.715739
48,53,0.717355
48,54,0.718075
48,55,0.717794
48,56,0.716673
48,57,0.715087
48,58,0.713508
48,59,0.712359
48,60,0.711873
48,61,0.712028
48,62,0.712549
48,63,0.712996
48,64,0.712895
48,65,0.711858
48,66,0.70969
48,67,0.706424
48,68,0.702319
48,69,0.697788
48,70,0.693311
48,71,0.689351
48,72,0.686267
48,73,0.684272
48,74,0.683415
48,75,0.6836
48,76,0.684624
48,77,0.686214
48,78,0.688073
48,79,0.689927
48,80,0.691549
48,81,0.692787
48,82,0.693581
48,83,0.693962
48,84,0.694054
48,85,0.694051
48,86,0.694189
48,87,0.694715
48,88,0.695843
48,89,0.697692
48,90,0.700255
48,91,0.703363
48,92,0.706685
48,93,0.709782
48,94,0.712183
48,95,0.713496
49,0,0.703261
49,1,0.703637
49,2,0.704309
49,3,0.70514
49,4,0.705978
49,5,0.706686
49,6,0.707176
49,7,0.707401
49,8,0.707346
49,9,0.707013
49,10,0.706401
49,11,0.705508
49,12,0.704339
49,13,0.702918
49,14,0.701308
49,15,0.699618
49,16,0.698008
49,17,0.69667
49,18,0.695796
49,19,0.695543
49,20,0.695997
49,21,0.697156
49,22,0.69893
49,23,0.701156
49,24,0.703639
49,25,0.706179
49,26,0.708589
49,27,0.710707
49,28,0.712384
49,29,0.71349
49,30,0.713919
49,31,0.71362
49,32,0.71263
49,33,0.711101
49,34,0.709291
49,35,0.707527
49,36,0.706121
49,37,0.705302
49,38,0.705148
49,39,0.705563
49,40,0.706319
49,41,0.707117
49,42,0.707685
49,43,0.707864
49,44,0.707655
49,45,0.707221
49,46,0.706846
49,47,0.706844
49,48,0.707461
49,49,0.708791
49,50,0.710729
49,51,0.712974
49,52,0.715104
49,53,0.716688
49,54,0.717415
49,55,0.71719
49,56,0.716171
49,57,0.714723
49,58,0.713304
49,59,0.712322
49,60,0.712
49,61,0.712314
49,62,0.712994
49,63,0.713609
49,64,0.713692
49,65,0.712858
49,66,0.710903
49,67,0.707844
49,68,0.703914
49,69,0.699498
49,70,0.695057
49,71,0.691042
49,72,0.68781
49,73,0.685587
49,74,0.68444
49,75,0.684298
49,76,0.684984
49,77,0.68626
49,78,0.687858
49,79,0.689529
49,80,0.691064
49,81,0.692319
49,82,0.693225
49,83,0.693792
49,84,0.694106
49,85,0.694322
49,86,0.694631
49,87,0.695243
49,88,0.696343
49,89,0.698041
49,90,0.700338
49,91,0.70309
49,92,0.706015
49,93,0.708735
49,94,0.71084
49,95,0.71199
50,0,0.699856
50,1,0.700323
50,2,0.701171
50,3,0.70225
50,4,0.703394
50,5,0.704455
50,6,0.705332
50,7,0.705965
50,8,0.706332
50,9,0.706422
50,10,0.706225
50,11,0.705729
50,12,0.704926
50,13,0.703827
50,14,0.702474
50,15,0.700959
50,16,0.699422
50,17,0.698039
50,18,0.697004
50,19,0.696486
50,20,0.696602
50,21,0.697394
50,22,0.698818
50,23,0.700758
50,24,0.703053
50,25,0.705519
50,26,0.707971
50,27,0.710232
50,28,0.712132
50,29,0.713516
50,30,0.714259
50,31,0.714289
50,32,0.713628
50,33,0.712405
50,34,0.710855
50,35,0.709274
50,36,0.707949
50,37,0.707086
50,38,0.706759
50,39,0.706888
50,40,0.707275
50,41,0.707671
50,42,0.707857
50,43,0.70772
50,44,0.707289
50,45,0.706736
50,46,0.706323
50,47,0.706328
50,48,0.706957
50,49,0.70827
50,50,0.710147
50,51,0.712296
50,52,0.714319
50,53,0.715819
50,54,0.716515
50,55,0.716325
50,56,0.715404
50,57,0.714098
50,58,0.712839
50,59,0.71201
50,60,0.71182
50,61,0.712248
50,62,0.713037
50,63,0.71378
50,64,0.714032
50,65,0.713416
50,66,0.711722
50,67,0.708941
50,68,0.705267
50,69,0.701044
50,70,0.696697
50,71,0.692656
50,72,0.689276
50,73,0.686796
50,74,0.685309
50,75,0.684778
50,76,0.685063
50,77,0.685957
50,78,0.687227
50,79,0.688654
50,80,0.690051
50,81,0.691287
50,82,0.692289
50,83,0.693048
50,84,0.693614
50,85,0.694092
50,86,0.694622
50,87,0.695362
50,88,0.69646
50,89,0.698005
50,90,0.700005
50,91,0.70235
50,92,0.704811
50,93,0.707085
50,94,0.708839
50,95,0.709796
51,0,0.697665
51,1,0.698175
51,2,0.699104
51,3,0.700297
51,4,0.701581
51,5,0.702806
51,6,0.703867
51,7,0.704706
51,8,0.705297
51,9,0.70563
51,10,0.70569
51,11,0.705458
51,12,0.704914
51,13,0.704054
51,14,0.7029
51,15,0.70152
51,16,0.700028
51,17,0.698591
51,18,0.697398
51,19,0.696639
51,20,0.696466
51,21,0.696966
51,22,0.698146
51,23,0.699924
51,24,0.702158
51,25,0.704664
51,26,0.707237
51,27,0.709673
51,28,0.711779
51,29,0.713385
51,30,0.714365
51,31,0.714651
51,32,0.714268
51,33,0.713334
51,34,0.712059
51,35,0.710699
51,36,0.709497
51,37,0.708624
51,38,0.70814
51,39,0.707979
51,40,0.707984
51,41,0.707968
51,42,0.707775
51,43,0.707349
51,44,0.706749
51,45,0.706146
51,46,0.705776
51,47,0.705865
51,48,0.706565
51,49,0.707895
51,50,0.709712
51,51,0.711736
51,52,0.713601
51,53,0.714957
51,54,0.715559
51,55,0.71535
51,56,0.714481
51,57,0.713274
51,58,0.712129
51,59,0.7114
51,60,0.711285
51,61,0.711767
51,62,0.712615
51,63,0.713456
51,64,0.71387
51,65,0.713497
51,66,0.712115
51,67,0.709679
51,68,0.706333
51,69,0.702368
51,70,0.69816
51,71,0.694116
51,72,0.690586
51,73,0.68783
51,74,0.685977
51,75,0.685026
51,76,0.684876
51,77,0.685357
51,78,0.686269
51,79,0.687422
51,80,0.688656
51,81,0.689856
51,82,0.690953
51,83,0.691916
51,84,0.69276
51,85,0.693533
51,86,0.694312
51,87,0.695198
51,88,0.696293
51,89,0.697669
51,90,0.699339
51,91,0.701233
51,92,0.703188
51,93,0.704979
51,94,0.706355
51,95,0.707103
52,0,0.696865
52,1,0.697357
52,2,0.698251
52,3,0.699396
52,4,0.700624
52,5,0.701794
52,6,0.702812
52,7,0.703633
52,8,0.70424
52,9,0.704627
52,10,0.704782
52,11,0.70468
52,12,0.704294
52,13,0.703601
52,14,0.702601
52,15,0.701333
52,16,0.69989
52,17,0.698419
52,18,0.697111
52,19,0.696174
52,20,0.695798
52,21,0.696115
52,22,0.697174
52,23,0.698922
52,24,0.70122
52,25,0.703864
52,26,0.706611
52,27,0.709223
52,28,0.71148
52,29,0.713212
52,30,0.714309
52,31,0.714733
52,32,0.714534
52,33,0.713834
52,34,0.712824
52,35,0.711712
52,36,0.710684
52,37,0.709863
52,38,0.709282
52,39,0.708884
52,40,0.708554
52,41,0.708168
52,42,0.70764
52,43,0.70697
52,44,0.706251
52,45,0.705653
52,46,0.705376
52,47,0.705596
52,48,0.706401
52,49,0.707761
52,50,0.709511
52,51,0.711378
52,52,0.713034
52,53,0.714177
52,54,0.71461
52,55,0.714303
52,56,0.713408
52,57,0.712226
52,58,0.711123
52,59,0.710425
52,60,0.710319
52,61,0.710801
52,62,0.71167
52,63,0.712591
52,64,0.713177
52,65,0.713077
52,66,0.712055
52,67,0.710022
52,68,0.707063
52,69,0.703405
52,70,0.699373
52,71,0.695348
52,72,0.691681
52,73,0.688657
52,74,0.686442
52,75,0.68508
52,76,0.684507
52,77,0.684587
52,78,0.685147
52,79,0.686027
52,80,0.687096
52,81,0.688256
52,82,0.689447
52,83,0.690622
52,84,0.691756
52,85,0.692837
52,86,0.693874
52,87,0.694902
52,88,0.695982
52,89,0.697167
52,90,0.698486
52,91,0.699915
52,92,0.701358
52,93,0.702669
52,94,0.703674
52,95,0.70422
53,0,0.697378
53,1,0.69779
53,2,0.69853
53,3,0.699462
53,4,0.700437
53,5,0.701339
53,6,0.702096
53,7,0.702686
53,8,0.70311
53,9,0.703376
53,10,0.703477
53,11,0.703387
53,12,0.70307
53,13,0.702488
53,14,0.701617
53,15,0.700469
53,16,0.699109
53,17,0.697666
53,18,0.696328
53,19,0.69532
53,20,0.694862
53,21,0.695128
53,22,0.696202
53,23,0.698048
53,24,0.700517
53,25,0.70337
53,26,0.706319
53,27,0.709077
53,28,0.711404
53,29,0.713136
53,30,0.7142
53,31,0.714611
53,32,0.714466
53,33,0.713911
53,34,0.713124
53,35,0.712267
53,36,0.711463
53,37,0.710773
53,38,0.710192
53,39,0.70966
53,40,0.709094
53,41,0.708426
53,42,0.707636
53,43,0.706777
53,44,0.705975
53,45,0.705399
53,46,0.705222
53,47,0.705567
53,48,0.706464
53,49,0.707834
53,50,0.709486
53,51,0.711153
53,52,0.712543
53,53,0.713405
53,54,0.713593
53,55,0.713108
53,56,0.712106
53,57,0.710869
53,58,0.709735
53,59,0.709004
53,60,0.708855
53,61,0.709299
53,62,0.710169
53,63,0.71117
53,64,0.711944
53,65,0.712149
53,66,0.711525
53,67,0.709938
53,68,0.707407
53,69,0.704092
53,70,0.70027
53,71,0.696296
53,72,0.692526
53,73,0.689273
53,74,0.686745
53,75,0.685026
53,76,0.684085
53,77,0.683814
53,78,0.684062
53,79,0.684694
53,80,0.685605
53,81,0.686725
53,82,0.688002
53,83,0.68938
53,84,0.690795
53,85,0.692176
53,86,0.693461
53,87,0.694622
53,88,0.695676
53,89,0.696666
53,90,0.697645
53,91,0.698636
53,92,0.699609
53,93,0.70049
53,94,0.701167
53,95,0.701537
54,0,0.698895
54,1,0.699172
54,2,0.699658
54,3,0.700238
54,4,0.700796
54,5,0.701252
54,6,0.70157
54,7,0.701758
54,8,0.701842
54,9,0.701846
54,10,0.701772
54,11,0.701599
54,12,0.701284
54,13,0.700775
54,14,0.700027
54,15,0.699026
54,16,0.697811
54,17,0.696489
54,18,0.69524
54,19,0.694296
54,20,0.693902
54,21,0.694262
54,22,0.695485
54,23,0.697542
54,24,0.700267
54,25,0.703376
54,26,0.706526
54,27,0.709383
54,28,0.711684
54,29,0.713281
54,30,0.714152
54,31,0.714385
54,32,0.714144
54,33,0.713617
54,34,0.712982
54,35,0.712363
54,36,0.711818
54,37,0.711341
54,38,0.710876
54,39,0.710344
54,40,0.709677
54,41,0.708846
54,42,0.707881
54,43,0.706885
54,44,0.70601
54,45,0.705432
54,46,0.705304
54,47,0.705709
54,48,0.70663
54,49,0.707945
54,50,0.709439
54,51,0.710853
54,52,0.711924
54,53,0.712453
54,54,0.712339
54,55,0.711616
54,56,0.710448
54,57,0.709102
54,58,0.707888
54,59,0.707084
54,60,0.706865
54,61,0.707258
54,62,0.708128
54,63,0.709219
54,64,0.710198
54,65,0.710729
54,66,0.710527
54,67,0.709408
54,68,0.707328
54,69,0.704383
54,70,0.700806
54,71,0.696928
54,72,0.693116
54,73,0.68971
54,74,0.686956
54,75,0.684974
54,76,0.683758
54,77,0.683216
54,78,0.683215
54,79,0.683636
54,80,0.684402
54,81,0.685471
54,82,0.686809
54,83,0.688358
54,84,0.690022
54,85,0.691676
54,86,0.693188
54,87,0.694473
54,88,0.695508
54,89,0.696331
54,90,0.697018
54,91,0.697641
54,92,0.698232
54,93,0.69877
54,94,0.699192
54,95,0.699427
55,0,0.700935
55,1,0.701041
55,2,0.701203
55,3,0.701339
55,4,0.701375
55,5,0.701275
55,6,0.701044
55,7,0.700725
55,8,0.700372
55,9,0.700027
55,10,0.699706
55,11,0.69939
55,12,0.699036
55,13,0.698582
55,14,0.697967
55,15,0.697155
55,16,0.696158
55,17,0.695062
55,18,0.694031
55,19,0.693296
55,20,0.693111
55,21,0.6937
55,22,0.695187
55,23,0.697542
55,24,0.700574
55,25,0.703956
55,26,0.707285
55,27,0.710181
55,28,0.71236
55,29,0.713696
55,30,0.714228
55,31,0.714127
55,32,0.71364
55,33,0.713014
55,34,0.712442
55,35,0.712021
55,36,0.711753
55,37,0.711559
55,38,0.711325
55,39,0.710936
55,40,0.710314
55,41,0.709449
55,42,0.708402
55,43,0.707308
55,44,0.706345
55,45,0.705703
55,46,0.705526
55,47,0.705877
55,48,0.706708
55,49,0.707867
55,50,0.709124
55,51,0.710227
55,52,0.710942
55,53,0.711111
55,54,0.710677
55,55,0.709701
55,56,0.708352
55,57,0.706882
55,58,0.705577
55,59,0.704695
55,60,0.704407
55,61,0.704754
55,62,0.705635
55,63,0.706825
55,64,0.708019
55,65,0.708879
55,66,0.7091
55,67,0.708448
55,68,0.706823
55,69,0.704264
55,70,0.700965
55,71,0.697242
55,72,0.693468
55,73,0.690011
55,74,0.687147
55,75,0.685023
55,76,0.683648
55,77,0.682935
55,78,0.682757
55,79,0.68301
55,80,0.683641
55,81,0.684638
55,82,0.685995
55,83,0.687661
55,84,0.68952
55,85,0.691401
55,86,0.693115
55,87,0.694522
55,88,0.695563
55,89,0.696272
55,90,0.696751
55,91,0.697111
55,92,0.697432
55,93,0.697736
55,94,0.69799
55,95,0.698137
56,0,0.702947
56,1,0.702869
56,2,0.702684
56,3,0.702347
56,4,0.70183
56,5,0.701146
56,6,0.700341
56,7,0.699496
56,8,0.698686
56,9,0.697975
56,10,0.697388
56,11,0.696915
56,12,0.696511
56,13,0.696113
56,14,0.695649
56,15,0.695066
56,16,0.694354
56,17,0.693575
56,18,0.692873
56,19,0.692467
56,20,0.692611
56,21,0.693535
56,22,0.695365
56,23,0.698067
56,24,0.701422
56,25,0.705058
56,26,0.708523
56,27,0.71139
56,28,0.713361
56,29,0.714333
56,30,0.714408
56,31,0.713847
56,32,0.712987
56,33,0.712146
56,34,0.711547
56,35,0.711273
56,36,0.71128
56,37,0.711423
56,38,0.711519
56,39,0.711402
56,40,0.710963
56,41,0.710182
56,42,0.70913
56,43,0.70796
56,44,0.706875
56,45,0.706081
56,46,0.705734
56,47,0.705892
56,48,0.706497
56,49,0.707388
56,50,0.70833
56,51,0.709079
56,52,0.70943
56,53,0.709257
56,54,0.708534
56,55,0.70734
56,56,0.705846
56,57,0.704284
56,58,0.702915
56,59,0.701978
56,60,0.701638
56,61,0.701952
56,62,0.702849
56,63,0.704138
56,64,0.705535
56,65,0.706706
56,66,0.707323
56,67,0.707115
56,68,0.705929
56,69,0.703761
56,70,0.70077
56,71,0.69726
56,72,0.693614
56,73,0.690218
56,74,0.687373
56,75,0.685237
56,76,0.683826
56,77,0.683047
56,78,0.682769
56,79,0.682896
56,80,0.683399
56,81,0.684299
56,82,0.685622
56,83,0.687337
56,84,0.689321
56,85,0.691371
56,86,0.693253
56,87,0.694778
56,88,0.695855
56,89,0.696513
56,90,0.696871
56,91,0.697073
56,92,0.697234
56,93,0.697405
56,94,0.697567
56,95,0.697668
57,0,0.70443
57,1,0.70418
57,2,0.703671
57,3,0.702898
57,4,0.701877
57,5,0.700666
57,6,0.699351
57,7,0.698043
57,8,0.696838
57,9,0.695813
57,10,0.695004
57,11,0.694405
57,12,0.693977
57,13,0.693654
57,14,0.693362
57,15,0.693037
57,16,0.692651
57,17,0.692245
57,18,0.691941
57,19,0.691938
57,20,0.692481
57,21,0.693793
57,22,0.695995
57,23,0.699042
57,24,0.70269
57,25,0.706528
57,26,0.710059
57,27,0.712821
57,28,0.714507
57,29,0.715038
57,30,0.714579
57,31,0.713477
57,32,0.712161
57,33,0.711021
57,34,0.710323
57,35,0.710151
57,36,0.710422
57,37,0.710934
57,38,0.711434
57,39,0.71169
57,40,0.711541
57,41,0.710937
57,42,0.709936
57,43,0.708699
57,44,0.707447
57,45,0.706413
57,46,0.705774
57,47,0.705608
57,48,0.705866
57,49,0.706393
57,50,0.706964
57,51,0.70735
57,52,0.707368
57,53,0.706915
57,54,0.705985
57,55,0.704662
57,56,0.703103
57,57,0.701517
57,58,0.700135
57,59,0.699177
57,60,0.698805
57,61,0.699091
57,62,0.699996
57,63,0.701359
57,64,0.702922
57,65,0.704356
57,66,0.705318
57,67,0.705505
57,68,0.704724
57,69,0.702933
57,70,0.700267
57,71,0.697021
57,72,0.693583
57,73,0.690353
57,74,0.687644
57,75,0.685619
57,76,0.684287
57,77,0.683541
57,78,0.683239
57,79,0.683289
57,80,0.683677
57,81,0.684459
57,82,0.685699
57,83,0.687394
57,84,0.689427
57,85,0.691579
57,86,0.693579
57,87,0.695201
57,88,0.696325
57,89,0.696971
57,90,0.697267
57,91,0.697382
57,92,0.697457
57,93,0.697557
57,94,0.697674
57,95,0.697754
58,0,0.705013
58,1,0.704627
58,2,0.703865
58,3,0.702754
58,4,0.701348
58,5,0.699743
58,6,0.698058
58,7,0.696424
58,8,0.694952
58,9,0.693728
58,10,0.692792
58,11,0.692143
58,12,0.691744
58,13,0.691533
58,14,0.691433
58,15,0.691376
58,16,0.691324
58,17,0.6913
58,18,0.691407
58,19,0.691822
58,20,0.692772
58,21,0.694466
58,22,0.697013
58,23,0.70035
58,24,0.704212
58,25,0.708159
58,26,0.711661
58,27,0.714233
58,28,0.715565
58,29,0.715608
58,30,0.714581
58,31,0.712909
58,32,0.711106
58,33,0.709634
58,34,0.7088
58,35,0.7087
58,36,0.709225
58,37,0.710122
58,38,0.711067
58,39,0.711757
58,40,0.711965
58,41,0.711591
58,42,0.710669
58,43,0.709358
58,44,0.707898
58,45,0.70655
58,46,0.705529
58,47,0.704943
58,48,0.704772
58,49,0.704883
58,50,0.70507
58,51,0.705124
58,52,0.704882
58,53,0.704257
58,54,0.703244
58,55,0.701916
58,56,0.700404
58,57,0.698883
58,58,0.69755
58,59,0.696607
58,60,0.696213
58,61,0.69646
58,62,0.69734
58,63,0.698729
58,64,0.700395
58,65,0.702019
58,66,0.703249
58,67,0.703758
58,68,0.703323
58,69,0.701873
58,70,0.699525
58,71,0.696566
58,72,0.69339
58,73,0.690403
58,74,0.687923
58,75,0.686106
58,76,0.684949
58,77,0.684323
58,78,0.684072
58,79,0.684097
58,80,0.684399
58,81,0.685064
58,82,0.68619
58,83,0.687808
58,84,0.689817
58,85,0.691992
58,86,0.694042
58,87,0.695709
58,88,0.69685
58,89,0.697472
58,90,0.697708
58,91,0.697744
58,92,0.69774
58,93,0.697777
58,94,0.697852
58,95,0.697912
59,0,0.704544
59,1,0.704077
59,2,0.703165
59,3,0.701858
59,4,0.700238
59,5,0.698424
59,6,0.696555
59,7,0.694776
59,8,0.693206
59,9,0.691933
59,10,0.690997
59,11,0.690398
59,12,0.690102
59,13,0.690045
59,14,0.690154
59,15,0.69036
59,16,0.690618
59,17,0.690942
59,18,0.69142
59,19,0.692209
59,20,0.693515
59,21,0.695528
59,22,0.698335
59,23,0.70186
59,24,0.705816
59,25,0.709745
59,26,0.7131
59,27,0.71539
59,28,0.716311
59,29,0.715844
59,30,0.714257
59,31,0.71204
59,32,0.709775
59,33,0.707986
59,34,0.70702
59,35,0.706985
59,36,0.707758
59,37,0.709038
59,38,0.710438
59,39,0.71158
59,40,0.712164
59,41,0.712034
59,42,0.711194
59,43,0.709795
59,44,0.708098
59,45,0.706398
59,46,0.704952
59,47,0.703909
59,48,0.703286
59,49,0.702983
59,50,0.702821
59,51,0.702616
59,52,0.702222
59,53,0.701557
59,54,0.700606
59,55,0.699412
59,56,0.698068
59,57,0.696705
59,58,0.695484
59,59,0.694583
59,60,0.694167
59,61,0.694347
59,62,0.695152
59,63,0.696499
59,64,0.698183
59,65,0.699902
59,66,0.701301
59,67,0.702037
59,68,0.701864
59,69,0.70069
59,70,0.69862
59,71,0.695937
59,72,0.693037
59,73,0.690329
59,74,0.688129
59,75,0.686584
59,76,0.685672
59,77,0.68524
59,78,0.685111
59,79,0.685179
59,80,0.685448
59,81,0.686023
59,82,0.687034
59,83,0.688542
59,84,0.690465
59,85,0.692582
59,86,0.694591
59,87,0.696213
59,88,0.697285
59,89,0.697807
59,90,0.697913
59,91,0.697804
59,92,0.697659
59,93,0.697577
59,94,0.697569
59,95,0.697585
60,0,0.703126
60,1,0.702642
60,2,0.701702
60,3,0.700363
60,4,0.698719
60,5,0.696897
60,6,0.695043
60,7,0.693308
60,8,0.69181
60,9,0.690636
60,10,0.689827
60,11,0.689379
60,12,0.689256
60,13,0.689395
60,14,0.689722
60,15,0.69017
60,16,0.690693
60,17,0.691302
60,18,0.692074
60,19,0.693151
60,20,0.694719
60,21,0.696943
60,22,0.699889
60,23,0.703463
60,24,0.707366
60,25,0.711133
60,26,0.714219
60,27,0.716139
60,28,0.716611
60,29,0.715644
60,30,0.713544
60,31,0.710851
60,32,0.708195
60,33,0.706144
60,34,0.705079
60,35,0.705117
60,36,0.706123
60,37,0.707762
60,38,0.709588
60,39,0.711152
60,40,0.712086
60,41,0.712179
60,42,0.711402
60,43,0.709905
60,44,0.707966
60,45,0.70592
60,46,0.704063
60,47,0.70259
60,48,0.701555
60,49,0.700894
60,50,0.700462
60,51,0.7001
60,52,0.699677
60,53,0.699109
60,54,0.698359
60,55,0.697432
60,56,0.696368
60,57,0.695247
60,58,0.694189
60,59,0.693353
60,60,0.692907
60,61,0.692988
60,62,0.693663
60,63,0.694891
60,64,0.696501
60,65,0.69821
60,66,0.699665
60,67,0.700514
60,68,0.700496
60,69,0.699506
60,70,0.697641
60,71,0.695183
60,72,0.69253
60,73,0.690092
60,74,0.688181
60,75,0.686933
60,76,0.686305
60,77,0.686122
60,78,0.686185
60,79,0.686371
60,80,0.68668
60,81,0.687225
60,82,0.688153
60,83,0.689547
60,84,0.691341
60,85,0.693323
60,86,0.695187
60,87,0.696644
60,88,0.697521
60,89,0.697811
60,90,0.697656
60,91,0.697275
60,92,0.696869
60,93,0.696565
60,94,0.696395
60,95,0.696327
61,0,0.701103
61,1,0.700665
61,2,0.699814
61,3,0.698598
61,4,0.697106
61,5,0.695455
61,6,0.693787
61,7,0.692247
61,8,0.690953
61,9,0.689993
61,10,0.689402
61,11,0.689177
61,12,0.689278
61,13,0.689637
61,14,0.690181
61,15,0.690842
61,16,0.691575
61,17,0.692392
61,18,0.693365
61,19,0.694624
61,20,0.696335
61,21,0.698641
61,22,0.701585
61,23,0.705058
61,24,0.708758
61,25,0.712226
61,26,0.714937
61,27,0.716429
61,28,0.716447
61,29,0.715026
61,30,0.7125
61,31,0.709436
61,32,0.706489
61,33,0.704254
61,34,0.703128
61,35,0.703241
61,36,0.704449
61,37,0.706389
61,38,0.708569
61,39,0.710482
61,40,0.7117
61,41,0.711966
61,42,0.711225
61,43,0.709628
61,44,0.707476
61,45,0.705134
61,46,0.702939
61,47,0.701121
61,48,0.699769
61,49,0.698851
61,50,0.698254
61,51,0.697845
61,52,0.697507
61,53,0.697152
61,54,0.696715
61,55,0.696156
61,56,0.695457
61,57,0.694643
61,58,0.693793
61,59,0.693045
61,60,0.69257
61,61,0.692531
61,62,0.693033
61,63,0.694077
61,64,0.695527
61,65,0.697123
61,66,0.698517
61,67,0.699357
61,68,0.699374
61,69,0.698456
61,70,0.696699
61,71,0.694384
61,72,0.691913
61,73,0.689698
61,74,0.688046
61,75,0.687082
61,76,0.686748
61,77,0.686848
61,78,0.687161
61,79,0.687542
61,80,0.687977
61,81,0.688572
61,82,0.689476
61,83,0.690778
61,84,0.692424
61,85,0.694208
61,86,0.695828
61,87,0.696995
61,88,0.697531
61,89,0.697435
61,90,0.69686
61,91,0.696049
61,92,0.695236
61,93,0.694584
61,94,0.694161
61,95,0.693958
62,0,0.699011
62,1,0.69867
62,2,0.697997
62,3,0.697024
62,4,0.69581
62,5,0.694451
62,6,0.693074
62,7,0.691813
62,8,0.690787
62,9,0.690084
62,10,0.689746
62,11,0.689765
62,12,0.690102
62,13,0.690681
62,14,0.691425
62,15,0.692262
62,16,0.693149
62,17,0.694098
62,18,0.695178
62,19,0.696509
62,20,0.698242
62,21,0.700497
62,22,0.703301
62,23,0.706536
62,24,0.709906
62,25,0.712974
62,26,0.715248
62,27,0.716302
62,28,0.715909
62,29,0.714126
62,30,0.711296
62,31,0.707989
62,32,0.704863
62,33,0.702517
62,34,0.701357
62,35,0.701519
62,36,0.702857
62,37,0.704996
62,38,0.707412
62,39,0.709558
62,40,0.710962
62,41,0.711333
62,42,0.710603
62,43,0.708926
62,44,0.706623
62,45,0.704084
62,46,0.701674
62,47,0.699646
62,48,0.698111
62,49,0.697063
62,50,0.696416
62,51,0.696061
62,52,0.695896
62,53,0.695829
62,54,0.695771
62,55,0.695636
62,56,0.695351
62,57,0.694888
62,58,0.694281
62,59,0.693648
62,60,0.693163
62,61,0.693008
62,62,0.693324
62,63,0.694146
62,64,0.695373
62,65,0.696767
62,66,0.697994
62,67,0.698707
62,68,0.698637
62,69,0.697675
62,70,0.695918
62,71,0.693651
62,72,0.691278
62,73,0.689215
62,74,0.687762
62,75,0.687042
62,76,0.686983
62,77,0.687374
62,78,0.687974
62,79,0.688614
62,80,0.689257
62,81,0.689987
62,82,0.690937
62,83,0.69219
62,84,0.693693
62,85,0.695244
62,86,0.696548
62,87,0.697321
62,88,0.697392
62,89,0.696773
62,90,0.695636
62,91,0.694254
62,92,0.692902
62,93,0.691789
62,94,0.691028
62,95,0.690647
63,0,0.697471
63,1,0.697252
63,2,0.696807
63,3,0.69613
63,4,0.695247
63,5,0.694219
63,6,0.693148
63,7,0.692162
63,8,0.691382
63,9,0.690906
63,10,0.690782
63,11,0.691011
63,12,0.691549
63,13,0.692316
63,14,0.693224
63,15,0.694195
63,16,0.69518
63,17,0.696189
63,18,0.697288
63,19,0.69859
63,20,0.700232
63,21,0.702319
63,22,0.704866
63,23,0.707757
63,24,0.710717
63,25,0.713343
63,26,0.715184
63,27,0.715855
63,28,0.715156
63,29,0.713148
63,30,0.710166
63,31,0.706757
63,32,0.703557
63,33,0.701154
63,34,0.699951
63,35,0.700094
63,36,0.701445
63,37,0.703632
63,38,0.706122
63,39,0.708348
63,40,0.709818
63,41,0.710223
63,42,0.709489
63,43,0.707776
63,44,0.705418
63,45,0.702819
63,46,0.700354
63,47,0.698282
63,48,0.696723
63,49,0.695682
63,50,0.695094
63,51,0.694872
63,52,0.69493
63,53,0.695179
63,54,0.695512
63,55,0.695807
63,56,0.695943
63,57,0.695843
63,58,0.695506
63,59,0.695025
63,60,0.694569
63,61,0.694334
63,62,0.694483
63,63,0.695081
63,64,0.696053
63,65,0.697184
63,66,0.698159
63,67,0.698644
63,68,0.698383
63,69,0.697273
63,70,0.695422
63,71,0.693117
63,72,0.690765
63,73,0.68878
63,74,0.687462
63,75,0.686929
63,76,0.687105
63,77,0.68777
63,78,0.688666
63,79,0.689602
63,80,0.690508
63,81,0.691439
63,82,0.692499
63,83,0.693752
63,84,0.695138
63,85,0.696454
63,86,0.697412
63,87,0.697739
63,88,0.697278
63,89,0.696057
63,90,0.694272
63,91,0.692233
63,92,0.69026
63,93,0.688615
63,94,0.687462
63,95,0.686874
64,0,0.697066
64,1,0.696968
64,2,0.696742
64,3,0.696345
64,4,0.695758
64,5,0.695008
64,6,0.694171
64,7,0.693371
64,8,0.692737
64,9,0.692384
64,10,0.692378
64,11,0.692731
64,12,0.693399
64,13,0.694292
64,14,0.695309
64,15,0.696358
64,16,0.697381
64,17,0.698379
64,18,0.699414
64,19,0.700594
64,20,0.702045
64,21,0.703866
64,22,0.706073
64,23,0.708564
64,24,0.711093
64,25,0.713302
64,26,0.714788
64,27,0.715202
64,28,0.714357
64,29,0.712303
64,30,0.709338
64,31,0.705965
64,32,0.702779
64,33,0.700338
64,34,0.699046
64,35,0.699056
64,36,0.700258
64,37,0.702302
64,38,0.704669
64,39,0.706802
64,40,0.708208
64,41,0.708577
64,42,0.70784
64,43,0.706158
64,44,0.703868
64,45,0.701372
64,46,0.699033
64,47,0.6971
64,48,0.695681
64,49,0.694781
64,50,0.694347
64,51,0.694311
64,52,0.694605
64,53,0.695151
64,54,0.695836
64,55,0.696517
64,56,0.697039
64,57,0.69729
64,58,0.697233
64,59,0.69694
64,60,0.696568
64,61,0.696312
64,62,0.696347
64,63,0.696751
64,64,0.697469
64,65,0.698308
64,66,0.698977
64,67,0.699165
64,68,0.69864
64,69,0.697315
64,70,0.695309
64,71,0.692915
64,72,0.690534
64,73,0.688576
64,74,0.68734
64,75,0.686939
64,76,0.687299
64,77,0.688196
64,78,0.689364
64,79,0.69059
64,80,0.691775
64,81,0.692937
64,82,0.694147
64,83,0.695443
64,84,0.69675
64,85,0.697863
64,86,0.698499
64,87,0.698397
64,88,0.697414
64,89,0.695596
64,90,0.693166
64,91,0.690466
64,92,0.687865
64,93,0.685677
64,94,0.684123
64,95,0.683321
65,0,0.698204
65,1,0.698197
65,2,0.698129
65,3,0.697925
65,4,0.697523
65,5,0.696919
65,6,0.696172
65,7,0.695405
65,8,0.694765
65,9,0.694392
65,10,0.694374
65,11,0.694736
65,12,0.695436
65,13,0.696373
65,14,0.697428
65,15,0.698488
65,16,0.699479
65,17,0.700391
65,18,0.70128
65,19,0.702249
65,20,0.703425
65,21,0.704909
65,22,0.70673
65,23,0.708813
65,24,0.710952
65,25,0.712836
65,26,0.714106
65,27,0.714439
65,28,0.713645
65,29,0.711739
65,30,0.708962
65,31,0.705748
65,32,0.702634
65,33,0.700147
65,34,0.698683
65,35,0.69842
65,36,0.699285
65,37,0.700975
65,38,0.703014
65,39,0.704876
65,40,0.706094
65,41,0.70637
65,42,0.705644
65,43,0.704075
65,44,0.701989
65,45,0.699764
65,46,0.697734
65,47,0.696114
65,48,0.694988
65,49,0.694348
65,50,0.694145
65,51,0.694324
65,52,0.69484
65,53,0.695633
65,54,0.696597
65,55,0.697584
65,56,0.698424
65,57,0.698981
65,58,0.699196
65,59,0.699117
65,60,0.698884
65,61,0.69868
65,62,0.69867
65,63,0.698935
65,64,0.69943
65,65,0.69998
65,66,0.700324
65,67,0.700186
65,68,0.699367
65,69,0.697805
65,70,0.695635
65,71,0.693147
65,72,0.690735
65,73,0.688795
65,74,0.687615
65,75,0.687308
65,76,0.6878
65,77,0.688872
65,78,0.690255
65,79,0.691722
65,80,0.693151
65,81,0.694528
65,82,0.695891
65,83,0.697253
65,84,0.698522
65,85,0.699491
65,86,0.69988
65,87,0.699435
65,88,0.698023
65,89,0.695707
65,90,0.692726
65,91,0.689453
65,92,0.686296
65,93,0.683622
65,94,0.681704
65,95,0.680707
66,0,0.701034
66,1,0.701064
66,2,0.701054
66,3,0.700903
66,4,0.700522
66,5,0.699883
66,6,0.699042
66,7,0.69813
66,8,0.697319
66,9,0.696775
66,10,0.696613
66,11,0.696869
66,12,0.697501
66,13,0.698395
66,14,0.699407
66,15,0.7004
66,16,0.70128
66,17,0.702023
66,18,0.702679
66,19,0.703357
66,20,0.704187
66,21,0.705288
66,22,0.706714
66,23,0.708426
66,24,0.710262
66,25,0.711956
66,26,0.713185
66,27,0.713635
66,28,0.713094
66,29,0.711519
66,30,0.709074
66,31,0.706111
66,32,0.703101
66,33,0.700533
66,34,0.698803
66,35,0.698122
66,36,0.698472
66,37,0.699615
66,38,0.701139
66,39,0.702576
66,40,0.703502
66,41,0.703645
66,42,0.702956
66,43,0.701584
66,44,0.699827
66,45,0.698024
66,46,0.696458
66,47,0.695297
66,48,0.694587
66,49,0.694299
66,50,0.694379
66,51,0.694787
66,52,0.695495
66,53,0.696469
66,54,0.69762
66,55,0.698814
66,56,0.699882
66,57,0.700683
66,58,0.701141
66,59,0.701286
66,60,0.701235
66,61,0.701146
66,62,0.701165
66,63,0.701356
66,64,0.701677
66,65,0.701969
66,66,0.702004
66,67,0.701551
66,68,0.700452
66,69,0.698681
66,70,0.696386
66,71,0.693855
66,72,0.691459
66,73,0.689573
66,74,0.688465
66,75,0.688237
66,76,0.688821
66,77,0.690003
66,78,0.691521
66,79,0.693143
66,80,0.694736
66,81,0.696264
66,82,0.697745
66,83,0.699171
66,84,0.70044
66,85,0.701341
66,86,0.701594
66,87,0.700947
66,88,0.699272
66,89,0.696631
66,90,0.693274
66,91,0.689592
66,92,0.686024
66,93,0.682978
66,94,0.680777
66,95,0.679626
67,0,0.705392
67,1,0.705396
67,2,0.705327
67,3,0.70507
67,4,0.704527
67,5,0.703668
67,6,0.702555
67,7,0.701337
67,8,0.700214
67,9,0.69938
67,10,0.69897
67,11,0.69903
67,12,0.69951
67,13,0.700279
67,14,0.701166
67,15,0.702008
67,16,0.70269
67,17,0.703177
67,18,0.703518
67,19,0.703831
67,20,0.704265
67,21,0.704966
67,22,0.706021
67,23,0.70743
67,24,0.709077
67,25,0.710734
67,26,0.712096
67,27,0.712841
67,28,0.712718
67,29,0.711609
67,30,0.709591
67,31,0.706928
67,32,0.704023
67,33,0.701331
67,34,0.699253
67,35,0.698041
67,36,0.697742
67,37,0.698197
67,38,0.699076
67,39,0.699983
67,40,0.700552
67,41,0.700547
67,42,0.699925
67,43,0.698821
67,44,0.697491
67,45,0.696216
67,46,0.695217
67,47,0.694606
67,48,0.694385
67,49,0.694499
67,50,0.694888
67,51,0.695519
67,52,0.696385
67,53,0.697474
67,54,0.698727
67,55,0.70003
67,56,0.701233
67,57,0.702201
67,58,0.702859
67,59,0.703219
67,60,0.703373
67,61,0.703448
67,62,0.703556
67,63,0.703738
67,64,0.703942
67,65,0.704026
67,66,0.703795
67,67,0.70307
67,68,0.701745
67,69,0.699833
67,70,0.697495
67,71,0.69501
67,72,0.692721
67,73,0.690964
67,74,0.689977
67,75,0.689845
67,76,0.690496
67,77,0.691728
67,78,0.693288
67,79,0.694957
67,80,0.6966
67,81,0.698182
67,82,0.699711
67,83,0.701177
67,84,0.702473
67,85,0.703387
67,86,0.703635
67,87,0.70296
67,88,0.701224
67,89,0.698482
67,90,0.694975
67,91,0.691099
67,92,0.687311
67,93,0.684049
67,94,0.681674
67,95,0.680426
68,0,0.710821
68,1,0.710738
68,2,0.710498
68,3,0.709993
68,4,0.709132
68,5,0.707901
68,6,0.706384
68,7,0.704754
68,8,0.703237
68,9,0.702049
68,10,0.701339
68,11,0.701152
68,12,0.701426
68,13,0.702008
68,14,0.7027
68,15,0.703312
68,16,0.703715
68,17,0.703866
68,18,0.703822
68,19,0.703719
68,20,0.703732
68,21,0.704042
68,22,0.704774
68,23,0.705968
68,24,0.707543
68,25,0.709296
68,26,0.710926
68,27,0.712089
68,28,0.712479
68,29,0.7119
68,30,0.710341
68,31,0.70798
68,32,0.70516
68,33,0.702308
68,34,0.699834
68,35,0.698036
68,36,0.697031
68,37,0.696742
68,38,0.696927
68,39,0.69727
68,40,0.697469
68,41,0.697324
68,42,0.6968
68,43,0.696006
68,44,0.695147
68,45,0.69444
68,46,0.694038
68,47,0.693993
68,48,0.694267
68,49,0.694781
68,50,0.695468
68,51,0.696302
68,52,0.697291
68,53,0.698445
68,54,0.699732
68,55,0.701067
68,56,0.702327
68,57,0.703396
68,58,0.704205
68,59,0.704758
68,60,0.705123
68,61,0.705389
68,62,0.705632
68,63,0.705858
68,64,0.706002
68,65,0.705934
68,66,0.705498
68,67,0.704568
68,68,0.703094
68,69,0.70113
68,70,0.698853
68,71,0.696526
68,72,0.694453
68,73,0.692924
68,74,0.692131
68,75,0.692132
68,76,0.692846
68,77,0.694077
68,78,0.695591
68,79,0.697189
68,80,0.698756
68,81,0.700273
68,82,0.701764
68,83,0.703225
68,84,0.704561
68,85,0.705559
68,86,0.705931
68,87,0.705405
68,88,0.703822
68,89,0.701212
68,90,0.697796
68,91,0.69396
68,92,0.690162
68,93,0.686859
68,94,0.684434
68,95,0.683154
69,0,0.71665
69,1,0.716437
69,2,0.715949
69,3,0.715097
69,4,0.713821
69,5,0.712138
69,6,0.71016
69,7,0.70809
69,8,0.706173
69,9,0.704638
69,10,0.703633
69,11,0.703196
69,12,0.703244
69,13,0.703601
69,14,0.704043
69,15,0.704363
69,16,0.704419
69,17,0.704173
69,18,0.703698
69,19,0.703155
69,20,0.702752
69,21,0.702708
69,22,0.703184
69,23,0.704254
69,24,0.705857
69,25,0.7078
69,26,0.709773
69,27,0.711397
69,28,0.71231
69,29,0.712242
69,30,0.711104
69,31,0.709003
69,32,0.706235
69,33,0.703207
69,34,0.700344
69,35,0.697984
69,36,0.696309
69,37,0.69532
69,38,0.694858
69,39,0.694682
69,40,0.694552
69,41,0.694301
69,42,0.693896
69,43,0.693416
69,44,0.693013
69,45,0.692834
69,46,0.692968
69,47,0.69342
69,48,0.694119
69,49,0.694971
69,50,0.695908
69,51,0.696907
69,52,0.697988
69,53,0.699176
69,54,0.70046
69,55,0.701784
69,56,0.703054
69,57,0.704178
69,58,0.705102
69,59,0.705824
69,60,0.706393
69,61,0.706862
69,62,0.707264
69,63,0.707572
69,64,0.707706
69,65,0.707545
69,66,0.706971
69,67,0.705911
69,68,0.704372
69,69,0.70245
69,70,0.700335
69,71,0.698272
69,72,0.696523
69,73,0.695318
69,74,0.694798
69,75,0.69498
69,76,0.695764
69,77,0.696959
69,78,0.69835
69,79,0.69977
69,80,0.701138
69,81,0.702472
69,82,0.70383
69,83,0.705236
69,84,0.70661
69,85,0.707747
69,86,0.708351
69,87,0.708127
69,88,0.706886
69,89,0.704621
69,90,0.70152
69,91,0.697943
69,92,0.694338
69,93,0.691162
69,94,0.688811
69,95,0.687562
70,0,0.72212
70,1,0.721759
70,2,0.720992
70,3,0.719765
70,4,0.718059
70,5,0.71593
70,6,0.713526
70,7,0.711073
70,8,0.708827
70,9,0.707017
70,10,0.705779
70,11,0.705131
70,12,0.704968
70,13,0.705086
70,14,0.705247
70,15,0.705229
70,16,0.704894
70,17,0.704216
70,18,0.703291
70,19,0.702314
70,20,0.701529
70,21,0.701191
70,22,0.701488
70,23,0.702513
70,24,0.704215
70,25,0.706393
70,26,0.708715
70,27,0.710765
70,28,0.712128
70,29,0.712479
70,30,0.711667
70,31,0.709756
70,32,0.707006
70,33,0.703817
70,34,0.700626
70,35,0.697805
70,36,0.695587
70,37,0.694036
70,38,0.693059
70,39,0.692481
70,40,0.692109
70,41,0.691804
70,42,0.691528
70,43,0.691326
70,44,0.691295
70,45,0.691527
70,46,0.692057
70,47,0.692856
70,48,0.69384
70,49,0.694915
70,50,0.696018
70,51,0.697132
70,52,0.69828
70,53,0.699495
70,54,0.700775
70,55,0.702085
70,56,0.703355
70,57,0.70452
70,58,0.70554
70,59,0.706417
70,60,0.707178
70,61,0.707848
70,62,0.708419
70,63,0.708832
70,64,0.708991
70,65,0.708788
70,66,0.708137
70,67,0.707018
70,68,0.70549
70,69,0.703687
70,70,0.701813
70,71,0.700095
70,72,0.698748
70,73,0.697944
70,74,0.697761
70,75,0.698168
70,76,0.699038
70,77,0.700176
70,78,0.701389
70,79,0.702544
70,80,0.703611
70,81,0.704661
70,82,0.705799
70,83,0.707092
70,84,0.708488
70,85,0.709792
70,86,0.710697
70,87,0.710884
70,88,0.710125
70,89,0.708368
70,90,0.705759
70,91,0.702623
70,92,0.699382
70,93,0.696481
70,94,0.694311
70,95,0.693153
71,0,0.726519
71,1,0.726019
71,2,0.724996
71,3,0.723436
71,4,0.721366
71,5,0.718886
71,6,0.716175
71,7,0.713475
71,8,0.711039
71,9,0.709081
71,10,0.707714
71,11,0.706929
71,12,0.706592
71,13,0.706483
71,14,0.70635
71,15,0.705972
71,16,0.705222
71,17,0.704098
71,18,0.70273
71,19,0.701348
71,20,0.700233
71,21,0.699669
71,22,0.699862
71,23,0.700911
71,24,0.702751
71,25,0.705162
71,26,0.707782
71,27,0.710158
71,28,0.71184
71,29,0.712466
71,30,0.711858
71,31,0.710053
71,32,0.707301
71,33,0.703998
71,34,0.70059
71,35,0.69747
71,36,0.694903
71,37,0.692993
71,38,0.691695
71,39,0.690879
71,40,0.690383
71,41,0.690083
71,42,0.689928
71,43,0.689931
71,44,0.690141
71,45,0.690605
71,46,0.691327
71,47,0.692268
71,48,0.69335
71,49,0.694498
71,50,0.695662
71,51,0.696836
71,52,0.698038
71,53,0.699295
71,54,0.700602
71,55,0.701933
71,56,0.703232
71,57,0.704456
71,58,0.705578
71,59,0.706604
71,60,0.707549
71,61,0.708408
71,62,0.709144
71,63,0.709669
71,64,0.709875
71,65,0.709666
71,66,0.708987
71,67,0.707863
71,68,0.7064
71,69,0.704768
71,70,0.703179
71,71,0.701845
71,72,0.700939
71,73,0.700574
71,74,0.700765
71,75,0.701427
71,76,0.702397
71,77,0.703471
71,78,0.704472
71,79,0.705307
71,80,0.706002
71,81,0.706689
71,82,0.707536
71,83,0.708661
71,84,0.710046
71,85,0.711509
71,86,0.712739
71,87,0.713386
71,88,0.713185
71,89,0.712034
71,90,0.710034
71,91,0.707465
71,92,0.704716
71,93,0.702204
71,94,0.700303
71,95,0.699282
72,0,0.729314
72,1,0.728708
72,2,0.727498
72,3,0.725709
72,4,0.723411
72,5,0.720743
72,6,0.717908
72,7,0.715149
72,8,0.712705
72,9,0.71076
72,10,0.709394
72,11,0.708562
72,12,0.708109
72,13,0.707797
72,14,0.707373
72,15,0.706627
72,16,0.705453
72,17,0.703884
72,18,0.702088
72,19,0.700336
72,20,0.698946
72,21,0.698222
72,22,0.698378
72,23,0.699498
72,24,0.701492
72,25,0.704104
72,26,0.706936
72,27,0.709508
72,28,0.711352
72,29,0.712097
72,30,0.711564
72,31,0.709795
72,32,0.707039
72,33,0.703698
72,34,0.700215
72,35,0.696991
72,36,0.694299
72,37,0.692263
72,38,0.69086
72,39,0.689982
72,40,0.689485
72,41,0.689242
72,42,0.689186
72,43,0.689295
72,44,0.689586
72,45,0.690075
72,46,0.69076
72,47,0.691616
72,48,0.692596
72,49,0.69366
72,50,0.694785
72,51,0.695972
72,52,0.697231
72,53,0.698568
72,54,0.699961
72,55,0.701374
72,56,0.702758
72,57,0.704079
72,58,0.705325
72,59,0.706503
72,60,0.707621
72,61,0.708654
72,62,0.709538
72,63,0.710166
72,64,0.710425
72,65,0.710229
72,66,0.709552
72,67,0.708457
72,68,0.707088
72,69,0.705643
72,70,0.704345
72,71,0.70339
72,72,0.702918
72,73,0.702985
72,74,0.703551
72,75,0.704474
72,76,0.705551
72,77,0.706564
72,78,0.707346
72,79,0.707839
72,80,0.708126
72,81,0.708405
72,82,0.70891
72,83,0.709814
72,84,0.711138
72,85,0.712721
72,86,0.714244
72,87,0.71534
72,88,0.715703
72,89,0.715189
72,90,0.713849
72,91,0.711917
72,92,0.709737
72,93,0.707689
72,94,0.706116
72,95,0.705264
73,0,0.730243
73,1,0.729581
73,2,0.72828
73,3,0.7264
73,4,0.724049
73,5,0.721394
73,6,0.718647
73,7,0.716042
73,8,0.713785
73,9,0.712022
73,10,0.71079
73,11,0.71001
73,12,0.709501
73,13,0.70902
73,14,0.708316
73,15,0.7072
73,16,0.705599
73,17,0.703585
73,18,0.701373
73,19,0.699278
73,20,0.697654
73,21,0.696821
73,22,0.696988
73,23,0.698211
73,24,0.700358
73,25,0.703126
73,26,0.706081
73,27,0.708721
73,28,0.710579
73,29,0.711304
73,30,0.710741
73,31,0.708959
73,32,0.706222
73,33,0.702932
73,34,0.699526
73,35,0.696392
73,36,0.693792
73,37,0.691846
73,38,0.690534
73,39,0.689753
73,40,0.689355
73,41,0.689206
73,42,0.689212
73,43,0.689324
73,44,0.689534
73,45,0.689851
73,46,0.690287
73,47,0.690853
73,48,0.691556
73,49,0.692407
73,50,0.693415
73,51,0.69459
73,52,0.695927
73,53,0.697398
73,54,0.698949
73,55,0.700519
73,56,0.702051
73,57,0.703514
73,58,0.704906
73,59,0.70624
73,60,0.707516
73,61,0.708699
73,62,0.709707
73,63,0.710421
73,64,0.710727
73,65,0.710551
73,66,0.70989
73,67,0.708839
73,68,0.707569
73,69,0.706301
73,70,0.705263
73,71,0.704641
73,72,0.704548
73,73,0.704999
73,74,0.705901
73,75,0.707063
73,76,0.708243
73,77,0.709202
73,78,0.709777
73,79,0.709941
73,80,0.709824
73,81,0.709686
73,82,0.709823
73,83,0.710462
73,84,0.711666
73,85,0.713296
73,86,0.715038
73,87,0.716513
73,88,0.717387
73,89,0.717476
73,90,0.716787
73,91,0.715503
73,92,0.71392
73,93,0.712369
73,94,0.711153
73,95,0.710487
74,0,0.729351
74,1,0.728687
74,2,0.727398
74,3,0.725574
74,4,0.723349
74,5,0.720907
74,6,0.718454
74,7,0.7162
74,8,0.71431
74,9,0.712879
74,10,0.7119
74,11,0.711257
74,12,0.710751
74,13,0.710132
74,14,0.709164
74,15,0.707682
74,16,0.705649
74,17,0.703184
74,18,0.700555
74,19,0.698125
74,20,0.696285
74,21,0.69537
74,22,0.695576
74,23,0.69692
74,24,0.699214
74,25,0.7021
74,26,0.705102
74,27,0.707708
74,28,0.709466
74,29,0.710067
74,30,0.709405
74,31,0.707588
74,32,0.704905
74,33,0.701757
74,34,0.698562
74,35,0.69568
74,36,0.693346
74,37,0.691658
74,38,0.690586
74,39,0.690013
74,40,0.689783
74,41,0.689741
74,42,0.689769
74,43,0.689795
74,44,0.689796
74,45,0.68979
74,46,0.68982
74,47,0.689953
74,48,0.690264
74,49,0.690821
74,50,0.691675
74,51,0.692841
74,52,0.694292
74,53,0.695956
74,54,0.697734
74,55,0.699526
74,56,0.701259
74,57,0.702899
74,58,0.70445
74,59,0.70593
74,60,0.707343
74,61,0.708645
74,62,0.709746
74,63,0.710522
74,64,0.710863
74,65,0.710705
74,66,0.710065
74,67,0.709059
74,68,0.707879
74,69,0.706756
74,70,0.705922
74,71,0.705558
74,72,0.705757
74,73,0.706503
74,74,0.707667
74,75,0.709018
74,76,0.71028
74,77,0.711194
74,78,0.711592
74,79,0.711467
74,80,0.710987
74,81,0.710458
74,82,0.710228
74,83,0.710574
74,84,0.711597
74,85,0.713186
74,86,0.715044
74,87,0.716789
74,88,0.718073
74,89,0.718684
74,90,0.718589
74,91,0.717919
74,92,0.716916
74,93,0.715859
74,94,0.715001
74,95,0.714525
75,0,0.726954
75,1,0.726336
75,2,0.725151
75,3,0.723508
75,4,0.721562
75,5,0.719496
75,6,0.717503
75,7,0.715753
75,8,0.714364
75,9,0.713376
75,10,0.712734
75,11,0.71229
75,12,0.711828
75,13,0.711098
75,14,0.709879
75,15,0.708033
75,16,0.705563
75,17,0.702637
75,18,0.699578
75,19,0.696805
75,20,0.694747
75,21,0.693757
75,22,0.694013
75,23,0.695486
75,24,0.697922
75,25,0.700901
75,26,0.703905
75,27,0.706412
75,28,0.708001
75,29,0.708417
75,30,0.707619
75,31,0.705769
75,32,0.703179
75,33,0.700245
75,34,0.69736
75,35,0.694841
75,36,0.692884
75,37,0.691556
75,38,0.690804
75,39,0.690497
75,40,0.690461
75,41,0.690522
75,42,0.690539
75,43,0.690421
75,44,0.69014
75,45,0.689733
75,46,0.689285
75,47,0.688928
75,48,0.688806
75,49,0.689054
75,50,0.68976
75,51,0.690944
75,52,0.69255
75,53,0.694457
75,54,0.696511
75,55,0.698569
75,56,0.700532
75,57,0.70236
75,58,0.704063
75,59,0.705669
75,60,0.707185
75,61,0.70857
75,62,0.709731
75,63,0.710545
75,64,0.710907
75,65,0.710764
75,66,0.710147
75,67,0.709183
75,68,0.708075
75,69,0.707056
75,70,0.706359
75,71,0.706157
75,72,0.706536
75,73,0.707462
75,74,0.708785
75,75,0.710249
75,76,0.711554
75,77,0.712421
75,78,0.71268
75,79,0.712327
75,80,0.711552
75,81,0.710691
75,82,0.710127
75,83,0.710174
75,84,0.710969
75,85,0.712432
75,86,0.714292
75,87,0.716183
75,88,0.717757
75,89,0.718781
75,90,0.719189
75,91,0.719065
75,92,0.718592
75,93,0.717994
75,94,0.717473
75,95,0.717176
76,0,0.723569
76,1,0.723029
76,2,0.722011
76,3,0.720638
76,4,0.719071
76,5,0.717487
76,6,0.716053
76,7,0.714896
76,8,0.714078
76,9,0.713586
76,10,0.713318
76,11,0.713099
76,12,0.712699
76,13,0.711873
76,14,0.710414
76,15,0.708212
76,16,0.705306
76,17,0.701914
76,18,0.698415
76,19,0.695285
76,20,0.693001
76,21,0.69193
76,22,0.692235
76,23,0.693837
76,24,0.696413
76,25,0.699473
76,26,0.702455
76,27,0.704834
76,28,0.706222
76,29,0.706431
76,30,0.705489
76,31,0.703616
76,32,0.701148
76,33,0.698476
76,34,0.695953
76,35,0.69385
76,36,0.692315
76,37,0.691381
76,38,0.69097
76,39,0.690935
76,40,0.691086
76,41,0.691234
76,42,0.69122
76,43,0.690941
76,44,0.690371
76,45,0.689566
76,46,0.688657
76,47,0.687836
76,48,0.687318
76,49,0.687295
76,50,0.68789
76,51,0.689128
76,52,0.69092
76,53,0.693096
76,54,0.695444
76,55,0.697777
76,56,0.699969
76,57,0.701973
76,58,0.703806
76,59,0.705505
76,60,0.707088
76,61,0.70852
76,62,0.709709
76,63,0.710539
76,64,0.710912
76,65,0.710784
76,66,0.710194
76,67,0.709274
76,68,0.708223
76,69,0.707271
76,70,0.706643
76,71,0.706506
76,72,0.706944
76,73,0.707919
76,74,0.709278
76,75,0.710757
76,76,0.712046
76,77,0.712855
76,78,0.713005
76,79,0.712491
76,80,0.711505
76,81,0.710394
76,82,0.709557
76,83,0.70933
76,84,0.709876
76,85,0.711153
76,86,0.712922
76,87,0.714846
76,88,0.71659
76,89,0.717916
76,90,0.718726
76,91,0.719061
76,92,0.719048
76,93,0.718855
76,94,0.718635
76,95,0.718498
77,0,0.719777
77,1,0.719334
77,2,0.718516
77,3,0.717454
77,4,0.716309
77,5,0.715245
77,6,0.714396
77,7,0.713845
77,8,0.713598
77,9,0.71359
77,10,0.713682
77,11,0.713674
77,12,0.713331
77,13,0.712412
77,14,0.710726
77,15,0.708186
77,16,0.704864
77,17,0.701023
77,18,0.697096
77,19,0.693617
77,20,0.691106
77,21,0.689952
77,22,0.690302
77,23,0.692027
77,24,0.694735
77,25,0.697868
77,26,0.700818
77,27,0.703059
77,28,0.704238
77,29,0.704237
77,30,0.703156
77,31,0.70127
77,32,0.698939
77,33,0.696539
77,34,0.694386
77,35,0.692697
77,36,0.691574
77,37,0.691011
77,38,0.690911
77,39,0.691114
77,40,0.691423
77,41,0.691639
77,42,0.691595
77,43,0.69118
77,44,0.690372
77,45,0.689246
77,46,0.687969
77,47,0.686783
77,48,0.68596
77,49,0.685741
77,50,0.686278
77,51,0.687595
77,52,0.689577
77,53,0.69201
77,54,0.694633
77,55,0.697216
77,56,0.699611
77,57,0.701764
77,58,0.703696
77,59,0.705456
77,60,0.707073
77,61,0.708519
77,62,0.709711
77,63,0.710542
77,64,0.710921
77,65,0.710814
77,66,0.710261
77,67,0.709391
77,68,0.708391
77,69,0.707476
77,70,0.706858
77,71,0.706698
77,72,0.707079
77,73,0.707974
77,74,0.709239
77,75,0.710621
77,76,0.711816
77,77,0.712534
77,78,0.712589
77,79,0.71197
77,80,0.710857
77,81,0.709588
77,82,0.70856
77,83,0.708112
77,84,0.708429
77,85,0.709498
77,86,0.711122
77,87,0.713
77,88,0.714823
77,89,0.716353
77,90,0.717473
77,91,0.71818
77,92,0.718552
77,93,0.718703
77,94,0.718739
77,95,0.718738
78,0,0.716117
78,1,0.715774
78,2,0.715161
78,3,0.714409
78,4,0.713676
78,5,0.713107
78,6,0.712803
78,7,0.712799
78,8,0.713057
78,9,0.713465
78,10,0.713854
78,11,0.71401
78,12,0.713695
78,13,0.712679
78,14,0.710784
78,15,0.707944
78,16,0.704257
78,17,0.700023
78,18,0.695722
78,19,0.691936
78,20,0.689228
78,21,0.688003
78,22,0.688397
78,23,0.690232
78,24,0.693052
78,25,0.696237
78,26,0.699142
78,27,0.701237
78,28,0.702209
78,29,0.702004
78,30,0.700792
78,31,0.698898
78,32,0.6967
78,33,0.69456
78,34,0.692749
78,35,0.691434
78,36,0.69067
78,37,0.69042
78,38,0.690572
78,39,0.690958
78,40,0.691383
78,41,0.691648
78,42,0.691587
78,43,0.691088
78,44,0.690132
78,45,0.688805
78,46,0.687298
78,47,0.685886
78,48,0.684877
78,49,0.684547
78,50,0.685068
78,51,0.686468
78,52,0.688611
78,53,0.691253
78,54,0.694095
78,55,0.696878
78,56,0.699435
78,57,0.701706
78,58,0.703712
78,59,0.705513
78,60,0.707142
78,61,0.708583
78,62,0.709763
78,63,0.710586
78,64,0.710973
78,65,0.710895
78,66,0.710393
78,67,0.709584
78,68,0.708636
78,69,0.707741
78,70,0.70709
78,71,0.706834
78,72,0.707059
78,73,0.707754
78,74,0.7088
78,75,0.709969
78,76,0.710977
78,77,0.711546
78,78,0.711495
78,79,0.7108
78,80,0.709624
78,81,0.708284
78,82,0.707153
78,83,0.706564
78,84,0.706705
78,85,0.707593
78,86,0.709068
78,87,0.710871
78,88,0.712722
78,89,0.714394
78,90,0.715753
78,91,0.71676
78,92,0.717448
78,93,0.717883
78,94,0.718132
78,95,0.718245
79,0,0.712979
79,1,0.712731
79,2,0.712307
79,3,0.711837
79,4,0.711467
79,5,0.711322
79,6,0.71147
79,7,0.711907
79,8,0.712553
79,9,0.713266
79,10,0.713856
79,11,0.714104
79,12,0.713779
79,13,0.712662
79,14,0.710592
79,15,0.707517
79,16,0.703556
79,17,0.699032
79,18,0.694461
79,19,0.69046
79,20,0.687621
79,21,0.68636
79,22,0.686798
79,23,0.688717
79,24,0.69161
79,25,0.694806
79,26,0.697631
79,27,0.699563
79,28,0.700327
79,29,0.699928
79,30,0.698597
79,31,0.696698
79,32,0.694623
79,33,0.692711
79,34,0.691194
79,35,0.690189
79,36,0.689711
79,37,0.689695
79,38,0.69002
79,39,0.690521
79,40,0.691013
79,41,0.691308
79,42,0.691245
79,43,0.690719
79,44,0.689715
79,45,0.68832
79,46,0.686732
79,47,0.685238
79,48,0.684162
79,49,0.683796
79,50,0.684325
79,51,0.68578
79,52,0.688023
79,53,0.690793
79,54,0.693775
79,55,0.696693
79,56,0.699368
79,57,0.701731
79,58,0.703802
79,59,0.705639
79,60,0.707279
79,61,0.708713
79,62,0.709879
79,63,0.710695
79,64,0.711096
79,65,0.711061
79,66,0.710626
79,67,0.709894
79,68,0.709004
79,69,0.70812
79,70,0.707408
79,71,0.707002
79,72,0.706995
79,73,0.707393
79,74,0.708108
79,75,0.708951
79,76,0.709671
79,77,0.710015
79,78,0.709812
79,79,0.709037
79,80,0.707832
79,81,0.706482
79,82,0.70533
79,83,0.704686
79,84,0.704735
79,85,0.705507
79,86,0.706878
79,87,0.708628
79,88,0.710505
79,89,0.712295
79,90,0.713852
79,91,0.715109
79,92,0.716058
79,93,0.716727
79,94,0.717151
79,95,0.717357
80,0,0.710557
80,1,0.710394
80,2,0.710137
80,3,0.709905
80,4,0.709831
80,5,0.710014
80,6,0.710495
80,7,0.711237
80,8,0.712132
80,9,0.71302
80,10,0.713703
80,11,0.713968
80,12,0.713597
80,13,0.712388
80,14,0.710197
80,15,0.706983
80,16,0.702876
80,17,0.698215
80,18,0.693527
80,19,0.689449
80,20,0.68658
80,21,0.685337
80,22,0.68582
80,23,0.687783
80,24,0.690681
80,25,0.693814
80,26,0.696502
80,27,0.698237
80,28,0.698786
80,29,0.698205
80,30,0.696772
80,31,0.694879
80,32,0.692918
80,33,0.691202
80,34,0.689923
80,35,0.689156
80,36,0.68888
80,37,0.689012
80,38,0.689427
80,39,0.689971
80,40,0.690475
80,41,0.690769
80,42,0.69071
80,43,0.690201
80,44,0.689231
80,45,0.687881
80,46,0.686341
80,47,0.684887
80,48,0.683839
80,49,0.683488
80,50,0.684024
80,51,0.685486
80,52,0.687744
80,53,0.690544
80,54,0.693575
80,55,0.696558
80,56,0.699309
80,57,0.70175
80,58,0.703891
80,59,0.705779
80,60,0.707447
80,61,0.708891
80,62,0.710057
80,63,0.710882
80,64,0.711314
80,65,0.71134
80,66,0.710992
80,67,0.710351
80,68,0.709528
80,69,0.708653
80,70,0.707861
80,71,0.707272
80,72,0.706977
80,73,0.707004
80,74,0.7073
80,75,0.707717
80,76,0.708048
80,77,0.708076
80,78,0.707654
80,79,0.70676
80,80,0.70552
80,81,0.704191
80,82,0.703077
80,83,0.702459
80,84,0.702505
80,85,0.703254
80,86,0.704602
80,87,0.70636
80,88,0.708303
80,89,0.710224
80,90,0.711968
80,91,0.713444
80,92,0.714615
80,93,0.715476
80,94,0.716041
80,95,0.71632
81,0,0.708881
81,1,0.708792
81,2,0.708675
81,3,0.708634
81,4,0.708781
81,5,0.70919
81,6,0.709877
81,7,0.710783
81,8,0.711787
81,9,0.712722
81,10,0.713399
81,11,0.713617
81,12,0.71318
81,13,0.711907
81,14,0.70967
81,15,0.70644
81,16,0.702349
81,17,0.697736
81,18,0.693122
81,19,0.689134
81,20,0.68636
81,21,0.685195
81,22,0.685722
81,23,0.687671
81,24,0.690482
81,25,0.693455
81,26,0.695926
81,27,0.697419
81,28,0.697745
81,29,0.697002
81,30,0.695499
81,31,0.693635
81,32,0.69179
81,33,0.690245
81,34,0.689152
81,35,0.688549
81,36,0.68839
81,37,0.688581
81,38,0.689001
81,39,0.689512
81,40,0.689967
81,41,0.69022
81,42,0.690151
81,43,0.689677
81,44,0.688791
81,45,0.687563
81,46,0.686161
81,47,0.684836
81,48,0.68388
81,49,0.683571
81,50,0.684094
81,51,0.685501
81,52,0.687682
81,53,0.69041
81,54,0.693395
81,55,0.696373
81,56,0.699161
81,57,0.701671
81,58,0.703893
81,59,0.705858
81,60,0.707587
81,61,0.709072
81,62,0.710271
81,63,0.711136
81,64,0.711631
81,65,0.711748
81,66,0.711512
81,67,0.710981
81,68,0.710235
81,69,0.709367
81,70,0.708483
81,71,0.707686
81,72,0.707068
81,73,0.706674
81,74,0.706485
81,75,0.706396
81,76,0.706251
81,77,0.705874
81,78,0.705152
81,79,0.704075
81,80,0.702766
81,81,0.701453
81,82,0.700406
81,83,0.69987
81,84,0.699994
81,85,0.700811
81,86,0.70223
81,87,0.704082
81,88,0.706155
81,89,0.708244
81,90,0.710185
81,91,0.711867
81,92,0.713227
81,93,0.714245
81,94,0.714919
81,95,0.715254
82,0,0.70784
82,1,0.707815
82,2,0.707815
82,3,0.707923
82,4,0.708222
82,5,0.708764
82,6,0.709543
82,7,0.71049
82,8,0.71148
82,9,0.712358
82,10,0.71295
82,11,0.713083
82,12,0.712584
82,13,0.711296
82,14,0.709107
82,15,0.705998
82,16,0.702098
82,17,0.697728
82,18,0.693385
82,19,0.689662
82,20,0.687108
82,21,0.686083
82,22,0.686643
82,23,0.688507
82,24,0.691126
82,25,0.69383
82,26,0.695996
82,27,0.697203
82,28,0.697305
82,29,0.696433
82,30,0.694906
82,31,0.693111
82,32,0.691397
82,33,0.690005
82,34,0.689049
82,35,0.688536
82,36,0.688408
82,37,0.68857
82,38,0.688911
82,39,0.689314
82,40,0.689656
82,41,0.689822
82,42,0.689715
82,43,0.689271
82,44,0.688487
82,45,0.687421
82,46,0.68621
82,47,0.685066
82,48,0.68424
82,49,0.683982
82,50,0.684464
82,51,0.685753
82,52,0.687769
82,53,0.690326
82,54,0.693174
82,55,0.696075
82,56,0.698856
82,57,0.701417
82,58,0.703727
82,59,0.705792
82,60,0.707616
82,61,0.709184
82,62,0.710464
82,63,0.711419
82,64,0.712025
82,65,0.712276
82,66,0.712187
82,67,0.711789
82,68,0.71113
82,69,0.710268
82,70,0.709283
82,71,0.708263
82,72,0.7073
82,73,0.706455
82,74,0.705741
82,75,0.705096
82,76,0.704411
82,77,0.703559
82,78,0.702465
82,79,0.701142
82,80,0.699713
82,81,0.698387
82,82,0.697404
82,83,0.696977
82,84,0.69723
82,85,0.698187
82,86,0.699761
82,87,0.701786
82,88,0.704056
82,89,0.706358
82,90,0.708513
82,91,0.710389
82,92,0.711911
82,93,0.713047
82,94,0.713796
82,95,0.714166
83,0,0.707266
83,1,0.707299
83,2,0.707396
83,3,0.707617
83,4,0.708013
83,5,0.708612
83,6,0.709392
83,7,0.71028
83,8,0.711167
83,9,0.711914
83,10,0.712377
83,11,0.712411
83,12,0.711873
83,13,0.710632
83,14,0.708591
83,15,0.705736
83,16,0.702187
83,17,0.69824
83,18,0.694346
83,19,0.691042
83,20,0.688816
83,21,0.687977
83,22,0.688552
83,23,0.69026
83,24,0.692588
83,25,0.694921
83,26,0.696711
83,27,0.697601
83,28,0.697494
83,29,0.696541
83,30,0.695049
83,31,0.693371
83,32,0.691807
83,33,0.69055
83,34,0.68968
83,35,0.689184
83,36,0.689002
83,37,0.689048
83,38,0.689231
83,39,0.689457
83,40,0.689633
83,41,0.689668
83,42,0.689494
83,43,0.689066
83,44,0.688387
83,45,0.687498
83,46,0.686505
83,47,0.68557
83,48,0.684892
83,49,0.684682
83,50,0.685097
83,51,0.686211
83,52,0.687984
83,53,0.69028
83,54,0.692902
83,55,0.69565
83,56,0.698366
83,57,0.700944
83,58,0.703331
83,59,0.705504
83,60,0.707449
83,61,0.709143
83,62,0.710555
83,63,0.711661
83,64,0.712439
83,65,0.712881
83,66,0.712982
83,67,0.712746
83,68,0.712188
83,69,0.711336
83,70,0.710245
83,71,0.708995
83,72,0.70768
83,73,0.706377
83,74,0.705127
83,75,0.703909
83,76,0.702659
83,77,0.701297
83,78,0.699791
83,79,0.698178
83,80,0.696585
83,81,0.695209
83,82,0.694264
83,83,0.693938
83,84,0.694333
83,85,0.695464
83,86,0.69724
83,87,0.699493
83,88,0.702007
83,89,0.704554
83,90,0.70693
83,91,0.708986
83,92,0.710635
83,93,0.711849
83,94,0.712635
83,95,0.713019
84,0,0.706996
84,1,0.70708
84,2,0.707263
84,3,0.707573
84,4,0.708028
84,5,0.708631
84,6,0.709349
84,7,0.710115
84,8,0.710838
84,9,0.711412
84,10,0.711726
84,11,0.711667
84,12,0.711123
84,13,0.709986
84,14,0.708175
84,15,0.70568
84,16,0.702608
84,17,0.699218
84,18,0.695905
84,19,0.693132
84,20,0.69131
84,21,0.690687
84,22,0.69126
84,23,0.692759
84,24,0.694722
84,25,0.696621
84,26,0.697995
84,27,0.698567
84,28,0.698288
84,29,0.697311
84,30,0.695915
84,31,0.694395
84,32,0.692989
84,33,0.69184
84,34,0.690996
84,35,0.690437
84,36,0.690114
84,37,0.689965
84,38,0.689925
84,39,0.689926
84,40,0.6899
84,41,0.689783
84,42,0.68953
84,43,0.689114
84,44,0.688543
84,45,0.687843
84,46,0.687084
84,47,0.686375
84,48,0.685857
84,49,0.685693
84,50,0.686016
84,51,0.68691
84,52,0.688372
84,53,0.690325
84,54,0.692633
84,55,0.695142
84,56,0.697719
84,57,0.700255
84,58,0.702681
84,59,0.704948
84,60,0.707022
84,61,0.70887
84,62,0.710463
84,63,0.711777
84,64,0.712789
84,65,0.713477
84,66,0.713815
84,67,0.713776
84,68,0.71334
84,69,0.712508
84,70,0.711321
84,71,0.709851
84,72,0.708197
84,73,0.706456
84,74,0.704696
84,75,0.702931
84,76,0.70114
84,77,0.699287
84,78,0.697377
84,79,0.695469
84,80,0.693694
84,81,0.692238
84,82,0.691295
84,83,0.691032
84,84,0.69154
84,85,0.692827
84,86,0.6948
84,87,0.697285
84,88,0.700049
84,89,0.702839
84,90,0.705423
84,91,0.70763
84,92,0.709367
84,93,0.710613
84,94,0.7114
84,95,0.711776
85,0,0.706913
85,1,0.707048
85,2,0.707313
85,3,0.707701
85,4,0.708197
85,5,0.708777
85,6,0.709399
85,7,0.710008
85,8,0.710538
85,9,0.710919
85,10,0.711076
85,11,0.710932
85,12,0.710403
85,13,0.709403
85,14,0.707868
85,15,0.70579
85,16,0.703259
85,17,0.700497
85,18,0.697835
85,19,0.695653
85,20,0.694277
85,21,0.69389
85,22,0.694456
85,23,0.695726
85,24,0.697305
85,25,0.698759
85,26,0.699732
85,27,0.700025
85,28,0.699631
85,29,0.698693
85,30,0.697442
85,31,0.696101
85,32,0.69484
85,33,0.693749
85,34,0.692857
85,35,0.69215
85,36,0.691605
85,37,0.691195
85,38,0.690886
85,39,0.69064
85,40,0.69041
85,41,0.69015
85,42,0.689835
85,43,0.689451
85,44,0.689007
85,45,0.688513
85,46,0.688003
85,47,0.687533
85,48,0.687183
85,49,0.687062
85,50,0.687275
85,51,0.687911
85,52,0.689005
85,53,0.690542
85,54,0.692449
85,55,0.694629
85,56,0.696979
85,57,0.699396
85,58,0.7018
85,59,0.704121
85,60,0.706308
85,61,0.708317
85,62,0.710115
85,63,0.711674
85,64,0.712962
85,65,0.713939
85,66,0.714552
85,67,0.71474
85,68,0.714453
85,69,0.713671
85,70,0.712418
85,71,0.710768
85,72,0.708827
85,73,0.70671
85,74,0.70451
85,75,0.702277
85,76,0.700028
85,77,0.697763
85,78,0.695515
85,79,0.693357
85,80,0.691419
85,81,0.689873
85,82,0.688892
85,83,0.688633
85,84,0.689182
85,85,0.690553
85,86,0.692655
85,87,0.695313
85,88,0.698278
85,89,0.701266
85,90,0.704016
85,91,0.706331
85,92,0.70811
85,93,0.70935
85,94,0.710106
85,95,0.710457
86,0,0.706956
86,1,0.707146
86,2,0.7075
86,3,0.707973
86,4,0.708512
86,5,0.709067
86,6,0.709586
86,7,0.710027
86,8,0.710354
86,9,0.710531
86,10,0.710523
86,11,0.710285
86,12,0.709764
86,13,0.708893
86,14,0.707625
86,15,0.705956
86,16,0.703963
86,17,0.70183
86,18,0.699825
86,19,0.698245
86,20,0.697331
86,21,0.697196
86,22,0.697779
86,23,0.698852
86,24,0.70009
86,25,0.701158
86,26,0.701801
86,27,0.701895
86,28,0.70146
86,29,0.70062
86,30,0.699543
86,31,0.698375
86,32,0.697216
86,33,0.696112
86,34,0.695083
86,35,0.69414
86,36,0.693301
86,37,0.692582
86,38,0.691987
86,39,0.691503
86,40,0.691098
86,41,0.690739
86,42,0.690407
86,43,0.690095
86,44,0.68981
86,45,0.689546
86,46,0.689302
86,47,0.689082
86,48,0.688904
86,49,0.688825
86,50,0.688917
86,51,0.689271
86,52,0.689956
86,53,0.691016
86,54,0.692448
86,55,0.694213
86,56,0.696246
86,57,0.698459
86,58,0.700766
86,59,0.703083
86,60,0.705342
86,61,0.707489
86,62,0.709482
86,63,0.711285
86,64,0.712854
86,65,0.714128
86,66,0.715027
86,67,0.715462
86,68,0.715356
86,69,0.714669
86,70,0.713414
86,71,0.711665
86,72,0.709535
86,73,0.707155
86,74,0.704644
86,75,0.70208
86,76,0.699515
86,77,0.696976
86,78,0.694515
86,79,0.692205
86,80,0.690161
86,81,0.688535
86,82,0.687481
86,83,0.687148
86,84,0.687629
86,85,0.688955
86,86,0.691055
86,87,0.693761
86,88,0.696813
86,89,0.699906
86,90,0.702745
86,91,0.705109
86,92,0.70689
86,93,0.708092
86,94,0.708798
86,95,0.709115
87,0,0.707127
87,1,0.707382
87,2,0.70784
87,3,0.708418
87,4,0.709021
87,5,0.709567
87,6,0.709993
87,7,0.710269
87,8,0.710387
87,9,0.710346
87,10,0.71015
87,11,0.709785
87,12,0.709224
87,13,0.708425
87,14,0.707357
87,15,0.706025
87,16,0.7045
87,17,0.702936
87,18,0.701542
87,19,0.700538
87,20,0.700084
87,21,0.700231
87,22,0.70089
87,23,0.701853
87,24,0.702859
87,25,0.703665
87,26,0.704103
87,27,0.704112
87,28,0.703726
87,29,0.703035
87,30,0.702142
87,31,0.701114
87,32,0.699988
87,33,0.69878
87,34,0.697521
87,35,0.696258
87,36,0.695066
87,37,0.694011
87,38,0.693136
87,39,0.692448
87,40,0.691924
87,41,0.691529
87,42,0.691242
87,43,0.691054
87,44,0.690964
87,45,0.690951
87,46,0.690982
87,47,0.691014
87,48,0.69101
87,49,0.690975
87,50,0.690946
87,51,0.691009
87,52,0.691266
87,53,0.691813
87,54,0.692716
87,55,0.693998
87,56,0.695635
87,57,0.697562
87,58,0.699694
87,59,0.701936
87,60,0.704206
87,61,0.706436
87,62,0.708575
87,63,0.710576
87,64,0.712384
87,65,0.713919
87,66,0.715083
87,67,0.715764
87,68,0.715868
87,69,0.715337
87,70,0.714177
87,71,0.712454
87,72,0.710286
87,73,0.707814
87,74,0.705177
87,75,0.702478
87,76,0.699794
87,77,0.697173
87,78,0.694669
87,79,0.69234
87,80,0.690276
87,81,0.688596
87,82,0.687433
87,83,0.686931
87,84,0.687203
87,85,0.688311
87,86,0.690219
87,87,0.692786
87,88,0.695757
87,89,0.698814
87,90,0.70164
87,91,0.703986
87,92,0.705731
87,93,0.706882
87,94,0.707535
87,95,0.707819
88,0,0.707477
88,1,0.707807
88,2,0.708389
88,3,0.709097
88,4,0.709789
88,5,0.710347
88,6,0.710696
88,7,0.710812
88,8,0.710711
88,9,0.710428
88,10,0.709999
88,11,0.709443
88,12,0.708758
88,13,0.707928
88,14,0.706944
88,15,0.705827
88,16,0.704649
88,17,0.703547
88,18,0.702683
88,19,0.70221
88,20,0.702218
88,21,0.702696
88,22,0.703525
88,23,0.704515
88,24,0.705453
88,25,0.70617
88,26,0.706568
88,27,0.706627
88,28,0.706385
88,29,0.705889
88,30,0.705174
88,31,0.704236
88,32,0.703064
88,33,0.701659
88,34,0.700078
88,35,0.698424
88,36,0.696833
88,37,0.695432
88,38,0.694299
88,39,0.693456
88,40,0.692877
88,41,0.692513
88,42,0.692329
88,43,0.692304
88,44,0.69243
88,45,0.692669
88,46,0.692967
88,47,0.693241
88,48,0.693408
88,49,0.693422
88,50,0.693286
88,51,0.693078
88,52,0.692918
88,53,0.692952
88,54,0.693307
88,55,0.694066
88,56,0.695252
88,57,0.696827
88,58,0.698711
88,59,0.700804
88,60,0.70301
88,61,0.705246
88,62,0.707451
88,63,0.709565
88,64,0.711526
88,65,0.713244
88,66,0.714616
88,67,0.715521
88,68,0.715855
88,69,0.715551
88,70,0.714602
88,71,0.713066
88,72,0.711053
88,73,0.708706
88,74,0.706175
88,75,0.703579
88,76,0.701013
88,77,0.698531
88,78,0.696179
88,79,0.693984
88,80,0.691995
88,81,0.69029
88,82,0.688975
88,83,0.688195
88,84,0.688091
88,85,0.688774
88,86,0.690264
88,87,0.692463
88,88,0.695147
88,89,0.698
88,90,0.70069
88,91,0.702948
88,92,0.70463
88,93,0.705731
88,94,0.706346
88,95,0.706609
89,0,0.708074
89,1,0.708486
89,2,0.709205
89,3,0.71006
89,4,0.710859
89,5,0.711445
89,6,0.711723
89,7,0.711674
89,8,0.711334
89,9,0.71077
89,10,0.71005
89,11,0.709219
89,12,0.708304
89,13,0.707315
89,14,0.706271
89,15,0.705219
89,16,0.704244
89,17,0.703477
89,18,0.70305
89,19,0.703062
89,20,0.703539
89,21,0.704413
89,22,0.705536
89,23,0.706717
89,24,0.707779
89,25,0.708602
89,26,0.709136
89,27,0.709386
89,28,0.709379
89,29,0.709116
89,30,0.70857
89,31,0.707674
89,32,0.706383
89,33,0.704701
89,34,0.702725
89,35,0.700624
89,36,0.698608
89,37,0.696862
89,38,0.695499
89,39,0.694548
89,40,0.693967
89,41,0.693684
89,42,0.693637
89,43,0.693789
89,44,0.694119
89,45,0.694584
89,46,0.695116
89,47,0.695606
89,48,0.695934
89,49,0.696011
89,50,0.695804
89,51,0.695372
89,52,0.694847
89,53,0.694409
89,54,0.694237
89,55,0.69447
89,56,0.695178
89,57,0.696354
89,58,0.69793
89,59,0.699804
89,60,0.701868
89,61,0.704024
89,62,0.706196
89,63,0.708315
89,64,0.710317
89,65,0.712116
89,66,0.713614
89,67,0.714699
89,68,0.715272
89,69,0.715259
89,70,0.714642
89,71,0.713462
89,72,0.711813
89,73,0.709827
89,74,0.707653
89,75,0.705417
89,76,0.703217
89,77,0.701105
89,78,0.699098
89,79,0.697182
89,80,0.695352
89,81,0.693637
89,82,0.692115
89,83,0.690938
89,84,0.690283
89,85,0.690324
89,86,0.691156
89,87,0.69275
89,88,0.694929
89,89,0.697401
89,90,0.699834
89,91,0.701938
89,92,0.703541
89,93,0.704608
89,94,0.705214
89,95,0.705474
90,0,0.708957
90,1,0.709452
90,2,0.710308
90,3,0.71131
90,4,0.712214
90,5,0.712823
90,6,0.713021
90,7,0.71279
90,8,0.712184
90,9,0.711296
90,10,0.710222
90,11,0.709034
90,12,0.707785
90,13,0.706512
90,14,0.705268
90,15,0.704134
90,16,0.703221
90,17,0.702668
90,18,0.702589
90,19,0.703044
90,20,0.704005
90,21,0.705349
90,22,0.706891
90,23,0.708429
90,24,0.709799
90,25,0.710911
90,26,0.711742
90,27,0.712306
90,28,0.712612
90,29,0.712615
90,30,0.712229
90,31,0.711341
90,32,0.709879
90,33,0.707866
90,34,0.70545
90,35,0.702873
90,36,0.700421
90,37,0.698338
90,38,0.696769
90,39,0.695742
90,40,0.69519
90,41,0.695007
90,42,0.695098
90,43,0.695405
90,44,0.695898
90,45,0.696534
90,46,0.697245
90,47,0.697913
90,48,0.69839
90,49,0.698553
90,50,0.698329
90,51,0.697752
90,52,0.696948
90,53,0.696117
90,54,0.695476
90,55,0.695214
90,56,0.695446
90,57,0.696199
90,58,0.697424
90,59,0.69902
90,60,0.700871
90,61,0.702864
90,62,0.704908
90,63,0.706928
90,64,0.70886
90,65,0.710633
90,66,0.71217
90,67,0.713382
90,68,0.714184
90,69,0.714507
90,70,0.714321
90,71,0.713645
90,72,0.712547
90,73,0.711138
90,74,0.709554
90,75,0.707913
90,76,0.706305
90,77,0.704762
90,78,0.703264
90,79,0.701743
90,80,0.700128
90,81,0.698398
90,82,0.696607
90,83,0.694913
90,84,0.693544
90,85,0.69275
90,86,0.692712
90,87,0.69349
90,88,0.694973
90,89,0.696911
90,90,0.698983
90,91,0.700882
90,92,0.702401
90,93,0.703458
90,94,0.704085
90,95,0.704366
91,0,0.710118
91,1,0.710685
91,2,0.711661
91,3,0.712787
91,4,0.713772
91,5,0.714379
91,6,0.714475
91,7,0.714038
91,8,0.713139
91,9,0.711892
91,10,0.710419
91,11,0.708814
91,12,0.707153
91,13,0.705504
91,14,0.703953
91,15,0.702621
91,16,0.701656
91,17,0.701215
91,18,0.70141
91,19,0.702272
91,20,0.703725
91,21,0.705598
91,22,0.707658
91,23,0.709682
91,24,0.711503
91,25,0.713042
91,26,0.714287
91,27,0.715252
91,28,0.715922
91,29,0.716211
91,30,0.715983
91,31,0.715083
91,32,0.71343
91,33,0.711068
91,34,0.708201
91,35,0.705146
91,36,0.702266
91,37,0.699862
91,38,0.698103
91,39,0.697014
91,40,0.696498
91,41,0.696406
91,42,0.696607
91,43,0.697022
91,44,0.697615
91,45,0.698353
91,46,0.699179
91,47,0.69998
91,48,0.700596
91,49,0.700871
91,50,0.700695
91,51,0.700065
91,52,0.699089
91,53,0.697968
91,54,0.696945
91,55,0.696245
91,56,0.696027
91,57,0.696356
91,58,0.697205
91,59,0.698483
91,60,0.70007
91,61,0.701839
91,62,0.703683
91,63,0.705522
91,64,0.707298
91,65,0.708959
91,66,0.71046
91,67,0.711745
91,68,0.712755
91,69,0.713429
91,70,0.713728
91,71,0.713651
91,72,0.713232
91,73,0.712555
91,74,0.711729
91,75,0.710857
91,76,0.710004
91,77,0.709172
91,78,0.708291
91,79,0.707229
91,80,0.705852
91,81,0.704087
91,82,0.701966
91,83,0.699663
91,84,0.697463
91,85,0.695696
91,86,0.694645
91,87,0.694465
91,88,0.695124
91,89,0.696427
91,90,0.698069
91,91,0.699734
91,92,0.70117
91,93,0.702241
91,94,0.702919
91,95,0.703239
92,0,0.711456
92,1,0.712078
92,2,0.713144
92,3,0.714354
92,4,0.715381
92,5,0.715954
92,6,0.715921
92,7,0.715262
92,8,0.714058
92,9,0.712445
92,10,0.710562
92,11,0.708524
92,12,0.706425
92,13,0.70436
92,14,0.70245
92,15,0.700857
92,16,0.699768
92,17,0.699368
92,18,0.699777
92,19,0.701004
92,20,0.702937
92,21,0.705352
92,22,0.707975
92,23,0.710549
92,24,0.712892
92,25,0.714925
92,26,0.716637
92,27,0.718035
92,28,0.719082
92,29,0.719657
92,30,0.719581
92,31,0.718669
92,32,0.716832
92,33,0.71414
92,34,0.710849
92,35,0.70735
92,36,0.704072
92,37,0.701371
92,38,0.699438
92,39,0.698289
92,40,0.697795
92,41,0.697767
92,42,0.698036
92,43,0.698501
92,44,0.699128
92,45,0.6999
92,46,0.700781
92,47,0.701675
92,48,0.702416
92,49,0.702826
92,50,0.702754
92,51,0.702158
92,52,0.701114
92,53,0.69981
92,54,0.698499
92,55,0.697437
92,56,0.696819
92,57,0.696747
92,58,0.697225
92,59,0.698175
92,60,0.699476
92,61,0.700991
92,62,0.702602
92,63,0.70422
92,64,0.705794
92,65,0.707297
92,66,0.708714
92,67,0.710029
92,68,0.711211
92,69,0.712216
92,70,0.713
92,71,0.71354
92,72,0.71384
92,73,0.713952
92,74,0.713955
92,75,0.713923
92,76,0.713891
92,77,0.71382
92,78,0.713585
92,79,0.712991
92,80,0.71184
92,81,0.710012
92,82,0.707526
92,83,0.704576
92,84,0.701505
92,85,0.698729
92,86,0.696627
92,87,0.695451
92,88,0.695254
92,89,0.695894
92,90,0.697092
92,91,0.698518
92,92,0.699883
92,93,0.700985
92,94,0.701732
92,95,0.702102
93,0,0.712781
93,1,0.713439
93,2,0.714559
93,3,0.715814
93,4,0.716845
93,5,0.717356
93,6,0.717183
93,7,0.716307
93,8,0.71482
93,9,0.712872
93,10,0.710618
93,11,0.708185
93,12,0.705683
93,13,0.703229
93,14,0.700972
93,15,0.699114
93,16,0.697878
93,17,0.697481
93,18,0.698051
93,19,0.699586
93,20,0.701943
93,21,0.704857
93,22,0.708009
93,23,0.71111
93,24,0.713958
93,25,0.716466
93,26,0.718622
93,27,0.720422
93,28,0.721813
93,29,0.722645
93,30,0.722706
93,31,0.721789
93,32,0.719798
93,33,0.716828
93,34,0.71318
93,35,0.709304
93,36,0.705689
93,37,0.702733
93,38,0.700648
93,39,0.699439
93,40,0.69895
93,41,0.698954
93,42,0.699249
93,43,0.699718
93,44,0.70033
93,45,0.701087
93,46,0.701981
93,47,0.702932
93,48,0.703781
93,49,0.704329
93,50,0.704392
93,51,0.703885
93,52,0.702848
93,53,0.70145
93,54,0.699944
93,55,0.698606
93,56,0.69766
93,57,0.697244
93,58,0.697391
93,59,0.698038
93,60,0.699073
93,61,0.700346
93,62,0.701733
93,63,0.703136
93,64,0.704511
93,65,0.705849
93,66,0.707167
93,67,0.708483
93,68,0.709798
93,69,0.711081
93,70,0.712289
93,71,0.713382
93,72,0.71434
93,73,0.715183
93,74,0.715961
93,75,0.716718
93,76,0.717455
93,77,0.71809
93,78,0.718445
93,79,0.718266
93,80,0.717301
93,81,0.715393
93,82,0.712552
93,83,0.708996
93,84,0.705121
93,85,0.70142
93,86,0.69836
93,87,0.696278
93,88,0.695301
93,89,0.695339
93,90,0.696135
93,91,0.697351
93,92,0.698659
93,93,0.6998
93,94,0.700619
93,95,0.701041
94,0,0.713857
94,1,0.714533
94,2,0.715679
94,3,0.716949
94,4,0.717962
94,5,0.718408
94,6,0.718114
94,7,0.717064
94,8,0.715355
94,9,0.71315
94,10,0.710613
94,11,0.707879
94,12,0.705069
94,13,0.702313
94,14,0.699785
94,15,0.697713
94,16,0.696352
94,17,0.695942
94,18,0.696622
94,19,0.698384
94,20,0.701062
94,21,0.70436
94,22,0.707924
94,23,0.71144
94,24,0.714686
94,25,0.717568
94,26,0.720068
94,27,0.722179
94,28,0.723833
94,29,0.72486
94,30,0.725027
94,31,0.724111
94,32,0.722012
94,33,0.718842
94,34,0.714934
94,35,0.710783
94,36,0.70692
94,37,0.703776
94,38,0.701574
94,39,0.700314
94,40,0.699819
94,41,0.699832
94,42,0.700128
94,43,0.700578
94,44,0.701155
94,45,0.701879
94,46,0.702764
94,47,0.703748
94,48,0.704678
94,49,0.705342
94,50,0.705529
94,51,0.705121
94,52,0.704126
94,53,0.702693
94,54,0.70107
94,55,0.699546
94,56,0.698365
94,57,0.697694
94,58,0.697589
94,59,0.698004
94,60,0.69883
94,61,0.699915
94,62,0.701126
94,63,0.702361
94,64,0.70358
94,65,0.704785
94,66,0.706019
94,67,0.707324
94,68,0.708726
94,69,0.710209
94,70,0.711729
94,71,0.713238
94,72,0.714696
94,73,0.716102
94,74,0.717479
94,75,0.718849
94,76,0.720182
94,77,0.721361
94,78,0.722166
94,79,0.722297
94,80,0.721463
94,81,0.71948
94,82,0.716354
94,83,0.712324
94,84,0.707829
94,85,0.703418
94,86,0.699625
94,87,0.696852
94,88,0.69528
94,89,0.694861
94,90,0.695352
94,91,0.696412
94,92,0.697681
94,93,0.698856
94,94,0.699735
94,95,0.700198
95,0,0.714464
95,1,0.715148
95,2,0.716302
95,3,0.717573
95,4,0.71857
95,5,0.718973
95,6,0.718609
95,7,0.717459
95,8,0.715629
95,9,0.713283
95,10,0.710592
95,11,0.707695
95,12,0.704718
95,13,0.701799
95,14,0.699122
95,15,0.696931
95,16,0.6955
95,17,0.695079
95,18,0.695815
95,19,0.697698
95,20,0.700549
95,21,0.704056
95,22,0.707847
95,23,0.71159
95,24,0.715056
95,25,0.718143
95,26,0.720833
95,27,0.723112
95,28,0.724909
95,29,0.726042
95,30,0.726268
95,31,0.725354
95,32,0.7232
95,33,0.719925
95,34,0.715881
95,35,0.711585
95,36,0.70759
95,37,0.704344
95,38,0.702079
95,39,0.70079
95,40,0.700287
95,41,0.700299
95,42,0.700589
95,43,0.701022
95,44,0.701572
95,45,0.702272
95,46,0.703146
95,47,0.704145
95,48,0.705119
95,49,0.705849
95,50,0.70611
95,51,0.705765
95,52,0.704805
95,53,0.703364
95,54,0.701688
95,55,0.70007
95,56,0.698766
95,57,0.69796
95,58,0.697719
95,59,0.698006
95,60,0.698718
95,61,0.6997
95,62,0.700815
95,63,0.701958
95,64,0.70309
95,65,0.704223
95,66,0.705407
95,67,0.706704
95,68,0.70815
95,69,0.709736
95,70,0.711422
95,71,0.713153
95,72,0.714881
95,73,0.716592
95,74,0.718297
95,75,0.720002
95,76,0.72166
95,77,0.723135
95,78,0.724183
95,79,0.72448
95,80,0.723713
95,81,0.721684
95,82,0.7184
95,83,0.714109
95,84,0.709274
95,85,0.704478
95,86,0.700287
95,87,0.697141
95,88,0.695248
95,89,0.694581
95,90,0.694909
95,91,0.695884
95,92,0.697134
95,93,0.69833
95,94,0.699242
95,95,0.699728
