fy,fx,density
0,0,0.701417
0,1,0.70173
0,2,0.702226
0,3,0.702692
0,4,0.702889
0,5,0.702624
0,6,0.701797
0,7,0.700418
0,8,0.698605
0,9,0.696561
0,10,0.694535
0,11,0.692789
0,12,0.69155
0,13,0.69097
0,14,0.69109
0,15,0.691819
0,16,0.692955
0,17,0.694223
0,18,0.695336
0,19,0.696051
0,20,0.696211
0,21,0.695752
0,22,0.694687
0,23,0.693099
0,24,0.691148
0,25,0.689071
0,26,0.687193
0,27,0.685898
0,28,0.685552
0,29,0.686418
0,30,0.688547
0,31,0.691752
0,32,0.695621
0,33,0.699618
0,34,0.703204
0,35,0.705936
0,36,0.707534
0,37,0.707901
0,38,0.707086
0,39,0.705264
0,40,0.702698
0,41,0.699722
0,42,0.696694
0,43,0.693967
0,44,0.691838
0,45,0.690516
0,46,0.690114
0,47,0.690654
0,48,0.692081
0,49,0.694271
0,50,0.697051
0,51,0.700197
0,52,0.703461
0,53,0.706617
0,54,0.709486
0,55,0.711983
0,56,0.714089
0,57,0.715838
0,58,0.717272
0,59,0.718423
0,60,0.719311
0,61,0.719979
0,62,0.7205
0,63,0.720962
0,64,0.721431
0,65,0.721883
0,66,0.722177
0,67,0.722052
0,68,0.721196
0,69,0.719332
0,70,0.716336
0,71,0.712285
0,72,0.707463
0,73,0.702292
0,74,0.697217
0,75,0.692616
0,76,0.688719
0,77,0.685591
0,78,0.68318
0,79,0.681373
0,80,0.680064
0,81,0.679201
0,82,0.678792
0,83,0.678892
0,84,0.679566
0,85,0.680835
0,86,0.682633
0,87,0.684772
0,88,0.686951
0,89,0.688823
0,90,0.690068
0,91,0.690522
0,92,0.690232
0,93,0.689465
0,94,0.688612
0,95,0.688066
1,0,0.70209
1,1,0.702394
1,2,0.702875
1,3,0.703328
1,4,0.703522
1,5,0.703267
1,6,0.702463
1,7,0.701117
1,8,0.699342
1,9,0.697334
1,10,0.695331
1,11,0.693584
1,12,0.692306
1,13,0.691639
1,14,0.691619
1,15,0.69216
1,16,0.693077
1,17,0.694117
1,18,0.695025
1,19,0.695585
1,20,0.695662
1,21,0.695204
1,22,0.694226
1,23,0.692801
1,24,0.691065
1,25,0.689226
1,26,0.687574
1,27,0.686455
1,28,0.686209
1,29,0.68708
1,30,0.689124
1,31,0.692168
1,32,0.695835
1,33,0.699627
1,34,0.703043
1,35,0.705667
1,36,0.707238
1,37,0.707658
1,38,0.706969
1,39,0.70532
1,40,0.702948
1,41,0.700154
1,42,0.697265
1,43,0.694612
1,44,0.692479
1,45,0.691079
1,46,0.690536
1,47,0.690899
1,48,0.692135
1,49,0.694145
1,50,0.696772
1,51,0.699801
1,52,0.702988
1,53,0.706103
1,54,0.708963
1,55,0.711476
1,56,0.713616
1,57,0.715409
1,58,0.716893
1,59,0.718096
1,60,0.719035
1,61,0.719753
1,62,0.720318
1,63,0.72082
1,64,0.721327
1,65,0.721821
1,66,0.722172
1,67,0.72213
1,68,0.72139
1,69,0.71968
1,70,0.716864
1,71,0.713001
1,72,0.70835
1,73,0.703307
1,74,0.698299
1,75,0.693698
1,76,0.689742
1,77,0.686517
1,78,0.684
1,79,0.6821
1,80,0.68073
1,81,0.679844
1,82,0.67944
1,83,0.679561
1,84,0.680248
1,85,0.681504
1,86,0.683252
1,87,0.685301
1,88,0.687358
1,89,0.68909
1,90,0.690197
1,91,0.690529
1,92,0.690145
1,93,0.689313
1,94,0.688421
1,95,0.687858
2,0,0.703308
2,1,0.703594
2,2,0.704049
2,3,0.704479
2,4,0.704668
2,5,0.704431
2,6,0.703671
2,7,0.70239
2,8,0.70069
2,9,0.698753
2,10,0.696801
2,11,0.69506
2,12,0.693721
2,13,0.692906
2,14,0.692642
2,15,0.692851
2,16,0.693375
2,17,0.694007
2,18,0.694541
2,19,0.694814
2,20,0.694731
2,21,0.694263
2,22,0.693429
2,23,0.692285
2,24,0.690931
2,25,0.68952
2,26,0.688278
2,27,0.687486
2,28,0.687428
2,29,0.688318
2,30,0.69021
2,31,0.692965
2,32,0.696264
2,33,0.69968
2,34,0.702782
2,35,0.70521
2,36,0.706732
2,37,0.707258
2,38,0.706807
2,39,0.705489
2,40,0.703484
2,41,0.701033
2,42,0.698406
2,43,0.695888
2,44,0.693745
2,45,0.692191
2,46,0.69138
2,47,0.691403
2,48,0.692277
2,49,0.693944
2,50,0.69628
2,51,0.699085
2,52,0.702118
2,53,0.705145
2,54,0.707974
2,55,0.7105
2,56,0.712685
2,57,0.714545
2,58,0.716109
2,59,0.7174
2,60,0.718433
2,61,0.719245
2,62,0.719904
2,63,0.720495
2,64,0.721091
2,65,0.721682
2,66,0.722155
2,67,0.722279
2,68,0.721765
2,69,0.720344
2,70,0.717864
2,71,0.714351
2,72,0.710018
2,73,0.705215
2,74,0.700337
2,75,0.695743
2,76,0.691689
2,77,0.688298
2,78,0.685594
2,79,0.683533
2,80,0.682058
2,81,0.68113
2,82,0.680737
2,83,0.680887
2,84,0.681588
2,85,0.682807
2,86,0.684448
2,87,0.686317
2,88,0.688136
2,89,0.689601
2,90,0.690446
2,91,0.690549
2,92,0.689989
2,93,0.689036
2,94,0.688074
2,95,0.687479
3,0,0.704862
3,1,0.705124
3,2,0.705542
3,3,0.705942
3,4,0.706123
3,5,0.705912
3,6,0.705212
3,7,0.704019
3,8,0.702424
3,9,0.700592
3,10,0.698719
3,11,0.697006
3,12,0.695612
3,13,0.694632
3,14,0.69408
3,15,0.693888
3,16,0.693929
3,17,0.694049
3,18,0.694107
3,19,0.694003
3,20,0.693693
3,21,0.693183
3,22,0.6925
3,23,0.691684
3,24,0.690793
3,25,0.689915
3,26,0.689197
3,27,0.688833
3,28,0.689033
3,29,0.689965
3,30,0.691677
3,31,0.694067
3,32,0.696894
3,33,0.699822
3,34,0.702516
3,35,0.704689
3,36,0.706156
3,37,0.706832
3,38,0.706711
3,39,0.705847
3,40,0.704346
3,41,0.702363
3,42,0.700089
3,43,0.697751
3,44,0.695586
3,45,0.693815
3,46,0.692631
3,47,0.692186
3,48,0.692561
3,49,0.693759
3,50,0.695692
3,51,0.698181
3,52,0.700989
3,53,0.703875
3,54,0.706632
3,55,0.709142
3,56,0.711351
3,57,0.713265
3,58,0.714907
3,59,0.716296
3,60,0.717446
3,61,0.718392
3,62,0.719196
3,63,0.719939
3,64,0.72069
3,65,0.721449
3,66,0.722118
3,67,0.72249
3,68,0.722295
3,69,0.721267
3,70,0.719237
3,71,0.716188
3,72,0.712276
3,73,0.707795
3,74,0.703097
3,75,0.698531
3,76,0.694371
3,77,0.690787
3,78,0.687863
3,79,0.685612
3,80,0.684013
3,81,0.683036
3,82,0.682648
3,83,0.682821
3,84,0.683514
3,85,0.684657
3,86,0.686126
3,87,0.687729
3,88,0.68921
3,89,0.690306
3,90,0.690794
3,91,0.690592
3,92,0.689799
3,93,0.688691
3,94,0.687641
3,95,0.687007
4,0,0.706539
4,1,0.706772
4,2,0.707145
4,3,0.707504
4,4,0.707668
4,5,0.707477
4,6,0.706838
4,7,0.705741
4,8,0.704266
4,9,0.702561
4,10,0.700798
4,11,0.699146
4,12,0.697732
4,13,0.69662
4,14,0.695808
4,15,0.695231
4,16,0.694794
4,17,0.694393
4,18,0.693951
4,19,0.693432
4,20,0.692849
4,21,0.692245
4,22,0.691665
4,23,0.691142
4,24,0.690699
4,25,0.690364
4,26,0.690198
4,27,0.690304
4,28,0.690806
4,29,0.69181
4,30,0.693354
4,31,0.695368
4,32,0.697688
4,33,0.700087
4,34,0.702333
4,35,0.70423
4,36,0.705644
4,37,0.706505
4,38,0.706776
4,39,0.706448
4,40,0.705539
4,41,0.704105
4,42,0.702244
4,43,0.700115
4,44,0.69792
4,45,0.695892
4,46,0.694271
4,47,0.693278
4,48,0.693073
4,49,0.693721
4,50,0.695177
4,51,0.697285
4,52,0.699807
4,53,0.702493
4,54,0.705121
4,55,0.707555
4,56,0.709733
4,57,0.711652
4,58,0.713334
4,59,0.7148
4,60,0.716069
4,61,0.717174
4,62,0.718172
4,63,0.719132
4,64,0.720117
4,65,0.721125
4,66,0.722069
4,67,0.722762
4,68,0.722953
4,69,0.72238
4,70,0.720857
4,71,0.718326
4,72,0.714885
4,73,0.710767
4,74,0.706284
4,75,0.70177
4,76,0.697522
4,77,0.69376
4,78,0.690628
4,79,0.688195
4,80,0.686474
4,81,0.685443
4,82,0.685046
4,83,0.685215
4,84,0.685859
4,85,0.686868
4,86,0.6881
4,87,0.689366
4,88,0.69044
4,89,0.691106
4,90,0.691191
4,91,0.690654
4,92,0.689614
4,93,0.688348
4,94,0.687211
4,95,0.686542
5,0,0.708194
5,1,0.708391
5,2,0.708708
5,3,0.709007
5,4,0.709131
5,5,0.708933
5,6,0.708329
5,7,0.707309
5,8,0.705944
5,9,0.70437
5,10,0.702736
5,11,0.701185
5,12,0.699807
5,13,0.698639
5,14,0.697654
5,15,0.696788
5,16,0.695963
5,17,0.695118
5,18,0.694226
5,19,0.693309
5,20,0.69243
5,21,0.691674
5,22,0.69111
5,23,0.690778
5,24,0.690683
5,25,0.690809
5,26,0.691145
5,27,0.691703
5,28,0.69252
5,29,0.693633
5,30,0.695052
5,31,0.696731
5,32,0.698579
5,33,0.700468
5,34,0.702278
5,35,0.703904
5,36,0.705276
5,37,0.706338
5,38,0.707028
5,39,0.707273
5,40,0.706998
5,41,0.706154
5,42,0.704741
5,43,0.702843
5,44,0.70063
5,45,0.698344
5,46,0.696276
5,47,0.694719
5,48,0.693912
5,49,0.693985
5,50,0.694935
5,51,0.696624
5,52,0.698814
5,53,0.701243
5,54,0.703674
5,55,0.705959
5,56,0.708026
5,57,0.709874
5,58,0.711528
5,59,0.713024
5,60,0.714387
5,61,0.715657
5,62,0.716881
5,63,0.718115
5,64,0.719402
5,65,0.720731
5,66,0.722015
5,67,0.72308
5,68,0.723689
5,69,0.723587
5,70,0.722574
5,71,0.720556
5,72,0.717579
5,73,0.713826
5,74,0.709567
5,75,0.70513
5,76,0.700829
5,77,0.696929
5,78,0.693628
5,79,0.691044
5,80,0.689215
5,81,0.688123
5,82,0.687689
5,83,0.687806
5,84,0.688344
5,85,0.68916
5,86,0.690099
5,87,0.690987
5,88,0.69163
5,89,0.691861
5,90,0.691556
5,91,0.690711
5,92,0.68946
5,93,0.688072
5,94,0.686877
5,95,0.686188
6,0,0.709765
6,1,0.709918
6,2,0.710157
6,3,0.710366
6,4,0.710406
6,5,0.71015
6,6,0.709525
6,7,0.708529
6,8,0.707234
6,9,0.705768
6,10,0.704268
6,11,0.70285
6,12,0.701575
6,13,0.700447
6,14,0.699414
6,15,0.698402
6,16,0.69734
6,17,0.696189
6,18,0.694956
6,19,0.693704
6,20,0.692539
6,21,0.69158
6,22,0.690932
6,23,0.690655
6,24,0.690758
6,25,0.691203
6,26,0.69193
6,27,0.692875
6,28,0.69399
6,29,0.695239
6,30,0.696592
6,31,0.698013
6,32,0.699463
6,33,0.700906
6,34,0.702322
6,35,0.703702
6,36,0.705036
6,37,0.706295
6,38,0.707396
6,39,0.708206
6,40,0.708564
6,41,0.708319
6,42,0.707375
6,43,0.705742
6,44,0.703554
6,45,0.701064
6,46,0.698604
6,47,0.696539
6,48,0.695175
6,49,0.694706
6,50,0.695165
6,51,0.696429
6,52,0.69826
6,53,0.700385
6,54,0.702555
6,55,0.704614
6,56,0.706485
6,57,0.708174
6,58,0.70972
6,59,0.711176
6,60,0.712586
6,61,0.713995
6,62,0.715446
6,63,0.716976
6,64,0.718601
6,65,0.72029
6,66,0.721946
6,67,0.723396
6,68,0.724416
6,69,0.724755
6,70,0.724205
6,71,0.722648
6,72,0.720088
6,73,0.716666
6,74,0.712625
6,75,0.708281
6,76,0.703965
6,77,0.699975
6,78,0.696553
6,79,0.693849
6,80,0.691922
6,81,0.690751
6,82,0.690237
6,83,0.690245
6,84,0.690616
6,85,0.691187
6,86,0.691806
6,87,0.692314
6,88,0.692557
6,89,0.69241
6,90,0.691792
6,91,0.690727
6,92,0.689352
6,93,0.687915
6,94,0.686718
6,95,0.686038
7,0,0.711248
7,1,0.711345
7,2,0.711482
7,3,0.711558
7,4,0.711456
7,5,0.711069
7,6,0.710342
7,7,0.709291
7,8,0.707999
7,9,0.706595
7,10,0.70521
7,11,0.703942
7,12,0.702826
7,13,0.701832
7,14,0.700883
7,15,0.699882
7,16,0.698753
7,17,0.697461
7,18,0.69603
7,19,0.694544
7,20,0.693134
7,21,0.691952
7,22,0.691136
7,23,0.690781
7,24,0.69092
7,25,0.691519
7,26,0.692494
7,27,0.693726
7,28,0.695094
7,29,0.696489
7,30,0.697832
7,31,0.699077
7,32,0.700219
7,33,0.701295
7,34,0.702373
7,35,0.703531
7,36,0.704823
7,37,0.70625
7,38,0.707719
7,39,0.709053
7,40,0.710012
7,41,0.710355
7,42,0.709899
7,43,0.708585
7,44,0.706509
7,45,0.703924
7,46,0.701197
7,47,0.698745
7,48,0.696934
7,49,0.696005
7,50,0.696024
7,51,0.696884
7,52,0.698349
7,53,0.700139
7,54,0.702
7,55,0.703768
7,56,0.705371
7,57,0.706823
7,58,0.70818
7,59,0.709519
7,60,0.710904
7,61,0.712394
7,62,0.714026
7,63,0.71582
7,64,0.717763
7,65,0.719794
7,66,0.721799
7,67,0.7236
7,68,0.724977
7,69,0.725686
7,70,0.725519
7,71,0.724339
7,72,0.722127
7,73,0.71899
7,74,0.715149
7,75,0.710912
7,76,0.706618
7,77,0.702588
7,78,0.699088
7,79,0.69629
7,80,0.694262
7,81,0.69298
7,82,0.692334
7,83,0.692171
7,84,0.692322
7,85,0.69262
7,86,0.692921
7,87,0.693093
7,88,0.693016
7,89,0.692604
7,90,0.691803
7,91,0.69065
7,92,0.689273
7,93,0.687892
7,94,0.686765
7,95,0.686131
8,0,0.712636
8,1,0.712665
8,2,0.712674
8,3,0.712575
8,4,0.712268
8,5,0.711672
8,6,0.710757
8,7,0.709563
8,8,0.708193
8,9,0.706791
8,10,0.705487
8,11,0.704368
8,12,0.703443
8,13,0.702655
8,14,0.701894
8,15,0.701041
8,16,0.7
8,17,0.698728
8,18,0.697248
8,19,0.695647
8,20,0.694067
8,21,0.692679
8,22,0.691651
8,23,0.691121
8,24,0.691159
8,25,0.691759
8,26,0.692835
8,27,0.694239
8,28,0.69579
8,29,0.697316
8,30,0.69868
8,31,0.699813
8,32,0.700726
8,33,0.701505
8,34,0.702293
8,35,0.703243
8,36,0.704474
8,37,0.706019
8,38,0.707791
8,39,0.709578
8,40,0.711084
8,41,0.711995
8,42,0.712052
8,43,0.711132
8,44,0.709292
8,45,0.706776
8,46,0.703962
8,47,0.701302
8,48,0.699199
8,49,0.697931
8,50,0.69759
8,51,0.698086
8,52,0.699192
8,53,0.700633
8,54,0.702154
8,55,0.703593
8,56,0.704879
8,57,0.706036
8,58,0.707137
8,59,0.70828
8,60,0.709554
8,61,0.71103
8,62,0.712749
8,63,0.714713
8,64,0.716883
8,65,0.71917
8,66,0.721438
8,67,0.7235
8,68,0.72514
8,69,0.72612
8,70,0.726236
8,71,0.725345
8,72,0.72341
8,73,0.72052
8,74,0.716875
8,75,0.71277
8,76,0.708543
8,77,0.704523
8,78,0.700984
8,79,0.698106
8,80,0.695963
8,81,0.694531
8,82,0.693698
8,83,0.69331
8,84,0.693203
8,85,0.693222
8,86,0.693243
8,87,0.693159
8,88,0.69288
8,89,0.692344
8,90,0.691516
8,91,0.69043
8,92,0.689189
8,93,0.687974
8,94,0.686995
8,95,0.686448
9,0,0.713863
9,1,0.713817
9,2,0.71368
9,3,0.713376
9,4,0.712821
9,5,0.711958
9,6,0.710786
9,7,0.709377
9,8,0.707863
9,9,0.706406
9,10,0.705143
9,11,0.704153
9,12,0.703427
9,13,0.702879
9,14,0.702371
9,15,0.701755
9,16,0.700916
9,17,0.699794
9,18,0.698397
9,19,0.696803
9,20,0.695148
9,21,0.693611
9,22,0.69238
9,23,0.691632
9,24,0.691483
9,25,0.691966
9,26,0.693017
9,27,0.694476
9,28,0.696125
9,29,0.697735
9,30,0.699117
9,31,0.700168
9,32,0.700899
9,33,0.70143
9,34,0.701958
9,35,0.702703
9,36,0.70384
9,37,0.705441
9,38,0.707432
9,39,0.709589
9,40,0.711575
9,41,0.713024
9,42,0.713619
9,43,0.713181
9,44,0.711725
9,45,0.709469
9,46,0.706783
9,47,0.704126
9,48,0.701914
9,49,0.700446
9,50,0.699838
9,51,0.700021
9,52,0.700788
9,53,0.701879
9,54,0.70305
9,55,0.704144
9,56,0.705093
9,57,0.705925
9,58,0.706722
9,59,0.707599
9,60,0.708665
9,61,0.710008
9,62,0.711673
9,63,0.713656
9,64,0.7159
9,65,0.718292
9,66,0.72068
9,67,0.722867
9,68,0.724641
9,69,0.725775
9,70,0.72607
9,71,0.725388
9,72,0.723683
9,73,0.721027
9,74,0.7176
9,75,0.71368
9,76,0.709588
9,77,0.705643
9,78,0.702112
9,79,0.699175
9,80,0.696905
9,81,0.695285
9,82,0.694216
9,83,0.693562
9,84,0.693178
9,85,0.692934
9,86,0.692731
9,87,0.692487
9,88,0.692132
9,89,0.691621
9,90,0.690917
9,91,0.69004
9,92,0.689059
9,93,0.688108
9,94,0.687344
9,95,0.686917
10,0,0.714764
10,1,0.714645
10,2,0.714365
10,3,0.713854
10,4,0.713044
10,5,0.711899
10,6,0.710449
10,7,0.708798
10,8,0.707111
10,9,0.705568
10,10,0.704317
10,11,0.703434
10,12,0.702891
10,13,0.702582
10,14,0.702343
10,15,0.702004
10,16,0.70143
10,17,0.700542
10,18,0.69933
10,19,0.697852
10,20,0.696226
10,21,0.694624
10,22,0.693244
10,23,0.692291
10,24,0.691924
10,25,0.692223
10,26,0.693152
10,27,0.694562
10,28,0.696212
10,29,0.697833
10,30,0.69919
10,31,0.700148
10,32,0.700708
10,33,0.70101
10,34,0.701291
10,35,0.701821
10,36,0.702828
10,37,0.704421
10,38,0.706547
10,39,0.708982
10,40,0.711374
10,41,0.713321
10,42,0.714468
10,43,0.714591
10,44,0.713659
10,45,0.711852
10,46,0.709508
10,47,0.707062
10,48,0.704924
10,49,0.703397
10,50,0.702615
10,51,0.702536
10,52,0.702989
10,53,0.703741
10,54,0.704571
10,55,0.705329
10,56,0.705947
10,57,0.706451
10,58,0.706921
10,59,0.707477
10,60,0.708243
10,61,0.709322
10,62,0.710772
10,63,0.71259
10,64,0.714714
10,65,0.71702
10,66,0.719346
10,67,0.721494
10,68,0.723259
10,69,0.724424
10,70,0.724807
10,71,0.724275
10,72,0.722779
10,73,0.720379
10,74,0.717231
10,75,0.713583
10,76,0.709726
10,77,0.70595
10,78,0.702499
10,79,0.69954
10,80,0.697147
10,81,0.695318
10,82,0.69398
10,83,0.693031
10,84,0.692364
10,85,0.691882
10,86,0.691514
10,87,0.691197
10,88,0.690877
10,89,0.690506
10,90,0.690042
10,91,0.689477
10,92,0.688843
10,93,0.688221
10,94,0.687715
10,95,0.68743
11,0,0.715107
11,1,0.71493
11,2,0.714534
11,3,0.713855
11,4,0.712832
11,5,0.711451
11,6,0.709765
11,7,0.707908
11,8,0.70607
11,9,0.704451
11,10,0.70321
11,11,0.702416
11,12,0.702033
11,13,0.701937
11,14,0.701947
11,15,0.701881
11,16,0.701588
11,17,0.700976
11,18,0.700013
11,19,0.698735
11,20,0.697235
11,21,0.695664
11,22,0.694217
11,23,0.693113
11,24,0.692545
11,25,0.692634
11,26,0.693379
11,27,0.694648
11,28,0.696196
11,29,0.697731
11,30,0.698986
11,31,0.699803
11,32,0.70017
11,33,0.700239
11,34,0.700273
11,35,0.700583
11,36,0.701432
11,37,0.702966
11,38,0.705154
11,39,0.707782
11,40,0.710498
11,41,0.71289
11,42,0.714579
11,43,0.715309
11,44,0.715005
11,45,0.713797
11,46,0.711971
11,47,0.709915
11,48,0.708006
11,49,0.70654
11,50,0.705664
11,51,0.705372
11,52,0.705537
11,53,0.705969
11,54,0.706478
11,55,0.706927
11,56,0.707243
11,57,0.707439
11,58,0.70758
11,59,0.707785
11,60,0.708178
11,61,0.708878
11,62,0.709959
11,63,0.711431
11,64,0.71324
11,65,0.715265
11,66,0.717347
11,67,0.719293
11,68,0.72091
11,69,0.721999
11,70,0.722393
11,71,0.721973
11,72,0.720692
11,73,0.718598
11,74,0.715818
11,75,0.712561
11,76,0.70907
11,77,0.705587
11,78,0.702316
11,79,0.6994
11,80,0.696913
11,81,0.694875
11,82,0.693253
11,83,0.691995
11,84,0.691044
11,85,0.690345
11,86,0.689854
11,87,0.689524
11,88,0.689306
11,89,0.689144
11,90,0.688978
11,91,0.688775
11,92,0.688522
11,93,0.688254
11,94,0.68802
11,95,0.687885
12,0,0.714638
12,1,0.71443
12,2,0.713974
12,3,0.713204
12,4,0.712066
12,5,0.710553
12,6,0.708739
12,7,0.706774
12,8,0.704866
12,9,0.703229
12,10,0.702026
12,11,0.701325
12,12,0.701083
12,13,0.701167
12,14,0.701393
12,15,0.70157
12,16,0.701545
12,17,0.701216
12,18,0.700536
12,19,0.699514
12,20,0.698214
12,21,0.69676
12,22,0.695332
12,23,0.69415
12,24,0.693425
12,25,0.693307
12,26,0.693829
12,27,0.694879
12,28,0.696222
12,29,0.697559
12,30,0.698613
12,31,0.699213
12,32,0.699343
12,33,0.699162
12,34,0.698953
12,35,0.699047
12,36,0.699736
12,37,0.701186
12,38,0.703385
12,39,0.706136
12,40,0.709098
12,41,0.711864
12,42,0.714051
12,43,0.715383
12,44,0.715747
12,45,0.715217
12,46,0.714015
12,47,0.712461
12,48,0.710887
12,49,0.709564
12,50,0.708653
12,51,0.708186
12,52,0.70809
12,53,0.708228
12,54,0.70845
12,55,0.70863
12,56,0.70869
12,57,0.708617
12,58,0.708457
12,59,0.708307
12,60,0.708291
12,61,0.708538
12,62,0.709138
12,63,0.710126
12,64,0.711465
12,65,0.713053
12,66,0.714743
12,67,0.716357
12,68,0.717718
12,69,0.718646
12,70,0.718998
12,71,0.718669
12,72,0.717621
12,73,0.71589
12,74,0.713576
12,75,0.710837
12,76,0.707854
12,77,0.704803
12,78,0.701831
12,79,0.699048
12,80,0.696522
12,81,0.694298
12,82,0.692395
12,83,0.690823
12,84,0.689586
12,85,0.688675
12,86,0.688077
12,87,0.687754
12,88,0.687654
12,89,0.687711
12,90,0.687845
12,91,0.687993
12,92,0.688108
12,93,0.688177
12,94,0.688202
12,95,0.688207
13,0,0.713138
13,1,0.71294
13,2,0.712501
13,3,0.711752
13,4,0.710636
13,5,0.709149
13,6,0.707366
13,7,0.705443
13,8,0.703595
13,9,0.702036
13,10,0.700932
13,11,0.700351
13,12,0.700249
13,13,0.700493
13,14,0.700904
13,15,0.701296
13,16,0.701517
13,17,0.701464
13,18,0.701074
13,19,0.700336
13,20,0.699282
13,21,0.698007
13,22,0.696666
13,23,0.695469
13,24,0.694633
13,25,0.694323
13,26,0.694594
13,27,0.695356
13,28,0.696392
13,29,0.697416
13,30,0.698158
13,31,0.698453
13,32,0.698294
13,33,0.697848
13,34,0.697408
13,35,0.697315
13,36,0.69787
13,37,0.699245
13,38,0.701438
13,39,0.704265
13,40,0.707402
13,41,0.710459
13,42,0.713065
13,43,0.714935
13,44,0.71593
13,45,0.71607
13,46,0.715506
13,47,0.714486
13,48,0.713282
13,49,0.712138
13,50,0.711221
13,51,0.710605
13,52,0.710276
13,53,0.710155
13,54,0.710132
13,55,0.710097
13,56,0.709959
13,57,0.70968
13,58,0.70927
13,59,0.708802
13,60,0.70839
13,61,0.708168
13,62,0.708246
13,63,0.708686
13,64,0.709478
13,65,0.710547
13,66,0.711767
13,67,0.712979
13,68,0.714025
13,69,0.714748
13,70,0.715028
13,71,0.714781
13,72,0.71398
13,73,0.712658
13,74,0.710884
13,75,0.708766
13,76,0.70641
13,77,0.703916
13,78,0.701358
13,79,0.698801
13,80,0.696301
13,81,0.69393
13,82,0.691763
13,83,0.689879
13,84,0.688349
13,85,0.687216
13,86,0.686495
13,87,0.686156
13,88,0.686144
13,89,0.686377
13,90,0.68676
13,91,0.687206
13,92,0.687634
13,93,0.687993
13,94,0.688243
13,95,0.688372
14,0,0.710497
14,1,0.710355
14,2,0.710023
14,3,0.709424
14,4,0.708492
14,5,0.707211
14,6,0.705646
14,7,0.703943
14,8,0.702307
14,9,0.700947
14,10,0.700027
14,11,0.699616
14,12,0.699676
14,13,0.700084
14,14,0.700672
14,15,0.701266
14,16,0.701721
14,17,0.701933
14,18,0.701831
14,19,0.701381
14,20,0.700589
14,21,0.69952
14,22,0.698304
14,23,0.697132
14,24,0.696212
14,25,0.695715
14,26,0.695705
14,27,0.696115
14,28,0.696749
14,29,0.697351
14,30,0.697676
14,31,0.697585
14,32,0.69709
14,33,0.696373
14,34,0.695731
14,35,0.695503
14,36,0.69598
14,37,0.697325
14,38,0.699529
14,39,0.702416
14,40,0.705673
14,41,0.708937
14,42,0.711853
14,43,0.714147
14,44,0.715661
14,45,0.716372
14,46,0.716367
14,47,0.715823
14,48,0.714953
14,49,0.71397
14,50,0.713048
14,51,0.712298
14,52,0.711766
14,53,0.711428
14,54,0.711216
14,55,0.711031
14,56,0.710771
14,57,0.710364
14,58,0.709785
14,59,0.709076
14,60,0.708335
14,61,0.707698
14,62,0.707293
14,63,0.70721
14,64,0.70747
14,65,0.708029
14,66,0.708784
14,67,0.709599
14,68,0.710333
14,69,0.710852
14,70,0.711056
14,71,0.710887
14,72,0.710335
14,73,0.709433
14,74,0.708229
14,75,0.706778
14,76,0.705114
14,77,0.703251
14,78,0.701185
14,79,0.698924
14,80,0.696508
14,81,0.694032
14,82,0.691624
14,83,0.689435
14,84,0.687606
14,85,0.686229
14,86,0.685349
14,87,0.684944
14,88,0.684955
14,89,0.685288
14,90,0.685836
14,91,0.686493
14,92,0.687156
14,93,0.687739
14,94,0.688168
14,95,0.688396
15,0,0.706735
15,1,0.706694
15,2,0.706558
15,3,0.706238
15,4,0.705649
15,5,0.704752
15,6,0.70359
15,7,0.702281
15,8,0.701011
15,9,0.699976
15,10,0.699335
15,11,0.69916
15,12,0.699425
15,13,0.700025
15,14,0.700809
15,15,0.701616
15,16,0.702311
15,17,0.702788
15,18,0.702967
15,19,0.702794
15,20,0.702255
15,21,0.701389
15,22,0.7003
15,23,0.699158
15,24,0.698157
15,25,0.697459
15,26,0.697134
15,27,0.697129
15,28,0.697281
15,29,0.69737
15,30,0.697193
15,31,0.696654
15,32,0.695795
15,33,0.694815
15,34,0.694015
15,35,0.69372
15,36,0.694195
15,37,0.695578
15,38,0.697839
15,39,0.700794
15,40,0.70414
15,41,0.707532
15,42,0.710643
15,43,0.713212
15,44,0.715079
15,45,0.716192
15,46,0.716587
15,47,0.716385
15,48,0.715747
15,49,0.714862
15,50,0.713908
15,51,0.713032
15,52,0.712329
15,53,0.711829
15,54,0.711495
15,55,0.711239
15,56,0.710943
15,57,0.710503
15,58,0.709859
15,59,0.709018
15,60,0.708062
15,61,0.707126
15,62,0.706351
15,63,0.705852
15,64,0.705682
15,65,0.705825
15,66,0.706205
15,67,0.706701
15,68,0.70719
15,69,0.70755
15,70,0.707705
15,71,0.707617
15,72,0.707297
15,73,0.706786
15,74,0.706119
15,75,0.705307
15,76,0.70432
15,77,0.703088
15,78,0.701528
15,79,0.69959
15,80,0.697292
15,81,0.694744
15,82,0.692122
15,83,0.689644
15,84,0.687514
15,85,0.685876
15,86,0.684797
15,87,0.684266
15,88,0.684222
15,89,0.684565
15,90,0.685181
15,91,0.685953
15,92,0.686763
15,93,0.6875
15,94,0.688056
15,95,0.688356
16,0,0.702009
16,1,0.702108
16,2,0.702243
16,3,0.702308
16,4,0.702195
16,5,0.701834
16,6,0.701228
16,7,0.700462
16,8,0.699691
16,9,0.699093
16,10,0.698819
16,11,0.698952
16,12,0.69948
16,13,0.70032
16,14,0.701339
16,15,0.702391
16,16,0.703347
16,17,0.704095
16,18,0.704547
16,19,0.704632
16,20,0.704319
16,21,0.703627
16,22,0.70264
16,23,0.701506
16,24,0.700401
16,25,0.699474
16,26,0.698794
16,27,0.698324
16,28,0.697934
16,29,0.69745
16,30,0.696723
16,31,0.695707
16,32,0.694483
16,33,0.693269
16,34,0.692362
16,35,0.692068
16,36,0.692619
16,37,0.694113
16,38,0.696487
16,39,0.699536
16,40,0.702956
16,41,0.706416
16,42,0.709612
16,43,0.712304
16,44,0.714335
16,45,0.715643
16,46,0.716234
16,47,0.716191
16,48,0.715642
16,49,0.71476
16,50,0.713731
16,51,0.712733
16,52,0.7119
16,53,0.7113
16,54,0.710923
16,55,0.710682
16,56,0.710444
16,57,0.710075
16,58,0.709478
16,59,0.708634
16,60,0.707604
16,61,0.706518
16,62,0.70553
16,63,0.704775
16,64,0.704334
16,65,0.704219
16,66,0.704371
16,67,0.704685
16,68,0.705043
16,69,0.705334
16,70,0.705492
16,71,0.705498
16,72,0.705382
16,73,0.7052
16,74,0.704979
16,75,0.704706
16,76,0.704296
16,77,0.703611
16,78,0.7025
16,79,0.700858
16,80,0.698677
16,81,0.696077
16,82,0.693274
16,83,0.690538
16,84,0.688126
16,85,0.686224
16,86,0.684922
16,87,0.684217
16,88,0.684047
16,89,0.684315
16,90,0.684904
16,91,0.685697
16,92,0.686566
16,93,0.687382
16,94,0.688012
16,95,0.688357
17,0,0.696607
17,1,0.69687
17,2,0.697324
17,3,0.697846
17,4,0.698297
17,5,0.69857
17,6,0.698625
17,7,0.698502
17,8,0.698324
17,9,0.698244
17,10,0.698411
17,11,0.698914
17,12,0.699764
17,13,0.700897
17,14,0.702199
17,15,0.703535
17,16,0.704775
17,17,0.705802
17,18,0.706514
17,19,0.706832
17,20,0.706709
17,21,0.706152
17,22,0.705229
17,23,0.704068
17,24,0.702824
17,25,0.701635
17,26,0.700567
17,27,0.699602
17,28,0.698645
17,29,0.697573
17,30,0.696296
17,31,0.694818
17,32,0.693259
17,33,0.691852
17,34,0.69089
17,35,0.690654
17,36,0.691337
17,37,0.692995
17,38,0.695523
17,39,0.698691
17,40,0.702183
17,41,0.705673
17,42,0.70887
17,43,0.711551
17,44,0.713574
17,45,0.714877
17,46,0.715458
17,47,0.715384
17,48,0.714773
17,49,0.713794
17,50,0.712646
17,51,0.711529
17,52,0.71061
17,53,0.709978
17,54,0.709637
17,55,0.709497
17,56,0.709406
17,57,0.709203
17,58,0.708761
17,59,0.708034
17,60,0.707066
17,61,0.705982
17,62,0.704945
17,63,0.704107
17,64,0.703574
17,65,0.703377
17,66,0.703477
17,67,0.703772
17,68,0.704146
17,69,0.704484
17,70,0.704721
17,71,0.704848
17,72,0.70491
17,73,0.704974
17,74,0.705074
17,75,0.705183
17,76,0.705186
17,77,0.704897
17,78,0.704114
17,79,0.702691
17,80,0.700598
17,81,0.697958
17,82,0.695013
17,83,0.69207
17,84,0.689424
17,85,0.687288
17,86,0.685768
17,87,0.684866
17,88,0.684525
17,89,0.684648
17,90,0.68513
17,91,0.685856
17,92,0.686699
17,93,0.687519
17,94,0.688168
17,95,0.688528
18,0,0.690905
18,1,0.69134
18,2,0.69213
18,3,0.693132
18,4,0.694179
18,5,0.695124
18,6,0.695881
18,7,0.696447
18,8,0.696906
18,9,0.69739
18,10,0.698043
18,11,0.698963
18,12,0.700179
18,13,0.701649
18,14,0.703272
18,15,0.704918
18,16,0.706453
18,17,0.707751
18,18,0.708702
18,19,0.709218
18,20,0.709246
18,21,0.708784
18,22,0.707887
18,23,0.706668
18,24,0.705262
18,25,0.703792
18,26,0.702329
18,27,0.700872
18,28,0.699368
18,29,0.697746
18,30,0.69597
18,31,0.694091
18,32,0.692258
18,33,0.690713
18,34,0.689739
18,35,0.689589
18,36,0.690422
18,37,0.692254
18,38,0.694945
18,39,0.698238
18,40,0.701798
18,41,0.705296
18,42,0.708443
18,43,0.711029
18,44,0.712922
18,45,0.714069
18,46,0.714479
18,47,0.714222
18,48,0.713425
18,49,0.712269
18,50,0.710971
18,51,0.70975
18,52,0.708789
18,53,0.708189
18,54,0.707955
18,55,0.707985
18,56,0.70811
18,57,0.708143
18,58,0.707933
18,59,0.707409
18,60,0.706605
18,61,0.70564
18,62,0.704684
18,63,0.703905
18,64,0.703429
18,65,0.703309
18,66,0.703515
18,67,0.703951
18,68,0.704488
18,69,0.705
18,70,0.705409
18,71,0.705701
18,72,0.705925
18,73,0.706158
18,74,0.706445
18,75,0.70676
18,76,0.706979
18,77,0.706897
18,78,0.706286
18,79,0.704976
18,80,0.702926
18,81,0.700257
18,82,0.697225
18,83,0.694155
18,84,0.691357
18,85,0.689056
18,86,0.687361
18,87,0.686275
18,88,0.685744
18,89,0.685679
18,90,0.685987
18,91,0.686565
18,92,0.687296
18,93,0.688041
18,94,0.688648
18,95,0.688989
19,0,0.685329
19,1,0.685927
19,2,0.687034
19,3,0.688493
19,4,0.69011
19,5,0.691701
19,6,0.693141
19,7,0.69438
19,8,0.695469
19,9,0.69652
19,10,0.697668
19,11,0.699023
19,12,0.700627
19,13,0.702452
19,14,0.704405
19,15,0.706358
19,16,0.70817
19,17,0.709708
19,18,0.710857
19,19,0.711528
19,20,0.711667
19,21,0.711268
19,22,0.710378
19,23,0.709091
19,24,0.707524
19,25,0.70579
19,26,0.703961
19,27,0.702064
19,28,0.700084
19,29,0.698002
19,30,0.695829
19,31,0.693652
19,32,0.691633
19,33,0.690012
19,34,0.689053
19,35,0.688985
19,36,0.689939
19,37,0.691904
19,38,0.694718
19,39,0.698105
19,40,0.701716
19,41,0.70521
19,42,0.708293
19,43,0.710756
19,44,0.71247
19,45,0.713395
19,46,0.713552
19,47,0.713034
19,48,0.711988
19,49,0.710621
19,50,0.709169
19,51,0.707867
19,52,0.706907
19,53,0.70639
19,54,0.706311
19,55,0.706552
19,56,0.706925
19,57,0.707219
19,58,0.707267
19,59,0.706979
19,60,0.706379
19,61,0.705584
19,62,0.704772
19,63,0.704127
19,64,0.703797
19,65,0.703854
19,66,0.70428
19,67,0.704977
19,68,0.705801
19,69,0.706603
19,70,0.70728
19,71,0.707796
19,72,0.70819
19,73,0.70854
19,74,0.7089
19,75,0.70926
19,76,0.709507
19,77,0.709444
19,78,0.708846
19,79,0.707543
19,80,0.705494
19,81,0.702819
19,82,0.699774
19,83,0.696684
19,84,0.693851
19,85,0.691491
19,86,0.689701
19,87,0.688479
19,88,0.687769
19,89,0.687493
19,90,0.687572
19,91,0.687926
19,92,0.688458
19,93,0.689042
19,94,0.689538
19,95,0.689823
20,0,0.680286
20,1,0.681023
20,2,0.682404
20,3,0.684257
20,4,0.686369
20,5,0.688529
20,6,0.690573
20,7,0.692418
20,8,0.694083
20,9,0.69566
20,10,0.697278
20,11,0.699049
20,12,0.701026
20,13,0.703188
20,14,0.705445
20,15,0.707663
20,16,0.709698
20,17,0.711414
20,18,0.712699
20,19,0.713469
20,20,0.713679
20,21,0.713325
20,22,0.712443
20,23,0.71111
20,24,0.709423
20,25,0.707483
20,26,0.705368
20,27,0.70313
20,28,0.700794
20,29,0.698387
20,30,0.695957
20,31,0.693609
20,32,0.691504
20,33,0.689865
20,34,0.688932
20,35,0.68891
20,36,0.689913
20,37,0.691922
20,38,0.694773
20,39,0.698185
20,40,0.701808
20,41,0.705289
20,42,0.708325
20,43,0.710693
20,44,0.712261
20,45,0.71299
20,46,0.712916
20,47,0.712151
20,48,0.710874
20,49,0.709317
20,50,0.70774
20,51,0.706393
20,52,0.705468
20,53,0.705061
20,54,0.705152
20,55,0.705604
20,56,0.706209
20,57,0.706741
20,58,0.707014
20,59,0.706929
20,60,0.706504
20,61,0.705855
20,62,0.705173
20,63,0.70466
20,64,0.704486
20,65,0.704745
20,66,0.705433
20,67,0.706451
20,68,0.707639
20,69,0.708817
20,70,0.709846
20,71,0.710652
20,72,0.711247
20,73,0.711698
20,74,0.712063
20,75,0.712352
20,76,0.712481
20,77,0.712286
20,78,0.71157
20,79,0.710189
20,80,0.708115
20,81,0.705472
20,82,0.702507
20,83,0.699523
20,84,0.696796
20,85,0.69451
20,86,0.692736
20,87,0.691453
20,88,0.690601
20,89,0.690108
20,90,0.689919
20,91,0.689979
20,92,0.690224
20,93,0.69056
20,94,0.690874
20,95,0.691062
21,0,0.676103
21,1,0.676947
21,2,0.67854
21,3,0.680703
21,4,0.683209
21,5,0.685824
21,6,0.68836
21,7,0.690705
21,8,0.692851
21,9,0.694875
21,10,0.696899
21,11,0.699031
21,12,0.701328
21,13,0.703768
21,14,0.706259
21,15,0.708663
21,16,0.710831
21,17,0.712634
21,18,0.71397
21,19,0.714775
21,20,0.715018
21,21,0.714699
21,22,0.713848
21,23,0.71252
21,24,0.710791
21,25,0.708747
21,26,0.706469
21,27,0.704032
21,28,0.701496
21,29,0.698925
21,30,0.696393
21,31,0.694007
21,32,0.691914
21,33,0.690308
21,34,0.689397
21,35,0.689364
21,36,0.690319
21,37,0.692252
21,38,0.695019
21,39,0.698359
21,40,0.701932
21,41,0.705388
21,42,0.708409
21,43,0.710755
21,44,0.712275
21,45,0.712919
21,46,0.712725
21,47,0.711819
21,48,0.710402
21,49,0.708732
21,50,0.707092
21,51,0.705741
21,52,0.704875
21,53,0.70458
21,54,0.70482
21,55,0.705442
21,56,0.706221
21,57,0.706916
21,58,0.707332
21,59,0.707361
21,60,0.707018
21,61,0.706427
21,62,0.70579
21,63,0.70533
21,64,0.705245
21,65,0.705654
21,66,0.70657
21,67,0.707899
21,68,0.709468
21,69,0.711065
21,70,0.712504
21,71,0.713664
21,72,0.714512
21,73,0.715087
21,74,0.715444
21,75,0.71561
21,76,0.715539
21,77,0.715118
21,78,0.714203
21,79,0.712693
21,80,0.710592
21,81,0.708032
21,82,0.705246
21,83,0.702501
21,84,0.700027
21,85,0.697956
21,86,0.696319
21,87,0.695065
21,88,0.694122
21,89,0.693425
21,90,0.69294
21,91,0.692649
21,92,0.692531
21,93,0.692539
21,94,0.692605
21,95,0.69266
22,0,0.672961
22,1,0.673883
22,2,0.67563
22,3,0.678018
22,4,0.680812
22,5,0.683762
22,6,0.686663
22,7,0.689382
22,8,0.691892
22,9,0.694257
22,10,0.696589
22,11,0.698992
22,12,0.701518
22,13,0.704142
22,14,0.706763
22,15,0.70924
22,16,0.711427
22,17,0.713206
22,18,0.714499
22,19,0.715269
22,20,0.715507
22,21,0.715222
22,22,0.714438
22,23,0.713188
22,24,0.711522
22,25,0.709504
22,26,0.707216
22,27,0.704744
22,28,0.702178
22,29,0.699605
22,30,0.697115
22,31,0.694808
22,32,0.692806
22,33,0.691266
22,34,0.690362
22,35,0.690257
22,36,0.691063
22,37,0.692797
22,38,0.695351
22,39,0.698508
22,40,0.701958
22,41,0.705365
22,42,0.708403
22,43,0.710813
22,44,0.712416
22,45,0.713134
22,46,0.712991
22,47,0.71211
22,48,0.710701
22,49,0.709035
22,50,0.707412
22,51,0.706103
22,52,0.705305
22,53,0.7051
22,54,0.70544
22,55,0.706161
22,56,0.707025
22,57,0.70778
22,58,0.708223
22,59,0.708243
22,60,0.707856
22,61,0.707193
22,62,0.706471
22,63,0.705937
22,64,0.705818
22,65,0.706264
22,66,0.707311
22,67,0.708879
22,68,0.710786
22,69,0.712793
22,70,0.714666
22,71,0.716229
22,72,0.717389
22,73,0.718144
22,74,0.71853
22,75,0.718585
22,76,0.718303
22,77,0.717628
22,78,0.716486
22,79,0.714837
22,80,0.712728
22,81,0.710307
22,82,0.707789
22,83,0.7054
22,84,0.703309
22,85,0.701583
22,86,0.700197
22,87,0.699063
22,88,0.698088
22,89,0.697212
22,90,0.696427
22,91,0.695753
22,92,0.695222
22,93,0.694847
22,94,0.694618
22,95,0.694513
23,0,0.670892
23,1,0.67187
23,2,0.673728
23,3,0.676276
23,4,0.679271
23,5,0.682454
23,6,0.685603
23,7,0.688572
23,8,0.691321
23,9,0.693903
23,10,0.696423
23,11,0.698978
23,12,0.701615
23,13,0.704298
23,14,0.706922
23,15,0.709342
23,16,0.711422
23,17,0.713062
23,18,0.714219
23,19,0.714887
23,20,0.715086
23,21,0.71484
23,22,0.714164
23,23,0.713071
23,24,0.711579
23,25,0.709727
23,26,0.707583
23,27,0.705239
23,28,0.702796
23,29,0.700361
23,30,0.698024
23,31,0.695878
23,32,0.694016
23,33,0.692557
23,34,0.69164
23,35,0.691412
23,36,0.691991
23,37,0.693424
23,38,0.695657
23,39,0.698529
23,40,0.70178
23,41,0.705101
23,42,0.708174
23,43,0.710719
23,44,0.712526
23,45,0.71348
23,46,0.713569
23,47,0.712894
23,48,0.711654
23,49,0.710123
23,50,0.708605
23,51,0.707379
23,52,0.706651
23,53,0.706501
23,54,0.70688
23,55,0.707619
23,56,0.708472
23,57,0.709179
23,58,0.709534
23,59,0.709422
23,60,0.708861
23,61,0.707991
23,62,0.707044
23,63,0.706292
23,64,0.705993
23,65,0.706331
23,66,0.707372
23,67,0.709058
23,68,0.711211
23,69,0.713572
23,70,0.715864
23,71,0.717851
23,72,0.719378
23,73,0.720383
23,74,0.720872
23,75,0.720881
23,76,0.720436
23,77,0.719542
23,78,0.718195
23,79,0.71643
23,80,0.714346
23,81,0.71211
23,82,0.709927
23,83,0.707974
23,84,0.706355
23,85,0.705066
23,86,0.704017
23,87,0.703076
23,88,0.702128
23,89,0.701116
23,90,0.700054
23,91,0.699005
23,92,0.698058
23,93,0.69729
23,94,0.696755
23,95,0.696482
24,0,0.669782
24,1,0.670809
24,2,0.672759
24,3,0.675435
24,4,0.678582
24,5,0.681928
24,6,0.685236
24,7,0.688349
24,8,0.691219
24,9,0.693891
24,10,0.696467
24,11,0.699039
24,12,0.701648
24,13,0.704254
24,14,0.706744
24,15,0.708978
24,16,0.710832
24,17,0.712234
24,18,0.713176
24,19,0.71369
24,20,0.713829
24,21,0.71363
24,22,0.713104
24,23,0.712238
24,24,0.711021
24,25,0.709455
24,26,0.707589
24,27,0.705504
24,28,0.703302
24,29,0.701096
24,30,0.698977
24,31,0.697028
24,32,0.695319
24,33,0.693938
24,34,0.692994
24,35,0.692615
24,36,0.692924
24,37,0.694
24,38,0.695842
24,39,0.698353
24,40,0.701336
24,41,0.704524
24,42,0.707618
24,43,0.71033
24,44,0.712417
24,45,0.713721
24,46,0.714185
24,47,0.713867
24,48,0.712938
24,49,0.711655
24,50,0.710318
24,51,0.709211
24,52,0.708548
24,53,0.708419
24,54,0.708781
24,55,0.709466
24,56,0.71023
24,57,0.710806
24,58,0.710984
24,59,0.710646
24,60,0.709812
24,61,0.708628
24,62,0.707341
24,63,0.706248
24,64,0.705636
24,65,0.705724
24,66,0.706616
24,67,0.708283
24,68,0.71056
24,69,0.713182
24,70,0.715841
24,71,0.718243
24,72,0.720168
24,73,0.721492
24,74,0.722173
24,75,0.722233
24,76,0.721718
24,77,0.720682
24,78,0.719195
24,79,0.71736
24,80,0.715335
24,81,0.713314
24,82,0.71149
24,83,0.71
24,84,0.708882
24,85,0.708063
24,86,0.70739
24,87,0.706687
24,88,0.705817
24,89,0.704724
24,90,0.703444
24,91,0.702081
24,92,0.700774
24,93,0.69966
24,94,0.698855
24,95,0.698434
25,0,0.669433
25,1,0.670514
25,2,0.672564
25,3,0.67537
25,4,0.678658
25,5,0.682135
25,6,0.685548
25,7,0.688726
25,8,0.691615
25,9,0.694258
25,10,0.696757
25,11,0.699207
25,12,0.701647
25,13,0.704037
25,14,0.706267
25,15,0.708203
25,16,0.70974
25,17,0.710834
25,18,0.711514
25,19,0.711852
25,20,0.711928
25,21,0.711793
25,22,0.711452
25,23,0.71087
25,24,0.709998
25,25,0.708804
25,26,0.707303
25,27,0.705556
25,28,0.703656
25,29,0.701715
25,30,0.699824
25,31,0.698063
25,32,0.69649
25,33,0.695171
25,34,0.694192
25,35,0.69366
25,36,0.6937
25,37,0.694412
25,38,0.695841
25,39,0.697953
25,40,0.700615
25,41,0.703615
25,42,0.706685
25,43,0.709539
25,44,0.711913
25,45,0.713608
25,46,0.714513
25,47,0.714638
25,48,0.714106
25,49,0.713145
25,50,0.71204
25,51,0.711076
25,52,0.710475
25,53,0.710344
25,54,0.710653
25,55,0.711244
25,56,0.711875
25,57,0.712279
25,58,0.712239
25,59,0.711635
25,60,0.710482
25,61,0.708933
25,62,0.707247
25,63,0.705739
25,64,0.704725
25,65,0.704458
25,66,0.705081
25,67,0.706598
25,68,0.708872
25,69,0.711642
25,70,0.714581
25,71,0.717353
25,72,0.719677
25,73,0.721363
25,74,0.722317
25,75,0.722531
25,76,0.722056
25,77,0.720984
25,78,0.719442
25,79,0.717599
25,80,0.715666
25,81,0.713864
25,82,0.712382
25,83,0.711321
25,84,0.710666
25,85,0.710282
25,86,0.709966
25,87,0.709506
25,88,0.708748
25,89,0.707642
25,90,0.706241
25,91,0.704679
25,92,0.703136
25,93,0.701792
25,94,0.700805
25,95,0.700282
26,0,0.669641
26,1,0.670792
26,2,0.672966
26,3,0.675927
26,4,0.679374
26,5,0.68298
26,6,0.68647
26,7,0.689657
26,8,0.692481
26,9,0.694988
26,10,0.697287
26,11,0.699483
26,12,0.701624
26,13,0.703678
26,14,0.705543
26,15,0.707103
26,16,0.708268
26,17,0.709029
26,18,0.709443
26,19,0.709617
26,20,0.709653
26,21,0.709613
26,22,0.709492
26,23,0.709229
26,24,0.70874
26,25,0.707952
26,26,0.706846
26,27,0.705454
26,28,0.703857
26,29,0.702159
26,30,0.700459
26,31,0.69884
26,32,0.697363
26,33,0.696084
26,34,0.69507
26,35,0.694411
26,36,0.69422
26,37,0.694603
26,38,0.695642
26,39,0.697351
26,40,0.69966
26,41,0.702415
26,42,0.705388
26,43,0.70831
26,44,0.710909
26,45,0.712951
26,46,0.71428
26,47,0.71485
26,48,0.714735
26,49,0.71412
26,50,0.713268
26,51,0.712458
26,52,0.711921
26,53,0.711781
26,54,0.712028
26,55,0.712519
26,56,0.713016
26,57,0.713254
26,58,0.71301
26,59,0.712156
26,60,0.710704
26,61,0.708807
26,62,0.70673
26,63,0.704802
26,64,0.703361
26,65,0.702689
26,66,0.702966
26,67,0.704235
26,68,0.706388
26,69,0.709185
26,70,0.712295
26,71,0.715356
26,72,0.718038
26,73,0.720093
26,74,0.72137
26,75,0.721827
26,76,0.721501
26,77,0.720506
26,78,0.719007
26,79,0.717224
26,80,0.715411
26,81,0.713811
26,82,0.712613
26,83,0.711892
26,84,0.711595
26,85,0.711546
26,86,0.711509
26,87,0.711255
26,88,0.710627
26,89,0.709582
26,90,0.708186
26,91,0.706593
26,92,0.704997
26,93,0.703596
26,94,0.70256
26,95,0.702011
27,0,0.67026
27,1,0.671495
27,2,0.673821
27,3,0.676969
27,4,0.680596
27,5,0.684339
27,6,0.68789
27,7,0.691044
27,8,0.693736
27,9,0.696017
27,10,0.698011
27,11,0.699841
27,12,0.701577
27,13,0.703204
27,14,0.704639
27,15,0.705783
27,16,0.706571
27,17,0.707018
27,18,0.707208
27,19,0.707269
27,20,0.707319
27,21,0.707419
27,22,0.70755
27,23,0.707622
27,24,0.707517
27,25,0.707123
27,26,0.706383
27,27,0.705305
27,28,0.703953
27,29,0.702433
27,30,0.700851
27,31,0.699308
27,32,0.697876
27,33,0.696613
27,34,0.695574
27,35,0.694826
27,36,0.694462
27,37,0.694583
27,38,0.695282
27,39,0.696612
27,40,0.698556
27,41,0.701014
27,42,0.703805
27,43,0.706689
27,44,0.709398
27,45,0.71168
27,46,0.713343
27,47,0.714291
27,48,0.714547
27,49,0.714253
27,50,0.713644
27,51,0.712987
27,52,0.71252
27,53,0.712383
27,54,0.712585
27,55,0.713
27,56,0.713399
27,57,0.713517
27,58,0.713126
27,59,0.712092
27,60,0.710417
27,61,0.708252
27,62,0.705859
27,63,0.703576
27,64,0.701751
27,65,0.700691
27,66,0.700601
27,67,0.701561
27,68,0.7035
27,69,0.706204
27,70,0.70936
27,71,0.712596
27,72,0.715553
27,73,0.717938
27,74,0.719551
27,75,0.720307
27,76,0.720222
27,77,0.719408
27,78,0.71805
27,79,0.716397
27,80,0.714728
27,81,0.713301
27,82,0.712303
27,83,0.711794
27,84,0.711701
27,85,0.711834
27,86,0.711952
27,87,0.711832
27,88,0.71133
27,89,0.710418
27,90,0.709173
27,91,0.707744
27,92,0.706316
27,93,0.705069
27,94,0.704151
27,95,0.703666
28,0,0.671231
28,1,0.672558
28,2,0.675048
28,3,0.678394
28,4,0.682209
28,5,0.686083
28,6,0.689674
28,7,0.692758
28,8,0.695263
28,9,0.697251
28,10,0.698866
28,11,0.700256
28,12,0.70152
28,13,0.702671
28,14,0.703652
28,15,0.704389
28,16,0.704837
28,17,0.705031
28,18,0.705075
28,19,0.705105
28,20,0.705242
28,21,0.705537
28,22,0.705948
28,23,0.706355
28,24,0.706605
28,25,0.706551
28,26,0.706103
28,27,0.705251
28,28,0.704049
28,29,0.702609
28,30,0.701056
28,31,0.699513
28,32,0.698075
28,33,0.696806
28,34,0.695753
28,35,0.694958
28,36,0.694487
28,37,0.694418
28,38,0.694845
28,39,0.695839
28,40,0.697422
28,41,0.699545
28,42,0.702075
28,43,0.704807
28,44,0.707491
28,45,0.709871
28,46,0.711732
28,47,0.712942
28,48,0.71348
28,49,0.713448
28,50,0.713048
28,51,0.712536
28,52,0.712149
28,53,0.712039
28,54,0.712232
28,55,0.712616
28,56,0.712973
28,57,0.71304
28,58,0.712587
28,59,0.711472
28,60,0.70969
28,61,0.707382
28,62,0.704802
28,63,0.702285
28,64,0.70018
28,65,0.6988
28,66,0.698372
28,67,0.699002
28,68,0.700656
28,69,0.703157
28,70,0.70622
28,71,0.70949
28,72,0.712602
28,73,0.715236
28,74,0.717154
28,75,0.718229
28,76,0.718447
28,77,0.717902
28,78,0.716775
28,79,0.715321
28,80,0.713823
28,81,0.71254
28,82,0.711651
28,83,0.711212
28,84,0.71115
28,85,0.711287
28,86,0.711409
28,87,0.711326
28,88,0.71093
28,89,0.710213
28,90,0.709256
28,91,0.708189
28,92,0.707156
28,93,0.706278
28,94,0.705647
28,95,0.705319
29,0,0.672574
29,1,0.673986
29,2,0.676622
29,3,0.680142
29,4,0.684113
29,5,0.688084
29,6,0.691679
29,7,0.694653
29,8,0.696933
29,9,0.698592
29,10,0.699793
29,11,0.700716
29,12,0.701495
29,13,0.702173
29,14,0.702726
29,15,0.703103
29,16,0.703283
29,17,0.703314
29,18,0.703308
29,19,0.703401
29,20,0.703703
29,21,0.704245
29,22,0.704955
29,23,0.705682
29,24,0.706235
29,25,0.706437
29,26,0.70618
29,27,0.705438
29,28,0.704271
29,29,0.702804
29,30,0.701187
29,31,0.699572
29,32,0.698079
29,33,0.696783
29,34,0.695723
29,35,0.694917
29,36,0.694396
29,37,0.694207
29,38,0.694429
29,39,0.695137
29,40,0.696382
29,41,0.698154
29,42,0.700366
29,43,0.70285
29,44,0.705385
29,45,0.707723
29,46,0.70964
29,47,0.710981
29,48,0.711693
29,49,0.711844
29,50,0.711611
29,51,0.711231
29,52,0.710936
29,53,0.710885
29,54,0.711111
29,55,0.711516
29,56,0.71189
29,57,0.711978
29,58,0.71155
29,59,0.710462
29,60,0.708701
29,61,0.706394
29,62,0.703783
29,63,0.701185
29,64,0.698936
29,65,0.697344
29,66,0.696639
29,67,0.696945
29,68,0.698261
29,69,0.700456
29,70,0.703288
29,71,0.706438
29,72,0.70956
29,73,0.712328
29,74,0.714483
29,75,0.715862
29,76,0.716415
29,77,0.716204
29,78,0.715386
29,79,0.714197
29,80,0.712901
29,81,0.711741
29,82,0.710885
29,83,0.710387
29,84,0.710193
29,85,0.710164
29,86,0.71014
29,87,0.709993
29,88,0.709667
29,89,0.709186
29,90,0.708628
29,91,0.708087
29,92,0.707637
29,93,0.707312
29,94,0.707113
29,95,0.707022
30,0,0.674358
30,1,0.675823
30,2,0.678553
30,3,0.682175
30,4,0.686227
30,5,0.690223
30,6,0.693763
30,7,0.696589
30,8,0.698627
30,9,0.699957
30,10,0.700764
30,11,0.701255
30,12,0.701593
30,13,0.701857
30,14,0.702051
30,15,0.702152
30,16,0.702156
30,17,0.702122
30,18,0.70216
30,19,0.7024
30,20,0.70293
30,21,0.703753
30,22,0.704763
30,23,0.705773
30,24,0.70656
30,25,0.706923
30,26,0.706741
30,27,0.705989
30,28,0.704739
30,29,0.70314
30,30,0.701373
30,31,0.699622
30,32,0.698032
30,33,0.696688
30,34,0.695624
30,35,0.69483
30,36,0.694301
30,37,0.69405
30,38,0.694129
30,39,0.69461
30,40,0.695554
30,41,0.696985
30,42,0.698853
30,43,0.70103
30,44,0.703324
30,45,0.705505
30,46,0.707354
30,47,0.708705
30,48,0.709485
30,49,0.709743
30,50,0.709631
30,51,0.709371
30,52,0.709184
30,53,0.709224
30,54,0.709527
30,55,0.709999
30,56,0.710441
30,57,0.710607
30,58,0.710277
30,59,0.709309
30,60,0.707684
30,61,0.705519
30,62,0.703029
30,63,0.700506
30,64,0.698258
30,65,0.696568
30,66,0.695659
30,67,0.695661
30,68,0.696602
30,69,0.698397
30,70,0.700865
30,71,0.703741
30,72,0.706719
30,73,0.709491
30,74,0.711791
30,75,0.713431
30,76,0.714323
30,77,0.714487
30,78,0.71404
30,79,0.713177
30,80,0.712123
30,81,0.711088
30,82,0.71022
30,83,0.709575
30,84,0.709128
30,85,0.708799
30,86,0.708506
30,87,0.708202
30,88,0.7079
30,89,0.707661
30,90,0.707558
30,91,0.707636
30,92,0.707881
30,93,0.70822
30,94,0.708541
30,95,0.708736
31,0,0.676623
31,1,0.678094
31,2,0.680828
31,3,0.68444
31,4,0.688455
31,5,0.692374
31,6,0.695787
31,7,0.698435
31,8,0.700241
31,9,0.701293
31,10,0.701785
31,11,0.70194
31,12,0.701945
31,13,0.701903
31,14,0.701846
31,15,0.701774
31,16,0.7017
31,17,0.701688
31,18,0.701845
31,19,0.702286
31,20,0.703075
31,21,0.704183
31,22,0.705468
31,23,0.706707
31,24,0.707649
31,25,0.708074
31,26,0.707855
31,27,0.706979
31,28,0.70554
31,29,0.703717
31,30,0.701727
31,31,0.699785
31,32,0.69806
31,33,0.696646
31,34,0.695569
31,35,0.694795
31,36,0.694286
31,37,0.694016
31,38,0.694009
31,39,0.694321
31,40,0.695019
31,41,0.696143
31,42,0.697677
31,43,0.699525
31,44,0.701526
31,45,0.703473
31,46,0.70516
31,47,0.706423
31,48,0.707186
31,49,0.707485
31,50,0.707459
31,51,0.707315
31,52,0.707257
31,53,0.707425
31,54,0.707847
31,55,0.708426
31,56,0.708972
31,57,0.709254
31,58,0.709067
31,59,0.708282
31,60,0.706881
31,61,0.704964
31,62,0.702721
31,63,0.700404
31,64,0.698279
31,65,0.696592
31,66,0.695541
31,67,0.695257
31,68,0.695791
31,69,0.69711
31,70,0.699098
31,71,0.701562
31,72,0.704251
31,73,0.706897
31,74,0.709241
31,75,0.71108
31,76,0.71229
31,77,0.712848
31,78,0.712817
31,79,0.712336
31,80,0.711575
31,81,0.710697
31,82,0.709818
31,83,0.708996
31,84,0.70824
31,85,0.707539
31,86,0.706901
31,87,0.706372
31,88,0.706042
31,89,0.706012
31,90,0.706347
31,91,0.707042
31,92,0.70799
31,93,0.709004
31,94,0.709854
31,95,0.710341
32,0,0.679367
32,1,0.680781
32,2,0.683405
32,3,0.686866
32,4,0.6907
32,5,0.694422
32,6,0.697636
32,7,0.700087
32,8,0.701704
32,9,0.702571
32,10,0.702879
32,11,0.702851
32,12,0.702679
32,13,0.702481
32,14,0.702305
32,15,0.702171
32,16,0.702106
32,17,0.702181
32,18,0.702499
32,19,0.703157
32,20,0.704197
32,21,0.705559
32,22,0.707067
32,23,0.708466
32,24,0.709477
32,25,0.70987
32,26,0.709517
32,27,0.708421
32,28,0.706706
32,29,0.704586
32,30,0.702315
32,31,0.700138
32,32,0.698246
32,33,0.696737
32,34,0.695632
32,35,0.694877
32,36,0.694401
32,37,0.694145
32,38,0.694102
32,39,0.694309
32,40,0.694823
32,41,0.695696
32,42,0.69693
32,43,0.698458
32,44,0.700147
32,45,0.701814
32,46,0.703273
32,47,0.704375
32,48,0.705052
32,49,0.705342
32,50,0.70538
32,51,0.705358
32,52,0.705458
32,53,0.705797
32,54,0.706381
32,55,0.707105
32,56,0.707781
32,57,0.708197
32,58,0.708173
32,59,0.707599
32,60,0.706465
32,61,0.704861
32,62,0.702943
32,63,0.700917
32,64,0.698997
32,65,0.697379
32,66,0.69623
32,67,0.695672
32,68,0.695779
32,69,0.696565
32,70,0.697988
32,71,0.69993
32,72,0.702214
32,73,0.704617
32,74,0.706905
32,75,0.708871
32,76,0.710363
32,77,0.711311
32,78,0.711724
32,79,0.711676
32,80,0.711269
32,81,0.710608
32,82,0.70977
32,83,0.708808
32,84,0.707761
32,85,0.706689
32,86,0.705686
32,87,0.704895
32,88,0.704479
32,89,0.704578
32,90,0.705256
32,91,0.706458
32,92,0.707998
32,93,0.709585
32,94,0.710888
32,95,0.711624
33,0,0.682502
33,1,0.683791
33,2,0.686185
33,3,0.689345
33,4,0.692848
33,5,0.696256
33,6,0.699204
33,7,0.701461
33,8,0.702957
33,9,0.703765
33,10,0.704057
33,11,0.704033
33,12,0.703872
33,13,0.703687
33,14,0.703534
33,15,0.703448
33,16,0.703467
33,17,0.703669
33,18,0.704156
33,19,0.705014
33,20,0.706265
33,21,0.707821
33,22,0.709478
33,23,0.710953
33,24,0.711947
33,25,0.712221
33,26,0.71165
33,27,0.710259
33,28,0.708202
33,29,0.705732
33,30,0.703138
33,31,0.700694
33,32,0.698608
33,33,0.696983
33,34,0.695834
33,35,0.695088
33,36,0.694653
33,37,0.694437
33,38,0.694405
33,39,0.694566
33,40,0.694965
33,41,0.69565
33,42,0.696633
33,43,0.697866
33,44,0.69924
33,45,0.700598
33,46,0.70178
33,47,0.702665
33,48,0.703204
33,49,0.703452
33,50,0.703545
33,51,0.703663
33,52,0.703963
33,53,0.704525
33,54,0.705322
33,55,0.706228
33,56,0.707057
33,57,0.707614
33,58,0.70775
33,59,0.707385
33,60,0.706522
33,61,0.705243
33,62,0.703674
33,63,0.70197
33,64,0.700286
33,65,0.698765
33,66,0.697538
33,67,0.696714
33,68,0.696384
33,69,0.696612
33,70,0.697422
33,71,0.698775
33,72,0.700568
33,73,0.702636
33,74,0.704777
33,75,0.706791
33,76,0.708511
33,77,0.709826
33,78,0.710695
33,79,0.711121
33,80,0.711136
33,81,0.71078
33,82,0.710082
33,83,0.70908
33,84,0.707834
33,85,0.706459
33,86,0.70513
33,87,0.704068
33,88,0.703504
33,89,0.703616
33,90,0.704467
33,91,0.70597
33,92,0.707883
33,93,0.70984
33,94,0.71144
33,95,0.712341
34,0,0.685865
34,1,0.686968
34,2,0.689022
34,3,0.691745
34,4,0.694788
34,5,0.697781
34,6,0.700418
34,7,0.702498
34,8,0.703956
34,9,0.704843
34,10,0.705294
34,11,0.705467
34,12,0.705506
34,13,0.705503
34,14,0.70551
34,15,0.705568
34,16,0.705728
34,17,0.706079
34,18,0.706724
34,19,0.707742
34,20,0.709141
34,21,0.710814
34,22,0.712534
34,23,0.713997
34,24,0.71489
34,25,0.714966
34,26,0.71411
34,27,0.712368
34,28,0.709927
34,29,0.707075
34,30,0.704136
34,31,0.70141
34,32,0.699117
34,33,0.697365
34,34,0.69616
34,35,0.69542
34,36,0.695029
34,37,0.694875
34,38,0.694892
34,39,0.695063
34,40,0.69541
34,41,0.695966
34,42,0.696744
34,43,0.697706
34,44,0.698762
34,45,0.699784
34,46,0.700645
34,47,0.701261
34,48,0.701618
34,49,0.701799
34,50,0.701951
34,51,0.70224
34,52,0.702791
34,53,0.703638
34,54,0.704708
34,55,0.705845
34,56,0.706854
34,57,0.707558
34,58,0.707842
34,59,0.70766
34,60,0.707037
34,61,0.706053
34,62,0.704805
34,63,0.7034
34,64,0.701939
34,65,0.70051
34,66,0.699208
34,67,0.698127
34,68,0.697374
34,69,0.697051
34,70,0.697243
34,71,0.697982
34,72,0.699235
34,73,0.700897
34,74,0.702809
34,75,0.704789
34,76,0.706667
34,77,0.708308
34,78,0.709621
34,79,0.71055
34,80,0.711056
34,81,0.711107
34,82,0.71068
34,83,0.709783
34,84,0.708484
34,85,0.706932
34,86,0.705357
34,87,0.704042
34,88,0.70327
34,89,0.70325
34,90,0.704055
34,91,0.705588
34,92,0.70758
34,93,0.709636
34,94,0.711322
34,95,0.712273
35,0,0.68924
35,1,0.69011
35,2,0.691742
35,3,0.69393
35,4,0.696417
35,5,0.698929
35,6,0.70123
35,7,0.703161
35,8,0.704662
35,9,0.705752
35,10,0.706514
35,11,0.70705
35,12,0.70745
35,13,0.707771
35,14,0.708052
35,15,0.708335
35,16,0.708684
35,17,0.709195
35,18,0.70998
35,19,0.711115
35,20,0.7126
35,21,0.714312
35,22,0.716011
35,23,0.717378
35,24,0.71809
35,25,0.717902
35,26,0.716708
35,27,0.714578
35,28,0.711731
35,29,0.708491
35,30,0.705211
35,31,0.702211
35,32,0.699721
35,33,0.697846
35,34,0.696588
35,35,0.695854
35,36,0.695515
35,37,0.695438
35,38,0.695535
35,39,0.695757
35,40,0.696099
35,41,0.696572
35,42,0.697177
35,43,0.697878
35,44,0.698602
35,45,0.69925
35,46,0.699739
35,47,0.700032
35,48,0.700166
35,49,0.70026
35,50,0.700477
35,51,0.700974
35,52,0.701835
35,53,0.703036
35,54,0.704448
35,55,0.705873
35,56,0.707099
35,57,0.707964
35,58,0.708384
35,59,0.708352
35,60,0.707918
35,61,0.707166
35,62,0.706173
35,63,0.705007
35,64,0.70372
35,65,0.702355
35,66,0.700974
35,67,0.699658
35,68,0.69852
35,69,0.697691
35,70,0.697301
35,71,0.697438
35,72,0.698132
35,73,0.699338
35,74,0.700943
35,75,0.702801
35,76,0.704753
35,77,0.706653
35,78,0.708378
35,79,0.709818
35,80,0.710868
35,81,0.711427
35,82,0.711411
35,83,0.710787
35,84,0.709607
35,85,0.708033
35,86,0.706321
35,87,0.704791
35,88,0.703759
35,89,0.703461
35,90,0.703991
35,91,0.705263
35,92,0.707023
35,93,0.708887
35,94,0.710437
35,95,0.711316
36,0,0.692376
36,1,0.69299
36,2,0.694158
36,3,0.695761
36,4,0.697651
36,5,0.699656
36,6,0.701624
36,7,0.703439
36,8,0.705043
36,9,0.706423
36,10,0.707601
36,11,0.708611
36,12,0.70948
36,13,0.710226
36,14,0.710862
36,15,0.711431
36,16,0.712003
36,17,0.712689
36,18,0.713603
36,19,0.714825
36,20,0.716347
36,21,0.718037
36,22,0.719644
36,23,0.720842
36,24,0.721308
36,25,0.7208
36,26,0.719232
36,27,0.716699
36,28,0.713451
36,29,0.709844
36,30,0.706256
36,31,0.70302
36,32,0.700368
36,33,0.6984
36,34,0.697109
36,35,0.696392
36,36,0.696112
36,37,0.696122
36,38,0.696313
36,39,0.696609
36,40,0.696973
36,41,0.697386
36,42,0.697828
36,43,0.698259
36,44,0.698619
36,45,0.698844
36,46,0.698901
36,47,0.698816
36,48,0.698684
36,49,0.698672
36,50,0.698965
36,51,0.699705
36,52,0.70093
36,53,0.702555
36,54,0.704381
36,55,0.706157
36,56,0.707649
36,57,0.708699
36,58,0.709252
36,59,0.709336
36,60,0.709031
36,61,0.708433
36,62,0.707608
36,63,0.706599
36,64,0.705422
36,65,0.704086
36,66,0.702629
36,67,0.701115
36,68,0.699656
36,69,0.698397
36,70,0.697492
36,71,0.697071
36,72,0.697211
36,73,0.697922
36,74,0.699149
36,75,0.700789
36,76,0.702714
36,77,0.704784
36,78,0.706859
36,79,0.708787
36,80,0.710405
36,81,0.711547
36,82,0.712063
36,83,0.711867
36,84,0.710978
36,85,0.709539
36,86,0.707808
36,87,0.706115
36,88,0.704793
36,89,0.704099
36,90,0.704156
36,91,0.704917
36,92,0.706172
36,93,0.707593
36,94,0.708809
36,95,0.709511
37,0,0.695024
37,1,0.695383
37,2,0.696091
37,3,0.697118
37,4,0.698424
37,5,0.699943
37,6,0.701604
37,7,0.703333
37,8,0.705075
37,9,0.706781
37,10,0.708414
37,11,0.709937
37,12,0.711319
37,13,0.71253
37,14,0.713561
37,15,0.71445
37,16,0.715274
37,17,0.716149
37,18,0.717199
37,19,0.718498
37,20,0.720033
37,21,0.721663
37,22,0.723131
37,23,0.72411
37,24,0.724283
37,25,0.723426
37,26,0.721472
37,27,0.718549
37,28,0.714935
37,29,0.711015
37,30,0.707185
37,31,0.703782
37,32,0.701032
37,33,0.699022
37,34,0.697734
37,35,0.697055
37,36,0.696841
37,37,0.696939
37,38,0.697222
37,39,0.697593
37,40,0.697979
37,41,0.698328
37,42,0.698595
37,43,0.698727
37,44,0.698681
37,45,0.698428
37,46,0.697994
37,47,0.697476
37,48,0.697041
37,49,0.696906
37,50,0.69728
37,51,0.69829
37,52,0.699926
37,53,0.702032
37,54,0.704335
37,55,0.706525
37,56,0.708337
37,57,0.709608
37,58,0.710304
37,59,0.710484
37,60,0.710256
37,61,0.709735
37,62,0.708988
37,63,0.708048
37,64,0.706914
37,65,0.705576
37,66,0.704051
37,67,0.70239
37,68,0.700693
37,69,0.6991
37,70,0.69777
37,71,0.696851
37,72,0.696457
37,73,0.69665
37,74,0.697433
37,75,0.69876
37,76,0.700546
37,77,0.702675
37,78,0.705006
37,79,0.707359
37,80,0.709524
37,81,0.711275
37,82,0.712397
37,83,0.712743
37,84,0.71228
37,85,0.711113
37,86,0.709473
37,87,0.707682
37,88,0.706072
37,89,0.704921
37,90,0.704385
37,91,0.704473
37,92,0.705045
37,93,0.705854
37,94,0.706609
37,95,0.707062
38,0,0.696986
38,1,0.697115
38,2,0.697411
38,3,0.697922
38,4,0.698709
38,5,0.699801
38,6,0.701197
38,7,0.702864
38,8,0.704746
38,9,0.706761
38,10,0.70882
38,11,0.710826
38,12,0.712691
38,13,0.714349
38,14,0.71577
38,15,0.716985
38,16,0.718074
38,17,0.719159
38,18,0.72036
38,19,0.721747
38,20,0.723295
38,21,0.724855
38,22,0.726166
38,23,0.726905
38,24,0.726773
38,25,0.725567
38,26,0.723252
38,27,0.719987
38,28,0.71608
38,29,0.711936
38,30,0.70796
38,31,0.704485
38,32,0.701721
38,33,0.699737
38,34,0.698495
38,35,0.697877
38,36,0.697731
38,37,0.697904
38,38,0.69826
38,39,0.69868
38,40,0.699064
38,41,0.699323
38,42,0.699383
38,43,0.699181
38,44,0.698683
38,45,0.697905
38,46,0.696935
38,47,0.695946
38,48,0.69518
38,49,0.69491
38,50,0.695366
38,51,0.696659
38,52,0.69873
38,53,0.701351
38,54,0.704175
38,55,0.70683
38,56,0.709012
38,57,0.710547
38,58,0.71141
38,59,0.711681
38,60,0.711497
38,61,0.710991
38,62,0.710246
38,63,0.7093
38,64,0.708154
38,65,0.70679
38,66,0.705217
38,67,0.703467
38,68,0.701622
38,69,0.699799
38,70,0.698141
38,71,0.696798
38,72,0.695906
38,73,0.695571
38,74,0.695857
38,75,0.69678
38,76,0.698312
38,77,0.700374
38,78,0.702835
38,79,0.705506
38,80,0.708141
38,81,0.710463
38,82,0.712198
38,83,0.713134
38,84,0.713176
38,85,0.712375
38,86,0.710919
38,87,0.709102
38,88,0.707249
38,89,0.705651
38,90,0.704504
38,91,0.703876
38,92,0.703712
38,93,0.703856
38,94,0.704107
38,95,0.704288
39,0,0.698129
39,1,0.698073
39,2,0.698036
39,3,0.698134
39,4,0.698505
39,5,0.699254
39,6,0.700441
39,7,0.70206
39,8,0.704055
39,9,0.706319
39,10,0.70872
39,11,0.711116
39,12,0.713379
39,13,0.715413
39,14,0.717173
39,15,0.718686
39,16,0.720034
39,17,0.721336
39,18,0.722707
39,19,0.724202
39,20,0.725782
39,21,0.727285
39,22,0.728451
39,23,0.728969
39,24,0.728559
39,25,0.727052
39,26,0.724448
39,27,0.720935
39,28,0.716847
39,29,0.712601
39,30,0.708599
39,31,0.705162
39,32,0.702476
39,33,0.700586
39,34,0.699434
39,35,0.69889
39,36,0.698805
39,37,0.699024
39,38,0.699412
39,39,0.699836
39,40,0.700169
39,41,0.700293
39,42,0.700106
39,43,0.699532
39,44,0.698554
39,45,0.697226
39,46,0.695704
39,47,0.694237
39,48,0.693137
39,49,0.69273
39,50,0.693264
39,51,0.694834
39,52,0.697334
39,53,0.70047
39,54,0.703827
39,55,0.706972
39,56,0.709561
39,57,0.711401
39,58,0.712463
39,59,0.712842
39,60,0.712691
39,61,0.712167
39,62,0.711375
39,63,0.710372
39,64,0.709175
39,65,0.707775
39,66,0.706176
39,67,0.704396
39,68,0.702486
39,69,0.70053
39,70,0.69864
39,71,0.696952
39,72,0.695612
39,73,0.694761
39,74,0.69452
39,75,0.694969
39,76,0.696142
39,77,0.698005
39,78,0.700451
39,79,0.703292
39,80,0.706264
39,81,0.709052
39,82,0.711332
39,83,0.712832
39,84,0.713392
39,85,0.713001
39,86,0.711796
39,87,0.710034
39,88,0.708024
39,89,0.706065
39,90,0.704389
39,91,0.703125
39,92,0.702297
39,93,0.701836
39,94,0.701627
39,95,0.701559
40,0,0.698441
40,1,0.698255
40,2,0.697982
40,3,0.697787
40,4,0.697861
40,5,0.698364
40,6,0.699393
40,7,0.700965
40,8,0.703024
40,9,0.705445
40,10,0.708069
40,11,0.710726
40,12,0.713261
40,13,0.715562
40,14,0.717578
40,15,0.719332
40,16,0.720908
40,17,0.722417
40,18,0.723962
40,19,0.72558
40,20,0.727214
40,21,0.728691
40,22,0.729751
40,23,0.730099
40,24,0.729486
40,25,0.727776
40,26,0.725003
40,27,0.721383
40,28,0.717261
40,29,0.713057
40,30,0.709163
40,31,0.705874
40,32,0.703349
40,33,0.701606
40,34,0.700569
40,35,0.700098
40,36,0.700046
40,37,0.700266
40,38,0.700626
40,39,0.700986
40,40,0.701205
40,41,0.701138
40,42,0.700661
40,43,0.699694
40,44,0.698232
40,45,0.696372
40,46,0.694327
40,47,0.692417
40,48,0.691015
40,49,0.690487
40,50,0.691097
40,51,0.69292
40,52,0.695811
40,53,0.699421
40,54,0.703277
40,55,0.706898
40,56,0.709903
40,57,0.712074
40,58,0.71337
40,59,0.713887
40,60,0.713787
40,61,0.713245
40,62,0.712392
40,63,0.711313
40,64,0.710052
40,65,0.708617
40,66,0.707018
40,67,0.705257
40,68,0.703353
40,69,0.70135
40,70,0.699319
40,71,0.697369
40,72,0.695648
40,73,0.694319
40,74,0.693552
40,75,0.693488
40,76,0.694218
40,77,0.695758
40,78,0.698035
40,79,0.700875
40,80,0.70401
40,81,0.707102
40,82,0.709793
40,83,0.711761
40,84,0.712789
40,85,0.712805
40,86,0.711893
40,87,0.710266
40,88,0.708213
40,89,0.706036
40,90,0.703995
40,91,0.702268
40,92,0.700942
40,93,0.700023
40,94,0.699464
40,95,0.699206
41,0,0.69803
41,1,0.697768
41,2,0.697356
41,3,0.696984
41,4,0.696873
41,5,0.697211
41,6,0.69812
41,7,0.699629
41,8,0.701684
41,9,0.704156
41,10,0.706872
41,11,0.709648
41,12,0.712318
41,13,0.714763
41,14,0.716932
41,15,0.718849
41,16,0.720595
41,17,0.722276
41,18,0.723976
41,19,0.725714
41,20,0.727415
41,21,0.728895
41,22,0.729903
41,23,0.730164
41,24,0.729462
41,25,0.727693
41,26,0.724918
41,27,0.721368
41,28,0.717388
41,29,0.713385
41,30,0.709727
41,31,0.706682
41,32,0.704379
41,33,0.702812
41,34,0.701888
41,35,0.701465
41,36,0.701398
41,37,0.701554
41,38,0.701807
41,39,0.702022
41,40,0.702048
41,41,0.701729
41,42,0.700929
41,43,0.699568
41,44,0.697656
41,45,0.695328
41,46,0.692845
41,47,0.690577
41,48,0.688944
41,49,0.688338
41,50,0.689023
41,51,0.691059
41,52,0.694269
41,53,0.698265
41,54,0.702538
41,55,0.706576
41,56,0.709966
41,57,0.712469
41,58,0.714026
41,59,0.714719
41,60,0.714711
41,61,0.714186
41,62,0.713297
41,63,0.712161
41,64,0.71085
41,65,0.709401
41,66,0.707828
41,67,0.706126
41,68,0.704284
41,69,0.702302
41,70,0.70021
41,71,0.698085
41,72,0.696065
41,73,0.694326
41,74,0.693072
41,75,0.692493
41,76,0.692733
41,77,0.693855
41,78,0.695822
41,79,0.698487
41,80,0.701592
41,81,0.704796
41,82,0.707721
41,83,0.710015
41,84,0.711412
41,85,0.711792
41,86,0.711185
41,87,0.709764
41,88,0.70779
41,89,0.705562
41,90,0.703354
41,91,0.701378
41,92,0.699767
41,93,0.698577
41,94,0.697806
41,95,0.697432
42,0,0.69712
42,1,0.696827
42,2,0.696357
42,3,0.695901
42,4,0.695688
42,5,0.695914
42,6,0.696712
42,7,0.698123
42,8,0.700098
42,9,0.702513
42,10,0.705196
42,11,0.707963
42,12,0.710643
42,13,0.713119
42,14,0.715338
42,15,0.71733
42,16,0.719171
42,17,0.72096
42,18,0.722768
42,19,0.724595
42,20,0.726351
42,21,0.727854
42,22,0.728863
42,23,0.729132
42,24,0.728475
42,25,0.726817
42,26,0.724234
42,27,0.720951
42,28,0.717297
42,29,0.713649
42,30,0.710342
42,31,0.707611
42,32,0.705561
42,33,0.704167
42,34,0.703328
42,35,0.702903
42,36,0.702756
42,37,0.702768
42,38,0.702825
42,39,0.702803
42,40,0.702555
42,41,0.701927
42,42,0.700782
42,43,0.69905
42,44,0.696761
42,45,0.694076
42,46,0.69129
42,47,0.6888
42,48,0.687047
42,49,0.686425
42,50,0.687191
42,51,0.689385
42,52,0.692811
42,53,0.697065
42,54,0.701625
42,55,0.705967
42,56,0.709669
42,57,0.712472
42,58,0.714296
42,59,0.715203
42,60,0.715342
42,61,0.714897
42,62,0.714034
42,63,0.712894
42,64,0.71158
42,65,0.710154
42,66,0.708643
42,67,0.707036
42,68,0.705299
42,69,0.703396
42,70,0.701318
42,71,0.699109
42,72,0.696887
42,73,0.69483
42,74,0.693164
42,75,0.692109
42,76,0.691852
42,77,0.692496
42,78,0.694046
42,79,0.696385
42,80,0.699279
42,81,0.702403
42,82,0.705375
42,83,0.70783
42,84,0.709475
42,85,0.710147
42,86,0.709833
42,87,0.708665
42,88,0.706874
42,89,0.704745
42,90,0.702555
42,91,0.700534
42,92,0.698838
42,93,0.697553
42,94,0.696703
42,95,0.696284
43,0,0.696029
43,1,0.695738
43,2,0.695262
43,3,0.694781
43,4,0.694509
43,5,0.694639
43,6,0.695304
43,7,0.696558
43,8,0.698367
43,9,0.700625
43,10,0.703169
43,11,0.705822
43,12,0.708415
43,13,0.71083
43,14,0.713015
43,15,0.714996
43,16,0.71685
43,17,0.718667
43,18,0.720508
43,19,0.72236
43,20,0.724133
43,21,0.725651
43,22,0.726698
43,23,0.72706
43,24,0.726582
43,25,0.725205
43,26,0.723005
43,27,0.720182
43,28,0.717025
43,29,0.713865
43,30,0.710996
43,31,0.708623
43,32,0.706828
43,33,0.705582
43,34,0.704782
43,35,0.704294
43,36,0.703995
43,37,0.703778
43,38,0.703549
43,39,0.7032
43,40,0.702601
43,41,0.701614
43,42,0.700119
43,43,0.698065
43,44,0.6955
43,45,0.692607
43,46,0.689689
43,47,0.687149
43,48,0.685413
43,49,0.684857
43,50,0.685714
43,51,0.688004
43,52,0.691524
43,53,0.695874
43,54,0.700549
43,55,0.70504
43,56,0.708933
43,57,0.711963
43,58,0.714032
43,59,0.715174
43,60,0.715517
43,61,0.715228
43,62,0.714474
43,63,0.713411
43,64,0.712167
43,65,0.710822
43,66,0.709421
43,67,0.707951
43,68,0.706364
43,69,0.704597
43,70,0.702607
43,71,0.700407
43,72,0.698093
43,73,0.695833
43,74,0.693855
43,75,0.6924
43,76,0.691679
43,77,0.691833
43,78,0.692901
43,79,0.694806
43,80,0.697348
43,81,0.700226
43,82,0.703077
43,83,0.705539
43,84,0.707305
43,85,0.708184
43,86,0.708126
43,87,0.707226
43,88,0.705679
43,89,0.70375
43,90,0.701708
43,91,0.699784
43,92,0.698148
43,93,0.696895
43,94,0.696061
43,95,0.695648
44,0,0.695114
44,1,0.694841
44,2,0.694385
44,3,0.6939
44,4,0.693576
44,5,0.693588
44,6,0.69407
44,7,0.695093
44,8,0.696648
44,9,0.698656
44,10,0.700975
44,11,0.703439
44,12,0.705879
44,13,0.708172
44,14,0.71026
44,15,0.712163
44,16,0.713951
44,17,0.715707
44,18,0.717486
44,19,0.719277
44,20,0.720995
44,21,0.722492
44,22,0.723583
44,23,0.724095
44,24,0.723899
44,25,0.722946
44,26,0.721289
44,27,0.719083
44,28,0.716557
44,29,0.713984
44,30,0.71161
44,31,0.70961
44,32,0.708057
44,33,0.706923
44,34,0.706113
44,35,0.705505
44,36,0.704989
44,37,0.704474
44,38,0.703882
44,39,0.70313
44,40,0.702117
44,41,0.700736
44,42,0.698902
44,43,0.69659
44,44,0.693871
44,45,0.690935
44,46,0.688075
44,47,0.685666
44,48,0.684096
44,49,0.683695
44,50,0.684655
44,51,0.686976
44,52,0.690458
44,53,0.694728
44,54,0.699322
44,55,0.703776
44,56,0.707703
44,57,0.710851
44,58,0.713107
44,59,0.714479
44,60,0.715061
44,61,0.714995
44,62,0.714438
44,63,0.713546
44,64,0.712457
44,65,0.711271
44,66,0.710044
44,67,0.708766
44,68,0.707382
44,69,0.705812
44,70,0.70399
44,71,0.701899
44,72,0.69961
44,73,0.697274
44,74,0.695106
44,75,0.693352
44,76,0.692238
44,77,0.69193
44,78,0.692504
44,79,0.693919
44,80,0.696015
44,81,0.69853
44,82,0.701131
44,83,0.703469
44,84,0.70524
44,85,0.706236
44,86,0.706376
44,87,0.705717
44,88,0.704419
44,89,0.702723
44,90,0.70088
44,91,0.699118
44,92,0.697607
44,93,0.696446
44,94,0.695673
44,95,0.695291
45,0,0.694731
45,1,0.694481
45,2,0.694049
45,3,0.693555
45,4,0.693155
45,5,0.693003
45,6,0.693235
45,7,0.693944
45,8,0.695156
45,9,0.696829
45,10,0.698849
45,11,0.701065
45,12,0.703307
45,13,0.70544
45,14,0.707391
45,15,0.709165
45,16,0.710819
45,17,0.712428
45,18,0.714048
45,19,0.715675
45,20,0.717249
45,21,0.718658
45,22,0.719767
45,23,0.720443
45,24,0.720588
45,25,0.720146
45,26,0.719134
45,27,0.717644
45,28,0.715831
45,29,0.713898
45,30,0.712041
45,31,0.710412
45,32,0.709081
45,33,0.708029
45,34,0.707179
45,35,0.70642
45,36,0.705653
45,37,0.704798
45,38,0.703797
45,39,0.702595
45,40,0.701129
45,41,0.699342
45,42,0.697194
45,43,0.694699
45,44,0.691948
45,45,0.689128
45,46,0.686504
45,47,0.684396
45,48,0.683126
45,49,0.682957
45,50,0.684029
45,51,0.686319
45,52,0.689638
45,53,0.693657
45,54,0.697975
45,55,0.702196
45,56,0.705984
45,57,0.709111
45,58,0.711461
45,59,0.713018
45,60,0.713842
45,61,0.71404
45,62,0.713746
45,63,0.713108
45,64,0.712265
45,65,0.711324
45,66,0.710347
45,67,0.709332
45,68,0.70822
45,69,0.706922
45,70,0.705355
45,71,0.703479
45,72,0.701337
45,73,0.699054
45,74,0.696828
45,75,0.694892
45,76,0.69348
45,77,0.692774
45,78,0.692879
45,79,0.693796
45,80,0.695406
45,81,0.69749
45,82,0.699751
45,83,0.701869
45,84,0.703547
45,85,0.704566
45,86,0.704824
45,87,0.70434
45,88,0.703243
45,89,0.701743
45,90,0.700076
45,91,0.698461
45,92,0.697068
45,93,0.695996
45,94,0.695283
45,95,0.694931
46,0,0.695187
46,1,0.694956
46,2,0.694538
46,3,0.694014
46,4,0.693502
46,5,0.693133
46,6,0.693045
46,7,0.693358
46,8,0.694141
46,9,0.695397
46,10,0.69705
46,11,0.698965
46,12,0.700971
46,13,0.702915
46,14,0.704703
46,15,0.706312
46,16,0.707778
46,17,0.709167
46,18,0.710536
46,19,0.711898
46,20,0.71323
46,21,0.714472
46,22,0.715542
46,23,0.716359
46,24,0.716846
46,25,0.716936
46,26,0.7166
46,27,0.715853
46,28,0.714768
46,29,0.713477
46,30,0.712129
46,31,0.710856
46,32,0.709733
46,33,0.708759
46,34,0.70787
46,35,0.706969
46,36,0.705961
46,37,0.704772
46,38,0.70336
46,39,0.701701
46,40,0.699782
46,41,0.697602
46,42,0.69518
46,43,0.692576
46,44,0.6899
46,45,0.687327
46,46,0.685078
46,47,0.6834
46,48,0.682531
46,49,0.682648
46,50,0.683832
46,51,0.686034
46,52,0.689084
46,53,0.692707
46,54,0.696582
46,55,0.700392
46,56,0.703869
46,57,0.706822
46,58,0.709145
46,59,0.710803
46,60,0.711824
46,61,0.712281
46,62,0.712281
46,63,0.711954
46,64,0.71143
46,65,0.710815
46,66,0.710173
46,67,0.709502
46,68,0.708744
46,69,0.707803
46,70,0.706584
46,71,0.705028
46,72,0.703151
46,73,0.70105
46,74,0.698893
46,75,0.696898
46,76,0.695294
46,77,0.694273
46,78,0.693968
46,79,0.694413
46,80,0.695535
46,81,0.69716
46,82,0.699031
46,83,0.700858
46,84,0.702359
46,85,0.70331
46,86,0.703588
46,87,0.703184
46,88,0.702195
46,89,0.700806
46,90,0.699239
46,91,0.697706
46,92,0.696375
46,93,0.695348
46,94,0.694666
46,95,0.694328
47,0,0.696704
47,1,0.696485
47,2,0.696064
47,3,0.695484
47,4,0.694823
47,5,0.694189
47,6,0.693722
47,7,0.69357
47,8,0.693848
47,9,0.694613
47,10,0.695829
47,11,0.697385
47,12,0.699111
47,13,0.700835
47,14,0.702431
47,15,0.703843
47,16,0.70508
47,17,0.706191
47,18,0.707235
47,19,0.708251
47,20,0.709257
47,21,0.710253
47,22,0.711218
47,23,0.71212
47,24,0.712903
47,25,0.713483
47,26,0.713779
47,27,0.713727
47,28,0.713322
47,29,0.712626
47,30,0.711748
47,31,0.710808
47,32,0.709891
47,33,0.709014
47,34,0.708127
47,35,0.707138
47,36,0.705948
47,37,0.704482
47,38,0.70271
47,39,0.700639
47,40,0.698306
47,41,0.695777
47,42,0.693135
47,43,0.690488
47,44,0.687968
47,45,0.68573
47,46,0.683941
47,47,0.682765
47,48,0.682344
47,49,0.682766
47,50,0.684048
47,51,0.686118
47,52,0.688824
47,53,0.691951
47,54,0.695259
47,55,0.698522
47,56,0.701542
47,57,0.704176
47,58,0.706335
47,59,0.707977
47,60,0.709106
47,61,0.709768
47,62,0.710045
47,63,0.710046
47,64,0.709886
47,65,0.709663
47,66,0.709433
47,67,0.709189
47,68,0.708868
47,69,0.70837
47,70,0.707591
47,71,0.706453
47,72,0.704948
47,73,0.703142
47,74,0.701173
47,75,0.699234
47,76,0.697543
47,77,0.696297
47,78,0.695649
47,79,0.695667
47,80,0.696322
47,81,0.697481
47,82,0.698933
47,83,0.700416
47,84,0.701664
47,85,0.702452
47,86,0.702645
47,87,0.702207
47,88,0.701214
47,89,0.699832
47,90,0.698269
47,91,0.696736
47,92,0.695401
47,93,0.694368
47,94,0.69368
47,95,0.693339
48,0,0.699378
48,1,0.69916
48,2,0.698717
48,3,0.698056
48,4,0.697217
48,5,0.696285
48,6,0.695399
48,7,0.694735
48,8,0.694454
48,9,0.694663
48,10,0.695376
48,11,0.69651
48,12,0.697901
48,13,0.69936
48,14,0.70073
48,15,0.701915
48,16,0.702889
48,17,0.703684
48,18,0.704358
48,19,0.704975
48,20,0.7056
48,21,0.706292
48,22,0.707092
48,23,0.708012
48,24,0.709012
48,25,0.709991
48,26,0.710813
48,27,0.711347
48,28,0.711516
48,29,0.711324
48,30,0.710852
48,31,0.710215
48,32,0.70951
48,33,0.708769
48,34,0.707952
48,35,0.706964
48,36,0.705692
48,37,0.704054
48,38,0.702021
48,39,0.699629
48,40,0.696966
48,41,0.694162
48,42,0.691367
48,43,0.688738
48,44,0.686424
48,45,0.684561
48,46,0.683255
48,47,0.682587
48,48,0.682605
48,49,0.683312
48,50,0.684664
48,51,0.686567
48,52,0.688891
48,53,0.691475
48,54,0.694157
48,55,0.696792
48,56,0.699252
48,57,0.701445
48,58,0.703306
48,59,0.704797
48,60,0.705915
48,61,0.706688
48,62,0.707182
48,63,0.707487
48,64,0.707704
48,65,0.707913
48,66,0.708153
48,67,0.708405
48,68,0.708595
48,69,0.708614
48,70,0.708349
48,71,0.707709
48,72,0.70666
48,73,0.705239
48,74,0.703553
48,75,0.701767
48,76,0.70008
48,77,0.698689
48,78,0.697762
48,79,0.697398
48,80,0.697608
48,81,0.698304
48,82,0.699315
48,83,0.700406
48,84,0.701332
48,85,0.701867
48,86,0.701869
48,87,0.701288
48,88,0.700185
48,89,0.698715
48,90,0.697079
48,91,0.695484
48,92,0.694098
48,93,0.693025
48,94,0.69231
48,95,0.691955
49,0,0.703153
49,1,0.702924
49,2,0.702439
49,3,0.701676
49,4,0.700639
49,5,0.699393
49,6,0.698074
49,7,0.696879
49,8,0.696008
49,9,0.695621
49,10,0.695777
49,11,0.696428
49,12,0.697425
49,13,0.698565
49,14,0.699666
49,15,0.70059
49,16,0.701277
49,17,0.701736
49,18,0.702025
49,19,0.702232
49,20,0.702463
49,21,0.702831
49,22,0.703429
49,23,0.704306
49,24,0.705433
49,25,0.70669
49,26,0.707896
49,27,0.708865
49,28,0.709463
49,29,0.709658
49,30,0.70951
49,31,0.709135
49,32,0.708645
49,33,0.708083
49,34,0.707412
49,35,0.706525
49,36,0.705292
49,37,0.703611
49,38,0.701451
49,39,0.698868
49,40,0.695992
49,41,0.693015
49,42,0.690148
49,43,0.687591
49,44,0.685509
49,45,0.684015
49,46,0.683161
49,47,0.68295
49,48,0.683347
49,49,0.684282
49,50,0.685663
49,51,0.687378
49,52,0.689317
49,53,0.691363
49,54,0.693419
49,55,0.695405
49,56,0.697255
49,57,0.698923
49,58,0.700373
49,59,0.701583
49,60,0.702559
49,61,0.703326
49,62,0.703949
49,63,0.704505
49,64,0.705078
49,65,0.705727
49,66,0.706468
49,67,0.707258
49,68,0.708007
49,69,0.708593
49,70,0.70889
49,71,0.708794
49,72,0.708251
49,73,0.707273
49,74,0.705931
49,75,0.704364
49,76,0.702748
49,77,0.701273
49,78,0.700117
49,79,0.699408
49,80,0.699191
49,81,0.699425
49,82,0.699973
49,83,0.700633
49,84,0.701176
49,85,0.701381
49,86,0.701106
49,87,0.700297
49,88,0.69901
49,89,0.697395
49,90,0.69565
49,91,0.693975
49,92,0.692534
49,93,0.691423
49,94,0.690686
49,95,0.69032
50,0,0.707798
50,1,0.707545
50,2,0.706998
50,3,0.706111
50,4,0.704866
50,5,0.703307
50,6,0.701567
50,7,0.699854
50,8,0.698401
50,9,0.697409
50,10,0.696982
50,11,0.697109
50,12,0.69766
50,13,0.698431
50,14,0.699217
50,15,0.699849
50,16,0.700233
50,17,0.70036
50,18,0.700282
50,19,0.700107
50,20,0.699973
50,21,0.700038
50,22,0.700431
50,23,0.701227
50,24,0.702398
50,25,0.703809
50,26,0.705247
50,27,0.706484
50,28,0.707356
50,29,0.707805
50,30,0.707886
50,31,0.707721
50,32,0.707434
50,33,0.707075
50,34,0.706605
50,35,0.705904
50,36,0.704819
50,37,0.703224
50,38,0.701081
50,39,0.698454
50,40,0.695507
50,41,0.692481
50,42,0.689634
50,43,0.687204
50,44,0.685364
50,45,0.684207
50,46,0.683737
50,47,0.683892
50,48,0.684573
50,49,0.685654
50,50,0.687011
50,51,0.688525
50,52,0.690099
50,53,0.691654
50,54,0.693133
50,55,0.694505
50,56,0.695747
50,57,0.696851
50,58,0.697812
50,59,0.698638
50,60,0.699354
50,61,0.700005
50,62,0.700659
50,63,0.701394
50,64,0.702278
50,65,0.703345
50,66,0.704581
50,67,0.705918
50,68,0.707237
50,69,0.7084
50,70,0.709267
50,71,0.709722
50,72,0.709693
50,73,0.70917
50,74,0.708196
50,75,0.706878
50,76,0.705369
50,77,0.703846
50,78,0.702495
50,79,0.701463
50,80,0.700833
50,81,0.700603
50,82,0.700676
50,83,0.700878
50,84,0.700997
50,85,0.700826
50,86,0.700226
50,87,0.699149
50,88,0.697655
50,89,0.695894
50,90,0.694058
50,91,0.69234
50,92,0.690888
50,93,0.689784
50,94,0.689058
50,95,0.6887
51,0,0.712921
51,1,0.71263
51,2,0.712
51,3,0.710974
51,4,0.709517
51,5,0.707663
51,6,0.705537
51,7,0.703355
51,8,0.701367
51,9,0.699804
51,10,0.698809
51,11,0.698405
51,12,0.698482
51,13,0.698846
51,14,0.699281
51,15,0.699597
51,16,0.699676
51,17,0.699492
51,18,0.699093
51,19,0.698599
51,20,0.698171
51,21,0.69799
51,22,0.698208
51,23,0.69891
51,24,0.700066
51,25,0.701526
51,26,0.703058
51,27,0.704413
51,28,0.705413
51,29,0.705992
51,30,0.706206
51,31,0.706186
51,32,0.706064
51,33,0.705896
51,34,0.705641
51,35,0.705165
51,36,0.704295
51,37,0.702886
51,38,0.700884
51,39,0.698356
51,40,0.695486
51,41,0.692542
51,42,0.689818
51,43,0.687574
51,44,0.685986
51,45,0.685126
51,46,0.684957
51,47,0.685371
51,48,0.686223
51,49,0.687356
51,50,0.688631
51,51,0.689931
51,52,0.691174
51,53,0.692302
51,54,0.693285
51,55,0.694115
51,56,0.694796
51,57,0.695346
51,58,0.695793
51,59,0.696176
51,60,0.696555
51,61,0.697002
51,62,0.697605
51,63,0.698443
51,64,0.699574
51,65,0.701007
51,66,0.702698
51,67,0.704545
51,68,0.706401
51,69,0.708107
51,70,0.709507
51,71,0.710473
51,72,0.710921
51,73,0.710821
51,74,0.710193
51,75,0.709118
51,76,0.707721
51,77,0.706165
51,78,0.704637
51,79,0.703301
51,80,0.702272
51,81,0.701589
51,82,0.701191
51,83,0.700933
51,84,0.700627
51,85,0.700078
51,86,0.69916
51,87,0.697835
51,88,0.696173
51,89,0.694324
51,90,0.692474
51,91,0.690798
51,92,0.68942
51,93,0.688397
51,94,0.687737
51,95,0.687416
52,0,0.718014
52,1,0.717673
52,2,0.716945
52,3,0.715769
52,4,0.714109
52,5,0.711992
52,6,0.70954
52,7,0.706968
52,8,0.704532
52,9,0.702481
52,10,0.70098
52,11,0.700078
52,12,0.69969
52,13,0.699636
52,14,0.699703
52,15,0.699693
52,16,0.699478
52,17,0.699019
52,18,0.698365
52,19,0.697637
52,20,0.697006
52,21,0.69666
52,22,0.696757
52,23,0.697378
52,24,0.698487
52,25,0.699925
52,26,0.701451
52,27,0.702812
52,28,0.703829
52,29,0.704436
52,30,0.704698
52,31,0.704747
52,32,0.704724
52,33,0.704691
52,34,0.704606
52,35,0.704333
52,36,0.703687
52,37,0.70251
52,38,0.700735
52,39,0.698424
52,40,0.695762
52,41,0.69303
52,42,0.690534
52,43,0.688542
52,44,0.687222
52,45,0.686624
52,46,0.686681
52,47,0.68725
52,48,0.688162
52,49,0.689251
52,50,0.690381
52,51,0.69145
52,52,0.69239
52,53,0.69316
52,54,0.693738
52,55,0.694122
52,56,0.694324
52,57,0.69438
52,58,0.694341
52,59,0.694283
52,60,0.694302
52,61,0.694502
52,62,0.694995
52,63,0.695868
52,64,0.697171
52,65,0.698893
52,66,0.700957
52,67,0.703234
52,68,0.705546
52,69,0.707711
52,70,0.70956
52,71,0.710952
52,72,0.711795
52,73,0.712047
52,74,0.711709
52,75,0.710838
52,76,0.709537
52,77,0.707951
52,78,0.706261
52,79,0.704647
52,80,0.703252
52,81,0.70215
52,82,0.701318
52,83,0.700643
52,84,0.699958
52,85,0.699087
52,86,0.69792
52,87,0.69643
52,88,0.694697
52,89,0.69287
52,90,0.691124
52,91,0.689606
52,92,0.688409
52,93,0.687556
52,94,0.687026
52,95,0.686775
53,0,0.722548
53,1,0.722151
53,2,0.721315
53,3,0.719989
53,4,0.718144
53,5,0.715812
53,6,0.713113
53,7,0.710257
53,8,0.707495
53,9,0.705076
53,10,0.703174
53,11,0.701853
53,12,0.701047
53,13,0.700596
53,14,0.7003
53,15,0.69997
53,16,0.699481
53,17,0.698793
53,18,0.697952
53,19,0.69708
53,20,0.69634
53,21,0.695916
53,22,0.695954
53,23,0.696526
53,24,0.697585
53,25,0.698968
53,26,0.700437
53,27,0.701744
53,28,0.702713
53,29,0.703286
53,30,0.703527
53,31,0.703571
53,32,0.703561
53,33,0.703566
53,34,0.703556
53,35,0.703405
53,36,0.702932
53,37,0.701977
53,38,0.700465
53,39,0.698446
53,40,0.696095
53,41,0.693684
53,42,0.691513
53,43,0.689838
53,44,0.688811
53,45,0.688454
53,46,0.688676
53,47,0.689313
53,48,0.690188
53,49,0.691143
53,50,0.692063
53,51,0.69287
53,52,0.693523
53,53,0.693988
53,54,0.694245
53,55,0.694287
53,56,0.694121
53,57,0.693784
53,58,0.693347
53,59,0.69291
53,60,0.692602
53,61,0.69256
53,62,0.692917
53,63,0.693769
53,64,0.695161
53,65,0.697067
53,66,0.69939
53,67,0.701972
53,68,0.704614
53,69,0.707113
53,70,0.709284
53,71,0.710981
53,72,0.712105
53,73,0.712607
53,74,0.712479
53,75,0.71176
53,76,0.71053
53,77,0.708917
53,78,0.707096
53,79,0.705252
53,80,0.703553
53,81,0.702104
53,82,0.70092
53,83,0.699917
53,84,0.698953
53,85,0.697872
53,86,0.696577
53,87,0.695056
53,88,0.69339
53,89,0.691724
53,90,0.690214
53,91,0.688975
53,92,0.688063
53,93,0.68746
53,94,0.687115
53,95,0.686961
54,0,0.726066
54,1,0.72561
54,2,0.724667
54,3,0.723202
54,4,0.721203
54,5,0.718716
54,6,0.715862
54,7,0.712844
54,8,0.709899
54,9,0.707261
54,10,0.705097
54,11,0.70347
54,12,0.702327
54,13,0.701529
54,14,0.700899
54,15,0.70027
54,16,0.699533
54,17,0.698658
54,18,0.697692
54,19,0.696749
54,20,0.69598
54,21,0.695551
54,22,0.695588
54,23,0.696147
54,24,0.697174
54,25,0.698507
54,26,0.699915
54,27,0.701159
54,28,0.702068
54,29,0.702584
54,30,0.702762
54,31,0.702734
54,32,0.702642
54,33,0.702571
54,34,0.702511
54,35,0.702363
54,36,0.701969
54,37,0.701181
54,38,0.699921
54,39,0.698227
54,40,0.696251
54,41,0.694241
54,42,0.692471
54,43,0.691169
54,44,0.690459
54,45,0.690335
54,46,0.690679
54,47,0.691317
54,48,0.692074
54,49,0.692813
54,50,0.693455
54,51,0.69396
54,52,0.694316
54,53,0.694508
54,54,0.694514
54,55,0.694315
54,56,0.693906
54,57,0.693314
54,58,0.692611
54,59,0.691911
54,60,0.691365
54,61,0.691127
54,62,0.691347
54,63,0.692132
54,64,0.693525
54,65,0.695495
54,66,0.697931
54,67,0.70066
54,68,0.703469
54,69,0.706139
54,70,0.708476
54,71,0.71033
54,72,0.711601
54,73,0.712242
54,74,0.71224
54,75,0.711622
54,76,0.710452
54,77,0.708839
54,78,0.706945
54,79,0.704956
54,80,0.703056
54,81,0.701378
54,82,0.699966
54,83,0.698767
54,84,0.697665
54,85,0.696522
54,86,0.695254
54,87,0.693854
54,88,0.692403
54,89,0.691033
54,90,0.689874
54,91,0.689009
54,92,0.688452
54,93,0.688151
54,94,0.688024
54,95,0.687983
55,0,0.728256
55,1,0.727744
55,2,0.726705
55,3,0.725124
55,4,0.723014
55,5,0.720439
55,6,0.717528
55,7,0.714475
55,8,0.711497
55,9,0.7088
55,10,0.706528
55,11,0.704729
55,12,0.703355
55,13,0.702283
55,14,0.701366
55,15,0.70047
55,16,0.699513
55,17,0.698482
55,18,0.697431
55,19,0.696464
55,20,0.695715
55,21,0.695325
55,22,0.695399
55,23,0.695977
55,24,0.697
55,25,0.698312
55,26,0.69969
55,27,0.700903
55,28,0.70178
55,29,0.702249
55,30,0.702351
55,31,0.702204
55,32,0.701951
55,33,0.701697
55,34,0.701465
55,35,0.701198
55,36,0.70078
55,37,0.700084
55,38,0.699039
55,39,0.697667
55,40,0.696092
55,41,0.694525
55,42,0.693202
55,43,0.692308
55,44,0.691931
55,45,0.69203
55,46,0.692465
55,47,0.693052
55,48,0.693625
55,49,0.694078
55,50,0.694374
55,51,0.694524
55,52,0.694558
55,53,0.694485
55,54,0.694292
55,55,0.693946
55,56,0.693423
55,57,0.692731
55,58,0.691926
55,59,0.691116
55,60,0.690451
55,61,0.690092
55,62,0.690195
55,63,0.690876
55,64,0.692181
55,65,0.694083
55,66,0.696472
55,67,0.699172
55,68,0.701962
55,69,0.704622
55,70,0.706954
55,71,0.708809
55,72,0.710096
55,73,0.710773
55,74,0.71083
55,75,0.710287
55,76,0.709193
55,77,0.707639
55,78,0.705768
55,79,0.70376
55,80,0.701802
55,81,0.700047
55,82,0.698562
55,83,0.697324
55,84,0.696239
55,85,0.695188
55,86,0.694095
55,87,0.692955
55,88,0.691838
55,89,0.690856
55,90,0.690116
55,91,0.689663
55,92,0.689481
55,93,0.689486
55,94,0.689574
55,95,0.689645
56,0,0.729001
56,1,0.728444
56,2,0.727328
56,3,0.725664
56,4,0.723493
56,5,0.720901
56,6,0.718028
56,7,0.715061
56,8,0.71219
56,9,0.709586
56,10,0.707357
56,11,0.705524
56,12,0.704032
56,13,0.702773
56,14,0.701629
56,15,0.700503
56,16,0.69935
56,17,0.698181
56,18,0.697057
56,19,0.696079
56,20,0.695361
56,21,0.695021
56,22,0.695146
56,23,0.695762
56,24,0.696808
56,25,0.698137
56,26,0.699536
56,27,0.700774
56,28,0.701669
56,29,0.702127
56,30,0.702163
56,31,0.701878
56,32,0.701416
56,33,0.700908
56,34,0.70042
56,35,0.699951
56,36,0.699431
56,37,0.698766
56,38,0.697893
56,39,0.696821
56,40,0.695642
56,41,0.694525
56,42,0.693654
56,43,0.693171
56,44,0.693119
56,45,0.693422
56,46,0.693917
56,47,0.69441
56,48,0.694748
56,49,0.694857
56,50,0.69475
56,51,0.694494
56,52,0.694171
56,53,0.693828
56,54,0.693468
56,55,0.693053
56,56,0.692538
56,57,0.691897
56,58,0.691154
56,59,0.69039
56,60,0.689732
56,61,0.689332
56,62,0.689344
56,63,0.689887
56,64,0.691019
56,65,0.692727
56,66,0.694912
56,67,0.697408
56,68,0.7
56,69,0.702473
56,70,0.704636
56,71,0.706354
56,72,0.707547
56,73,0.708185
56,74,0.708266
56,75,0.707808
56,76,0.706846
56,77,0.705447
56,78,0.703732
56,79,0.701861
56,80,0.700015
56,81,0.698351
56,82,0.696957
56,83,0.695833
56,84,0.694906
56,85,0.694074
56,86,0.693266
56,87,0.692471
56,88,0.691747
56,89,0.691181
56,90,0.690853
56,91,0.690783
56,92,0.690929
56,93,0.691191
56,94,0.691454
56,95,0.691614
57,0,0.728383
57,1,0.727795
57,2,0.72663
57,3,0.724923
57,4,0.722746
57,5,0.720206
57,6,0.717457
57,7,0.714676
57,8,0.712029
57,9,0.709644
57,10,0.707585
57,11,0.705839
57,12,0.704336
57,13,0.702976
57,14,0.701667
57,15,0.700351
57,16,0.699021
57,17,0.697715
57,18,0.696508
57,19,0.695498
57,20,0.694789
57,21,0.694481
57,22,0.694644
57,23,0.695299
57,24,0.696388
57,25,0.697771
57,26,0.69924
57,27,0.700559
57,28,0.701526
57,29,0.702019
57,30,0.702019
57,31,0.701609
57,32,0.700937
57,33,0.700162
57,34,0.699401
57,35,0.698708
57,36,0.698065
57,37,0.697408
57,38,0.696686
57,39,0.69589
57,40,0.695081
57,41,0.694383
57,42,0.693934
57,43,0.693827
57,44,0.694063
57,45,0.694533
57,46,0.69505
57,47,0.695416
57,48,0.695485
57,49,0.695216
57,50,0.694669
57,51,0.693971
57,52,0.693263
57,53,0.69264
57,54,0.692132
57,55,0.691704
57,56,0.691287
57,57,0.690818
57,58,0.690273
57,59,0.689683
57,60,0.689138
57,61,0.688761
57,62,0.688698
57,63,0.689073
57,64,0.689959
57,65,0.691364
57,66,0.693212
57,67,0.695354
57,68,0.697596
57,69,0.699738
57,70,0.701606
57,71,0.703085
57,72,0.704115
57,73,0.704684
57,74,0.704799
57,75,0.704475
57,76,0.703733
57,77,0.702614
57,78,0.701204
57,79,0.699634
57,80,0.698067
57,81,0.696655
57,82,0.695494
57,83,0.694604
57,84,0.693934
57,85,0.693394
57,86,0.692919
57,87,0.692489
57,88,0.69214
57,89,0.69194
57,90,0.691943
57,91,0.692152
57,92,0.692516
57,93,0.692935
57,94,0.693298
57,95,0.693504
58,0,0.726654
58,1,0.726052
58,2,0.724873
58,3,0.723171
58,4,0.721044
58,5,0.718621
58,6,0.716065
58,7,0.713545
58,8,0.711199
58,9,0.709115
58,10,0.707311
58,11,0.705738
58,12,0.704304
58,13,0.702914
58,14,0.701497
58,15,0.700028
58,16,0.698534
58,17,0.697083
58,18,0.695766
58,19,0.694686
58,20,0.693942
58,21,0.693626
58,22,0.693801
58,23,0.694485
58,24,0.695625
58,25,0.697086
58,26,0.698661
58,27,0.700103
58,28,0.701187
58,29,0.701755
58,30,0.70176
58,31,0.701268
58,32,0.700434
58,33,0.699447
58,34,0.698471
58,35,0.69761
58,36,0.696889
58,37,0.696271
58,38,0.695706
58,39,0.69517
58,40,0.694693
58,41,0.69436
58,42,0.694266
58,43,0.694464
58,44,0.694922
58,45,0.695504
58,46,0.696005
58,47,0.696219
58,48,0.69601
58,49,0.695361
58,50,0.694374
58,51,0.693232
58,52,0.692134
58,53,0.69123
58,54,0.690582
58,55,0.690166
58,56,0.689896
58,57,0.689665
58,58,0.689392
58,59,0.689047
58,60,0.688668
58,61,0.688344
58,62,0.688204
58,63,0.688379
58,64,0.688962
58,65,0.689987
58,66,0.691405
58,67,0.693097
58,68,0.694892
58,69,0.696615
58,70,0.698122
58,71,0.69932
58,72,0.700176
58,73,0.700696
58,74,0.700897
58,75,0.700789
58,76,0.700374
58,77,0.69966
58,78,0.698694
58,79,0.697568
58,80,0.696414
58,81,0.69537
58,82,0.694536
58,83,0.693948
58,84,0.693572
58,85,0.693336
58,86,0.693175
58,87,0.693059
58,88,0.693003
58,89,0.693052
58,90,0.693242
58,91,0.693573
58,92,0.693999
58,93,0.694437
58,94,0.694797
58,95,0.694997
59,0,0.72418
59,1,0.723587
59,2,0.722434
59,3,0.720792
59,4,0.718775
59,5,0.716526
59,6,0.714212
59,7,0.711993
59,8,0.709979
59,9,0.708223
59,10,0.706704
59,11,0.705337
59,12,0.704013
59,13,0.702636
59,14,0.701151
59,15,0.699558
59,16,0.697912
59,17,0.696305
59,18,0.694849
59,19,0.693656
59,20,0.69283
59,21,0.692463
59,22,0.692621
59,23,0.69332
59,24,0.694511
59,25,0.696061
59,26,0.697758
59,27,0.699342
59,28,0.700563
59,29,0.701237
59,30,0.701291
59,31,0.700782
59,32,0.699875
59,33,0.698786
59,34,0.697718
59,35,0.696811
59,36,0.696119
59,37,0.695613
59,38,0.69524
59,39,0.694957
59,40,0.694767
59,41,0.694724
59,42,0.694893
59,43,0.695302
59,44,0.695895
59,45,0.696523
59,46,0.69697
59,47,0.697027
59,48,0.696563
59,49,0.695577
59,50,0.694201
59,51,0.69266
59,52,0.691206
59,53,0.690036
59,54,0.689252
59,55,0.688845
59,56,0.688715
59,57,0.688717
59,58,0.688712
59,59,0.688608
59,60,0.688384
59,61,0.688094
59,62,0.68785
59,63,0.687792
59,64,0.688032
59,65,0.688635
59,66,0.689584
59,67,0.690788
59,68,0.692109
59,69,0.693402
59,70,0.694551
59,71,0.695497
59,72,0.696228
59,73,0.696768
59,74,0.697138
59,75,0.69734
59,76,0.697352
59,77,0.697145
59,78,0.69672
59,79,0.696126
59,80,0.695457
59,81,0.694833
59,82,0.694355
59,83,0.69407
59,84,0.69397
59,85,0.693995
59,86,0.694081
59,87,0.694185
59,88,0.6943
59,89,0.694448
59,90,0.694656
59,91,0.694929
59,92,0.695242
59,93,0.695548
59,94,0.695793
59,95,0.695927
60,0,0.721391
60,1,0.720834
60,2,0.719758
60,3,0.718236
60,4,0.716389
60,5,0.714362
60,6,0.712319
60,7,0.710402
60,8,0.708702
60,9,0.707242
60,10,0.70597
60,11,0.704782
60,12,0.703557
60,13,0.702196
60,14,0.700657
60,15,0.698956
60,16,0.697166
60,17,0.6954
60,18,0.693785
60,19,0.692449
60,20,0.69151
60,21,0.691068
60,22,0.691191
60,23,0.6919
60,24,0.693143
60,25,0.694782
60,26,0.696599
60,27,0.698319
60,28,0.699676
60,29,0.700466
60,30,0.700606
60,31,0.700153
60,32,0.699285
60,33,0.698238
60,34,0.697239
60,35,0.696448
60,36,0.695922
60,37,0.695627
60,38,0.695494
60,39,0.695457
60,40,0.695501
60,41,0.695657
60,42,0.695981
60,43,0.696488
60,44,0.697121
60,45,0.697727
60,46,0.698094
60,47,0.698012
60,48,0.697354
60,49,0.696121
60,50,0.694461
60,51,0.692622
60,52,0.690888
60,53,0.689498
60,54,0.688584
60,55,0.688157
60,56,0.688111
60,57,0.688275
60,58,0.688459
60,59,0.688515
60,60,0.688374
60,61,0.688055
60,62,0.687658
60,63,0.68733
60,64,0.687206
60,65,0.687381
60,66,0.687869
60,67,0.688611
60,68,0.689499
60,69,0.690419
60,70,0.691287
60,71,0.692068
60,72,0.692773
60,73,0.693433
60,74,0.694069
60,75,0.694666
60,76,0.695174
60,77,0.695525
60,78,0.695674
60,79,0.695625
60,80,0.695437
60,81,0.695211
60,82,0.695049
60,83,0.695016
60,84,0.695125
60,85,0.695333
60,86,0.695576
60,87,0.695795
60,88,0.695958
60,89,0.696064
60,90,0.696131
60,91,0.69618
60,92,0.696222
60,93,0.696258
60,94,0.696287
60,95,0.696301
61,0,0.71872
61,1,0.718231
61,2,0.717286
61,3,0.715951
61,4,0.714336
61,5,0.71257
61,6,0.7108
61,7,0.709152
61,8,0.707698
61,9,0.706442
61,10,0.705321
61,11,0.704224
61,12,0.70303
61,13,0.701647
61,14,0.700039
61,15,0.698231
61,16,0.696307
61,17,0.694388
61,18,0.692617
61,19,0.691138
61,20,0.690085
61,21,0.68957
61,22,0.689669
61,23,0.6904
61,24,0.691703
61,25,0.693432
61,26,0.695355
61,27,0.697187
61,28,0.698654
61,29,0.699552
61,30,0.6998
61,31,0.699468
61,32,0.698746
61,33,0.697887
61,34,0.697122
61,35,0.696606
61,36,0.69638
61,37,0.696387
61,38,0.696531
61,39,0.696724
61,40,0.696935
61,41,0.697191
61,42,0.69755
61,43,0.698039
61,44,0.698614
61,45,0.699137
61,46,0.699411
61,47,0.699232
61,48,0.698471
61,49,0.697123
61,50,0.695331
61,51,0.693341
61,52,0.691449
61,53,0.68991
61,54,0.688883
61,55,0.688397
61,56,0.68835
61,57,0.688556
61,58,0.688796
61,59,0.688882
61,60,0.688708
61,61,0.688268
61,62,0.687656
61,63,0.687026
61,64,0.686535
61,65,0.686305
61,66,0.686381
61,67,0.686732
61,68,0.687279
61,69,0.687936
61,70,0.688645
61,71,0.689389
61,72,0.69019
61,73,0.69108
61,74,0.692067
61,75,0.693113
61,76,0.694139
61,77,0.695039
61,78,0.695725
61,79,0.696161
61,80,0.696378
61,81,0.696462
61,82,0.696522
61,83,0.696646
61,84,0.696871
61,85,0.697173
61,86,0.697485
61,87,0.697732
61,88,0.697849
61,89,0.697811
61,90,0.697629
61,91,0.69734
61,92,0.696997
61,93,0.696665
61,94,0.696403
61,95,0.696258
62,0,0.716532
62,1,0.716146
62,2,0.715394
62,3,0.714315
62,4,0.712989
62,5,0.711512
62,6,0.710001
62,7,0.708558
62,8,0.707243
62,9,0.706057
62,10,0.704943
62,11,0.703803
62,12,0.702532
62,13,0.701051
62,14,0.699334
62,15,0.697409
62,16,0.695359
62,17,0.693311
62,18,0.691413
62,19,0.689824
62,20,0.688694
62,21,0.688147
62,22,0.688261
62,23,0.68905
62,24,0.690437
62,25,0.692259
62,26,0.694269
62,27,0.696177
62,28,0.697713
62,29,0.698689
62,30,0.699043
62,31,0.69887
62,32,0.698374
62,33,0.697812
62,34,0.697408
62,35,0.697288
62,36,0.697459
62,37,0.697823
62,38,0.69825
62,39,0.69863
62,40,0.698925
62,41,0.69917
62,42,0.699443
62,43,0.699798
62,44,0.700223
62,45,0.700611
62,46,0.70079
62,47,0.700569
62,48,0.699816
62,49,0.698509
62,50,0.696765
62,51,0.694805
62,52,0.692906
62,53,0.691321
62,54,0.690219
62,55,0.689643
62,56,0.689505
62,57,0.689623
62,58,0.689768
62,59,0.689738
62,60,0.689405
62,61,0.688751
62,62,0.687867
62,63,0.686917
62,64,0.686075
62,65,0.685486
62,66,0.685221
62,67,0.685276
62,68,0.685595
62,69,0.686116
62,70,0.686798
62,71,0.687634
62,72,0.688645
62,73,0.689851
62,74,0.691241
62,75,0.692749
62,76,0.694265
62,77,0.695648
62,78,0.696777
62,79,0.697584
62,80,0.698079
62,81,0.698346
62,82,0.698506
62,83,0.698674
62,84,0.698916
62,85,0.699226
62,86,0.699537
62,87,0.699753
62,88,0.699776
62,89,0.699551
62,90,0.699076
62,91,0.698404
62,92,0.697633
62,93,0.696891
62,94,0.696307
62,95,0.695984
63,0,0.715082
63,1,0.714833
63,2,0.714332
63,3,0.713575
63,4,0.712589
63,5,0.711417
63,6,0.710134
63,7,0.708815
63,8,0.707513
63,9,0.70624
63,10,0.704966
63,11,0.703627
63,12,0.70215
63,13,0.700479
63,14,0.6986
63,15,0.696543
63,16,0.694385
63,17,0.692247
63,18,0.69028
63,19,0.688649
63,20,0.687514
63,21,0.687007
63,22,0.687206
63,23,0.688108
63,24,0.689616
63,25,0.691541
63,26,0.69362
63,27,0.695562
63,28,0.697113
63,29,0.698117
63,30,0.698547
63,31,0.69853
63,32,0.698287
63,33,0.698075
63,34,0.69809
63,35,0.69842
63,36,0.699019
63,37,0.69974
63,38,0.700412
63,39,0.700908
63,40,0.701188
63,41,0.701305
63,42,0.701372
63,43,0.701484
63,44,0.701676
63,45,0.701884
63,46,0.701971
63,47,0.701763
63,48,0.701127
63,49,0.700017
63,50,0.698504
63,51,0.696763
63,52,0.695024
63,53,0.693516
63,54,0.692399
63,55,0.691727
63,56,0.691433
63,57,0.691356
63,58,0.69128
63,59,0.691008
63,60,0.690416
63,61,0.689481
63,62,0.688298
63,63,0.687036
63,64,0.68588
63,65,0.684993
63,66,0.684466
63,67,0.684315
63,68,0.684509
63,69,0.685002
63,70,0.685762
63,71,0.686785
63,72,0.688079
63,73,0.689644
63,74,0.691443
63,75,0.69338
63,76,0.695315
63,77,0.697079
63,78,0.698525
63,79,0.699565
63,80,0.7002
63,81,0.700514
63,82,0.700648
63,83,0.700748
63,84,0.70091
63,85,0.701151
63,86,0.701407
63,87,0.70156
63,88,0.70148
63,89,0.701079
63,90,0.700334
63,91,0.699309
63,92,0.698139
63,93,0.697011
63,94,0.696122
63,95,0.69563
64,0,0.714471
64,1,0.714388
64,2,0.714186
64,3,0.713803
64,4,0.713193
64,5,0.712331
64,6,0.711236
64,7,0.709955
64,8,0.708541
64,9,0.707032
64,10,0.705442
64,11,0.703757
64,12,0.701952
64,13,0.700004
64,14,0.697917
64,15,0.695721
64,16,0.693485
64,17,0.691317
64,18,0.689361
64,19,0.687778
64,20,0.686735
64,21,0.686362
64,22,0.686727
64,23,0.687809
64,24,0.689479
64,25,0.69152
64,26,0.693651
64,27,0.695584
64,28,0.69709
64,29,0.698054
64,30,0.6985
64,31,0.698591
64,32,0.698571
64,33,0.698686
64,34,0.699104
64,35,0.69986
64,36,0.700847
64,37,0.701865
64,38,0.702704
64,39,0.703218
64,40,0.703373
64,41,0.703249
64,42,0.703001
64,43,0.702775
64,44,0.70266
64,45,0.702647
64,46,0.70264
64,47,0.702488
64,48,0.702057
64,49,0.701271
64,50,0.700148
64,51,0.698794
64,52,0.697377
64,53,0.696074
64,54,0.695024
64,55,0.694285
64,56,0.693812
64,57,0.693479
64,58,0.693106
64,59,0.692524
64,60,0.691623
64,61,0.690393
64,62,0.688929
64,63,0.687398
64,64,0.685991
64,65,0.684878
64,66,0.684162
64,67,0.683879
64,68,0.684017
64,69,0.684543
64,70,0.685434
64,71,0.686679
64,72,0.688271
64,73,0.690182
64,74,0.692346
64,75,0.694639
64,76,0.696894
64,77,0.698922
64,78,0.700559
64,79,0.701704
64,80,0.702354
64,81,0.7026
64,82,0.702603
64,83,0.702536
64,84,0.702532
64,85,0.702632
64,86,0.70278
64,87,0.702848
64,88,0.702676
64,89,0.702142
64,90,0.701199
64,91,0.699911
64,92,0.698436
64,93,0.697008
64,94,0.695877
64,95,0.69525
65,0,0.714643
65,1,0.714743
65,2,0.714869
65,3,0.714887
65,4,0.714667
65,5,0.714102
65,6,0.713152
65,7,0.711834
65,8,0.710209
65,9,0.708349
65,10,0.706326
65,11,0.70419
65,12,0.701973
65,13,0.699695
65,14,0.69738
65,15,0.695061
65,16,0.692794
65,17,0.690671
65,18,0.688817
65,19,0.687386
65,20,0.686535
65,21,0.686389
65,22,0.687
65,23,0.688321
65,24,0.690191
65,25,0.692358
65,26,0.694524
65,27,0.696404
65,28,0.6978
65,29,0.698646
65,30,0.69902
65,31,0.699132
65,32,0.699246
65,33,0.699602
65,34,0.700334
65,35,0.70142
65,36,0.702696
65,37,0.703906
65,38,0.704804
65,39,0.705227
65,40,0.70515
65,41,0.704686
65,42,0.704032
65,43,0.703391
65,44,0.70291
65,45,0.702637
65,46,0.702523
65,47,0.702445
65,48,0.702271
65,49,0.701894
65,50,0.701273
65,51,0.700437
65,52,0.699473
65,53,0.698496
65,54,0.697605
65,55,0.696855
65,56,0.696225
65,57,0.695634
65,58,0.694951
65,59,0.694054
65,60,0.692864
65,61,0.691383
65,62,0.689707
65,63,0.687994
65,64,0.686426
65,65,0.685167
65,66,0.684329
65,67,0.68396
65,68,0.684068
65,69,0.684638
65,70,0.685651
65,71,0.687091
65,72,0.688933
65,73,0.691125
65,74,0.69357
65,75,0.696118
65,76,0.698585
65,77,0.700766
65,78,0.702487
65,79,0.703641
65,80,0.70422
65,81,0.704319
65,82,0.704114
65,83,0.703805
65,84,0.703555
65,85,0.703438
65,86,0.703419
65,87,0.703368
65,88,0.703111
65,89,0.702497
65,90,0.701454
65,91,0.70003
65,92,0.698392
65,93,0.696794
65,94,0.695522
65,95,0.694815
66,0,0.715422
66,1,0.715705
66,2,0.716153
66,3,0.716562
66,4,0.716712
66,5,0.716414
66,6,0.715566
66,7,0.714157
66,8,0.71226
66,9,0.70999
66,10,0.707481
66,11,0.704852
66,12,0.702199
66,13,0.699586
66,14,0.697062
66,15,0.694664
66,16,0.692431
66,17,0.690435
66,18,0.688778
66,19,0.687592
66,20,0.687022
66,21,0.687177
66,22,0.688092
66,23,0.689693
66,24,0.691782
66,25,0.694076
66,26,0.696257
66,27,0.698044
66,28,0.69927
66,29,0.699918
66,30,0.700124
66,31,0.700145
66,32,0.70027
66,33,0.700735
66,34,0.70164
66,35,0.702918
66,36,0.704346
66,37,0.705621
66,38,0.706461
66,39,0.706693
66,40,0.7063
66,41,0.705423
66,42,0.704304
66,43,0.703196
66,44,0.702307
66,45,0.70174
66,46,0.701495
66,47,0.701481
66,48,0.701571
66,49,0.701632
66,50,0.701566
66,51,0.701322
66,52,0.7009
66,53,0.70034
66,54,0.699695
66,55,0.699004
66,56,0.698273
66,57,0.697467
66,58,0.696519
66,59,0.695361
66,60,0.693956
66,61,0.692324
66,62,0.690552
66,63,0.688779
66,64,0.687162
66,65,0.685848
66,66,0.684947
66,67,0.684521
66,68,0.684595
66,69,0.685177
66,70,0.686257
66,71,0.687818
66,72,0.68982
66,73,0.692189
66,74,0.694804
66,75,0.697496
66,76,0.700067
66,77,0.702306
66,78,0.704033
66,79,0.705134
66,80,0.705595
66,81,0.705507
66,82,0.705049
66,83,0.704439
66,84,0.703871
66,85,0.703455
66,86,0.703191
66,87,0.702969
66,88,0.702617
66,89,0.701969
66,90,0.700925
66,91,0.699509
66,92,0.69787
66,93,0.696259
66,94,0.694969
66,95,0.69425
67,0,0.716555
67,1,0.716995
67,2,0.717722
67,3,0.718466
67,4,0.718926
67,5,0.71884
67,6,0.71805
67,7,0.716525
67,8,0.714347
67,9,0.711673
67,10,0.708699
67,11,0.70561
67,12,0.702563
67,13,0.699668
67,14,0.696996
67,15,0.694587
67,16,0.692466
67,17,0.690678
67,18,0.689295
67,19,0.688425
67,20,0.688193
67,21,0.688691
67,22,0.689935
67,23,0.691824
67,24,0.69413
67,25,0.696539
67,26,0.698712
67,27,0.700372
67,28,0.701378
67,29,0.701759
67,30,0.701706
67,31,0.701523
67,32,0.701526
67,33,0.70195
67,34,0.702874
67,35,0.704189
67,36,0.705626
67,37,0.706841
67,38,0.707525
67,39,0.707492
67,40,0.706733
67,41,0.705411
67,42,0.703804
67,43,0.702213
67,44,0.700895
67,45,0.700009
67,46,0.699602
67,47,0.699618
67,48,0.699939
67,49,0.700414
67,50,0.700894
67,51,0.701255
67,52,0.70141
67,53,0.70132
67,54,0.700985
67,55,0.700424
67,56,0.699661
67,57,0.698712
67,58,0.697577
67,59,0.696252
67,60,0.694745
67,61,0.693092
67,62,0.691366
67,63,0.689673
67,64,0.688131
67,65,0.686858
67,66,0.685953
67,67,0.68549
67,68,0.685515
67,69,0.686061
67,70,0.687135
67,71,0.688723
67,72,0.690778
67,73,0.693208
67,74,0.695876
67,75,0.6986
67,76,0.701178
67,77,0.703397
67,78,0.705077
67,79,0.706094
67,80,0.706422
67,81,0.706133
67,82,0.705401
67,83,0.704448
67,84,0.703495
67,85,0.702697
67,86,0.702102
67,87,0.701644
67,88,0.70117
67,89,0.700516
67,90,0.699558
67,91,0.698283
67,92,0.696805
67,93,0.69534
67,94,0.694159
67,95,0.693496
68,0,0.717773
68,1,0.718322
68,2,0.71924
68,3,0.720211
68,4,0.72088
68,5,0.720926
68,6,0.720153
68,7,0.718511
68,8,0.716091
68,9,0.713085
68,10,0.709739
68,11,0.706294
68,12,0.702959
68,13,0.699883
68,14,0.697158
68,15,0.694822
68,16,0.692887
68,17,0.691369
68,18,0.690309
68,19,0.689789
68,20,0.689911
68,21,0.690752
68,22,0.69231
68,23,0.694465
68,24,0.696962
68,25,0.699461
68,26,0.701603
68,27,0.70311
68,28,0.703862
68,29,0.703929
68,30,0.70355
68,31,0.703071
68,32,0.702837
68,33,0.703089
68,34,0.703891
68,35,0.705105
68,36,0.706429
68,37,0.707488
68,38,0.70795
68,39,0.707619
68,40,0.706489
68,41,0.704737
68,42,0.702666
68,43,0.700612
68,44,0.698877
68,45,0.697663
68,46,0.697063
68,47,0.697058
68,48,0.697545
68,49,0.698364
68,50,0.699327
68,51,0.700247
68,52,0.70096
68,53,0.70135
68,54,0.701358
68,55,0.70098
68,56,0.700253
68,57,0.699241
68,58,0.698011
68,59,0.696624
68,60,0.695136
68,61,0.693596
68,62,0.692058
68,63,0.690581
68,64,0.689234
68,65,0.688097
68,66,0.687251
68,67,0.686778
68,68,0.686748
68,69,0.687221
68,70,0.688227
68,71,0.68976
68,72,0.69177
68,73,0.694153
68,74,0.696765
68,75,0.69942
68,76,0.701919
68,77,0.704054
68,78,0.705645
68,79,0.70656
68,80,0.706751
68,81,0.706263
68,82,0.705247
68,83,0.703924
68,84,0.702534
68,85,0.701283
68,86,0.700279
68,87,0.699519
68,88,0.698893
68,89,0.698248
68,90,0.697443
68,91,0.696422
68,92,0.695241
68,93,0.694059
68,94,0.693095
68,95,0.692551
69,0,0.718849
69,1,0.719435
69,2,0.72042
69,3,0.72147
69,4,0.722207
69,5,0.722285
69,6,0.721486
69,7,0.719749
69,8,0.717168
69,9,0.713956
69,10,0.710389
69,11,0.706746
69,12,0.703274
69,13,0.700149
69,14,0.697476
69,15,0.695295
69,16,0.6936
69,17,0.692381
69,18,0.691653
69,19,0.691472
69,20,0.691921
69,21,0.693063
69,22,0.694889
69,23,0.697261
69,24,0.699905
69,25,0.702459
69,26,0.704547
69,27,0.705889
69,28,0.706379
69,29,0.706116
69,30,0.705381
69,31,0.704556
69,32,0.704012
69,33,0.703999
69,34,0.704576
69,35,0.705588
69,36,0.706713
69,37,0.707557
69,38,0.707773
69,39,0.707156
69,40,0.705696
69,41,0.703577
69,42,0.701112
69,43,0.698658
69,44,0.696547
69,45,0.695019
69,46,0.694206
69,47,0.694123
69,48,0.694691
69,49,0.695751
69,50,0.697091
69,51,0.698477
69,52,0.699679
69,53,0.700514
69,54,0.700866
69,55,0.700702
69,56,0.700067
69,57,0.699066
69,58,0.697828
69,59,0.696479
69,60,0.695119
69,61,0.693807
69,62,0.692572
69,63,0.691424
69,64,0.690374
69,65,0.689456
69,66,0.688733
69,67,0.68829
69,68,0.688221
69,69,0.688613
69,70,0.689518
69,71,0.690941
69,72,0.692833
69,73,0.695085
69,74,0.69755
69,75,0.700049
69,76,0.702393
69,77,0.704388
69,78,0.705854
69,79,0.70665
69,80,0.706701
69,81,0.706017
69,82,0.704717
69,83,0.703011
69,84,0.701156
69,85,0.699409
69,86,0.697949
69,87,0.696845
69,88,0.696045
69,89,0.69542
69,90,0.694814
69,91,0.694123
69,92,0.693334
69,93,0.69253
69,94,0.69186
69,95,0.691478
70,0,0.71961
70,1,0.720151
70,2,0.721055
70,3,0.722011
70,4,0.722655
70,5,0.722654
70,6,0.72179
70,7,0.719998
70,8,0.717368
70,9,0.714112
70,10,0.710513
70,11,0.706865
70,12,0.70343
70,13,0.700399
70,14,0.697883
70,15,0.695916
70,16,0.694481
70,17,0.693549
70,18,0.693114
70,19,0.693214
70,20,0.693921
70,21,0.695292
70,22,0.69731
70,23,0.69983
70,24,0.702564
70,25,0.705133
70,26,0.707148
70,27,0.708324
70,28,0.708565
70,29,0.707993
70,30,0.706915
70,31,0.705742
70,32,0.704866
70,33,0.704547
70,34,0.704845
70,35,0.705598
70,36,0.706478
70,37,0.707085
70,38,0.707067
70,39,0.706212
70,40,0.704505
70,41,0.702121
70,42,0.699373
70,43,0.696622
70,44,0.694213
70,45,0.692412
70,46,0.691381
70,47,0.691171
70,48,0.691729
70,49,0.692908
70,50,0.694492
70,51,0.696215
70,52,0.697802
70,53,0.699011
70,54,0.699679
70,55,0.69974
70,56,0.69924
70,57,0.698315
70,58,0.697148
70,59,0.695922
70,60,0.694775
70,61,0.693772
70,62,0.692919
70,63,0.692172
70,64,0.691489
70,65,0.690856
70,66,0.690315
70,67,0.689952
70,68,0.689882
70,69,0.690214
70,70,0.691018
70,71,0.692308
70,72,0.694036
70,73,0.696096
70,74,0.698345
70,75,0.700616
70,76,0.70274
70,77,0.70454
70,78,0.705845
70,79,0.706501
70,80,0.706405
70,81,0.70553
70,82,0.703956
70,83,0.701878
70,84,0.699567
70,85,0.697327
70,86,0.695411
70,87,0.693963
70,88,0.692994
70,89,0.692403
70,90,0.692021
70,91,0.691696
70,92,0.691341
70,93,0.690956
70,94,0.690614
70,95,0.690411
71,0,0.719959
71,1,0.72037
71,2,0.721047
71,3,0.721735
71,4,0.722127
71,5,0.72194
71,6,0.72098
71,7,0.719187
71,8,0.716634
71,9,0.713512
71,10,0.710087
71,11,0.706636
71,12,0.703414
71,13,0.700609
71,14,0.698327
71,15,0.696601
71,16,0.695405
71,17,0.6947
71,18,0.694474
71,19,0.694758
71,20,0.695623
71,21,0.697124
71,22,0.699244
71,23,0.701834
71,24,0.704596
71,25,0.707139
71,26,0.709068
71,27,0.710092
71,28,0.710122
71,29,0.709292
71,30,0.707928
71,31,0.706456
71,32,0.70528
71,33,0.704665
71,34,0.704674
71,35,0.705151
71,36,0.705773
71,37,0.706148
71,38,0.70593
71,39,0.704908
71,40,0.703059
71,41,0.700542
71,42,0.69765
71,43,0.694735
71,44,0.692136
71,45,0.690129
71,46,0.688899
71,47,0.688527
71,48,0.688989
71,49,0.690163
71,50,0.691843
71,51,0.693754
71,52,0.695597
71,53,0.697089
71,54,0.698024
71,55,0.698308
71,56,0.697979
71,57,0.697194
71,58,0.696173
71,59,0.695142
71,60,0.694269
71,61,0.693625
71,62,0.693189
71,63,0.692874
71,64,0.692588
71,65,0.692277
71,66,0.691962
71,67,0.691729
71,68,0.691704
71,69,0.692011
71,70,0.692732
71,71,0.693885
71,72,0.695425
71,73,0.697248
71,74,0.699226
71,75,0.701212
71,76,0.703063
71,77,0.704624
71,78,0.705733
71,79,0.70623
71,80,0.705982
71,81,0.704927
71,82,0.703109
71,83,0.700704
71,84,0.697992
71,85,0.695319
71,86,0.693004
71,87,0.69126
71,88,0.690156
71,89,0.689617
71,90,0.689463
71,91,0.689496
71,92,0.68956
71,93,0.689577
71,94,0.689549
71,95,0.689517
72,0,0.719877
72,1,0.720087
72,2,0.720411
72,3,0.720682
72,4,0.720689
72,5,0.720228
72,6,0.719154
72,7,0.717417
72,8,0.715067
72,9,0.712254
72,10,0.709196
72,11,0.706129
72,12,0.703276
72,13,0.700803
72,14,0.698806
72,15,0.697311
72,16,0.696293
72,17,0.695719
72,18,0.695583
72,19,0.695928
72,20,0.696831
72,21,0.698353
72,22,0.70048
72,23,0.703058
72,24,0.705785
72,25,0.708265
72,26,0.710097
72,27,0.710994
72,28,0.71087
72,29,0.709863
72,30,0.708306
72,31,0.706624
72,32,0.70522
72,33,0.704358
72,34,0.704105
72,35,0.704313
72,36,0.70468
72,37,0.70484
72,38,0.704465
72,39,0.703353
72,40,0.701473
72,41,0.698962
72,42,0.696081
72,43,0.693151
72,44,0.690491
72,45,0.68837
72,46,0.686983
72,47,0.686433
72,48,0.686728
72,49,0.687779
72,50,0.689407
72,51,0.691351
72,52,0.693308
72,53,0.694975
72,54,0.696118
72,55,0.696616
72,56,0.696496
72,57,0.695916
72,58,0.695119
72,59,0.694355
72,60,0.693807
72,61,0.693548
72,62,0.693534
72,63,0.693645
72,64,0.693751
72,65,0.693767
72,66,0.693697
72,67,0.693626
72,68,0.693683
72,69,0.693998
72,70,0.694654
72,71,0.69567
72,72,0.697002
72,73,0.698555
72,74,0.700219
72,75,0.701875
72,76,0.703411
72,77,0.704699
72,78,0.705588
72,79,0.705914
72,80,0.705522
72,81,0.704317
72,82,0.70231
72,83,0.699658
72,84,0.696648
72,85,0.693657
72,86,0.691051
72,87,0.689102
72,88,0.687922
72,89,0.687455
72,90,0.687511
72,91,0.687854
72,92,0.688272
72,93,0.688624
72,94,0.688854
72,95,0.688962
73,0,0.719404
73,1,0.719363
73,2,0.71925
73,3,0.719002
73,4,0.718532
73,5,0.717742
73,6,0.716551
73,7,0.714923
73,8,0.712883
73,9,0.710523
73,10,0.707993
73,11,0.705462
73,12,0.703097
73,13,0.70103
73,14,0.699334
73,15,0.698032
73,16,0.697108
73,17,0.69655
73,18,0.696375
73,19,0.696649
73,20,0.697468
73,21,0.698905
73,22,0.700946
73,23,0.703437
73,24,0.706072
73,25,0.708455
73,26,0.710191
73,27,0.710997
73,28,0.71079
73,29,0.709708
73,30,0.708074
73,31,0.706298
73,32,0.704767
73,33,0.703733
73,34,0.70326
73,35,0.703221
73,36,0.703344
73,37,0.703303
73,38,0.702804
73,39,0.701666
73,40,0.699854
73,41,0.697477
73,42,0.694754
73,43,0.691959
73,44,0.689373
73,45,0.687241
73,46,0.685752
73,47,0.685027
73,48,0.685102
73,49,0.685929
73,50,0.687368
73,51,0.689193
73,52,0.691121
73,53,0.692852
73,54,0.69414
73,55,0.694843
73,56,0.694971
73,57,0.694673
73,58,0.694187
73,59,0.693766
73,60,0.693595
73,61,0.693737
73,62,0.694133
73,63,0.694638
73,64,0.6951
73,65,0.695416
73,66,0.695582
73,67,0.695676
73,68,0.695827
73,69,0.696161
73,70,0.696756
73,71,0.697626
73,72,0.698729
73,73,0.699982
73,74,0.701299
73,75,0.702594
73,76,0.70379
73,77,0.704784
73,78,0.705445
73,79,0.705606
73,80,0.705094
73,81,0.703789
73,82,0.701677
73,83,0.698896
73,84,0.695731
73,85,0.692576
73,86,0.689828
73,87,0.687792
73,88,0.686608
73,89,0.686229
73,90,0.686458
73,91,0.687033
73,92,0.687702
73,93,0.688285
73,94,0.68869
73,95,0.688892
74,0,0.718639
74,1,0.718328
74,2,0.717741
74,3,0.716933
74,4,0.715948
74,5,0.714806
74,6,0.713501
74,7,0.712021
74,8,0.710361
74,9,0.708548
74,10,0.706648
74,11,0.704748
74,12,0.702945
74,13,0.701318
74,14,0.699915
74,15,0.698755
74,16,0.697841
74,17,0.697189
74,18,0.696857
74,19,0.696946
74,20,0.697577
74,21,0.698836
74,22,0.700714
74,23,0.703052
74,24,0.705548
74,25,0.707812
74,26,0.709459
74,27,0.710218
74,28,0.710009
74,29,0.708962
74,30,0.707377
74,31,0.705634
74,32,0.704084
74,33,0.702957
74,34,0.702317
74,35,0.702054
74,36,0.70194
74,37,0.701704
74,38,0.701103
74,39,0.699984
74,40,0.698313
74,41,0.696173
74,42,0.693732
74,43,0.691204
74,44,0.688816
74,45,0.686774
74,46,0.685251
74,47,0.684369
74,48,0.684192
74,49,0.684714
74,50,0.685845
74,51,0.687414
74,52,0.68918
74,53,0.690866
74,54,0.692234
74,55,0.693133
74,56,0.693551
74,57,0.693612
74,58,0.693531
74,59,0.693537
74,60,0.693797
74,61,0.694356
74,62,0.695138
74,63,0.695988
74,64,0.696745
74,65,0.697304
74,66,0.697661
74,67,0.697891
74,68,0.698119
74,69,0.698459
74,70,0.69898
74,71,0.699689
74,72,0.700544
74,73,0.701477
74,74,0.702429
74,75,0.703348
74,76,0.704194
74,77,0.704895
74,78,0.705335
74,79,0.70535
74,80,0.70476
74,81,0.703424
74,82,0.701308
74,83,0.698535
74,84,0.695379
74,85,0.692234
74,86,0.689505
74,87,0.687508
74,88,0.686392
74,89,0.686113
74,90,0.686468
74,91,0.68718
74,92,0.687983
74,93,0.68868
74,94,0.689168
74,95,0.689414
75,0,0.717712
75,1,0.717139
75,2,0.716093
75,3,0.71474
75,4,0.713251
75,5,0.711764
75,6,0.710351
75,7,0.709026
75,8,0.707759
75,9,0.706516
75,10,0.705274
75,11,0.70403
75,12,0.702803
75,13,0.701614
75,14,0.700482
75,15,0.699419
75,16,0.698451
75,17,0.697633
75,18,0.697067
75,19,0.696895
75,20,0.697267
75,21,0.698285
75,22,0.699942
75,23,0.702081
75,24,0.704406
75,25,0.70654
75,26,0.708117
75,27,0.708882
75,28,0.708756
75,29,0.707856
75,30,0.706443
75,31,0.704851
75,32,0.703386
75,33,0.702246
75,34,0.701486
75,35,0.701023
75,36,0.70068
75,37,0.700251
75,38,0.699553
75,39,0.698474
75,40,0.696988
75,41,0.69515
75,42,0.693074
75,43,0.690908
75,44,0.688815
75,45,0.686949
75,46,0.685451
75,47,0.684439
75,48,0.683995
75,49,0.684155
75,50,0.684889
75,51,0.686089
75,52,0.687576
75,53,0.689121
75,54,0.69051
75,55,0.691594
75,56,0.69234
75,57,0.692834
75,58,0.693247
75,59,0.693762
75,60,0.694503
75,61,0.695489
75,62,0.696626
75,63,0.697757
75,64,0.698727
75,65,0.699447
75,66,0.699919
75,67,0.700227
75,68,0.700488
75,69,0.700805
75,70,0.701235
75,71,0.701772
75,72,0.702375
75,73,0.70299
75,74,0.703584
75,75,0.704139
75,76,0.704649
75,77,0.705072
75,78,0.705311
75,79,0.70521
75,80,0.704586
75,81,0.70329
75,82,0.701272
75,83,0.698639
75,84,0.695648
75,85,0.692675
75,86,0.690115
75,87,0.68827
75,88,0.687284
75,89,0.687108
75,90,0.687537
75,91,0.688297
75,92,0.689124
75,93,0.689829
75,94,0.690315
75,95,0.690558
76,0,0.716762
76,1,0.715962
76,2,0.714515
76,3,0.712679
76,4,0.710737
76,5,0.70893
76,6,0.707402
76,7,0.706199
76,8,0.705276
76,9,0.704544
76,10,0.703902
76,11,0.703265
76,12,0.702572
76,13,0.701787
76,14,0.700895
76,15,0.699904
76,16,0.69886
76,17,0.697855
76,18,0.697035
76,19,0.696582
76,20,0.696671
76,21,0.697419
76,22,0.698825
76,23,0.700739
76,24,0.702878
76,25,0.704886
76,26,0.706424
76,27,0.707251
76,28,0.70729
76,29,0.706634
76,30,0.705498
76,31,0.704159
76,32,0.702865
76,33,0.701777
76,34,0.700944
76,35,0.70031
76,36,0.699752
76,37,0.699137
76,38,0.698346
76,39,0.697315
76,40,0.696027
76,41,0.694516
76,42,0.692841
76,43,0.691087
76,44,0.689344
76,45,0.687707
76,46,0.686278
76,47,0.685161
76,48,0.684448
76,49,0.684215
76,50,0.684492
76,51,0.685243
76,52,0.686366
76,53,0.687694
76,54,0.689056
76,55,0.690313
76,56,0.691413
76,57,0.692398
76,58,0.693376
76,59,0.694461
76,60,0.69572
76,61,0.697128
76,62,0.698572
76,63,0.699902
76,64,0.700984
76,65,0.701756
76,66,0.702247
76,67,0.702553
76,68,0.702793
76,69,0.703059
76,70,0.70339
76,71,0.70377
76,72,0.704151
76,73,0.704488
76,74,0.704769
76,75,0.705005
76,76,0.705219
76,77,0.705398
76,78,0.705463
76,79,0.705273
76,80,0.704651
76,81,0.703447
76,82,0.701603
76,83,0.69921
76,84,0.696502
76,85,0.693828
76,86,0.691549
76,87,0.689942
76,88,0.68913
76,89,0.689056
76,90,0.689519
76,91,0.690256
76,92,0.691024
76,93,0.691658
76,94,0.692081
76,95,0.692287
77,0,0.715934
77,1,0.714959
77,2,0.713197
77,3,0.710974
77,4,0.708653
77,5,0.706557
77,6,0.704891
77,7,0.703735
77,8,0.703039
77,9,0.702681
77,10,0.702503
77,11,0.702349
77,12,0.702093
77,13,0.701647
77,14,0.700965
77,15,0.700046
77,16,0.698949
77,17,0.697795
77,18,0.696764
77,19,0.696064
77,20,0.695893
77,21,0.69638
77,22,0.697535
77,23,0.699218
77,24,0.701172
77,25,0.70307
77,26,0.704601
77,27,0.705544
77,28,0.705817
77,29,0.70548
77,30,0.704697
77,31,0.703681
77,32,0.702623
77,33,0.701644
77,34,0.700788
77,35,0.700025
77,36,0.699288
77,37,0.698512
77,38,0.697643
77,39,0.696661
77,40,0.695563
77,41,0.694365
77,42,0.693081
77,43,0.691733
77,44,0.690344
77,45,0.688951
77,46,0.687609
77,47,0.686402
77,48,0.685429
77,49,0.684796
77,50,0.684591
77,51,0.684855
77,52,0.685567
77,53,0.686633
77,54,0.687935
77,55,0.689353
77,56,0.69082
77,57,0.692325
77,58,0.693903
77,59,0.695584
77,60,0.69736
77,61,0.699154
77,62,0.700832
77,63,0.702256
77,64,0.703327
77,65,0.704029
77,66,0.704431
77,67,0.704654
77,68,0.704827
77,69,0.705033
77,70,0.705292
77,71,0.70557
77,72,0.705807
77,73,0.705956
77,74,0.706016
77,75,0.706017
77,76,0.706005
77,77,0.705988
77,78,0.705911
77,79,0.705649
77,80,0.70504
77,81,0.703943
77,82,0.7023
77,83,0.700192
77,84,0.697827
77,85,0.695515
77,86,0.693579
77,87,0.692256
77,88,0.691642
77,89,0.691669
77,90,0.692142
77,91,0.692818
77,92,0.693485
77,93,0.694006
77,94,0.694336
77,95,0.69449
78,0,0.715346
78,1,0.714255
78,2,0.71228
78,3,0.70978
78,4,0.707166
78,5,0.704811
78,6,0.702968
78,7,0.701748
78,8,0.701113
78,9,0.700934
78,10,0.701019
78,11,0.701169
78,12,0.701213
78,13,0.70102
78,14,0.700517
78,15,0.69969
78,16,0.698601
78,17,0.697382
78,18,0.696228
78,19,0.695364
78,20,0.694994
78,21,0.695258
78,22,0.696179
78,23,0.697642
78,24,0.699421
78,25,0.701227
78,26,0.702782
78,27,0.703878
78,28,0.704425
78,29,0.70445
78,30,0.70406
78,31,0.703406
78,32,0.702624
78,33,0.701803
78,34,0.700983
78,35,0.700158
78,36,0.69931
78,37,0.698429
78,38,0.697518
78,39,0.696593
78,40,0.695666
78,41,0.694737
78,42,0.693789
78,43,0.692791
78,44,0.691711
78,45,0.690531
78,46,0.689266
78,47,0.687974
78,48,0.686754
78,49,0.68574
78,50,0.685069
78,51,0.684854
78,52,0.685153
78,53,0.685951
78,54,0.687182
78,55,0.688752
78,56,0.690579
78,57,0.6926
78,58,0.694766
78,59,0.697018
78,60,0.699261
78,61,0.701362
78,62,0.703168
78,63,0.704559
78,64,0.705483
78,65,0.705986
78,66,0.706194
78,67,0.706268
78,68,0.706352
78,69,0.70652
78,70,0.706775
78,71,0.707053
78,72,0.707274
78,73,0.707376
78,74,0.707353
78,75,0.707242
78,76,0.707101
78,77,0.706954
78,78,0.706765
78,79,0.706433
78,80,0.705817
78,81,0.704796
78,82,0.703325
78,83,0.701477
78,84,0.699442
78,85,0.697492
78,86,0.695903
78,87,0.69487
78,88,0.694458
78,89,0.694587
78,90,0.69507
78,91,0.695684
78,92,0.696248
78,93,0.696658
78,94,0.696897
78,95,0.697
79,0,0.715099
79,1,0.713953
79,2,0.711867
79,3,0.709202
79,4,0.706381
79,5,0.703794
79,6,0.701724
79,7,0.700313
79,8,0.699552
79,9,0.699324
79,10,0.699439
79,11,0.699685
79,12,0.699866
79,13,0.699826
79,14,0.699468
79,15,0.69876
79,16,0.697754
79,17,0.696576
79,18,0.695413
79,19,0.694485
79,20,0.693995
79,21,0.69409
79,22,0.694808
79,23,0.696067
79,24,0.697682
79,25,0.699406
79,26,0.700995
79,27,0.702254
79,28,0.703081
79,29,0.703466
79,30,0.703466
79,31,0.703179
79,32,0.702695
79,33,0.702079
79,34,0.701369
79,35,0.700576
79,36,0.699719
79,37,0.698827
79,38,0.697936
79,39,0.69709
79,40,0.696309
79,41,0.695588
79,42,0.694884
79,43,0.694139
79,44,0.693278
79,45,0.692244
79,46,0.691019
79,47,0.689637
79,48,0.688194
79,49,0.686843
79,50,0.685761
79,51,0.685124
79,52,0.685059
79,53,0.685619
79,54,0.686792
79,55,0.688507
79,56,0.690668
79,57,0.693159
79,58,0.695852
79,59,0.698594
79,60,0.701204
79,61,0.703493
79,62,0.705291
79,63,0.706507
79,64,0.707148
79,65,0.707336
79,66,0.707267
79,67,0.707151
79,68,0.707153
79,69,0.707343
79,70,0.707697
79,71,0.708118
79,72,0.708487
79,73,0.708718
79,74,0.708783
79,75,0.708711
79,76,0.708558
79,77,0.708358
79,78,0.708089
79,79,0.707676
79,80,0.707009
79,81,0.705994
79,82,0.70461
79,83,0.702939
79,84,0.701156
79,85,0.699503
79,86,0.698214
79,87,0.697442
79,88,0.697221
79,89,0.697459
79,90,0.697972
79,91,0.698558
79,92,0.699057
79,93,0.699395
79,94,0.699573
79,95,0.699643
80,0,0.715249
80,1,0.714103
80,2,0.712
80,3,0.709275
80,4,0.706326
80,5,0.703534
80,6,0.701193
80,7,0.699475
80,8,0.698407
80,9,0.697915
80,10,0.697834
80,11,0.697968
80,12,0.698122
80,13,0.698128
80,14,0.697872
80,15,0.697302
80,16,0.696446
80,17,0.695403
80,18,0.694338
80,19,0.693446
80,20,0.692917
80,21,0.692896
80,22,0.693442
80,23,0.694509
80,24,0.695959
80,25,0.697591
80,26,0.699194
80,27,0.700585
80,28,0.701651
80,29,0.70235
80,30,0.702699
80,31,0.702753
80,32,0.702573
80,33,0.702209
80,34,0.701696
80,35,0.701056
80,36,0.700322
80,37,0.699538
80,38,0.698754
80,39,0.69802
80,40,0.697361
80,41,0.696769
80,42,0.6962
80,43,0.69558
80,44,0.694819
80,45,0.693841
80,46,0.692604
80,47,0.691126
80,48,0.689498
80,49,0.687881
80,50,0.686483
80,51,0.685522
80,52,0.685182
80,53,0.685571
80,54,0.686716
80,55,0.688568
80,56,0.691014
80,57,0.693894
80,58,0.697004
80,59,0.700106
80,60,0.702941
80,61,0.705269
80,62,0.706913
80,63,0.707817
80,64,0.708059
80,65,0.707846
80,66,0.707451
80,67,0.70714
80,68,0.707101
80,69,0.707399
80,70,0.707978
80,71,0.708698
80,72,0.709394
80,73,0.709937
80,74,0.710269
80,75,0.710393
80,76,0.710352
80,77,0.71018
80,78,0.709866
80,79,0.709358
80,80,0.70858
80,81,0.707479
80,82,0.706069
80,83,0.704449
80,84,0.702797
80,85,0.701334
80,86,0.700261
80,87,0.699697
80,88,0.699647
80,89,0.700004
80,90,0.700588
80,91,0.701205
80,92,0.701711
80,93,0.702043
80,94,0.702214
80,95,0.702279
81,0,0.715792
81,1,0.714692
81,2,0.712652
81,3,0.709956
81,4,0.706953
81,5,0.703991
81,6,0.701359
81,7,0.699251
81,8,0.697744
81,9,0.696816
81,10,0.696356
81,11,0.696205
81,12,0.696187
81,13,0.696137
81,14,0.69593
81,15,0.695491
81,16,0.694817
81,17,0.693972
81,18,0.693079
81,19,0.692298
81,20,0.691793
81,21,0.691704
81,22,0.692104
81,23,0.692983
81,24,0.69425
81,25,0.695752
81,26,0.69731
81,27,0.698758
81,28,0.699975
81,29,0.700899
81,30,0.701518
81,31,0.701866
81,32,0.701986
81,33,0.70192
81,34,0.701699
81,35,0.701343
81,36,0.700877
81,37,0.700333
81,38,0.69975
81,39,0.699166
81,40,0.698603
81,41,0.69806
81,42,0.697502
81,43,0.69687
81,44,0.696082
81,45,0.695062
81,46,0.693763
81,47,0.692193
81,48,0.690435
81,49,0.688651
81,50,0.687063
81,51,0.685913
81,52,0.685417
81,53,0.685719
81,54,0.686875
81,55,0.688847
81,56,0.691511
81,57,0.694665
81,58,0.698047
81,59,0.701346
81,60,0.704241
81,61,0.706454
81,62,0.707811
81,63,0.708297
81,64,0.708066
81,65,0.70741
81,66,0.706686
81,67,0.706211
81,68,0.706198
81,69,0.7067
81,70,0.707626
81,71,0.708785
81,72,0.709962
81,73,0.710979
81,74,0.711733
81,75,0.712193
81,76,0.712378
81,77,0.712311
81,78,0.711986
81,79,0.711372
81,80,0.710432
81,81,0.709156
81,82,0.707601
81,83,0.705901
81,84,0.704244
81,85,0.702848
81,86,0.701893
81,87,0.701471
81,88,0.701567
81,89,0.70206
81,90,0.702764
81,91,0.703488
81,92,0.704088
81,93,0.7045
81,94,0.704731
81,95,0.704827
82,0,0.716639
82,1,0.71562
82,2,0.713704
82,3,0.711112
82,4,0.708124
82,5,0.70504
82,6,0.70213
82,7,0.699608
82,8,0.697598
82,9,0.696142
82,10,0.695193
82,11,0.694642
82,12,0.694346
82,13,0.694153
82,14,0.693932
82,15,0.693587
82,16,0.693087
82,17,0.692453
82,18,0.691764
82,19,0.691136
82,20,0.690699
82,21,0.690576
82,22,0.690848
82,23,0.691533
82,24,0.692583
82,25,0.693889
82,26,0.69531
82,27,0.696698
82,28,0.697938
82,29,0.698963
82,30,0.699752
82,31,0.700331
82,32,0.700737
82,33,0.70101
82,34,0.701172
82,35,0.701223
82,36,0.701159
82,37,0.700974
82,38,0.700673
82,39,0.700268
82,40,0.699773
82,41,0.699197
82,42,0.698534
82,43,0.697762
82,44,0.69683
82,45,0.695687
82,46,0.694295
82,47,0.692658
82,48,0.690851
82,49,0.689024
82,50,0.687393
82,51,0.686205
82,52,0.685682
82,53,0.685984
82,54,0.687182
82,55,0.689242
82,56,0.692031
82,57,0.695323
82,58,0.69881
82,59,0.702133
82,60,0.704926
82,61,0.706891
82,62,0.707864
82,63,0.707879
82,64,0.707159
82,65,0.70608
82,66,0.70507
82,67,0.704496
82,68,0.704586
82,69,0.705377
82,70,0.706741
82,71,0.708438
82,72,0.7102
82,73,0.711795
82,74,0.713075
82,75,0.713967
82,76,0.714461
82,77,0.714559
82,78,0.714256
82,79,0.71354
82,80,0.712407
82,81,0.710894
82,82,0.709107
82,83,0.707218
82,84,0.705442
82,85,0.704002
82,86,0.703072
82,87,0.70273
82,88,0.702946
82,89,0.703587
82,90,0.704462
82,91,0.705371
82,92,0.706156
82,93,0.706737
82,94,0.707098
82,95,0.707265
83,0,0.717594
83,1,0.716679
83,2,0.714932
83,3,0.712502
83,4,0.709597
83,5,0.706455
83,6,0.703325
83,7,0.70043
83,8,0.697939
83,9,0.695955
83,10,0.694495
83,11,0.693503
83,12,0.692873
83,13,0.692472
83,14,0.69217
83,15,0.691861
83,16,0.691487
83,17,0.691035
83,18,0.690542
83,19,0.690079
83,20,0.689734
83,21,0.689605
83,22,0.689765
83,23,0.690247
83,24,0.691035
83,25,0.692061
83,26,0.693225
83,27,0.694411
83,28,0.695525
83,29,0.696513
83,30,0.697362
83,31,0.698104
83,32,0.698778
83,33,0.699419
83,34,0.700031
83,35,0.700581
83,36,0.701016
83,37,0.701273
83,38,0.701305
83,39,0.701086
83,40,0.700621
83,41,0.699938
83,42,0.699074
83,43,0.69806
83,44,0.696903
83,45,0.695591
83,46,0.694107
83,47,0.692458
83,48,0.690704
83,49,0.688972
83,50,0.687455
83,51,0.686376
83,52,0.685946
83,53,0.68632
83,54,0.687569
83,55,0.689663
83,56,0.692469
83,57,0.695747
83,58,0.69917
83,59,0.702352
83,60,0.704906
83,61,0.706529
83,62,0.707078
83,63,0.706629
83,64,0.705471
83,65,0.704046
83,66,0.702839
83,67,0.702251
83,68,0.702517
83,69,0.703656
83,70,0.705504
83,71,0.707774
83,72,0.71015
83,73,0.712353
83,74,0.714191
83,75,0.715552
83,76,0.71639
83,77,0.716689
83,78,0.716435
83,79,0.715633
83,80,0.714309
83,81,0.712543
83,82,0.710488
83,83,0.708355
83,84,0.70639
83,85,0.704832
83,86,0.703858
83,87,0.703544
83,88,0.703855
83,89,0.704651
83,90,0.705734
83,91,0.706888
83,92,0.707935
83,93,0.70876
83,94,0.709311
83,95,0.709584
84,0,0.718385
84,1,0.717589
84,2,0.716037
84,3,0.713815
84,4,0.711055
84,5,0.707939
84,6,0.704684
84,7,0.701521
84,8,0.698649
84,9,0.696223
84,10,0.694313
84,11,0.692911
84,12,0.691945
84,13,0.691303
84,14,0.690863
84,15,0.690519
84,16,0.690201
84,17,0.689876
84,18,0.689547
84,19,0.689244
84,20,0.68901
84,21,0.688901
84,22,0.688966
84,23,0.689238
84,24,0.689719
84,25,0.69038
84,26,0.691164
84,27,0.692002
84,28,0.692843
84,29,0.693661
84,30,0.694469
84,31,0.69531
84,32,0.696229
84,33,0.697249
84,34,0.698344
84,35,0.699436
84,36,0.70041
84,37,0.701135
84,38,0.701503
84,39,0.701448
84,40,0.700969
84,41,0.700118
84,42,0.698987
84,43,0.697676
84,44,0.696259
84,45,0.694779
84,46,0.693245
84,47,0.691667
84,48,0.690084
84,49,0.688587
84,50,0.687326
84,51,0.686484
84,52,0.686239
84,53,0.686726
84,54,0.68801
84,55,0.690064
84,56,0.692762
84,57,0.695874
84,58,0.699072
84,59,0.701971
84,60,0.704186
84,61,0.705422
84,62,0.705562
84,63,0.704721
84,64,0.703232
84,65,0.701586
84,66,0.7003
84,67,0.699795
84,68,0.700297
84,69,0.701809
84,70,0.70413
84,71,0.70694
84,72,0.709882
84,73,0.712644
84,74,0.714997
84,75,0.716793
84,76,0.71796
84,77,0.718459
84,78,0.718272
84,79,0.717413
84,80,0.715933
84,81,0.713949
84,82,0.71165
84,83,0.709284
84,84,0.707122
84,85,0.705421
84,86,0.704369
84,87,0.704047
84,88,0.704424
84,89,0.705365
84,90,0.706664
84,91,0.708092
84,92,0.70944
84,93,0.710554
84,94,0.711334
84,95,0.711733
85,0,0.718709
85,1,0.718034
85,2,0.716693
85,3,0.71471
85,4,0.712155
85,5,0.709156
85,6,0.705901
85,7,0.702615
85,8,0.69952
85,9,0.696802
85,10,0.694568
85,11,0.692846
85,12,0.691588
85,13,0.690704
85,14,0.69009
85,15,0.68965
85,16,0.689321
85,17,0.689065
85,18,0.688865
85,19,0.688715
85,20,0.68861
85,21,0.688552
85,22,0.688551
85,23,0.688617
85,24,0.688758
85,25,0.68898
85,26,0.689279
85,27,0.689647
85,28,0.690091
85,29,0.690634
85,30,0.691322
85,31,0.692213
85,32,0.693351
85,33,0.694736
85,34,0.696305
85,35,0.697924
85,36,0.699411
85,37,0.700566
85,38,0.701223
85,39,0.701282
85,40,0.700739
85,41,0.699679
85,42,0.698256
85,43,0.696644
85,44,0.694991
85,45,0.693393
85,46,0.691888
85,47,0.690484
85,48,0.689192
85,49,0.688055
85,50,0.687166
85,51,0.686654
85,52,0.686648
85,53,0.687255
85,54,0.688529
85,55,0.690453
85,56,0.692917
85,57,0.695716
85,58,0.698548
85,59,0.701052
85,60,0.702863
85,61,0.703712
85,62,0.703506
85,63,0.702388
85,64,0.700717
85,65,0.699002
85,66,0.697771
85,67,0.697438
85,68,0.698218
85,69,0.700089
85,70,0.702826
85,71,0.706082
85,72,0.709479
85,73,0.712681
85,74,0.715436
85,75,0.717576
85,76,0.719004
85,77,0.71967
85,78,0.719551
85,79,0.718668
85,80,0.717094
85,81,0.714968
85,82,0.712506
85,83,0.709977
85,84,0.707668
85,85,0.70585
85,86,0.704719
85,87,0.704369
85,88,0.704782
85,89,0.705831
85,90,0.707315
85,91,0.708995
85,92,0.710633
85,93,0.712033
85,94,0.713042
85,95,0.71357
86,0,0.718315
86,1,0.71776
86,2,0.716631
86,3,0.714908
86,4,0.712606
86,5,0.709811
86,6,0.706681
86,7,0.703433
86,8,0.700292
86,9,0.69746
86,10,0.69506
86,11,0.693138
86,12,0.691665
86,13,0.690572
86,14,0.689777
86,15,0.689207
86,16,0.688825
86,17,0.688601
86,18,0.688512
86,19,0.688521
86,20,0.688572
86,21,0.688607
86,22,0.688577
86,23,0.688456
86,24,0.688248
86,25,0.687991
86,26,0.68774
86,27,0.68756
86,28,0.687532
86,29,0.687737
86,30,0.688258
86,31,0.689166
86,32,0.690492
86,33,0.692206
86,34,0.694196
86,35,0.696269
86,36,0.69818
86,37,0.699669
86,38,0.700523
86,39,0.70062
86,40,0.699965
86,41,0.69868
86,42,0.696982
86,43,0.695118
86,44,0.693301
86,45,0.691678
86,46,0.690306
86,47,0.689182
86,48,0.688286
86,49,0.687602
86,50,0.687162
86,51,0.687028
86,52,0.687276
86,53,0.687982
86,54,0.689187
86,55,0.690885
86,56,0.692996
86,57,0.695355
86,58,0.697706
86,59,0.69973
86,60,0.701106
86,61,0.701596
86,62,0.701134
86,63,0.699876
86,64,0.698184
86,65,0.696557
86,66,0.695505
86,67,0.695422
86,68,0.696496
86,69,0.698684
86,70,0.701743
86,71,0.705314
86,72,0.70901
86,73,0.712489
86,74,0.715492
86,75,0.71784
86,76,0.719428
86,77,0.720199
86,78,0.720131
86,79,0.719256
86,80,0.717657
86,81,0.715489
86,82,0.712979
86,83,0.710399
86,84,0.708037
86,85,0.706166
86,86,0.704984
86,87,0.704599
86,88,0.705007
86,89,0.7061
86,90,0.707692
86,91,0.709541
86,92,0.711395
86,93,0.713018
86,94,0.714213
86,95,0.714846
87,0,0.717101
87,1,0.716658
87,2,0.715733
87,3,0.714272
87,4,0.712254
87,5,0.709727
87,6,0.706828
87,7,0.703755
87,8,0.700727
87,9,0.697941
87,10,0.695525
87,11,0.693527
87,12,0.69193
87,13,0.690684
87,14,0.689733
87,15,0.689042
87,16,0.688602
87,17,0.688407
87,18,0.688436
87,19,0.688626
87,20,0.688871
87,21,0.689046
87,22,0.689034
87,23,0.688765
87,24,0.688231
87,25,0.687499
87,26,0.686686
87,27,0.68594
87,28,0.685421
87,29,0.685274
87,30,0.685616
87,31,0.686523
87,32,0.688003
87,33,0.689985
87,34,0.692304
87,35,0.694714
87,36,0.696914
87,37,0.6986
87,38,0.699533
87,39,0.699583
87,40,0.698775
87,41,0.697277
87,42,0.695359
87,43,0.693331
87,44,0.69146
87,45,0.689925
87,46,0.688793
87,47,0.688045
87,48,0.687616
87,49,0.687439
87,50,0.687476
87,51,0.687727
87,52,0.688214
87,53,0.688978
87,54,0.690051
87,55,0.691439
87,56,0.693099
87,57,0.694916
87,58,0.696697
87,59,0.698185
87,60,0.699114
87,61,0.699289
87,62,0.698665
87,63,0.697399
87,64,0.695832
87,65,0.69443
87,66,0.69366
87,67,0.693879
87,68,0.695243
87,69,0.697687
87,70,0.70096
87,71,0.704701
87,72,0.708531
87,73,0.712112
87,74,0.715194
87,75,0.717599
87,76,0.719227
87,77,0.720023
87,78,0.719974
87,79,0.719121
87,80,0.717559
87,81,0.715446
87,82,0.713007
87,83,0.7105
87,84,0.708199
87,85,0.706357
87,86,0.705168
87,87,0.704742
87,88,0.705094
87,89,0.706141
87,90,0.707721
87,91,0.709606
87,92,0.71154
87,93,0.713267
87,94,0.71456
87,95,0.715252
88,0,0.715163
88,1,0.714818
88,2,0.714078
88,3,0.712863
88,4,0.711129
88,5,0.708899
88,6,0.706285
88,7,0.703471
88,8,0.700658
88,9,0.698031
88,10,0.695707
88,11,0.693733
88,12,0.692097
88,13,0.690768
88,14,0.68972
88,15,0.688953
88,16,0.688496
88,17,0.688366
88,18,0.688546
88,19,0.688954
88,20,0.689434
88,21,0.689796
88,22,0.689855
88,23,0.689493
88,24,0.688688
88,25,0.687534
88,26,0.686209
88,27,0.684943
88,28,0.683974
88,29,0.683506
88,30,0.683686
88,31,0.684583
88,32,0.686175
88,33,0.688346
88,34,0.690879
88,35,0.693479
88,36,0.695809
88,37,0.69754
88,38,0.698426
88,39,0.69835
88,40,0.697366
88,41,0.695685
88,42,0.693627
88,43,0.691546
88,44,0.689741
88,45,0.688407
88,46,0.687606
88,47,0.687292
88,48,0.687363
88,49,0.687696
88,50,0.688196
88,51,0.688804
88,52,0.689494
88,53,0.690274
88,54,0.691164
88,55,0.692183
88,56,0.693326
88,57,0.694535
88,58,0.695688
88,59,0.696605
88,60,0.697089
88,61,0.696991
88,62,0.696287
88,63,0.69512
88,64,0.693793
88,65,0.692715
88,66,0.692295
88,67,0.692838
88,68,0.694466
88,69,0.697098
88,70,0.70048
88,71,0.70426
88,72,0.708075
88,73,0.711604
88,74,0.714612
88,75,0.716937
88,76,0.718488
88,77,0.719225
88,78,0.719148
88,79,0.718312
88,80,0.716821
88,81,0.714834
88,82,0.712561
88,83,0.710235
88,84,0.708094
88,85,0.706361
88,86,0.705205
88,87,0.704733
88,88,0.704972
88,89,0.705866
88,90,0.707285
88,91,0.709032
88,92,0.710868
88,93,0.712539
88,94,0.713807
88,95,0.714492
89,0,0.712782
89,1,0.712517
89,2,0.711927
89,3,0.710922
89,4,0.709438
89,5,0.707481
89,6,0.705149
89,7,0.702603
89,8,0.700031
89,9,0.697601
89,10,0.69542
89,11,0.693528
89,12,0.691922
89,13,0.690585
89,14,0.68952
89,15,0.688758
89,16,0.688357
89,17,0.688357
89,18,0.688742
89,19,0.689409
89,20,0.690161
89,21,0.690748
89,22,0.690929
89,23,0.69054
89,24,0.689547
89,25,0.688065
89,26,0.686331
89,27,0.684644
89,28,0.683313
89,29,0.68259
89,30,0.682641
89,31,0.683523
89,32,0.685178
89,33,0.687446
89,34,0.690065
89,35,0.692706
89,36,0.695009
89,37,0.696644
89,38,0.697374
89,39,0.697111
89,40,0.695947
89,41,0.694132
89,42,0.692022
89,43,0.689998
89,44,0.688367
89,45,0.687323
89,46,0.686906
89,47,0.687045
89,48,0.687598
89,49,0.6884
89,50,0.689312
89,51,0.690225
89,52,0.691073
89,53,0.691834
89,54,0.692512
89,55,0.693137
89,56,0.693734
89,57,0.694307
89,58,0.69481
89,59,0.695147
89,60,0.695199
89,61,0.694867
89,62,0.694145
89,63,0.69315
89,64,0.692133
89,65,0.691432
89,66,0.691386
89,67,0.692245
89,68,0.694097
89,69,0.696849
89,70,0.700251
89,71,0.70397
89,72,0.707662
89,73,0.711028
89,74,0.713852
89,75,0.715991
89,76,0.717372
89,77,0.717974
89,78,0.717815
89,79,0.716967
89,80,0.715547
89,81,0.713711
89,82,0.711654
89,83,0.709572
89,84,0.707659
89,85,0.70609
89,86,0.704997
89,87,0.704468
89,88,0.704534
89,89,0.705167
89,90,0.706272
89,91,0.707699
89,92,0.709244
89,93,0.71068
89,94,0.711789
89,95,0.712392
90,0,0.710348
90,1,0.710138
90,2,0.709656
90,3,0.708802
90,4,0.707501
90,5,0.70575
90,6,0.703631
90,7,0.701294
90,8,0.698916
90,9,0.696651
90,10,0.694602
90,11,0.692809
90,12,0.691275
90,13,0.689999
90,14,0.689005
90,15,0.688343
90,16,0.688091
90,17,0.688296
90,18,0.688939
90,19,0.689899
90,20,0.690945
90,21,0.691782
90,22,0.692124
90,23,0.691775
90,24,0.690691
90,25,0.689006
90,26,0.686999
90,27,0.685027
90,28,0.683449
90,29,0.682554
90,30,0.682514
90,31,0.683372
90,32,0.685035
90,33,0.687308
90,34,0.689893
90,35,0.692441
90,36,0.694589
90,37,0.696017
90,38,0.696517
90,39,0.696035
90,40,0.694705
90,41,0.69281
90,42,0.690729
90,43,0.68885
90,44,0.687471
90,45,0.686763
90,46,0.686742
90,47,0.687305
90,48,0.688283
90,49,0.689479
90,50,0.690725
90,51,0.691879
90,52,0.692843
90,53,0.693565
90,54,0.694029
90,55,0.694268
90,56,0.694333
90,57,0.694283
90,58,0.69415
90,59,0.693925
90,60,0.69357
90,61,0.693039
90,62,0.692335
90,63,0.691549
90,64,0.690867
90,65,0.69055
90,66,0.690861
90,67,0.691998
90,68,0.694021
90,69,0.696832
90,70,0.700192
90,71,0.703788
90,72,0.707296
90,73,0.710442
90,74,0.713026
90,75,0.714923
90,76,0.716077
90,77,0.716488
90,78,0.716193
90,79,0.715288
90,80,0.713904
90,81,0.7122
90,82,0.710354
90,83,0.708528
90,84,0.706865
90,85,0.705482
90,86,0.704462
90,87,0.703862
90,88,0.703706
90,89,0.703986
90,90,0.704649
90,91,0.705596
90,92,0.70668
90,93,0.707724
90,94,0.708549
90,95,0.709004
91,0,0.70823
91,1,0.70805
91,2,0.707626
91,3,0.706851
91,4,0.705646
91,5,0.704
91,6,0.701988
91,7,0.699755
91,8,0.697472
91,9,0.695295
91,10,0.693325
91,11,0.691614
91,12,0.690173
91,13,0.689014
91,14,0.688169
91,15,0.687698
91,16,0.687678
91,17,0.688153
91,18,0.689092
91,19,0.690359
91,20,0.691697
91,21,0.692787
91,22,0.693313
91,23,0.693059
91,24,0.691977
91,25,0.690215
91,26,0.68808
91,27,0.685964
91,28,0.68426
91,29,0.683274
91,30,0.683179
91,31,0.684
91,32,0.68562
91,33,0.687815
91,34,0.69027
91,35,0.692628
91,36,0.694534
91,37,0.695693
91,38,0.695927
91,39,0.695226
91,40,0.693757
91,41,0.691833
91,42,0.689843
91,43,0.688164
91,44,0.68707
91,45,0.686703
91,46,0.687046
91,47,0.687968
91,48,0.689283
91,49,0.690779
91,50,0.692273
91,51,0.693604
91,52,0.694646
91,53,0.695322
91,54,0.695594
91,55,0.695486
91,56,0.695068
91,57,0.694447
91,58,0.693728
91,59,0.692989
91,60,0.692267
91,61,0.691569
91,62,0.690906
91,63,0.690333
91,64,0.689972
91,65,0.690005
91,66,0.690625
91,67,0.691984
91,68,0.694121
91,69,0.69694
91,70,0.70022
91,71,0.703668
91,72,0.706983
91,73,0.709903
91,74,0.712241
91,75,0.713887
91,76,0.714795
91,77,0.714983
91,78,0.714511
91,79,0.713497
91,80,0.712094
91,81,0.710468
91,82,0.708789
91,83,0.707185
91,84,0.705753
91,85,0.704547
91,86,0.703594
91,87,0.70291
91,88,0.702502
91,89,0.702375
91,90,0.702515
91,91,0.702879
91,92,0.703389
91,93,0.703931
91,94,0.704386
91,95,0.704645
92,0,0.70667
92,1,0.706496
92,2,0.706083
92,3,0.70532
92,4,0.704125
92,5,0.702483
92,6,0.700467
92,7,0.698223
92,8,0.695927
92,9,0.693744
92,10,0.691788
92,11,0.690125
92,12,0.688778
92,13,0.687766
92,14,0.687122
92,15,0.686901
92,16,0.687165
92,17,0.687942
92,18,0.689187
92,19,0.690746
92,20,0.692352
92,21,0.693673
92,22,0.694384
92,23,0.694261
92,24,0.693254
92,25,0.691519
92,26,0.689377
92,27,0.687239
92,28,0.68551
92,29,0.6845
92,30,0.684377
92,31,0.68515
92,32,0.686686
92,33,0.688748
92,34,0.691014
92,35,0.693132
92,36,0.694763
92,37,0.695638
92,38,0.695614
92,39,0.694716
92,40,0.693146
92,41,0.691232
92,42,0.689364
92,43,0.6879
92,44,0.687084
92,45,0.68702
92,46,0.687662
92,47,0.68886
92,48,0.690415
92,49,0.692115
92,50,0.693773
92,51,0.695219
92,52,0.696312
92,53,0.696947
92,54,0.697061
92,55,0.696667
92,56,0.695843
92,57,0.694736
92,58,0.693515
92,59,0.692335
92,60,0.691305
92,61,0.690474
92,62,0.689859
92,63,0.689482
92,64,0.689398
92,65,0.689722
92,66,0.690584
92,67,0.692101
92,68,0.694298
92,69,0.697089
92,70,0.700275
92,71,0.703583
92,72,0.706726
92,73,0.709452
92,74,0.711579
92,75,0.713001
92,76,0.713679
92,77,0.713644
92,78,0.712974
92,79,0.711813
92,80,0.710335
92,81,0.708722
92,82,0.707143
92,83,0.705701
92,84,0.704451
92,85,0.703389
92,86,0.702485
92,87,0.701709
92,88,0.701046
92,89,0.700506
92,90,0.700108
92,91,0.699864
92,92,0.699764
92,93,0.699767
92,94,0.69982
92,95,0.699865
93,0,0.705712
93,1,0.705528
93,2,0.705092
93,3,0.704294
93,4,0.703047
93,5,0.701335
93,6,0.699235
93,7,0.696897
93,8,0.694511
93,9,0.692255
93,10,0.690262
93,11,0.688614
93,12,0.687348
93,13,0.686485
93,14,0.686054
93,15,0.686093
93,16,0.686644
93,17,0.687711
93,18,0.689231
93,19,0.69104
93,20,0.692867
93,21,0.694379
93,22,0.695252
93,23,0.695265
93,24,0.69437
93,25,0.692724
93,26,0.690653
93,27,0.68857
93,28,0.68688
93,29,0.685889
93,30,0.685754
93,31,0.686475
93,32,0.68791
93,33,0.689818
93,34,0.691883
93,35,0.693763
93,36,0.695136
93,37,0.695758
93,38,0.695516
93,39,0.694464
93,40,0.692828
93,41,0.690946
93,42,0.689202
93,43,0.687933
93,44,0.68735
93,45,0.687527
93,46,0.688389
93,47,0.689774
93,48,0.69148
93,49,0.693301
93,50,0.695054
93,51,0.696569
93,52,0.69769
93,53,0.698294
93,54,0.698292
93,55,0.697682
93,56,0.696546
93,57,0.69506
93,58,0.693445
93,59,0.69192
93,60,0.690651
93,61,0.689724
93,62,0.689155
93,63,0.688937
93,64,0.689071
93,65,0.689614
93,66,0.690646
93,67,0.69226
93,68,0.694477
93,69,0.697224
93,70,0.700322
93,71,0.703516
93,72,0.706529
93,73,0.709113
93,74,0.711084
93,75,0.712333
93,76,0.712822
93,77,0.71259
93,78,0.711731
93,79,0.710411
93,80,0.708826
93,81,0.707176
93,82,0.705633
93,83,0.704288
93,84,0.703162
93,85,0.702201
93,86,0.701326
93,87,0.700463
93,88,0.699573
93,89,0.698667
93,90,0.697786
93,91,0.696992
93,92,0.696335
93,93,0.695843
93,94,0.695525
93,95,0.69537
94,0,0.705239
94,1,0.705039
94,2,0.704571
94,3,0.70372
94,4,0.702401
94,5,0.700598
94,6,0.69839
94,7,0.695936
94,8,0.693436
94,9,0.691087
94,10,0.689038
94,11,0.687387
94,12,0.686179
94,13,0.685438
94,14,0.685184
94,15,0.685437
94,16,0.686221
94,17,0.687516
94,18,0.689246
94,19,0.691237
94,20,0.69322
94,21,0.694866
94,22,0.69586
94,23,0.695984
94,24,0.695195
94,25,0.693649
94,26,0.69167
94,27,0.689665
94,28,0.688035
94,29,0.687075
94,30,0.686936
94,31,0.687612
94,32,0.688957
94,33,0.690734
94,34,0.692633
94,35,0.694323
94,36,0.695498
94,37,0.695933
94,38,0.695535
94,39,0.694379
94,40,0.692705
94,41,0.690857
94,42,0.689213
94,43,0.688089
94,44,0.687673
94,45,0.688012
94,46,0.689015
94,47,0.690509
94,48,0.692298
94,49,0.694179
94,50,0.695979
94,51,0.697528
94,52,0.698665
94,53,0.699249
94,54,0.699173
94,55,0.698421
94,56,0.697076
94,57,0.695334
94,58,0.693449
94,59,0.691688
94,60,0.690259
94,61,0.689269
94,62,0.688738
94,63,0.688631
94,64,0.688914
94,65,0.689598
94,66,0.690735
94,67,0.692399
94,68,0.694614
94,69,0.697318
94,70,0.700349
94,71,0.703464
94,72,0.706395
94,73,0.70889
94,74,0.710763
94,75,0.711897
94,76,0.712255
94,77,0.711877
94,78,0.71087
94,79,0.709414
94,80,0.707726
94,81,0.706021
94,82,0.704478
94,83,0.70318
94,84,0.702124
94,85,0.701224
94,86,0.700361
94,87,0.69943
94,88,0.69837
94,89,0.697188
94,90,0.695945
94,91,0.694735
94,92,0.693656
94,93,0.692786
94,94,0.692182
94,95,0.691875
95,0,0.705069
95,1,0.704857
95,2,0.704365
95,3,0.703479
95,4,0.70211
95,5,0.700245
95,6,0.697964
95,7,0.695432
95,8,0.692858
95,9,0.690446
95,10,0.688358
95,11,0.686699
95,12,0.685522
95,13,0.68485
95,14,0.684695
95,15,0.685071
95,16,0.685984
95,17,0.687406
95,18,0.689248
95,19,0.691335
95,20,0.693397
95,21,0.695113
95,22,0.696171
95,23,0.696358
95,24,0.695632
95,25,0.69415
95,26,0.692232
95,27,0.690282
95,28,0.688692
95,29,0.687756
95,30,0.687616
95,31,0.688266
95,32,0.689558
95,33,0.69126
95,34,0.693064
95,35,0.69465
95,36,0.695718
95,37,0.696054
95,38,0.695575
95,39,0.694367
95,40,0.692677
95,41,0.690852
95,42,0.689263
95,43,0.688217
95,44,0.687886
95,45,0.688307
95,46,0.689377
95,47,0.690921
95,48,0.692743
95,49,0.694646
95,50,0.696465
95,51,0.698027
95,52,0.69917
95,53,0.699744
95,54,0.699632
95,55,0.69881
95,56,0.697361
95,57,0.695488
95,58,0.693468
95,59,0.691588
95,60,0.690078
95,61,0.689059
95,62,0.688548
95,63,0.688499
95,64,0.688855
95,65,0.68961
95,66,0.690795
95,67,0.692479
95,68,0.694687
95,69,0.697365
95,70,0.70036
95,71,0.703436
95,72,0.706327
95,73,0.708781
95,74,0.710607
95,75,0.711686
95,76,0.711976
95,77,0.711522
95,78,0.710433
95,79,0.7089
95,80,0.707149
95,81,0.705404
95,82,0.703851
95,83,0.702569
95,84,0.701543
95,85,0.700671
95,86,0.699812
95,87,0.698844
95,88,0.697692
95,89,0.696364
95,90,0.694927
95,91,0.693494
95,92,0.692188
95,93,0.691113
95,94,0.690356
95,95,0.689966
