path_id,endpoint,clock_domain,slack_ns,delay_ns,inst_ids
0,gen_regfile_ff.register_file_i.rf_reg[141]$_DFFE_PN0P_,clk_core,1.29,-1.13,2191;4088;4290;10025;14880;14882;14883;14889;15288
1,gen_regfile_ff.register_file_i.rf_reg[173]$_DFFE_PN0P_,clk_core,1.29,-1.13,2191;4088;4290;10025;14880;14882;14883;14889;15288
2,gen_regfile_ff.register_file_i.rf_reg[798]$_DFFE_PN0P_,clk_core,1.29,-1.13,2191;4088;4290;10025;14880;14882;14883;14889;15288
3,gen_regfile_ff.register_file_i.rf_reg[830]$_DFFE_PN0P_,clk_core,1.29,-1.13,2191;4088;4290;10025;14880;14882;14883;14889;15288
4,gen_regfile_ff.register_file_i.rf_reg[32]$_DFFE_PN0P_,clk_core,1.29,-1.13,2106;4088;4127;10025;14880;14886;14887;14889;15288
5,gen_regfile_ff.register_file_i.rf_reg[130]$_DFFE_PN0P_,clk_core,1.29,-1.13,2102;4088;4127;10025;14880;14886;14887;14889;15288
6,gen_regfile_ff.register_file_i.rf_reg[162]$_DFFE_PN0P_,clk_core,1.29,-1.13,2102;4088;4127;10025;14880;14886;14887;14889;15288
7,gen_regfile_ff.register_file_i.rf_reg[163]$_DFFE_PN0P_,clk_core,1.29,-1.13,2102;4088;4127;10025;14880;14886;14887;14889;15288
8,gen_regfile_ff.register_file_i.rf_reg[194]$_DFFE_PN0P_,clk_core,1.29,-1.13,2102;4088;4127;10025;14880;14886;14887;14889;15288
9,gen_regfile_ff.register_file_i.rf_reg[195]$_DFFE_PN0P_,clk_core,1.29,-1.13,2102;4088;4127;10025;14880;14886;14887;14889;15288
10,gen_regfile_ff.register_file_i.rf_reg[226]$_DFFE_PN0P_,clk_core,1.29,-1.13,2102;4088;4127;10025;14880;14886;14887;14889;15288
11,gen_regfile_ff.register_file_i.rf_reg[256]$_DFFE_PN0P_,clk_core,1.29,-1.13,4088;4127;10025;14880;14886;14887;14889;14920;15288
12,gen_regfile_ff.register_file_i.rf_reg[258]$_DFFE_PN0P_,clk_core,1.29,-1.13,2096;4088;4127;10025;14880;14886;14887;14889;15288
13,gen_regfile_ff.register_file_i.rf_reg[322]$_DFFE_PN0P_,clk_core,1.29,-1.13,2102;4088;4127;10025;14880;14886;14887;14889;15288
14,gen_regfile_ff.register_file_i.rf_reg[386]$_DFFE_PN0P_,clk_core,1.29,-1.13,4088;4127;10025;14880;14886;14887;14889;14920;15288
15,gen_regfile_ff.register_file_i.rf_reg[387]$_DFFE_PN0P_,clk_core,1.29,-1.13,2096;4088;4127;10025;14880;14886;14887;14889;15288
16,gen_regfile_ff.register_file_i.rf_reg[451]$_DFFE_PN0P_,clk_core,1.29,-1.13,2096;4088;4127;10025;14880;14886;14887;14889;15288
17,gen_regfile_ff.register_file_i.rf_reg[512]$_DFFE_PN0P_,clk_core,1.29,-1.13,4088;4126;7444;10025;14880;14886;14887;14889;15288
18,gen_regfile_ff.register_file_i.rf_reg[514]$_DFFE_PN0P_,clk_core,1.29,-1.13,2093;4088;4126;10025;14880;14886;14887;14889;15288
19,gen_regfile_ff.register_file_i.rf_reg[515]$_DFFE_PN0P_,clk_core,1.29,-1.13,1972;4088;4126;10025;14880;14886;14887;14889;15288
20,gen_regfile_ff.register_file_i.rf_reg[544]$_DFFE_PN0P_,clk_core,1.29,-1.13,4088;4127;10025;14880;14886;14887;14889;14920;15288
21,gen_regfile_ff.register_file_i.rf_reg[546]$_DFFE_PN0P_,clk_core,1.29,-1.13,2093;4088;4126;10025;14880;14886;14887;14889;15288
22,gen_regfile_ff.register_file_i.rf_reg[547]$_DFFE_PN0P_,clk_core,1.29,-1.13,1972;4088;4126;10025;14880;14886;14887;14889;15288
23,gen_regfile_ff.register_file_i.rf_reg[576]$_DFFE_PN0P_,clk_core,1.29,-1.13,4088;4127;10025;14880;14886;14887;14889;14920;15288
24,gen_regfile_ff.register_file_i.rf_reg[578]$_DFFE_PN0P_,clk_core,1.29,-1.13,2096;4088;4127;10025;14880;14886;14887;14889;15288
25,gen_regfile_ff.register_file_i.rf_reg[579]$_DFFE_PN0P_,clk_core,1.29,-1.13,1972;4088;4126;10025;14880;14886;14887;14889;15288
26,gen_regfile_ff.register_file_i.rf_reg[608]$_DFFE_PN0P_,clk_core,1.29,-1.13,4088;4127;10025;14880;14886;14887;14889;14920;15288
27,gen_regfile_ff.register_file_i.rf_reg[610]$_DFFE_PN0P_,clk_core,1.29,-1.13,2096;4088;4127;10025;14880;14886;14887;14889;15288
28,gen_regfile_ff.register_file_i.rf_reg[642]$_DFFE_PN0P_,clk_core,1.29,-1.13,1960;4088;4126;10025;14880;14886;14887;14889;15288
29,gen_regfile_ff.register_file_i.rf_reg[66]$_DFFE_PN0P_,clk_core,1.29,-1.13,3594;4088;4127;10025;14880;14886;14887;14889;15288
30,gen_regfile_ff.register_file_i.rf_reg[674]$_DFFE_PN0P_,clk_core,1.29,-1.13,1960;4088;4126;10025;14880;14886;14887;14889;15288
31,gen_regfile_ff.register_file_i.rf_reg[704]$_DFFE_PN0P_,clk_core,1.29,-1.13,2093;4088;4126;10025;14880;14886;14887;14889;15288
32,gen_regfile_ff.register_file_i.rf_reg[706]$_DFFE_PN0P_,clk_core,1.29,-1.13,1960;4088;4126;10025;14880;14886;14887;14889;15288
33,gen_regfile_ff.register_file_i.rf_reg[736]$_DFFE_PN0P_,clk_core,1.29,-1.13,4088;4127;10025;14880;14886;14887;14889;14920;15288
34,gen_regfile_ff.register_file_i.rf_reg[738]$_DFFE_PN0P_,clk_core,1.29,-1.13,2093;4088;4126;10025;14880;14886;14887;14889;15288
35,gen_regfile_ff.register_file_i.rf_reg[770]$_DFFE_PN0P_,clk_core,1.29,-1.13,2096;4088;4127;10025;14880;14886;14887;14889;15288
36,gen_regfile_ff.register_file_i.rf_reg[771]$_DFFE_PN0P_,clk_core,1.29,-1.13,1960;4088;4126;10025;14880;14886;14887;14889;15288
37,gen_regfile_ff.register_file_i.rf_reg[802]$_DFFE_PN0P_,clk_core,1.29,-1.13,2093;4088;4126;10025;14880;14886;14887;14889;15288
38,gen_regfile_ff.register_file_i.rf_reg[803]$_DFFE_PN0P_,clk_core,1.29,-1.13,1960;4088;4126;10025;14880;14886;14887;14889;15288
39,gen_regfile_ff.register_file_i.rf_reg[834]$_DFFE_PN0P_,clk_core,1.29,-1.13,2096;4088;4127;10025;14880;14886;14887;14889;15288
40,gen_regfile_ff.register_file_i.rf_reg[835]$_DFFE_PN0P_,clk_core,1.29,-1.13,1960;4088;4126;10025;14880;14886;14887;14889;15288
41,gen_regfile_ff.register_file_i.rf_reg[867]$_DFFE_PN0P_,clk_core,1.29,-1.13,1960;4088;4126;10025;14880;14886;14887;14889;15288
42,gen_regfile_ff.register_file_i.rf_reg[899]$_DFFE_PN0P_,clk_core,1.29,-1.13,1972;4088;4126;10025;14880;14886;14887;14889;15288
43,gen_regfile_ff.register_file_i.rf_reg[928]$_DFFE_PN0P_,clk_core,1.29,-1.13,4088;4126;7444;10025;14880;14886;14887;14889;15288
44,gen_regfile_ff.register_file_i.rf_reg[930]$_DFFE_PN0P_,clk_core,1.29,-1.13,2093;4088;4126;10025;14880;14886;14887;14889;15288
45,gen_regfile_ff.register_file_i.rf_reg[931]$_DFFE_PN0P_,clk_core,1.29,-1.13,1972;4088;4126;10025;14880;14886;14887;14889;15288
46,gen_regfile_ff.register_file_i.rf_reg[962]$_DFFE_PN0P_,clk_core,1.29,-1.13,2093;4088;4126;10025;14880;14886;14887;14889;15288
47,gen_regfile_ff.register_file_i.rf_reg[963]$_DFFE_PN0P_,clk_core,1.29,-1.13,1972;4088;4126;10025;14880;14886;14887;14889;15288
48,gen_regfile_ff.register_file_i.rf_reg[98]$_DFFE_PN0P_,clk_core,1.29,-1.13,3594;4088;4127;10025;14880;14886;14887;14889;15288
49,gen_regfile_ff.register_file_i.rf_reg[992]$_DFFE_PN0P_,clk_core,1.29,-1.13,4088;4126;7444;10025;14880;14886;14887;14889;15288
50,gen_regfile_ff.register_file_i.rf_reg[995]$_DFFE_PN0P_,clk_core,1.29,-1.13,1972;4088;4126;10025;14880;14886;14887;14889;15288
51,gen_regfile_ff.register_file_i.rf_reg[99]$_DFFE_PN0P_,clk_core,1.29,-1.13,3594;4088;4127;10025;14880;14886;14887;14889;15288
52,gen_regfile_ff.register_file_i.rf_reg[140]$_DFFE_PN0P_,clk_core,1.29,-1.13,2544;4088;4296;10025;14880;14882;14883;14889;15288
53,gen_regfile_ff.register_file_i.rf_reg[172]$_DFFE_PN0P_,clk_core,1.29,-1.13,2544;4088;4296;10025;14880;14882;14883;14889;15288
54,gen_regfile_ff.register_file_i.rf_reg[204]$_DFFE_PN0P_,clk_core,1.29,-1.13,2495;4088;4296;10025;14880;14882;14883;14889;15288
55,gen_regfile_ff.register_file_i.rf_reg[236]$_DFFE_PN0P_,clk_core,1.29,-1.13,2495;4088;4296;10025;14880;14882;14883;14889;15288
56,gen_regfile_ff.register_file_i.rf_reg[300]$_DFFE_PN0P_,clk_core,1.29,-1.13,2509;4088;4296;10025;14880;14882;14883;14889;15288
57,gen_regfile_ff.register_file_i.rf_reg[780]$_DFFE_PN0P_,clk_core,1.29,-1.13,2495;4088;4296;10025;14880;14882;14883;14889;15288
58,gen_regfile_ff.register_file_i.rf_reg[812]$_DFFE_PN0P_,clk_core,1.29,-1.13,2495;4088;4296;10025;14880;14882;14883;14889;15288
59,gen_regfile_ff.register_file_i.rf_reg[1005]$_DFFE_PN0P_,clk_core,1.29,-1.13,2430;4088;4290;10025;14880;14882;14883;14889;15288
60,gen_regfile_ff.register_file_i.rf_reg[845]$_DFFE_PN0P_,clk_core,1.29,-1.13,2430;4088;4290;10025;14880;14882;14883;14889;15288
61,gen_regfile_ff.register_file_i.rf_reg[862]$_DFFE_PN0P_,clk_core,1.29,-1.13,2430;4088;4290;10025;14880;14882;14883;14889;15288
62,gen_regfile_ff.register_file_i.rf_reg[941]$_DFFE_PN0P_,clk_core,1.29,-1.13,2430;4088;4290;10025;14880;14882;14883;14889;15288
63,gen_regfile_ff.register_file_i.rf_reg[131]$_DFFE_PN0P_,clk_core,1.29,-1.13,2104;4088;4127;10025;14880;14886;14887;14889;15288
64,gen_regfile_ff.register_file_i.rf_reg[227]$_DFFE_PN0P_,clk_core,1.29,-1.13,2104;4088;4127;10025;14880;14886;14887;14889;15288
65,gen_regfile_ff.register_file_i.rf_reg[284]$_DFFE_PN0P_,clk_core,1.29,-1.13,1994;4088;4126;10025;14880;14886;14887;14889;15288
66,gen_regfile_ff.register_file_i.rf_reg[288]$_DFFE_PN0P_,clk_core,1.29,-1.13,2137;4088;4127;10025;14880;14886;14887;14889;15288
67,gen_regfile_ff.register_file_i.rf_reg[290]$_DFFE_PN0P_,clk_core,1.29,-1.13,2104;4088;4127;10025;14880;14886;14887;14889;15288
68,gen_regfile_ff.register_file_i.rf_reg[316]$_DFFE_PN0P_,clk_core,1.29,-1.13,1994;4088;4126;10025;14880;14886;14887;14889;15288
69,gen_regfile_ff.register_file_i.rf_reg[320]$_DFFE_PN0P_,clk_core,1.29,-1.13,2137;4088;4127;10025;14880;14886;14887;14889;15288
70,gen_regfile_ff.register_file_i.rf_reg[348]$_DFFE_PN0P_,clk_core,1.29,-1.13,1994;4088;4126;10025;14880;14886;14887;14889;15288
71,gen_regfile_ff.register_file_i.rf_reg[352]$_DFFE_PN0P_,clk_core,1.29,-1.13,2137;4088;4127;10025;14880;14886;14887;14889;15288
72,gen_regfile_ff.register_file_i.rf_reg[354]$_DFFE_PN0P_,clk_core,1.29,-1.13,2104;4088;4127;10025;14880;14886;14887;14889;15288
73,gen_regfile_ff.register_file_i.rf_reg[35]$_DFFE_PN0P_,clk_core,1.29,-1.13,2104;4088;4127;10025;14880;14886;14887;14889;15288
74,gen_regfile_ff.register_file_i.rf_reg[380]$_DFFE_PN0P_,clk_core,1.29,-1.13,1993;4088;4126;10025;14880;14886;14887;14889;15288
75,gen_regfile_ff.register_file_i.rf_reg[384]$_DFFE_PN0P_,clk_core,1.29,-1.13,2152;4088;4127;10025;14880;14886;14887;14889;15288
76,gen_regfile_ff.register_file_i.rf_reg[412]$_DFFE_PN0P_,clk_core,1.29,-1.13,1994;4088;4126;10025;14880;14886;14887;14889;15288
77,gen_regfile_ff.register_file_i.rf_reg[416]$_DFFE_PN0P_,clk_core,1.29,-1.13,2152;4088;4127;10025;14880;14886;14887;14889;15288
78,gen_regfile_ff.register_file_i.rf_reg[418]$_DFFE_PN0P_,clk_core,1.29,-1.13,2137;4088;4127;10025;14880;14886;14887;14889;15288
79,gen_regfile_ff.register_file_i.rf_reg[419]$_DFFE_PN0P_,clk_core,1.29,-1.13,2104;4088;4127;10025;14880;14886;14887;14889;15288
80,gen_regfile_ff.register_file_i.rf_reg[444]$_DFFE_PN0P_,clk_core,1.29,-1.13,1993;4088;4126;10025;14880;14886;14887;14889;15288
81,gen_regfile_ff.register_file_i.rf_reg[448]$_DFFE_PN0P_,clk_core,1.29,-1.13,2152;4088;4127;10025;14880;14886;14887;14889;15288
82,gen_regfile_ff.register_file_i.rf_reg[450]$_DFFE_PN0P_,clk_core,1.29,-1.13,2137;4088;4127;10025;14880;14886;14887;14889;15288
83,gen_regfile_ff.register_file_i.rf_reg[476]$_DFFE_PN0P_,clk_core,1.29,-1.13,1993;4088;4126;10025;14880;14886;14887;14889;15288
84,gen_regfile_ff.register_file_i.rf_reg[480]$_DFFE_PN0P_,clk_core,1.29,-1.13,2152;4088;4127;10025;14880;14886;14887;14889;15288
85,gen_regfile_ff.register_file_i.rf_reg[482]$_DFFE_PN0P_,clk_core,1.29,-1.13,2137;4088;4127;10025;14880;14886;14887;14889;15288
86,gen_regfile_ff.register_file_i.rf_reg[508]$_DFFE_PN0P_,clk_core,1.29,-1.13,1993;4088;4126;10025;14880;14886;14887;14889;15288
87,gen_regfile_ff.register_file_i.rf_reg[640]$_DFFE_PN0P_,clk_core,1.29,-1.13,1990;4088;4126;10025;14880;14886;14887;14889;15288
88,gen_regfile_ff.register_file_i.rf_reg[64]$_DFFE_PN0P_,clk_core,1.29,-1.13,2137;4088;4127;10025;14880;14886;14887;14889;15288
89,gen_regfile_ff.register_file_i.rf_reg[668]$_DFFE_PN0P_,clk_core,1.29,-1.13,1994;4088;4126;10025;14880;14886;14887;14889;15288
90,gen_regfile_ff.register_file_i.rf_reg[672]$_DFFE_PN0P_,clk_core,1.29,-1.13,1990;4088;4126;10025;14880;14886;14887;14889;15288
91,gen_regfile_ff.register_file_i.rf_reg[700]$_DFFE_PN0P_,clk_core,1.29,-1.13,1994;4088;4126;10025;14880;14886;14887;14889;15288
92,gen_regfile_ff.register_file_i.rf_reg[732]$_DFFE_PN0P_,clk_core,1.29,-1.13,1994;4088;4126;10025;14880;14886;14887;14889;15288
93,gen_regfile_ff.register_file_i.rf_reg[764]$_DFFE_PN0P_,clk_core,1.29,-1.13,1994;4088;4126;10025;14880;14886;14887;14889;15288
94,gen_regfile_ff.register_file_i.rf_reg[768]$_DFFE_PN0P_,clk_core,1.29,-1.13,1990;4088;4126;10025;14880;14886;14887;14889;15288
95,gen_regfile_ff.register_file_i.rf_reg[796]$_DFFE_PN0P_,clk_core,1.29,-1.13,1990;4088;4126;10025;14880;14886;14887;14889;15288
96,gen_regfile_ff.register_file_i.rf_reg[800]$_DFFE_PN0P_,clk_core,1.29,-1.13,1993;4088;4126;10025;14880;14886;14887;14889;15288
97,gen_regfile_ff.register_file_i.rf_reg[828]$_DFFE_PN0P_,clk_core,1.29,-1.13,1990;4088;4126;10025;14880;14886;14887;14889;15288
98,gen_regfile_ff.register_file_i.rf_reg[832]$_DFFE_PN0P_,clk_core,1.29,-1.13,1990;4088;4126;10025;14880;14886;14887;14889;15288
99,gen_regfile_ff.register_file_i.rf_reg[860]$_DFFE_PN0P_,clk_core,1.29,-1.13,1993;4088;4126;10025;14880;14886;14887;14889;15288
100,gen_regfile_ff.register_file_i.rf_reg[864]$_DFFE_PN0P_,clk_core,1.29,-1.13,1993;4088;4126;10025;14880;14886;14887;14889;15288
101,gen_regfile_ff.register_file_i.rf_reg[866]$_DFFE_PN0P_,clk_core,1.29,-1.13,2104;4088;4127;10025;14880;14886;14887;14889;15288
102,gen_regfile_ff.register_file_i.rf_reg[892]$_DFFE_PN0P_,clk_core,1.29,-1.13,1993;4088;4126;10025;14880;14886;14887;14889;15288
103,gen_regfile_ff.register_file_i.rf_reg[896]$_DFFE_PN0P_,clk_core,1.29,-1.13,1990;4088;4126;10025;14880;14886;14887;14889;15288
104,gen_regfile_ff.register_file_i.rf_reg[960]$_DFFE_PN0P_,clk_core,1.29,-1.13,1990;4088;4126;10025;14880;14886;14887;14889;15288
105,gen_regfile_ff.register_file_i.rf_reg[96]$_DFFE_PN0P_,clk_core,1.29,-1.13,2137;4088;4127;10025;14880;14886;14887;14889;15288
106,gen_regfile_ff.register_file_i.rf_reg[97]$_DFFE_PN0P_,clk_core,1.29,-1.13,2104;4088;4127;10025;14880;14886;14887;14889;15288
107,gen_regfile_ff.register_file_i.rf_reg[396]$_DFFE_PN0P_,clk_core,1.29,-1.13,2529;4088;4296;10025;14880;14882;14883;14889;15288
108,gen_regfile_ff.register_file_i.rf_reg[460]$_DFFE_PN0P_,clk_core,1.29,-1.13,2529;4088;4296;10025;14880;14882;14883;14889;15288
109,gen_regfile_ff.register_file_i.rf_reg[492]$_DFFE_PN0P_,clk_core,1.29,-1.13,2529;4088;4296;10025;14880;14882;14883;14889;15288
110,gen_regfile_ff.register_file_i.rf_reg[611]$_DFFE_PN0P_,clk_core,1.29,-1.13,2001;4088;4126;10025;14880;14886;14887;14889;15288
111,gen_regfile_ff.register_file_i.rf_reg[643]$_DFFE_PN0P_,clk_core,1.29,-1.13,2001;4088;4126;10025;14880;14886;14887;14889;15288
112,gen_regfile_ff.register_file_i.rf_reg[675]$_DFFE_PN0P_,clk_core,1.29,-1.13,2001;4088;4126;10025;14880;14886;14887;14889;15288
113,gen_regfile_ff.register_file_i.rf_reg[707]$_DFFE_PN0P_,clk_core,1.29,-1.13,2001;4088;4126;10025;14880;14886;14887;14889;15288
114,gen_regfile_ff.register_file_i.rf_reg[739]$_DFFE_PN0P_,clk_core,1.29,-1.13,2001;4088;4126;10025;14880;14886;14887;14889;15288
115,gen_regfile_ff.register_file_i.rf_reg[109]$_DFFE_PN0P_,clk_core,1.29,-1.13,2183;4088;4292;10025;14880;14882;14883;14889;15288
116,gen_regfile_ff.register_file_i.rf_reg[158]$_DFFE_PN0P_,clk_core,1.29,-1.13,2188;4088;4292;10025;14880;14882;14883;14889;15288
117,gen_regfile_ff.register_file_i.rf_reg[205]$_DFFE_PN0P_,clk_core,1.29,-1.13,2185;4088;4292;10025;14880;14882;14883;14889;15288
118,gen_regfile_ff.register_file_i.rf_reg[237]$_DFFE_PN0P_,clk_core,1.29,-1.13,2188;4088;4292;10025;14880;14882;14883;14889;15288
119,gen_regfile_ff.register_file_i.rf_reg[45]$_DFFE_PN0P_,clk_core,1.29,-1.13,2183;4088;4292;10025;14880;14882;14883;14889;15288
120,gen_regfile_ff.register_file_i.rf_reg[525]$_DFFE_PN0P_,clk_core,1.29,-1.13,2185;4088;4292;10025;14880;14882;14883;14889;15288
121,gen_regfile_ff.register_file_i.rf_reg[529]$_DFFE_PN0P_,clk_core,1.29,-1.13,2183;4088;4292;10025;14880;14882;14883;14889;15288
122,gen_regfile_ff.register_file_i.rf_reg[557]$_DFFE_PN0P_,clk_core,1.29,-1.13,2185;4088;4292;10025;14880;14882;14883;14889;15288
123,gen_regfile_ff.register_file_i.rf_reg[561]$_DFFE_PN0P_,clk_core,1.29,-1.13,2703;4088;4292;10025;14880;14882;14883;14889;15288
124,gen_regfile_ff.register_file_i.rf_reg[589]$_DFFE_PN0P_,clk_core,1.29,-1.13,2183;4088;4292;10025;14880;14882;14883;14889;15288
125,gen_regfile_ff.register_file_i.rf_reg[593]$_DFFE_PN0P_,clk_core,1.29,-1.13,2703;4088;4292;10025;14880;14882;14883;14889;15288
126,gen_regfile_ff.register_file_i.rf_reg[621]$_DFFE_PN0P_,clk_core,1.29,-1.13,2183;4088;4292;10025;14880;14882;14883;14889;15288
127,gen_regfile_ff.register_file_i.rf_reg[699]$_DFFE_PN0P_,clk_core,1.29,-1.13,2703;4088;4292;10025;14880;14882;14883;14889;15288
128,gen_regfile_ff.register_file_i.rf_reg[721]$_DFFE_PN0P_,clk_core,1.29,-1.13,2703;4088;4292;10025;14880;14882;14883;14889;15288
129,gen_regfile_ff.register_file_i.rf_reg[753]$_DFFE_PN0P_,clk_core,1.29,-1.13,2703;4088;4292;10025;14880;14882;14883;14889;15288
130,gen_regfile_ff.register_file_i.rf_reg[77]$_DFFE_PN0P_,clk_core,1.29,-1.13,2183;4088;4292;10025;14880;14882;14883;14889;15288
131,gen_regfile_ff.register_file_i.rf_reg[894]$_DFFE_PN0P_,clk_core,1.29,-1.13,2185;4088;4292;10025;14880;14882;14883;14889;15288
132,gen_regfile_ff.register_file_i.rf_reg[126]$_DFFE_PN0P_,clk_core,1.29,-1.13,4088;4292;7720;10025;14880;14882;14883;14889;15288
133,gen_regfile_ff.register_file_i.rf_reg[190]$_DFFE_PN0P_,clk_core,1.29,-1.13,4088;4292;6700;10025;14880;14882;14883;14889;15288
134,gen_regfile_ff.register_file_i.rf_reg[222]$_DFFE_PN0P_,clk_core,1.29,-1.13,4088;4292;6700;10025;14880;14882;14883;14889;15288
135,gen_regfile_ff.register_file_i.rf_reg[254]$_DFFE_PN0P_,clk_core,1.29,-1.13,4088;4292;6700;10025;14880;14882;14883;14889;15288
136,gen_regfile_ff.register_file_i.rf_reg[62]$_DFFE_PN0P_,clk_core,1.29,-1.13,4088;4292;7720;10025;14880;14882;14883;14889;15288
137,gen_regfile_ff.register_file_i.rf_reg[94]$_DFFE_PN0P_,clk_core,1.29,-1.13,4088;4292;7720;10025;14880;14882;14883;14889;15288
138,gen_regfile_ff.register_file_i.rf_reg[1004]$_DFFE_PN0P_,clk_core,1.29,-1.13,2414;4088;4293;10025;14880;14882;14883;14889;15288
139,gen_regfile_ff.register_file_i.rf_reg[267]$_DFFE_PN0P_,clk_core,1.29,-1.13,2526;4088;4293;10025;14880;14882;14883;14889;15288
140,gen_regfile_ff.register_file_i.rf_reg[331]$_DFFE_PN0P_,clk_core,1.29,-1.13,2526;4088;4293;10025;14880;14882;14883;14889;15288
141,gen_regfile_ff.register_file_i.rf_reg[332]$_DFFE_PN0P_,clk_core,1.29,-1.13,2526;4088;4293;10025;14880;14882;14883;14889;15288
142,gen_regfile_ff.register_file_i.rf_reg[364]$_DFFE_PN0P_,clk_core,1.29,-1.13,2526;4088;4293;10025;14880;14882;14883;14889;15288
143,gen_regfile_ff.register_file_i.rf_reg[395]$_DFFE_PN0P_,clk_core,1.29,-1.13,2526;4088;4293;10025;14880;14882;14883;14889;15288
144,gen_regfile_ff.register_file_i.rf_reg[427]$_DFFE_PN0P_,clk_core,1.29,-1.13,2526;4088;4293;10025;14880;14882;14883;14889;15288
145,gen_regfile_ff.register_file_i.rf_reg[428]$_DFFE_PN0P_,clk_core,1.29,-1.13,2526;4088;4293;10025;14880;14882;14883;14889;15288
146,gen_regfile_ff.register_file_i.rf_reg[461]$_DFFE_PN0P_,clk_core,1.29,-1.13,2414;4088;4293;10025;14880;14882;14883;14889;15288
147,gen_regfile_ff.register_file_i.rf_reg[493]$_DFFE_PN0P_,clk_core,1.29,-1.13,2414;4088;4293;10025;14880;14882;14883;14889;15288
148,gen_regfile_ff.register_file_i.rf_reg[909]$_DFFE_PN0P_,clk_core,1.29,-1.13,2414;4088;4293;10025;14880;14882;14883;14889;15288
149,gen_regfile_ff.register_file_i.rf_reg[940]$_DFFE_PN0P_,clk_core,1.29,-1.13,2414;4088;4293;10025;14880;14882;14883;14889;15288
150,gen_regfile_ff.register_file_i.rf_reg[972]$_DFFE_PN0P_,clk_core,1.29,-1.13,2414;4088;4293;10025;14880;14882;14883;14889;15288
151,gen_regfile_ff.register_file_i.rf_reg[34]$_DFFE_PN0P_,clk_core,1.29,-1.13,2099;4088;4285;10025;14880;14886;14887;14889;15288
152,gen_regfile_ff.register_file_i.rf_reg[1003]$_DFFE_PN0P_,clk_core,1.29,-1.13,2459;4088;4293;10025;14880;14882;14883;14889;15288
153,gen_regfile_ff.register_file_i.rf_reg[539]$_DFFE_PN0P_,clk_core,1.29,-1.13,2678;4088;4293;10025;14880;14882;14883;14889;15288
154,gen_regfile_ff.register_file_i.rf_reg[571]$_DFFE_PN0P_,clk_core,1.29,-1.13,2678;4088;4293;10025;14880;14882;14883;14889;15288
155,gen_regfile_ff.register_file_i.rf_reg[652]$_DFFE_PN0P_,clk_core,1.29,-1.13,2459;4088;4293;10025;14880;14882;14883;14889;15288
156,gen_regfile_ff.register_file_i.rf_reg[667]$_DFFE_PN0P_,clk_core,1.29,-1.13,2678;4088;4293;10025;14880;14882;14883;14889;15288
157,gen_regfile_ff.register_file_i.rf_reg[684]$_DFFE_PN0P_,clk_core,1.29,-1.13,2459;4088;4293;10025;14880;14882;14883;14889;15288
158,gen_regfile_ff.register_file_i.rf_reg[716]$_DFFE_PN0P_,clk_core,1.29,-1.13,2459;4088;4293;10025;14880;14882;14883;14889;15288
159,gen_regfile_ff.register_file_i.rf_reg[748]$_DFFE_PN0P_,clk_core,1.29,-1.13,2459;4088;4293;10025;14880;14882;14883;14889;15288
160,gen_regfile_ff.register_file_i.rf_reg[779]$_DFFE_PN0P_,clk_core,1.29,-1.13,2459;4088;4293;10025;14880;14882;14883;14889;15288
161,gen_regfile_ff.register_file_i.rf_reg[781]$_DFFE_PN0P_,clk_core,1.29,-1.13,2432;4088;4293;10025;14880;14882;14883;14889;15288
162,gen_regfile_ff.register_file_i.rf_reg[811]$_DFFE_PN0P_,clk_core,1.29,-1.13,2678;4088;4293;10025;14880;14882;14883;14889;15288
163,gen_regfile_ff.register_file_i.rf_reg[813]$_DFFE_PN0P_,clk_core,1.29,-1.13,2432;4088;4293;10025;14880;14882;14883;14889;15288
164,gen_regfile_ff.register_file_i.rf_reg[843]$_DFFE_PN0P_,clk_core,1.29,-1.13,2432;4088;4293;10025;14880;14882;14883;14889;15288
165,gen_regfile_ff.register_file_i.rf_reg[875]$_DFFE_PN0P_,clk_core,1.29,-1.13,2459;4088;4293;10025;14880;14882;14883;14889;15288
166,gen_regfile_ff.register_file_i.rf_reg[877]$_DFFE_PN0P_,clk_core,1.29,-1.13,2432;4088;4293;10025;14880;14882;14883;14889;15288
167,gen_regfile_ff.register_file_i.rf_reg[907]$_DFFE_PN0P_,clk_core,1.29,-1.13,2432;4088;4293;10025;14880;14882;14883;14889;15288
168,gen_regfile_ff.register_file_i.rf_reg[939]$_DFFE_PN0P_,clk_core,1.29,-1.13,2432;4088;4293;10025;14880;14882;14883;14889;15288
169,gen_regfile_ff.register_file_i.rf_reg[971]$_DFFE_PN0P_,clk_core,1.29,-1.13,2432;4088;4293;10025;14880;14882;14883;14889;15288
170,gen_regfile_ff.register_file_i.rf_reg[973]$_DFFE_PN0P_,clk_core,1.29,-1.13,2432;4088;4293;10025;14880;14882;14883;14889;15288
171,gen_regfile_ff.register_file_i.rf_reg[299]$_DFFE_PN0P_,clk_core,1.29,-1.13,2342;4088;4293;10025;14880;14882;14883;14889;15288
172,gen_regfile_ff.register_file_i.rf_reg[363]$_DFFE_PN0P_,clk_core,1.29,-1.13,2342;4088;4293;10025;14880;14882;14883;14889;15288
173,gen_regfile_ff.register_file_i.rf_reg[397]$_DFFE_PN0P_,clk_core,1.29,-1.13,2342;4088;4293;10025;14880;14882;14883;14889;15288
174,gen_regfile_ff.register_file_i.rf_reg[429]$_DFFE_PN0P_,clk_core,1.29,-1.13,2342;4088;4293;10025;14880;14882;14883;14889;15288
175,gen_regfile_ff.register_file_i.rf_reg[625]$_DFFE_PN0P_,clk_core,1.29,-1.13,2705;4088;4331;10025;14880;14882;14883;14889;15288
176,gen_regfile_ff.register_file_i.rf_reg[645]$_DFFE_PN0P_,clk_core,1.29,-1.13,2260;4088;4290;10025;14880;14886;14887;14889;15288
177,gen_regfile_ff.register_file_i.rf_reg[709]$_DFFE_PN0P_,clk_core,1.29,-1.13,2260;4088;4290;10025;14880;14886;14887;14889;15288
178,gen_regfile_ff.register_file_i.rf_reg[741]$_DFFE_PN0P_,clk_core,1.29,-1.13,2260;4088;4290;10025;14880;14886;14887;14889;15288
179,gen_regfile_ff.register_file_i.rf_reg[901]$_DFFE_PN0P_,clk_core,1.29,-1.13,2260;4088;4290;10025;14880;14886;14887;14889;15288
180,gen_regfile_ff.register_file_i.rf_reg[933]$_DFFE_PN0P_,clk_core,1.29,-1.13,2260;4088;4290;10025;14880;14886;14887;14889;15288
181,gen_regfile_ff.register_file_i.rf_reg[997]$_DFFE_PN0P_,clk_core,1.29,-1.13,2260;4088;4290;10025;14880;14886;14887;14889;15288
182,gen_regfile_ff.register_file_i.rf_reg[268]$_DFFE_PN0P_,clk_core,1.29,-1.13,2510;4088;4293;10025;14880;14882;14883;14889;15288
183,gen_regfile_ff.register_file_i.rf_reg[459]$_DFFE_PN0P_,clk_core,1.29,-1.13,2510;4088;4293;10025;14880;14882;14883;14889;15288
184,gen_regfile_ff.register_file_i.rf_reg[491]$_DFFE_PN0P_,clk_core,1.29,-1.13,2510;4088;4293;10025;14880;14882;14883;14889;15288
185,gen_regfile_ff.register_file_i.rf_reg[844]$_DFFE_PN0P_,clk_core,1.29,-1.13,2510;4088;4293;10025;14880;14882;14883;14889;15288
186,gen_regfile_ff.register_file_i.rf_reg[876]$_DFFE_PN0P_,clk_core,1.29,-1.13,2510;4088;4293;10025;14880;14882;14883;14889;15288
187,gen_regfile_ff.register_file_i.rf_reg[908]$_DFFE_PN0P_,clk_core,1.29,-1.13,2510;4088;4293;10025;14880;14882;14883;14889;15288
188,gen_regfile_ff.register_file_i.rf_reg[1020]$_DFFE_PN0P_,clk_core,1.29,-1.13,4088;4290;6832;10025;14880;14886;14887;14889;15288
189,gen_regfile_ff.register_file_i.rf_reg[473]$_DFFE_PN0P_,clk_core,1.29,-1.13,2198;4088;4290;10025;14880;14886;14887;14889;15288
190,gen_regfile_ff.register_file_i.rf_reg[517]$_DFFE_PN0P_,clk_core,1.29,-1.13,2300;4088;4290;10025;14880;14886;14887;14889;15288
191,gen_regfile_ff.register_file_i.rf_reg[537]$_DFFE_PN0P_,clk_core,1.29,-1.13,4088;4290;6832;10025;14880;14886;14887;14889;15288
192,gen_regfile_ff.register_file_i.rf_reg[540]$_DFFE_PN0P_,clk_core,1.29,-1.13,2255;4088;4290;10025;14880;14886;14887;14889;15288
193,gen_regfile_ff.register_file_i.rf_reg[549]$_DFFE_PN0P_,clk_core,1.29,-1.13,2300;4088;4290;10025;14880;14886;14887;14889;15288
194,gen_regfile_ff.register_file_i.rf_reg[569]$_DFFE_PN0P_,clk_core,1.29,-1.13,4088;4290;6832;10025;14880;14886;14887;14889;15288
195,gen_regfile_ff.register_file_i.rf_reg[572]$_DFFE_PN0P_,clk_core,1.29,-1.13,2255;4088;4290;10025;14880;14886;14887;14889;15288
196,gen_regfile_ff.register_file_i.rf_reg[601]$_DFFE_PN0P_,clk_core,1.29,-1.13,2218;4088;4290;10025;14880;14886;14887;14889;15288
197,gen_regfile_ff.register_file_i.rf_reg[604]$_DFFE_PN0P_,clk_core,1.29,-1.13,2255;4088;4290;10025;14880;14886;14887;14889;15288
198,gen_regfile_ff.register_file_i.rf_reg[633]$_DFFE_PN0P_,clk_core,1.29,-1.13,4088;4290;6832;10025;14880;14886;14887;14889;15288
199,gen_regfile_ff.register_file_i.rf_reg[636]$_DFFE_PN0P_,clk_core,1.29,-1.13,4088;4290;6832;10025;14880;14886;14887;14889;15288
200,gen_regfile_ff.register_file_i.rf_reg[665]$_DFFE_PN0P_,clk_core,1.29,-1.13,4088;4290;6832;10025;14880;14886;14887;14889;15288
201,gen_regfile_ff.register_file_i.rf_reg[677]$_DFFE_PN0P_,clk_core,1.29,-1.13,2255;4088;4290;10025;14880;14886;14887;14889;15288
202,gen_regfile_ff.register_file_i.rf_reg[697]$_DFFE_PN0P_,clk_core,1.29,-1.13,4088;4290;6832;10025;14880;14886;14887;14889;15288
203,gen_regfile_ff.register_file_i.rf_reg[729]$_DFFE_PN0P_,clk_core,1.29,-1.13,2198;4088;4290;10025;14880;14886;14887;14889;15288
204,gen_regfile_ff.register_file_i.rf_reg[761]$_DFFE_PN0P_,clk_core,1.29,-1.13,2198;4088;4290;10025;14880;14886;14887;14889;15288
205,gen_regfile_ff.register_file_i.rf_reg[924]$_DFFE_PN0P_,clk_core,1.29,-1.13,2255;4088;4290;10025;14880;14886;14887;14889;15288
206,gen_regfile_ff.register_file_i.rf_reg[956]$_DFFE_PN0P_,clk_core,1.29,-1.13,2255;4088;4290;10025;14880;14886;14887;14889;15288
207,gen_regfile_ff.register_file_i.rf_reg[965]$_DFFE_PN0P_,clk_core,1.29,-1.13,2255;4088;4290;10025;14880;14886;14887;14889;15288
208,gen_regfile_ff.register_file_i.rf_reg[988]$_DFFE_PN0P_,clk_core,1.29,-1.13,2255;4088;4290;10025;14880;14886;14887;14889;15288
209,gen_regfile_ff.register_file_i.rf_reg[125]$_DFFE_PN0P_,clk_core,1.29,-1.13,3618;4088;4288;10025;14880;14886;14887;14889;15288
210,gen_regfile_ff.register_file_i.rf_reg[221]$_DFFE_PN0P_,clk_core,1.29,-1.13,3618;4088;4288;10025;14880;14886;14887;14889;15288
211,gen_regfile_ff.register_file_i.rf_reg[253]$_DFFE_PN0P_,clk_core,1.29,-1.13,3618;4088;4288;10025;14880;14886;14887;14889;15288
212,gen_regfile_ff.register_file_i.rf_reg[61]$_DFFE_PN0P_,clk_core,1.29,-1.13,3618;4088;4288;10025;14880;14886;14887;14889;15288
213,gen_regfile_ff.register_file_i.rf_reg[409]$_DFFE_PN0P_,clk_core,1.29,-1.13,2188;4088;4292;10025;14880;14886;14887;14889;15288
214,gen_regfile_ff.register_file_i.rf_reg[129]$_DFFE_PN0P_,clk_core,1.29,-1.13,1962;4088;4107;10025;14880;14886;14887;14889;15288
215,gen_regfile_ff.register_file_i.rf_reg[157]$_DFFE_PN0P_,clk_core,1.29,-1.13,1962;4088;4107;10025;14880;14886;14887;14889;15288
216,gen_regfile_ff.register_file_i.rf_reg[161]$_DFFE_PN0P_,clk_core,1.29,-1.13,1962;4088;4107;10025;14880;14886;14887;14889;15288
217,gen_regfile_ff.register_file_i.rf_reg[193]$_DFFE_PN0P_,clk_core,1.29,-1.13,1962;4088;4107;10025;14880;14886;14887;14889;15288
218,gen_regfile_ff.register_file_i.rf_reg[225]$_DFFE_PN0P_,clk_core,1.29,-1.13,1962;4088;4107;10025;14880;14886;14887;14889;15288
219,gen_regfile_ff.register_file_i.rf_reg[33]$_DFFE_PN0P_,clk_core,1.29,-1.13,3519;4088;4107;10025;14880;14886;14887;14889;15288
220,gen_regfile_ff.register_file_i.rf_reg[413]$_DFFE_PN0P_,clk_core,1.29,-1.13,1962;4088;4107;10025;14880;14886;14887;14889;15288
221,gen_regfile_ff.register_file_i.rf_reg[483]$_DFFE_PN0P_,clk_core,1.29,-1.13,3519;4088;4107;10025;14880;14886;14887;14889;15288
222,gen_regfile_ff.register_file_i.rf_reg[65]$_DFFE_PN0P_,clk_core,1.29,-1.13,3519;4088;4107;10025;14880;14886;14887;14889;15288
223,gen_regfile_ff.register_file_i.rf_reg[67]$_DFFE_PN0P_,clk_core,1.29,-1.13,3519;4088;4107;10025;14880;14886;14887;14889;15288
224,gen_regfile_ff.register_file_i.rf_reg[93]$_DFFE_PN0P_,clk_core,1.29,-1.13,3519;4088;4107;10025;14880;14886;14887;14889;15288
225,gen_regfile_ff.register_file_i.rf_reg[189]$_DFFE_PN0P_,clk_core,1.29,-1.13,1965;4088;4107;10025;14880;14886;14887;14889;15288
226,gen_regfile_ff.register_file_i.rf_reg[445]$_DFFE_PN0P_,clk_core,1.29,-1.13,1965;4088;4107;10025;14880;14886;14887;14889;15288
227,gen_regfile_ff.register_file_i.rf_reg[477]$_DFFE_PN0P_,clk_core,1.29,-1.13,1965;4088;4107;10025;14880;14886;14887;14889;15288
228,gen_regfile_ff.register_file_i.rf_reg[509]$_DFFE_PN0P_,clk_core,1.29,-1.13,1965;4088;4107;10025;14880;14886;14887;14889;15288
229,gen_regfile_ff.register_file_i.rf_reg[513]$_DFFE_PN0P_,clk_core,1.29,-1.13,1980;4088;4107;10025;14880;14886;14887;14889;15288
230,gen_regfile_ff.register_file_i.rf_reg[545]$_DFFE_PN0P_,clk_core,1.29,-1.13,1980;4088;4107;10025;14880;14886;14887;14889;15288
231,gen_regfile_ff.register_file_i.rf_reg[577]$_DFFE_PN0P_,clk_core,1.29,-1.13,1980;4088;4107;10025;14880;14886;14887;14889;15288
232,gen_regfile_ff.register_file_i.rf_reg[641]$_DFFE_PN0P_,clk_core,1.29,-1.13,1980;4088;4107;10025;14880;14886;14887;14889;15288
233,gen_regfile_ff.register_file_i.rf_reg[705]$_DFFE_PN0P_,clk_core,1.29,-1.13,1980;4088;4107;10025;14880;14886;14887;14889;15288
234,gen_regfile_ff.register_file_i.rf_reg[737]$_DFFE_PN0P_,clk_core,1.29,-1.13,1980;4088;4107;10025;14880;14886;14887;14889;15288
235,gen_regfile_ff.register_file_i.rf_reg[897]$_DFFE_PN0P_,clk_core,1.29,-1.13,1980;4088;4107;10025;14880;14886;14887;14889;15288
236,gen_regfile_ff.register_file_i.rf_reg[929]$_DFFE_PN0P_,clk_core,1.29,-1.13,1980;4088;4107;10025;14880;14886;14887;14889;15288
237,gen_regfile_ff.register_file_i.rf_reg[441]$_DFFE_PN0P_,clk_core,1.29,-1.13,4088;4292;7564;10025;14880;14886;14887;14889;15288
238,gen_regfile_ff.register_file_i.rf_reg[257]$_DFFE_PN0P_,clk_core,1.29,-1.13,1969;4088;4107;10025;14880;14886;14887;14889;15288
239,gen_regfile_ff.register_file_i.rf_reg[285]$_DFFE_PN0P_,clk_core,1.29,-1.13,1819;4088;4107;10025;14880;14886;14887;14889;15288
240,gen_regfile_ff.register_file_i.rf_reg[289]$_DFFE_PN0P_,clk_core,1.29,-1.13,1969;4088;4107;10025;14880;14886;14887;14889;15288
241,gen_regfile_ff.register_file_i.rf_reg[317]$_DFFE_PN0P_,clk_core,1.29,-1.13,1819;4088;4107;10025;14880;14886;14887;14889;15288
242,gen_regfile_ff.register_file_i.rf_reg[321]$_DFFE_PN0P_,clk_core,1.29,-1.13,1969;4088;4107;10025;14880;14886;14887;14889;15288
243,gen_regfile_ff.register_file_i.rf_reg[349]$_DFFE_PN0P_,clk_core,1.29,-1.13,1819;4088;4107;10025;14880;14886;14887;14889;15288
244,gen_regfile_ff.register_file_i.rf_reg[353]$_DFFE_PN0P_,clk_core,1.29,-1.13,1969;4088;4107;10025;14880;14886;14887;14889;15288
245,gen_regfile_ff.register_file_i.rf_reg[381]$_DFFE_PN0P_,clk_core,1.29,-1.13,1819;4088;4107;10025;14880;14886;14887;14889;15288
246,gen_regfile_ff.register_file_i.rf_reg[385]$_DFFE_PN0P_,clk_core,1.29,-1.13,1969;4088;4107;10025;14880;14886;14887;14889;15288
247,gen_regfile_ff.register_file_i.rf_reg[417]$_DFFE_PN0P_,clk_core,1.29,-1.13,1969;4088;4107;10025;14880;14886;14887;14889;15288
248,gen_regfile_ff.register_file_i.rf_reg[481]$_DFFE_PN0P_,clk_core,1.29,-1.13,1969;4088;4107;10025;14880;14886;14887;14889;15288
249,gen_regfile_ff.register_file_i.rf_reg[769]$_DFFE_PN0P_,clk_core,1.29,-1.13,1819;4088;4107;10025;14880;14886;14887;14889;15288
250,gen_regfile_ff.register_file_i.rf_reg[898]$_DFFE_PN0P_,clk_core,1.29,-1.13,1969;4088;4107;10025;14880;14886;14887;14889;15288
251,gen_regfile_ff.register_file_i.rf_reg[961]$_DFFE_PN0P_,clk_core,1.29,-1.13,1819;4088;4107;10025;14880;14886;14887;14889;15288
252,gen_regfile_ff.register_file_i.rf_reg[993]$_DFFE_PN0P_,clk_core,1.29,-1.13,1819;4088;4107;10025;14880;14886;14887;14889;15288
253,gen_regfile_ff.register_file_i.rf_reg[994]$_DFFE_PN0P_,clk_core,1.29,-1.13,1969;4088;4107;10025;14880;14886;14887;14889;15288
254,gen_regfile_ff.register_file_i.rf_reg[505]$_DFFE_PN0P_,clk_core,1.29,-1.13,4088;4292;10025;14880;14886;14887;14889;14915;15288
255,gen_regfile_ff.register_file_i.rf_reg[449]$_DFFE_PN0P_,clk_core,1.29,-1.13,1973;4088;4107;10025;14880;14886;14887;14889;15288
256,gen_regfile_ff.register_file_i.rf_reg[609]$_DFFE_PN0P_,clk_core,1.29,-1.13,1973;4088;4107;10025;14880;14886;14887;14889;15288
257,gen_regfile_ff.register_file_i.rf_reg[673]$_DFFE_PN0P_,clk_core,1.29,-1.13,1973;4088;4107;10025;14880;14886;14887;14889;15288
258,gen_regfile_ff.register_file_i.rf_reg[801]$_DFFE_PN0P_,clk_core,1.29,-1.13,1973;4088;4107;10025;14880;14886;14887;14889;15288
259,gen_regfile_ff.register_file_i.rf_reg[833]$_DFFE_PN0P_,clk_core,1.29,-1.13,1973;4088;4107;10025;14880;14886;14887;14889;15288
260,gen_regfile_ff.register_file_i.rf_reg[865]$_DFFE_PN0P_,clk_core,1.29,-1.13,1973;4088;4107;10025;14880;14886;14887;14889;15288
261,gen_regfile_ff.register_file_i.rf_reg[132]$_DFFE_PN0P_,clk_core,1.3,-1.12,2106;4088;4127;10025;14880;14886;14888;14889;15288
262,gen_regfile_ff.register_file_i.rf_reg[192]$_DFFE_PN0P_,clk_core,1.3,-1.12,2106;4088;4127;10025;14880;14886;14888;14889;15288
263,gen_regfile_ff.register_file_i.rf_reg[196]$_DFFE_PN0P_,clk_core,1.3,-1.12,2106;4088;4127;10025;14880;14886;14888;14889;15288
264,gen_regfile_ff.register_file_i.rf_reg[228]$_DFFE_PN0P_,clk_core,1.3,-1.12,2106;4088;4127;10025;14880;14886;14888;14889;15288
265,gen_regfile_ff.register_file_i.rf_reg[60]$_DFFE_PN0P_,clk_core,1.3,-1.12,2106;4088;4127;10025;14880;14886;14888;14889;15288
266,gen_regfile_ff.register_file_i.rf_reg[156]$_DFFE_PN0P_,clk_core,1.3,-1.12,4088;4126;7444;10025;14880;14886;14888;14889;15288
267,gen_regfile_ff.register_file_i.rf_reg[188]$_DFFE_PN0P_,clk_core,1.3,-1.12,4088;4126;7444;10025;14880;14886;14888;14889;15288
268,gen_regfile_ff.register_file_i.rf_reg[220]$_DFFE_PN0P_,clk_core,1.3,-1.12,4088;4126;7444;10025;14880;14886;14888;14889;15288
269,gen_regfile_ff.register_file_i.rf_reg[252]$_DFFE_PN0P_,clk_core,1.3,-1.12,4088;4126;7444;10025;14880;14886;14888;14889;15288
270,gen_regfile_ff.register_file_i.rf_reg[92]$_DFFE_PN0P_,clk_core,1.3,-1.12,4088;4127;10025;14880;14886;14888;14889;14920;15288
271,gen_regfile_ff.register_file_i.rf_reg[124]$_DFFE_PN0P_,clk_core,1.3,-1.12,2152;4088;4127;10025;14880;14886;14888;14889;15288
272,gen_regfile_ff.register_file_i.rf_reg[128]$_DFFE_PN0P_,clk_core,1.3,-1.12,2152;4088;4127;10025;14880;14886;14888;14889;15288
273,gen_regfile_ff.register_file_i.rf_reg[160]$_DFFE_PN0P_,clk_core,1.3,-1.12,2152;4088;4127;10025;14880;14886;14888;14889;15288
274,gen_regfile_ff.register_file_i.rf_reg[281]$_DFFE_PN0P_,clk_core,1.3,-1.12,2152;4088;4127;10025;14880;14886;14888;14889;15288
275,gen_regfile_ff.register_file_i.rf_reg[100]$_DFFE_PN0P_,clk_core,1.3,-1.12,4088;4285;10025;14880;14886;14888;14889;14918;15288
276,gen_regfile_ff.register_file_i.rf_reg[224]$_DFFE_PN0P_,clk_core,1.3,-1.12,4088;4285;10025;14880;14886;14888;14889;14918;15288
277,gen_regfile_ff.register_file_i.rf_reg[538]$_DFFE_PN0P_,clk_core,1.3,-1.12,3430;4088;4285;10025;14880;14886;14888;14889;15288
278,gen_regfile_ff.register_file_i.rf_reg[570]$_DFFE_PN0P_,clk_core,1.3,-1.12,3430;4088;4285;10025;14880;14886;14888;14889;15288
279,gen_regfile_ff.register_file_i.rf_reg[602]$_DFFE_PN0P_,clk_core,1.3,-1.12,3430;4088;4285;10025;14880;14886;14888;14889;15288
280,gen_regfile_ff.register_file_i.rf_reg[634]$_DFFE_PN0P_,clk_core,1.3,-1.12,3430;4088;4285;10025;14880;14886;14888;14889;15288
281,gen_regfile_ff.register_file_i.rf_reg[68]$_DFFE_PN0P_,clk_core,1.3,-1.12,4088;4285;10025;14880;14886;14888;14889;14918;15288
282,gen_regfile_ff.register_file_i.rf_reg[698]$_DFFE_PN0P_,clk_core,1.3,-1.12,4088;4285;10025;14880;14886;14888;14889;14918;15288
283,gen_regfile_ff.register_file_i.rf_reg[730]$_DFFE_PN0P_,clk_core,1.3,-1.12,3491;4088;4285;10025;14880;14886;14888;14889;15288
284,gen_regfile_ff.register_file_i.rf_reg[762]$_DFFE_PN0P_,clk_core,1.3,-1.12,4088;4285;10025;14880;14886;14888;14889;14918;15288
285,gen_regfile_ff.register_file_i.rf_reg[858]$_DFFE_PN0P_,clk_core,1.3,-1.12,4088;4285;10025;14880;14886;14888;14889;14918;15288
286,gen_regfile_ff.register_file_i.rf_reg[890]$_DFFE_PN0P_,clk_core,1.3,-1.12,3491;4088;4285;10025;14880;14886;14888;14889;15288
287,gen_regfile_ff.register_file_i.rf_reg[922]$_DFFE_PN0P_,clk_core,1.3,-1.12,3491;4088;4285;10025;14880;14886;14888;14889;15288
288,gen_regfile_ff.register_file_i.rf_reg[1018]$_DFFE_PN0P_,clk_core,1.3,-1.12,2099;4088;4285;10025;14880;14886;14888;14889;15288
289,gen_regfile_ff.register_file_i.rf_reg[666]$_DFFE_PN0P_,clk_core,1.3,-1.12,2099;4088;4285;10025;14880;14886;14888;14889;15288
290,gen_regfile_ff.register_file_i.rf_reg[794]$_DFFE_PN0P_,clk_core,1.3,-1.12,2099;4088;4285;10025;14880;14886;14888;14889;15288
291,gen_regfile_ff.register_file_i.rf_reg[826]$_DFFE_PN0P_,clk_core,1.3,-1.12,2099;4088;4285;10025;14880;14886;14888;14889;15288
292,gen_regfile_ff.register_file_i.rf_reg[954]$_DFFE_PN0P_,clk_core,1.3,-1.12,2099;4088;4285;10025;14880;14886;14888;14889;15288
293,gen_regfile_ff.register_file_i.rf_reg[986]$_DFFE_PN0P_,clk_core,1.3,-1.12,2099;4088;4285;10025;14880;14886;14888;14889;15288
294,gen_regfile_ff.register_file_i.rf_reg[453]$_DFFE_PN0P_,clk_core,1.3,-1.12,2191;4088;4290;10025;14880;14886;14888;14889;15288
295,gen_regfile_ff.register_file_i.rf_reg[574]$_DFFE_PN0P_,clk_core,1.3,-1.12,2260;4088;4290;10025;14880;14886;14888;14889;15288
296,gen_regfile_ff.register_file_i.rf_reg[613]$_DFFE_PN0P_,clk_core,1.3,-1.12,2191;4088;4290;10025;14880;14886;14888;14889;15288
297,gen_regfile_ff.register_file_i.rf_reg[286]$_DFFE_PN0P_,clk_core,1.3,-1.12,2307;4088;4290;10025;14880;14886;14888;14889;15288
298,gen_regfile_ff.register_file_i.rf_reg[318]$_DFFE_PN0P_,clk_core,1.3,-1.12,2307;4088;4290;10025;14880;14886;14888;14889;15288
299,gen_regfile_ff.register_file_i.rf_reg[382]$_DFFE_PN0P_,clk_core,1.3,-1.12,2307;4088;4290;10025;14880;14886;14888;14889;15288
300,gen_regfile_ff.register_file_i.rf_reg[414]$_DFFE_PN0P_,clk_core,1.3,-1.12,2300;4088;4290;10025;14880;14886;14888;14889;15288
301,gen_regfile_ff.register_file_i.rf_reg[446]$_DFFE_PN0P_,clk_core,1.3,-1.12,2300;4088;4290;10025;14880;14886;14888;14889;15288
302,gen_regfile_ff.register_file_i.rf_reg[478]$_DFFE_PN0P_,clk_core,1.3,-1.12,2307;4088;4290;10025;14880;14886;14888;14889;15288
303,gen_regfile_ff.register_file_i.rf_reg[542]$_DFFE_PN0P_,clk_core,1.3,-1.12,2307;4088;4290;10025;14880;14886;14888;14889;15288
304,gen_regfile_ff.register_file_i.rf_reg[581]$_DFFE_PN0P_,clk_core,1.3,-1.12,2218;4088;4290;10025;14880;14886;14888;14889;15288
305,gen_regfile_ff.register_file_i.rf_reg[606]$_DFFE_PN0P_,clk_core,1.3,-1.12,2300;4088;4290;10025;14880;14886;14888;14889;15288
306,gen_regfile_ff.register_file_i.rf_reg[638]$_DFFE_PN0P_,clk_core,1.3,-1.12,2430;4088;4290;10025;14880;14886;14888;14889;15288
307,gen_regfile_ff.register_file_i.rf_reg[670]$_DFFE_PN0P_,clk_core,1.3,-1.12,2307;4088;4290;10025;14880;14886;14888;14889;15288
308,gen_regfile_ff.register_file_i.rf_reg[702]$_DFFE_PN0P_,clk_core,1.3,-1.12,2307;4088;4290;10025;14880;14886;14888;14889;15288
309,gen_regfile_ff.register_file_i.rf_reg[734]$_DFFE_PN0P_,clk_core,1.3,-1.12,2307;4088;4290;10025;14880;14886;14888;14889;15288
310,gen_regfile_ff.register_file_i.rf_reg[766]$_DFFE_PN0P_,clk_core,1.3,-1.12,2300;4088;4290;10025;14880;14886;14888;14889;15288
311,gen_regfile_ff.register_file_i.rf_reg[773]$_DFFE_PN0P_,clk_core,1.3,-1.12,2218;4088;4290;10025;14880;14886;14888;14889;15288
312,gen_regfile_ff.register_file_i.rf_reg[793]$_DFFE_PN0P_,clk_core,1.3,-1.12,2198;4088;4290;10025;14880;14886;14888;14889;15288
313,gen_regfile_ff.register_file_i.rf_reg[805]$_DFFE_PN0P_,clk_core,1.3,-1.12,2218;4088;4290;10025;14880;14886;14888;14889;15288
314,gen_regfile_ff.register_file_i.rf_reg[825]$_DFFE_PN0P_,clk_core,1.3,-1.12,2218;4088;4290;10025;14880;14886;14888;14889;15288
315,gen_regfile_ff.register_file_i.rf_reg[837]$_DFFE_PN0P_,clk_core,1.3,-1.12,4088;4290;6832;10025;14880;14886;14888;14889;15288
316,gen_regfile_ff.register_file_i.rf_reg[857]$_DFFE_PN0P_,clk_core,1.3,-1.12,2198;4088;4290;10025;14880;14886;14888;14889;15288
317,gen_regfile_ff.register_file_i.rf_reg[869]$_DFFE_PN0P_,clk_core,1.3,-1.12,2300;4088;4290;10025;14880;14886;14888;14889;15288
318,gen_regfile_ff.register_file_i.rf_reg[921]$_DFFE_PN0P_,clk_core,1.3,-1.12,2198;4088;4290;10025;14880;14886;14888;14889;15288
319,gen_regfile_ff.register_file_i.rf_reg[953]$_DFFE_PN0P_,clk_core,1.3,-1.12,2198;4088;4290;10025;14880;14886;14888;14889;15288
320,gen_regfile_ff.register_file_i.rf_reg[985]$_DFFE_PN0P_,clk_core,1.3,-1.12,2198;4088;4290;10025;14880;14886;14888;14889;15288
321,gen_regfile_ff.register_file_i.rf_reg[1017]$_DFFE_PN0P_,clk_core,1.3,-1.12,2188;4088;4292;10025;14880;14886;14888;14889;15288
322,gen_regfile_ff.register_file_i.rf_reg[485]$_DFFE_PN0P_,clk_core,1.3,-1.12,2188;4088;4292;10025;14880;14886;14888;14889;15288
323,gen_regfile_ff.register_file_i.rf_reg[889]$_DFFE_PN0P_,clk_core,1.3,-1.12,2188;4088;4292;10025;14880;14886;14888;14889;15288
324,gen_regfile_ff.register_file_i.rf_reg[510]$_DFFE_PN0P_,clk_core,1.3,-1.12,2414;4088;4293;10025;14880;14886;14888;14889;15288
325,gen_regfile_ff.register_file_i.rf_reg[345]$_DFFE_PN0P_,clk_core,1.3,-1.12,4088;4292;7715;10025;14880;14886;14888;14889;15288
326,gen_regfile_ff.register_file_i.rf_reg[389]$_DFFE_PN0P_,clk_core,1.3,-1.12,4088;4292;7564;10025;14880;14886;14888;14889;15288
327,gen_regfile_ff.register_file_i.rf_reg[421]$_DFFE_PN0P_,clk_core,1.3,-1.12,4088;4292;7564;10025;14880;14886;14888;14889;15288
328,gen_regfile_ff.register_file_i.rf_reg[580]$_DFFE_PN0P_,clk_core,1.3,-1.12,4088;4292;7715;10025;14880;14886;14888;14889;15288
329,gen_regfile_ff.register_file_i.rf_reg[612]$_DFFE_PN0P_,clk_core,1.3,-1.12,4088;4292;7715;10025;14880;14886;14888;14889;15288
330,gen_regfile_ff.register_file_i.rf_reg[644]$_DFFE_PN0P_,clk_core,1.3,-1.12,4088;4292;7715;10025;14880;14886;14888;14889;15288
331,gen_regfile_ff.register_file_i.rf_reg[676]$_DFFE_PN0P_,clk_core,1.3,-1.12,4088;4292;7715;10025;14880;14886;14888;14889;15288
332,gen_regfile_ff.register_file_i.rf_reg[708]$_DFFE_PN0P_,clk_core,1.3,-1.12,4088;4292;7715;10025;14880;14886;14888;14889;15288
333,gen_regfile_ff.register_file_i.rf_reg[740]$_DFFE_PN0P_,clk_core,1.3,-1.12,4088;4292;7715;10025;14880;14886;14888;14889;15288
334,gen_regfile_ff.register_file_i.rf_reg[269]$_DFFE_PN0P_,clk_core,1.3,-1.12,2342;4088;4293;10025;14880;14886;14888;14889;15288
335,gen_regfile_ff.register_file_i.rf_reg[301]$_DFFE_PN0P_,clk_core,1.3,-1.12,2342;4088;4293;10025;14880;14886;14888;14889;15288
336,gen_regfile_ff.register_file_i.rf_reg[333]$_DFFE_PN0P_,clk_core,1.3,-1.12,2342;4088;4293;10025;14880;14886;14888;14889;15288
337,gen_regfile_ff.register_file_i.rf_reg[350]$_DFFE_PN0P_,clk_core,1.3,-1.12,2342;4088;4293;10025;14880;14886;14888;14889;15288
338,gen_regfile_ff.register_file_i.rf_reg[365]$_DFFE_PN0P_,clk_core,1.3,-1.12,2342;4088;4293;10025;14880;14886;14888;14889;15288
339,gen_regfile_ff.register_file_i.rf_reg[164]$_DFFE_PN0P_,clk_core,1.3,-1.12,4088;4292;10025;14880;14886;14888;14889;14915;15288
340,gen_regfile_ff.register_file_i.rf_reg[313]$_DFFE_PN0P_,clk_core,1.3,-1.12,4088;4292;10025;14880;14886;14888;14889;14915;15288
341,gen_regfile_ff.register_file_i.rf_reg[377]$_DFFE_PN0P_,clk_core,1.3,-1.12,4088;4292;10025;14880;14886;14888;14889;14915;15288
342,gen_regfile_ff.register_file_i.rf_reg[516]$_DFFE_PN0P_,clk_core,1.3,-1.12,4088;4292;10025;14880;14886;14888;14889;14915;15288
343,gen_regfile_ff.register_file_i.rf_reg[548]$_DFFE_PN0P_,clk_core,1.3,-1.12,4088;4292;10025;14880;14886;14888;14889;14915;15288
344,gen_regfile_ff.register_file_i.rf_reg[36]$_DFFE_PN0P_,clk_core,1.3,-1.12,4088;4331;7639;10025;14880;14886;14888;14889;15288
345,cs_registers_i.u_depc_csr.rd_data_o[8]$_DFFE_PN0P_,clk_core,1.33,-1.12,1771;6880;10025;11599;14891;14894;14898;15060;15149;15159
346,cs_registers_i.u_dscratch1_csr.rd_data_o[31]$_DFFE_PN0P_,clk_core,1.33,-1.12,1771;6880;10025;11599;14891;14894;14898;15058;15149;15161
347,cs_registers_i.u_mtval_csr.rd_data_o[20]$_DFFE_PN0P_,clk_core,1.33,-1.12,1771;6880;10025;11599;14891;14894;14898;15058;15149;15161
348,cs_registers_i.u_dscratch0_csr.rd_data_o[30]$_DFFE_PN0P_,clk_core,1.33,-1.12,1771;6880;10025;11599;14891;14894;14898;15062;15149;15161
349,cs_registers_i.u_mscratch_csr.rd_data_o[30]$_DFFE_PN0P_,clk_core,1.33,-1.12,1771;6880;10025;11599;14891;14894;14898;15061;15149;15161
350,cs_registers_i.u_dscratch0_csr.rd_data_o[31]$_DFFE_PN0P_,clk_core,1.33,-1.12,1771;6880;10025;11599;14891;14894;14898;15059;15149;15164
351,cs_registers_i.u_dscratch0_csr.rd_data_o[9]$_DFFE_PN0P_,clk_core,1.33,-1.12,1771;6880;10025;11599;14891;14894;14898;15059;15149;15164
352,cs_registers_i.u_dscratch1_csr.rd_data_o[8]$_DFFE_PN0P_,clk_core,1.33,-1.12,1771;6880;10025;11599;14891;14894;14898;15056;15149;15164
353,cs_registers_i.u_dscratch1_csr.rd_data_o[9]$_DFFE_PN0P_,clk_core,1.33,-1.12,1771;6880;10025;11599;14891;14894;14898;15059;15149;15164
354,cs_registers_i.u_mtvec_csr.rd_data_o[11]$_DFFE_PN0P_,clk_core,1.33,-1.12,1771;6880;10025;11599;14891;14894;14898;15056;15149;15164
355,cs_registers_i.u_mscratch_csr.rd_data_o[21]$_DFFE_PN0P_,clk_core,1.33,-1.12,1771;6880;10025;11599;14891;14894;14898;15071;15149;15164
356,cs_registers_i.u_dscratch1_csr.rd_data_o[12]$_DFFE_PN0P_,clk_core,1.33,-1.12,1771;6880;10025;11599;14891;14894;14898;15057;15149;15164
357,cs_registers_i.u_mepc_csr.rd_data_o[21]$_DFFE_PN0P_,clk_core,1.33,-1.12,1771;6880;10025;11599;14891;14894;14898;15057;15149;15164
358,cs_registers_i.u_mscratch_csr.rd_data_o[12]$_DFFE_PN0P_,clk_core,1.33,-1.12,1771;6880;10025;11599;14891;14894;14898;15057;15149;15164
359,cs_registers_i.u_mscratch_csr.rd_data_o[13]$_DFFE_PN0P_,clk_core,1.33,-1.12,1771;6880;10025;11599;14891;14894;14898;15057;15149;15164
360,cs_registers_i.u_mstack_epc_csr.rd_data_o[21]$_DFFE_PN0P_,clk_core,1.33,-1.12,1771;6880;10025;11599;14891;14894;14898;15057;15149;15164
361,gen_regfile_ff.register_file_i.rf_reg[111]$_DFFE_PN0P_,clk_core,1.39,-1.02,2544;4088;4296;10025;14889;14891;14899;15288
362,gen_regfile_ff.register_file_i.rf_reg[143]$_DFFE_PN0P_,clk_core,1.39,-1.02,2544;4088;4296;10025;14889;14891;14899;15288
363,gen_regfile_ff.register_file_i.rf_reg[270]$_DFFE_PN0P_,clk_core,1.39,-1.02,2495;4088;4296;10025;14889;14891;14899;15288
364,gen_regfile_ff.register_file_i.rf_reg[302]$_DFFE_PN0P_,clk_core,1.39,-1.02,2495;4088;4296;10025;14889;14891;14899;15288
365,gen_regfile_ff.register_file_i.rf_reg[334]$_DFFE_PN0P_,clk_core,1.39,-1.02,2509;4088;4296;10025;14889;14891;14899;15288
366,gen_regfile_ff.register_file_i.rf_reg[366]$_DFFE_PN0P_,clk_core,1.39,-1.02,2509;4088;4296;10025;14889;14891;14899;15288
367,gen_regfile_ff.register_file_i.rf_reg[367]$_DFFE_PN0P_,clk_core,1.39,-1.02,2509;4088;4296;10025;14889;14891;14899;15288
368,gen_regfile_ff.register_file_i.rf_reg[398]$_DFFE_PN0P_,clk_core,1.39,-1.02,2495;4088;4296;10025;14889;14891;14899;15288
369,gen_regfile_ff.register_file_i.rf_reg[430]$_DFFE_PN0P_,clk_core,1.39,-1.02,2509;4088;4296;10025;14889;14891;14899;15288
370,gen_regfile_ff.register_file_i.rf_reg[495]$_DFFE_PN0P_,clk_core,1.39,-1.02,2509;4088;4296;10025;14889;14891;14899;15288
371,gen_regfile_ff.register_file_i.rf_reg[911]$_DFFE_PN0P_,clk_core,1.39,-1.02,2509;4088;4296;10025;14889;14891;14899;15288
372,gen_regfile_ff.register_file_i.rf_reg[1006]$_DFFE_PN0P_,clk_core,1.39,-1.02,2558;4088;4296;10025;14889;14891;14899;15288
373,gen_regfile_ff.register_file_i.rf_reg[1007]$_DFFE_PN0P_,clk_core,1.39,-1.02,2549;4088;4296;10025;14889;14891;14899;15288
374,gen_regfile_ff.register_file_i.rf_reg[207]$_DFFE_PN0P_,clk_core,1.39,-1.02,2549;4088;4296;10025;14889;14891;14899;15288
375,gen_regfile_ff.register_file_i.rf_reg[239]$_DFFE_PN0P_,clk_core,1.39,-1.02,2549;4088;4296;10025;14889;14891;14899;15288
376,gen_regfile_ff.register_file_i.rf_reg[271]$_DFFE_PN0P_,clk_core,1.39,-1.02,2529;4088;4296;10025;14889;14891;14899;15288
377,gen_regfile_ff.register_file_i.rf_reg[303]$_DFFE_PN0P_,clk_core,1.39,-1.02,2529;4088;4296;10025;14889;14891;14899;15288
378,gen_regfile_ff.register_file_i.rf_reg[335]$_DFFE_PN0P_,clk_core,1.39,-1.02,2529;4088;4296;10025;14889;14891;14899;15288
379,gen_regfile_ff.register_file_i.rf_reg[399]$_DFFE_PN0P_,clk_core,1.39,-1.02,2529;4088;4296;10025;14889;14891;14899;15288
380,gen_regfile_ff.register_file_i.rf_reg[431]$_DFFE_PN0P_,clk_core,1.39,-1.02,2529;4088;4296;10025;14889;14891;14899;15288
381,gen_regfile_ff.register_file_i.rf_reg[462]$_DFFE_PN0P_,clk_core,1.39,-1.02,2549;4088;4296;10025;14889;14891;14899;15288
382,gen_regfile_ff.register_file_i.rf_reg[463]$_DFFE_PN0P_,clk_core,1.39,-1.02,2543;4088;4296;10025;14889;14891;14899;15288
383,gen_regfile_ff.register_file_i.rf_reg[494]$_DFFE_PN0P_,clk_core,1.39,-1.02,2549;4088;4296;10025;14889;14891;14899;15288
384,gen_regfile_ff.register_file_i.rf_reg[654]$_DFFE_PN0P_,clk_core,1.39,-1.02,2558;4088;4296;10025;14889;14891;14899;15288
385,gen_regfile_ff.register_file_i.rf_reg[686]$_DFFE_PN0P_,clk_core,1.39,-1.02,2558;4088;4296;10025;14889;14891;14899;15288
386,gen_regfile_ff.register_file_i.rf_reg[687]$_DFFE_PN0P_,clk_core,1.39,-1.02,2558;4088;4296;10025;14889;14891;14899;15288
387,gen_regfile_ff.register_file_i.rf_reg[718]$_DFFE_PN0P_,clk_core,1.39,-1.02,2558;4088;4296;10025;14889;14891;14899;15288
388,gen_regfile_ff.register_file_i.rf_reg[782]$_DFFE_PN0P_,clk_core,1.39,-1.02,2558;4088;4296;10025;14889;14891;14899;15288
389,gen_regfile_ff.register_file_i.rf_reg[783]$_DFFE_PN0P_,clk_core,1.39,-1.02,2543;4088;4296;10025;14889;14891;14899;15288
390,gen_regfile_ff.register_file_i.rf_reg[814]$_DFFE_PN0P_,clk_core,1.39,-1.02,2558;4088;4296;10025;14889;14891;14899;15288
391,gen_regfile_ff.register_file_i.rf_reg[815]$_DFFE_PN0P_,clk_core,1.39,-1.02,2543;4088;4296;10025;14889;14891;14899;15288
392,gen_regfile_ff.register_file_i.rf_reg[846]$_DFFE_PN0P_,clk_core,1.39,-1.02,2549;4088;4296;10025;14889;14891;14899;15288
393,gen_regfile_ff.register_file_i.rf_reg[847]$_DFFE_PN0P_,clk_core,1.39,-1.02,2543;4088;4296;10025;14889;14891;14899;15288
394,gen_regfile_ff.register_file_i.rf_reg[878]$_DFFE_PN0P_,clk_core,1.39,-1.02,2549;4088;4296;10025;14889;14891;14899;15288
395,gen_regfile_ff.register_file_i.rf_reg[879]$_DFFE_PN0P_,clk_core,1.39,-1.02,2543;4088;4296;10025;14889;14891;14899;15288
396,gen_regfile_ff.register_file_i.rf_reg[910]$_DFFE_PN0P_,clk_core,1.39,-1.02,2543;4088;4296;10025;14889;14891;14899;15288
397,gen_regfile_ff.register_file_i.rf_reg[942]$_DFFE_PN0P_,clk_core,1.39,-1.02,2543;4088;4296;10025;14889;14891;14899;15288
398,gen_regfile_ff.register_file_i.rf_reg[943]$_DFFE_PN0P_,clk_core,1.39,-1.02,2543;4088;4296;10025;14889;14891;14899;15288
399,gen_regfile_ff.register_file_i.rf_reg[974]$_DFFE_PN0P_,clk_core,1.39,-1.02,2558;4088;4296;10025;14889;14891;14899;15288
400,_26153_,clk_core,0.9,-1.35,1771;2988;4088;4340;6880;11599;12486;14889;15288
401,gen_regfile_ff.register_file_i.rf_reg[1021]$_DFFE_PN0P_,clk_core,0.18,-2.16,16;22;207;208;209;210;211;1292;1298;1770;1771;2058;2059;2060;4088;4125;5169;5171;5172;5174;5364;5379;5380;5381;5382;5383;5384;5385;6505;6600;6880;7424;8627;11599;11928;11963;11973;12077;12112;12152;12236;14889;15145;15149;15152;15288;15291
402,gen_regfile_ff.register_file_i.rf_reg[861]$_DFFE_PN0P_,clk_core,0.18,-2.16,16;22;207;208;209;210;211;1292;1298;1770;1771;2058;2059;2060;4088;4125;5169;5171;5172;5174;5364;5379;5380;5381;5382;5383;5384;5385;6505;6600;6880;7317;8627;11599;11928;11963;11973;12077;12112;12152;12236;14889;15145;15149;15152;15288;15291
403,gen_regfile_ff.register_file_i.rf_reg[893]$_DFFE_PN0P_,clk_core,0.18,-2.16,16;22;207;208;209;210;211;1292;1298;1770;1771;2058;2059;2060;4088;4125;5169;5171;5172;5174;5364;5379;5380;5381;5382;5383;5384;5385;6505;6600;6880;7074;8627;11599;11928;11963;11973;12077;12112;12152;12236;14889;15145;15149;15152;15288;15291
404,gen_regfile_ff.register_file_i.rf_reg[957]$_DFFE_PN0P_,clk_core,0.18,-2.16,16;22;207;208;209;210;211;1292;1298;1770;1771;2058;2059;2060;4088;4125;5169;5171;5172;5174;5364;5379;5380;5381;5382;5383;5384;5385;6505;6600;6880;7004;8627;11599;11928;11963;11973;12077;12112;12152;12236;14889;15145;15149;15152;15288;15291
405,gen_regfile_ff.register_file_i.rf_reg[989]$_DFFE_PN0P_,clk_core,0.18,-2.16,16;22;207;208;209;210;211;1292;1298;1770;1771;2058;2059;2060;4088;4125;5169;5171;5172;5174;5364;5379;5380;5381;5382;5383;5384;5385;6505;6600;6880;7247;8627;11599;11928;11963;11973;12077;12112;12152;12236;14889;15145;15149;15152;15288;15291
406,gen_regfile_ff.register_file_i.rf_reg[541]$_DFFE_PN0P_,clk_core,0.18,-2.16,16;22;207;208;209;210;211;1292;1298;1771;2058;2059;2060;4044;4088;4125;5169;5171;5172;5174;5364;5379;5380;5381;5382;5383;5384;5385;6505;6600;6796;6880;8627;11599;11928;11963;11973;12077;12112;12152;12236;14889;15145;15149;15152;15288;15291
407,gen_regfile_ff.register_file_i.rf_reg[605]$_DFFE_PN0P_,clk_core,0.18,-2.16,16;22;207;208;209;210;211;1292;1298;1771;2058;2059;2060;4044;4088;4125;5169;5171;5172;5174;5364;5379;5380;5381;5382;5383;5384;5385;6505;6600;6691;6880;8627;11599;11928;11963;11973;12077;12112;12152;12236;14889;15145;15149;15152;15288;15291
408,gen_regfile_ff.register_file_i.rf_reg[637]$_DFFE_PN0P_,clk_core,0.18,-2.16,16;22;207;208;209;210;211;1292;1298;1771;2058;2059;2060;4044;4088;4125;5169;5171;5172;5174;5364;5379;5380;5381;5382;5383;5384;5385;6505;6600;6656;6880;8627;11599;11928;11963;11973;12077;12112;12152;12236;14889;15145;15149;15152;15288;15291
409,gen_regfile_ff.register_file_i.rf_reg[797]$_DFFE_PN0P_,clk_core,0.18,-2.16,16;22;207;208;209;210;211;1292;1298;1771;2058;2059;2060;4044;4088;4125;5169;5171;5172;5174;5364;5379;5380;5381;5382;5383;5384;5385;6505;6545;6600;6880;8627;11599;11928;11963;11973;12077;12112;12152;12236;14889;15145;15149;15152;15288;15291
410,gen_regfile_ff.register_file_i.rf_reg[829]$_DFFE_PN0P_,clk_core,0.18,-2.16,16;22;207;208;209;210;211;1292;1298;1771;2058;2059;2060;4044;4088;4125;5169;5171;5172;5174;5364;5379;5380;5381;5382;5383;5384;5385;6505;6600;6726;6880;8627;11599;11928;11963;11973;12077;12112;12152;12236;14889;15145;15149;15152;15288;15291
411,gen_regfile_ff.register_file_i.rf_reg[573]$_DFFE_PN0P_,clk_core,0.18,-2.16,16;22;207;208;209;210;211;1292;1298;1771;2058;2059;2060;4034;4088;4125;5169;5171;5172;5174;5364;5379;5380;5381;5382;5383;5384;5385;6505;6600;6761;6880;8627;11599;11928;11963;11973;12077;12112;12152;12236;14889;15145;15149;15152;15288;15291
412,gen_regfile_ff.register_file_i.rf_reg[669]$_DFFE_PN0P_,clk_core,0.18,-2.16,16;22;207;208;209;210;211;1292;1298;1771;2058;2059;2060;4034;4088;4125;5169;5171;5172;5174;5364;5379;5380;5381;5382;5383;5384;5385;6505;6580;6600;6880;8627;11599;11928;11963;11973;12077;12112;12152;12236;14889;15145;15149;15152;15288;15291
413,gen_regfile_ff.register_file_i.rf_reg[701]$_DFFE_PN0P_,clk_core,0.18,-2.16,16;22;207;208;209;210;211;1292;1298;1771;2058;2059;2060;4034;4088;4125;5169;5171;5172;5174;5364;5379;5380;5381;5382;5383;5384;5385;6505;6507;6600;6880;8627;11599;11928;11963;11973;12077;12112;12152;12236;14889;15145;15149;15152;15288;15291
414,gen_regfile_ff.register_file_i.rf_reg[733]$_DFFE_PN0P_,clk_core,0.18,-2.16,16;22;207;208;209;210;211;1292;1298;1771;2058;2059;2060;4034;4088;4125;5169;5171;5172;5174;5364;5379;5380;5381;5382;5383;5384;5385;5387;6505;6600;6880;8627;11599;11928;11963;11973;12077;12112;12152;12236;14889;15145;15149;15152;15288;15291
415,gen_regfile_ff.register_file_i.rf_reg[765]$_DFFE_PN0P_,clk_core,0.18,-2.16,16;22;207;208;209;210;211;1292;1298;1771;2058;2059;2060;4034;4088;4125;5169;5171;5172;5174;5364;5379;5380;5381;5382;5383;5384;5385;6505;6600;6880;6899;8627;11599;11928;11963;11973;12077;12112;12152;12236;14889;15145;15149;15152;15288;15291
416,gen_regfile_ff.register_file_i.rf_reg[925]$_DFFE_PN0P_,clk_core,0.18,-2.16,16;22;207;208;209;210;211;1292;1298;1771;1915;2058;2059;2060;4088;4125;5169;5171;5172;5174;5364;5379;5380;5381;5382;5383;5384;5385;6505;6600;6617;6880;8627;11599;11928;11963;11973;12077;12112;12152;12236;14889;15145;15149;15152;15288;15291
417,gen_regfile_ff.register_file_i.rf_reg[221]$_DFFE_PN0P_,clk_core,0.18,-2.16,16;22;207;208;209;210;211;1292;1298;1771;2058;2059;2060;3618;4088;4288;5169;5171;5172;5174;5364;5379;5380;5381;5382;5383;5384;5385;6505;6600;6880;7389;8627;11599;11928;11963;11973;12077;12112;12152;12236;14889;15145;15149;15152;15288;15291
418,gen_regfile_ff.register_file_i.rf_reg[253]$_DFFE_PN0P_,clk_core,0.18,-2.16,16;22;207;208;209;210;211;1292;1298;1771;2058;2059;2060;3618;4088;4288;5169;5171;5172;5174;5364;5379;5380;5381;5382;5383;5384;5385;6505;6600;6880;7354;8627;11599;11928;11963;11973;12077;12112;12152;12236;14889;15145;15149;15152;15288;15291
419,gen_regfile_ff.register_file_i.rf_reg[61]$_DFFE_PN0P_,clk_core,0.18,-2.16,16;22;207;208;209;210;211;1292;1298;1771;2058;2059;2060;3618;4088;4288;5169;5171;5172;5174;5364;5379;5380;5381;5382;5383;5384;5385;6505;6600;6880;7601;8627;11599;11928;11963;11973;12077;12112;12152;12236;14889;15145;15149;15152;15288;15291
420,gen_regfile_ff.register_file_i.rf_reg[125]$_DFFE_PN0P_,clk_core,0.18,-2.16,16;22;207;208;209;210;211;1292;1298;1771;2058;2059;2060;3618;4088;4288;5169;5171;5172;5174;5364;5379;5380;5381;5382;5383;5384;5385;6505;6600;6880;7530;8627;11599;11928;11963;11973;12077;12112;12152;12236;14889;15145;15149;15152;15288;15291
421,gen_regfile_ff.register_file_i.rf_reg[157]$_DFFE_PN0P_,clk_core,0.18,-2.16,16;22;207;208;209;210;211;1292;1298;1771;1962;2058;2059;2060;4088;4107;5169;5171;5172;5174;5364;5379;5380;5381;5382;5383;5384;5385;6505;6600;6880;7494;8627;11599;11928;11963;11973;12077;12112;12152;12236;14889;15145;15149;15152;15288;15291
422,gen_regfile_ff.register_file_i.rf_reg[413]$_DFFE_PN0P_,clk_core,0.18,-2.16,16;22;207;208;209;210;211;1292;1298;1771;1962;2058;2059;2060;4088;4107;5169;5171;5172;5174;5364;5379;5380;5381;5382;5383;5384;5385;6505;6600;6880;7039;8627;11599;11928;11963;11973;12077;12112;12152;12236;14889;15145;15149;15152;15288;15291
423,gen_regfile_ff.register_file_i.rf_reg[189]$_DFFE_PN0P_,clk_core,0.18,-2.16,16;22;207;208;209;210;211;1292;1298;1771;1965;2058;2059;2060;4088;4107;5169;5171;5172;5174;5364;5379;5380;5381;5382;5383;5384;5385;6505;6600;6880;7459;8627;11599;11928;11963;11973;12077;12112;12152;12236;14889;15145;15149;15152;15288;15291
424,gen_regfile_ff.register_file_i.rf_reg[445]$_DFFE_PN0P_,clk_core,0.18,-2.16,16;22;207;208;209;210;211;1292;1298;1771;1965;2058;2059;2060;4088;4107;5169;5171;5172;5174;5364;5379;5380;5381;5382;5383;5384;5385;6505;6600;6880;6969;8627;11599;11928;11963;11973;12077;12112;12152;12236;14889;15145;15149;15152;15288;15291
425,gen_regfile_ff.register_file_i.rf_reg[477]$_DFFE_PN0P_,clk_core,0.18,-2.16,16;22;207;208;209;210;211;1292;1298;1771;1965;2058;2059;2060;4088;4107;5169;5171;5172;5174;5364;5379;5380;5381;5382;5383;5384;5385;6505;6600;6880;6934;8627;11599;11928;11963;11973;12077;12112;12152;12236;14889;15145;15149;15152;15288;15291
426,gen_regfile_ff.register_file_i.rf_reg[509]$_DFFE_PN0P_,clk_core,0.18,-2.16,16;22;207;208;209;210;211;1292;1298;1771;1965;2058;2059;2060;4088;4107;5169;5171;5172;5174;5364;5379;5380;5381;5382;5383;5384;5385;6505;6600;6835;6880;8627;11599;11928;11963;11973;12077;12112;12152;12236;14889;15145;15149;15152;15288;15291
427,gen_regfile_ff.register_file_i.rf_reg[285]$_DFFE_PN0P_,clk_core,0.18,-2.16,16;22;207;208;209;210;211;1292;1298;1771;1819;2058;2059;2060;4088;4107;5169;5171;5172;5174;5364;5379;5380;5381;5382;5383;5384;5385;6505;6600;6880;7282;8627;11599;11928;11963;11973;12077;12112;12152;12236;14889;15145;15149;15152;15288;15291
428,gen_regfile_ff.register_file_i.rf_reg[317]$_DFFE_PN0P_,clk_core,0.18,-2.16,16;22;207;208;209;210;211;1292;1298;1771;1819;2058;2059;2060;4088;4107;5169;5171;5172;5174;5364;5379;5380;5381;5382;5383;5384;5385;6505;6600;6880;7212;8627;11599;11928;11963;11973;12077;12112;12152;12236;14889;15145;15149;15152;15288;15291
429,gen_regfile_ff.register_file_i.rf_reg[381]$_DFFE_PN0P_,clk_core,0.18,-2.16,16;22;207;208;209;210;211;1292;1298;1771;1819;2058;2059;2060;4088;4107;5169;5171;5172;5174;5364;5379;5380;5381;5382;5383;5384;5385;6505;6600;6880;7110;8627;11599;11928;11963;11973;12077;12112;12152;12236;14889;15145;15149;15152;15288;15291
430,gen_regfile_ff.register_file_i.rf_reg[93]$_DFFE_PN0P_,clk_core,0.18,-2.16,16;22;207;208;209;210;211;1292;1298;1771;2058;2059;2060;3519;4088;4107;5169;5171;5172;5174;5364;5379;5380;5381;5382;5383;5384;5385;6505;6600;6880;7566;8627;11599;11928;11963;11973;12077;12112;12152;12236;14889;15145;15149;15152;15288;15291
431,gen_regfile_ff.register_file_i.rf_reg[349]$_DFFE_PN0P_,clk_core,0.18,-2.16,16;22;207;208;209;210;211;1292;1298;1771;1819;2058;2059;2060;4088;4107;5169;5171;5172;5174;5364;5379;5380;5381;5382;5383;5384;5385;6505;6600;6880;7148;8627;11599;11928;11963;11973;12077;12112;12152;12236;14889;15145;15149;15152;15288;15291
432,gen_regfile_ff.register_file_i.rf_reg[406]$_DFFE_PN0P_,clk_core,0.2,-2.14,16;22;207;208;209;210;211;1292;1298;1771;2058;2059;3839;4038;4088;4125;5178;5179;5203;5684;5742;5743;5744;5746;5747;5776;5777;6565;6676;6880;7046;8566;8636;11599;11885;11950;11962;12124;12161;12174;12239;14889;15145;15149;15152;15288;15291
433,gen_regfile_ff.register_file_i.rf_reg[566]$_DFFE_PN0P_,clk_core,0.2,-2.14,16;22;207;208;209;210;211;1292;1298;1771;2058;2059;3839;4038;4088;4125;5178;5179;5203;5684;5742;5743;5744;5746;5747;5776;5777;6565;6676;6768;6880;8566;8636;11599;11885;11950;11962;12124;12161;12174;12239;14889;15145;15149;15152;15288;15291
434,gen_regfile_ff.register_file_i.rf_reg[726]$_DFFE_PN0P_,clk_core,0.2,-2.14,16;22;207;208;209;210;211;1292;1298;1771;2058;2059;3839;4038;4088;4125;5178;5179;5203;5684;5742;5743;5744;5746;5747;5776;5777;5779;6565;6676;6880;8566;8636;11599;11885;11950;11962;12124;12161;12174;12239;14889;15145;15149;15152;15288;15291
435,gen_regfile_ff.register_file_i.rf_reg[758]$_DFFE_PN0P_,clk_core,0.2,-2.14,16;22;207;208;209;210;211;1292;1298;1771;2058;2059;3839;4038;4088;4125;5178;5179;5203;5684;5742;5743;5744;5746;5747;5776;5777;6565;6676;6880;6906;8566;8636;11599;11885;11950;11962;12124;12161;12174;12239;14889;15145;15149;15152;15288;15291
436,gen_regfile_ff.register_file_i.rf_reg[790]$_DFFE_PN0P_,clk_core,0.2,-2.14,16;22;207;208;209;210;211;1292;1298;1771;2058;2059;3839;4038;4088;4125;5178;5179;5203;5684;5742;5743;5744;5746;5747;5776;5777;6552;6565;6676;6880;8566;8636;11599;11885;11950;11962;12124;12161;12174;12239;14889;15145;15149;15152;15288;15291
437,gen_regfile_ff.register_file_i.rf_reg[822]$_DFFE_PN0P_,clk_core,0.2,-2.14,16;22;207;208;209;210;211;1292;1298;1771;2058;2059;3839;4038;4088;4125;5178;5179;5203;5684;5742;5743;5744;5746;5747;5776;5777;6565;6676;6733;6880;8566;8636;11599;11885;11950;11962;12124;12161;12174;12239;14889;15145;15149;15152;15288;15291
438,gen_regfile_ff.register_file_i.rf_reg[854]$_DFFE_PN0P_,clk_core,0.2,-2.14,16;22;207;208;209;210;211;1292;1298;1771;2058;2059;3839;4038;4088;4125;5178;5179;5203;5684;5742;5743;5744;5746;5747;5776;5777;6565;6676;6880;7324;8566;8636;11599;11885;11950;11962;12124;12161;12174;12239;14889;15145;15149;15152;15288;15291
439,gen_regfile_ff.register_file_i.rf_reg[278]$_DFFE_PN0P_,clk_core,0.2,-2.14,16;22;207;208;209;210;211;1292;1298;1771;2058;2059;3839;4015;4088;4125;5178;5179;5203;5684;5742;5743;5744;5746;5747;5776;5777;6565;6676;6880;7289;8566;8636;11599;11885;11950;11962;12124;12161;12174;12239;14889;15145;15149;15152;15288;15291
440,gen_regfile_ff.register_file_i.rf_reg[438]$_DFFE_PN0P_,clk_core,0.2,-2.14,16;22;207;208;209;210;211;1292;1298;1771;2058;2059;3839;4015;4088;4125;5178;5179;5203;5684;5742;5743;5744;5746;5747;5776;5777;6565;6676;6880;6976;8566;8636;11599;11885;11950;11962;12124;12161;12174;12239;14889;15145;15149;15152;15288;15291
441,gen_regfile_ff.register_file_i.rf_reg[662]$_DFFE_PN0P_,clk_core,0.2,-2.14,16;22;207;208;209;210;211;1292;1298;1771;2058;2059;3839;4044;4088;4125;5178;5179;5203;5684;5742;5743;5744;5746;5747;5776;5777;6565;6587;6676;6880;8566;8636;11599;11885;11950;11962;12124;12161;12174;12239;14889;15145;15149;15152;15288;15291
442,gen_regfile_ff.register_file_i.rf_reg[694]$_DFFE_PN0P_,clk_core,0.2,-2.14,16;22;207;208;209;210;211;1292;1298;1771;2058;2059;3839;4034;4088;4125;5178;5179;5203;5684;5742;5743;5744;5746;5747;5776;5777;6514;6565;6676;6880;8566;8636;11599;11885;11950;11962;12124;12161;12174;12239;14889;15145;15149;15152;15288;15291
443,gen_regfile_ff.register_file_i.rf_reg[214]$_DFFE_PN0P_,clk_core,0.2,-2.14,16;22;207;208;209;210;211;1292;1298;1771;2058;2059;3839;4011;4088;5178;5179;5203;5684;5742;5743;5744;5746;5747;5776;5777;6565;6676;6781;6880;7396;8566;8636;11599;11885;11950;11962;12124;12161;12174;12239;14889;15145;15149;15152;15288;15291
444,gen_regfile_ff.register_file_i.rf_reg[246]$_DFFE_PN0P_,clk_core,0.2,-2.14,16;22;207;208;209;210;211;1292;1298;1771;2058;2059;3839;4011;4088;5178;5179;5203;5684;5742;5743;5744;5746;5747;5776;5777;6565;6676;6781;6880;7361;8566;8636;11599;11885;11950;11962;12124;12161;12174;12239;14889;15145;15149;15152;15288;15291
445,gen_regfile_ff.register_file_i.rf_reg[310]$_DFFE_PN0P_,clk_core,0.2,-2.14,16;22;207;208;209;210;211;1292;1298;1771;2058;2059;3839;4011;4088;5178;5179;5203;5684;5742;5743;5744;5746;5747;5776;5777;6565;6676;6781;6880;7219;8566;8636;11599;11885;11950;11962;12124;12161;12174;12239;14889;15145;15149;15152;15288;15291
446,gen_regfile_ff.register_file_i.rf_reg[534]$_DFFE_PN0P_,clk_core,0.2,-2.14,16;22;207;208;209;210;211;1292;1298;1771;2058;2059;3839;3999;4088;5178;5179;5203;5684;5742;5743;5744;5746;5747;5776;5777;6565;6676;6781;6803;6880;8566;8636;11599;11885;11950;11962;12124;12161;12174;12239;14889;15145;15149;15152;15288;15291
447,gen_regfile_ff.register_file_i.rf_reg[598]$_DFFE_PN0P_,clk_core,0.2,-2.14,16;22;207;208;209;210;211;1292;1298;1771;2058;2059;3839;3999;4088;5178;5179;5203;5684;5742;5743;5744;5746;5747;5776;5777;6565;6676;6698;6781;6880;8566;8636;11599;11885;11950;11962;12124;12161;12174;12239;14889;15145;15149;15152;15288;15291
448,gen_regfile_ff.register_file_i.rf_reg[630]$_DFFE_PN0P_,clk_core,0.2,-2.14,16;22;207;208;209;210;211;1292;1298;1771;2058;2059;3839;3999;4088;5178;5179;5203;5684;5742;5743;5744;5746;5747;5776;5777;6565;6663;6676;6781;6880;8566;8636;11599;11885;11950;11962;12124;12161;12174;12239;14889;15145;15149;15152;15288;15291
449,gen_regfile_ff.register_file_i.rf_reg[1014]$_DFFE_PN0P_,clk_core,0.2,-2.14,16;22;207;208;209;210;211;1292;1298;1771;2058;2059;3839;3993;4088;5178;5179;5203;5684;5742;5743;5744;5746;5747;5776;5777;6565;6676;6781;6880;7431;8566;8636;11599;11885;11950;11962;12124;12161;12174;12239;14889;15145;15149;15152;15288;15291
450,gen_regfile_ff.register_file_i.rf_reg[470]$_DFFE_PN0P_,clk_core,0.2,-2.14,16;22;207;208;209;210;211;1292;1298;1771;2058;2059;3839;3995;4088;5178;5179;5203;5684;5742;5743;5744;5746;5747;5776;5777;6565;6676;6781;6880;6941;8566;8636;11599;11885;11950;11962;12124;12161;12174;12239;14889;15145;15149;15152;15288;15291
451,gen_regfile_ff.register_file_i.rf_reg[54]$_DFFE_PN0P_,clk_core,0.2,-2.14,16;22;207;208;209;210;211;1292;1298;1771;2058;2059;3618;3839;4088;4288;5178;5179;5203;5684;5742;5743;5744;5746;5747;5776;5777;6565;6676;6880;7608;8566;8636;11599;11885;11950;11962;12124;12161;12174;12239;14889;15145;15149;15152;15288;15291
452,gen_regfile_ff.register_file_i.rf_reg[886]$_DFFE_PN0P_,clk_core,0.2,-2.14,16;22;207;208;209;210;211;1292;1298;1771;2058;2059;3839;3995;4088;5178;5179;5203;5684;5742;5743;5744;5746;5747;5776;5777;6565;6676;6781;6880;7081;8566;8636;11599;11885;11950;11962;12124;12161;12174;12239;14889;15145;15149;15152;15288;15291
453,gen_regfile_ff.register_file_i.rf_reg[918]$_DFFE_PN0P_,clk_core,0.2,-2.14,16;22;207;208;209;210;211;1292;1298;1771;2058;2059;3839;3995;4088;5178;5179;5203;5684;5742;5743;5744;5746;5747;5776;5777;6565;6624;6676;6781;6880;8566;8636;11599;11885;11950;11962;12124;12161;12174;12239;14889;15145;15149;15152;15288;15291
454,gen_regfile_ff.register_file_i.rf_reg[950]$_DFFE_PN0P_,clk_core,0.2,-2.14,16;22;207;208;209;210;211;1292;1298;1771;2058;2059;3839;3995;4088;5178;5179;5203;5684;5742;5743;5744;5746;5747;5776;5777;6565;6676;6781;6880;7011;8566;8636;11599;11885;11950;11962;12124;12161;12174;12239;14889;15145;15149;15152;15288;15291
455,gen_regfile_ff.register_file_i.rf_reg[982]$_DFFE_PN0P_,clk_core,0.2,-2.14,16;22;207;208;209;210;211;1292;1298;1771;2058;2059;3839;3989;4088;5178;5179;5203;5684;5742;5743;5744;5746;5747;5776;5777;6565;6676;6781;6880;7254;8566;8636;11599;11885;11950;11962;12124;12161;12174;12239;14889;15145;15149;15152;15288;15291
456,gen_regfile_ff.register_file_i.rf_reg[374]$_DFFE_PN0P_,clk_core,0.2,-2.14,16;22;207;208;209;210;211;1292;1298;1771;2058;2059;3839;4003;4088;5178;5179;5203;5684;5742;5743;5744;5746;5747;5776;5777;6565;6676;6781;6880;7117;8566;8636;11599;11885;11950;11962;12124;12161;12174;12239;14889;15145;15149;15152;15288;15291
457,gen_regfile_ff.register_file_i.rf_reg[502]$_DFFE_PN0P_,clk_core,0.2,-2.14,16;22;207;208;209;210;211;1292;1298;1771;2058;2059;3839;4003;4088;5178;5179;5203;5684;5742;5743;5744;5746;5747;5776;5777;6565;6676;6781;6849;6880;8566;8636;11599;11885;11950;11962;12124;12161;12174;12239;14889;15145;15149;15152;15288;15291
458,gen_regfile_ff.register_file_i.rf_reg[118]$_DFFE_PN0P_,clk_core,0.2,-2.14,16;22;207;208;209;210;211;1292;1298;1771;2058;2059;3618;3839;4088;4288;5178;5179;5203;5684;5742;5743;5744;5746;5747;5776;5777;6565;6676;6880;7537;8566;8636;11599;11885;11950;11962;12124;12161;12174;12239;14889;15145;15149;15152;15288;15291
459,gen_regfile_ff.register_file_i.rf_reg[86]$_DFFE_PN0P_,clk_core,0.2,-2.14,16;22;207;208;209;210;211;1292;1298;1771;2058;2059;3618;3839;4088;4288;5178;5179;5203;5684;5742;5743;5744;5746;5747;5776;5777;6565;6676;6880;7573;8566;8636;11599;11885;11950;11962;12124;12161;12174;12239;14889;15145;15149;15152;15288;15291
460,gen_regfile_ff.register_file_i.rf_reg[342]$_DFFE_PN0P_,clk_core,0.2,-2.14,16;22;207;208;209;210;211;1292;1298;1771;2058;2059;3839;4003;4088;5178;5179;5203;5684;5742;5743;5744;5746;5747;5776;5777;6565;6676;6781;6880;7162;8566;8636;11599;11885;11950;11962;12124;12161;12174;12239;14889;15145;15149;15152;15288;15291
461,gen_regfile_ff.register_file_i.rf_reg[150]$_DFFE_PN0P_,clk_core,0.2,-2.14,16;22;207;208;209;210;211;1292;1298;1771;1962;2058;2059;3839;4088;4107;5178;5179;5203;5684;5742;5743;5744;5746;5747;5776;5777;6565;6676;6880;7501;8566;8636;11599;11885;11950;11962;12124;12161;12174;12239;14889;15145;15149;15152;15288;15291
462,gen_regfile_ff.register_file_i.rf_reg[182]$_DFFE_PN0P_,clk_core,0.2,-2.14,16;22;207;208;209;210;211;1292;1298;1771;1965;2058;2059;3839;4088;4107;5178;5179;5203;5684;5742;5743;5744;5746;5747;5776;5777;6565;6676;6880;7466;8566;8636;11599;11885;11950;11962;12124;12161;12174;12239;14889;15145;15149;15152;15288;15291
463,gen_regfile_ff.register_file_i.rf_reg[543]$_DFFE_PN0P_,clk_core,0.2,-2.14,16;22;207;208;209;210;211;1292;1298;1771;2058;2059;2060;3346;4088;4285;5207;5208;5209;5361;5362;5379;6652;6880;7887;7888;7891;11599;11614;11626;11627;11863;11928;11963;11973;12077;12112;12152;12236;14889;15145;15149;15152;15288;15291
464,gen_regfile_ff.register_file_i.rf_reg[575]$_DFFE_PN0P_,clk_core,0.2,-2.14,16;22;207;208;209;210;211;1292;1298;1771;2058;2059;2060;3346;4088;4285;5207;5208;5209;5361;5362;5379;6652;6880;7887;7888;7891;11599;11614;11626;11627;11871;11928;11963;11973;12077;12112;12152;12236;14889;15145;15149;15152;15288;15291
465,gen_regfile_ff.register_file_i.rf_reg[607]$_DFFE_PN0P_,clk_core,0.2,-2.14,16;22;207;208;209;210;211;1292;1298;1771;2058;2059;2060;3346;4088;4285;5207;5208;5209;5361;5362;5379;6652;6880;7887;7888;7891;11599;11614;11626;11627;11872;11928;11963;11973;12077;12112;12152;12236;14889;15145;15149;15152;15288;15291
466,gen_regfile_ff.register_file_i.rf_reg[639]$_DFFE_PN0P_,clk_core,0.2,-2.14,16;22;207;208;209;210;211;1292;1298;1771;2058;2059;2060;3346;4088;4285;5207;5208;5209;5361;5362;5379;6652;6880;7887;7888;7891;11599;11614;11626;11627;11649;11928;11963;11973;12077;12112;12152;12236;14889;15145;15149;15152;15288;15291
467,gen_regfile_ff.register_file_i.rf_reg[703]$_DFFE_PN0P_,clk_core,0.2,-2.14,16;22;207;208;209;210;211;1292;1298;1771;2058;2059;2060;3346;4088;4285;5207;5208;5209;5361;5362;5379;6652;6880;7887;7888;7891;11599;11614;11626;11627;11656;11928;11963;11973;12077;12112;12152;12236;14889;15145;15149;15152;15288;15291
468,gen_regfile_ff.register_file_i.rf_reg[735]$_DFFE_PN0P_,clk_core,0.2,-2.14,16;22;207;208;209;210;211;1292;1298;1771;2058;2059;2060;3346;4088;4285;5207;5208;5209;5361;5362;5379;6652;6880;7887;7888;7891;11599;11614;11626;11627;11657;11928;11963;11973;12077;12112;12152;12236;14889;15145;15149;15152;15288;15291
469,gen_regfile_ff.register_file_i.rf_reg[159]$_DFFE_PN0P_,clk_core,0.2,-2.14,16;22;207;208;209;210;211;1292;1298;1771;2058;2059;2060;3413;4088;4285;5207;5208;5209;5361;5362;5379;6652;6880;7887;7888;7891;11599;11614;11626;11627;11830;11928;11963;11973;12077;12112;12152;12236;14889;15145;15149;15152;15288;15291
470,gen_regfile_ff.register_file_i.rf_reg[191]$_DFFE_PN0P_,clk_core,0.2,-2.14,16;22;207;208;209;210;211;1292;1298;1771;2058;2059;2060;3413;4088;4285;5207;5208;5209;5361;5362;5379;6652;6880;7887;7888;7891;11599;11614;11626;11627;11829;11928;11963;11973;12077;12112;12152;12236;14889;15145;15149;15152;15288;15291
471,gen_regfile_ff.register_file_i.rf_reg[767]$_DFFE_PN0P_,clk_core,0.2,-2.14,16;22;207;208;209;210;211;1292;1298;1771;2058;2059;2060;3413;4088;4285;5207;5208;5209;5361;5362;5379;6652;6880;7887;7888;7891;11599;11614;11626;11627;11849;11928;11963;11973;12077;12112;12152;12236;14889;15145;15149;15152;15288;15291
472,gen_regfile_ff.register_file_i.rf_reg[831]$_DFFE_PN0P_,clk_core,0.2,-2.14,16;22;207;208;209;210;211;1292;1298;1771;2058;2059;2060;3413;4088;4285;5207;5208;5209;5361;5362;5379;6652;6880;7887;7888;7891;11599;11614;11626;11627;11864;11928;11963;11973;12077;12112;12152;12236;14889;15145;15149;15152;15288;15291
473,gen_regfile_ff.register_file_i.rf_reg[127]$_DFFE_PN0P_,clk_core,0.2,-2.14,16;22;207;208;209;210;211;1292;1298;1771;2058;2059;2060;3413;4088;4285;5207;5208;5209;5361;5362;5379;6652;6880;7887;7888;7891;11599;11614;11626;11627;11727;11928;11963;11973;12077;12112;12152;12236;14889;15145;15149;15152;15288;15291
474,gen_regfile_ff.register_file_i.rf_reg[95]$_DFFE_PN0P_,clk_core,0.2,-2.14,16;22;207;208;209;210;211;1292;1298;1771;2058;2059;2060;3413;4088;4285;5207;5208;5209;5361;5362;5379;6652;6880;7887;7888;7891;11599;11614;11626;11627;11730;11928;11963;11973;12077;12112;12152;12236;14889;15145;15149;15152;15288;15291
475,gen_regfile_ff.register_file_i.rf_reg[319]$_DFFE_PN0P_,clk_core,0.2,-2.14,16;22;207;208;209;210;211;1292;1298;1771;2058;2059;2060;3087;4088;4288;5207;5208;5209;5361;5362;5379;6652;6880;7887;7888;7891;11599;11614;11626;11627;11858;11928;11963;11973;12077;12112;12152;12236;14889;15145;15149;15152;15288;15291
476,gen_regfile_ff.register_file_i.rf_reg[511]$_DFFE_PN0P_,clk_core,0.2,-2.14,16;22;207;208;209;210;211;1292;1298;1771;2058;2059;2060;3087;4088;4288;5207;5208;5209;5361;5362;5379;6652;6880;7887;7888;7891;11599;11614;11626;11627;11859;11928;11963;11973;12077;12112;12152;12236;14889;15145;15149;15152;15288;15291
477,gen_regfile_ff.register_file_i.rf_reg[383]$_DFFE_PN0P_,clk_core,0.2,-2.14,16;22;207;208;209;210;211;1292;1298;1771;2058;2059;2060;3213;4088;4288;5207;5208;5209;5361;5362;5379;6652;6880;7887;7888;7891;11599;11614;11626;11627;11869;11928;11963;11973;12077;12112;12152;12236;14889;15145;15149;15152;15288;15291
478,gen_regfile_ff.register_file_i.rf_reg[479]$_DFFE_PN0P_,clk_core,0.2,-2.14,16;22;207;208;209;210;211;1292;1298;1771;2058;2059;2060;3213;4088;4288;5207;5208;5209;5361;5362;5379;6652;6880;7887;7888;7891;11599;11614;11626;11627;11861;11928;11963;11973;12077;12112;12152;12236;14889;15145;15149;15152;15288;15291
479,gen_regfile_ff.register_file_i.rf_reg[895]$_DFFE_PN0P_,clk_core,0.2,-2.14,16;22;207;208;209;210;211;1292;1298;1771;2058;2059;2060;3213;4088;4288;5207;5208;5209;5361;5362;5379;6652;6880;7887;7888;7891;11599;11614;11626;11627;11846;11928;11963;11973;12077;12112;12152;12236;14889;15145;15149;15152;15288;15291
480,gen_regfile_ff.register_file_i.rf_reg[1023]$_DFFE_PN0P_,clk_core,0.2,-2.14,16;22;207;208;209;210;211;1292;1298;1771;2058;2059;2060;3316;4088;4288;5207;5208;5209;5361;5362;5379;6652;6880;7887;7888;7891;11599;11614;11626;11627;11826;11928;11963;11973;12077;12112;12152;12236;14889;15145;15149;15152;15288;15291
481,gen_regfile_ff.register_file_i.rf_reg[223]$_DFFE_PN0P_,clk_core,0.2,-2.14,16;22;207;208;209;210;211;1292;1298;1771;2058;2059;2060;3316;4088;4288;5207;5208;5209;5361;5362;5379;6652;6880;7887;7888;7891;11599;11614;11626;11627;11828;11928;11963;11973;12077;12112;12152;12236;14889;15145;15149;15152;15288;15291
482,gen_regfile_ff.register_file_i.rf_reg[255]$_DFFE_PN0P_,clk_core,0.2,-2.14,16;22;207;208;209;210;211;1292;1298;1771;2058;2059;2060;3316;4088;4288;5207;5208;5209;5361;5362;5379;6652;6880;7887;7888;7891;11599;11614;11626;11627;11825;11928;11963;11973;12077;12112;12152;12236;14889;15145;15149;15152;15288;15291
483,gen_regfile_ff.register_file_i.rf_reg[287]$_DFFE_PN0P_,clk_core,0.2,-2.14,16;22;207;208;209;210;211;1292;1298;1771;2058;2059;2060;3316;4088;4288;5207;5208;5209;5361;5362;5379;6652;6880;7887;7888;7891;11599;11614;11626;11627;11845;11928;11963;11973;12077;12112;12152;12236;14889;15145;15149;15152;15288;15291
484,gen_regfile_ff.register_file_i.rf_reg[415]$_DFFE_PN0P_,clk_core,0.2,-2.14,16;22;207;208;209;210;211;1292;1298;1771;2058;2059;2060;3316;4088;4288;5207;5208;5209;5361;5362;5379;6652;6880;7887;7888;7891;11599;11614;11626;11627;11860;11928;11963;11973;12077;12112;12152;12236;14889;15145;15149;15152;15288;15291
485,gen_regfile_ff.register_file_i.rf_reg[447]$_DFFE_PN0P_,clk_core,0.2,-2.14,16;22;207;208;209;210;211;1292;1298;1771;2058;2059;2060;3316;4088;4288;5207;5208;5209;5361;5362;5379;6652;6880;7887;7888;7891;11599;11614;11626;11627;11847;11928;11963;11973;12077;12112;12152;12236;14889;15145;15149;15152;15288;15291
486,gen_regfile_ff.register_file_i.rf_reg[63]$_DFFE_PN0P_,clk_core,0.2,-2.14,16;22;207;208;209;210;211;1292;1298;1771;2058;2059;2060;3316;4088;4288;5207;5208;5209;5361;5362;5379;6652;6880;7887;7888;7891;11599;11614;11626;11627;11731;11928;11963;11973;12077;12112;12152;12236;14889;15145;15149;15152;15288;15291
487,gen_regfile_ff.register_file_i.rf_reg[799]$_DFFE_PN0P_,clk_core,0.2,-2.14,16;22;207;208;209;210;211;1292;1298;1771;2058;2059;2060;3342;4088;4288;5207;5208;5209;5361;5362;5379;6652;6880;7887;7888;7891;11599;11614;11626;11627;11652;11928;11963;11973;12077;12112;12152;12236;14889;15145;15149;15152;15288;15291
488,gen_regfile_ff.register_file_i.rf_reg[863]$_DFFE_PN0P_,clk_core,0.2,-2.14,16;22;207;208;209;210;211;1292;1298;1771;2058;2059;2060;3316;4088;4288;5207;5208;5209;5361;5362;5379;6652;6880;7887;7888;7891;11599;11614;11626;11627;11629;11928;11963;11973;12077;12112;12152;12236;14889;15145;15149;15152;15288;15291
489,gen_regfile_ff.register_file_i.rf_reg[927]$_DFFE_PN0P_,clk_core,0.2,-2.14,16;22;207;208;209;210;211;1292;1298;1771;2058;2059;2060;3342;4088;4288;5207;5208;5209;5361;5362;5379;6652;6880;7887;7888;7891;11599;11614;11626;11627;11650;11928;11963;11973;12077;12112;12152;12236;14889;15145;15149;15152;15288;15291
490,gen_regfile_ff.register_file_i.rf_reg[959]$_DFFE_PN0P_,clk_core,0.2,-2.14,16;22;207;208;209;210;211;1292;1298;1771;2058;2059;2060;3342;4088;4288;5207;5208;5209;5361;5362;5379;6652;6880;7887;7888;7891;11599;11614;11626;11627;11870;11928;11963;11973;12077;12112;12152;12236;14889;15145;15149;15152;15288;15291
491,gen_regfile_ff.register_file_i.rf_reg[991]$_DFFE_PN0P_,clk_core,0.2,-2.14,16;22;207;208;209;210;211;1292;1298;1771;2058;2059;2060;3342;4088;4288;5207;5208;5209;5361;5362;5379;6652;6880;7887;7888;7891;11599;11614;11626;11627;11848;11928;11963;11973;12077;12112;12152;12236;14889;15145;15149;15152;15288;15291
492,gen_regfile_ff.register_file_i.rf_reg[351]$_DFFE_PN0P_,clk_core,0.2,-2.14,16;22;207;208;209;210;211;1292;1298;1771;2058;2059;2060;3213;4088;4288;5207;5208;5209;5361;5362;5379;6652;6880;7887;7888;7891;11599;11614;11626;11627;11862;11928;11963;11973;12077;12112;12152;12236;14889;15145;15149;15152;15288;15291
493,gen_regfile_ff.register_file_i.rf_reg[671]$_DFFE_PN0P_,clk_core,0.2,-2.14,16;22;207;208;209;210;211;1292;1298;1771;2058;2059;2060;3508;4088;4288;5207;5208;5209;5361;5362;5379;6652;6880;7887;7888;7891;11599;11614;11626;11627;11651;11928;11963;11973;12077;12112;12152;12236;14889;15145;15149;15152;15288;15291
494,cs_registers_i.mcycle_counter_i.counter_val_o[29]$_DFFE_PN0P_,clk_core,0.21,-2.16,1664;1671;1677;1678;1766;1771;2690;2691;2692;2700;2701;2702;4504;4551;4912;4913;4925;4926;4928;4929;4930;4931;4932;4955;5326;6880;8391;9084;9088;9317;9318;11599;11889;14858;14861;14868;15075;15144;15149;15152;15165
495,cs_registers_i.mcycle_counter_i.counter_val_o[14]$_DFFE_PN0P_,clk_core,0.21,-2.16,1664;1671;1677;1678;1766;1771;2690;2691;2692;2700;2701;2702;4504;4551;4912;4913;4925;4926;4928;4929;4930;4931;4932;4955;5335;6880;8391;9084;9088;9375;9377;11599;11889;14858;14861;14868;15087;15144;15149;15152;15163
496,cs_registers_i.mcycle_counter_i.counter_val_o[9]$_DFFE_PN0P_,clk_core,0.21,-2.16,1664;1671;1677;1678;1766;1771;2690;2691;2692;2700;2701;2702;4504;4551;4912;4913;4925;4926;4928;4929;4930;4931;4932;4955;5335;6880;8391;9084;9088;9395;9397;11599;11889;14858;14861;14868;15088;15144;15149;15152;15163
497,cs_registers_i.mcycle_counter_i.counter_val_o[12]$_DFFE_PN0P_,clk_core,0.21,-2.16,1664;1671;1677;1678;1766;1771;2690;2691;2692;2700;2701;2702;4504;4551;4912;4913;4925;4926;4928;4929;4930;4931;4932;4955;5335;6880;8391;9084;9088;9382;9384;11599;11889;14858;14861;14868;15087;15144;15149;15152;15163
498,cs_registers_i.mcycle_counter_i.counter_val_o[27]$_DFFE_PN0P_,clk_core,0.21,-2.16,1664;1671;1677;1678;1766;1771;2690;2691;2692;2700;2701;2702;4504;4551;4912;4913;4925;4926;4928;4929;4930;4931;4932;4955;5323;6880;8391;9084;9088;9323;9324;11599;11889;14858;14861;14868;15075;15144;15149;15152;15165
499,cs_registers_i.mcycle_counter_i.counter_val_o[33]$_DFFE_PN0P_,clk_core,0.21,-2.16,1664;1671;1677;1678;1766;1771;2690;2691;2692;2700;2701;2702;4504;4551;4912;4913;4925;4926;4928;4929;4930;4931;4932;5564;5566;6880;8391;9084;9150;9303;9305;11599;11889;14858;14861;14868;15093;15144;15149;15152;15163
500,gen_regfile_ff.register_file_i.rf_reg[149]$_DFFE_PN0P_,clk_core,0.21,-2.13,16;22;1129;1130;1131;1132;1133;1771;2015;4088;4158;4159;4160;4207;4335;5370;5371;5376;5378;5596;5797;5798;5799;5800;5814;5815;6500;6880;7502;7831;8641;11599;11886;11941;11953;11990;11998;12100;12237;14889;15145;15149;15152;15288;15291
501,gen_regfile_ff.register_file_i.rf_reg[181]$_DFFE_PN0P_,clk_core,0.21,-2.13,16;22;1129;1130;1131;1132;1133;1771;2015;4088;4158;4159;4160;4207;4335;5370;5371;5376;5378;5596;5797;5798;5799;5800;5814;5815;6500;6880;7467;7831;8641;11599;11886;11941;11953;11990;11998;12100;12237;14889;15145;15149;15152;15288;15291
502,gen_regfile_ff.register_file_i.rf_reg[245]$_DFFE_PN0P_,clk_core,0.21,-2.13,16;22;1129;1130;1131;1132;1133;1771;2015;4088;4158;4159;4160;4207;4335;5370;5371;5376;5378;5596;5797;5798;5799;5800;5814;5815;6500;6880;7362;7831;8641;11599;11886;11941;11953;11990;11998;12100;12237;14889;15145;15149;15152;15288;15291
503,gen_regfile_ff.register_file_i.rf_reg[309]$_DFFE_PN0P_,clk_core,0.21,-2.13,16;22;1129;1130;1131;1132;1133;1771;2015;4088;4158;4159;4160;4207;4335;5370;5371;5376;5378;5596;5797;5798;5799;5800;5814;5815;6500;6880;7220;7831;8641;11599;11886;11941;11953;11990;11998;12100;12237;14889;15145;15149;15152;15288;15291
504,gen_regfile_ff.register_file_i.rf_reg[277]$_DFFE_PN0P_,clk_core,0.21,-2.13,16;22;1129;1130;1131;1132;1133;1771;2015;2798;4088;4158;4159;4160;4207;4335;5370;5371;5376;5378;5596;5797;5798;5799;5800;5814;5815;6500;6880;7290;8641;11599;11886;11941;11953;11990;11998;12100;12237;14889;15145;15149;15152;15288;15291
505,gen_regfile_ff.register_file_i.rf_reg[341]$_DFFE_PN0P_,clk_core,0.21,-2.13,16;22;1129;1130;1131;1132;1133;1771;2015;2804;4088;4158;4159;4160;4207;4335;5370;5371;5376;5378;5596;5797;5798;5799;5800;5814;5815;6500;6880;7164;8641;11599;11886;11941;11953;11990;11998;12100;12237;14889;15145;15149;15152;15288;15291
506,cs_registers_i.mcycle_counter_i.counter_val_o[11]$_DFFE_PN0P_,clk_core,0.21,-2.16,1664;1671;1677;1678;1766;1771;2690;2691;2692;2700;2701;2702;4504;4551;4912;4913;4925;4926;4928;4929;4930;4931;4932;4955;5335;6880;8391;9084;9088;9387;9388;11599;11889;14858;14861;14868;15087;15144;15149;15152;15163
507,gen_regfile_ff.register_file_i.rf_reg[117]$_DFFE_PN0P_,clk_core,0.21,-2.13,16;22;1129;1130;1131;1132;1133;1771;2015;4088;4158;4159;4160;4207;4335;5370;5371;5376;5378;5596;5797;5798;5799;5800;5814;5815;6500;6880;7538;7831;8641;11599;11886;11941;11953;11990;11998;12100;12237;14889;15145;15149;15152;15288;15291
508,gen_regfile_ff.register_file_i.rf_reg[1013]$_DFFE_PN0P_,clk_core,0.21,-2.13,16;22;1129;1130;1131;1132;1133;1771;2015;2822;4088;4158;4159;4160;4207;4340;5370;5371;5376;5378;5596;5797;5798;5799;5800;5814;5815;6500;6880;7432;8641;11599;11886;11941;11953;11990;11998;12100;12237;14889;15145;15149;15152;15288;15291
509,gen_regfile_ff.register_file_i.rf_reg[373]$_DFFE_PN0P_,clk_core,0.21,-2.13,16;22;1129;1130;1131;1132;1133;1771;2015;2808;4088;4158;4159;4160;4207;4340;5370;5371;5376;5378;5596;5797;5798;5799;5800;5814;5815;6500;6880;7118;8641;11599;11886;11941;11953;11990;11998;12100;12237;14889;15145;15149;15152;15288;15291
510,gen_regfile_ff.register_file_i.rf_reg[469]$_DFFE_PN0P_,clk_core,0.21,-2.13,16;22;1129;1130;1131;1132;1133;1771;2015;2808;4088;4158;4159;4160;4207;4340;5370;5371;5376;5378;5596;5797;5798;5799;5800;5814;5815;6500;6880;6942;8641;11599;11886;11941;11953;11990;11998;12100;12237;14889;15145;15149;15152;15288;15291
511,gen_regfile_ff.register_file_i.rf_reg[501]$_DFFE_PN0P_,clk_core,0.21,-2.13,16;22;1129;1130;1131;1132;1133;1771;2015;2808;4088;4158;4159;4160;4207;4340;5370;5371;5376;5378;5596;5797;5798;5799;5800;5814;5815;6500;6851;6880;8641;11599;11886;11941;11953;11990;11998;12100;12237;14889;15145;15149;15152;15288;15291
512,gen_regfile_ff.register_file_i.rf_reg[533]$_DFFE_PN0P_,clk_core,0.21,-2.13,16;22;1129;1130;1131;1132;1133;1771;2015;2822;4088;4158;4159;4160;4207;4340;5370;5371;5376;5378;5596;5797;5798;5799;5800;5814;5815;6500;6804;6880;8641;11599;11886;11941;11953;11990;11998;12100;12237;14889;15145;15149;15152;15288;15291
513,gen_regfile_ff.register_file_i.rf_reg[565]$_DFFE_PN0P_,clk_core,0.21,-2.13,16;22;1129;1130;1131;1132;1133;1771;2015;2822;4088;4158;4159;4160;4207;4340;5370;5371;5376;5378;5596;5797;5798;5799;5800;5814;5815;6500;6769;6880;8641;11599;11886;11941;11953;11990;11998;12100;12237;14889;15145;15149;15152;15288;15291
514,gen_regfile_ff.register_file_i.rf_reg[661]$_DFFE_PN0P_,clk_core,0.21,-2.13,16;22;1129;1130;1131;1132;1133;1771;2015;2822;4088;4158;4159;4160;4207;4340;5370;5371;5376;5378;5596;5797;5798;5799;5800;5814;5815;6500;6588;6880;8641;11599;11886;11941;11953;11990;11998;12100;12237;14889;15145;15149;15152;15288;15291
515,gen_regfile_ff.register_file_i.rf_reg[693]$_DFFE_PN0P_,clk_core,0.21,-2.13,16;22;1129;1130;1131;1132;1133;1771;2015;2822;4088;4158;4159;4160;4207;4340;5370;5371;5376;5378;5596;5797;5798;5799;5800;5814;5815;6500;6515;6880;8641;11599;11886;11941;11953;11990;11998;12100;12237;14889;15145;15149;15152;15288;15291
516,gen_regfile_ff.register_file_i.rf_reg[725]$_DFFE_PN0P_,clk_core,0.21,-2.13,16;22;1129;1130;1131;1132;1133;1771;2015;2822;4088;4158;4159;4160;4207;4340;5370;5371;5376;5378;5596;5797;5798;5799;5800;5814;5815;5817;6500;6880;8641;11599;11886;11941;11953;11990;11998;12100;12237;14889;15145;15149;15152;15288;15291
517,gen_regfile_ff.register_file_i.rf_reg[213]$_DFFE_PN0P_,clk_core,0.21,-2.13,16;22;1129;1130;1131;1132;1133;1771;2015;4088;4158;4159;4160;4207;4340;5370;5371;5376;5378;5596;5797;5798;5799;5800;5814;5815;6500;6711;6880;7397;8641;11599;11886;11941;11953;11990;11998;12100;12237;14889;15145;15149;15152;15288;15291
518,gen_regfile_ff.register_file_i.rf_reg[405]$_DFFE_PN0P_,clk_core,0.21,-2.13,16;22;1129;1130;1131;1132;1133;1771;2015;4088;4158;4159;4160;4207;4340;5370;5371;5376;5378;5596;5797;5798;5799;5800;5814;5815;6500;6711;6880;7047;8641;11599;11886;11941;11953;11990;11998;12100;12237;14889;15145;15149;15152;15288;15291
519,gen_regfile_ff.register_file_i.rf_reg[437]$_DFFE_PN0P_,clk_core,0.21,-2.13,16;22;1129;1130;1131;1132;1133;1771;2015;4088;4158;4159;4160;4207;4340;5370;5371;5376;5378;5596;5797;5798;5799;5800;5814;5815;6500;6711;6880;6977;8641;11599;11886;11941;11953;11990;11998;12100;12237;14889;15145;15149;15152;15288;15291
520,gen_regfile_ff.register_file_i.rf_reg[629]$_DFFE_PN0P_,clk_core,0.21,-2.13,16;22;1129;1130;1131;1132;1133;1771;2015;2830;4088;4158;4159;4160;4207;4340;5370;5371;5376;5378;5596;5797;5798;5799;5800;5814;5815;6500;6664;6880;8641;11599;11886;11941;11953;11990;11998;12100;12237;14889;15145;15149;15152;15288;15291
521,gen_regfile_ff.register_file_i.rf_reg[757]$_DFFE_PN0P_,clk_core,0.21,-2.13,16;22;1129;1130;1131;1132;1133;1771;2015;2887;4088;4158;4159;4160;4207;4340;5370;5371;5376;5378;5596;5797;5798;5799;5800;5814;5815;6500;6880;6907;8641;11599;11886;11941;11953;11990;11998;12100;12237;14889;15145;15149;15152;15288;15291
522,gen_regfile_ff.register_file_i.rf_reg[789]$_DFFE_PN0P_,clk_core,0.21,-2.13,16;22;1129;1130;1131;1132;1133;1771;2015;2615;4088;4158;4159;4160;4207;4337;5370;5371;5376;5378;5596;5797;5798;5799;5800;5814;5815;6500;6553;6880;8641;11599;11886;11941;11953;11990;11998;12100;12237;14889;15145;15149;15152;15288;15291
523,cs_registers_i.mcycle_counter_i.counter_val_o[38]$_DFFE_PN0P_,clk_core,0.21,-2.16,1664;1671;1677;1678;1766;1771;2690;2691;2692;2700;2701;2702;4504;4551;4912;4913;4925;4926;4928;4929;4930;4931;4932;5566;6880;8391;9084;9150;9281;9285;11599;11889;14858;14861;14868;15088;15144;15149;15152;15163
524,cs_registers_i.mcycle_counter_i.counter_val_o[36]$_DFFE_PN0P_,clk_core,0.21,-2.16,1664;1671;1677;1678;1766;1771;2690;2691;2692;2700;2701;2702;4504;4551;4912;4913;4925;4926;4928;4929;4930;4931;4932;5566;6880;8391;9084;9150;9291;9292;11599;11889;14858;14861;14868;15096;15144;15149;15152;15163
525,gen_regfile_ff.register_file_i.rf_reg[53]$_DFFE_PN0P_,clk_core,0.21,-2.13,16;22;1129;1130;1131;1132;1133;1771;2015;2820;4088;4158;4159;4160;4207;4340;5370;5371;5376;5378;5596;5797;5798;5799;5800;5814;5815;6500;6880;7609;8641;11599;11886;11941;11953;11990;11998;12100;12237;14889;15145;15149;15152;15288;15291
526,gen_regfile_ff.register_file_i.rf_reg[597]$_DFFE_PN0P_,clk_core,0.21,-2.13,16;22;1129;1130;1131;1132;1133;1771;2015;2820;4088;4158;4159;4160;4207;4340;5370;5371;5376;5378;5596;5797;5798;5799;5800;5814;5815;6500;6699;6880;8641;11599;11886;11941;11953;11990;11998;12100;12237;14889;15145;15149;15152;15288;15291
527,gen_regfile_ff.register_file_i.rf_reg[821]$_DFFE_PN0P_,clk_core,0.21,-2.13,16;22;1129;1130;1131;1132;1133;1771;2015;2618;4088;4158;4159;4160;4207;4337;5370;5371;5376;5378;5596;5797;5798;5799;5800;5814;5815;6500;6734;6880;8641;11599;11886;11941;11953;11990;11998;12100;12237;14889;15145;15149;15152;15288;15291
528,gen_regfile_ff.register_file_i.rf_reg[853]$_DFFE_PN0P_,clk_core,0.21,-2.13,16;22;1129;1130;1131;1132;1133;1771;2015;2618;4088;4158;4159;4160;4207;4337;5370;5371;5376;5378;5596;5797;5798;5799;5800;5814;5815;6500;6880;7325;8641;11599;11886;11941;11953;11990;11998;12100;12237;14889;15145;15149;15152;15288;15291
529,gen_regfile_ff.register_file_i.rf_reg[885]$_DFFE_PN0P_,clk_core,0.21,-2.13,16;22;1129;1130;1131;1132;1133;1771;2015;2618;4088;4158;4159;4160;4207;4337;5370;5371;5376;5378;5596;5797;5798;5799;5800;5814;5815;6500;6880;7082;8641;11599;11886;11941;11953;11990;11998;12100;12237;14889;15145;15149;15152;15288;15291
530,gen_regfile_ff.register_file_i.rf_reg[917]$_DFFE_PN0P_,clk_core,0.21,-2.13,16;22;1129;1130;1131;1132;1133;1771;2015;2618;4088;4158;4159;4160;4207;4337;5370;5371;5376;5378;5596;5797;5798;5799;5800;5814;5815;6500;6625;6880;8641;11599;11886;11941;11953;11990;11998;12100;12237;14889;15145;15149;15152;15288;15291
531,gen_regfile_ff.register_file_i.rf_reg[949]$_DFFE_PN0P_,clk_core,0.21,-2.13,16;22;1129;1130;1131;1132;1133;1771;2015;2618;4088;4158;4159;4160;4207;4337;5370;5371;5376;5378;5596;5797;5798;5799;5800;5814;5815;6500;6880;7012;8641;11599;11886;11941;11953;11990;11998;12100;12237;14889;15145;15149;15152;15288;15291
532,gen_regfile_ff.register_file_i.rf_reg[981]$_DFFE_PN0P_,clk_core,0.21,-2.13,16;22;1129;1130;1131;1132;1133;1771;2015;2618;4088;4158;4159;4160;4207;4337;5370;5371;5376;5378;5596;5797;5798;5799;5800;5814;5815;6500;6880;7255;8641;11599;11886;11941;11953;11990;11998;12100;12237;14889;15145;15149;15152;15288;15291
533,cs_registers_i.mcycle_counter_i.counter_val_o[13]$_DFFE_PN0P_,clk_core,0.21,-2.16,1664;1671;1677;1678;1766;1771;2690;2691;2692;2700;2701;2702;4504;4551;4912;4913;4925;4926;4928;4929;4930;4931;4932;4955;5335;6880;8391;9084;9088;9379;9380;11599;11889;14858;14861;14868;15085;15144;15149;15152;15165
534,cs_registers_i.mcycle_counter_i.counter_val_o[42]$_DFFE_PN0P_,clk_core,0.21,-2.16,1664;1671;1677;1678;1766;1771;2690;2691;2692;2700;2701;2702;4504;4551;4912;4913;4925;4926;4928;4929;4930;4931;4932;5566;6880;8391;9084;9150;9260;9261;11599;11889;14858;14861;14868;15086;15144;15149;15152;15163
535,gen_regfile_ff.register_file_i.rf_reg[85]$_DFFE_PN0P_,clk_core,0.21,-2.13,16;22;1129;1130;1131;1132;1133;1771;2015;2820;4088;4158;4159;4160;4207;4340;5370;5371;5376;5378;5596;5797;5798;5799;5800;5814;5815;6500;6880;7574;8641;11599;11886;11941;11953;11990;11998;12100;12237;14889;15145;15149;15152;15288;15291
536,cs_registers_i.mcycle_counter_i.counter_val_o[44]$_DFFE_PN0P_,clk_core,0.21,-2.16,1664;1671;1677;1678;1766;1771;2690;2691;2692;2700;2701;2702;4504;4551;4912;4913;4925;4926;4928;4929;4930;4931;4932;5566;6880;8391;9084;9150;9255;9256;11599;11889;14858;14861;14868;15085;15144;15149;15152;15165
537,cs_registers_i.mcycle_counter_i.counter_val_o[34]$_DFFE_PN0P_,clk_core,0.21,-2.16,1664;1671;1677;1678;1766;1771;2690;2691;2692;2700;2701;2702;4504;4551;4912;4913;4925;4926;4928;4929;4930;4931;4932;5566;6880;8391;9084;9150;9299;9300;11599;11889;14858;14861;14868;15094;15144;15149;15152;15163
538,gen_regfile_ff.register_file_i.rf_reg[144]$_DFFE_PN0P_,clk_core,0.21,-2.13,16;22;207;208;209;210;211;1292;1771;2058;2059;2580;3128;4088;4337;4494;4501;5192;5193;5194;5195;5196;5198;5200;5998;5999;6000;6001;6015;6016;6589;6880;7508;8551;11599;11894;11915;11919;11995;12141;12246;12366;14889;15145;15149;15152;15288;15291
539,gen_regfile_ff.register_file_i.rf_reg[176]$_DFFE_PN0P_,clk_core,0.21,-2.13,16;22;207;208;209;210;211;1292;1771;2058;2059;2653;3128;4088;4337;4494;4501;5192;5193;5194;5195;5196;5198;5200;5998;5999;6000;6001;6015;6016;6589;6880;7473;8551;11599;11894;11915;11919;11995;12141;12246;12366;14889;15145;15149;15152;15288;15291
540,gen_regfile_ff.register_file_i.rf_reg[208]$_DFFE_PN0P_,clk_core,0.21,-2.13,16;22;207;208;209;210;211;1292;1771;2058;2059;2653;3128;4088;4337;4494;4501;5192;5193;5194;5195;5196;5198;5200;5998;5999;6000;6001;6015;6016;6589;6880;7403;8551;11599;11894;11915;11919;11995;12141;12246;12366;14889;15145;15149;15152;15288;15291
541,gen_regfile_ff.register_file_i.rf_reg[560]$_DFFE_PN0P_,clk_core,0.21,-2.13,16;22;207;208;209;210;211;1292;1771;2058;2059;2609;3128;4088;4337;4494;4501;5192;5193;5194;5195;5196;5198;5200;5998;5999;6000;6001;6015;6016;6589;6775;6880;8551;11599;11894;11915;11919;11995;12141;12246;12366;14889;15145;15149;15152;15288;15291
542,gen_regfile_ff.register_file_i.rf_reg[592]$_DFFE_PN0P_,clk_core,0.21,-2.13,16;22;207;208;209;210;211;1292;1771;2058;2059;2609;3128;4088;4337;4494;4501;5192;5193;5194;5195;5196;5198;5200;5998;5999;6000;6001;6015;6016;6589;6705;6880;8551;11599;11894;11915;11919;11995;12141;12246;12366;14889;15145;15149;15152;15288;15291
543,gen_regfile_ff.register_file_i.rf_reg[720]$_DFFE_PN0P_,clk_core,0.21,-2.13,16;22;207;208;209;210;211;1292;1771;2058;2059;2609;3128;4088;4337;4494;4501;5192;5193;5194;5195;5196;5198;5200;5998;5999;6000;6001;6015;6016;6018;6589;6880;8551;11599;11894;11915;11919;11995;12141;12246;12366;14889;15145;15149;15152;15288;15291
544,gen_regfile_ff.register_file_i.rf_reg[784]$_DFFE_PN0P_,clk_core,0.21,-2.13,16;22;207;208;209;210;211;1292;1771;2058;2059;2609;3128;4088;4337;4494;4501;5192;5193;5194;5195;5196;5198;5200;5998;5999;6000;6001;6015;6016;6559;6589;6880;8551;11599;11894;11915;11919;11995;12141;12246;12366;14889;15145;15149;15152;15288;15291
545,gen_regfile_ff.register_file_i.rf_reg[816]$_DFFE_PN0P_,clk_core,0.21,-2.13,16;22;207;208;209;210;211;1292;1771;2058;2059;2609;3128;4088;4337;4494;4501;5192;5193;5194;5195;5196;5198;5200;5998;5999;6000;6001;6015;6016;6589;6740;6880;8551;11599;11894;11915;11919;11995;12141;12246;12366;14889;15145;15149;15152;15288;15291
546,gen_regfile_ff.register_file_i.rf_reg[848]$_DFFE_PN0P_,clk_core,0.21,-2.13,16;22;207;208;209;210;211;1292;1771;2058;2059;2609;3128;4088;4337;4494;4501;5192;5193;5194;5195;5196;5198;5200;5998;5999;6000;6001;6015;6016;6589;6880;7331;8551;11599;11894;11915;11919;11995;12141;12246;12366;14889;15145;15149;15152;15288;15291
547,gen_regfile_ff.register_file_i.rf_reg[912]$_DFFE_PN0P_,clk_core,0.21,-2.13,16;22;207;208;209;210;211;1292;1771;2058;2059;2590;3128;4088;4337;4494;4501;5192;5193;5194;5195;5196;5198;5200;5998;5999;6000;6001;6015;6016;6589;6631;6880;8551;11599;11894;11915;11919;11995;12141;12246;12366;14889;15145;15149;15152;15288;15291
548,gen_regfile_ff.register_file_i.rf_reg[976]$_DFFE_PN0P_,clk_core,0.21,-2.13,16;22;207;208;209;210;211;1292;1771;2058;2059;2590;3128;4088;4337;4494;4501;5192;5193;5194;5195;5196;5198;5200;5998;5999;6000;6001;6015;6016;6589;6880;7261;8551;11599;11894;11915;11919;11995;12141;12246;12366;14889;15145;15149;15152;15288;15291
549,gen_regfile_ff.register_file_i.rf_reg[240]$_DFFE_PN0P_,clk_core,0.21,-2.13,16;22;207;208;209;210;211;1292;1771;2058;2059;2620;3128;4088;4337;4494;4501;5192;5193;5194;5195;5196;5198;5200;5998;5999;6000;6001;6015;6016;6589;6880;7368;8551;11599;11894;11915;11919;11995;12141;12246;12366;14889;15145;15149;15152;15288;15291
550,gen_regfile_ff.register_file_i.rf_reg[272]$_DFFE_PN0P_,clk_core,0.21,-2.13,16;22;207;208;209;210;211;1292;1771;2058;2059;2830;3128;4088;4340;4494;4501;5192;5193;5194;5195;5196;5198;5200;5998;5999;6000;6001;6015;6016;6589;6880;7296;8551;11599;11894;11915;11919;11995;12141;12246;12366;14889;15145;15149;15152;15288;15291
551,gen_regfile_ff.register_file_i.rf_reg[400]$_DFFE_PN0P_,clk_core,0.21,-2.13,16;22;207;208;209;210;211;1292;1771;2058;2059;2620;3128;4088;4337;4494;4501;5192;5193;5194;5195;5196;5198;5200;5998;5999;6000;6001;6015;6016;6589;6880;7053;8551;11599;11894;11915;11919;11995;12141;12246;12366;14889;15145;15149;15152;15288;15291
552,gen_regfile_ff.register_file_i.rf_reg[432]$_DFFE_PN0P_,clk_core,0.21,-2.13,16;22;207;208;209;210;211;1292;1771;2058;2059;2620;3128;4088;4337;4494;4501;5192;5193;5194;5195;5196;5198;5200;5998;5999;6000;6001;6015;6016;6589;6880;6983;8551;11599;11894;11915;11919;11995;12141;12246;12366;14889;15145;15149;15152;15288;15291
553,gen_regfile_ff.register_file_i.rf_reg[464]$_DFFE_PN0P_,clk_core,0.21,-2.13,16;22;207;208;209;210;211;1292;1771;2058;2059;2638;3128;4088;4337;4494;4501;5192;5193;5194;5195;5196;5198;5200;5998;5999;6000;6001;6015;6016;6589;6880;6948;8551;11599;11894;11915;11919;11995;12141;12246;12366;14889;15145;15149;15152;15288;15291
554,gen_regfile_ff.register_file_i.rf_reg[48]$_DFFE_PN0P_,clk_core,0.21,-2.13,16;22;207;208;209;210;211;1292;1771;2058;2059;2620;3128;4088;4337;4494;4501;5192;5193;5194;5195;5196;5198;5200;5998;5999;6000;6001;6015;6016;6589;6880;7615;8551;11599;11894;11915;11919;11995;12141;12246;12366;14889;15145;15149;15152;15288;15291
555,gen_regfile_ff.register_file_i.rf_reg[496]$_DFFE_PN0P_,clk_core,0.21,-2.13,16;22;207;208;209;210;211;1292;1771;2058;2059;2620;3128;4088;4337;4494;4501;5192;5193;5194;5195;5196;5198;5200;5998;5999;6000;6001;6015;6016;6589;6862;6880;8551;11599;11894;11915;11919;11995;12141;12246;12366;14889;15145;15149;15152;15288;15291
556,gen_regfile_ff.register_file_i.rf_reg[880]$_DFFE_PN0P_,clk_core,0.21,-2.13,16;22;207;208;209;210;211;1292;1771;2058;2059;2615;3128;4088;4337;4494;4501;5192;5193;5194;5195;5196;5198;5200;5998;5999;6000;6001;6015;6016;6589;6880;7088;8551;11599;11894;11915;11919;11995;12141;12246;12366;14889;15145;15149;15152;15288;15291
557,cs_registers_i.mcycle_counter_i.counter_val_o[45]$_DFFE_PN0P_,clk_core,0.21,-2.16,1664;1671;1677;1678;1766;1771;2690;2691;2692;2700;2701;2702;4504;4551;4912;4913;4925;4926;4928;4929;4930;4931;4932;5566;6880;8391;9084;9150;9250;9254;11599;11889;14858;14861;14868;15073;15144;15149;15152;15164
558,cs_registers_i.mcycle_counter_i.counter_val_o[47]$_DFFE_PN0P_,clk_core,0.21,-2.16,1664;1671;1677;1678;1766;1771;2690;2691;2692;2700;2701;2702;4504;4551;4912;4913;4925;4926;4928;4929;4930;4931;4932;5566;6880;8391;9084;9150;9245;9246;11599;11889;14858;14861;14868;15073;15144;15149;15152;15164
559,cs_registers_i.mcycle_counter_i.counter_val_o[46]$_DFFE_PN0P_,clk_core,0.21,-2.16,1664;1671;1677;1678;1766;1771;2690;2691;2692;2700;2701;2702;4504;4551;4912;4913;4925;4926;4928;4929;4930;4931;4932;5566;6880;8391;9084;9150;9248;9249;11599;11889;14858;14861;14868;15073;15144;15149;15152;15164
560,gen_regfile_ff.register_file_i.rf_reg[1008]$_DFFE_PN0P_,clk_core,0.21,-2.13,16;22;207;208;209;210;211;1292;1771;2058;2059;2594;3128;4088;4337;4494;4501;5192;5193;5194;5195;5196;5198;5200;5998;5999;6000;6001;6015;6016;6589;6880;7438;8551;11599;11894;11915;11919;11995;12141;12246;12366;14889;15145;15149;15152;15288;15291
561,gen_regfile_ff.register_file_i.rf_reg[304]$_DFFE_PN0P_,clk_core,0.21,-2.13,16;22;207;208;209;210;211;1292;1771;2058;2059;2820;3128;4088;4340;4494;4501;5192;5193;5194;5195;5196;5198;5200;5998;5999;6000;6001;6015;6016;6589;6880;7226;8551;11599;11894;11915;11919;11995;12141;12246;12366;14889;15145;15149;15152;15288;15291
562,gen_regfile_ff.register_file_i.rf_reg[368]$_DFFE_PN0P_,clk_core,0.21,-2.13,16;22;207;208;209;210;211;1292;1771;2058;2059;2820;3128;4088;4340;4494;4501;5192;5193;5194;5195;5196;5198;5200;5998;5999;6000;6001;6015;6016;6589;6880;7124;8551;11599;11894;11915;11919;11995;12141;12246;12366;14889;15145;15149;15152;15288;15291
563,gen_regfile_ff.register_file_i.rf_reg[528]$_DFFE_PN0P_,clk_core,0.21,-2.13,16;22;207;208;209;210;211;1292;1771;2058;2059;2594;3128;4088;4337;4494;4501;5192;5193;5194;5195;5196;5198;5200;5998;5999;6000;6001;6015;6016;6589;6810;6880;8551;11599;11894;11915;11919;11995;12141;12246;12366;14889;15145;15149;15152;15288;15291
564,gen_regfile_ff.register_file_i.rf_reg[624]$_DFFE_PN0P_,clk_core,0.21,-2.13,16;22;207;208;209;210;211;1292;1771;2058;2059;2618;3128;4088;4337;4494;4501;5192;5193;5194;5195;5196;5198;5200;5998;5999;6000;6001;6015;6016;6589;6670;6880;8551;11599;11894;11915;11919;11995;12141;12246;12366;14889;15145;15149;15152;15288;15291
565,gen_regfile_ff.register_file_i.rf_reg[656]$_DFFE_PN0P_,clk_core,0.21,-2.13,16;22;207;208;209;210;211;1292;1771;2058;2059;2594;3128;4088;4337;4494;4501;5192;5193;5194;5195;5196;5198;5200;5998;5999;6000;6001;6015;6016;6589;6594;6880;8551;11599;11894;11915;11919;11995;12141;12246;12366;14889;15145;15149;15152;15288;15291
566,gen_regfile_ff.register_file_i.rf_reg[688]$_DFFE_PN0P_,clk_core,0.21,-2.13,16;22;207;208;209;210;211;1292;1771;2058;2059;2594;3128;4088;4337;4494;4501;5192;5193;5194;5195;5196;5198;5200;5998;5999;6000;6001;6015;6016;6521;6589;6880;8551;11599;11894;11915;11919;11995;12141;12246;12366;14889;15145;15149;15152;15288;15291
567,gen_regfile_ff.register_file_i.rf_reg[752]$_DFFE_PN0P_,clk_core,0.21,-2.13,16;22;207;208;209;210;211;1292;1771;2058;2059;2618;3128;4088;4337;4494;4501;5192;5193;5194;5195;5196;5198;5200;5998;5999;6000;6001;6015;6016;6589;6880;6913;8551;11599;11894;11915;11919;11995;12141;12246;12366;14889;15145;15149;15152;15288;15291
568,gen_regfile_ff.register_file_i.rf_reg[944]$_DFFE_PN0P_,clk_core,0.21,-2.13,16;22;207;208;209;210;211;1292;1771;2058;2059;2594;3128;4088;4337;4494;4501;5192;5193;5194;5195;5196;5198;5200;5998;5999;6000;6001;6015;6016;6589;6880;7018;8551;11599;11894;11915;11919;11995;12141;12246;12366;14889;15145;15149;15152;15288;15291
569,gen_regfile_ff.register_file_i.rf_reg[112]$_DFFE_PN0P_,clk_core,0.21,-2.13,16;22;207;208;209;210;211;1292;1771;2058;2059;2653;3128;4088;4337;4494;4501;5192;5193;5194;5195;5196;5198;5200;5998;5999;6000;6001;6015;6016;6589;6880;7544;8551;11599;11894;11915;11919;11995;12141;12246;12366;14889;15145;15149;15152;15288;15291
570,gen_regfile_ff.register_file_i.rf_reg[80]$_DFFE_PN0P_,clk_core,0.21,-2.13,16;22;207;208;209;210;211;1292;1771;2058;2059;2653;3128;4088;4337;4494;4501;5192;5193;5194;5195;5196;5198;5200;5998;5999;6000;6001;6015;6016;6589;6880;7580;8551;11599;11894;11915;11919;11995;12141;12246;12366;14889;15145;15149;15152;15288;15291
571,gen_regfile_ff.register_file_i.rf_reg[336]$_DFFE_PN0P_,clk_core,0.21,-2.13,16;22;207;208;209;210;211;1292;1771;2058;2059;2620;3128;4088;4337;4494;4501;5192;5193;5194;5195;5196;5198;5200;5998;5999;6000;6001;6015;6016;6589;6880;7175;8551;11599;11894;11915;11919;11995;12141;12246;12366;14889;15145;15149;15152;15288;15291
572,cs_registers_i.mcycle_counter_i.counter_val_o[22]$_DFFE_PN0P_,clk_core,0.21,-2.16,1664;1671;1677;1678;1766;1771;2690;2691;2692;2700;2701;2702;4504;4551;4912;4913;4925;4926;4928;4929;4930;4931;4932;4955;6880;8391;9084;9088;9342;9343;11599;11889;14858;14861;14868;15075;15144;15149;15152;15165
573,cs_registers_i.mcycle_counter_i.counter_val_o[17]$_DFFE_PN0P_,clk_core,0.21,-2.16,1664;1671;1677;1678;1766;1771;2690;2691;2692;2700;2701;2702;4504;4551;4912;4913;4925;4926;4928;4929;4930;4931;4932;4955;5335;6880;8391;9084;9088;9363;9364;11599;11889;14858;14861;14868;15084;15144;15149;15152;15165
574,cs_registers_i.mcycle_counter_i.counter_val_o[24]$_DFFE_PN0P_,clk_core,0.21,-2.16,1664;1671;1677;1678;1766;1771;2690;2691;2692;2700;2701;2702;4504;4551;4912;4913;4925;4926;4928;4929;4930;4931;4932;4955;6880;8391;9084;9088;9336;9337;11599;11889;14858;14861;14868;15078;15144;15149;15152;15165
575,cs_registers_i.mcycle_counter_i.counter_val_o[18]$_DFFE_PN0P_,clk_core,0.21,-2.16,1664;1671;1677;1678;1766;1771;2690;2691;2692;2700;2701;2702;4504;4551;4912;4913;4925;4926;4928;4929;4930;4931;4932;4955;5335;6880;8075;8391;9084;9088;9356;9359;11599;11889;14858;14861;14868;15084;15144;15149;15152;15165
576,cs_registers_i.mcycle_counter_i.counter_val_o[20]$_DFFE_PN0P_,clk_core,0.21,-2.16,1664;1671;1677;1678;1766;1771;2690;2691;2692;2700;2701;2702;4504;4551;4912;4913;4925;4926;4928;4929;4930;4931;4932;4955;5323;6880;8391;9084;9088;9349;9350;11599;11889;14858;14861;14868;15075;15144;15149;15152;15165
577,cs_registers_i.mcycle_counter_i.counter_val_o[53]$_DFFE_PN0P_,clk_core,0.21,-2.16,1664;1671;1677;1678;1766;1771;2690;2691;2692;2700;2701;2702;4504;4551;4912;4913;4925;4926;4928;4929;4930;4931;4932;5566;6880;8391;9084;9150;9223;9226;11599;11889;14858;14861;14868;15076;15144;15149;15152;15165
578,cs_registers_i.mcycle_counter_i.counter_val_o[58]$_DFFE_PN0P_,clk_core,0.21,-2.15,1664;1671;1677;1678;1766;1771;2690;2691;2692;2700;2701;2702;4504;4551;4912;4913;4925;4926;4928;4929;4930;4931;4932;5563;5566;6880;8391;9084;9150;9191;9193;11599;11889;14858;14861;14868;15077;15144;15149;15152;15165
579,cs_registers_i.mcycle_counter_i.counter_val_o[60]$_DFFE_PN0P_,clk_core,0.21,-2.15,1664;1671;1677;1678;1766;1771;2690;2691;2692;2700;2701;2702;4504;4551;4912;4913;4925;4926;4928;4929;4930;4931;4932;5563;5566;6880;8391;9084;9150;9180;9181;11599;11889;14858;14861;14868;15077;15144;15149;15152;15165
580,cs_registers_i.mcycle_counter_i.counter_val_o[59]$_DFFE_PN0P_,clk_core,0.21,-2.16,1664;1671;1677;1678;1766;1771;2690;2691;2692;2700;2701;2702;4504;4551;4912;4913;4925;4926;4928;4929;4930;4931;4932;5566;6880;8391;9084;9150;9183;9190;11599;11889;14858;14861;14868;15078;15144;15149;15152;15165
581,cs_registers_i.mcycle_counter_i.counter_val_o[57]$_DFFE_PN0P_,clk_core,0.22,-2.15,1664;1671;1677;1678;1766;1771;2690;2691;2692;2700;2701;2702;4504;4551;4912;4913;4925;4926;4928;4929;4930;4931;4932;5535;5566;6880;8391;9084;9150;9195;9197;11599;11889;14858;14861;14868;15076;15144;15149;15152;15165
582,gen_regfile_ff.register_file_i.rf_reg[916]$_DFFE_PN0P_,clk_core,0.22,-2.12,27;856;858;859;867;868;1286;1554;1770;1771;1963;1966;3677;4088;4125;4501;5194;5195;5196;5198;5200;5823;5824;5825;5826;5827;5828;5829;5853;5854;6578;6627;6689;6880;11599;11929;12029;12078;12214;12223;12225;12343;14889;15145;15149;15152;15288
583,gen_regfile_ff.register_file_i.rf_reg[948]$_DFFE_PN0P_,clk_core,0.22,-2.12,27;856;858;859;867;868;1286;1554;1770;1771;1963;1966;3677;4088;4125;4501;5194;5195;5196;5198;5200;5823;5824;5825;5826;5827;5828;5829;5853;5854;6578;6689;6880;7014;11599;11929;12029;12078;12214;12223;12225;12343;14889;15145;15149;15152;15288
584,gen_regfile_ff.register_file_i.rf_reg[212]$_DFFE_PN0P_,clk_core,0.22,-2.12,27;856;858;859;867;868;1286;1554;1771;1963;1966;3677;4015;4088;4125;4501;5194;5195;5196;5198;5200;5823;5824;5825;5826;5827;5828;5829;5853;5854;6578;6689;6880;7399;11599;11929;12029;12078;12214;12223;12225;12343;14889;15145;15149;15152;15288
585,gen_regfile_ff.register_file_i.rf_reg[308]$_DFFE_PN0P_,clk_core,0.22,-2.12,27;856;858;859;867;868;1286;1554;1771;1963;1966;3677;4015;4088;4125;4501;5194;5195;5196;5198;5200;5823;5824;5825;5826;5827;5828;5829;5853;5854;6578;6689;6880;7222;11599;11929;12029;12078;12214;12223;12225;12343;14889;15145;15149;15152;15288
586,gen_regfile_ff.register_file_i.rf_reg[372]$_DFFE_PN0P_,clk_core,0.22,-2.12,27;856;858;859;867;868;1286;1554;1771;1963;1966;3677;4015;4088;4125;4501;5194;5195;5196;5198;5200;5823;5824;5825;5826;5827;5828;5829;5853;5854;6578;6689;6880;7120;11599;11929;12029;12078;12214;12223;12225;12343;14889;15145;15149;15152;15288
587,gen_regfile_ff.register_file_i.rf_reg[596]$_DFFE_PN0P_,clk_core,0.22,-2.12,27;856;858;859;867;868;1286;1554;1771;1963;1966;3677;4044;4088;4125;4501;5194;5195;5196;5198;5200;5823;5824;5825;5826;5827;5828;5829;5853;5854;6578;6689;6701;6880;11599;11929;12029;12078;12214;12223;12225;12343;14889;15145;15149;15152;15288
588,gen_regfile_ff.register_file_i.rf_reg[628]$_DFFE_PN0P_,clk_core,0.22,-2.12,27;856;858;859;867;868;1286;1554;1771;1963;1966;3677;4044;4088;4125;4501;5194;5195;5196;5198;5200;5823;5824;5825;5826;5827;5828;5829;5853;5854;6578;6666;6689;6880;11599;11929;12029;12078;12214;12223;12225;12343;14889;15145;15149;15152;15288
589,gen_regfile_ff.register_file_i.rf_reg[660]$_DFFE_PN0P_,clk_core,0.22,-2.12,27;856;858;859;867;868;1286;1554;1771;1963;1966;3677;4015;4088;4125;4501;5194;5195;5196;5198;5200;5823;5824;5825;5826;5827;5828;5829;5853;5854;6578;6590;6689;6880;11599;11929;12029;12078;12214;12223;12225;12343;14889;15145;15149;15152;15288
590,gen_regfile_ff.register_file_i.rf_reg[724]$_DFFE_PN0P_,clk_core,0.22,-2.12,27;856;858;859;867;868;1286;1554;1771;1963;1966;3677;4015;4088;4125;4501;5194;5195;5196;5198;5200;5823;5824;5825;5826;5827;5828;5829;5853;5854;5857;6578;6689;6880;11599;11929;12029;12078;12214;12223;12225;12343;14889;15145;15149;15152;15288
591,gen_regfile_ff.register_file_i.rf_reg[756]$_DFFE_PN0P_,clk_core,0.22,-2.12,27;856;858;859;867;868;1286;1554;1771;1963;1966;3677;4015;4088;4125;4501;5194;5195;5196;5198;5200;5823;5824;5825;5826;5827;5828;5829;5853;5854;6578;6689;6880;6909;11599;11929;12029;12078;12214;12223;12225;12343;14889;15145;15149;15152;15288
592,gen_regfile_ff.register_file_i.rf_reg[404]$_DFFE_PN0P_,clk_core,0.22,-2.12,27;856;858;859;867;868;1286;1554;1771;1915;1963;1966;3677;4088;4125;4501;5194;5195;5196;5198;5200;5823;5824;5825;5826;5827;5828;5829;5853;5854;6578;6689;6880;7049;11599;11929;12029;12078;12214;12223;12225;12343;14889;15145;15149;15152;15288
593,gen_regfile_ff.register_file_i.rf_reg[436]$_DFFE_PN0P_,clk_core,0.22,-2.12,27;856;858;859;867;868;1286;1554;1771;1963;1966;3677;4034;4088;4125;4501;5194;5195;5196;5198;5200;5823;5824;5825;5826;5827;5828;5829;5853;5854;6578;6689;6880;6979;11599;11929;12029;12078;12214;12223;12225;12343;14889;15145;15149;15152;15288
594,gen_regfile_ff.register_file_i.rf_reg[468]$_DFFE_PN0P_,clk_core,0.22,-2.12,27;856;858;859;867;868;1286;1554;1771;1915;1963;1966;3677;4088;4125;4501;5194;5195;5196;5198;5200;5823;5824;5825;5826;5827;5828;5829;5853;5854;6578;6689;6880;6944;11599;11929;12029;12078;12214;12223;12225;12343;14889;15145;15149;15152;15288
595,gen_regfile_ff.register_file_i.rf_reg[500]$_DFFE_PN0P_,clk_core,0.22,-2.12,27;856;858;859;867;868;1286;1554;1771;1963;1966;3677;4034;4088;4125;4501;5194;5195;5196;5198;5200;5823;5824;5825;5826;5827;5828;5829;5853;5854;6578;6689;6854;6880;11599;11929;12029;12078;12214;12223;12225;12343;14889;15145;15149;15152;15288
596,gen_regfile_ff.register_file_i.rf_reg[532]$_DFFE_PN0P_,clk_core,0.22,-2.12,27;856;858;859;867;868;1286;1554;1771;1915;1963;1966;3677;4088;4125;4501;5194;5195;5196;5198;5200;5823;5824;5825;5826;5827;5828;5829;5853;5854;6578;6689;6806;6880;11599;11929;12029;12078;12214;12223;12225;12343;14889;15145;15149;15152;15288
597,gen_regfile_ff.register_file_i.rf_reg[564]$_DFFE_PN0P_,clk_core,0.22,-2.12,27;856;858;859;867;868;1286;1554;1771;1915;1963;1966;3677;4088;4125;4501;5194;5195;5196;5198;5200;5823;5824;5825;5826;5827;5828;5829;5853;5854;6578;6689;6771;6880;11599;11929;12029;12078;12214;12223;12225;12343;14889;15145;15149;15152;15288
598,gen_regfile_ff.register_file_i.rf_reg[692]$_DFFE_PN0P_,clk_core,0.22,-2.12,27;856;858;859;867;868;1286;1554;1771;1963;1966;3677;4034;4088;4125;4501;5194;5195;5196;5198;5200;5823;5824;5825;5826;5827;5828;5829;5853;5854;6517;6578;6689;6880;11599;11929;12029;12078;12214;12223;12225;12343;14889;15145;15149;15152;15288
599,gen_regfile_ff.register_file_i.rf_reg[788]$_DFFE_PN0P_,clk_core,0.22,-2.12,27;856;858;859;867;868;1286;1554;1771;1915;1963;1966;3677;4088;4125;4501;5194;5195;5196;5198;5200;5823;5824;5825;5826;5827;5828;5829;5853;5854;6555;6578;6689;6880;11599;11929;12029;12078;12214;12223;12225;12343;14889;15145;15149;15152;15288
600,gen_regfile_ff.register_file_i.rf_reg[820]$_DFFE_PN0P_,clk_core,0.22,-2.12,27;856;858;859;867;868;1286;1554;1771;1915;1963;1966;3677;4088;4125;4501;5194;5195;5196;5198;5200;5823;5824;5825;5826;5827;5828;5829;5853;5854;6578;6689;6736;6880;11599;11929;12029;12078;12214;12223;12225;12343;14889;15145;15149;15152;15288
601,gen_regfile_ff.register_file_i.rf_reg[852]$_DFFE_PN0P_,clk_core,0.22,-2.12,27;856;858;859;867;868;1286;1554;1771;1915;1963;1966;3677;4088;4125;4501;5194;5195;5196;5198;5200;5823;5824;5825;5826;5827;5828;5829;5853;5854;6578;6689;6880;7327;11599;11929;12029;12078;12214;12223;12225;12343;14889;15145;15149;15152;15288
602,gen_regfile_ff.register_file_i.rf_reg[884]$_DFFE_PN0P_,clk_core,0.22,-2.12,27;856;858;859;867;868;1286;1554;1771;1915;1963;1966;3677;4088;4125;4501;5194;5195;5196;5198;5200;5823;5824;5825;5826;5827;5828;5829;5853;5854;6578;6689;6880;7084;11599;11929;12029;12078;12214;12223;12225;12343;14889;15145;15149;15152;15288
603,gen_regfile_ff.register_file_i.rf_reg[276]$_DFFE_PN0P_,clk_core,0.22,-2.12,27;856;858;859;867;868;1286;1554;1771;1963;1966;3677;4011;4088;4501;5194;5195;5196;5198;5200;5823;5824;5825;5826;5827;5828;5829;5853;5854;6578;6689;6781;6880;7292;11599;11929;12029;12078;12214;12223;12225;12343;14889;15145;15149;15152;15288
604,cs_registers_i.mcycle_counter_i.counter_val_o[49]$_DFFE_PN0P_,clk_core,0.22,-2.15,1664;1671;1677;1678;1766;1771;2690;2691;2692;2700;2701;2702;4504;4551;4912;4913;4925;4926;4928;4929;4930;4931;4932;5472;5566;6880;8391;9084;9150;9239;9240;11599;11889;14858;14861;14868;15074;15144;15149;15152;15164
605,cs_registers_i.mcycle_counter_i.counter_val_o[51]$_DFFE_PN0P_,clk_core,0.22,-2.15,1664;1671;1677;1678;1766;1771;2690;2691;2692;2700;2701;2702;4504;4551;4912;4913;4925;4926;4928;4929;4930;4931;4932;5472;5566;6880;8391;9084;9150;9230;9233;11599;11889;14858;14861;14868;15072;15144;15149;15152;15164
606,gen_regfile_ff.register_file_i.rf_reg[116]$_DFFE_PN0P_,clk_core,0.22,-2.12,27;856;858;859;867;868;1286;1554;1771;1963;1966;3677;4011;4088;4501;5194;5195;5196;5198;5200;5823;5824;5825;5826;5827;5828;5829;5853;5854;6578;6689;6781;6880;7540;11599;11929;12029;12078;12214;12223;12225;12343;14889;15145;15149;15152;15288
607,gen_regfile_ff.register_file_i.rf_reg[340]$_DFFE_PN0P_,clk_core,0.22,-2.12,27;856;858;859;867;868;1286;1554;1771;1963;1966;3677;4011;4088;4501;5194;5195;5196;5198;5200;5823;5824;5825;5826;5827;5828;5829;5853;5854;6578;6689;6781;6880;7167;11599;11929;12029;12078;12214;12223;12225;12343;14889;15145;15149;15152;15288
608,gen_regfile_ff.register_file_i.rf_reg[84]$_DFFE_PN0P_,clk_core,0.22,-2.12,27;856;858;859;867;868;1286;1554;1771;1963;1966;3677;4011;4088;4501;5194;5195;5196;5198;5200;5823;5824;5825;5826;5827;5828;5829;5853;5854;6578;6689;6781;6880;7576;11599;11929;12029;12078;12214;12223;12225;12343;14889;15145;15149;15152;15288
609,gen_regfile_ff.register_file_i.rf_reg[1011]$_DFFE_PN0P_,clk_core,0.22,-2.12,16;22;1129;1130;1131;1132;1133;1771;2015;3121;4072;4088;4158;4159;4160;4207;4271;5372;5375;5864;5865;5866;5867;5868;5880;5895;5896;6626;6880;7435;8555;11599;11886;11941;11953;11990;11998;12100;12237;14889;15145;15149;15152;15288;15291;15298
610,gen_regfile_ff.register_file_i.rf_reg[147]$_DFFE_PN0P_,clk_core,0.22,-2.12,16;22;1129;1130;1131;1132;1133;1771;2015;3178;4072;4088;4158;4159;4160;4207;4271;5372;5375;5864;5865;5866;5867;5868;5880;5895;5896;6626;6880;7505;8555;11599;11886;11941;11953;11990;11998;12100;12237;14889;15145;15149;15152;15288;15291;15298
611,gen_regfile_ff.register_file_i.rf_reg[275]$_DFFE_PN0P_,clk_core,0.22,-2.12,16;22;1129;1130;1131;1132;1133;1771;2015;3085;4072;4088;4158;4159;4160;4207;4271;5372;5375;5864;5865;5866;5867;5868;5880;5895;5896;6626;6880;7293;8555;11599;11886;11941;11953;11990;11998;12100;12237;14889;15145;15149;15152;15288;15291;15298
612,gen_regfile_ff.register_file_i.rf_reg[307]$_DFFE_PN0P_,clk_core,0.22,-2.12,16;22;1129;1130;1131;1132;1133;1771;2015;3085;4072;4088;4158;4159;4160;4207;4271;5372;5375;5864;5865;5866;5867;5868;5880;5895;5896;6626;6880;7223;8555;11599;11886;11941;11953;11990;11998;12100;12237;14889;15145;15149;15152;15288;15291;15298
613,gen_regfile_ff.register_file_i.rf_reg[371]$_DFFE_PN0P_,clk_core,0.22,-2.12,16;22;1129;1130;1131;1132;1133;1771;2015;3085;4072;4088;4158;4159;4160;4207;4271;5372;5375;5864;5865;5866;5867;5868;5880;5895;5896;6626;6880;7121;8555;11599;11886;11941;11953;11990;11998;12100;12237;14889;15145;15149;15152;15288;15291;15298
614,gen_regfile_ff.register_file_i.rf_reg[403]$_DFFE_PN0P_,clk_core,0.22,-2.12,16;22;1129;1130;1131;1132;1133;1771;2015;3169;4072;4088;4158;4159;4160;4207;4271;5372;5375;5864;5865;5866;5867;5868;5880;5895;5896;6626;6880;7050;8555;11599;11886;11941;11953;11990;11998;12100;12237;14889;15145;15149;15152;15288;15291;15298
615,gen_regfile_ff.register_file_i.rf_reg[435]$_DFFE_PN0P_,clk_core,0.22,-2.12,16;22;1129;1130;1131;1132;1133;1771;2015;3085;4072;4088;4158;4159;4160;4207;4271;5372;5375;5864;5865;5866;5867;5868;5880;5895;5896;6626;6880;6980;8555;11599;11886;11941;11953;11990;11998;12100;12237;14889;15145;15149;15152;15288;15291;15298
616,gen_regfile_ff.register_file_i.rf_reg[467]$_DFFE_PN0P_,clk_core,0.22,-2.12,16;22;1129;1130;1131;1132;1133;1771;2015;3085;4072;4088;4158;4159;4160;4207;4271;5372;5375;5864;5865;5866;5867;5868;5880;5895;5896;6626;6880;6945;8555;11599;11886;11941;11953;11990;11998;12100;12237;14889;15145;15149;15152;15288;15291;15298
617,gen_regfile_ff.register_file_i.rf_reg[499]$_DFFE_PN0P_,clk_core,0.22,-2.12,16;22;1129;1130;1131;1132;1133;1771;2015;3085;4072;4088;4158;4159;4160;4207;4271;5372;5375;5864;5865;5866;5867;5868;5880;5895;5896;6626;6856;6880;8555;11599;11886;11941;11953;11990;11998;12100;12237;14889;15145;15149;15152;15288;15291;15298
618,gen_regfile_ff.register_file_i.rf_reg[659]$_DFFE_PN0P_,clk_core,0.22,-2.12,16;22;1129;1130;1131;1132;1133;1771;2015;3121;4072;4088;4158;4159;4160;4207;4271;5372;5375;5864;5865;5866;5867;5868;5880;5895;5896;6591;6626;6880;8555;11599;11886;11941;11953;11990;11998;12100;12237;14889;15145;15149;15152;15288;15291;15298
619,gen_regfile_ff.register_file_i.rf_reg[691]$_DFFE_PN0P_,clk_core,0.22,-2.12,16;22;1129;1130;1131;1132;1133;1771;2015;3085;4072;4088;4158;4159;4160;4207;4271;5372;5375;5864;5865;5866;5867;5868;5880;5895;5896;6518;6626;6880;8555;11599;11886;11941;11953;11990;11998;12100;12237;14889;15145;15149;15152;15288;15291;15298
620,gen_regfile_ff.register_file_i.rf_reg[755]$_DFFE_PN0P_,clk_core,0.22,-2.12,16;22;1129;1130;1131;1132;1133;1771;2015;3121;4072;4088;4158;4159;4160;4207;4271;5372;5375;5864;5865;5866;5867;5868;5880;5895;5896;6626;6880;6910;8555;11599;11886;11941;11953;11990;11998;12100;12237;14889;15145;15149;15152;15288;15291;15298
621,gen_regfile_ff.register_file_i.rf_reg[787]$_DFFE_PN0P_,clk_core,0.22,-2.12,16;22;1129;1130;1131;1132;1133;1771;2015;3121;4072;4088;4158;4159;4160;4207;4271;5372;5375;5864;5865;5866;5867;5868;5880;5895;5896;6556;6626;6880;8555;11599;11886;11941;11953;11990;11998;12100;12237;14889;15145;15149;15152;15288;15291;15298
622,gen_regfile_ff.register_file_i.rf_reg[819]$_DFFE_PN0P_,clk_core,0.22,-2.12,16;22;1129;1130;1131;1132;1133;1771;2015;3121;4072;4088;4158;4159;4160;4207;4271;5372;5375;5864;5865;5866;5867;5868;5880;5895;5896;6626;6737;6880;8555;11599;11886;11941;11953;11990;11998;12100;12237;14889;15145;15149;15152;15288;15291;15298
623,gen_regfile_ff.register_file_i.rf_reg[851]$_DFFE_PN0P_,clk_core,0.22,-2.12,16;22;1129;1130;1131;1132;1133;1771;2015;3121;4072;4088;4158;4159;4160;4207;4271;5372;5375;5864;5865;5866;5867;5868;5880;5895;5896;6626;6880;7328;8555;11599;11886;11941;11953;11990;11998;12100;12237;14889;15145;15149;15152;15288;15291;15298
624,gen_regfile_ff.register_file_i.rf_reg[883]$_DFFE_PN0P_,clk_core,0.22,-2.12,16;22;1129;1130;1131;1132;1133;1771;2015;3121;4072;4088;4158;4159;4160;4207;4271;5372;5375;5864;5865;5866;5867;5868;5880;5895;5896;6626;6880;7085;8555;11599;11886;11941;11953;11990;11998;12100;12237;14889;15145;15149;15152;15288;15291;15298
625,gen_regfile_ff.register_file_i.rf_reg[915]$_DFFE_PN0P_,clk_core,0.22,-2.12,16;22;1129;1130;1131;1132;1133;1771;2015;3169;4072;4088;4158;4159;4160;4207;4271;5372;5375;5864;5865;5866;5867;5868;5880;5895;5896;6626;6628;6880;8555;11599;11886;11941;11953;11990;11998;12100;12237;14889;15145;15149;15152;15288;15291;15298
626,gen_regfile_ff.register_file_i.rf_reg[947]$_DFFE_PN0P_,clk_core,0.22,-2.12,16;22;1129;1130;1131;1132;1133;1771;2015;3169;4072;4088;4158;4159;4160;4207;4271;5372;5375;5864;5865;5866;5867;5868;5880;5895;5896;6626;6880;7015;8555;11599;11886;11941;11953;11990;11998;12100;12237;14889;15145;15149;15152;15288;15291;15298
627,gen_regfile_ff.register_file_i.rf_reg[979]$_DFFE_PN0P_,clk_core,0.22,-2.12,16;22;1129;1130;1131;1132;1133;1771;2015;3169;4072;4088;4158;4159;4160;4207;4271;5372;5375;5864;5865;5866;5867;5868;5880;5895;5896;6626;6880;7258;8555;11599;11886;11941;11953;11990;11998;12100;12237;14889;15145;15149;15152;15288;15291;15298
628,gen_regfile_ff.register_file_i.rf_reg[51]$_DFFE_PN0P_,clk_core,0.22,-2.12,16;22;1129;1130;1131;1132;1133;1771;2015;3197;4072;4088;4158;4159;4160;4207;4288;5372;5375;5864;5865;5866;5867;5868;5880;5895;5896;6626;6880;7612;8555;11599;11886;11941;11953;11990;11998;12100;12237;14889;15145;15149;15152;15288;15291;15298
629,gen_regfile_ff.register_file_i.rf_reg[531]$_DFFE_PN0P_,clk_core,0.22,-2.12,16;22;1129;1130;1131;1132;1133;1771;2015;3150;4072;4088;4158;4159;4160;4207;4271;5372;5375;5864;5865;5866;5867;5868;5880;5895;5896;6626;6807;6880;8555;11599;11886;11941;11953;11990;11998;12100;12237;14889;15145;15149;15152;15288;15291;15298
630,gen_regfile_ff.register_file_i.rf_reg[563]$_DFFE_PN0P_,clk_core,0.22,-2.12,16;22;1129;1130;1131;1132;1133;1771;2015;3150;4072;4088;4158;4159;4160;4207;4271;5372;5375;5864;5865;5866;5867;5868;5880;5895;5896;6626;6772;6880;8555;11599;11886;11941;11953;11990;11998;12100;12237;14889;15145;15149;15152;15288;15291;15298
631,gen_regfile_ff.register_file_i.rf_reg[595]$_DFFE_PN0P_,clk_core,0.22,-2.12,16;22;1129;1130;1131;1132;1133;1771;2015;3150;4072;4088;4158;4159;4160;4207;4271;5372;5375;5864;5865;5866;5867;5868;5880;5895;5896;6626;6702;6880;8555;11599;11886;11941;11953;11990;11998;12100;12237;14889;15145;15149;15152;15288;15291;15298
632,gen_regfile_ff.register_file_i.rf_reg[627]$_DFFE_PN0P_,clk_core,0.22,-2.12,16;22;1129;1130;1131;1132;1133;1771;2015;3150;4072;4088;4158;4159;4160;4207;4271;5372;5375;5864;5865;5866;5867;5868;5880;5895;5896;6626;6667;6880;8555;11599;11886;11941;11953;11990;11998;12100;12237;14889;15145;15149;15152;15288;15291;15298
633,gen_regfile_ff.register_file_i.rf_reg[723]$_DFFE_PN0P_,clk_core,0.22,-2.12,16;22;1129;1130;1131;1132;1133;1771;2015;3150;4072;4088;4158;4159;4160;4207;4271;5372;5375;5864;5865;5866;5867;5868;5880;5895;5896;5898;6626;6880;8555;11599;11886;11941;11953;11990;11998;12100;12237;14889;15145;15149;15152;15288;15291;15298
634,gen_regfile_ff.register_file_i.rf_reg[52]$_DFFE_PN0P_,clk_core,0.22,-2.12,27;856;858;859;867;868;1286;1554;1771;1963;1966;3622;3677;4088;4501;5194;5195;5196;5198;5200;5823;5824;5825;5826;5827;5828;5829;5853;5854;6578;6689;6781;6880;7611;11599;11929;12029;12078;12214;12223;12225;12343;14889;15145;15149;15152;15288
635,gen_regfile_ff.register_file_i.rf_reg[148]$_DFFE_PN0P_,clk_core,0.22,-2.12,27;856;858;859;867;868;1286;1554;1771;1963;1965;1966;3677;4088;4107;4501;5194;5195;5196;5198;5200;5823;5824;5825;5826;5827;5828;5829;5853;5854;6578;6689;6880;7504;11599;11929;12029;12078;12214;12223;12225;12343;14889;15145;15149;15152;15288
636,gen_regfile_ff.register_file_i.rf_reg[180]$_DFFE_PN0P_,clk_core,0.22,-2.12,27;856;858;859;867;868;1286;1554;1771;1963;1965;1966;3677;4088;4107;4501;5194;5195;5196;5198;5200;5823;5824;5825;5826;5827;5828;5829;5853;5854;6578;6689;6880;7469;11599;11929;12029;12078;12214;12223;12225;12343;14889;15145;15149;15152;15288
637,gen_regfile_ff.register_file_i.rf_reg[244]$_DFFE_PN0P_,clk_core,0.22,-2.12,27;856;858;859;867;868;1286;1554;1771;1963;1965;1966;3677;4088;4107;4501;5194;5195;5196;5198;5200;5823;5824;5825;5826;5827;5828;5829;5853;5854;6578;6689;6880;7364;11599;11929;12029;12078;12214;12223;12225;12343;14889;15145;15149;15152;15288
638,gen_regfile_ff.register_file_i.rf_reg[179]$_DFFE_PN0P_,clk_core,0.22,-2.12,16;22;1129;1130;1131;1132;1133;1771;2015;3205;4072;4088;4158;4159;4160;4207;4271;5372;5375;5864;5865;5866;5867;5868;5880;5895;5896;6626;6880;7470;8555;11599;11886;11941;11953;11990;11998;12100;12237;14889;15145;15149;15152;15288;15291;15298
639,gen_regfile_ff.register_file_i.rf_reg[211]$_DFFE_PN0P_,clk_core,0.22,-2.12,16;22;1129;1130;1131;1132;1133;1771;2015;3205;4072;4088;4158;4159;4160;4207;4271;5372;5375;5864;5865;5866;5867;5868;5880;5895;5896;6626;6880;7400;8555;11599;11886;11941;11953;11990;11998;12100;12237;14889;15145;15149;15152;15288;15291;15298
640,gen_regfile_ff.register_file_i.rf_reg[243]$_DFFE_PN0P_,clk_core,0.22,-2.12,16;22;1129;1130;1131;1132;1133;1771;2015;3205;4072;4088;4158;4159;4160;4207;4271;5372;5375;5864;5865;5866;5867;5868;5880;5895;5896;6626;6880;7365;8555;11599;11886;11941;11953;11990;11998;12100;12237;14889;15145;15149;15152;15288;15291;15298
641,gen_regfile_ff.register_file_i.rf_reg[115]$_DFFE_PN0P_,clk_core,0.22,-2.12,16;22;1129;1130;1131;1132;1133;1771;2015;3197;4072;4088;4158;4159;4160;4207;4288;5372;5375;5864;5865;5866;5867;5868;5880;5895;5896;6626;6880;7541;8555;11599;11886;11941;11953;11990;11998;12100;12237;14889;15145;15149;15152;15288;15291;15298
642,gen_regfile_ff.register_file_i.rf_reg[83]$_DFFE_PN0P_,clk_core,0.22,-2.12,16;22;1129;1130;1131;1132;1133;1771;2015;3197;4072;4088;4158;4159;4160;4207;4288;5372;5375;5864;5865;5866;5867;5868;5880;5895;5896;6626;6880;7577;8555;11599;11886;11941;11953;11990;11998;12100;12237;14889;15145;15149;15152;15288;15291;15298
643,gen_regfile_ff.register_file_i.rf_reg[1012]$_DFFE_PN0P_,clk_core,0.22,-2.12,27;856;858;859;867;868;1286;1554;1771;1819;1963;1966;3677;4088;4107;4501;5194;5195;5196;5198;5200;5823;5824;5825;5826;5827;5828;5829;5853;5854;6578;6689;6880;7434;11599;11929;12029;12078;12214;12223;12225;12343;14889;15145;15149;15152;15288
644,gen_regfile_ff.register_file_i.rf_reg[980]$_DFFE_PN0P_,clk_core,0.22,-2.12,27;856;858;859;867;868;1286;1554;1771;1819;1963;1966;3677;4088;4107;4501;5194;5195;5196;5198;5200;5823;5824;5825;5826;5827;5828;5829;5853;5854;6578;6689;6880;7257;11599;11929;12029;12078;12214;12223;12225;12343;14889;15145;15149;15152;15288
645,gen_regfile_ff.register_file_i.rf_reg[339]$_DFFE_PN0P_,clk_core,0.22,-2.12,16;22;1129;1130;1131;1132;1133;1771;2015;3205;4072;4088;4158;4159;4160;4207;4271;5372;5375;5864;5865;5866;5867;5868;5880;5895;5896;6626;6880;7169;8555;11599;11886;11941;11953;11990;11998;12100;12237;14889;15145;15149;15152;15288;15291;15298
646,gen_regfile_ff.register_file_i.rf_reg[146]$_DFFE_PN0P_,clk_core,0.22,-2.12,27;856;858;859;867;868;1286;1554;1771;1963;1966;3620;3677;4088;4494;4501;5194;5195;5196;5198;5200;5933;5934;5935;5936;5937;5938;5939;5940;5941;6781;6880;7506;11599;11929;12029;12078;12214;12223;12225;12343;14889;14941;15145;15149;15152;15288
647,gen_regfile_ff.register_file_i.rf_reg[178]$_DFFE_PN0P_,clk_core,0.22,-2.12,27;856;858;859;867;868;1286;1554;1771;1963;1966;3620;3677;4088;4494;4501;5194;5195;5196;5198;5200;5933;5934;5935;5936;5937;5938;5939;5940;5941;6781;6880;7471;11599;11929;12029;12078;12214;12223;12225;12343;14889;14941;15145;15149;15152;15288
648,gen_regfile_ff.register_file_i.rf_reg[210]$_DFFE_PN0P_,clk_core,0.22,-2.12,27;856;858;859;867;868;1286;1554;1771;1963;1966;3644;3677;4088;4271;4494;4501;5194;5195;5196;5198;5200;5933;5934;5935;5936;5937;5938;5939;5940;5941;6880;7401;11599;11929;12029;12078;12214;12223;12225;12343;14889;14941;15145;15149;15152;15288
649,gen_regfile_ff.register_file_i.rf_reg[242]$_DFFE_PN0P_,clk_core,0.22,-2.12,27;856;858;859;867;868;1286;1554;1771;1963;1966;3644;3677;4088;4271;4494;4501;5194;5195;5196;5198;5200;5933;5934;5935;5936;5937;5938;5939;5940;5941;6880;7366;11599;11929;12029;12078;12214;12223;12225;12343;14889;14941;15145;15149;15152;15288
650,gen_regfile_ff.register_file_i.rf_reg[274]$_DFFE_PN0P_,clk_core,0.22,-2.12,27;856;858;859;867;868;1286;1554;1771;1963;1966;3620;3677;4088;4494;4501;5194;5195;5196;5198;5200;5933;5934;5935;5936;5937;5938;5939;5940;5941;6781;6880;7294;11599;11929;12029;12078;12214;12223;12225;12343;14889;14941;15145;15149;15152;15288
651,gen_regfile_ff.register_file_i.rf_reg[370]$_DFFE_PN0P_,clk_core,0.22,-2.12,27;856;858;859;867;868;1286;1554;1771;1963;1966;3620;3677;4088;4494;4501;5194;5195;5196;5198;5200;5933;5934;5935;5936;5937;5938;5939;5940;5941;6781;6880;7122;11599;11929;12029;12078;12214;12223;12225;12343;14889;14941;15145;15149;15152;15288
652,gen_regfile_ff.register_file_i.rf_reg[50]$_DFFE_PN0P_,clk_core,0.22,-2.12,27;856;858;859;867;868;1286;1554;1771;1963;1966;3644;3677;4088;4271;4494;4501;5194;5195;5196;5198;5200;5933;5934;5935;5936;5937;5938;5939;5940;5941;6880;7613;11599;11929;12029;12078;12214;12223;12225;12343;14889;14941;15145;15149;15152;15288
653,gen_regfile_ff.register_file_i.rf_reg[722]$_DFFE_PN0P_,clk_core,0.22,-2.12,27;856;858;859;867;868;1286;1554;1771;1963;1966;3677;3777;4088;4271;4494;4501;5194;5195;5196;5198;5200;5933;5934;5935;5936;5937;5938;5939;5940;5941;5943;6880;11599;11929;12029;12078;12214;12223;12225;12343;14889;14941;15145;15149;15152;15288
654,gen_regfile_ff.register_file_i.rf_reg[754]$_DFFE_PN0P_,clk_core,0.22,-2.12,27;856;858;859;867;868;1286;1554;1771;1963;1966;3677;3777;4088;4271;4494;4501;5194;5195;5196;5198;5200;5933;5934;5935;5936;5937;5938;5939;5940;5941;6880;6911;11599;11929;12029;12078;12214;12223;12225;12343;14889;14941;15145;15149;15152;15288
655,gen_regfile_ff.register_file_i.rf_reg[850]$_DFFE_PN0P_,clk_core,0.22,-2.12,27;856;858;859;867;868;1286;1554;1771;1963;1966;3677;3777;4088;4271;4494;4501;5194;5195;5196;5198;5200;5933;5934;5935;5936;5937;5938;5939;5940;5941;6880;7329;11599;11929;12029;12078;12214;12223;12225;12343;14889;14941;15145;15149;15152;15288
656,gen_regfile_ff.register_file_i.rf_reg[1010]$_DFFE_PN0P_,clk_core,0.22,-2.12,27;856;858;859;867;868;1286;1554;1771;1963;1966;3677;3772;4088;4271;4494;4501;5194;5195;5196;5198;5200;5933;5934;5935;5936;5937;5938;5939;5940;5941;6880;7436;11599;11929;12029;12078;12214;12223;12225;12343;14889;14941;15145;15149;15152;15288
657,gen_regfile_ff.register_file_i.rf_reg[306]$_DFFE_PN0P_,clk_core,0.22,-2.12,27;856;858;859;867;868;1286;1554;1771;1963;1966;3649;3677;4088;4494;4501;5194;5195;5196;5198;5200;5933;5934;5935;5936;5937;5938;5939;5940;5941;6781;6880;7224;11599;11929;12029;12078;12214;12223;12225;12343;14889;14941;15145;15149;15152;15288
658,gen_regfile_ff.register_file_i.rf_reg[402]$_DFFE_PN0P_,clk_core,0.22,-2.12,27;856;858;859;867;868;1286;1554;1771;1963;1966;3649;3677;4088;4494;4501;5194;5195;5196;5198;5200;5933;5934;5935;5936;5937;5938;5939;5940;5941;6781;6880;7051;11599;11929;12029;12078;12214;12223;12225;12343;14889;14941;15145;15149;15152;15288
659,gen_regfile_ff.register_file_i.rf_reg[434]$_DFFE_PN0P_,clk_core,0.22,-2.12,27;856;858;859;867;868;1286;1554;1771;1963;1966;3677;3989;4088;4494;4501;5194;5195;5196;5198;5200;5933;5934;5935;5936;5937;5938;5939;5940;5941;6781;6880;6981;11599;11929;12029;12078;12214;12223;12225;12343;14889;14941;15145;15149;15152;15288
660,gen_regfile_ff.register_file_i.rf_reg[466]$_DFFE_PN0P_,clk_core,0.22,-2.12,27;856;858;859;867;868;1286;1554;1771;1963;1966;3677;3989;4088;4494;4501;5194;5195;5196;5198;5200;5933;5934;5935;5936;5937;5938;5939;5940;5941;6781;6880;6946;11599;11929;12029;12078;12214;12223;12225;12343;14889;14941;15145;15149;15152;15288
661,gen_regfile_ff.register_file_i.rf_reg[498]$_DFFE_PN0P_,clk_core,0.22,-2.12,27;856;858;859;867;868;1286;1554;1771;1963;1966;3677;3989;4088;4494;4501;5194;5195;5196;5198;5200;5933;5934;5935;5936;5937;5938;5939;5940;5941;6781;6858;6880;11599;11929;12029;12078;12214;12223;12225;12343;14889;14941;15145;15149;15152;15288
662,gen_regfile_ff.register_file_i.rf_reg[530]$_DFFE_PN0P_,clk_core,0.22,-2.12,27;856;858;859;867;868;1286;1554;1771;1963;1966;3677;3993;4088;4494;4501;5194;5195;5196;5198;5200;5933;5934;5935;5936;5937;5938;5939;5940;5941;6781;6808;6880;11599;11929;12029;12078;12214;12223;12225;12343;14889;14941;15145;15149;15152;15288
663,gen_regfile_ff.register_file_i.rf_reg[562]$_DFFE_PN0P_,clk_core,0.22,-2.12,27;856;858;859;867;868;1286;1554;1771;1963;1966;3677;3774;4088;4494;4501;5194;5195;5196;5198;5200;5933;5934;5935;5936;5937;5938;5939;5940;5941;6773;6781;6880;11599;11929;12029;12078;12214;12223;12225;12343;14889;14941;15145;15149;15152;15288
664,gen_regfile_ff.register_file_i.rf_reg[594]$_DFFE_PN0P_,clk_core,0.22,-2.12,27;856;858;859;867;868;1286;1554;1771;1963;1966;3677;3774;4088;4494;4501;5194;5195;5196;5198;5200;5933;5934;5935;5936;5937;5938;5939;5940;5941;6703;6781;6880;11599;11929;12029;12078;12214;12223;12225;12343;14889;14941;15145;15149;15152;15288
665,gen_regfile_ff.register_file_i.rf_reg[626]$_DFFE_PN0P_,clk_core,0.22,-2.12,27;856;858;859;867;868;1286;1554;1771;1963;1966;3677;3774;4088;4494;4501;5194;5195;5196;5198;5200;5933;5934;5935;5936;5937;5938;5939;5940;5941;6668;6781;6880;11599;11929;12029;12078;12214;12223;12225;12343;14889;14941;15145;15149;15152;15288
666,gen_regfile_ff.register_file_i.rf_reg[658]$_DFFE_PN0P_,clk_core,0.22,-2.12,27;856;858;859;867;868;1286;1554;1771;1963;1966;3677;3774;4088;4494;4501;5194;5195;5196;5198;5200;5933;5934;5935;5936;5937;5938;5939;5940;5941;6592;6781;6880;11599;11929;12029;12078;12214;12223;12225;12343;14889;14941;15145;15149;15152;15288
667,gen_regfile_ff.register_file_i.rf_reg[690]$_DFFE_PN0P_,clk_core,0.22,-2.12,27;856;858;859;867;868;1286;1554;1771;1963;1966;3677;3774;4088;4494;4501;5194;5195;5196;5198;5200;5933;5934;5935;5936;5937;5938;5939;5940;5941;6519;6781;6880;11599;11929;12029;12078;12214;12223;12225;12343;14889;14941;15145;15149;15152;15288
668,gen_regfile_ff.register_file_i.rf_reg[786]$_DFFE_PN0P_,clk_core,0.22,-2.12,27;856;858;859;867;868;1286;1554;1771;1963;1966;3677;3774;4088;4494;4501;5194;5195;5196;5198;5200;5933;5934;5935;5936;5937;5938;5939;5940;5941;6557;6781;6880;11599;11929;12029;12078;12214;12223;12225;12343;14889;14941;15145;15149;15152;15288
669,gen_regfile_ff.register_file_i.rf_reg[818]$_DFFE_PN0P_,clk_core,0.22,-2.12,27;856;858;859;867;868;1286;1554;1771;1963;1966;3677;3774;4088;4494;4501;5194;5195;5196;5198;5200;5933;5934;5935;5936;5937;5938;5939;5940;5941;6738;6781;6880;11599;11929;12029;12078;12214;12223;12225;12343;14889;14941;15145;15149;15152;15288
670,gen_regfile_ff.register_file_i.rf_reg[882]$_DFFE_PN0P_,clk_core,0.22,-2.12,27;856;858;859;867;868;1286;1554;1771;1963;1966;3677;3772;4088;4271;4494;4501;5194;5195;5196;5198;5200;5933;5934;5935;5936;5937;5938;5939;5940;5941;6880;7086;11599;11929;12029;12078;12214;12223;12225;12343;14889;14941;15145;15149;15152;15288
671,gen_regfile_ff.register_file_i.rf_reg[914]$_DFFE_PN0P_,clk_core,0.22,-2.12,27;856;858;859;867;868;1286;1554;1771;1963;1966;3677;3989;4088;4494;4501;5194;5195;5196;5198;5200;5933;5934;5935;5936;5937;5938;5939;5940;5941;6629;6781;6880;11599;11929;12029;12078;12214;12223;12225;12343;14889;14941;15145;15149;15152;15288
672,gen_regfile_ff.register_file_i.rf_reg[946]$_DFFE_PN0P_,clk_core,0.22,-2.12,27;856;858;859;867;868;1286;1554;1771;1963;1966;3677;3772;4088;4271;4494;4501;5194;5195;5196;5198;5200;5933;5934;5935;5936;5937;5938;5939;5940;5941;6880;7016;11599;11929;12029;12078;12214;12223;12225;12343;14889;14941;15145;15149;15152;15288
673,gen_regfile_ff.register_file_i.rf_reg[978]$_DFFE_PN0P_,clk_core,0.22,-2.12,27;856;858;859;867;868;1286;1554;1771;1963;1966;3677;3989;4088;4494;4501;5194;5195;5196;5198;5200;5933;5934;5935;5936;5937;5938;5939;5940;5941;6781;6880;7259;11599;11929;12029;12078;12214;12223;12225;12343;14889;14941;15145;15149;15152;15288
674,gen_regfile_ff.register_file_i.rf_reg[338]$_DFFE_PN0P_,clk_core,0.22,-2.12,27;856;858;859;867;868;1286;1554;1771;1963;1966;3620;3677;4088;4494;4501;5194;5195;5196;5198;5200;5933;5934;5935;5936;5937;5938;5939;5940;5941;6781;6880;7171;11599;11929;12029;12078;12214;12223;12225;12343;14889;14941;15145;15149;15152;15288
675,gen_regfile_ff.register_file_i.rf_reg[114]$_DFFE_PN0P_,clk_core,0.22,-2.12,27;856;858;859;867;868;1286;1554;1771;1963;1966;3626;3677;4088;4288;4494;4501;5194;5195;5196;5198;5200;5933;5934;5935;5936;5937;5938;5939;5940;5941;6880;7542;11599;11929;12029;12078;12214;12223;12225;12343;14889;14941;15145;15149;15152;15288
676,gen_regfile_ff.register_file_i.rf_reg[82]$_DFFE_PN0P_,clk_core,0.22,-2.12,27;856;858;859;867;868;1286;1554;1771;1963;1966;3626;3677;4088;4288;4494;4501;5194;5195;5196;5198;5200;5933;5934;5935;5936;5937;5938;5939;5940;5941;6880;7578;11599;11929;12029;12078;12214;12223;12225;12343;14889;14941;15145;15149;15152;15288
677,if_stage_i.gen_prefetch_buffer.prefetch_buffer_i.fifo_i.err_q[1]$_DFFE_PP_,clk_core,0.22,-2.15,1664;1671;1677;1678;1766;1771;2690;2691;2692;2700;2701;2702;4507;4551;4912;4913;4925;4926;4928;4929;4930;4931;6446;6485;6880;9525;9526;9528;9529;11599;11773;11889;14858;14861;14868;15128;15144;15149;15152;15153
678,if_stage_i.gen_prefetch_buffer.prefetch_buffer_i.fifo_i.rdata_q[32]$_DFFE_PP_,clk_core,0.22,-2.15,1664;1671;1677;1678;1766;1771;2690;2691;2692;2700;2701;2702;4507;4551;4912;4913;4925;4926;4928;4929;4930;4931;6446;6485;6880;9525;9526;9528;9529;9596;11599;11889;14858;14861;14868;15130;15144;15149;15151;15152
679,if_stage_i.gen_prefetch_buffer.prefetch_buffer_i.fifo_i.rdata_q[33]$_DFFE_PP_,clk_core,0.22,-2.15,1664;1671;1677;1678;1766;1771;2690;2691;2692;2700;2701;2702;4507;4551;4912;4913;4925;4926;4928;4929;4930;4931;6446;6485;6880;9525;9526;9528;9529;9594;11599;11889;14858;14861;14868;15134;15144;15149;15151;15152
680,if_stage_i.gen_prefetch_buffer.prefetch_buffer_i.fifo_i.rdata_q[49]$_DFFE_PP_,clk_core,0.22,-2.15,1664;1671;1677;1678;1766;1771;2690;2691;2692;2700;2701;2702;4507;4551;4912;4913;4925;4926;4928;4929;4930;4931;6446;6485;6880;9525;9526;9528;9529;9560;11599;11889;14858;14861;14868;15130;15144;15149;15151;15152
681,if_stage_i.gen_prefetch_buffer.prefetch_buffer_i.fifo_i.rdata_q[48]$_DFFE_PP_,clk_core,0.22,-2.15,1664;1671;1677;1678;1766;1771;2690;2691;2692;2700;2701;2702;4507;4551;4912;4913;4925;4926;4928;4929;4930;4931;6446;6485;6880;9525;9526;9528;9529;9562;11599;11889;14858;14861;14868;15129;15144;15149;15151;15152
682,cs_registers_i.mcycle_counter_i.counter_val_o[21]$_DFFE_PN0P_,clk_core,0.22,-2.15,1664;1671;1677;1678;1766;1771;2690;2691;2692;2700;2701;2702;4504;4551;4912;4913;4925;4926;4928;4929;4930;4931;4932;4955;5323;6880;8391;9084;9088;9346;9348;11599;11889;14858;14861;14868;15075;15144;15149;15152;15165
683,gen_regfile_ff.register_file_i.rf_reg[442]$_DFFE_PN0P_,clk_core,0.22,-2.11,16;22;207;208;209;210;211;1292;1298;1771;2058;2059;3594;3839;4088;4127;4600;5178;5179;5203;5210;5580;5581;5582;5583;5584;5585;6516;6650;6880;6972;11599;11885;11950;11962;12124;12161;12174;12239;14889;15145;15149;15152;15288;15291
684,cs_registers_i.mcycle_counter_i.counter_val_o[32]$_DFFE_PN0P_,clk_core,0.22,-2.15,1664;1671;1677;1678;1766;1771;2690;2691;2692;2700;2701;2702;4504;4551;4912;4913;4925;4926;4928;4929;4930;4931;4932;4955;5333;5335;6880;8391;9084;9088;9307;9309;11599;11889;14858;14861;14868;15093;15144;15149;15152;15163
685,gen_regfile_ff.register_file_i.rf_reg[282]$_DFFE_PN0P_,clk_core,0.22,-2.11,16;22;207;208;209;210;211;1292;1298;1771;2058;2059;3491;3839;4088;4285;4600;5178;5179;5203;5210;5580;5581;5582;5583;5584;5585;6516;6650;6880;7285;11599;11885;11950;11962;12124;12161;12174;12239;14889;15145;15149;15152;15288;15291
686,gen_regfile_ff.register_file_i.rf_reg[314]$_DFFE_PN0P_,clk_core,0.22,-2.11,16;22;207;208;209;210;211;1292;1298;1771;2058;2059;3491;3839;4088;4285;4600;5178;5179;5203;5210;5580;5581;5582;5583;5584;5585;6516;6650;6880;7215;11599;11885;11950;11962;12124;12161;12174;12239;14889;15145;15149;15152;15288;15291
687,gen_regfile_ff.register_file_i.rf_reg[474]$_DFFE_PN0P_,clk_core,0.22,-2.11,16;22;207;208;209;210;211;1292;1298;1771;2058;2059;3491;3839;4088;4285;4600;5178;5179;5203;5210;5580;5581;5582;5583;5584;5585;6516;6650;6880;6937;11599;11885;11950;11962;12124;12161;12174;12239;14889;15145;15149;15152;15288;15291
688,gen_regfile_ff.register_file_i.rf_reg[538]$_DFFE_PN0P_,clk_core,0.22,-2.11,16;22;207;208;209;210;211;1292;1298;1771;2058;2059;3430;3839;4088;4285;4600;5178;5179;5203;5210;5580;5581;5582;5583;5584;5585;6516;6650;6799;6880;11599;11885;11950;11962;12124;12161;12174;12239;14889;15145;15149;15152;15288;15291
689,gen_regfile_ff.register_file_i.rf_reg[570]$_DFFE_PN0P_,clk_core,0.22,-2.11,16;22;207;208;209;210;211;1292;1298;1771;2058;2059;3430;3839;4088;4285;4600;5178;5179;5203;5210;5580;5581;5582;5583;5584;5585;6516;6650;6764;6880;11599;11885;11950;11962;12124;12161;12174;12239;14889;15145;15149;15152;15288;15291
690,gen_regfile_ff.register_file_i.rf_reg[58]$_DFFE_PN0P_,clk_core,0.22,-2.11,16;22;207;208;209;210;211;1292;1298;1771;2058;2059;3430;3839;4088;4285;4600;5178;5179;5203;5210;5580;5581;5582;5583;5584;5585;6516;6650;6880;7604;11599;11885;11950;11962;12124;12161;12174;12239;14889;15145;15149;15152;15288;15291
691,gen_regfile_ff.register_file_i.rf_reg[602]$_DFFE_PN0P_,clk_core,0.22,-2.11,16;22;207;208;209;210;211;1292;1298;1771;2058;2059;3430;3839;4088;4285;4600;5178;5179;5203;5210;5580;5581;5582;5583;5584;5585;6516;6650;6694;6880;11599;11885;11950;11962;12124;12161;12174;12239;14889;15145;15149;15152;15288;15291
692,gen_regfile_ff.register_file_i.rf_reg[634]$_DFFE_PN0P_,clk_core,0.22,-2.11,16;22;207;208;209;210;211;1292;1298;1771;2058;2059;3430;3839;4088;4285;4600;5178;5179;5203;5210;5580;5581;5582;5583;5584;5585;6516;6650;6659;6880;11599;11885;11950;11962;12124;12161;12174;12239;14889;15145;15149;15152;15288;15291
693,gen_regfile_ff.register_file_i.rf_reg[698]$_DFFE_PN0P_,clk_core,0.22,-2.11,16;22;207;208;209;210;211;1292;1298;1771;2058;2059;3839;4088;4285;4600;5178;5179;5203;5210;5580;5581;5582;5583;5584;5585;6510;6516;6650;6880;11599;11885;11950;11962;12124;12161;12174;12239;14889;14918;15145;15149;15152;15288;15291
694,gen_regfile_ff.register_file_i.rf_reg[730]$_DFFE_PN0P_,clk_core,0.22,-2.11,16;22;207;208;209;210;211;1292;1298;1771;2058;2059;3491;3839;4088;4285;4600;5178;5179;5203;5210;5580;5581;5582;5583;5584;5585;5587;6516;6650;6880;11599;11885;11950;11962;12124;12161;12174;12239;14889;15145;15149;15152;15288;15291
695,gen_regfile_ff.register_file_i.rf_reg[762]$_DFFE_PN0P_,clk_core,0.22,-2.11,16;22;207;208;209;210;211;1292;1298;1771;2058;2059;3839;4088;4285;4600;5178;5179;5203;5210;5580;5581;5582;5583;5584;5585;6516;6650;6880;6902;11599;11885;11950;11962;12124;12161;12174;12239;14889;14918;15145;15149;15152;15288;15291
696,gen_regfile_ff.register_file_i.rf_reg[858]$_DFFE_PN0P_,clk_core,0.22,-2.11,16;22;207;208;209;210;211;1292;1298;1771;2058;2059;3839;4088;4285;4600;5178;5179;5203;5210;5580;5581;5582;5583;5584;5585;6516;6650;6880;7320;11599;11885;11950;11962;12124;12161;12174;12239;14889;14918;15145;15149;15152;15288;15291
697,gen_regfile_ff.register_file_i.rf_reg[890]$_DFFE_PN0P_,clk_core,0.22,-2.11,16;22;207;208;209;210;211;1292;1298;1771;2058;2059;3491;3839;4088;4285;4600;5178;5179;5203;5210;5580;5581;5582;5583;5584;5585;6516;6650;6880;7077;11599;11885;11950;11962;12124;12161;12174;12239;14889;15145;15149;15152;15288;15291
698,gen_regfile_ff.register_file_i.rf_reg[922]$_DFFE_PN0P_,clk_core,0.22,-2.11,16;22;207;208;209;210;211;1292;1298;1771;2058;2059;3491;3839;4088;4285;4600;5178;5179;5203;5210;5580;5581;5582;5583;5584;5585;6516;6620;6650;6880;11599;11885;11950;11962;12124;12161;12174;12239;14889;15145;15149;15152;15288;15291
699,gen_regfile_ff.register_file_i.rf_reg[1018]$_DFFE_PN0P_,clk_core,0.22,-2.11,16;22;207;208;209;210;211;1292;1298;1771;2058;2059;2099;3839;4088;4285;4600;5178;5179;5203;5210;5580;5581;5582;5583;5584;5585;6516;6650;6880;7427;11599;11885;11950;11962;12124;12161;12174;12239;14889;15145;15149;15152;15288;15291
700,gen_regfile_ff.register_file_i.rf_reg[154]$_DFFE_PN0P_,clk_core,0.22,-2.11,16;22;207;208;209;210;211;1292;1298;1771;2058;2059;3500;3839;4088;4285;4600;5178;5179;5203;5210;5580;5581;5582;5583;5584;5585;6516;6650;6880;7497;11599;11885;11950;11962;12124;12161;12174;12239;14889;15145;15149;15152;15288;15291
701,gen_regfile_ff.register_file_i.rf_reg[378]$_DFFE_PN0P_,clk_core,0.22,-2.11,16;22;207;208;209;210;211;1292;1298;1771;2058;2059;3500;3839;4088;4285;4600;5178;5179;5203;5210;5580;5581;5582;5583;5584;5585;6516;6650;6880;7113;11599;11885;11950;11962;12124;12161;12174;12239;14889;15145;15149;15152;15288;15291
702,gen_regfile_ff.register_file_i.rf_reg[410]$_DFFE_PN0P_,clk_core,0.22,-2.11,16;22;207;208;209;210;211;1292;1298;1771;2058;2059;3500;3839;4088;4285;4600;5178;5179;5203;5210;5580;5581;5582;5583;5584;5585;6516;6650;6880;7042;11599;11885;11950;11962;12124;12161;12174;12239;14889;15145;15149;15152;15288;15291
703,gen_regfile_ff.register_file_i.rf_reg[506]$_DFFE_PN0P_,clk_core,0.22,-2.11,16;22;207;208;209;210;211;1292;1298;1771;2058;2059;2099;3839;4088;4285;4600;5178;5179;5203;5210;5580;5581;5582;5583;5584;5585;6516;6650;6841;6880;11599;11885;11950;11962;12124;12161;12174;12239;14889;15145;15149;15152;15288;15291
704,gen_regfile_ff.register_file_i.rf_reg[666]$_DFFE_PN0P_,clk_core,0.22,-2.11,16;22;207;208;209;210;211;1292;1298;1771;2058;2059;2099;3839;4088;4285;4600;5178;5179;5203;5210;5580;5581;5582;5583;5584;5585;6516;6583;6650;6880;11599;11885;11950;11962;12124;12161;12174;12239;14889;15145;15149;15152;15288;15291
705,gen_regfile_ff.register_file_i.rf_reg[794]$_DFFE_PN0P_,clk_core,0.22,-2.11,16;22;207;208;209;210;211;1292;1298;1771;2058;2059;2099;3839;4088;4285;4600;5178;5179;5203;5210;5580;5581;5582;5583;5584;5585;6516;6548;6650;6880;11599;11885;11950;11962;12124;12161;12174;12239;14889;15145;15149;15152;15288;15291
706,gen_regfile_ff.register_file_i.rf_reg[826]$_DFFE_PN0P_,clk_core,0.22,-2.11,16;22;207;208;209;210;211;1292;1298;1771;2058;2059;2099;3839;4088;4285;4600;5178;5179;5203;5210;5580;5581;5582;5583;5584;5585;6516;6650;6729;6880;11599;11885;11950;11962;12124;12161;12174;12239;14889;15145;15149;15152;15288;15291
707,gen_regfile_ff.register_file_i.rf_reg[954]$_DFFE_PN0P_,clk_core,0.22,-2.11,16;22;207;208;209;210;211;1292;1298;1771;2058;2059;2099;3839;4088;4285;4600;5178;5179;5203;5210;5580;5581;5582;5583;5584;5585;6516;6650;6880;7007;11599;11885;11950;11962;12124;12161;12174;12239;14889;15145;15149;15152;15288;15291
708,gen_regfile_ff.register_file_i.rf_reg[986]$_DFFE_PN0P_,clk_core,0.22,-2.11,16;22;207;208;209;210;211;1292;1298;1771;2058;2059;2099;3839;4088;4285;4600;5178;5179;5203;5210;5580;5581;5582;5583;5584;5585;6516;6650;6880;7250;11599;11885;11950;11962;12124;12161;12174;12239;14889;15145;15149;15152;15288;15291
709,gen_regfile_ff.register_file_i.rf_reg[186]$_DFFE_PN0P_,clk_core,0.22,-2.11,16;22;207;208;209;210;211;1292;1298;1771;2058;2059;3413;3839;4088;4285;4600;5178;5179;5203;5210;5580;5581;5582;5583;5584;5585;6516;6650;6880;7462;11599;11885;11950;11962;12124;12161;12174;12239;14889;15145;15149;15152;15288;15291
710,gen_regfile_ff.register_file_i.rf_reg[218]$_DFFE_PN0P_,clk_core,0.22,-2.11,16;22;207;208;209;210;211;1292;1298;1771;2058;2059;3413;3839;4088;4285;4600;5178;5179;5203;5210;5580;5581;5582;5583;5584;5585;6516;6650;6880;7392;11599;11885;11950;11962;12124;12161;12174;12239;14889;15145;15149;15152;15288;15291
711,gen_regfile_ff.register_file_i.rf_reg[250]$_DFFE_PN0P_,clk_core,0.22,-2.11,16;22;207;208;209;210;211;1292;1298;1771;2058;2059;3413;3839;4088;4285;4600;5178;5179;5203;5210;5580;5581;5582;5583;5584;5585;6516;6650;6880;7357;11599;11885;11950;11962;12124;12161;12174;12239;14889;15145;15149;15152;15288;15291
712,gen_regfile_ff.register_file_i.rf_reg[122]$_DFFE_PN0P_,clk_core,0.22,-2.11,16;22;207;208;209;210;211;1292;1298;1771;2058;2059;3430;3839;4088;4285;4600;5178;5179;5203;5210;5580;5581;5582;5583;5584;5585;6516;6650;6880;7533;11599;11885;11950;11962;12124;12161;12174;12239;14889;15145;15149;15152;15288;15291
713,gen_regfile_ff.register_file_i.rf_reg[90]$_DFFE_PN0P_,clk_core,0.22,-2.11,16;22;207;208;209;210;211;1292;1298;1771;2058;2059;3491;3839;4088;4285;4600;5178;5179;5203;5210;5580;5581;5582;5583;5584;5585;6516;6650;6880;7569;11599;11885;11950;11962;12124;12161;12174;12239;14889;15145;15149;15152;15288;15291
714,gen_regfile_ff.register_file_i.rf_reg[346]$_DFFE_PN0P_,clk_core,0.22,-2.11,16;22;207;208;209;210;211;1292;1298;1771;2058;2059;3500;3839;4088;4285;4600;5178;5179;5203;5210;5580;5581;5582;5583;5584;5585;6516;6650;6880;7154;11599;11885;11950;11962;12124;12161;12174;12239;14889;15145;15149;15152;15288;15291
715,cs_registers_i.minstret_counter_i.counter_val_o[38]$_DFFE_PN0P_,clk_core,0.22,-2.15,1664;1671;1677;1678;1766;1771;2690;2691;2692;2700;2701;2702;4504;4523;4551;4912;4913;4925;4926;4928;4929;4930;4931;4932;4992;6880;8391;8470;8795;8796;8801;11599;11889;14858;14861;14868;15091;15144;15149;15152;15163
716,cs_registers_i.minstret_counter_i.counter_val_o[42]$_DFFE_PN0P_,clk_core,0.22,-2.15,1664;1671;1677;1678;1766;1771;2690;2691;2692;2700;2701;2702;4504;4523;4551;4912;4913;4925;4926;4928;4929;4930;4931;4932;4992;6880;8391;8470;8756;8757;8762;11599;11889;14858;14861;14868;15089;15144;15149;15152;15163
717,cs_registers_i.mcycle_counter_i.counter_val_o[55]$_DFFE_PN0P_,clk_core,0.22,-2.15,1664;1671;1677;1678;1766;1771;2690;2691;2692;2700;2701;2702;4504;4551;4912;4913;4925;4926;4928;4929;4930;4931;4932;5494;5566;6880;8391;9084;9150;9218;9220;11599;11889;14858;14861;14868;15075;15144;15149;15152;15165
718,cs_registers_i.mcycle_counter_i.counter_val_o[50]$_DFFE_PN0P_,clk_core,0.22,-2.15,1664;1671;1677;1678;1766;1771;2690;2691;2692;2700;2701;2702;4504;4551;4912;4913;4925;4926;4928;4929;4930;4931;4932;4955;5425;6880;8391;9084;9145;9236;9237;11599;11889;14858;14861;14868;15074;15144;15149;15152;15164
719,cs_registers_i.minstret_counter_i.counter_val_o[52]$_DFFE_PN0P_,clk_core,0.22,-2.15,1664;1671;1677;1678;1766;1771;2690;2691;2692;2700;2701;2702;4504;4523;4551;4912;4913;4925;4926;4928;4929;4930;4931;4932;4992;6880;8391;8470;8666;8667;8672;11599;11889;14858;14861;14868;15078;15144;15149;15152;15165
720,if_stage_i.gen_prefetch_buffer.prefetch_buffer_i.fifo_i.rdata_q[51]$_DFFE_PP_,clk_core,0.23,-2.14,1664;1671;1677;1678;1766;1771;2690;2691;2692;2700;2701;2702;4507;4551;4912;4913;4925;4926;4928;4929;4930;4931;6485;6527;6880;9525;9526;9528;9529;9556;11599;11889;14858;14861;14868;15143;15144;15149;15150;15152
721,if_stage_i.gen_prefetch_buffer.prefetch_buffer_i.fifo_i.rdata_q[41]$_DFFE_PP_,clk_core,0.23,-2.14,1664;1671;1677;1678;1766;1771;2690;2691;2692;2700;2701;2702;4507;4551;4912;4913;4925;4926;4928;4929;4930;4931;6485;6527;6880;9525;9526;9528;9529;9578;11599;11889;14858;14861;14868;15136;15144;15149;15150;15152
722,if_stage_i.gen_prefetch_buffer.prefetch_buffer_i.fifo_i.rdata_q[19]$_DFFE_PP_,clk_core,0.23,-2.14,1664;1671;1677;1678;1766;1771;2690;2691;2692;2700;2701;2702;4507;4551;4912;4913;4925;4926;4928;4929;4930;4931;6485;6880;8554;9525;9526;9528;9601;9628;11599;11889;14858;14861;14868;15143;15144;15149;15150;15152
723,if_stage_i.gen_prefetch_buffer.prefetch_buffer_i.fifo_i.rdata_q[3]$_DFFE_PP_,clk_core,0.23,-2.14,1664;1671;1677;1678;1766;1771;2690;2691;2692;2700;2701;2702;4507;4551;4912;4913;4925;4926;4928;4929;4930;4931;6485;6880;8554;9525;9526;9528;9601;9661;11599;11889;14858;14861;14868;15143;15144;15149;15150;15152
724,if_stage_i.gen_prefetch_buffer.prefetch_buffer_i.fifo_i.rdata_q[23]$_DFFE_PP_,clk_core,0.23,-2.14,1664;1671;1677;1678;1766;1771;2690;2691;2692;2700;2701;2702;4507;4551;4912;4913;4925;4926;4928;4929;4930;4931;6485;6880;8554;9525;9526;9528;9601;9619;11599;11889;14858;14861;14868;15136;15144;15149;15150;15152
725,if_stage_i.gen_prefetch_buffer.prefetch_buffer_i.fifo_i.rdata_q[6]$_DFFE_PP_,clk_core,0.23,-2.14,1664;1671;1677;1678;1766;1771;2690;2691;2692;2700;2701;2702;4507;4551;4912;4913;4925;4926;4928;4929;4930;4931;6485;6880;8554;9525;9526;9528;9601;9655;11599;11889;14858;14861;14868;15136;15144;15149;15150;15152
726,if_stage_i.pc_id_o[8]$_DFFE_PP_,clk_core,0.23,-2.14,1664;1671;1677;1678;1766;1771;2690;2691;2692;2700;2701;2702;4507;4551;4912;4913;4925;4926;4928;4929;4930;4931;5085;5759;6485;6880;9525;9526;9960;11225;11599;11889;14858;14861;14868;15040;15144;15149;15152;15159
727,if_stage_i.pc_id_o[9]$_DFFE_PP_,clk_core,0.23,-2.14,1664;1671;1677;1678;1766;1771;2690;2691;2692;2700;2701;2702;4507;4551;4912;4913;4925;4926;4928;4929;4930;4931;5085;5759;6485;6880;9525;9526;9960;11224;11599;11889;14858;14861;14868;15040;15144;15149;15152;15159
728,if_stage_i.gen_prefetch_buffer.prefetch_buffer_i.fifo_i.rdata_q[34]$_DFFE_PP_,clk_core,0.23,-2.14,1664;1671;1677;1678;1766;1771;2690;2691;2692;2700;2701;2702;4507;4551;4912;4913;4925;4926;4928;4929;4930;4931;6485;6527;6880;9525;9526;9528;9529;9592;11599;11889;14858;14861;14868;15140;15144;15149;15150;15152
729,if_stage_i.gen_prefetch_buffer.prefetch_buffer_i.fifo_i.rdata_q[35]$_DFFE_PP_,clk_core,0.23,-2.14,1664;1671;1677;1678;1766;1771;2690;2691;2692;2700;2701;2702;4507;4551;4912;4913;4925;4926;4928;4929;4930;4931;6485;6527;6880;9525;9526;9528;9529;9590;11599;11889;14858;14861;14868;15140;15144;15149;15150;15152
730,if_stage_i.gen_prefetch_buffer.prefetch_buffer_i.fifo_i.rdata_q[37]$_DFFE_PP_,clk_core,0.23,-2.14,1664;1671;1677;1678;1766;1771;2690;2691;2692;2700;2701;2702;4507;4551;4912;4913;4925;4926;4928;4929;4930;4931;6485;6527;6880;9525;9526;9528;9529;9586;11599;11889;14858;14861;14868;15142;15144;15149;15150;15152
731,if_stage_i.gen_prefetch_buffer.prefetch_buffer_i.fifo_i.rdata_q[38]$_DFFE_PP_,clk_core,0.23,-2.14,1664;1671;1677;1678;1766;1771;2690;2691;2692;2700;2701;2702;4507;4551;4912;4913;4925;4926;4928;4929;4930;4931;6485;6527;6880;9525;9526;9528;9529;9584;11599;11889;14858;14861;14868;15139;15144;15149;15150;15152
732,if_stage_i.gen_prefetch_buffer.prefetch_buffer_i.fifo_i.rdata_q[39]$_DFFE_PP_,clk_core,0.23,-2.14,1664;1671;1677;1678;1766;1771;2690;2691;2692;2700;2701;2702;4507;4551;4912;4913;4925;4926;4928;4929;4930;4931;6485;6527;6880;9525;9526;9528;9529;9582;11599;11889;14858;14861;14868;15139;15144;15149;15150;15152
733,if_stage_i.gen_prefetch_buffer.prefetch_buffer_i.fifo_i.rdata_q[40]$_DFFE_PP_,clk_core,0.23,-2.14,1664;1671;1677;1678;1766;1771;2690;2691;2692;2700;2701;2702;4507;4551;4912;4913;4925;4926;4928;4929;4930;4931;6485;6527;6880;9525;9526;9528;9529;9580;11599;11889;14858;14861;14868;15139;15144;15149;15150;15152
734,if_stage_i.gen_prefetch_buffer.prefetch_buffer_i.fifo_i.rdata_q[50]$_DFFE_PP_,clk_core,0.23,-2.14,1664;1671;1677;1678;1766;1771;2690;2691;2692;2700;2701;2702;4507;4551;4912;4913;4925;4926;4928;4929;4930;4931;6485;6527;6880;9525;9526;9528;9529;9558;11599;11889;14858;14861;14868;15140;15144;15149;15150;15152
735,if_stage_i.gen_prefetch_buffer.prefetch_buffer_i.fifo_i.rdata_q[53]$_DFFE_PP_,clk_core,0.23,-2.14,1664;1671;1677;1678;1766;1771;2690;2691;2692;2700;2701;2702;4507;4551;4912;4913;4925;4926;4928;4929;4930;4931;6485;6527;6880;9525;9526;9528;9529;9551;11599;11889;14858;14861;14868;15142;15144;15149;15150;15152
736,if_stage_i.gen_prefetch_buffer.prefetch_buffer_i.fifo_i.rdata_q[55]$_DFFE_PP_,clk_core,0.23,-2.14,1664;1671;1677;1678;1766;1771;2690;2691;2692;2700;2701;2702;4507;4551;4912;4913;4925;4926;4928;4929;4930;4931;6485;6527;6880;9525;9526;9528;9529;9546;11599;11889;14858;14861;14868;15139;15144;15149;15150;15152
737,if_stage_i.gen_prefetch_buffer.prefetch_buffer_i.fifo_i.rdata_q[36]$_DFFE_PP_,clk_core,0.23,-2.14,1664;1671;1677;1678;1766;1771;2690;2691;2692;2700;2701;2702;4507;4551;4912;4913;4925;4926;4928;4929;4930;4931;6485;6527;6880;9525;9526;9528;9529;9588;11599;11889;14858;14861;14868;15141;15144;15149;15150;15152
738,if_stage_i.gen_prefetch_buffer.prefetch_buffer_i.fifo_i.rdata_q[52]$_DFFE_PP_,clk_core,0.23,-2.14,1664;1671;1677;1678;1766;1771;2690;2691;2692;2700;2701;2702;4507;4551;4912;4913;4925;4926;4928;4929;4930;4931;6485;6527;6880;9525;9526;9528;9529;9554;11599;11889;14858;14861;14868;15141;15144;15149;15150;15152
739,if_stage_i.gen_prefetch_buffer.prefetch_buffer_i.fifo_i.rdata_q[54]$_DFFE_PP_,clk_core,0.23,-2.14,1664;1671;1677;1678;1766;1771;2690;2691;2692;2700;2701;2702;4507;4551;4912;4913;4925;4926;4928;4929;4930;4931;6485;6527;6880;9525;9526;9528;9529;9548;11599;11889;14858;14861;14868;15138;15144;15149;15150;15152
740,if_stage_i.gen_prefetch_buffer.prefetch_buffer_i.fifo_i.rdata_q[56]$_DFFE_PP_,clk_core,0.23,-2.14,1664;1671;1677;1678;1766;1771;2690;2691;2692;2700;2701;2702;4507;4551;4912;4913;4925;4926;4928;4929;4930;4931;6485;6527;6880;9525;9526;9528;9529;9544;11599;11889;14858;14861;14868;15138;15144;15149;15150;15152
741,if_stage_i.gen_prefetch_buffer.prefetch_buffer_i.fifo_i.rdata_q[18]$_DFFE_PP_,clk_core,0.23,-2.14,1664;1671;1677;1678;1766;1771;2690;2691;2692;2700;2701;2702;4507;4551;4912;4913;4925;4926;4928;4929;4930;4931;6485;6880;8554;9525;9526;9528;9601;9630;11599;11889;14858;14861;14868;15140;15144;15149;15150;15152
742,if_stage_i.gen_prefetch_buffer.prefetch_buffer_i.fifo_i.rdata_q[2]$_DFFE_PP_,clk_core,0.23,-2.14,1664;1671;1677;1678;1766;1771;2690;2691;2692;2700;2701;2702;4507;4551;4912;4913;4925;4926;4928;4929;4930;4931;6485;6880;8554;9525;9526;9528;9601;9663;11599;11889;14858;14861;14868;15140;15144;15149;15150;15152
743,if_stage_i.gen_prefetch_buffer.prefetch_buffer_i.fifo_i.rdata_q[7]$_DFFE_PP_,clk_core,0.23,-2.14,1664;1671;1677;1678;1766;1771;2690;2691;2692;2700;2701;2702;4507;4551;4912;4913;4925;4926;4928;4929;4930;4931;6485;6880;8554;9525;9526;9528;9601;9653;11599;11889;14858;14861;14868;15140;15144;15149;15150;15152
744,if_stage_i.gen_prefetch_buffer.prefetch_buffer_i.fifo_i.rdata_q[20]$_DFFE_PP_,clk_core,0.23,-2.14,1664;1671;1677;1678;1766;1771;2690;2691;2692;2700;2701;2702;4507;4551;4912;4913;4925;4926;4928;4929;4930;4931;6485;6880;8554;9525;9526;9528;9601;9626;11599;11889;14858;14861;14868;15141;15144;15149;15150;15152
745,if_stage_i.gen_prefetch_buffer.prefetch_buffer_i.fifo_i.rdata_q[21]$_DFFE_PP_,clk_core,0.23,-2.14,1664;1671;1677;1678;1766;1771;2690;2691;2692;2700;2701;2702;4507;4551;4912;4913;4925;4926;4928;4929;4930;4931;6485;6880;8554;9525;9526;9528;9601;9623;11599;11889;14858;14861;14868;15141;15144;15149;15150;15152
746,if_stage_i.gen_prefetch_buffer.prefetch_buffer_i.fifo_i.rdata_q[24]$_DFFE_PP_,clk_core,0.23,-2.14,1664;1671;1677;1678;1766;1771;2690;2691;2692;2700;2701;2702;4507;4551;4912;4913;4925;4926;4928;4929;4930;4931;6485;6880;8554;9525;9526;9528;9601;9616;11599;11889;14858;14861;14868;15138;15144;15149;15150;15152
747,if_stage_i.gen_prefetch_buffer.prefetch_buffer_i.fifo_i.rdata_q[4]$_DFFE_PP_,clk_core,0.23,-2.14,1664;1671;1677;1678;1766;1771;2690;2691;2692;2700;2701;2702;4507;4551;4912;4913;4925;4926;4928;4929;4930;4931;6485;6880;8554;9525;9526;9528;9601;9659;11599;11889;14858;14861;14868;15141;15144;15149;15150;15152
748,if_stage_i.gen_prefetch_buffer.prefetch_buffer_i.fifo_i.rdata_q[5]$_DFFE_PP_,clk_core,0.23,-2.14,1664;1671;1677;1678;1766;1771;2690;2691;2692;2700;2701;2702;4507;4551;4912;4913;4925;4926;4928;4929;4930;4931;6485;6880;8554;9525;9526;9528;9601;9657;11599;11889;14858;14861;14868;15141;15144;15149;15150;15152
749,if_stage_i.gen_prefetch_buffer.prefetch_buffer_i.fifo_i.rdata_q[8]$_DFFE_PP_,clk_core,0.23,-2.14,1664;1671;1677;1678;1766;1771;2690;2691;2692;2700;2701;2702;4507;4551;4912;4913;4925;4926;4928;4929;4930;4931;6485;6880;8554;9525;9526;9528;9601;9651;11599;11889;14858;14861;14868;15138;15144;15149;15150;15152
750,if_stage_i.gen_prefetch_buffer.prefetch_buffer_i.fifo_i.rdata_q[42]$_DFFE_PP_,clk_core,0.23,-2.14,1664;1671;1677;1678;1766;1771;2690;2691;2692;2700;2701;2702;4507;4551;4912;4913;4925;4926;4928;4929;4930;4931;6485;6527;6880;9525;9526;9528;9529;9576;11599;11889;14858;14861;14868;15137;15144;15149;15150;15152
751,if_stage_i.gen_prefetch_buffer.prefetch_buffer_i.fifo_i.rdata_q[58]$_DFFE_PP_,clk_core,0.23,-2.14,1664;1671;1677;1678;1766;1771;2690;2691;2692;2700;2701;2702;4507;4551;4912;4913;4925;4926;4928;4929;4930;4931;6485;6527;6880;9525;9526;9528;9529;9540;11599;11889;14858;14861;14868;15137;15144;15149;15150;15152
752,if_stage_i.pc_id_o[5]$_DFFE_PP_,clk_core,0.23,-2.14,1664;1671;1677;1678;1766;1771;2690;2691;2692;2700;2701;2702;4507;4551;4912;4913;4925;4926;4928;4929;4930;4931;5085;5759;6485;6880;9525;9526;9960;11228;11599;11889;14858;14861;14868;15045;15144;15149;15152;15156
753,if_stage_i.gen_prefetch_buffer.prefetch_buffer_i.fifo_i.rdata_q[10]$_DFFE_PP_,clk_core,0.23,-2.14,1664;1671;1677;1678;1766;1771;2690;2691;2692;2700;2701;2702;4507;4551;4912;4913;4925;4926;4928;4929;4930;4931;6485;6880;8554;9525;9526;9528;9601;9647;11599;11889;14858;14861;14868;15137;15144;15149;15150;15152
754,if_stage_i.gen_prefetch_buffer.prefetch_buffer_i.fifo_i.rdata_q[11]$_DFFE_PP_,clk_core,0.23,-2.14,1664;1671;1677;1678;1766;1771;2690;2691;2692;2700;2701;2702;4507;4551;4912;4913;4925;4926;4928;4929;4930;4931;6485;6880;8554;9525;9526;9528;9601;9644;11599;11889;14858;14861;14868;15137;15144;15149;15150;15152
755,if_stage_i.gen_prefetch_buffer.prefetch_buffer_i.fifo_i.rdata_q[22]$_DFFE_PP_,clk_core,0.23,-2.14,1664;1671;1677;1678;1766;1771;2690;2691;2692;2700;2701;2702;4507;4551;4912;4913;4925;4926;4928;4929;4930;4931;6485;6880;8554;9525;9526;9528;9601;9621;11599;11889;14858;14861;14868;15137;15144;15149;15150;15152
756,if_stage_i.gen_prefetch_buffer.prefetch_buffer_i.fifo_i.rdata_q[26]$_DFFE_PP_,clk_core,0.23,-2.14,1664;1671;1677;1678;1766;1771;2690;2691;2692;2700;2701;2702;4507;4551;4912;4913;4925;4926;4928;4929;4930;4931;6485;6880;8554;9525;9526;9528;9601;9612;11599;11889;14858;14861;14868;15137;15144;15149;15150;15152
757,if_stage_i.pc_id_o[14]$_DFFE_PP_,clk_core,0.23,-2.14,1664;1671;1677;1678;1766;1771;2690;2691;2692;2700;2701;2702;4507;4551;4912;4913;4925;4926;4928;4929;4930;4931;5085;5759;6485;6880;9525;9526;9960;11218;11599;11889;14858;14861;14868;15042;15144;15149;15152;15159
758,if_stage_i.pc_id_o[15]$_DFFE_PP_,clk_core,0.23,-2.14,1664;1671;1677;1678;1766;1771;2690;2691;2692;2700;2701;2702;4507;4551;4912;4913;4925;4926;4928;4929;4930;4931;5085;5759;6485;6880;9525;9526;9960;11217;11599;11889;14858;14861;14868;15042;15144;15149;15152;15159
759,if_stage_i.pc_id_o[16]$_DFFE_PP_,clk_core,0.23,-2.14,1664;1671;1677;1678;1766;1771;2690;2691;2692;2700;2701;2702;4507;4551;4912;4913;4925;4926;4928;4929;4930;4931;5085;5759;6485;6880;9525;9526;9960;11216;11599;11889;14858;14861;14868;15042;15144;15149;15152;15159
760,if_stage_i.pc_id_o[18]$_DFFE_PP_,clk_core,0.23,-2.14,1664;1671;1677;1678;1766;1771;2690;2691;2692;2700;2701;2702;4507;4551;4912;4913;4925;4926;4928;4929;4930;4931;5085;5759;6485;6880;9525;9526;9960;11214;11599;11889;14858;14861;14868;15042;15144;15149;15152;15159
761,if_stage_i.pc_id_o[21]$_DFFE_PP_,clk_core,0.23,-2.14,1664;1671;1677;1678;1766;1771;2690;2691;2692;2700;2701;2702;4507;4551;4912;4913;4925;4926;4928;4929;4930;4931;5085;5759;6485;6880;9525;9526;9960;11211;11599;11889;14858;14861;14868;15042;15144;15149;15152;15159
762,if_stage_i.pc_id_o[22]$_DFFE_PP_,clk_core,0.23,-2.14,1664;1671;1677;1678;1766;1771;2690;2691;2692;2700;2701;2702;4507;4551;4912;4913;4925;4926;4928;4929;4930;4931;5085;5759;6485;6880;9525;9526;9960;11210;11599;11889;14858;14861;14868;15042;15144;15149;15152;15159
763,if_stage_i.pc_id_o[11]$_DFFE_PP_,clk_core,0.23,-2.14,1664;1671;1677;1678;1766;1771;2690;2691;2692;2700;2701;2702;4507;4551;4912;4913;4925;4926;4928;4929;4930;4931;5085;5759;6485;6880;9525;9526;9960;11222;11599;11889;14858;14861;14868;15043;15144;15149;15152;15159
764,if_stage_i.pc_id_o[12]$_DFFE_PP_,clk_core,0.23,-2.14,1664;1671;1677;1678;1766;1771;2690;2691;2692;2700;2701;2702;4507;4551;4912;4913;4925;4926;4928;4929;4930;4931;5085;5759;6485;6880;9525;9526;9960;11221;11599;11889;14858;14861;14868;15043;15144;15149;15152;15159
765,if_stage_i.pc_id_o[13]$_DFFE_PP_,clk_core,0.23,-2.14,1664;1671;1677;1678;1766;1771;2690;2691;2692;2700;2701;2702;4507;4551;4912;4913;4925;4926;4928;4929;4930;4931;5085;5759;6485;6880;9525;9526;9960;11220;11599;11889;14858;14861;14868;15043;15144;15149;15152;15159
766,if_stage_i.pc_id_o[30]$_DFFE_PP_,clk_core,0.23,-2.14,1664;1671;1677;1678;1766;1771;2690;2691;2692;2700;2701;2702;4507;4551;4912;4913;4925;4926;4928;4929;4930;4931;5085;5759;6485;6880;9525;9526;9960;11201;11599;11889;14858;14861;14868;15043;15144;15149;15152;15159
767,if_stage_i.pc_id_o[31]$_DFFE_PP_,clk_core,0.23,-2.14,1664;1671;1677;1678;1766;1771;2690;2691;2692;2700;2701;2702;4507;4551;4912;4913;4925;4926;4928;4929;4930;4931;5085;5759;6485;6880;9525;9526;9960;11599;11824;11889;14858;14861;14868;15043;15144;15149;15152;15159
768,if_stage_i.gen_prefetch_buffer.prefetch_buffer_i.fifo_i.err_q[0]$_DFFE_PP_,clk_core,0.23,-2.14,1664;1671;1677;1678;1766;1771;2690;2691;2692;2700;2701;2702;4507;4551;4912;4913;4925;4926;4928;4929;4930;4931;6485;6880;8554;9525;9526;9528;9601;11599;11792;11889;14858;14861;14868;15128;15144;15149;15152;15153
769,gen_regfile_ff.register_file_i.rf_reg[574]$_DFFE_PN0P_,clk_core,0.23,-2.11,16;22;207;208;209;210;211;1292;1298;1771;2058;2059;2060;2260;4024;4088;4290;5169;5171;5172;5174;5175;5211;5213;5214;5216;5221;5228;6760;6880;8560;8619;11599;11928;11963;11973;12077;12112;12152;12236;14889;15145;15149;15152;15288;15291
770,gen_regfile_ff.register_file_i.rf_reg[798]$_DFFE_PN0P_,clk_core,0.23,-2.11,16;22;207;208;209;210;211;1292;1298;1771;2058;2059;2060;2191;4024;4088;4290;5169;5171;5172;5174;5175;5211;5213;5214;5216;5221;5228;6544;6880;8560;8619;11599;11928;11963;11973;12077;12112;12152;12236;14889;15145;15149;15152;15288;15291
771,gen_regfile_ff.register_file_i.rf_reg[830]$_DFFE_PN0P_,clk_core,0.23,-2.11,16;22;207;208;209;210;211;1292;1298;1771;2058;2059;2060;2191;4024;4088;4290;5169;5171;5172;5174;5175;5211;5213;5214;5216;5221;5228;6725;6880;8560;8619;11599;11928;11963;11973;12077;12112;12152;12236;14889;15145;15149;15152;15288;15291
772,if_stage_i.pc_id_o[1]$_DFFE_PP_,clk_core,0.23,-2.14,1664;1671;1677;1678;1766;1771;2690;2691;2692;2700;2701;2702;4507;4551;4912;4913;4925;4926;4928;4929;4930;4931;5085;5759;6485;6880;9525;9526;9960;11232;11599;11889;14858;14861;14868;15047;15144;15149;15152;15157
773,if_stage_i.pc_id_o[2]$_DFFE_PP_,clk_core,0.23,-2.14,1664;1671;1677;1678;1766;1771;2690;2691;2692;2700;2701;2702;4507;4551;4912;4913;4925;4926;4928;4929;4930;4931;5085;5759;6485;6880;9525;9526;9960;11231;11599;11889;14858;14861;14868;15047;15144;15149;15152;15157
774,if_stage_i.pc_id_o[3]$_DFFE_PP_,clk_core,0.23,-2.14,1664;1671;1677;1678;1766;1771;2690;2691;2692;2700;2701;2702;4507;4551;4912;4913;4925;4926;4928;4929;4930;4931;5085;5759;6485;6880;9525;9526;9960;11230;11599;11889;14858;14861;14868;15047;15144;15149;15152;15157
775,if_stage_i.pc_id_o[4]$_DFFE_PP_,clk_core,0.23,-2.14,1664;1671;1677;1678;1766;1771;2690;2691;2692;2700;2701;2702;4507;4551;4912;4913;4925;4926;4928;4929;4930;4931;5085;5759;6485;6880;9525;9526;9960;11229;11599;11889;14858;14861;14868;15046;15144;15149;15152;15157
776,if_stage_i.pc_id_o[6]$_DFFE_PP_,clk_core,0.23,-2.14,1664;1671;1677;1678;1766;1771;2690;2691;2692;2700;2701;2702;4507;4551;4912;4913;4925;4926;4928;4929;4930;4931;5085;5759;6485;6880;9525;9526;9960;11227;11599;11889;14858;14861;14868;15046;15144;15149;15152;15157
777,if_stage_i.pc_id_o[7]$_DFFE_PP_,clk_core,0.23,-2.14,1664;1671;1677;1678;1766;1771;2690;2691;2692;2700;2701;2702;4507;4551;4912;4913;4925;4926;4928;4929;4930;4931;5085;5759;6485;6880;9525;9526;9960;11226;11599;11889;14858;14861;14868;15046;15144;15149;15152;15157
778,gen_regfile_ff.register_file_i.rf_reg[1022]$_DFFE_PN0P_,clk_core,0.23,-2.11,16;22;207;208;209;210;211;1292;1298;1771;2058;2059;2060;2430;4024;4088;4290;5169;5171;5172;5174;5175;5211;5213;5214;5216;5221;5228;6880;7423;8560;8619;11599;11928;11963;11973;12077;12112;12152;12236;14889;15145;15149;15152;15288;15291
779,gen_regfile_ff.register_file_i.rf_reg[286]$_DFFE_PN0P_,clk_core,0.23,-2.11,16;22;207;208;209;210;211;1292;1298;1771;2058;2059;2060;2307;4024;4088;4290;5169;5171;5172;5174;5175;5211;5213;5214;5216;5221;5228;6880;7281;8560;8619;11599;11928;11963;11973;12077;12112;12152;12236;14889;15145;15149;15152;15288;15291
780,gen_regfile_ff.register_file_i.rf_reg[318]$_DFFE_PN0P_,clk_core,0.23,-2.11,16;22;207;208;209;210;211;1292;1298;1771;2058;2059;2060;2307;4024;4088;4290;5169;5171;5172;5174;5175;5211;5213;5214;5216;5221;5228;6880;7211;8560;8619;11599;11928;11963;11973;12077;12112;12152;12236;14889;15145;15149;15152;15288;15291
781,gen_regfile_ff.register_file_i.rf_reg[382]$_DFFE_PN0P_,clk_core,0.23,-2.11,16;22;207;208;209;210;211;1292;1298;1771;2058;2059;2060;2307;4024;4088;4290;5169;5171;5172;5174;5175;5211;5213;5214;5216;5221;5228;6880;7109;8560;8619;11599;11928;11963;11973;12077;12112;12152;12236;14889;15145;15149;15152;15288;15291
782,gen_regfile_ff.register_file_i.rf_reg[414]$_DFFE_PN0P_,clk_core,0.23,-2.11,16;22;207;208;209;210;211;1292;1298;1771;2058;2059;2060;2300;4024;4088;4290;5169;5171;5172;5174;5175;5211;5213;5214;5216;5221;5228;6880;7038;8560;8619;11599;11928;11963;11973;12077;12112;12152;12236;14889;15145;15149;15152;15288;15291
783,gen_regfile_ff.register_file_i.rf_reg[446]$_DFFE_PN0P_,clk_core,0.23,-2.11,16;22;207;208;209;210;211;1292;1298;1771;2058;2059;2060;2300;4024;4088;4290;5169;5171;5172;5174;5175;5211;5213;5214;5216;5221;5228;6880;6968;8560;8619;11599;11928;11963;11973;12077;12112;12152;12236;14889;15145;15149;15152;15288;15291
784,gen_regfile_ff.register_file_i.rf_reg[478]$_DFFE_PN0P_,clk_core,0.23,-2.11,16;22;207;208;209;210;211;1292;1298;1771;2058;2059;2060;2307;4024;4088;4290;5169;5171;5172;5174;5175;5211;5213;5214;5216;5221;5228;6880;6933;8560;8619;11599;11928;11963;11973;12077;12112;12152;12236;14889;15145;15149;15152;15288;15291
785,gen_regfile_ff.register_file_i.rf_reg[542]$_DFFE_PN0P_,clk_core,0.23,-2.11,16;22;207;208;209;210;211;1292;1298;1771;2058;2059;2060;2307;4024;4088;4290;5169;5171;5172;5174;5175;5211;5213;5214;5216;5221;5228;6795;6880;8560;8619;11599;11928;11963;11973;12077;12112;12152;12236;14889;15145;15149;15152;15288;15291
786,gen_regfile_ff.register_file_i.rf_reg[606]$_DFFE_PN0P_,clk_core,0.23,-2.11,16;22;207;208;209;210;211;1292;1298;1771;2058;2059;2060;2300;4024;4088;4290;5169;5171;5172;5174;5175;5211;5213;5214;5216;5221;5228;6690;6880;8560;8619;11599;11928;11963;11973;12077;12112;12152;12236;14889;15145;15149;15152;15288;15291
787,gen_regfile_ff.register_file_i.rf_reg[638]$_DFFE_PN0P_,clk_core,0.23,-2.11,16;22;207;208;209;210;211;1292;1298;1771;2058;2059;2060;2430;4024;4088;4290;5169;5171;5172;5174;5175;5211;5213;5214;5216;5221;5228;6655;6880;8560;8619;11599;11928;11963;11973;12077;12112;12152;12236;14889;15145;15149;15152;15288;15291
788,gen_regfile_ff.register_file_i.rf_reg[670]$_DFFE_PN0P_,clk_core,0.23,-2.11,16;22;207;208;209;210;211;1292;1298;1771;2058;2059;2060;2307;4024;4088;4290;5169;5171;5172;5174;5175;5211;5213;5214;5216;5221;5228;6579;6880;8560;8619;11599;11928;11963;11973;12077;12112;12152;12236;14889;15145;15149;15152;15288;15291
789,gen_regfile_ff.register_file_i.rf_reg[702]$_DFFE_PN0P_,clk_core,0.23,-2.11,16;22;207;208;209;210;211;1292;1298;1771;2058;2059;2060;2307;4024;4088;4290;5169;5171;5172;5174;5175;5211;5213;5214;5216;5221;5228;6506;6880;8560;8619;11599;11928;11963;11973;12077;12112;12152;12236;14889;15145;15149;15152;15288;15291
790,gen_regfile_ff.register_file_i.rf_reg[734]$_DFFE_PN0P_,clk_core,0.23,-2.11,16;22;207;208;209;210;211;1292;1298;1771;2058;2059;2060;2307;4024;4088;4290;5169;5171;5172;5174;5175;5211;5213;5214;5216;5221;5228;5240;6880;8560;8619;11599;11928;11963;11973;12077;12112;12152;12236;14889;15145;15149;15152;15288;15291
791,gen_regfile_ff.register_file_i.rf_reg[766]$_DFFE_PN0P_,clk_core,0.23,-2.11,16;22;207;208;209;210;211;1292;1298;1771;2058;2059;2060;2300;4024;4088;4290;5169;5171;5172;5174;5175;5211;5213;5214;5216;5221;5228;6880;6898;8560;8619;11599;11928;11963;11973;12077;12112;12152;12236;14889;15145;15149;15152;15288;15291
792,gen_regfile_ff.register_file_i.rf_reg[862]$_DFFE_PN0P_,clk_core,0.23,-2.11,16;22;207;208;209;210;211;1292;1298;1771;2058;2059;2060;2430;4024;4088;4290;5169;5171;5172;5174;5175;5211;5213;5214;5216;5221;5228;6880;7316;8560;8619;11599;11928;11963;11973;12077;12112;12152;12236;14889;15145;15149;15152;15288;15291
793,gen_regfile_ff.register_file_i.rf_reg[926]$_DFFE_PN0P_,clk_core,0.23,-2.11,16;22;207;208;209;210;211;1292;1298;1771;2058;2059;2060;2300;4024;4088;4290;5169;5171;5172;5174;5175;5211;5213;5214;5216;5221;5228;6616;6880;8560;8619;11599;11928;11963;11973;12077;12112;12152;12236;14889;15145;15149;15152;15288;15291
794,gen_regfile_ff.register_file_i.rf_reg[958]$_DFFE_PN0P_,clk_core,0.23,-2.11,16;22;207;208;209;210;211;1292;1298;1771;2058;2059;2060;2430;4024;4088;4290;5169;5171;5172;5174;5175;5211;5213;5214;5216;5221;5228;6880;7003;8560;8619;11599;11928;11963;11973;12077;12112;12152;12236;14889;15145;15149;15152;15288;15291
795,gen_regfile_ff.register_file_i.rf_reg[990]$_DFFE_PN0P_,clk_core,0.23,-2.11,16;22;207;208;209;210;211;1292;1298;1771;2058;2059;2060;2430;4024;4088;4290;5169;5171;5172;5174;5175;5211;5213;5214;5216;5221;5228;6880;7246;8560;8619;11599;11928;11963;11973;12077;12112;12152;12236;14889;15145;15149;15152;15288;15291
796,if_stage_i.gen_prefetch_buffer.prefetch_buffer_i.fifo_i.rdata_q[44]$_DFFE_PP_,clk_core,0.23,-2.14,1664;1671;1677;1678;1766;1771;2690;2691;2692;2700;2701;2702;4507;4551;4912;4913;4925;4926;4928;4929;4930;4931;6485;6527;6880;9525;9526;9528;9529;9570;11599;11889;14858;14861;14868;15134;15144;15149;15151;15152
797,if_stage_i.gen_prefetch_buffer.prefetch_buffer_i.fifo_i.rdata_q[0]$_DFFE_PP_,clk_core,0.23,-2.14,1664;1671;1677;1678;1766;1771;2690;2691;2692;2700;2701;2702;4507;4551;4912;4913;4925;4926;4928;4929;4930;4931;6485;6880;8554;9525;9526;9528;9601;9667;11599;11889;14858;14861;14868;15134;15144;15149;15151;15152
798,if_stage_i.gen_prefetch_buffer.prefetch_buffer_i.fifo_i.rdata_q[12]$_DFFE_PP_,clk_core,0.23,-2.14,1664;1671;1677;1678;1766;1771;2690;2691;2692;2700;2701;2702;4507;4551;4912;4913;4925;4926;4928;4929;4930;4931;6485;6880;8554;9525;9526;9528;9601;9642;11599;11889;14858;14861;14868;15134;15144;15149;15151;15152
799,if_stage_i.gen_prefetch_buffer.prefetch_buffer_i.fifo_i.rdata_q[14]$_DFFE_PP_,clk_core,0.23,-2.14,1664;1671;1677;1678;1766;1771;2690;2691;2692;2700;2701;2702;4507;4551;4912;4913;4925;4926;4928;4929;4930;4931;6485;6880;8554;9525;9526;9528;9601;9638;11599;11889;14858;14861;14868;15130;15144;15149;15151;15152
800,if_stage_i.gen_prefetch_buffer.prefetch_buffer_i.fifo_i.rdata_q[17]$_DFFE_PP_,clk_core,0.23,-2.14,1664;1671;1677;1678;1766;1771;2690;2691;2692;2700;2701;2702;4507;4551;4912;4913;4925;4926;4928;4929;4930;4931;6485;6880;8554;9525;9526;9528;9601;9632;11599;11889;14858;14861;14868;15130;15144;15149;15151;15152
801,instr_addr_o[31],clk_core,0.41,-1.63,1348;1350;1354;1355;1414;1415;1460;1470;1730;1771;3199;3520;3546;3736;3737;3745;3746;3799;3800;3802;3803;3807;4349;6880;8790;11573;11577;11579;11599;11819;12289;15135;15149;15152
802,instr_addr_o[30],clk_core,0.43,-1.62,1348;1350;1354;1355;1414;1415;1460;1470;1730;1771;2418;3187;3715;3716;4258;4259;4260;4266;4334;4442;4443;4444;4446;4639;4648;4650;4652;6880;8823;11599;12312;15135;15149;15152
803,instr_addr_o[28],clk_core,0.46,-1.58,189;1598;1599;1600;1601;1603;1609;1610;1771;3522;3539;3540;3541;3547;4120;4261;4266;4268;4269;4522;4665;4666;4668;4669;6880;6894;6897;8865;11599;12308;15144;15149;15152
804,instr_addr_o[29],clk_core,0.46,-1.58,1348;1350;1354;1355;1414;1415;1460;1470;1730;1771;3199;3520;3546;3736;3737;3745;3746;3747;3748;3749;4080;4349;4653;4657;4659;4660;6880;8864;11599;12289;15135;15149;15152
805,instr_addr_o[23],clk_core,0.47,-1.57,1248;1324;1330;1355;1465;1771;1799;2996;3219;3220;3221;3223;3224;3225;3226;3227;3792;4283;4284;4380;4381;4706;4710;4712;4713;6880;7527;7913;8937;11599;12332;15135;15149;15152
806,instr_addr_o[22],clk_core,0.48,-1.56,1348;1350;1354;1355;1414;1415;1460;1470;1730;1771;2759;3520;3857;3858;3880;3881;3885;3887;4349;4716;4718;4720;4721;6880;9085;11599;12289;15135;15149;15152
807,instr_addr_o[27],clk_core,0.49,-1.55,1664;1671;1677;1766;1771;2690;2691;2692;2700;2701;2702;3199;3737;3745;3921;4273;4274;4551;4670;4676;4678;4679;6880;8878;11599;11889;14858;14861;14868;15144;15149;15152
808,instr_addr_o[26],clk_core,0.5,-1.54,189;1598;1599;1600;1601;1603;1609;1610;1771;3537;3872;3873;3878;3879;3880;3966;3967;3979;4522;4680;4684;4686;4687;6880;6894;6897;8905;11599;12308;15144;15149;15152
809,instr_addr_o[21],clk_core,0.52,-1.52,1248;1324;1330;1355;1465;1771;1799;2996;3219;3220;3221;3223;3224;3792;3823;3824;4283;4284;4380;4381;4727;4729;4730;6880;7527;7893;9089;11599;12332;15135;15149;15152
810,instr_addr_o[24],clk_core,0.52,-1.52,189;1598;1599;1600;1601;1603;1609;1610;1771;3522;3539;3540;3541;3547;3711;3712;4161;4522;4698;4702;4704;4705;6880;6894;6897;7872;8930;11599;12308;15144;15149;15152
811,instr_addr_o[25],clk_core,0.53,-1.52,1664;1671;1677;1766;1771;2690;2691;2692;2700;2701;2702;3737;3745;3907;4187;4188;4551;4692;4693;4695;4696;6880;8914;11599;11889;14858;14861;14868;15144;15149;15152
812,data_addr_o[31],clk_core,0.54,-1.51,1348;1350;1354;1355;1414;1415;1460;1470;1730;1771;3199;3520;3546;3736;3737;3745;3746;3799;3800;3802;3803;3807;3808;4326;4349;6880;9786;11599;12289;15135;15149;15152
813,instr_addr_o[14],clk_core,0.55,-1.5,1348;1350;1354;1355;1414;1415;1460;1470;1669;1771;2463;2589;2598;2599;3869;3908;4216;4218;4219;4420;6880;8304;8306;8307;9151;11599;12330;15135;15149;15152
814,instr_addr_o[20],clk_core,0.57,-1.48,189;1598;1599;1600;1601;1603;1609;1610;1771;3522;3539;3540;3541;3547;3548;3552;3554;4522;4737;4738;4739;6880;6894;6897;7872;9090;11599;12308;15144;15149;15152
815,data_addr_o[30],clk_core,0.57,-1.47,189;1598;1599;1600;1601;1603;1609;1610;1771;3522;3539;3540;3541;3547;4261;4266;4329;4442;4443;4444;4446;4522;6880;6894;6897;9788;11599;12308;15144;15149;15152
816,data_addr_o[22],clk_core,0.58,-1.46,1348;1350;1354;1355;1414;1415;1460;1470;1730;1771;2759;3520;3857;3858;3880;3881;3885;3887;3888;4110;4349;6880;9958;11599;12289;15135;15149;15152
817,instr_addr_o[15],clk_core,0.59,-1.46,1664;1671;1677;1766;1771;2690;2691;2692;2700;2701;2702;3345;3418;3421;3422;4551;6880;8294;8295;8297;8298;9147;11599;11889;14858;14861;14868;15144;15149;15152
818,data_addr_o[29],clk_core,0.59,-1.45,1348;1350;1354;1355;1414;1415;1460;1470;1730;1771;3199;3520;3546;3736;3737;3745;3746;3747;3748;3749;3750;4080;4287;4349;6880;9840;11599;12289;15135;15149;15152
819,instr_addr_o[17],clk_core,0.59,-1.45,1664;1671;1677;1766;1771;2690;2691;2692;2700;2701;2702;3418;3421;3815;3816;3817;4551;4776;4778;4779;6880;7914;9094;11599;11889;14858;14861;14868;15144;15149;15152
820,data_addr_o[28],clk_core,0.59,-1.45,189;1598;1599;1600;1601;1603;1609;1610;1771;3522;3539;3540;3541;3547;4120;4261;4266;4268;4269;4270;4522;6880;6894;6897;9841;11599;12308;15144;15149;15152
821,instr_addr_o[8],clk_core,0.6,-1.45,1776;2494;2496;2500;2501;2504;2506;2507;2525;3155;8365;8366;8368;8369;8682;10103
822,instr_addr_o[16],clk_core,0.61,-1.44,1776;2494;2496;2500;2501;2504;2506;2507;2525;3155;4784;4785;4787;4788;9146;10103
823,instr_addr_o[9],clk_core,0.61,-1.43,1664;1671;1677;1678;1766;1771;2690;2691;2692;2700;2701;2702;2961;4551;6880;8355;8356;8358;8359;8662;11599;11889;14858;14861;14868;15144;15149;15152
824,instr_addr_o[18],clk_core,0.61,-1.43,16;22;149;207;208;209;210;211;1675;1771;2508;2607;3518;3959;3960;4197;4198;4406;4407;4408;4763;4766;4769;4770;6880;9093;11599;12335;15145;15149;15152;15291
825,instr_addr_o[3],clk_core,0.61,-1.43,1776;2494;2496;2500;2501;2504;2506;2507;2525;2562;2576;3460;3462;3463;8783;10103
826,data_addr_o[20],clk_core,0.62,-1.43,189;1598;1599;1600;1601;1603;1609;1610;1771;3522;3539;3540;3541;3547;3548;3552;3554;3555;4052;4522;6880;6894;6897;7872;9961;11599;12308;15144;15149;15152
827,instr_addr_o[5],clk_core,0.62,-1.43,1776;2494;2496;2500;2501;2504;2506;2507;2525;2562;2576;3146;3148;3149;8745;10103
828,instr_addr_o[10],clk_core,0.62,-1.43,1348;1350;1354;1355;1414;1415;1460;1470;1669;1771;2463;2589;2598;2599;3869;4183;4420;6735;6880;8341;8346;8348;8349;9184;11599;12330;15135;15149;15152
829,instr_req_o,clk_core,0.62,-1.43,1776;2494;2496;2500;2501;2504;2506;2507;2525;2562;8271;8272;8648;10103;11234;11831
830,instr_addr_o[13],clk_core,0.62,-1.42,1664;1671;1677;1766;1771;2690;2691;2692;2700;2701;2702;3418;3912;4450;4451;4452;4551;6880;8310;8315;8316;9152;11599;11889;14858;14861;14868;15144;15149;15152
831,instr_addr_o[2],clk_core,0.62,-1.42,1776;2494;2496;2500;2501;2504;2506;2507;2525;2562;2576;3499;3503;3504;8852;10103
832,instr_addr_o[6],clk_core,0.62,-1.42,1776;2494;2496;2500;2501;2504;2506;2507;2525;2562;2576;2603;2606;2610;8695;10103
833,instr_addr_o[12],clk_core,0.62,-1.42,1248;1324;1330;1355;1465;1771;1799;2177;2883;3523;3524;3540;3689;3690;3692;3792;4283;4284;4395;4396;6880;7492;8323;8325;8326;9153;11599;12336;15135;15149;15152
834,instr_addr_o[4],clk_core,0.62,-1.42,1248;1324;1330;1355;1465;1468;1469;1470;1771;1795;1800;1801;2551;3000;3001;3002;3003;3175;3176;3180;3181;4434;6880;8763;11599;12359;15135;15149;15152
835,instr_addr_o[19],clk_core,0.63,-1.41,1776;2494;2496;2500;2501;2504;2506;2507;2525;3155;4741;4746;4747;9091;10103
836,data_addr_o[21],clk_core,0.63,-1.41,1248;1324;1330;1355;1465;1771;1799;2996;3219;3220;3221;3223;3224;3792;3823;3824;4283;4284;4380;4381;6880;7527;7893;9959;11599;12332;15135;15149;15152
837,data_addr_o[23],clk_core,0.64,-1.41,1248;1324;1330;1355;1465;1771;1799;2996;3219;3220;3221;3223;3224;3225;3226;3227;3228;3792;4283;4284;4380;4381;6880;7527;7913;9957;11599;12332;15135;15149;15152
838,data_wdata_o[16],clk_core,0.64,-1.41,1193;1194;1766;1771;2289;2690;2691;2692;2700;2701;2702;2774;2958;3751;3752;4551;6880;9668;11599;11889;12233;14858;14861;14868;15144;15149;15152
839,data_wdata_o[18],clk_core,0.64,-1.41,1187;1188;1766;1771;2289;2690;2691;2692;2700;2701;2702;2774;2958;3751;3752;4551;6880;9625;11599;11889;12233;14858;14861;14868;15144;15149;15152
840,data_wdata_o[19],clk_core,0.64,-1.41,1184;1185;1766;1771;2289;2690;2691;2692;2700;2701;2702;2774;2958;3751;3752;4551;6880;9617;11599;11889;12233;14858;14861;14868;15144;15149;15152
841,data_wdata_o[22],clk_core,0.64,-1.41,1172;1173;1766;1771;2289;2690;2691;2692;2700;2701;2702;2774;2958;3751;3752;4551;6880;9575;11599;11889;12233;14858;14861;14868;15144;15149;15152
842,data_addr_o[24],clk_core,0.64,-1.41,189;1598;1599;1600;1601;1603;1609;1610;1771;3522;3539;3540;3541;3547;3711;3712;3720;4066;4522;6880;6894;6897;7872;9954;11599;12308;15144;15149;15152
843,instr_addr_o[11],clk_core,0.64,-1.41,1776;2494;2496;2500;2501;2504;2506;2507;2525;3155;8336;8337;8338;9156;10103
844,data_wdata_o[26],clk_core,0.64,-1.41,769;770;1766;1771;2289;2690;2691;2692;2700;2701;2702;2774;2958;3751;3752;4551;6880;9531;11599;11889;12233;14858;14861;14868;15144;15149;15152
845,data_wdata_o[2],clk_core,0.64,-1.41,1237;1238;1766;1771;2289;2690;2691;2692;2700;2701;2702;2774;2958;3751;3752;4551;6880;9471;11599;11889;12233;14858;14861;14868;15144;15149;15152
846,data_wdata_o[3],clk_core,0.64,-1.41,1234;1235;1766;1771;2289;2690;2691;2692;2700;2701;2702;2774;2958;3751;3752;4551;6880;9437;11599;11889;12233;14858;14861;14868;15144;15149;15152
847,data_wdata_o[0],clk_core,0.64,-1.4,1243;1244;1766;1771;2289;2690;2691;2692;2700;2701;2702;2774;2958;3751;3752;4551;6880;9751;11599;11889;12233;14858;14861;14868;15144;15149;15152
848,data_wdata_o[24],clk_core,0.64,-1.4,1035;1036;1766;1771;2289;2690;2691;2692;2700;2701;2702;2774;2958;3751;3752;4551;6880;9553;11599;11889;12233;14858;14861;14868;15144;15149;15152
849,data_wdata_o[27],clk_core,0.64,-1.4,636;637;1766;1771;2289;2690;2691;2692;2700;2701;2702;2774;2958;3751;3752;4551;6880;9530;11599;11889;12233;14858;14861;14868;15144;15149;15152
850,data_wdata_o[30],clk_core,0.64,-1.4,215;217;1766;1771;2289;2690;2691;2692;2700;2701;2702;2774;2958;3751;3752;4551;6880;9459;11599;11889;12233;14858;14861;14868;15144;15149;15152
851,data_wdata_o[5],clk_core,0.64,-1.4,1228;1229;1766;1771;2289;2690;2691;2692;2700;2701;2702;2774;2958;3751;3752;4551;6880;9313;11599;11889;12233;14858;14861;14868;15144;15149;15152
852,data_wdata_o[6],clk_core,0.64,-1.4,1225;1226;1766;1771;2289;2690;2691;2692;2700;2701;2702;2774;2958;3751;3752;4551;6880;9283;11599;11889;12233;14858;14861;14868;15144;15149;15152
853,data_wdata_o[10],clk_core,0.64,-1.4,1212;1214;1766;1771;2289;2690;2691;2692;2700;2701;2702;2774;2958;3751;3752;4551;6880;9749;11599;11889;12233;14858;14861;14868;15144;15149;15152
854,data_wdata_o[14],clk_core,0.64,-1.4,1199;1200;1766;1771;2289;2690;2691;2692;2700;2701;2702;2774;2958;3751;3752;4551;6880;9674;11599;11889;12233;14858;14861;14868;15144;15149;15152
855,data_wdata_o[8],clk_core,0.64,-1.4,1219;1220;1766;1771;2289;2690;2691;2692;2700;2701;2702;2774;2958;3751;3752;4551;6880;9201;11599;11889;12233;14858;14861;14868;15144;15149;15152
856,data_addr_o[27],clk_core,0.65,-1.4,1348;1350;1354;1355;1414;1415;1460;1470;1730;1771;3199;3520;3546;3736;3737;3745;3921;4273;4274;4349;6880;7911;9854;11599;12289;15135;15149;15152
857,data_wdata_o[29],clk_core,0.65,-1.4,366;367;1766;1771;2289;2690;2691;2692;2700;2701;2702;2774;2958;3751;3752;4551;6880;9476;11599;11889;12233;14858;14861;14868;15144;15149;15152
858,data_wdata_o[13],clk_core,0.65,-1.4,1202;1203;1766;1771;2289;2690;2691;2692;2700;2701;2702;2774;2958;3751;3752;4551;6880;9676;11599;11889;12233;14858;14861;14868;15144;15149;15152
859,data_wdata_o[21],clk_core,0.65,-1.39,1176;1177;1766;1771;2289;2690;2691;2692;2700;2701;2702;2774;2925;3751;3752;4551;6880;9597;11599;11889;12229;14858;14861;14868;15144;15149;15152
860,data_addr_o[26],clk_core,0.65,-1.39,1348;1350;1354;1355;1414;1415;1460;1470;1730;1771;2759;3520;3857;3858;3880;3966;3978;3979;4289;4349;6880;9855;11599;12289;15135;15149;15152
861,data_addr_o[14],clk_core,0.65,-1.39,1348;1350;1354;1355;1414;1415;1460;1470;1669;1771;2463;2589;2598;2599;3869;3908;4216;4218;4219;4420;6880;9979;11599;12330;15135;15149;15152
862,instr_addr_o[7],clk_core,0.66,-1.39,1776;2494;2496;2500;2501;2504;2506;2507;2525;2562;2576;3154;3157;3158;8689;10103
863,data_wdata_o[11],clk_core,0.66,-1.38,1209;1210;1766;1771;2289;2690;2691;2692;2700;2701;2702;2774;2925;3751;3752;4551;6880;9701;11599;11889;12229;14858;14861;14868;15144;15149;15152
864,data_addr_o[18],clk_core,0.66,-1.38,16;22;149;207;208;209;210;211;1675;1771;2508;2607;3518;3959;3960;4197;4198;4201;4406;4407;4408;6880;9967;11599;12335;15145;15149;15152;15291
865,data_addr_o[25],clk_core,0.68,-1.36,1348;1350;1354;1355;1414;1415;1460;1470;1730;1771;3520;3546;3736;3737;3745;3907;4187;4188;4349;6880;7909;9858;11599;12289;15135;15149;15152
866,data_wdata_o[17],clk_core,0.68,-1.36,0;1189;1191;1766;1771;2289;2690;2691;2692;2700;2701;2702;2840;2843;3751;4551;6880;9646;11599;11889;12228;14858;14861;14868;15144;15149;15152
867,data_wdata_o[7],clk_core,0.68,-1.36,0;1221;1223;1766;1771;2289;2690;2691;2692;2700;2701;2702;2840;2843;3751;4551;6880;9214;11599;11889;12228;14858;14861;14868;15144;15149;15152
868,data_wdata_o[9],clk_core,0.68,-1.36,0;1215;1217;1766;1771;2289;2690;2691;2692;2700;2701;2702;2840;2843;3751;4551;6880;9192;11599;11889;12228;14858;14861;14868;15144;15149;15152
869,data_wdata_o[15],clk_core,0.68,-1.36,0;1195;1197;1766;1771;2289;2690;2691;2692;2700;2701;2702;2840;2843;3751;4551;6880;9671;11599;11889;12228;14858;14861;14868;15144;15149;15152
870,data_addr_o[10],clk_core,0.69,-1.35,1348;1350;1354;1355;1414;1415;1460;1470;1669;1771;2463;2589;2598;2599;3869;4180;4182;4184;4420;6735;6880;7896;10007;11599;12330;15135;15149;15152
871,data_be_o[1],clk_core,0.69,-1.35,1766;1771;2289;2690;2691;2692;2700;2701;2702;2774;3751;3752;4222;4223;4224;4226;4551;6880;9760;11599;11889;12233;14858;14861;14868;15144;15149;15152
872,data_addr_o[17],clk_core,0.7,-1.34,1664;1671;1677;1766;1771;2690;2691;2692;2700;2701;2702;3418;3421;3815;3816;3817;4551;6880;7914;9968;11599;11889;14858;14861;14868;15144;15149;15152
873,data_be_o[2],clk_core,0.72,-1.33,1766;1771;2289;2690;2691;2692;2700;2701;2702;2774;3751;3752;4276;4277;4281;4551;6880;9759;11599;11889;12233;14858;14861;14868;15144;15149;15152
874,data_addr_o[12],clk_core,0.72,-1.33,1248;1324;1330;1355;1465;1771;1799;2177;2883;3523;3524;3540;3689;3690;3692;3792;4283;4284;4395;4396;6880;7492;7892;9985;11599;12336;15135;15149;15152
875,data_addr_o[19],clk_core,0.73,-1.31,1248;1324;1330;1355;1465;1771;1799;3219;3220;3221;3223;3792;3911;4283;4284;4380;4381;4447;4448;4449;6880;7527;9962;11599;12332;15135;15149;15152
876,data_addr_o[8],clk_core,0.73,-1.31,1348;1350;1354;1355;1414;1415;1460;1470;1771;1793;1796;1815;1816;1817;2478;4420;6880;7881;9768;11599;12330;15135;15149;15152
877,data_wdata_o[1],clk_core,0.73,-1.31,1240;1241;1766;1771;2289;2690;2691;2692;2700;2701;2702;2774;3751;3752;4551;6880;9603;11599;11889;12233;14858;14861;14868;15144;15149;15152
878,data_wdata_o[28],clk_core,0.73,-1.31,502;503;1766;1771;2289;2690;2691;2692;2700;2701;2702;2774;3751;3752;4551;6880;9527;11599;11889;12233;14858;14861;14868;15144;15149;15152
879,data_wdata_o[31],clk_core,0.73,-1.31,1766;1771;2289;2690;2691;2692;2700;2701;2702;2774;3751;3752;4551;6880;9448;11599;11876;11877;11889;12233;14858;14861;14868;15144;15149;15152
880,data_wdata_o[4],clk_core,0.73,-1.31,1231;1232;1766;1771;2289;2690;2691;2692;2700;2701;2702;2774;3751;3752;4551;6880;9436;11599;11889;12233;14858;14861;14868;15144;15149;15152
881,data_wdata_o[20],clk_core,0.74,-1.31,1179;1181;1766;1771;2289;2690;2691;2692;2700;2701;2702;2774;3751;3752;4551;6880;9602;11599;11889;12233;14858;14861;14868;15144;15149;15152
882,data_wdata_o[23],clk_core,0.74,-1.3,1167;1168;1766;1771;2289;2690;2691;2692;2700;2701;2702;2774;3751;3752;4551;6880;9571;11599;11889;12229;14858;14861;14868;15144;15149;15152
883,data_wdata_o[25],clk_core,0.74,-1.3,904;905;1766;1771;2289;2690;2691;2692;2700;2701;2702;2774;3751;3752;4551;6880;9549;11599;11889;12229;14858;14861;14868;15144;15149;15152
884,data_wdata_o[12],clk_core,0.74,-1.3,1206;1207;1766;1771;2289;2690;2691;2692;2700;2701;2702;2774;3751;3752;4551;6880;9680;11599;11889;12233;14858;14861;14868;15144;15149;15152
885,data_addr_o[13],clk_core,0.75,-1.3,1664;1671;1677;1766;1771;2690;2691;2692;2700;2701;2702;3418;3912;4450;4451;4452;4551;6880;9984;11599;11889;14858;14861;14868;15144;15149;15152
886,data_be_o[3],clk_core,0.75,-1.29,1766;1771;2289;2690;2691;2692;2700;2701;2702;2774;3751;3752;4222;4551;6880;9758;11599;11880;11889;12233;14858;14861;14868;15144;15149;15152
887,data_addr_o[15],clk_core,0.76,-1.29,1664;1671;1677;1766;1771;2690;2691;2692;2700;2701;2702;3345;3418;3421;3422;4551;6880;9974;11599;11889;14858;14861;14868;15144;15149;15152
888,data_addr_o[6],clk_core,0.77,-1.28,1348;1350;1354;1355;1414;1415;1460;1470;1771;1793;1796;1815;2478;2600;2601;3934;4420;6880;9770;11599;12330;15135;15149;15152
889,data_addr_o[4],clk_core,0.78,-1.27,1248;1324;1330;1355;1465;1468;1469;1470;1771;1795;1800;1801;2551;3000;3001;3002;3003;3779;4434;6880;9772;11599;12359;15135;15149;15152
890,data_addr_o[16],clk_core,0.78,-1.27,1248;1324;1330;1355;1465;1468;1469;1470;1771;1795;1800;1801;2551;3000;3001;4010;4177;4178;4434;6880;9969;11599;12359;15135;15149;15152
891,data_be_o[0],clk_core,0.78,-1.26,0;1766;1771;2289;2690;2691;2692;2700;2701;2702;2843;3751;3843;3847;4551;6880;9761;11599;11889;12228;14858;14861;14868;15144;15149;15152
892,data_addr_o[11],clk_core,0.8,-1.24,1664;1671;1677;1766;1771;2690;2691;2692;2700;2701;2702;3201;3418;3829;4551;6880;9994;11599;11889;14858;14861;14868;15144;15149;15152
893,data_addr_o[7],clk_core,0.84,-1.21,1664;1671;1766;1771;2690;2691;2692;2700;2701;2702;2781;2964;2966;2967;3196;4551;6880;9769;11599;11889;14858;14861;14868;15144;15149;15152
894,data_addr_o[9],clk_core,0.84,-1.21,1664;1671;1677;1678;1766;1771;2690;2691;2692;2700;2701;2702;2961;4551;6880;9767;11599;11889;14858;14861;14868;15144;15149;15152
895,data_addr_o[5],clk_core,0.9,-1.15,1664;1671;1766;1771;2690;2691;2692;2700;2701;2702;2781;2846;3140;4551;6880;9771;11599;11889;14858;14861;14868;15144;15149;15152
896,data_addr_o[2],clk_core,0.93,-1.12,1248;1324;1330;1355;1465;1468;1469;1470;1771;1795;1800;2551;3495;3496;4434;6880;9789;11599;12359;15135;15149;15152
897,data_addr_o[3],clk_core,0.94,-1.1,1664;1766;1771;2690;2691;2692;2700;2701;2702;3432;3433;4551;6880;7832;9773;11599;11889;14858;14861;14868;15144;15149;15152
898,core_sleep_o,clk_core,1.02,-1.02,2494;2496;2500;2501;2504;10020;10103;11596
899,data_req_o,clk_core,1.14,-0.91,77;1380;1486;1487;1488;1771;2557;6871;6880;9752;11108;11120;11599;11873;15125;15149;15152;15295
900,data_we_o,clk_core,1.27,-0.78,77;1380;1486;1487;1488;1771;2557;6871;6880;9188;11587;11599;15125;15149;15152;15295
