fy,fx,density
0,0,0.689348
0,1,0.689527
0,2,0.689906
0,3,0.690507
0,4,0.691326
0,5,0.692314
0,6,0.693376
0,7,0.694388
0,8,0.695221
0,9,0.695763
0,10,0.695931
0,11,0.69567
0,12,0.694952
0,13,0.693775
0,14,0.692176
0,15,0.690233
0,16,0.688066
0,17,0.685828
0,18,0.683679
0,19,0.681768
0,20,0.680216
0,21,0.679124
0,22,0.678591
0,23,0.678734
0,24,0.67968
0,25,0.681544
0,26,0.68436
0,27,0.688036
0,28,0.692316
0,29,0.696799
0,30,0.701021
0,31,0.704561
0,32,0.707134
0,33,0.708657
0,34,0.709237
0,35,0.709103
0,36,0.708522
0,37,0.7077
0,38,0.706735
0,39,0.705583
0,40,0.704099
0,41,0.702088
0,42,0.699392
0,43,0.695964
0,44,0.691912
0,45,0.687519
0,46,0.68318
0,47,0.679345
0,48,0.676428
0,49,0.674751
0,50,0.674501
0,51,0.67573
0,52,0.678361
0,53,0.682192
0,54,0.686917
0,55,0.692133
0,56,0.697383
0,57,0.702179
0,58,0.706097
0,59,0.708826
0,60,0.710222
0,61,0.710345
0,62,0.709446
0,63,0.707927
0,64,0.706287
0,65,0.705042
0,66,0.704635
0,67,0.705371
0,68,0.707361
0,69,0.710492
0,70,0.714456
0,71,0.718794
0,72,0.722989
0,73,0.726558
0,74,0.729131
0,75,0.730508
0,76,0.730664
0,77,0.72974
0,78,0.727972
0,79,0.725664
0,80,0.723131
0,81,0.720664
0,82,0.718473
0,83,0.716641
0,84,0.715103
0,85,0.713643
0,86,0.711956
0,87,0.709743
0,88,0.706822
0,89,0.703208
0,90,0.699131
0,91,0.694955
0,92,0.691101
0,93,0.687932
0,94,0.685704
0,95,0.684563
1,0,0.691056
1,1,0.691188
1,2,0.691478
1,3,0.691957
1,4,0.692631
1,5,0.69346
1,6,0.694357
1,7,0.695201
1,8,0.695869
1,9,0.696248
1,10,0.696261
1,11,0.695856
1,12,0.695011
1,13,0.693731
1,14,0.692059
1,15,0.690078
1,16,0.687915
1,17,0.685724
1,18,0.683666
1,19,0.681885
1,20,0.680493
1,21,0.679577
1,22,0.679217
1,23,0.679505
1,24,0.680543
1,25,0.682426
1,26,0.685181
1,27,0.688721
1,28,0.692813
1,29,0.697088
1,30,0.701116
1,31,0.704501
1,32,0.706972
1,33,0.708439
1,34,0.708992
1,35,0.708837
1,36,0.70822
1,37,0.707339
1,38,0.706295
1,39,0.705061
1,40,0.703517
1,41,0.701493
1,42,0.698854
1,43,0.695558
1,44,0.691706
1,45,0.687558
1,46,0.683476
1,47,0.679877
1,48,0.677145
1,49,0.675587
1,50,0.675382
1,51,0.676589
1,52,0.679138
1,53,0.682845
1,54,0.687416
1,55,0.692459
1,56,0.697529
1,57,0.702148
1,58,0.705901
1,59,0.708483
1,60,0.709759
1,61,0.709795
1,62,0.708846
1,63,0.707315
1,64,0.7057
1,65,0.704504
1,66,0.704158
1,67,0.704949
1,68,0.706974
1,69,0.710111
1,70,0.714054
1,71,0.718357
1,72,0.722522
1,73,0.726085
1,74,0.728688
1,75,0.730132
1,76,0.730383
1,77,0.729563
1,78,0.727891
1,79,0.725655
1,80,0.723164
1,81,0.720708
1,82,0.718504
1,83,0.716646
1,84,0.715079
1,85,0.713595
1,86,0.7119
1,87,0.709694
1,88,0.706796
1,89,0.703217
1,90,0.699181
1,91,0.695046
1,92,0.69123
1,93,0.68809
1,94,0.685883
1,95,0.684751
2,0,0.694276
2,1,0.694321
2,2,0.694445
2,3,0.694696
2,4,0.695097
2,5,0.695627
2,6,0.696211
2,7,0.696741
2,8,0.697097
2,9,0.697174
2,10,0.696898
2,11,0.696227
2,12,0.695148
2,13,0.693679
2,14,0.691876
2,15,0.689834
2,16,0.687686
2,17,0.685591
2,18,0.683708
2,19,0.682172
2,20,0.681078
2,21,0.680486
2,22,0.680438
2,23,0.680981
2,24,0.682174
2,25,0.684076
2,26,0.686698
2,27,0.689971
2,28,0.693701
2,29,0.697579
2,30,0.701243
2,31,0.704341
2,32,0.706624
2,33,0.707992
2,34,0.708499
2,35,0.708308
2,36,0.707626
2,37,0.706635
2,38,0.705441
2,39,0.704052
2,40,0.702394
2,41,0.700348
2,42,0.697815
2,43,0.694769
2,44,0.691295
2,45,0.687607
2,46,0.68401
2,47,0.680855
2,48,0.678475
2,49,0.677142
2,50,0.677027
2,51,0.678195
2,52,0.680599
2,53,0.684077
2,54,0.688361
2,55,0.693083
2,56,0.697817
2,57,0.702106
2,58,0.70555
2,59,0.707861
2,60,0.708919
2,61,0.7088
2,62,0.707767
2,63,0.706224
2,64,0.704659
2,65,0.703558
2,66,0.703325
2,67,0.704213
2,68,0.706289
2,69,0.709422
2,70,0.713307
2,71,0.717524
2,72,0.721616
2,73,0.725151
2,74,0.727797
2,75,0.729358
2,76,0.729783
2,77,0.729159
2,78,0.72767
2,79,0.725574
2,80,0.723165
2,81,0.720732
2,82,0.718502
2,83,0.716589
2,84,0.714959
2,85,0.713426
2,86,0.711708
2,87,0.709514
2,88,0.706664
2,89,0.703159
2,90,0.699214
2,91,0.695174
2,92,0.691445
2,93,0.688377
2,94,0.686219
2,95,0.685114
3,0,0.698651
3,1,0.698581
3,2,0.698486
3,3,0.698431
3,4,0.698466
3,5,0.698591
3,6,0.698754
3,7,0.698857
3,8,0.698794
3,9,0.698465
3,10,0.697804
3,11,0.696782
3,12,0.695398
3,13,0.693689
3,14,0.691726
3,15,0.689618
3,16,0.687509
3,17,0.68556
3,18,0.683925
3,19,0.682724
3,20,0.682026
3,21,0.681853
3,22,0.682197
3,23,0.683047
3,24,0.684405
3,25,0.686289
3,26,0.688695
3,27,0.691574
3,28,0.694794
3,29,0.698129
3,30,0.701297
3,31,0.704013
3,32,0.706051
3,33,0.707296
3,34,0.707751
3,35,0.707517
3,36,0.706753
3,37,0.705613
3,38,0.704218
3,39,0.702617
3,40,0.700805
3,41,0.698729
3,42,0.696343
3,43,0.693639
3,44,0.690678
3,45,0.687617
3,46,0.684678
3,47,0.682126
3,48,0.680225
3,49,0.679202
3,50,0.679216
3,51,0.680344
3,52,0.682564
3,53,0.685745
3,54,0.689652
3,55,0.693947
3,56,0.698231
3,57,0.702075
3,58,0.705108
3,59,0.707064
3,60,0.707843
3,61,0.707536
3,62,0.706413
3,63,0.704875
3,64,0.703396
3,65,0.702432
3,66,0.702345
3,67,0.703345
3,68,0.705464
3,69,0.708552
3,70,0.712316
3,71,0.716375
3,72,0.720322
3,73,0.723782
3,74,0.726457
3,75,0.728156
3,76,0.728805
3,77,0.728445
3,78,0.727211
3,79,0.725315
3,80,0.723027
3,81,0.720629
3,82,0.718361
3,83,0.716363
3,84,0.714631
3,85,0.713012
3,86,0.711248
3,87,0.709064
3,88,0.706284
3,89,0.702899
3,90,0.699107
3,91,0.695233
3,92,0.691661
3,93,0.688726
3,94,0.686663
3,95,0.685607
4,0,0.703701
4,1,0.703505
4,2,0.703168
4,3,0.702775
4,4,0.702398
4,5,0.702065
4,6,0.701745
4,7,0.70136
4,8,0.700816
4,9,0.700025
4,10,0.698931
4,11,0.697516
4,12,0.695799
4,13,0.693833
4,14,0.691712
4,15,0.689559
4,16,0.687527
4,17,0.685776
4,18,0.684448
4,19,0.683641
4,20,0.683389
4,21,0.683669
4,22,0.684415
4,23,0.685554
4,24,0.687031
4,25,0.68882
4,26,0.690911
4,27,0.693287
4,28,0.695884
4,29,0.698571
4,30,0.701163
4,31,0.703443
4,32,0.705211
4,33,0.706325
4,34,0.706733
4,35,0.706461
4,36,0.705607
4,37,0.704301
4,38,0.702673
4,39,0.70083
4,40,0.698841
4,41,0.696735
4,42,0.694523
4,43,0.692216
4,44,0.68985
4,45,0.687513
4,46,0.685333
4,47,0.683479
4,48,0.682135
4,49,0.681481
4,50,0.681662
4,51,0.682766
4,52,0.684797
4,53,0.68766
4,54,0.691151
4,55,0.694966
4,56,0.698741
4,57,0.702082
4,58,0.70465
4,59,0.706214
4,60,0.706699
4,61,0.706212
4,62,0.705026
4,63,0.703534
4,64,0.702182
4,65,0.701389
4,66,0.701464
4,67,0.702567
4,68,0.704688
4,69,0.707663
4,70,0.711218
4,71,0.715019
4,72,0.718729
4,73,0.722038
4,74,0.724693
4,75,0.726514
4,76,0.727402
4,77,0.727345
4,78,0.726414
4,79,0.724766
4,80,0.722633
4,81,0.720281
4,82,0.717962
4,83,0.715845
4,84,0.713965
4,85,0.712213
4,86,0.710369
4,87,0.708185
4,88,0.705493
4,89,0.702277
4,90,0.698711
4,91,0.695091
4,92,0.691767
4,93,0.689044
4,94,0.687136
4,95,0.68616
5,0,0.708881
5,1,0.708568
5,2,0.708004
5,3,0.707289
5,4,0.706513
5,5,0.705727
5,6,0.704923
5,7,0.704044
5,8,0.703011
5,9,0.70175
5,10,0.700217
5,11,0.698412
5,12,0.696371
5,13,0.694171
5,14,0.691924
5,15,0.689769
5,16,0.687863
5,17,0.686361
5,18,0.685384
5,19,0.684998
5,20,0.685196
5,21,0.685903
5,22,0.686995
5,23,0.688343
5,24,0.689838
5,25,0.691426
5,26,0.693098
5,27,0.694879
5,28,0.696779
5,29,0.698767
5,30,0.70075
5,31,0.702577
5,32,0.70407
5,33,0.70506
5,34,0.705428
5,35,0.705126
5,36,0.704188
5,37,0.702715
5,38,0.700856
5,39,0.69877
5,40,0.696607
5,41,0.694478
5,42,0.692452
5,43,0.690561
5,44,0.688813
5,45,0.687223
5,46,0.685827
5,47,0.684696
5,48,0.683937
5,49,0.683684
5,50,0.684064
5,51,0.685176
5,52,0.68705
5,53,0.689617
5,54,0.692705
5,55,0.696043
5,56,0.699302
5,57,0.702132
5,58,0.704236
5,59,0.70542
5,60,0.705641
5,61,0.705018
5,62,0.703826
5,63,0.702437
5,64,0.701262
5,65,0.700667
5,66,0.700906
5,67,0.702082
5,68,0.704145
5,69,0.706922
5,70,0.710163
5,71,0.713595
5,72,0.716958
5,73,0.720018
5,74,0.722575
5,75,0.724467
5,76,0.725572
5,77,0.725821
5,78,0.725216
5,79,0.723846
5,80,0.721892
5,81,0.719596
5,82,0.717213
5,83,0.714939
5,84,0.71286
5,85,0.710919
5,86,0.708952
5,87,0.706748
5,88,0.704157
5,89,0.701157
5,90,0.697895
5,91,0.694624
5,92,0.691649
5,93,0.68923
5,94,0.687545
5,95,0.686687
6,0,0.713658
6,1,0.713256
6,2,0.712518
6,3,0.711546
6,4,0.710439
6,5,0.709263
6,6,0.70803
6,7,0.706701
6,8,0.705217
6,9,0.70352
6,10,0.701582
6,11,0.699421
6,12,0.697098
6,13,0.69471
6,14,0.692392
6,15,0.690293
6,16,0.688571
6,17,0.687367
6,18,0.68677
6,19,0.686807
6,20,0.687421
6,21,0.688484
6,22,0.68982
6,23,0.691251
6,24,0.692634
6,25,0.693901
6,26,0.69506
6,27,0.696181
6,28,0.697354
6,29,0.698635
6,30,0.700017
6,31,0.701403
6,32,0.702629
6,33,0.703498
6,34,0.703829
6,35,0.703502
6,36,0.702494
6,37,0.700879
6,38,0.698818
6,39,0.696524
6,40,0.694217
6,41,0.692084
6,42,0.690247
6,43,0.688754
6,44,0.687586
6,45,0.686697
6,46,0.686037
6,47,0.685591
6,48,0.685397
6,49,0.685546
6,50,0.686151
6,51,0.687317
6,52,0.689087
6,53,0.691415
6,54,0.694152
6,55,0.697058
6,56,0.699841
6,57,0.702197
6,58,0.703878
6,59,0.704735
6,60,0.704755
6,61,0.704071
6,62,0.702949
6,63,0.701732
6,64,0.700785
6,65,0.700414
6,66,0.70081
6,67,0.702022
6,68,0.703963
6,69,0.706458
6,70,0.709288
6,71,0.712245
6,72,0.715152
6,73,0.717857
6,74,0.720221
6,75,0.722106
6,76,0.723372
6,77,0.723897
6,78,0.723613
6,79,0.722531
6,80,0.720768
6,81,0.718531
6,82,0.716067
6,83,0.713601
6,84,0.711269
6,85,0.709082
6,86,0.706943
6,87,0.704693
6,88,0.70221
6,89,0.699468
6,90,0.696583
6,91,0.693755
6,92,0.691228
6,93,0.689204
6,94,0.687811
6,95,0.687108
7,0,0.717581
7,1,0.717134
7,2,0.7163
7,3,0.715173
7,4,0.713847
7,5,0.71239
7,6,0.710827
7,7,0.709134
7,8,0.707271
7,9,0.705199
7,10,0.702914
7,11,0.700455
7,12,0.697907
7,13,0.695394
7,14,0.693069
7,15,0.691093
7,16,0.689613
7,17,0.688748
7,18,0.688548
7,19,0.688991
7,20,0.689965
7,21,0.691291
7,22,0.692746
7,23,0.694122
7,24,0.69526
7,25,0.696099
7,26,0.696675
7,27,0.697113
7,28,0.697571
7,29,0.698179
7,30,0.698995
7,31,0.699966
7,32,0.700934
7,33,0.701676
7,34,0.701961
7,35,0.701611
7,36,0.700552
7,37,0.698839
7,38,0.69664
7,39,0.694205
7,40,0.691813
7,41,0.689708
7,42,0.688054
7,43,0.68691
7,44,0.68624
7,45,0.685945
7,46,0.685911
7,47,0.686056
7,48,0.686365
7,49,0.686892
7,50,0.687735
7,51,0.688996
7,52,0.690724
7,53,0.692882
7,54,0.69534
7,55,0.697882
7,56,0.700256
7,57,0.702206
7,58,0.703535
7,59,0.704143
7,60,0.704047
7,61,0.70339
7,62,0.702421
7,63,0.701445
7,64,0.700772
7,65,0.700645
7,66,0.70119
7,67,0.702405
7,68,0.704175
7,69,0.706325
7,70,0.708673
7,71,0.711076
7,72,0.713441
7,73,0.715698
7,74,0.717774
7,75,0.719561
7,76,0.720913
7,77,0.721662
7,78,0.721669
7,79,0.720863
7,80,0.719291
7,81,0.71711
7,82,0.71455
7,83,0.71186
7,84,0.70923
7,85,0.706747
7,86,0.704391
7,87,0.702072
7,88,0.699699
7,89,0.69725
7,90,0.694801
7,91,0.692495
7,92,0.6905
7,93,0.688946
7,94,0.687903
7,95,0.687385
8,0,0.720334
8,1,0.719892
8,2,0.719053
8,3,0.71789
8,4,0.716479
8,5,0.714874
8,6,0.713102
8,7,0.711151
8,8,0.708999
8,9,0.706632
8,10,0.704069
8,11,0.701379
8,12,0.698674
8,13,0.696104
8,14,0.69384
8,15,0.692048
8,16,0.690863
8,17,0.69037
8,18,0.690574
8,19,0.691396
8,20,0.692668
8,21,0.694161
8,22,0.695619
8,23,0.696819
8,24,0.697606
8,25,0.697945
8,26,0.697913
8,27,0.697688
8,28,0.697483
8,29,0.697485
8,30,0.697792
8,31,0.698378
8,32,0.69909
8,33,0.699687
8,34,0.699904
8,35,0.699525
8,36,0.698443
8,37,0.696691
8,38,0.694441
8,39,0.691963
8,40,0.689567
8,41,0.687533
8,42,0.68605
8,43,0.685186
8,44,0.684894
8,45,0.685044
8,46,0.685484
8,47,0.686086
8,48,0.686801
8,49,0.687655
8,50,0.688727
8,51,0.690107
8,52,0.691839
8,53,0.693887
8,54,0.696131
8,55,0.698378
8,56,0.700416
8,57,0.702039
8,58,0.703103
8,59,0.703552
8,60,0.703432
8,61,0.702887
8,62,0.702144
8,63,0.701466
8,64,0.701104
8,65,0.701234
8,66,0.701924
8,67,0.703126
8,68,0.704702
8,69,0.706484
8,70,0.708325
8,71,0.710144
8,72,0.711923
8,73,0.713674
8,74,0.715388
8,75,0.716997
8,76,0.718355
8,77,0.719261
8,78,0.71951
8,79,0.718953
8,80,0.717557
8,81,0.715422
8,82,0.712753
8,83,0.709819
8,84,0.706862
8,85,0.70405
8,86,0.701449
8,87,0.699043
8,88,0.696785
8,89,0.69465
8,90,0.692681
8,91,0.690949
8,92,0.689544
8,93,0.688512
8,94,0.687857
8,95,0.687545
9,0,0.72179
9,1,0.721398
9,2,0.720638
9,3,0.71955
9,4,0.718178
9,5,0.716551
9,6,0.714689
9,7,0.712585
9,8,0.710238
9,9,0.707658
9,10,0.704892
9,11,0.702041
9,12,0.699247
9,13,0.696685
9,14,0.694543
9,15,0.692987
9,16,0.692135
9,17,0.692035
9,18,0.692639
9,19,0.693811
9,20,0.695327
9,21,0.696913
9,22,0.698293
9,23,0.69924
9,24,0.699624
9,25,0.699448
9,26,0.698838
9,27,0.698017
9,28,0.697239
9,29,0.696723
9,30,0.69659
9,31,0.696823
9,32,0.697274
9,33,0.697698
9,34,0.697817
9,35,0.6974
9,36,0.696321
9,37,0.6946
9,38,0.6924
9,39,0.689988
9,40,0.68768
9,41,0.685763
9,42,0.684435
9,43,0.68377
9,44,0.683717
9,45,0.684143
9,46,0.68488
9,47,0.685785
9,48,0.686787
9,49,0.687893
9,50,0.68916
9,51,0.690655
9,52,0.692406
9,53,0.69437
9,54,0.696435
9,55,0.698434
9,56,0.700194
9,57,0.701561
9,58,0.702441
9,59,0.702817
9,60,0.702755
9,61,0.702394
9,62,0.701934
9,63,0.70159
9,64,0.701556
9,65,0.701949
9,66,0.702785
9,67,0.703979
9,68,0.705375
9,69,0.706811
9,70,0.708174
9,71,0.709433
9,72,0.71064
9,73,0.711875
9,74,0.713194
9,75,0.714569
9,76,0.715868
9,77,0.716865
9,78,0.717301
9,79,0.716953
9,80,0.715709
9,81,0.713607
9,82,0.710825
9,83,0.707641
9,84,0.704353
9,85,0.701206
9,86,0.698357
9,87,0.695865
9,88,0.693725
9,89,0.69192
9,90,0.690447
9,91,0.689313
9,92,0.688519
9,93,0.688028
9,94,0.687774
9,95,0.687675
10,0,0.722022
10,1,0.721711
10,2,0.721088
10,3,0.720154
10,4,0.718911
10,5,0.717358
10,6,0.715498
10,7,0.713329
10,8,0.710866
10,9,0.708148
10,10,0.705251
10,11,0.702307
10,12,0.699488
10,13,0.696992
10,14,0.695019
10,15,0.693734
10,16,0.693233
10,17,0.693528
10,18,0.694521
10,19,0.696017
10,20,0.697741
10,21,0.699384
10,22,0.700654
10,23,0.701335
10,24,0.701331
10,25,0.700689
10,26,0.699583
10,27,0.698273
10,28,0.697039
10,29,0.69611
10,30,0.695609
10,31,0.695523
10,32,0.695708
10,33,0.695928
10,34,0.695918
10,35,0.695452
10,36,0.694405
10,37,0.692783
10,38,0.690731
10,39,0.688491
10,40,0.686356
10,41,0.684595
10,42,0.683399
10,43,0.682845
10,44,0.682892
10,45,0.683423
10,46,0.684282
10,47,0.685333
10,48,0.686498
10,49,0.687768
10,50,0.689168
10,51,0.690738
10,52,0.692479
10,53,0.69434
10,54,0.696218
10,55,0.697978
10,56,0.699491
10,57,0.700652
10,58,0.701412
10,59,0.701784
10,60,0.701842
10,61,0.701713
10,62,0.701563
10,63,0.701564
10,64,0.701857
10,65,0.70251
10,66,0.703497
10,67,0.704704
10,68,0.705965
10,69,0.707123
10,70,0.708088
10,71,0.708871
10,72,0.709574
10,73,0.710339
10,74,0.711276
10,75,0.712401
10,76,0.7136
10,77,0.714635
10,78,0.715205
10,79,0.71502
10,80,0.713899
10,81,0.711819
10,82,0.708929
10,83,0.705517
10,84,0.701925
10,85,0.698473
10,86,0.695402
10,87,0.692842
10,88,0.690832
10,89,0.689354
10,90,0.688371
10,91,0.687819
10,92,0.687618
10,93,0.687651
10,94,0.687784
10,95,0.68789
11,0,0.721266
11,1,0.721048
11,2,0.720585
11,3,0.719838
11,4,0.718765
11,5,0.717331
11,6,0.715524
11,7,0.713346
11,8,0.710828
11,9,0.708034
11,10,0.705072
11,11,0.702098
11,12,0.699311
11,13,0.696925
11,14,0.695151
11,15,0.694149
11,16,0.693996
11,17,0.694671
11,18,0.69603
11,19,0.69783
11,20,0.699752
11,21,0.701457
11,22,0.702643
11,23,0.703111
11,24,0.7028
11,25,0.701799
11,26,0.700325
11,27,0.698664
11,28,0.697106
11,29,0.695873
11,30,0.69508
11,31,0.694711
11,32,0.694631
11,33,0.694628
11,34,0.694465
11,35,0.693945
11,36,0.692952
11,37,0.691486
11,38,0.689659
11,39,0.687672
11,40,0.685769
11,41,0.684184
11,42,0.683086
11,43,0.682554
11,44,0.682573
11,45,0.683056
11,46,0.683884
11,47,0.684943
11,48,0.686157
11,49,0.687496
11,50,0.688952
11,51,0.690524
11,52,0.692187
11,53,0.693881
11,54,0.695521
11,55,0.697012
11,56,0.698273
11,57,0.699251
11,58,0.699931
11,59,0.700343
11,60,0.700557
11,61,0.700677
11,62,0.700836
11,63,0.701164
11,64,0.701762
11,65,0.702659
11,66,0.703803
11,67,0.705057
11,68,0.706249
11,69,0.707225
11,70,0.70791
11,71,0.708341
11,72,0.708659
11,73,0.709048
11,74,0.709665
11,75,0.710566
11,76,0.711658
11,77,0.712697
11,78,0.713352
11,79,0.713285
11,80,0.712255
11,81,0.710191
11,82,0.707215
11,83,0.70362
11,84,0.699788
11,85,0.6961
11,86,0.692864
11,87,0.690274
11,88,0.688404
11,89,0.687238
11,90,0.686706
11,91,0.686684
11,92,0.687017
11,93,0.68752
11,94,0.687998
11,95,0.688287
12,0,0.719883
12,1,0.719749
12,2,0.719432
12,3,0.718856
12,4,0.717941
12,5,0.716622
12,6,0.714876
12,7,0.712709
12,8,0.710169
12,9,0.707347
12,10,0.704372
12,11,0.701422
12,12,0.698711
12,13,0.696466
12,14,0.694899
12,15,0.694167
12,16,0.694335
12,17,0.695354
12,18,0.69705
12,19,0.699141
12,20,0.701274
12,21,0.703086
12,22,0.704267
12,23,0.704631
12,24,0.704145
12,25,0.702934
12,26,0.701245
12,27,0.69938
12,28,0.697627
12,29,0.696197
12,30,0.695188
12,31,0.694579
12,32,0.69425
12,33,0.694021
12,34,0.6937
12,35,0.693127
12,36,0.692207
12,37,0.690929
12,38,0.689371
12,39,0.687677
12,40,0.68603
12,41,0.68461
12,42,0.683564
12,43,0.682974
12,44,0.682856
12,45,0.683175
12,46,0.683858
12,47,0.684821
12,48,0.685994
12,49,0.68732
12,50,0.688748
12,51,0.690235
12,52,0.691723
12,53,0.693155
12,54,0.694475
12,55,0.695635
12,56,0.696614
12,57,0.697403
12,58,0.698017
12,59,0.698485
12,60,0.69886
12,61,0.699218
12,62,0.699654
12,63,0.700267
12,64,0.701127
12,65,0.702243
12,66,0.703542
12,67,0.704879
12,68,0.706075
12,69,0.706975
12,70,0.707512
12,71,0.707738
12,72,0.707814
12,73,0.707956
12,74,0.708351
12,75,0.709086
12,76,0.710086
12,77,0.711111
12,78,0.711811
12,79,0.711817
12,80,0.710848
12,81,0.708801
12,82,0.705777
12,83,0.702075
12,84,0.6981
12,85,0.694278
12,86,0.690965
12,87,0.688398
12,88,0.686678
12,89,0.685791
12,90,0.68564
12,91,0.686056
12,92,0.686826
12,93,0.687708
12,94,0.688466
12,95,0.688902
13,0,0.718247
13,1,0.718175
13,2,0.717962
13,3,0.717506
13,4,0.716696
13,5,0.715449
13,6,0.713735
13,7,0.711572
13,8,0.709024
13,9,0.706203
13,10,0.703255
13,11,0.700369
13,12,0.697764
13,13,0.695668
13,14,0.694296
13,15,0.693799
13,16,0.694238
13,17,0.695551
13,18,0.697546
13,19,0.699918
13,20,0.702292
13,21,0.704282
13,22,0.70557
13,23,0.705973
13,24,0.705473
13,25,0.704216
13,26,0.702468
13,27,0.700539
13,28,0.69871
13,29,0.697178
13,30,0.696025
13,31,0.695229
13,32,0.694687
13,33,0.694256
13,34,0.693791
13,35,0.693175
13,36,0.692337
13,37,0.691258
13,38,0.689974
13,39,0.688569
13,40,0.687155
13,41,0.685862
13,42,0.684808
13,43,0.684088
13,44,0.683757
13,45,0.683837
13,46,0.684308
13,47,0.685117
13,48,0.686193
13,49,0.687445
13,50,0.688773
13,51,0.690086
13,52,0.691301
13,53,0.692369
13,54,0.693277
13,55,0.694038
13,56,0.694691
13,57,0.695271
13,58,0.69581
13,59,0.696325
13,60,0.696841
13,61,0.697396
13,62,0.698053
13,63,0.698885
13,64,0.699948
13,65,0.701241
13,66,0.702684
13,67,0.704126
13,68,0.705386
13,69,0.706305
13,70,0.70682
13,71,0.706983
13,72,0.706966
13,73,0.706998
13,74,0.707285
13,75,0.707927
13,76,0.708866
13,77,0.709865
13,78,0.710572
13,79,0.710606
13,80,0.709671
13,81,0.707648
13,82,0.704634
13,83,0.700926
13,84,0.696938
13,85,0.693115
13,86,0.689834
13,87,0.687354
13,88,0.685791
13,89,0.685132
13,90,0.685266
13,91,0.685994
13,92,0.68707
13,93,0.688216
13,94,0.689166
13,95,0.689703
14,0,0.716653
14,1,0.716613
14,2,0.716454
14,3,0.716051
14,4,0.715278
14,5,0.714044
14,6,0.71232
14,7,0.71014
14,8,0.707584
14,9,0.704781
14,10,0.701885
14,11,0.699087
14,12,0.6966
14,13,0.694648
14,14,0.69344
14,15,0.693128
14,16,0.693774
14,17,0.695319
14,18,0.697571
14,19,0.700215
14,20,0.702863
14,21,0.70511
14,22,0.706624
14,23,0.707212
14,24,0.706856
14,25,0.705707
14,26,0.704039
14,27,0.702163
14,28,0.700356
14,29,0.698802
14,30,0.697575
14,31,0.696655
14,32,0.695955
14,33,0.695368
14,34,0.694794
14,35,0.694157
14,36,0.693405
14,37,0.69251
14,38,0.69147
14,39,0.690306
14,40,0.689068
14,41,0.687835
14,42,0.686708
14,43,0.685799
14,44,0.685211
14,45,0.685022
14,46,0.685263
14,47,0.685905
14,48,0.686866
14,49,0.688013
14,50,0.689193
14,51,0.690264
14,52,0.691128
14,53,0.691753
14,54,0.692178
14,55,0.692485
14,56,0.692775
14,57,0.693123
14,58,0.693567
14,59,0.694101
14,60,0.694714
14,61,0.695404
14,62,0.696204
14,63,0.697175
14,64,0.698368
14,65,0.699781
14,66,0.701338
14,67,0.702888
14,68,0.704247
14,69,0.705254
14,70,0.705842
14,71,0.70606
14,72,0.706078
14,73,0.706125
14,74,0.706405
14,75,0.707024
14,76,0.707926
14,77,0.708884
14,78,0.709556
14,79,0.70957
14,80,0.708644
14,81,0.706665
14,82,0.703731
14,83,0.700137
14,84,0.696288
14,85,0.692617
14,86,0.689494
14,87,0.687175
14,88,0.685774
14,89,0.685283
14,90,0.685588
14,91,0.686485
14,92,0.687717
14,93,0.688994
14,94,0.690037
14,95,0.690623
15,0,0.715229
15,1,0.715198
15,2,0.715047
15,3,0.714643
15,4,0.713852
15,5,0.712584
15,6,0.710819
15,7,0.708606
15,8,0.706044
15,9,0.703271
15,10,0.700445
15,11,0.697748
15,12,0.695382
15,13,0.693556
15,14,0.692473
15,15,0.692288
15,16,0.693073
15,17,0.694787
15,18,0.697247
15,19,0.700146
15,20,0.703091
15,21,0.705658
15,22,0.707497
15,23,0.708391
15,24,0.708307
15,25,0.707389
15,26,0.705907
15,27,0.704172
15,28,0.702459
15,29,0.70095
15,30,0.699715
15,31,0.698739
15,32,0.697952
15,33,0.697274
15,34,0.696642
15,35,0.696012
15,36,0.695345
15,37,0.694605
15,38,0.693751
15,39,0.692754
15,40,0.691607
15,41,0.690355
15,42,0.689092
15,43,0.687954
15,44,0.687093
15,45,0.686642
15,46,0.686674
15,47,0.687171
15,48,0.688031
15,49,0.689072
15,50,0.690084
15,51,0.690884
15,52,0.691359
15,53,0.691506
15,54,0.691422
15,55,0.691257
15,56,0.691173
15,57,0.691277
15,58,0.691602
15,59,0.692116
15,60,0.692765
15,61,0.693511
15,62,0.694366
15,63,0.695384
15,64,0.69662
15,65,0.698085
15,66,0.69971
15,67,0.701345
15,68,0.702807
15,69,0.703933
15,70,0.704651
15,71,0.705005
15,72,0.705151
15,73,0.705304
15,74,0.705653
15,75,0.706293
15,76,0.707165
15,77,0.708054
15,78,0.708641
15,79,0.708591
15,80,0.707653
15,81,0.705744
15,82,0.702974
15,83,0.699625
15,84,0.696075
15,85,0.692716
15,86,0.689881
15,87,0.687795
15,88,0.686564
15,89,0.68618
15,90,0.686543
15,91,0.687464
15,92,0.688701
15,93,0.689974
15,94,0.691012
15,95,0.691594
16,0,0.713913
16,1,0.713877
16,2,0.713713
16,3,0.713283
16,4,0.712455
16,5,0.711141
16,6,0.709335
16,7,0.707101
16,8,0.704552
16,9,0.701832
16,10,0.699094
16,11,0.696511
16,12,0.694263
16,13,0.692544
16,14,0.691549
16,15,0.691438
16,16,0.6923
16,17,0.694119
16,18,0.696736
16,19,0.699862
16,20,0.703103
16,21,0.706022
16,22,0.708242
16,23,0.709516
16,24,0.709786
16,25,0.709175
16,26,0.707947
16,27,0.706409
16,28,0.704842
16,29,0.70343
16,30,0.702248
16,31,0.701286
16,32,0.700488
16,33,0.699792
16,34,0.69916
16,35,0.698567
16,36,0.697983
16,37,0.697357
16,38,0.696621
16,39,0.695702
16,40,0.694556
16,41,0.693206
16,42,0.691753
16,43,0.690364
16,44,0.68924
16,45,0.68856
16,46,0.688427
16,47,0.688823
16,48,0.689615
16,49,0.690572
16,50,0.691428
16,51,0.691966
16,52,0.692069
16,53,0.691764
16,54,0.691203
16,55,0.690601
16,56,0.690167
16,57,0.690031
16,58,0.690218
16,59,0.690665
16,60,0.69128
16,61,0.691995
16,62,0.692809
16,63,0.693779
16,64,0.694971
16,65,0.696412
16,66,0.698042
16,67,0.699718
16,68,0.70126
16,69,0.702503
16,70,0.70337
16,71,0.703896
16,72,0.70422
16,73,0.704528
16,74,0.704983
16,75,0.705655
16,76,0.70648
16,77,0.707258
16,78,0.707709
16,79,0.707551
16,80,0.706592
16,81,0.704788
16,82,0.702267
16,83,0.699291
16,84,0.696191
16,85,0.693293
16,86,0.690864
16,87,0.689083
16,88,0.688031
16,89,0.687705
16,90,0.688028
16,91,0.688849
16,92,0.68996
16,93,0.691111
16,94,0.692057
16,95,0.692589
17,0,0.712484
17,1,0.712446
17,2,0.712278
17,3,0.71184
17,4,0.711001
17,5,0.709681
17,6,0.707882
17,7,0.705679
17,8,0.703192
17,9,0.700568
17,10,0.697953
17,11,0.695503
17,12,0.693378
17,13,0.691756
17,14,0.690822
17,15,0.690744
17,16,0.691633
17,17,0.693501
17,18,0.696223
17,19,0.699531
17,20,0.703038
17,21,0.706295
17,22,0.708899
17,23,0.710571
17,24,0.71122
17,25,0.710946
17,26,0.71
17,27,0.70869
17,28,0.707302
17,29,0.706029
17,30,0.704952
17,31,0.704069
17,32,0.703329
17,33,0.702682
17,34,0.702102
17,35,0.701572
17,36,0.70106
17,37,0.700507
17,38,0.699817
17,39,0.698892
17,40,0.697665
17,41,0.696152
17,42,0.694472
17,43,0.692828
17,44,0.691466
17,45,0.690602
17,46,0.690356
17,47,0.690699
17,48,0.691465
17,49,0.692371
17,50,0.693111
17,51,0.693438
17,52,0.693239
17,53,0.692567
17,54,0.691623
17,55,0.690667
17,56,0.689944
17,57,0.689592
17,58,0.689626
17,59,0.689955
17,60,0.690459
17,61,0.691053
17,62,0.691732
17,63,0.692562
17,64,0.693627
17,65,0.694969
17,66,0.69654
17,67,0.698202
17,68,0.69978
17,69,0.701112
17,70,0.702117
17,71,0.702818
17,72,0.703328
17,73,0.703799
17,74,0.704356
17,75,0.705039
17,76,0.70578
17,77,0.706399
17,78,0.706669
17,79,0.706376
17,80,0.705399
17,81,0.703744
17,82,0.701552
17,83,0.699059
17,84,0.69653
17,85,0.694209
17,86,0.69228
17,87,0.690859
17,88,0.689997
17,89,0.689696
17,90,0.689913
17,91,0.690543
17,92,0.691432
17,93,0.692378
17,94,0.693167
17,95,0.693615
18,0,0.710664
18,1,0.710642
18,2,0.710506
18,3,0.710115
18,4,0.709341
18,5,0.708104
18,6,0.706408
18,7,0.70433
18,8,0.701992
18,9,0.699536
18,10,0.697099
18,11,0.694818
18,12,0.692835
18,13,0.691311
18,14,0.690426
18,15,0.690354
18,16,0.691231
18,17,0.693102
18,18,0.695874
18,19,0.699307
18,20,0.703022
18,21,0.706563
18,22,0.709505
18,23,0.711538
18,24,0.712541
18,25,0.712591
18,26,0.711927
18,27,0.710855
18,28,0.709667
18,29,0.708563
18,30,0.707631
18,31,0.706874
18,32,0.706243
18,33,0.70569
18,34,0.705191
18,35,0.704731
18,36,0.704273
18,37,0.703746
18,38,0.70304
18,39,0.702039
18,40,0.700667
18,41,0.698948
18,42,0.697027
18,43,0.695141
18,44,0.693576
18,45,0.692573
18,46,0.69226
18,47,0.69259
18,48,0.693363
18,49,0.694258
18,50,0.694935
18,51,0.695134
18,52,0.694745
18,53,0.693844
18,54,0.692658
18,55,0.691474
18,56,0.690547
18,57,0.690017
18,58,0.689884
18,59,0.69004
18,60,0.690355
18,61,0.69074
18,62,0.691199
18,63,0.691815
18,64,0.692685
18,65,0.693869
18,66,0.695324
18,67,0.696923
18,68,0.698492
18,69,0.699874
18,70,0.700987
18,71,0.701838
18,72,0.702511
18,73,0.703118
18,74,0.703742
18,75,0.704393
18,76,0.705002
18,77,0.70542
18,78,0.705481
18,79,0.70505
18,80,0.704077
18,81,0.702619
18,82,0.700824
18,83,0.69889
18,84,0.697009
18,85,0.695332
18,86,0.693953
18,87,0.692921
18,88,0.692255
18,89,0.691964
18,90,0.692038
18,91,0.692432
18,92,0.693047
18,93,0.693739
18,94,0.694336
18,95,0.694682
19,0,0.708242
19,1,0.708264
19,2,0.708216
19,3,0.707957
19,4,0.707353
19,5,0.706322
19,6,0.704861
19,7,0.703038
19,8,0.700968
19,9,0.698778
19,10,0.696593
19,11,0.694532
19,12,0.69272
19,13,0.691305
19,14,0.690464
19,15,0.690381
19,16,0.691217
19,17,0.693049
19,18,0.695818
19,19,0.699308
19,20,0.703155
19,21,0.706897
19,22,0.710094
19,23,0.712414
19,24,0.713712
19,25,0.714046
19,26,0.713644
19,27,0.712807
19,28,0.711829
19,29,0.710911
19,30,0.710146
19,31,0.709536
19,32,0.70903
19,33,0.70858
19,34,0.70816
19,35,0.70775
19,36,0.707311
19,37,0.706762
19,38,0.705985
19,39,0.704857
19,40,0.703304
19,41,0.701366
19,42,0.699211
19,43,0.697111
19,44,0.695382
19,45,0.694279
19,46,0.693929
19,47,0.694268
19,48,0.695068
19,49,0.695984
19,50,0.696659
19,51,0.696828
19,52,0.696387
19,53,0.69542
19,54,0.69416
19,55,0.692892
19,56,0.691859
19,57,0.691191
19,58,0.690875
19,59,0.690804
19,60,0.690853
19,61,0.690951
19,62,0.691123
19,63,0.691472
19,64,0.69211
19,65,0.693102
19,66,0.694411
19,67,0.695913
19,68,0.69744
19,69,0.698839
19,70,0.700024
19,71,0.700985
19,72,0.701778
19,73,0.702471
19,74,0.703108
19,75,0.703676
19,76,0.704111
19,77,0.704304
19,78,0.704156
19,79,0.703609
19,80,0.702683
19,81,0.70147
19,82,0.700119
19,83,0.698781
19,84,0.69757
19,85,0.696545
19,86,0.695716
19,87,0.695068
19,88,0.694591
19,89,0.6943
19,90,0.694223
19,91,0.694368
19,92,0.694698
19,93,0.695124
19,94,0.695518
19,95,0.695754
20,0,0.705182
20,1,0.705278
20,2,0.705378
20,3,0.705339
20,4,0.705021
20,5,0.70433
20,6,0.703247
20,7,0.701822
20,8,0.700147
20,9,0.698333
20,10,0.696483
20,11,0.694698
20,12,0.69309
20,13,0.691796
20,14,0.690995
20,15,0.690887
20,16,0.691657
20,17,0.693413
20,18,0.696129
20,19,0.699612
20,20,0.703509
20,21,0.707359
20,22,0.710713
20,23,0.713228
20,24,0.714746
20,25,0.715311
20,26,0.715141
20,27,0.714528
20,28,0.713759
20,29,0.713032
20,30,0.712431
20,31,0.711957
20,32,0.711555
20,33,0.711175
20,34,0.71079
20,35,0.71038
20,36,0.709903
20,37,0.709278
20,38,0.708383
20,39,0.707097
20,40,0.705353
20,41,0.703206
20,42,0.700848
20,43,0.698573
20,44,0.696716
20,45,0.695541
20,46,0.695167
20,47,0.695517
20,48,0.696347
20,49,0.697303
20,50,0.698027
20,51,0.69826
20,52,0.697905
20,53,0.697037
20,54,0.695871
20,55,0.694659
20,56,0.693615
20,57,0.692843
20,58,0.692329
20,59,0.691977
20,60,0.691694
20,61,0.691446
20,62,0.691292
20,63,0.691356
20,64,0.691757
20,65,0.692562
20,66,0.693729
20,67,0.695132
20,68,0.696606
20,69,0.698001
20,70,0.699224
20,71,0.700252
20,72,0.701108
20,73,0.701825
20,74,0.702412
20,75,0.702847
20,76,0.703081
20,77,0.703052
20,78,0.702725
20,79,0.702113
20,80,0.701288
20,81,0.700367
20,82,0.699481
20,83,0.698731
20,84,0.698157
20,85,0.697737
20,86,0.697406
20,87,0.697099
20,88,0.696784
20,89,0.696485
20,90,0.696261
20,91,0.69617
20,92,0.69623
20,93,0.696401
20,94,0.696601
20,95,0.696732
21,0,0.701665
21,1,0.70186
21,2,0.702157
21,3,0.70241
21,4,0.702472
21,5,0.702235
21,6,0.701653
21,7,0.70075
21,8,0.699589
21,9,0.698248
21,10,0.696807
21,11,0.695346
21,12,0.693965
21,13,0.692797
21,14,0.692029
21,15,0.69188
21,16,0.692563
21,17,0.694215
21,18,0.696837
21,19,0.700256
21,20,0.704128
21,21,0.707997
21,22,0.711414
21,23,0.714034
21,24,0.715695
21,25,0.716437
21,26,0.716466
21,27,0.716063
21,28,0.715495
21,29,0.714944
21,30,0.714482
21,31,0.714101
21,32,0.713744
21,33,0.713363
21,34,0.712934
21,35,0.712444
21,36,0.711856
21,37,0.711093
21,38,0.710039
21,39,0.708578
21,40,0.706652
21,41,0.704327
21,42,0.701808
21,43,0.699403
21,44,0.697455
21,45,0.696225
21,46,0.695827
21,47,0.696172
21,48,0.697018
21,49,0.698015
21,50,0.698822
21,51,0.699196
21,52,0.699039
21,53,0.698408
21,54,0.697474
21,55,0.696435
21,56,0.695454
21,57,0.694605
21,58,0.693874
21,59,0.6932
21,60,0.69254
21,61,0.691916
21,62,0.691428
21,63,0.691225
21,64,0.691427
21,65,0.69209
21,66,0.693158
21,67,0.694496
21,68,0.695934
21,69,0.697321
21,70,0.69856
21,71,0.699611
21,72,0.700471
21,73,0.701145
21,74,0.701625
21,75,0.701887
21,76,0.701911
21,77,0.701684
21,78,0.701231
21,79,0.70062
21,80,0.699957
21,81,0.699361
21,82,0.698937
21,83,0.698732
21,84,0.69872
21,85,0.698811
21,86,0.698888
21,87,0.69885
21,88,0.698653
21,89,0.69833
21,90,0.697968
21,91,0.697662
21,92,0.697477
21,93,0.697418
21,94,0.69744
21,95,0.697475
22,0,0.698055
22,1,0.698359
22,2,0.698877
22,3,0.69946
22,4,0.699956
22,5,0.700237
22,6,0.700232
22,7,0.69993
22,8,0.699356
22,9,0.698552
22,10,0.697566
22,11,0.696457
22,12,0.695312
22,13,0.694267
22,14,0.693522
22,15,0.693318
22,16,0.693899
22,17,0.695429
22,18,0.697929
22,19,0.701242
22,20,0.70503
22,21,0.708844
22,22,0.712241
22,23,0.714887
22,24,0.716624
22,25,0.717494
22,26,0.717693
22,27,0.71748
22,28,0.717096
22,29,0.716696
22,30,0.716331
22,31,0.71598
22,32,0.715586
22,33,0.715107
22,34,0.714532
22,35,0.713865
22,36,0.713083
22,37,0.712121
22,38,0.710872
22,39,0.709229
22,40,0.70714
22,41,0.704675
22,42,0.702044
22,43,0.699555
22,44,0.697545
22,45,0.696269
22,46,0.695831
22,47,0.696144
22,48,0.696974
22,49,0.697995
22,50,0.698894
22,51,0.699448
22,52,0.699559
22,53,0.699253
22,54,0.698642
22,55,0.697851
22,56,0.696981
22,57,0.696071
22,58,0.695115
22,59,0.694097
22,60,0.693045
22,61,0.692047
22,62,0.691258
22,63,0.690844
22,64,0.690922
22,65,0.691525
22,66,0.692571
22,67,0.693906
22,68,0.69535
22,69,0.696746
22,70,0.697987
22,71,0.699021
22,72,0.699829
22,73,0.7004
22,74,0.700721
22,75,0.700786
22,76,0.700611
22,77,0.700229
22,78,0.699716
22,79,0.699175
22,80,0.698726
22,81,0.698473
22,82,0.698483
22,83,0.698753
22,84,0.6992
22,85,0.699687
22,86,0.700062
22,87,0.700206
22,88,0.700072
22,89,0.699703
22,90,0.699206
22,91,0.698709
22,92,0.698307
22,93,0.698043
22,94,0.697907
22,95,0.697854
23,0,0.694767
23,1,0.695178
23,2,0.695911
23,3,0.69682
23,4,0.697745
23,5,0.698547
23,6,0.699127
23,7,0.699439
23,8,0.699468
23,9,0.699215
23,10,0.698693
23,11,0.697938
23,12,0.697027
23,13,0.6961
23,14,0.695375
23,15,0.69512
23,16,0.695604
23,17,0.697014
23,18,0.699384
23,19,0.702564
23,20,0.706224
23,21,0.709921
23,22,0.713229
23,23,0.71583
23,24,0.717585
23,25,0.718538
23,26,0.718876
23,27,0.718832
23,28,0.718611
23,29,0.718331
23,30,0.718014
23,31,0.717625
23,32,0.717107
23,33,0.716433
23,34,0.715614
23,35,0.714677
23,36,0.713622
23,37,0.712405
23,38,0.710932
23,39,0.709105
23,40,0.706874
23,41,0.704308
23,42,0.701609
23,43,0.699072
23,44,0.697022
23,45,0.695697
23,46,0.695198
23,47,0.695442
23,48,0.696215
23,49,0.697227
23,50,0.6982
23,51,0.698936
23,52,0.699333
23,53,0.699382
23,54,0.699126
23,55,0.698611
23,56,0.697866
23,57,0.696901
23,58,0.69572
23,59,0.694364
23,60,0.692938
23,61,0.691608
23,62,0.690582
23,63,0.690045
23,64,0.690102
23,65,0.690752
23,66,0.691877
23,67,0.693294
23,68,0.694802
23,69,0.696233
23,70,0.697474
23,71,0.698461
23,72,0.699168
23,73,0.699585
23,74,0.699712
23,75,0.699571
23,76,0.699218
23,77,0.698729
23,78,0.698217
23,79,0.697802
23,80,0.697598
23,81,0.697682
23,82,0.698079
23,83,0.698739
23,84,0.699537
23,85,0.700306
23,86,0.700876
23,87,0.701121
23,88,0.701001
23,89,0.700568
23,90,0.699945
23,91,0.699276
23,92,0.698685
23,93,0.698244
23,94,0.697967
23,95,0.697838
24,0,0.692131
24,1,0.692632
24,2,0.693547
24,3,0.694735
24,4,0.696035
24,5,0.697296
24,6,0.6984
24,7,0.69927
24,8,0.699853
24,9,0.700112
24,10,0.700026
24,11,0.699608
24,12,0.698927
24,13,0.698129
24,14,0.697448
24,15,0.697175
24,16,0.697598
24,17,0.698916
24,18,0.701168
24,19,0.704205
24,20,0.707699
24,21,0.711222
24,22,0.714371
24,23,0.716857
24,24,0.718566
24,25,0.719555
24,26,0.719998
24,27,0.7201
24,28,0.720021
24,29,0.719835
24,30,0.719529
24,31,0.71905
24,32,0.718346
24,33,0.717406
24,34,0.71627
24,35,0.714996
24,36,0.713614
24,37,0.712103
24,38,0.710389
24,39,0.70838
24,40,0.706026
24,41,0.703389
24,42,0.700653
24,43,0.698092
24,44,0.696007
24,45,0.694623
24,46,0.694034
24,47,0.694169
24,48,0.694842
24,49,0.695801
24,50,0.69681
24,51,0.697694
24,52,0.69835
24,53,0.698727
24,54,0.698801
24,55,0.698541
24,56,0.69791
24,57,0.696887
24,58,0.695494
24,59,0.693831
24,60,0.692082
24,61,0.690492
24,62,0.68932
24,63,0.688765
24,64,0.688912
24,65,0.689721
24,66,0.691031
24,67,0.692618
24,68,0.694254
24,69,0.695756
24,70,0.697
24,71,0.697921
24,72,0.698496
24,73,0.698729
24,74,0.698645
24,75,0.698304
24,76,0.697801
24,77,0.697249
24,78,0.696782
24,79,0.696521
24,80,0.696564
24,81,0.696952
24,82,0.697672
24,83,0.698634
24,84,0.699684
24,85,0.70064
24,86,0.701326
24,87,0.701621
24,88,0.701489
24,89,0.700992
24,90,0.700261
24,91,0.699454
24,92,0.69871
24,93,0.698121
24,94,0.697729
24,95,0.697535
25,0,0.690294
25,1,0.690858
25,2,0.691904
25,3,0.693294
25,4,0.69487
25,5,0.696477
25,6,0.697987
25,7,0.699299
25,8,0.700333
25,9,0.701022
25,10,0.701318
25,11,0.701213
25,12,0.700773
25,13,0.700144
25,14,0.699571
25,15,0.699357
25,16,0.699795
25,17,0.701081
25,18,0.703245
25,19,0.706135
25,20,0.709425
25,21,0.712709
25,22,0.715619
25,23,0.717908
25,24,0.719498
25,25,0.720462
25,26,0.720967
25,27,0.721186
25,28,0.721231
25,29,0.721125
25,30,0.720817
25,31,0.720234
25,32,0.719323
25,33,0.718094
25,34,0.716615
25,35,0.714981
25,36,0.713253
25,37,0.711437
25,38,0.70948
25,39,0.707297
25,40,0.704838
25,41,0.70215
25,42,0.699394
25,43,0.696816
25,44,0.694693
25,45,0.693228
25,46,0.692517
25,47,0.692504
25,48,0.693033
25,49,0.693897
25,50,0.694896
25,51,0.695877
25,52,0.696729
25,53,0.697367
25,54,0.697706
25,55,0.697643
25,56,0.697089
25,57,0.696
25,58,0.694418
25,59,0.6925
25,60,0.690505
25,61,0.688747
25,62,0.687529
25,63,0.687059
25,64,0.687399
25,65,0.688465
25,66,0.690047
25,67,0.691879
25,68,0.693701
25,69,0.69531
25,70,0.696573
25,71,0.697426
25,72,0.69786
25,73,0.697903
25,74,0.697615
25,75,0.697094
25,76,0.696472
25,77,0.695887
25,78,0.695483
25,79,0.695372
25,80,0.695627
25,81,0.696259
25,82,0.697221
25,83,0.698398
25,84,0.699621
25,85,0.7007
25,86,0.701462
25,87,0.701792
25,88,0.70166
25,89,0.70113
25,90,0.700337
25,91,0.699442
25,92,0.698596
25,93,0.697905
25,94,0.697429
25,95,0.697188
26,0,0.689189
26,1,0.689786
26,2,0.690901
26,3,0.692403
26,4,0.694136
26,5,0.695948
26,6,0.697709
26,7,0.69931
26,8,0.700659
26,9,0.701671
26,10,0.702285
26,11,0.70248
26,12,0.702313
26,13,0.701931
26,14,0.701574
26,15,0.701539
26,16,0.702102
26,17,0.703438
26,18,0.705558
26,19,0.708296
26,20,0.711336
26,21,0.714302
26,22,0.716875
26,23,0.718865
26,24,0.720239
26,25,0.7211
26,26,0.721611
26,27,0.721911
26,28,0.722067
26,29,0.722047
26,30,0.721756
26,31,0.721097
26,32,0.720012
26,33,0.718528
26,34,0.716739
26,35,0.714771
26,36,0.712721
26,37,0.710623
26,38,0.708443
26,39,0.706107
26,40,0.703564
26,41,0.700842
26,42,0.698075
26,43,0.695478
26,44,0.693299
26,45,0.691729
26,46,0.690863
26,47,0.690667
26,48,0.691021
26,49,0.691756
26,50,0.692703
26,51,0.693726
26,52,0.694704
26,53,0.695517
26,54,0.69603
26,55,0.696087
26,56,0.69556
26,57,0.694394
26,58,0.692653
26,59,0.690544
26,60,0.688389
26,61,0.686559
26,62,0.685388
26,63,0.685085
26,64,0.68569
26,65,0.687075
26,66,0.688984
26,67,0.691107
26,68,0.693153
26,69,0.694899
26,70,0.696205
26,71,0.697011
26,72,0.697325
26,73,0.697203
26,74,0.696742
26,75,0.696077
26,76,0.695367
26,77,0.694766
26,78,0.694416
26,79,0.694416
26,80,0.694816
26,81,0.695604
26,82,0.696716
26,83,0.698025
26,84,0.699358
26,85,0.700527
26,86,0.701364
26,87,0.701757
26,88,0.701676
26,89,0.701182
26,90,0.700405
26,91,0.699503
26,92,0.698629
26,93,0.6979
26,94,0.697386
26,95,0.697122
27,0,0.688595
27,1,0.689196
27,2,0.69032
27,3,0.69184
27,4,0.693607
27,5,0.695476
27,6,0.697324
27,7,0.699053
27,8,0.700572
27,9,0.701802
27,10,0.702678
27,11,0.703175
27,12,0.703343
27,13,0.703315
27,14,0.703313
27,15,0.703601
27,16,0.704418
27,17,0.705897
27,18,0.708015
27,19,0.710592
27,20,0.713325
27,21,0.715882
27,22,0.718007
27,23,0.719579
27,24,0.720628
27,25,0.721291
27,26,0.721735
27,27,0.722075
27,28,0.72233
27,29,0.722415
27,30,0.722188
27,31,0.721521
27,32,0.720343
27,33,0.718687
27,34,0.716667
27,35,0.714438
27,36,0.712128
27,37,0.709799
27,38,0.707441
27,39,0.704992
27,40,0.702395
27,41,0.699662
27,42,0.696896
27,43,0.694278
27,44,0.692029
27,45,0.690329
27,46,0.68928
27,47,0.688878
27,48,0.689037
27,49,0.689625
27,50,0.690497
27,51,0.691522
27,52,0.692562
27,53,0.693469
27,54,0.694067
27,55,0.694165
27,56,0.693615
27,57,0.692363
27,58,0.690497
27,59,0.688266
27,60,0.686037
27,61,0.684218
27,62,0.683163
27,63,0.683075
27,64,0.68397
27,65,0.685684
27,66,0.687923
27,67,0.690344
27,68,0.692627
27,69,0.694534
27,70,0.695915
27,71,0.696717
27,72,0.696961
27,73,0.696732
27,74,0.696158
27,75,0.6954
27,76,0.694635
27,77,0.694023
27,78,0.693698
27,79,0.693743
27,80,0.694195
27,81,0.695035
27,82,0.696194
27,83,0.697551
27,84,0.698944
27,85,0.700191
27,86,0.701128
27,87,0.701643
27,88,0.701697
27,89,0.701339
27,90,0.700684
27,91,0.699881
27,92,0.699075
27,93,0.698386
27,94,0.697892
27,95,0.697634
28,0,0.688257
28,1,0.688835
28,2,0.689913
28,3,0.691367
28,4,0.693055
28,5,0.694845
28,6,0.696633
28,7,0.698341
28,8,0.699904
28,9,0.701262
28,10,0.702362
28,11,0.703181
28,12,0.703759
28,13,0.704204
28,14,0.704697
28,15,0.705448
28,16,0.706635
28,17,0.708334
28,18,0.71048
28,19,0.712877
28,20,0.715245
28,21,0.717303
28,22,0.718869
28,23,0.719908
28,24,0.720518
28,25,0.720883
28,26,0.721181
28,27,0.721512
28,28,0.721853
28,29,0.722068
28,30,0.721967
28,31,0.72138
28,32,0.720216
28,33,0.718501
28,34,0.716358
28,35,0.713965
28,36,0.711479
28,37,0.708992
28,38,0.70652
28,39,0.704015
28,40,0.701415
28,41,0.698712
28,42,0.695975
28,43,0.693348
28,44,0.691027
28,45,0.689184
28,46,0.68794
28,47,0.687322
28,48,0.687285
28,49,0.687728
28,50,0.688521
28,51,0.689528
28,52,0.690589
28,53,0.691527
28,54,0.692136
28,55,0.692212
28,56,0.691601
28,57,0.690264
28,58,0.688313
28,59,0.686027
28,60,0.6838
28,61,0.682057
28,62,0.681153
28,63,0.681282
28,64,0.682438
28,65,0.684434
28,66,0.686952
28,67,0.689631
28,68,0.692134
28,69,0.694211
28,70,0.695705
28,71,0.696563
28,72,0.696818
28,73,0.69657
28,74,0.695965
28,75,0.695182
28,76,0.694402
28,77,0.693782
28,78,0.693442
28,79,0.693458
28,80,0.693862
28,81,0.694639
28,82,0.695741
28,83,0.697065
28,84,0.69847
28,85,0.699789
28,86,0.700862
28,87,0.701567
28,88,0.701851
28,89,0.701739
28,90,0.701324
28,91,0.700733
28,92,0.700099
28,93,0.699536
28,94,0.699122
28,95,0.698903
29,0,0.687987
29,1,0.688517
29,2,0.689502
29,3,0.690819
29,4,0.692335
29,5,0.693936
29,6,0.695545
29,7,0.69712
29,8,0.698632
29,9,0.700056
29,10,0.701361
29,11,0.702529
29,12,0.703586
29,13,0.7046
29,14,0.705695
29,15,0.707008
29,16,0.708642
29,17,0.710604
29,18,0.712784
29,19,0.714977
29,20,0.716926
29,21,0.718413
29,22,0.719338
29,23,0.719752
29,24,0.719828
29,25,0.719805
29,26,0.719882
29,27,0.720151
29,28,0.720557
29,29,0.720921
29,30,0.721
29,31,0.72058
29,32,0.719536
29,33,0.717874
29,34,0.715718
29,35,0.71326
29,36,0.710686
29,37,0.708122
29,38,0.705612
29,39,0.703123
29,40,0.70059
29,41,0.69798
29,42,0.695323
29,43,0.692724
29,44,0.690353
29,45,0.68838
29,46,0.686948
29,47,0.686127
29,48,0.685912
29,49,0.686229
29,50,0.686959
29,51,0.687949
29,52,0.689013
29,53,0.689944
29,54,0.69052
29,55,0.690534
29,56,0.689848
29,57,0.688443
29,58,0.686454
29,59,0.684179
29,60,0.682017
29,61,0.680388
29,62,0.679635
29,63,0.679936
29,64,0.681271
29,65,0.683446
29,66,0.686141
29,67,0.688992
29,68,0.691666
29,69,0.693905
29,70,0.695548
29,71,0.696535
29,72,0.696897
29,73,0.696736
29,74,0.696204
29,75,0.695478
29,76,0.694735
29,77,0.694119
29,78,0.693738
29,79,0.693662
29,80,0.693928
29,81,0.694544
29,82,0.695492
29,83,0.696707
29,84,0.698076
29,85,0.699454
29,86,0.700682
29,87,0.70163
29,88,0.702218
29,89,0.702442
29,90,0.702363
29,91,0.70208
29,92,0.701704
29,93,0.701338
29,94,0.701055
29,95,0.700901
30,0,0.687722
30,1,0.688185
30,2,0.689037
30,3,0.69016
30,4,0.691435
30,5,0.692771
30,6,0.694123
30,7,0.695494
30,8,0.696899
30,9,0.698353
30,10,0.699854
30,11,0.701388
30,12,0.702958
30,13,0.704586
30,14,0.706326
30,15,0.708233
30,16,0.710326
30,17,0.712546
30,18,0.714741
30,19,0.7167
30,20,0.7182
30,21,0.719083
30,22,0.71933
30,23,0.719075
30,24,0.718567
30,25,0.718097
30,26,0.717893
30,27,0.71805
30,28,0.718493
30,29,0.719005
30,30,0.719296
30,31,0.719102
30,32,0.718254
30,33,0.716731
30,34,0.714647
30,35,0.712204
30,36,0.709616
30,37,0.707046
30,38,0.704572
30,39,0.70218
30,40,0.699799
30,41,0.697366
30,42,0.694866
30,43,0.692363
30,44,0.689996
30,45,0.687938
30,46,0.686357
30,47,0.685367
30,48,0.685008
30,49,0.685234
30,50,0.685926
30,51,0.686911
30,52,0.687975
30,53,0.688883
30,54,0.689408
30,55,0.68935
30,56,0.688599
30,57,0.687162
30,58,0.685193
30,59,0.682992
30,60,0.680945
30,61,0.679447
30,62,0.678812
30,63,0.679201
30,64,0.680592
30,65,0.682798
30,66,0.685522
30,67,0.688425
30,68,0.691188
30,69,0.693561
30,70,0.695375
30,71,0.696558
30,72,0.697126
30,73,0.697167
30,74,0.696821
30,75,0.69625
30,76,0.695614
30,77,0.695039
30,78,0.694621
30,79,0.694426
30,80,0.694503
30,81,0.694892
30,82,0.695616
30,83,0.696655
30,84,0.697937
30,85,0.69934
30,86,0.700713
30,87,0.701912
30,88,0.702831
30,89,0.703431
30,90,0.703734
30,91,0.703807
30,92,0.703735
30,93,0.703604
30,94,0.703479
30,95,0.703405
31,0,0.687509
31,1,0.687889
31,2,0.688581
31,3,0.689475
31,4,0.69047
31,5,0.691501
31,6,0.692561
31,7,0.693696
31,8,0.694969
31,9,0.696435
31,10,0.698115
31,11,0.699999
31,12,0.702064
31,13,0.704279
31,14,0.706625
31,15,0.709075
31,16,0.711572
31,17,0.713996
31,18,0.716165
31,19,0.717871
31,20,0.718923
31,21,0.71922
31,22,0.718816
31,23,0.717914
31,24,0.716827
31,25,0.715896
31,26,0.715381
31,27,0.715386
31,28,0.71583
31,29,0.716467
31,30,0.716967
31,31,0.717017
31,32,0.7164
31,33,0.715059
31,34,0.713092
31,35,0.71071
31,36,0.708156
31,37,0.705635
31,38,0.703261
31,39,0.70104
31,40,0.698896
31,41,0.696734
31,42,0.694487
31,43,0.692172
31,44,0.689896
31,45,0.68783
31,46,0.686168
31,47,0.68507
31,48,0.684617
31,49,0.68479
31,50,0.68547
31,51,0.686464
31,52,0.687528
31,53,0.68841
31,54,0.688881
31,55,0.688766
31,56,0.687982
31,57,0.686567
31,58,0.684685
31,59,0.682621
31,60,0.680728
31,61,0.679356
31,62,0.678784
31,63,0.679154
31,64,0.680448
31,65,0.682514
31,66,0.685098
31,67,0.687907
31,68,0.690657
31,69,0.693112
31,70,0.695099
31,71,0.696527
31,72,0.697383
31,73,0.69773
31,74,0.697679
31,75,0.697368
31,76,0.696929
31,77,0.696468
31,78,0.696061
31,79,0.695772
31,80,0.695666
31,81,0.695813
31,82,0.696282
31,83,0.697101
31,84,0.698244
31,85,0.699617
31,86,0.701081
31,87,0.702481
31,88,0.703689
31,89,0.704628
31,90,0.705286
31,91,0.705692
31,92,0.705906
31,93,0.705998
31,94,0.706023
31,95,0.706024
32,0,0.687448
32,1,0.687738
32,2,0.688258
32,3,0.688912
32,4,0.689619
32,5,0.690344
32,6,0.691115
32,7,0.692019
32,8,0.693156
32,9,0.694616
32,10,0.69644
32,11,0.698615
32,12,0.70109
32,13,0.703786
32,14,0.706617
32,15,0.709486
32,16,0.712272
32,17,0.714811
32,18,0.716904
32,19,0.718351
32,20,0.718994
32,21,0.718779
32,22,0.717812
32,23,0.71635
32,24,0.714753
32,25,0.713398
32,26,0.712577
32,27,0.712411
32,28,0.712818
32,29,0.71354
32,30,0.714215
32,31,0.714485
32,32,0.714088
32,33,0.712927
32,34,0.711085
32,35,0.708777
32,36,0.706278
32,37,0.703836
32,38,0.701606
32,39,0.699616
32,40,0.697784
32,41,0.69598
32,42,0.694085
32,43,0.692064
32,44,0.689986
32,45,0.688016
32,46,0.686368
32,47,0.685242
32,48,0.684756
32,49,0.684914
32,50,0.685601
32,51,0.686604
32,52,0.687662
32,53,0.688512
32,54,0.688937
32,55,0.688788
32,56,0.68802
32,57,0.68669
32,58,0.684962
32,59,0.683093
32,60,0.68138
32,61,0.680119
32,62,0.679542
32,63,0.679776
32,64,0.680823
32,65,0.682576
32,66,0.684849
32,67,0.687413
32,68,0.690034
32,69,0.692499
32,70,0.694631
32,71,0.696318
32,72,0.697512
32,73,0.698239
32,74,0.698577
32,75,0.698627
32,76,0.698493
32,77,0.69825
32,78,0.697954
32,79,0.69766
32,80,0.697441
32,81,0.697392
32,82,0.697622
32,83,0.698206
32,84,0.699162
32,85,0.700429
32,86,0.701884
32,87,0.703374
32,88,0.704751
32,89,0.705913
32,90,0.706813
32,91,0.707454
32,92,0.707869
32,93,0.708116
32,94,0.708246
32,95,0.708299
33,0,0.687606
33,1,0.68781
33,2,0.688165
33,3,0.688595
33,4,0.689041
33,5,0.689494
33,6,0.690013
33,7,0.690711
33,8,0.691719
33,9,0.693148
33,10,0.695051
33,11,0.697409
33,12,0.700151
33,13,0.703158
33,14,0.706292
33,15,0.709404
33,16,0.71233
33,17,0.71488
33,18,0.716849
33,19,0.718054
33,20,0.718361
33,21,0.717753
33,22,0.716367
33,23,0.714489
33,24,0.712502
33,25,0.71081
33,26,0.709725
33,27,0.709389
33,28,0.70973
33,29,0.710489
33,30,0.711283
33,31,0.71172
33,32,0.711498
33,33,0.710486
33,34,0.708748
33,35,0.706507
33,36,0.704066
33,37,0.701717
33,38,0.699653
33,39,0.697929
33,40,0.696457
33,41,0.695075
33,42,0.693614
33,43,0.691985
33,44,0.690217
33,45,0.688457
33,46,0.686933
33,47,0.685869
33,48,0.685414
33,49,0.685592
33,50,0.686292
33,51,0.687293
33,52,0.688324
33,53,0.68913
33,54,0.689513
33,55,0.689358
33,56,0.688654
33,57,0.687472
33,58,0.68596
33,59,0.684329
33,60,0.682812
33,61,0.681635
33,62,0.680985
33,63,0.680976
33,64,0.681641
33,65,0.682934
33,66,0.684748
33,67,0.686933
33,68,0.68931
33,69,0.691696
33,70,0.693915
33,71,0.695832
33,72,0.697367
33,73,0.698508
33,74,0.699295
33,75,0.699797
33,76,0.70008
33,77,0.700187
33,78,0.700144
33,79,0.699986
33,80,0.699781
33,81,0.699638
33,82,0.69969
33,83,0.70005
33,84,0.700778
33,85,0.701849
33,86,0.703163
33,87,0.704578
33,88,0.705943
33,89,0.70714
33,90,0.708102
33,91,0.708809
33,92,0.709281
33,93,0.70957
33,94,0.709724
33,95,0.709788
34,0,0.687967
34,1,0.688098
34,2,0.688319
34,3,0.68857
34,4,0.688813
34,5,0.68906
34,6,0.689387
34,7,0.689922
34,8,0.690808
34,9,0.692167
34,10,0.694057
34,11,0.696457
34,12,0.699282
34,13,0.70239
34,14,0.705614
34,15,0.708773
34,16,0.711682
34,17,0.714141
34,18,0.715954
34,19,0.716951
34,20,0.717023
34,21,0.71617
34,22,0.714541
34,23,0.712423
34,24,0.710207
34,25,0.708299
34,26,0.707027
34,27,0.706548
34,28,0.706811
34,29,0.707564
34,30,0.708416
34,31,0.708957
34,32,0.708853
34,33,0.707947
34,34,0.706286
34,35,0.704098
34,36,0.701712
34,37,0.699457
34,38,0.697566
34,39,0.696114
34,40,0.695016
34,41,0.694084
34,42,0.693105
34,43,0.691939
34,44,0.690573
34,45,0.689131
34,46,0.687834
34,47,0.686922
34,48,0.686559
34,49,0.686783
34,50,0.68749
34,51,0.688461
34,52,0.689435
34,53,0.690174
34,54,0.690512
34,55,0.690372
34,56,0.689772
34,57,0.688785
34,58,0.687533
34,59,0.686166
34,60,0.684843
34,61,0.683718
34,62,0.682934
34,63,0.682601
34,64,0.682787
34,65,0.683516
34,66,0.684768
34,67,0.686471
34,68,0.688506
34,69,0.690722
34,70,0.692945
34,71,0.695025
34,72,0.696855
34,73,0.698394
34,74,0.699654
34,75,0.70067
34,76,0.701474
34,77,0.70207
34,78,0.702442
34,79,0.702594
34,80,0.702568
34,81,0.702465
34,82,0.702429
34,83,0.702598
34,84,0.703065
34,85,0.703843
34,86,0.704866
34,87,0.706013
34,88,0.707147
34,89,0.708148
34,90,0.708945
34,91,0.709509
34,92,0.709858
34,93,0.710043
34,94,0.71012
34,95,0.710143
35,0,0.688418
35,1,0.688502
35,2,0.688639
35,3,0.688781
35,4,0.688907
35,5,0.689035
35,6,0.689246
35,7,0.689668
35,8,0.69044
35,9,0.691683
35,10,0.693456
35,11,0.695743
35,12,0.698456
35,13,0.70145
35,14,0.70455
35,15,0.707569
35,16,0.710317
35,17,0.712601
35,18,0.71424
35,19,0.71508
35,20,0.715027
35,21,0.714085
35,22,0.712395
35,23,0.710228
35,24,0.707955
35,25,0.705973
35,26,0.704611
35,27,0.704042
35,28,0.704233
35,29,0.70495
35,30,0.705812
35,31,0.7064
35,32,0.706364
35,33,0.705528
35,34,0.703928
35,35,0.701791
35,36,0.699466
35,37,0.69731
35,38,0.695586
35,39,0.694393
35,40,0.693648
35,41,0.693149
35,42,0.692651
35,43,0.691973
35,44,0.691062
35,45,0.690011
35,46,0.689025
35,47,0.688335
35,48,0.68811
35,49,0.688396
35,50,0.689096
35,51,0.690004
35,52,0.690883
35,53,0.691527
35,54,0.691811
35,55,0.691697
35,56,0.691224
35,57,0.69046
35,58,0.689487
35,59,0.688386
35,60,0.687239
35,61,0.686133
35,62,0.685171
35,63,0.684465
35,64,0.684125
35,65,0.684246
35,66,0.684888
35,67,0.686052
35,68,0.687677
35,69,0.689638
35,70,0.691771
35,71,0.693917
35,72,0.695958
35,73,0.697839
35,74,0.699553
35,75,0.701113
35,76,0.702517
35,77,0.703723
35,78,0.704666
35,79,0.705297
35,80,0.705615
35,81,0.705693
35,82,0.705666
35,83,0.705683
35,84,0.705863
35,85,0.706257
35,86,0.70684
35,87,0.707527
35,88,0.708207
35,89,0.708779
35,90,0.70918
35,91,0.709388
35,92,0.709427
35,93,0.709359
35,94,0.709256
35,95,0.709186
36,0,0.688796
36,1,0.688867
36,2,0.688982
36,3,0.689103
36,4,0.68921
36,5,0.689319
36,6,0.6895
36,7,0.689863
36,8,0.690532
36,9,0.691618
36,10,0.693181
36,11,0.695211
36,12,0.697635
36,13,0.700324
36,14,0.703114
36,15,0.705833
36,16,0.708303
36,17,0.710349
36,18,0.711808
36,19,0.712544
36,20,0.712469
36,21,0.711582
36,22,0.71
36,23,0.70796
36,24,0.705798
36,25,0.703885
36,26,0.702542
36,27,0.701947
36,28,0.70209
36,29,0.702762
36,30,0.703602
36,31,0.704197
36,32,0.704198
36,33,0.703418
36,34,0.701883
36,35,0.699819
36,36,0.697579
36,37,0.695537
36,38,0.693976
36,39,0.69301
36,40,0.692569
36,41,0.692444
36,42,0.692376
36,43,0.692154
36,44,0.691696
36,45,0.691059
36,46,0.690421
36,47,0.689993
36,48,0.689932
36,49,0.690282
36,50,0.690956
36,51,0.69177
36,52,0.69252
36,53,0.693044
36,54,0.693263
36,55,0.693177
36,56,0.692838
36,57,0.6923
36,58,0.691598
36,59,0.690743
36,60,0.689744
36,61,0.688628
36,62,0.687467
36,63,0.68638
36,64,0.685522
36,65,0.685049
36,66,0.685092
36,67,0.685714
36,68,0.686897
36,69,0.68854
36,70,0.690493
36,71,0.6926
36,72,0.694747
36,73,0.696884
36,74,0.699
36,75,0.701096
36,76,0.703138
36,77,0.705035
36,78,0.706661
36,79,0.707899
36,80,0.708692
36,81,0.709064
36,82,0.709125
36,83,0.709024
36,84,0.708897
36,85,0.708834
36,86,0.708853
36,87,0.708917
36,88,0.708957
36,89,0.708903
36,90,0.708713
36,91,0.708384
36,92,0.707956
36,93,0.707511
36,94,0.707141
36,95,0.706931
37,0,0.68895
37,1,0.689044
37,2,0.689205
37,3,0.689394
37,4,0.689584
37,5,0.689774
37,6,0.69001
37,7,0.690372
37,8,0.690958
37,9,0.691865
37,10,0.693151
37,11,0.694818
37,12,0.696818
37,13,0.699053
37,14,0.70139
37,15,0.703686
37,16,0.705789
37,17,0.707551
37,18,0.70883
37,19,0.709506
37,20,0.709494
37,21,0.708778
37,22,0.707441
37,23,0.705676
37,24,0.70377
37,25,0.702054
37,26,0.700829
37,27,0.700277
37,28,0.700407
37,29,0.701039
37,30,0.701841
37,31,0.702425
37,32,0.702452
37,33,0.701735
37,34,0.700294
37,35,0.698345
37,36,0.696235
37,37,0.694336
37,38,0.692937
37,39,0.692164
37,40,0.691956
37,41,0.692114
37,42,0.692377
37,43,0.692526
37,44,0.692456
37,45,0.692197
37,46,0.691893
37,47,0.691725
37,48,0.691825
37,49,0.69223
37,50,0.69286
37,51,0.693556
37,52,0.694156
37,53,0.694545
37,54,0.694692
37,55,0.694629
37,56,0.694415
37,57,0.694085
37,58,0.693624
37,59,0.69298
37,60,0.692096
37,61,0.690952
37,62,0.689599
37,63,0.688168
37,64,0.68685
37,65,0.685854
37,66,0.685363
37,67,0.685485
37,68,0.686232
37,69,0.687524
37,70,0.689226
37,71,0.6912
37,72,0.693353
37,73,0.695651
37,74,0.698099
37,75,0.700689
37,76,0.703358
37,77,0.705966
37,78,0.708319
37,79,0.710226
37,80,0.711558
37,81,0.712285
37,82,0.71248
37,83,0.712279
37,84,0.711835
37,85,0.711268
37,86,0.710646
37,87,0.709984
37,88,0.709262
37,89,0.708453
37,90,0.707546
37,91,0.706563
37,92,0.705569
37,93,0.704669
37,94,0.703978
37,95,0.703602
38,0,0.68882
38,1,0.68897
38,2,0.689238
38,3,0.689577
38,4,0.68994
38,5,0.690301
38,6,0.690669
38,7,0.691089
38,8,0.691627
38,9,0.692356
38,10,0.693333
38,11,0.694576
38,12,0.696068
38,13,0.697749
38,14,0.699534
38,15,0.70132
38,16,0.702993
38,17,0.704437
38,18,0.705536
38,19,0.706182
38,20,0.706291
38,21,0.705826
38,22,0.704831
38,23,0.703446
38,24,0.701903
38,25,0.700484
38,26,0.699461
38,27,0.699011
38,28,0.699161
38,29,0.699762
38,30,0.700523
38,31,0.701089
38,32,0.701145
38,33,0.700513
38,34,0.699208
38,35,0.69743
38,36,0.695507
38,37,0.693792
38,38,0.692566
38,39,0.691952
38,40,0.691901
38,41,0.692231
38,42,0.692697
38,43,0.693085
38,44,0.693286
38,45,0.69331
38,46,0.693272
38,47,0.693315
38,48,0.693546
38,49,0.693984
38,50,0.694555
38,51,0.695125
38,52,0.695573
38,53,0.69583
38,54,0.695907
38,55,0.695863
38,56,0.695758
38,57,0.695604
38,58,0.695342
38,59,0.694867
38,60,0.694072
38,61,0.6929
38,62,0.691392
38,63,0.68969
38,64,0.688013
38,65,0.686605
38,66,0.685685
38,67,0.685384
38,68,0.685734
38,69,0.686673
38,70,0.688086
38,71,0.689862
38,72,0.69194
38,73,0.694319
38,74,0.69702
38,75,0.700035
38,76,0.703273
38,77,0.706543
38,78,0.709585
38,79,0.712135
38,80,0.713993
38,81,0.715071
38,82,0.715404
38,83,0.715111
38,84,0.714352
38,85,0.713275
38,86,0.711995
38,87,0.710578
38,88,0.709058
38,89,0.707454
38,90,0.705792
38,91,0.704124
38,92,0.70254
38,93,0.701167
38,94,0.700146
38,95,0.6996
39,0,0.688463
39,1,0.688695
39,2,0.689119
39,3,0.689671
39,4,0.690278
39,5,0.690879
39,6,0.691444
39,7,0.691977
39,8,0.692506
39,9,0.693082
39,10,0.693755
39,11,0.694555
39,12,0.695498
39,13,0.696573
39,14,0.697745
39,15,0.698967
39,16,0.70017
39,17,0.701273
39,18,0.702189
39,19,0.70282
39,20,0.70308
39,21,0.702907
39,22,0.702307
39,23,0.701361
39,24,0.700243
39,25,0.699182
39,26,0.698416
39,27,0.698109
39,28,0.698302
39,29,0.698881
39,30,0.699599
39,31,0.700144
39,32,0.700236
39,33,0.699713
39,34,0.698587
39,35,0.697037
39,36,0.695357
39,37,0.69387
39,38,0.692829
39,39,0.692348
39,40,0.692384
39,41,0.692775
39,42,0.693301
39,43,0.693774
39,44,0.694094
39,45,0.694267
39,46,0.694384
39,47,0.694557
39,48,0.694863
39,49,0.695304
39,50,0.695808
39,51,0.696261
39,52,0.696576
39,53,0.696725
39,54,0.696749
39,55,0.696724
39,56,0.696709
39,57,0.696692
39,58,0.696584
39,59,0.696239
39,60,0.695518
39,61,0.694341
39,62,0.692744
39,63,0.690875
39,64,0.688968
39,65,0.687286
39,66,0.68606
39,67,0.685434
39,68,0.68545
39,69,0.686061
39,70,0.687178
39,71,0.688726
39,72,0.690683
39,73,0.69308
39,74,0.695959
39,75,0.699307
39,76,0.703008
39,77,0.706824
39,78,0.710437
39,79,0.713519
39,80,0.715813
39,81,0.717183
39,82,0.717626
39,83,0.717243
39,84,0.716196
39,85,0.714653
39,86,0.712765
39,87,0.710647
39,88,0.708383
39,89,0.706039
39,90,0.703678
39,91,0.70138
39,92,0.69926
39,93,0.697463
39,94,0.696146
39,95,0.695448
40,0,0.688068
40,1,0.688398
40,2,0.689008
40,3,0.689809
40,4,0.690701
40,5,0.691585
40,6,0.692389
40,7,0.693076
40,8,0.693638
40,9,0.694096
40,10,0.694487
40,11,0.694854
40,12,0.695243
40,13,0.695694
40,14,0.696229
40,15,0.696862
40,16,0.697575
40,17,0.698329
40,18,0.69906
40,19,0.69968
40,20,0.700096
40,21,0.700222
40,22,0.700022
40,23,0.699525
40,24,0.698847
40,25,0.698163
40,26,0.697673
40,27,0.697526
40,28,0.697773
40,29,0.698332
40,30,0.699001
40,31,0.69952
40,32,0.699651
40,33,0.699252
40,34,0.698334
40,35,0.697051
40,36,0.695657
40,37,0.69443
40,38,0.693586
40,39,0.693215
40,40,0.693278
40,41,0.693631
40,42,0.694089
40,43,0.694496
40,44,0.69478
40,45,0.694951
40,46,0.695094
40,47,0.695297
40,48,0.695612
40,49,0.696026
40,50,0.696463
40,51,0.696825
40,52,0.697049
40,53,0.69713
40,54,0.697129
40,55,0.69713
40,56,0.697185
40,57,0.697268
40,58,0.697269
40,59,0.697022
40,60,0.696373
40,61,0.695232
40,62,0.693631
40,63,0.691717
40,64,0.689723
40,65,0.687911
40,66,0.68651
40,67,0.685663
40,68,0.685417
40,69,0.685746
40,70,0.686589
40,71,0.687911
40,72,0.689729
40,73,0.692104
40,74,0.695088
40,75,0.698661
40,76,0.702679
40,77,0.706868
40,78,0.710865
40,79,0.714303
40,80,0.716887
40,81,0.718447
40,82,0.718953
40,83,0.71849
40,84,0.717211
40,85,0.715294
40,86,0.712916
40,87,0.710228
40,88,0.707359
40,89,0.704415
40,90,0.701493
40,91,0.6987
40,92,0.696164
40,93,0.694044
40,94,0.692506
40,95,0.691696
41,0,0.687911
41,1,0.688343
41,2,0.689143
41,3,0.690201
41,4,0.691384
41,5,0.69256
41,6,0.693617
41,7,0.694478
41,8,0.695097
41,9,0.695463
41,10,0.6956
41,11,0.695555
41,12,0.695404
41,13,0.695235
41,14,0.695137
41,15,0.695186
41,16,0.695419
41,17,0.695834
41,18,0.696391
41,19,0.697001
41,20,0.697561
41,21,0.697961
41,22,0.698126
41,23,0.698041
41,24,0.697771
41,25,0.697443
41,26,0.697219
41,27,0.697229
41,28,0.697527
41,29,0.698061
41,30,0.698674
41,31,0.699159
41,32,0.69932
41,33,0.699042
41,34,0.698338
41,35,0.697334
41,36,0.696242
41,37,0.695286
41,38,0.694637
41,39,0.694358
41,40,0.694403
41,41,0.694646
41,42,0.694937
41,43,0.695159
41,44,0.695274
41,45,0.695315
41,46,0.695365
41,47,0.695504
41,48,0.695768
41,49,0.696131
41,50,0.696514
41,51,0.696826
41,52,0.697014
41,53,0.697083
41,54,0.697097
41,55,0.697135
41,56,0.697242
41,57,0.697386
41,58,0.697453
41,59,0.697276
41,60,0.696704
41,61,0.695648
41,62,0.694133
41,63,0.692296
41,64,0.690353
41,65,0.688548
41,66,0.687092
41,67,0.686118
41,68,0.685682
41,69,0.685778
41,70,0.686383
41,71,0.687499
41,72,0.689179
41,73,0.6915
41,74,0.694515
41,75,0.698188
41,76,0.702349
41,77,0.706697
41,78,0.710851
41,79,0.714428
41,80,0.717125
41,81,0.718758
41,82,0.719283
41,83,0.718766
41,84,0.717345
41,85,0.715194
41,86,0.712499
41,87,0.709435
41,88,0.706162
41,89,0.702821
41,90,0.699536
41,91,0.696431
41,92,0.693646
41,93,0.691339
41,94,0.689678
41,95,0.688806
42,0,0.688277
42,1,0.6888
42,2,0.689769
42,3,0.691057
42,4,0.692502
42,5,0.69394
42,6,0.695228
42,7,0.69625
42,8,0.696924
42,9,0.697207
42,10,0.697105
42,11,0.696667
42,12,0.695997
42,13,0.695238
42,14,0.69454
42,15,0.694044
42,16,0.69384
42,17,0.693959
42,18,0.694369
42,19,0.694977
42,20,0.69566
42,21,0.696283
42,22,0.696745
42,23,0.696997
42,24,0.697066
42,25,0.697041
42,26,0.69705
42,27,0.6972
42,28,0.697543
42,29,0.698048
42,30,0.698599
42,31,0.699036
42,32,0.69921
42,33,0.699033
42,34,0.69852
42,35,0.697774
42,36,0.696964
42,37,0.696262
42,38,0.695791
42,39,0.695582
42,40,0.695579
42,41,0.695672
42,42,0.695741
42,43,0.69571
42,44,0.695578
42,45,0.695402
42,46,0.69528
42,47,0.695291
42,48,0.695465
42,49,0.695769
42,50,0.696124
42,51,0.696438
42,52,0.696655
42,53,0.696772
42,54,0.696841
42,55,0.696927
42,56,0.697067
42,57,0.697231
42,58,0.697318
42,59,0.69718
42,60,0.696686
42,61,0.695753
42,62,0.694401
42,63,0.692746
42,64,0.690971
42,65,0.689284
42,66,0.687867
42,67,0.686844
42,68,0.686277
42,69,0.686187
42,70,0.686589
42,71,0.687524
42,72,0.689068
42,73,0.691303
42,74,0.694269
42,75,0.697904
42,76,0.702017
42,77,0.706297
42,78,0.710368
42,79,0.713862
42,80,0.716494
42,81,0.718092
42,82,0.718605
42,83,0.718081
42,84,0.716637
42,85,0.714424
42,86,0.71162
42,87,0.708409
42,88,0.70497
42,89,0.701466
42,90,0.698041
42,91,0.69483
42,92,0.691974
42,93,0.689624
42,94,0.687941
42,95,0.68706
43,0,0.68938
43,1,0.689968
43,2,0.69106
43,3,0.692515
43,4,0.694151
43,5,0.695784
43,6,0.697239
43,7,0.698373
43,8,0.699066
43,9,0.699247
43,10,0.698902
43,11,0.698086
43,12,0.696932
43,13,0.695632
43,14,0.694402
43,15,0.693444
43,16,0.692889
43,17,0.692789
43,18,0.693107
43,19,0.69373
43,20,0.694512
43,21,0.695298
43,22,0.695968
43,23,0.696458
43,24,0.696776
43,25,0.696984
43,26,0.697181
43,27,0.69745
43,28,0.697835
43,29,0.698313
43,30,0.698799
43,31,0.699178
43,32,0.69934
43,33,0.699228
43,34,0.69886
43,35,0.698323
43,36,0.697744
43,37,0.697251
43,38,0.696922
43,39,0.696757
43,40,0.696692
43,41,0.696626
43,42,0.696466
43,43,0.696173
43,44,0.695777
43,45,0.695364
43,46,0.695047
43,47,0.694911
43,48,0.69499
43,49,0.695253
43,50,0.69562
43,51,0.695992
43,52,0.696303
43,53,0.696525
43,54,0.696684
43,55,0.696823
43,56,0.69697
43,57,0.697106
43,58,0.697157
43,59,0.697015
43,60,0.696579
43,61,0.695783
43,62,0.694638
43,63,0.693231
43,64,0.691698
43,65,0.690201
43,66,0.688887
43,67,0.687862
43,68,0.687202
43,69,0.686957
43,70,0.687183
43,71,0.687953
43,72,0.689355
43,73,0.691464
43,74,0.694293
43,75,0.697751
43,76,0.701631
43,77,0.705626
43,78,0.709391
43,79,0.712602
43,80,0.715019
43,81,0.716497
43,82,0.716991
43,83,0.716529
43,84,0.715194
43,85,0.713105
43,86,0.710413
43,87,0.707293
43,88,0.703929
43,89,0.700494
43,90,0.697145
43,91,0.694018
43,92,0.691251
43,93,0.688984
43,94,0.687365
43,95,0.686519
44,0,0.691291
44,1,0.691906
44,2,0.693051
44,3,0.69458
44,4,0.696303
44,5,0.698024
44,6,0.699549
44,7,0.700708
44,8,0.701355
44,9,0.70139
44,10,0.700787
44,11,0.699607
44,12,0.698014
44,13,0.696254
44,14,0.6946
44,15,0.693303
44,16,0.692523
44,17,0.692313
44,18,0.692616
44,19,0.693287
44,20,0.694151
44,21,0.695037
44,22,0.695823
44,23,0.696448
44,24,0.69692
44,25,0.697289
44,26,0.697632
44,27,0.698005
44,28,0.698434
44,29,0.698895
44,30,0.699322
44,31,0.699633
44,32,0.699758
44,33,0.699665
44,34,0.699384
44,35,0.698987
44,36,0.698573
44,37,0.698229
44,38,0.697996
44,39,0.697851
44,40,0.69772
44,41,0.697515
44,42,0.697163
44,43,0.696653
44,44,0.696041
44,45,0.695433
44,46,0.694955
44,47,0.694704
44,48,0.694721
44,49,0.694981
44,50,0.695406
44,51,0.695892
44,52,0.69635
44,53,0.69672
44,54,0.696989
44,55,0.697173
44,56,0.69729
44,57,0.697339
44,58,0.697288
44,59,0.697076
44,60,0.69665
44,61,0.695965
44,62,0.695025
44,63,0.693881
44,64,0.692615
44,65,0.691335
44,66,0.690145
44,67,0.689137
44,68,0.688399
44,69,0.688015
44,70,0.688078
44,71,0.688685
44,72,0.689931
44,73,0.691866
44,74,0.69447
44,75,0.697623
44,76,0.701106
44,77,0.704636
44,78,0.707919
44,79,0.710698
44,80,0.712794
44,81,0.714107
44,82,0.714599
44,83,0.714279
44,84,0.713189
44,85,0.711398
44,86,0.709023
44,87,0.706211
44,88,0.703136
44,89,0.699972
44,90,0.696874
44,91,0.69398
44,92,0.691419
44,93,0.689319
44,94,0.68782
44,95,0.687036
45,0,0.693904
45,1,0.694501
45,2,0.695614
45,3,0.697103
45,4,0.698785
45,5,0.700461
45,6,0.70193
45,7,0.703005
45,8,0.703517
45,9,0.703349
45,10,0.702469
45,11,0.700949
45,12,0.69899
45,13,0.696881
45,14,0.694946
45,15,0.693468
45,16,0.692618
45,17,0.69243
45,18,0.692811
45,19,0.693573
45,20,0.694512
45,21,0.695447
45,22,0.69627
45,23,0.69694
45,24,0.697484
45,25,0.697955
45,26,0.69841
45,27,0.698881
45,28,0.699364
45,29,0.699823
45,30,0.700202
45,31,0.700442
45,32,0.700506
45,33,0.700391
45,34,0.700138
45,35,0.699815
45,36,0.699498
45,37,0.699242
45,38,0.699063
45,39,0.69892
45,40,0.698735
45,41,0.69843
45,42,0.697952
45,43,0.697308
45,44,0.69657
45,45,0.695854
45,46,0.695296
45,47,0.694998
45,48,0.695012
45,49,0.695321
45,50,0.695853
45,51,0.696495
45,52,0.697134
45,53,0.697673
45,54,0.698054
45,55,0.698261
45,56,0.698303
45,57,0.6982
45,58,0.697968
45,59,0.697606
45,60,0.697113
45,61,0.696474
45,62,0.695687
45,63,0.694766
45,64,0.693738
45,65,0.692651
45,66,0.691568
45,67,0.690565
45,68,0.689746
45,69,0.689223
45,70,0.689125
45,71,0.689568
45,72,0.690639
45,73,0.692358
45,74,0.694665
45,75,0.697413
45,76,0.700381
45,77,0.703325
45,78,0.706015
45,79,0.708277
45,80,0.710005
45,81,0.711146
45,82,0.711675
45,83,0.711577
45,84,0.710848
45,85,0.709503
45,86,0.707607
45,87,0.705273
45,88,0.702652
45,89,0.699903
45,90,0.697176
45,91,0.694603
45,92,0.692307
45,93,0.690411
45,94,0.68905
45,95,0.688335
46,0,0.696969
46,1,0.6975
46,2,0.698493
46,3,0.699825
46,4,0.70133
46,5,0.702822
46,6,0.704101
46,7,0.704972
46,8,0.705256
46,9,0.704828
46,10,0.703659
46,11,0.701842
46,12,0.699608
46,13,0.697289
46,14,0.69524
46,15,0.693758
46,16,0.693002
46,17,0.692972
46,18,0.693523
46,19,0.694423
46,20,0.695438
46,21,0.696391
46,22,0.697196
46,23,0.697851
46,24,0.69841
46,25,0.698941
46,26,0.699487
46,27,0.700052
46,28,0.700599
46,29,0.701074
46,30,0.701415
46,31,0.701585
46,32,0.701574
46,33,0.701407
46,34,0.701142
46,35,0.700845
46,36,0.700577
46,37,0.700371
46,38,0.700222
46,39,0.700079
46,40,0.699866
46,41,0.699515
46,42,0.698988
46,43,0.698305
46,44,0.697545
46,45,0.696827
46,46,0.696285
46,47,0.696022
46,48,0.696097
46,49,0.696505
46,50,0.697177
46,51,0.697996
46,52,0.698824
46,53,0.699526
46,54,0.700001
46,55,0.700197
46,56,0.700116
46,57,0.699798
46,58,0.699308
46,59,0.69871
46,60,0.698056
46,61,0.697369
46,62,0.696643
46,63,0.695862
46,64,0.694997
46,65,0.69404
46,66,0.693015
46,67,0.691986
46,68,0.691067
46,69,0.690402
46,70,0.690146
46,71,0.690425
46,72,0.691311
46,73,0.692788
46,74,0.694756
46,75,0.697046
46,76,0.699444
46,77,0.701754
46,78,0.70382
46,79,0.705554
46,80,0.706924
46,81,0.707924
46,82,0.708539
46,83,0.708729
46,84,0.708443
46,85,0.707639
46,86,0.706329
46,87,0.704579
46,88,0.702507
46,89,0.700252
46,90,0.697951
46,91,0.695726
46,92,0.6937
46,93,0.691999
46,94,0.690762
46,95,0.690108
47,0,0.700142
47,1,0.70057
47,2,0.70137
47,3,0.702445
47,4,0.703657
47,5,0.704841
47,6,0.705808
47,7,0.706367
47,8,0.706339
47,9,0.705606
47,10,0.704152
47,11,0.702095
47,12,0.699698
47,13,0.697316
47,14,0.695321
47,15,0.694001
47,16,0.693486
47,17,0.693725
47,18,0.69452
47,19,0.695594
47,20,0.696695
47,21,0.697651
47,22,0.698413
47,23,0.699021
47,24,0.699568
47,25,0.700136
47,26,0.700761
47,27,0.701416
47,28,0.702034
47,29,0.702533
47,30,0.702847
47,31,0.702952
47,32,0.702866
47,33,0.70264
47,34,0.702349
47,35,0.702064
47,36,0.701832
47,37,0.701672
47,38,0.70156
47,39,0.701439
47,40,0.701237
47,41,0.700897
47,42,0.700396
47,43,0.69976
47,44,0.699071
47,45,0.69844
47,46,0.697993
47,47,0.69783
47,48,0.698013
47,49,0.698545
47,50,0.699364
47,51,0.700348
47,52,0.701342
47,53,0.702176
47,54,0.70271
47,55,0.702859
47,56,0.702615
47,57,0.702034
47,58,0.701228
47,59,0.700319
47,60,0.699416
47,61,0.698576
47,62,0.697802
47,63,0.69705
47,64,0.696247
47,65,0.695338
47,66,0.694309
47,67,0.693216
47,68,0.692183
47,69,0.691378
47,70,0.690977
47,71,0.691106
47,72,0.691815
47,73,0.693052
47,74,0.69468
47,75,0.696512
47,76,0.698355
47,77,0.700059
47,78,0.701548
47,79,0.702811
47,80,0.703886
47,81,0.704804
47,82,0.705554
47,83,0.706074
47,84,0.706267
47,85,0.70604
47,86,0.705348
47,87,0.704214
47,88,0.702717
47,89,0.700967
47,90,0.699085
47,91,0.697186
47,92,0.695396
47,93,0.69385
47,94,0.692705
47,95,0.692091
48,0,0.703097
48,1,0.7034
48,2,0.703966
48,3,0.704727
48,4,0.705573
48,5,0.706363
48,6,0.70693
48,7,0.707095
48,8,0.706694
48,9,0.705627
48,10,0.703904
48,11,0.701672
48,12,0.699217
48,13,0.696908
48,14,0.695109
48,15,0.694079
48,16,0.693905
48,17,0.694481
48,18,0.695558
48,19,0.696823
48,20,0.698013
48,21,0.698973
48,22,0.69969
48,23,0.700248
48,24,0.700777
48,25,0.701374
48,26,0.702069
48,27,0.702808
48,28,0.703492
48,29,0.704016
48,30,0.70431
48,31,0.70436
48,32,0.70421
48,33,0.703939
48,34,0.70364
48,35,0.703386
48,36,0.703217
48,37,0.703133
48,38,0.703096
48,39,0.703043
48,40,0.702903
48,41,0.702631
48,42,0.702214
48,43,0.701686
48,44,0.701123
48,45,0.700628
48,46,0.700315
48,47,0.700276
48,48,0.700574
48,49,0.701217
48,50,0.702151
48,51,0.703255
48,52,0.704362
48,53,0.705276
48,54,0.705825
48,55,0.705896
48,56,0.705466
48,57,0.704604
48,58,0.703455
48,59,0.702192
48,60,0.700975
48,61,0.699897
48,62,0.698973
48,63,0.698145
48,64,0.697308
48,65,0.696367
48,66,0.695283
48,67,0.694102
48,68,0.692957
48,69,0.692033
48,70,0.691515
48,71,0.691525
48,72,0.692086
48,73,0.693112
48,74,0.694435
48,75,0.695862
48,76,0.697223
48,77,0.69842
48,78,0.699444
48,79,0.700352
48,80,0.701231
48,81,0.702139
48,82,0.703065
48,83,0.703923
48,84,0.704581
48,85,0.704899
48,86,0.70479
48,87,0.704232
48,88,0.703269
48,89,0.70198
48,90,0.700468
48,91,0.698842
48,92,0.697234
48,93,0.695797
48,94,0.694706
48,95,0.694115
49,0,0.705572
49,1,0.705753
49,2,0.706091
49,3,0.706537
49,4,0.707005
49,5,0.70738
49,6,0.70751
49,7,0.707241
49,8,0.706435
49,9,0.705024
49,10,0.703055
49,11,0.700706
49,12,0.698279
49,13,0.696138
49,14,0.694625
49,15,0.693952
49,16,0.694153
49,17,0.695073
49,18,0.69642
49,19,0.69786
49,20,0.699129
49,21,0.700095
49,22,0.700778
49,23,0.701301
49,24,0.701821
49,25,0.702448
49,26,0.703204
49,27,0.704013
49,28,0.704751
49,29,0.705294
49,30,0.705571
49,31,0.705581
49,32,0.705392
49,33,0.705108
49,34,0.704839
49,35,0.704662
49,36,0.704608
49,37,0.704658
49,38,0.704758
49,39,0.704834
49,40,0.704814
49,41,0.704661
49,42,0.704368
49,43,0.703974
49,44,0.70355
49,45,0.703191
49,46,0.702998
49,47,0.703056
49,48,0.703425
49,49,0.704122
49,50,0.705102
49,51,0.706249
49,52,0.707394
49,53,0.708324
49,54,0.708844
49,55,0.708815
49,56,0.708202
49,57,0.707072
49,58,0.705594
49,59,0.703977
49,60,0.702422
49,61,0.701059
49,62,0.69992
49,63,0.698943
49,64,0.698006
49,65,0.696988
49,66,0.69583
49,67,0.69457
49,68,0.693344
49,69,0.692345
49,70,0.691756
49,71,0.691688
49,72,0.69214
49,73,0.692997
49,74,0.694074
49,75,0.695182
49,76,0.696177
49,77,0.697011
49,78,0.697727
49,79,0.698429
49,80,0.699235
49,81,0.70021
49,82,0.701335
49,83,0.702507
49,84,0.703565
49,85,0.704341
49,86,0.704716
49,87,0.704637
49,88,0.704114
49,89,0.703203
49,90,0.701987
49,91,0.700571
49,92,0.699094
49,93,0.697727
49,94,0.696666
49,95,0.696084
50,0,0.707432
50,1,0.707523
50,2,0.707684
50,3,0.707877
50,4,0.708026
50,5,0.708026
50,6,0.707744
50,7,0.707048
50,8,0.705836
50,9,0.704089
50,10,0.701895
50,11,0.699465
50,12,0.697112
50,13,0.695183
50,14,0.693977
50,15,0.693655
50,16,0.694197
50,17,0.695403
50,18,0.696957
50,19,0.69852
50,20,0.699838
50,21,0.700804
50,22,0.701465
50,23,0.701973
50,24,0.7025
50,25,0.703162
50,26,0.703971
50,27,0.704835
50,28,0.705612
50,29,0.706167
50,30,0.70643
50,31,0.706414
50,32,0.706212
50,33,0.705951
50,34,0.705756
50,35,0.705708
50,36,0.705826
50,37,0.706073
50,38,0.706376
50,39,0.706644
50,40,0.706801
50,41,0.706808
50,42,0.706662
50,43,0.7064
50,44,0.706093
50,45,0.705827
50,46,0.705695
50,47,0.705777
50,48,0.706136
50,49,0.706796
50,50,0.707726
50,51,0.708822
50,52,0.70992
50,53,0.7108
50,54,0.711253
50,55,0.711119
50,56,0.710344
50,57,0.708991
50,58,0.707235
50,59,0.705307
50,60,0.703441
50,61,0.701796
50,62,0.700429
50,63,0.699285
50,64,0.698237
50,65,0.69715
50,66,0.69595
50,67,0.694664
50,68,0.693421
50,69,0.692409
50,70,0.691804
50,71,0.691699
50,72,0.692075
50,73,0.692801
50,74,0.69369
50,75,0.69457
50,76,0.69533
50,77,0.695961
50,78,0.696542
50,79,0.697198
50,80,0.698051
50,81,0.699159
50,82,0.700487
50,83,0.701917
50,84,0.703275
50,85,0.704381
50,86,0.705103
50,87,0.705367
50,88,0.705164
50,89,0.704527
50,90,0.703527
50,91,0.702265
50,92,0.700885
50,93,0.699571
50,94,0.698535
50,95,0.697961
51,0,0.708674
51,1,0.708724
51,2,0.7088
51,3,0.708853
51,4,0.708797
51,5,0.708523
51,6,0.707903
51,7,0.706831
51,8,0.705247
51,9,0.703184
51,10,0.700781
51,11,0.698284
51,12,0.696007
51,13,0.694273
51,14,0.693332
51,15,0.693288
51,16,0.694072
51,17,0.695453
51,18,0.697109
51,19,0.69871
51,20,0.700024
51,21,0.700968
51,22,0.701612
51,23,0.70212
51,24,0.702672
51,25,0.703376
51,26,0.704235
51,27,0.705144
51,28,0.705949
51,29,0.706509
51,30,0.706762
51,31,0.706734
51,32,0.706539
51,33,0.706328
51,34,0.706237
51,35,0.706351
51,36,0.70668
51,37,0.707171
51,38,0.707725
51,39,0.708237
51,40,0.708613
51,41,0.708809
51,42,0.708816
51,43,0.70867
51,44,0.708438
51,45,0.708202
51,46,0.708051
51,47,0.708066
51,48,0.708315
51,49,0.708837
51,50,0.709618
51,51,0.71057
51,52,0.71154
51,53,0.712313
51,54,0.712669
51,55,0.712435
51,56,0.711536
51,57,0.710021
51,58,0.708063
51,59,0.705903
51,60,0.703794
51,61,0.701924
51,62,0.700375
51,63,0.699109
51,64,0.698003
51,65,0.696915
51,66,0.695759
51,67,0.694541
51,68,0.693374
51,69,0.692425
51,70,0.691853
51,71,0.691734
51,72,0.69204
51,73,0.692645
51,74,0.69338
51,75,0.694104
51,76,0.694743
51,77,0.695319
51,78,0.695923
51,79,0.696677
51,80,0.697682
51,81,0.69897
51,82,0.700487
51,83,0.702102
51,84,0.703643
51,85,0.704936
51,86,0.705851
51,87,0.706313
51,88,0.7063
51,89,0.705835
51,90,0.704981
51,91,0.703832
51,92,0.702535
51,93,0.70128
51,94,0.700281
51,95,0.699725
52,0,0.709398
52,1,0.709467
52,2,0.709565
52,3,0.709615
52,4,0.709501
52,5,0.709087
52,6,0.708243
52,7,0.706879
52,8,0.704981
52,9,0.702638
52,10,0.700042
52,11,0.69747
52,12,0.69524
52,13,0.693641
52,14,0.692872
52,15,0.692985
52,16,0.69387
52,17,0.695283
52,18,0.696908
52,19,0.69844
52,20,0.699679
52,21,0.700565
52,22,0.701184
52,23,0.701701
52,24,0.70229
52,25,0.703047
52,26,0.70396
52,27,0.704913
52,28,0.705742
52,29,0.706307
52,30,0.70655
52,31,0.706514
52,32,0.706332
52,33,0.706174
52,34,0.706189
52,35,0.706468
52,36,0.707014
52,37,0.707758
52,38,0.708584
52,39,0.70936
52,40,0.709977
52,41,0.710373
52,42,0.71053
52,43,0.710478
52,44,0.710277
52,45,0.710011
52,46,0.709768
52,47,0.709634
52,48,0.709692
52,49,0.709993
52,50,0.710546
52,51,0.711284
52,52,0.712069
52,53,0.712693
52,54,0.712936
52,55,0.712611
52,56,0.711628
52,57,0.710019
52,58,0.707944
52,59,0.705648
52,60,0.703397
52,61,0.701402
52,62,0.69977
52,63,0.698483
52,64,0.697429
52,65,0.696462
52,66,0.695476
52,67,0.694451
52,68,0.693463
52,69,0.69265
52,70,0.69214
52,71,0.692
52,72,0.692206
52,73,0.69266
52,74,0.693233
52,75,0.693833
52,76,0.694426
52,77,0.695054
52,78,0.695802
52,79,0.696764
52,80,0.697995
52,81,0.699489
52,82,0.701165
52,83,0.702889
52,84,0.7045
52,85,0.705845
52,86,0.706813
52,87,0.707338
52,88,0.707401
52,89,0.707021
52,90,0.706256
52,91,0.705198
52,92,0.70399
52,93,0.702815
52,94,0.701878
52,95,0.701356
53,0,0.709767
53,1,0.709909
53,2,0.710128
53,3,0.710305
53,4,0.710273
53,5,0.70986
53,6,0.708917
53,7,0.707368
53,8,0.705237
53,9,0.702667
53,10,0.6999
53,11,0.697245
53,12,0.695015
53,13,0.693469
53,14,0.692759
53,15,0.692889
53,16,0.693725
53,17,0.695017
53,18,0.696473
53,19,0.697825
53,20,0.698908
53,21,0.699689
53,22,0.700263
53,23,0.700789
53,24,0.701424
53,25,0.702245
53,26,0.703222
53,27,0.704223
53,28,0.705078
53,29,0.705645
53,30,0.705875
53,31,0.705821
53,32,0.705635
53,33,0.705505
53,34,0.705596
53,35,0.706007
53,36,0.706738
53,37,0.70771
53,38,0.708787
53,39,0.709818
53,40,0.710669
53,41,0.711258
53,42,0.711553
53,43,0.711574
53,44,0.711377
53,45,0.711044
53,46,0.710668
53,47,0.710344
53,48,0.710168
53,49,0.71021
53,50,0.710499
53,51,0.710989
53,52,0.711559
53,53,0.712015
53,54,0.712137
53,55,0.711732
53,56,0.710699
53,57,0.709053
53,58,0.706944
53,59,0.704616
53,60,0.702339
53,61,0.700346
53,62,0.698763
53,63,0.697595
53,64,0.696739
53,65,0.69604
53,66,0.69537
53,67,0.694666
53,68,0.693955
53,69,0.693328
53,70,0.692884
53,71,0.692682
53,72,0.692721
53,73,0.692953
53,74,0.693315
53,75,0.693777
53,76,0.694351
53,77,0.695088
53,78,0.696052
53,79,0.697285
53,80,0.698782
53,81,0.700485
53,82,0.702286
53,83,0.704048
53,84,0.705635
53,85,0.706924
53,86,0.707832
53,87,0.708315
53,88,0.708364
53,89,0.708002
53,90,0.707288
53,91,0.706312
53,92,0.705207
53,93,0.704141
53,94,0.703296
53,95,0.702827
54,0,0.70997
54,1,0.71022
54,2,0.710626
54,3,0.711019
54,4,0.711176
54,5,0.710878
54,6,0.709951
54,7,0.708325
54,8,0.706057
54,9,0.703333
54,10,0.700436
54,11,0.697698
54,12,0.695429
54,13,0.693859
54,14,0.6931
54,15,0.693122
54,16,0.693772
54,17,0.694812
54,18,0.695981
54,19,0.697055
54,20,0.69791
54,21,0.69854
54,22,0.699043
54,23,0.69957
54,24,0.700255
54,25,0.701147
54,26,0.702192
54,27,0.703243
54,28,0.704119
54,29,0.704676
54,30,0.704873
54,31,0.704773
54,32,0.704548
54,33,0.704402
54,34,0.704517
54,35,0.705003
54,36,0.705863
54,37,0.707009
54,38,0.708291
54,39,0.709534
54,40,0.710584
54,41,0.711337
54,42,0.711745
54,43,0.71182
54,44,0.711613
54,45,0.711206
54,46,0.710698
54,47,0.710192
54,48,0.709794
54,49,0.709591
54,50,0.709629
54,51,0.70988
54,52,0.710239
54,53,0.710526
54,54,0.710529
54,55,0.710056
54,56,0.709
54,57,0.707367
54,58,0.7053
54,59,0.703038
54,60,0.700855
54,61,0.698997
54,62,0.697609
54,63,0.696709
54,64,0.6962
54,65,0.695916
54,66,0.69569
54,67,0.69541
54,68,0.695042
54,69,0.694622
54,70,0.694214
54,71,0.69388
54,72,0.69366
54,73,0.693576
54,74,0.693649
54,75,0.693926
54,76,0.694465
54,77,0.695323
54,78,0.696525
54,79,0.69805
54,80,0.69982
54,81,0.701719
54,82,0.703609
54,83,0.705359
54,84,0.706855
54,85,0.708013
54,86,0.708785
54,87,0.709151
54,88,0.709122
54,89,0.708732
54,90,0.708045
54,91,0.707149
54,92,0.706165
54,93,0.705237
54,94,0.704512
54,95,0.704114
55,0,0.710171
55,1,0.710537
55,2,0.711148
55,3,0.71179
55,4,0.712186
55,5,0.712072
55,6,0.71125
55,7,0.709649
55,8,0.707345
55,9,0.704556
55,10,0.701591
55,11,0.698797
55,12,0.696474
55,13,0.69483
55,14,0.693944
55,15,0.693764
55,16,0.694133
55,17,0.694831
55,18,0.695634
55,19,0.696367
55,20,0.696945
55,21,0.697388
55,22,0.697801
55,23,0.698317
55,24,0.699044
55,25,0.7
55,26,0.701103
55,27,0.702186
55,28,0.703058
55,29,0.703573
55,30,0.703696
55,31,0.703506
55,32,0.703191
55,33,0.702975
55,34,0.703059
55,35,0.703562
55,36,0.70449
55,37,0.705748
55,38,0.70717
55,39,0.708563
55,40,0.709752
55,41,0.710617
55,42,0.711099
55,43,0.711205
55,44,0.710983
55,45,0.71052
55,46,0.709915
55,47,0.709278
55,48,0.708719
55,49,0.708333
55,50,0.708175
55,51,0.708231
55,52,0.70841
55,53,0.708548
55,54,0.708446
55,55,0.707922
55,56,0.70687
55,57,0.705297
55,58,0.703339
55,59,0.701234
55,60,0.699256
55,61,0.697658
55,62,0.696596
55,63,0.696094
55,64,0.696055
55,65,0.696291
55,66,0.696596
55,67,0.696798
55,68,0.696795
55,69,0.696564
55,70,0.696141
55,71,0.695596
55,72,0.695022
55,73,0.694526
55,74,0.694229
55,75,0.69426
55,76,0.694725
55,77,0.69568
55,78,0.697107
55,79,0.69891
55,80,0.700936
55,81,0.703008
55,82,0.704961
55,83,0.706663
55,84,0.708029
55,85,0.709011
55,86,0.709598
55,87,0.709799
55,88,0.709649
55,89,0.709197
55,90,0.70852
55,91,0.707703
55,92,0.706855
55,93,0.706087
55,94,0.705504
55,95,0.705189
56,0,0.710483
56,1,0.710948
56,2,0.711738
56,3,0.712604
56,4,0.71323
56,5,0.713321
56,6,0.712657
56,7,0.711163
56,8,0.708921
56,9,0.706163
56,10,0.70321
56,11,0.700407
56,12,0.698044
56,13,0.696308
56,14,0.695258
56,15,0.69483
56,16,0.694874
56,17,0.695194
56,18,0.695605
56,19,0.69598
56,20,0.696271
56,21,0.69652
56,22,0.696833
56,23,0.697326
56,24,0.698077
56,25,0.699069
56,26,0.700192
56,27,0.701259
56,28,0.70207
56,29,0.702481
56,30,0.702468
56,31,0.702128
56,32,0.701669
56,33,0.701339
56,34,0.70135
56,35,0.701831
56,36,0.702783
56,37,0.704102
56,38,0.705601
56,39,0.707072
56,40,0.708324
56,41,0.70923
56,42,0.70973
56,43,0.709833
56,44,0.709594
56,45,0.709101
56,46,0.708454
56,47,0.70776
56,48,0.707125
56,49,0.706642
56,50,0.706364
56,51,0.706288
56,52,0.706336
56,53,0.70636
56,54,0.706182
56,55,0.705637
56,56,0.704628
56,57,0.703166
56,58,0.701386
56,59,0.699521
56,60,0.697843
56,61,0.696604
56,62,0.695963
56,63,0.695944
56,64,0.696442
56,65,0.697246
56,66,0.698106
56,67,0.698788
56,68,0.699124
56,69,0.69904
56,70,0.698541
56,71,0.697716
56,72,0.696717
56,73,0.695743
56,74,0.695018
56,75,0.694756
56,76,0.695105
56,77,0.696121
56,78,0.697739
56,79,0.699789
56,80,0.702041
56,81,0.704261
56,82,0.706253
56,83,0.707887
56,84,0.7091
56,85,0.709879
56,86,0.710247
56,87,0.710246
56,88,0.709937
56,89,0.709394
56,90,0.708708
56,91,0.707968
56,92,0.707264
56,93,0.706672
56,94,0.706247
56,95,0.706025
57,0,0.710922
57,1,0.711452
57,2,0.712363
57,3,0.713389
57,4,0.714197
57,5,0.714476
57,6,0.713993
57,7,0.712666
57,8,0.710573
57,9,0.707944
57,10,0.705087
57,11,0.702338
57,12,0.699971
57,13,0.698156
57,14,0.696943
57,15,0.696266
57,16,0.695991
57,17,0.695951
57,18,0.696001
57,19,0.696053
57,20,0.69609
57,21,0.696172
57,22,0.696396
57,23,0.696858
57,24,0.697603
57,25,0.69858
57,26,0.699653
57,27,0.700619
57,28,0.701278
57,29,0.701495
57,30,0.701266
57,31,0.700713
57,32,0.700069
57,33,0.699599
57,34,0.699527
57,35,0.699977
57,36,0.700939
57,37,0.702285
57,38,0.70381
57,39,0.705286
57,40,0.706519
57,41,0.707382
57,42,0.70783
57,43,0.707886
57,44,0.707615
57,45,0.707114
57,46,0.706477
57,47,0.705799
57,48,0.705171
57,49,0.704673
57,50,0.704354
57,51,0.704211
57,52,0.704182
57,53,0.704142
57,54,0.703935
57,55,0.703418
57,56,0.702509
57,57,0.701222
57,58,0.69969
57,59,0.698138
57,60,0.69683
57,61,0.69601
57,62,0.695835
57,63,0.696325
57,64,0.697362
57,65,0.698712
57,66,0.700084
57,67,0.701192
57,68,0.701809
57,69,0.701813
57,70,0.70119
57,71,0.700048
57,72,0.698598
57,73,0.697129
57,74,0.695961
57,75,0.695385
57,76,0.695592
57,77,0.696636
57,78,0.698405
57,79,0.700664
57,80,0.70311
57,81,0.705454
57,82,0.70747
57,83,0.709024
57,84,0.710069
57,85,0.710623
57,86,0.71074
57,87,0.710498
57,88,0.709993
57,89,0.709327
57,90,0.708613
57,91,0.707943
57,92,0.707387
57,93,0.70698
57,94,0.706723
57,95,0.7066
58,0,0.711391
58,1,0.711949
58,2,0.712915
58,3,0.714027
58,4,0.714957
58,5,0.715391
58,6,0.715097
58,7,0.713984
58,8,0.712114
58,9,0.709696
58,10,0.707015
58,11,0.704383
58,12,0.702055
58,13,0.700191
58,14,0.698838
58,15,0.697944
58,16,0.697394
58,17,0.697057
58,18,0.696821
58,19,0.69663
58,20,0.69649
58,21,0.696463
58,22,0.69663
58,23,0.697059
58,24,0.697761
58,25,0.698653
58,26,0.69958
58,27,0.700336
58,28,0.700729
58,29,0.70065
58,30,0.700126
58,31,0.699309
58,32,0.698458
58,33,0.697853
58,34,0.697717
58,35,0.698159
58,36,0.699139
58,37,0.700499
58,38,0.702007
58,39,0.703422
58,40,0.704551
58,41,0.705286
58,42,0.705605
58,43,0.705562
58,44,0.705239
58,45,0.704737
58,46,0.704143
58,47,0.703533
58,48,0.702972
58,49,0.702521
58,50,0.702217
58,51,0.702064
58,52,0.702014
58,53,0.701969
58,54,0.7018
58,55,0.701385
58,56,0.700651
58,57,0.699615
58,58,0.6984
58,59,0.697215
58,60,0.696311
58,61,0.695924
58,62,0.696202
58,63,0.69716
58,64,0.698671
58,65,0.700484
58,66,0.702277
58,67,0.703721
58,68,0.704543
58,69,0.704585
58,70,0.703817
58,71,0.702367
58,72,0.700497
58,73,0.698573
58,74,0.696994
58,75,0.696122
58,76,0.696183
58,77,0.69723
58,78,0.699112
58,79,0.701539
58,80,0.704147
58,81,0.706593
58,82,0.708619
58,83,0.710082
58,84,0.710946
58,85,0.711249
58,86,0.711081
58,87,0.710558
58,88,0.709817
58,89,0.708999
58,90,0.708238
58,91,0.707631
58,92,0.707225
58,93,0.70701
58,94,0.706927
58,95,0.706908
59,0,0.71168
59,1,0.712235
59,2,0.713207
59,3,0.714351
59,4,0.715356
59,5,0.715926
59,6,0.715832
59,7,0.714971
59,8,0.713385
59,9,0.711245
59,10,0.708802
59,11,0.706338
59,12,0.704087
59,13,0.702203
59,14,0.700743
59,15,0.699676
59,16,0.698915
59,17,0.698365
59,18,0.697945
59,19,0.697622
59,20,0.697407
59,21,0.697351
59,22,0.69751
59,23,0.697911
59,24,0.698532
59,25,0.699263
59,26,0.699941
59,27,0.70037
59,28,0.700387
59,29,0.699922
59,30,0.699043
59,31,0.697939
59,32,0.696891
59,33,0.696185
59,34,0.696028
59,35,0.696499
59,36,0.697515
59,37,0.698879
59,38,0.700331
59,39,0.701621
59,40,0.702568
59,41,0.703096
59,42,0.70322
59,43,0.70303
59,44,0.702631
59,45,0.702128
59,46,0.701593
59,47,0.701075
59,48,0.700609
59,49,0.700235
59,50,0.69998
59,51,0.699857
59,52,0.699839
59,53,0.699858
59,54,0.699807
59,55,0.699582
59,56,0.699111
59,57,0.698399
59,58,0.697553
59,59,0.69676
59,60,0.696255
59,61,0.696261
59,62,0.696921
59,63,0.698251
59,64,0.700122
59,65,0.702275
59,66,0.704368
59,67,0.706045
59,68,0.707003
59,69,0.707055
59,70,0.706163
59,71,0.704465
59,72,0.702262
59,73,0.699973
59,74,0.698063
59,75,0.696943
59,76,0.696872
59,77,0.697903
59,78,0.699863
59,79,0.702415
59,80,0.705146
59,81,0.707668
59,82,0.709689
59,83,0.71105
59,84,0.711716
59,85,0.711744
59,86,0.711258
59,87,0.71042
59,88,0.709412
59,89,0.708418
59,90,0.707599
59,91,0.707054
59,92,0.706801
59,93,0.706783
59,94,0.706878
59,95,0.706964
60,0,0.711517
60,1,0.712057
60,2,0.713014
60,3,0.71417
60,4,0.715243
60,5,0.715958
60,6,0.716091
60,7,0.715526
60,8,0.714273
60,9,0.712462
60,10,0.710301
60,11,0.708036
60,12,0.705884
60,13,0.703999
60,14,0.702456
60,15,0.701254
60,16,0.700345
60,17,0.699666
60,18,0.699166
60,19,0.698823
60,20,0.698639
60,21,0.698639
60,22,0.698837
60,23,0.699219
60,24,0.699724
60,25,0.700226
60,26,0.700564
60,27,0.700575
60,28,0.700137
60,29,0.699236
60,30,0.697986
60,31,0.696613
60,32,0.695413
60,33,0.694663
60,34,0.694539
60,35,0.695073
60,36,0.696133
60,37,0.697479
60,38,0.698828
60,39,0.699929
60,40,0.700627
60,41,0.700885
60,42,0.700768
60,43,0.700403
60,44,0.699916
60,45,0.699412
60,46,0.698941
60,47,0.69852
60,48,0.698155
60,49,0.697863
60,50,0.697672
60,51,0.697611
60,52,0.697677
60,53,0.697832
60,54,0.697987
60,55,0.698041
60,56,0.697911
60,57,0.69758
60,58,0.697124
60,59,0.696708
60,60,0.696547
60,61,0.696858
60,62,0.697784
60,63,0.69935
60,64,0.701435
60,65,0.703783
60,66,0.70605
60,67,0.707866
60,68,0.708911
60,69,0.708981
60,70,0.708025
60,71,0.706185
60,72,0.703779
60,73,0.701259
60,74,0.699127
60,75,0.697829
60,76,0.697648
60,77,0.698646
60,78,0.700636
60,79,0.703259
60,80,0.706065
60,81,0.708626
60,82,0.710619
60,83,0.711861
60,84,0.712315
60,85,0.712053
60,86,0.711234
60,87,0.710065
60,88,0.708782
60,89,0.707612
60,90,0.706741
60,91,0.706266
60,92,0.706175
60,93,0.706357
60,94,0.706631
60,95,0.706823
61,0,0.71063
61,1,0.71116
61,2,0.712114
61,3,0.713302
61,4,0.714475
61,5,0.715376
61,6,0.715786
61,7,0.715569
61,8,0.714698
61,9,0.713255
61,10,0.711402
61,11,0.70935
61,12,0.707303
61,13,0.705421
61,14,0.703804
61,15,0.702491
61,16,0.701477
61,17,0.700737
61,18,0.700241
61,19,0.699968
61,20,0.699901
61,21,0.700023
61,22,0.700298
61,23,0.700662
61,24,0.701023
61,25,0.701244
61,26,0.701188
61,27,0.700733
61,28,0.69982
61,29,0.698491
61,30,0.696913
61,31,0.695338
61,32,0.694062
61,33,0.693336
61,34,0.693292
61,35,0.693905
61,36,0.694992
61,37,0.696276
61,38,0.697461
61,39,0.69831
61,40,0.698705
61,41,0.698659
61,42,0.698286
61,43,0.697749
61,44,0.697188
61,45,0.696698
61,46,0.6963
61,47,0.695979
61,48,0.695711
61,49,0.695501
61,50,0.695384
61,51,0.695414
61,52,0.695618
61,53,0.695979
61,54,0.696419
61,55,0.696825
61,56,0.697086
61,57,0.697151
61,58,0.697064
61,59,0.696961
61,60,0.697045
61,61,0.697533
61,62,0.698578
61,63,0.700222
61,64,0.702363
61,65,0.704764
61,66,0.707089
61,67,0.708969
61,68,0.71008
61,69,0.710203
61,70,0.709277
61,71,0.707431
61,72,0.704983
61,73,0.702389
61,74,0.700162
61,75,0.698765
61,76,0.698499
61,77,0.699436
61,78,0.701398
61,79,0.704017
61,80,0.706826
61,81,0.709371
61,82,0.711299
61,83,0.712405
61,84,0.712643
61,85,0.712097
61,86,0.710958
61,87,0.709481
61,88,0.70795
61,89,0.706633
61,90,0.705737
61,91,0.70535
61,92,0.70543
61,93,0.705812
61,94,0.706262
61,95,0.706555
62,0,0.708846
62,1,0.709383
62,2,0.710367
62,3,0.711636
62,4,0.712965
62,5,0.714117
62,6,0.714867
62,7,0.715055
62,8,0.714612
62,9,0.713569
62,10,0.71204
62,11,0.710206
62,12,0.708256
62,13,0.706366
62,14,0.704671
62,15,0.703254
62,16,0.702158
62,17,0.701395
62,18,0.700954
62,19,0.700806
62,20,0.700903
62,21,0.701178
62,22,0.701539
62,23,0.701876
62,24,0.702069
62,25,0.701986
62,26,0.701523
62,27,0.700616
62,28,0.69927
62,29,0.697592
62,30,0.695784
62,31,0.694115
62,32,0.692859
62,33,0.692227
62,34,0.692292
62,35,0.692973
62,36,0.694041
62,37,0.695198
62,38,0.69615
62,39,0.696692
62,40,0.696753
62,41,0.6964
62,42,0.695793
62,43,0.695123
62,44,0.694532
62,45,0.694093
62,46,0.693796
62,47,0.693587
62,48,0.693421
62,49,0.6933
62,50,0.693277
62,51,0.693433
62,52,0.693827
62,53,0.694456
62,54,0.695237
62,55,0.696032
62,56,0.696692
62,57,0.697122
62,58,0.697332
62,59,0.697437
62,60,0.697634
62,61,0.698147
62,62,0.699151
62,63,0.700713
62,64,0.70276
62,65,0.705081
62,66,0.707363
62,67,0.70925
62,68,0.710422
62,69,0.710652
62,70,0.709864
62,71,0.708165
62,72,0.705849
62,73,0.703348
62,74,0.701162
62,75,0.69975
62,76,0.699419
62,77,0.70026
62,78,0.702114
62,79,0.70463
62,80,0.707345
62,81,0.709795
62,82,0.711608
62,83,0.71256
62,84,0.712591
62,85,0.711797
62,86,0.710391
62,87,0.708669
62,88,0.706955
62,89,0.705549
62,90,0.704669
62,91,0.704393
62,92,0.704646
62,93,0.70522
62,94,0.705831
62,95,0.706215
63,0,0.706137
63,1,0.706702
63,2,0.707757
63,3,0.709162
63,4,0.710713
63,5,0.712182
63,6,0.713336
63,7,0.713983
63,8,0.714009
63,9,0.713392
63,10,0.712199
63,11,0.71058
63,12,0.708719
63,13,0.706809
63,14,0.705025
63,15,0.7035
63,16,0.702328
63,17,0.701556
63,18,0.701186
63,19,0.701178
63,20,0.701442
63,21,0.701861
63,22,0.702287
63,23,0.70257
63,24,0.702576
63,25,0.702189
63,26,0.701349
63,27,0.700056
63,28,0.698381
63,29,0.696481
63,30,0.694585
63,31,0.692952
63,32,0.69182
63,33,0.69134
63,34,0.691525
63,35,0.69224
63,36,0.693226
63,37,0.694181
63,38,0.694836
63,39,0.695032
63,40,0.694755
63,41,0.694124
63,42,0.693339
63,43,0.692604
63,44,0.692051
63,45,0.691722
63,46,0.691568
63,47,0.691501
63,48,0.69146
63,49,0.691453
63,50,0.691555
63,51,0.691882
63,52,0.692513
63,53,0.693453
63,54,0.694601
63,55,0.69578
63,56,0.696795
63,57,0.69751
63,58,0.697906
63,59,0.698084
63,60,0.698246
63,61,0.698633
63,62,0.699444
63,63,0.700777
63,64,0.702594
63,65,0.704719
63,66,0.706868
63,67,0.708713
63,68,0.709946
63,69,0.710337
63,70,0.709795
63,71,0.708393
63,72,0.706381
63,73,0.704145
63,74,0.70214
63,75,0.700798
63,76,0.700424
63,77,0.701127
63,78,0.702783
63,79,0.705078
63,80,0.707579
63,81,0.709834
63,82,0.71147
63,83,0.712248
63,84,0.7121
63,85,0.711119
63,86,0.709536
63,87,0.707666
63,88,0.70586
63,89,0.704435
63,90,0.703612
63,91,0.703455
63,92,0.703864
63,93,0.704597
63,94,0.705337
63,95,0.705794
64,0,0.702661
64,1,0.703272
64,2,0.70443
64,3,0.706013
64,4,0.707835
64,5,0.70967
64,6,0.711271
64,7,0.712414
64,8,0.712935
64,9,0.712761
64,10,0.711912
64,11,0.710508
64,12,0.708732
64,13,0.706794
64,14,0.704915
64,15,0.70328
64,16,0.702031
64,17,0.70125
64,18,0.700946
64,19,0.701057
64,20,0.701457
64,21,0.701976
64,22,0.70242
64,23,0.702612
64,24,0.702416
64,25,0.701746
64,26,0.700593
64,27,0.699019
64,28,0.697153
64,29,0.695189
64,30,0.693359
64,31,0.691893
64,32,0.690974
64,33,0.690686
64,34,0.690983
64,35,0.691686
64,36,0.692524
64,37,0.693214
64,38,0.693529
64,39,0.693369
64,40,0.69278
64,41,0.691929
64,42,0.691043
64,43,0.690327
64,44,0.689892
64,45,0.689737
64,46,0.689776
64,47,0.689891
64,48,0.690009
64,49,0.690152
64,50,0.690423
64,51,0.690963
64,52,0.691868
64,53,0.693136
64,54,0.694638
64,55,0.69615
64,56,0.697435
64,57,0.698322
64,58,0.69877
64,59,0.698883
64,60,0.698872
64,61,0.698999
64,62,0.699491
64,63,0.700474
64,64,0.701947
64,65,0.703771
64,66,0.705704
64,67,0.707451
64,68,0.70873
64,69,0.70932
64,70,0.709112
64,71,0.70814
64,72,0.706594
64,73,0.704786
64,74,0.703102
64,75,0.701925
64,76,0.70154
64,77,0.702071
64,78,0.70344
64,79,0.705391
64,80,0.707549
64,81,0.709501
64,82,0.710891
64,83,0.71148
64,84,0.71119
64,85,0.710105
64,86,0.70845
64,87,0.706542
64,88,0.704737
64,89,0.703351
64,90,0.702601
64,91,0.702542
64,92,0.703058
64,93,0.703889
64,94,0.704705
64,95,0.705202
65,0,0.698722
65,1,0.699388
65,2,0.700665
65,3,0.702446
65,4,0.704556
65,5,0.706772
65,6,0.70883
65,7,0.710475
65,8,0.711494
65,9,0.711765
65,10,0.711261
65,11,0.710076
65,12,0.708387
65,13,0.706428
65,14,0.704462
65,15,0.702726
65,16,0.701407
65,17,0.700614
65,18,0.700358
65,19,0.700556
65,20,0.701041
65,21,0.701599
65,22,0.702006
65,23,0.70207
65,24,0.701669
65,25,0.700754
65,26,0.699372
65,27,0.69764
65,28,0.69573
65,29,0.693852
65,30,0.692223
65,31,0.691027
65,32,0.69038
65,33,0.6903
65,34,0.690684
65,35,0.691329
65,36,0.69197
65,37,0.692358
65,38,0.692324
65,39,0.691831
65,40,0.690982
65,41,0.689986
65,42,0.689083
65,43,0.688467
65,44,0.688216
65,45,0.688289
65,46,0.688561
65,47,0.688889
65,48,0.689199
65,49,0.689529
65,50,0.690007
65,51,0.690794
65,52,0.691991
65,53,0.693575
65,54,0.695382
65,55,0.697144
65,56,0.698588
65,57,0.699518
65,58,0.69989
65,59,0.699816
65,60,0.699526
65,61,0.699302
65,62,0.699388
65,63,0.699938
65,64,0.700977
65,65,0.70241
65,66,0.70404
65,67,0.705622
65,68,0.706913
65,69,0.707709
65,70,0.707892
65,71,0.707454
65,72,0.706511
65,73,0.705281
65,74,0.704057
65,75,0.703147
65,76,0.702798
65,77,0.703143
65,78,0.704154
65,79,0.705653
65,80,0.707348
65,81,0.708893
65,82,0.709972
65,83,0.710361
65,84,0.709971
65,85,0.708864
65,86,0.707239
65,87,0.705391
65,88,0.703654
65,89,0.702332
65,90,0.701632
65,91,0.701606
65,92,0.702139
65,93,0.702976
65,94,0.703791
65,95,0.704287
66,0,0.694716
66,1,0.695437
66,2,0.69683
66,3,0.698802
66,4,0.701185
66,5,0.703758
66,6,0.706245
66,7,0.708361
66,8,0.709853
66,9,0.71055
66,10,0.710384
66,11,0.70942
66,12,0.707832
66,13,0.705874
66,14,0.703847
66,15,0.702035
66,16,0.700664
66,17,0.699865
66,18,0.699644
66,19,0.699895
66,20,0.700415
66,21,0.700958
66,22,0.70128
66,23,0.701193
66,24,0.7006
66,25,0.699497
66,26,0.697979
66,27,0.696208
66,28,0.694382
66,29,0.692708
66,30,0.691372
66,31,0.690501
66,32,0.690144
66,33,0.690254
66,34,0.69069
66,35,0.691237
66,36,0.691653
66,37,0.691735
66,38,0.691378
66,39,0.690605
66,40,0.68957
66,41,0.688509
66,42,0.687664
66,43,0.687207
66,44,0.68718
66,45,0.687502
66,46,0.688016
66,47,0.688566
66,48,0.689081
66,49,0.689617
66,50,0.690322
66,51,0.691367
66,52,0.692843
66,53,0.694701
66,54,0.696736
66,55,0.698645
66,56,0.700128
66,57,0.700984
66,58,0.701178
66,59,0.700839
66,60,0.700217
66,61,0.699601
66,62,0.699249
66,63,0.699323
66,64,0.699873
66,65,0.700841
66,66,0.702087
66,67,0.703424
66,68,0.704665
66,69,0.705641
66,70,0.706233
66,71,0.706393
66,72,0.706155
66,73,0.70563
66,74,0.704992
66,75,0.704453
66,76,0.704205
66,77,0.704377
66,78,0.704994
66,79,0.705969
66,80,0.70711
66,81,0.708166
66,82,0.708884
66,83,0.709065
66,84,0.708611
66,85,0.70755
66,86,0.706033
66,87,0.704307
66,88,0.702664
66,89,0.701383
66,90,0.700661
66,91,0.700561
66,92,0.700987
66,93,0.701711
66,94,0.702434
66,95,0.702877
67,0,0.691067
67,1,0.691834
67,2,0.693327
67,3,0.695456
67,4,0.698065
67,5,0.700934
67,6,0.703781
67,7,0.706299
67,8,0.708205
67,9,0.709286
67,10,0.709437
67,11,0.708696
67,12,0.707229
67,13,0.705307
67,14,0.703262
67,15,0.701417
67,16,0.700028
67,17,0.69924
67,18,0.699053
67,19,0.699334
67,20,0.699856
67,21,0.700349
67,22,0.700566
67,23,0.700334
67,24,0.699589
67,25,0.698368
67,26,0.696809
67,27,0.695101
67,28,0.693451
67,29,0.692051
67,30,0.691042
67,31,0.690493
67,32,0.690393
67,33,0.690647
67,34,0.691086
67,35,0.691502
67,36,0.691685
67,37,0.691486
67,38,0.690857
67,39,0.689877
67,40,0.688733
67,41,0.687677
67,42,0.686941
67,43,0.686669
67,44,0.686868
67,45,0.687422
67,46,0.688152
67,47,0.688898
67,48,0.689602
67,49,0.690335
67,50,0.691258
67,51,0.692541
67,52,0.694254
67,53,0.696314
67,54,0.698483
67,55,0.700428
67,56,0.701842
67,57,0.702534
67,58,0.702491
67,59,0.701863
67,60,0.700911
67,61,0.699926
67,62,0.699158
67,63,0.698765
67,64,0.698809
67,65,0.699268
67,66,0.70006
67,67,0.701072
67,68,0.702187
67,69,0.703287
67,70,0.704265
67,71,0.705038
67,72,0.70556
67,73,0.705821
67,74,0.705867
67,75,0.705794
67,76,0.70572
67,77,0.705761
67,78,0.70599
67,79,0.706413
67,80,0.706957
67,81,0.707478
67,82,0.707806
67,83,0.707778
67,84,0.707288
67,85,0.706319
67,86,0.704953
67,87,0.703368
67,88,0.701799
67,89,0.700493
67,90,0.699644
67,91,0.699334
67,92,0.699512
67,93,0.699995
67,94,0.70053
67,95,0.70087
68,0,0.688152
68,1,0.688953
68,2,0.690515
68,3,0.692753
68,4,0.695517
68,5,0.698591
68,6,0.701694
68,7,0.704512
68,8,0.706741
68,9,0.708139
68,10,0.708572
68,11,0.70805
68,12,0.70673
68,13,0.704888
68,14,0.70288
68,15,0.701056
68,16,0.699695
68,17,0.698947
68,18,0.698801
68,19,0.699109
68,20,0.699621
68,21,0.70006
68,22,0.700186
68,23,0.699846
68,24,0.699013
68,25,0.697758
68,26,0.696247
68,27,0.694682
68,28,0.693263
68,29,0.692153
68,30,0.691449
68,31,0.691168
68,32,0.691251
68,33,0.691571
68,34,0.691951
68,35,0.692201
68,36,0.692153
68,37,0.691707
68,38,0.690868
68,39,0.689751
68,40,0.688569
68,41,0.68757
68,42,0.686968
68,43,0.686874
68,44,0.687263
68,45,0.687996
68,46,0.688884
68,47,0.689772
68,48,0.690621
68,49,0.691514
68,50,0.692618
68,51,0.694088
68,52,0.695968
68,53,0.698139
68,54,0.700335
68,55,0.702211
68,56,0.703469
68,57,0.703942
68,58,0.703648
68,59,0.702756
68,60,0.701534
68,61,0.700257
68,62,0.699149
68,63,0.698348
68,64,0.697917
68,65,0.697861
68,66,0.698159
68,67,0.69878
68,68,0.69969
68,69,0.700835
68,70,0.702135
68,71,0.703484
68,72,0.704757
68,73,0.705828
68,74,0.706608
68,75,0.707066
68,76,0.707236
68,77,0.707208
68,78,0.707092
68,79,0.706986
68,80,0.706937
68,81,0.706921
68,82,0.706859
68,83,0.706632
68,84,0.706127
68,85,0.705271
68,86,0.704069
68,87,0.702613
68,88,0.70107
68,89,0.699653
68,90,0.698558
68,91,0.697905
68,92,0.697699
68,93,0.697824
68,94,0.698084
68,95,0.698275
69,0,0.686282
69,1,0.6871
69,2,0.688694
69,3,0.690978
69,4,0.693806
69,5,0.696969
69,6,0.700196
69,7,0.70318
69,8,0.705613
69,9,0.707239
69,10,0.7079
69,11,0.707583
69,12,0.70643
69,13,0.704715
69,14,0.702804
69,15,0.701062
69,16,0.699777
69,17,0.699102
69,18,0.699019
69,19,0.699363
69,20,0.699877
69,21,0.700284
69,22,0.70036
69,23,0.699978
69,24,0.699139
69,25,0.69794
69,26,0.696558
69,27,0.695194
69,28,0.694025
69,29,0.693181
69,30,0.692718
69,31,0.692611
69,32,0.692771
69,33,0.693058
69,34,0.693305
69,35,0.693349
69,36,0.693065
69,37,0.692402
69,38,0.691403
69,39,0.690209
69,40,0.689038
69,41,0.688124
69,42,0.687654
69,43,0.687706
69,44,0.68823
69,45,0.689069
69,46,0.690041
69,47,0.691005
69,48,0.691939
69,49,0.69294
69,50,0.694167
69,51,0.695755
69,52,0.697714
69,53,0.699894
69,54,0.702011
69,55,0.703724
69,56,0.70476
69,57,0.704991
69,58,0.704468
69,59,0.703379
69,60,0.701984
69,61,0.70053
69,62,0.6992
69,63,0.698096
69,64,0.697265
69,65,0.696736
69,66,0.696543
69,67,0.696738
69,68,0.697375
69,69,0.698477
69,70,0.700003
69,71,0.701836
69,72,0.703786
69,73,0.70562
69,74,0.707119
69,75,0.708127
69,76,0.708588
69,77,0.708554
69,78,0.708163
69,79,0.707593
69,80,0.707003
69,81,0.70649
69,82,0.706068
69,83,0.705666
69,84,0.705164
69,85,0.704435
69,86,0.703393
69,87,0.70204
69,88,0.700471
69,89,0.698865
69,90,0.697427
69,91,0.696324
69,92,0.695632
69,93,0.695311
69,94,0.695233
69,95,0.695243
70,0,0.685683
70,1,0.686496
70,2,0.688077
70,3,0.690333
70,4,0.693118
70,5,0.696235
70,6,0.699434
70,7,0.702426
70,8,0.70492
70,9,0.706659
70,10,0.707475
70,11,0.707333
70,12,0.706357
70,13,0.704808
70,14,0.703048
70,15,0.701442
70,16,0.700281
70,17,0.699713
70,18,0.699713
70,19,0.700113
70,20,0.700653
70,21,0.701068
70,22,0.701154
70,23,0.700807
70,24,0.700049
70,25,0.698992
70,26,0.697809
70,27,0.696682
70,28,0.695761
70,29,0.695137
70,30,0.694829
70,31,0.694788
70,32,0.694908
70,33,0.695056
70,34,0.695086
70,35,0.694875
70,36,0.694341
70,37,0.693474
70,38,0.692345
70,39,0.691109
70,40,0.689975
70,41,0.689153
70,42,0.688795
70,43,0.68895
70,44,0.689545
70,45,0.690423
70,46,0.69141
70,47,0.692389
70,48,0.693357
70,49,0.694412
70,50,0.695703
70,51,0.697334
70,52,0.699281
70,53,0.701369
70,54,0.70331
70,55,0.704783
70,56,0.705556
70,57,0.705544
70,58,0.704837
70,59,0.703635
70,60,0.702183
70,61,0.700685
70,62,0.699271
70,63,0.697995
70,64,0.69688
70,65,0.695964
70,66,0.695328
70,67,0.695098
70,68,0.695419
70,69,0.69639
70,70,0.698021
70,71,0.700198
70,72,0.702686
70,73,0.705163
70,74,0.707296
70,75,0.708816
70,76,0.709576
70,77,0.709587
70,78,0.708998
70,79,0.708052
70,80,0.707008
70,81,0.706071
70,82,0.705347
70,83,0.704812
70,84,0.704343
70,85,0.703754
70,86,0.702876
70,87,0.701614
70,88,0.699994
70,89,0.698158
70,90,0.696326
70,91,0.694718
70,92,0.693486
70,93,0.692674
70,94,0.692224
70,95,0.692034
71,0,0.686483
71,1,0.687266
71,2,0.68878
71,3,0.690922
71,4,0.693548
71,5,0.696473
71,6,0.699476
71,7,0.702303
71,8,0.704695
71,9,0.706412
71,10,0.707286
71,11,0.707268
71,12,0.706458
71,13,0.705096
71,14,0.703524
71,15,0.702097
71,16,0.701096
71,17,0.700663
71,18,0.700768
71,19,0.701243
71,20,0.701838
71,21,0.702304
71,22,0.702458
71,23,0.702219
71,24,0.701622
71,25,0.700779
71,26,0.699849
71,27,0.698983
71,28,0.698296
71,29,0.697841
71,30,0.697608
71,31,0.69753
71,32,0.697503
71,33,0.697413
71,34,0.69715
71,35,0.696631
71,36,0.695822
71,37,0.694746
71,38,0.693497
71,39,0.69223
71,40,0.691137
71,41,0.690397
71,42,0.690125
71,43,0.690341
71,44,0.690959
71,45,0.691824
71,46,0.692784
71,47,0.693742
71,48,0.694711
71,49,0.695786
71,50,0.697094
71,51,0.698704
71,52,0.70056
71,53,0.702471
71,54,0.704157
71,55,0.705334
71,56,0.70582
71,57,0.705581
71,58,0.704741
71,59,0.703508
71,60,0.702104
71,61,0.700685
71,62,0.699322
71,63,0.698014
71,64,0.696751
71,65,0.695565
71,66,0.694571
71,67,0.693957
71,68,0.693943
71,69,0.694705
71,70,0.696308
71,71,0.698657
71,72,0.701494
71,73,0.704434
71,74,0.707056
71,75,0.708994
71,76,0.710019
71,77,0.710098
71,78,0.709379
71,79,0.708152
71,80,0.706757
71,81,0.705492
71,82,0.704544
71,83,0.703936
71,84,0.703541
71,85,0.703125
71,86,0.702433
71,87,0.701283
71,88,0.699628
71,89,0.697578
71,90,0.695363
71,91,0.693257
71,92,0.691488
71,93,0.690183
71,94,0.689359
71,95,0.68897
72,0,0.688687
72,1,0.689412
72,2,0.690801
72,3,0.69274
72,4,0.695086
72,5,0.697671
72,6,0.700311
72,7,0.702799
72,8,0.704919
72,9,0.706467
72,10,0.707285
72,11,0.707315
72,12,0.706634
72,13,0.705452
72,14,0.704083
72,15,0.702856
72,16,0.702035
72,17,0.701752
72,18,0.701973
72,19,0.702537
72,20,0.703209
72,21,0.703758
72,22,0.704028
72,23,0.703952
72,24,0.703574
72,25,0.702997
72,26,0.702354
72,27,0.701763
72,28,0.701296
72,29,0.700969
72,30,0.700747
72,31,0.700555
72,32,0.700302
72,33,0.699902
72,34,0.699287
72,35,0.698421
72,36,0.697313
72,37,0.696019
72,38,0.694647
72,39,0.693348
72,40,0.69229
72,41,0.691616
72,42,0.691407
72,43,0.691655
72,44,0.692265
72,45,0.693096
72,46,0.694014
72,47,0.694945
72,48,0.69591
72,49,0.696993
72,50,0.698292
72,51,0.699838
72,52,0.701548
72,53,0.703223
72,54,0.704607
72,55,0.70546
72,56,0.705655
72,57,0.705214
72,58,0.704287
72,59,0.703089
72,60,0.701811
72,61,0.700564
72,62,0.69936
72,63,0.698141
72,64,0.696858
72,65,0.695529
72,66,0.694282
72,67,0.693346
72,68,0.693001
72,69,0.69349
72,70,0.694934
72,71,0.697272
72,72,0.700247
72,73,0.703439
72,74,0.706366
72,75,0.708588
72,76,0.709808
72,77,0.709948
72,78,0.709146
72,79,0.707722
72,80,0.706077
72,81,0.704584
72,82,0.7035
72,83,0.702888
72,84,0.702624
72,85,0.702428
72,86,0.701974
72,87,0.700992
72,88,0.699369
72,89,0.697177
72,90,0.694653
72,91,0.692117
72,92,0.689866
72,93,0.688112
72,94,0.686942
72,95,0.686364
73,0,0.692141
73,1,0.692779
73,2,0.693987
73,3,0.695642
73,4,0.697601
73,5,0.699716
73,6,0.701846
73,7,0.703836
73,8,0.705528
73,9,0.706762
73,10,0.707401
73,11,0.707385
73,12,0.70677
73,13,0.705734
73,14,0.704552
73,15,0.703521
73,16,0.702879
73,17,0.702745
73,18,0.703083
73,19,0.703738
73,20,0.704495
73,21,0.705147
73,22,0.705557
73,23,0.705678
73,24,0.705551
73,25,0.70527
73,26,0.704936
73,27,0.704626
73,28,0.704369
73,29,0.704145
73,30,0.703897
73,31,0.703549
73,32,0.703027
73,33,0.702281
73,34,0.701287
73,35,0.700059
73,36,0.698647
73,37,0.697134
73,38,0.695641
73,39,0.694309
73,40,0.693279
73,41,0.69266
73,42,0.692497
73,43,0.692764
73,44,0.693361
73,45,0.694161
73,46,0.695051
73,47,0.695975
73,48,0.696953
73,49,0.698052
73,50,0.699335
73,51,0.700798
73,52,0.702335
73,53,0.70375
73,54,0.704817
73,55,0.705348
73,56,0.705273
73,57,0.704661
73,58,0.703687
73,59,0.702561
73,60,0.701452
73,61,0.700424
73,62,0.699438
73,63,0.698389
73,64,0.697187
73,65,0.695825
73,66,0.694426
73,67,0.693237
73,68,0.692579
73,69,0.692746
73,70,0.693917
73,71,0.696075
73,72,0.698984
73,73,0.702217
73,74,0.705259
73,75,0.707617
73,76,0.708942
73,77,0.709114
73,78,0.708253
73,79,0.706697
73,80,0.704888
73,81,0.703259
73,82,0.702122
73,83,0.701578
73,84,0.701505
73,85,0.701589
73,86,0.701439
73,87,0.700711
73,88,0.699223
73,89,0.697008
73,90,0.694299
73,91,0.691451
73,92,0.688823
73,93,0.686698
73,94,0.685235
73,95,0.684497
74,0,0.696504
74,1,0.697033
74,2,0.698019
74,3,0.699329
74,4,0.700827
74,5,0.702386
74,6,0.703905
74,7,0.705287
74,8,0.706434
74,9,0.707234
74,10,0.707581
74,11,0.707421
74,12,0.706792
74,13,0.705839
74,14,0.704799
74,15,0.703931
74,16,0.703445
74,17,0.70344
74,18,0.703879
74,19,0.704615
74,20,0.705453
74,21,0.706207
74,22,0.706765
74,23,0.707093
74,24,0.707233
74,25,0.707258
74,26,0.70724
74,27,0.707212
74,28,0.70716
74,29,0.707028
74,30,0.706742
74,31,0.706227
74,32,0.705432
74,33,0.704345
74,34,0.702988
74,35,0.701419
74,36,0.699728
74,37,0.698023
74,38,0.696429
74,39,0.695076
74,40,0.694079
74,41,0.693512
74,42,0.693393
74,43,0.693679
74,44,0.694274
74,45,0.695063
74,46,0.695953
74,47,0.696899
74,48,0.697916
74,49,0.699045
74,50,0.700316
74,51,0.701691
74,52,0.703052
74,53,0.704212
74,54,0.704982
74,55,0.705224
74,56,0.704921
74,57,0.704177
74,58,0.703185
74,59,0.702148
74,60,0.701209
74,61,0.700399
74,62,0.699643
74,63,0.698794
74,64,0.697727
74,65,0.696404
74,66,0.69493
74,67,0.693548
74,68,0.692599
74,69,0.692416
74,70,0.693229
74,71,0.695073
74,72,0.697747
74,73,0.700844
74,74,0.703834
74,75,0.706194
74,76,0.707533
74,77,0.707695
74,78,0.706785
74,79,0.705143
74,80,0.703238
74,81,0.701549
74,82,0.700431
74,83,0.700015
74,84,0.700184
74,85,0.700601
74,86,0.700822
74,87,0.700437
74,88,0.699201
74,89,0.697105
74,90,0.694368
74,91,0.691364
74,92,0.688497
74,93,0.686113
74,94,0.684433
74,95,0.683573
75,0,0.701272
75,1,0.701683
75,2,0.702428
75,3,0.703374
75,4,0.704389
75,5,0.705367
75,6,0.706246
75,7,0.706981
75,8,0.707528
75,9,0.707826
75,10,0.707802
75,11,0.707412
75,12,0.706685
75,13,0.705739
75,14,0.704774
75,15,0.704012
75,16,0.703635
75,17,0.703722
75,18,0.704231
75,19,0.705025
75,20,0.705924
75,21,0.70677
75,22,0.70747
75,23,0.708002
75,24,0.708406
75,25,0.708737
75,26,0.709032
75,27,0.709281
75,28,0.709426
75,29,0.709383
75,30,0.709061
75,31,0.708394
75,32,0.707354
75,33,0.705969
75,34,0.704303
75,35,0.702457
75,36,0.700553
75,37,0.698714
75,38,0.697068
75,39,0.695728
75,40,0.694784
75,41,0.69428
75,42,0.694212
75,43,0.694529
75,44,0.695138
75,45,0.695942
75,46,0.69686
75,47,0.697854
75,48,0.698925
75,49,0.700091
75,50,0.701349
75,51,0.702637
75,52,0.703831
75,53,0.704762
75,54,0.705279
75,55,0.70529
75,56,0.704818
75,57,0.703991
75,58,0.703006
75,59,0.702055
75,60,0.701259
75,61,0.700628
75,62,0.700063
75,63,0.699393
75,64,0.698466
75,65,0.697211
75,66,0.695705
75,67,0.694172
75,68,0.692956
75,69,0.692414
75,70,0.692822
75,71,0.694268
75,72,0.696599
75,73,0.699434
75,74,0.702251
75,75,0.704508
75,76,0.705789
75,77,0.705907
75,78,0.704948
75,79,0.703251
75,80,0.701303
75,81,0.69961
75,82,0.698561
75,83,0.698311
75,84,0.698751
75,85,0.699527
75,86,0.70016
75,87,0.700187
75,88,0.699309
75,89,0.697473
75,90,0.694873
75,91,0.691887
75,92,0.688946
75,93,0.686439
75,94,0.68464
75,95,0.683707
76,0,0.705835
76,1,0.706133
76,2,0.706653
76,3,0.707262
76,4,0.707837
76,5,0.70829
76,6,0.708587
76,7,0.708723
76,8,0.708699
76,9,0.708496
76,10,0.708071
76,11,0.707397
76,12,0.706499
76,13,0.705481
76,14,0.704512
76,15,0.703785
76,16,0.703454
76,17,0.70358
76,18,0.704117
76,19,0.704933
76,20,0.705869
76,21,0.706787
76,22,0.707615
76,23,0.708342
76,24,0.709002
76,25,0.709629
76,26,0.710224
76,27,0.710734
76,28,0.711065
76,29,0.711105
76,30,0.710755
76,31,0.709962
76,32,0.708727
76,33,0.707114
76,34,0.70523
76,35,0.703208
76,36,0.701191
76,37,0.699312
76,38,0.69769
76,39,0.696418
76,40,0.695561
76,41,0.695141
76,42,0.695139
76,43,0.6955
76,44,0.696142
76,45,0.696979
76,46,0.697942
76,47,0.698992
76,48,0.700116
76,49,0.701307
76,50,0.702538
76,51,0.703733
76,52,0.70477
76,53,0.705508
76,54,0.705829
76,55,0.705679
76,56,0.705105
76,57,0.704246
76,58,0.703288
76,59,0.702408
76,60,0.70171
76,61,0.701193
76,62,0.700748
76,63,0.700198
76,64,0.699373
76,65,0.698175
76,66,0.696647
76,67,0.69499
76,68,0.693533
76,69,0.69265
76,70,0.692651
76,71,0.693673
76,72,0.695611
76,73,0.698121
76,74,0.700694
76,75,0.702786
76,76,0.70396
76,77,0.70401
76,78,0.703007
76,79,0.701285
76,80,0.699336
76,81,0.697682
76,82,0.696734
76,83,0.696662
76,84,0.697367
76,85,0.698489
76,86,0.69953
76,87,0.699993
76,88,0.69954
76,89,0.698077
76,90,0.695766
76,91,0.692971
76,92,0.690129
76,93,0.687653
76,94,0.685847
76,95,0.684902
77,0,0.709604
77,1,0.709812
77,2,0.710151
77,3,0.710499
77,4,0.710739
77,5,0.710795
77,6,0.710651
77,7,0.710323
77,8,0.709839
77,9,0.709207
77,10,0.70841
77,11,0.70744
77,12,0.706326
77,13,0.705168
77,14,0.704116
77,15,0.703346
77,16,0.702989
77,17,0.703094
77,18,0.703608
77,19,0.70441
77,20,0.705354
77,21,0.706323
77,22,0.707264
77,23,0.708172
77,24,0.709074
77,25,0.709977
77,26,0.710846
77,27,0.711591
77,28,0.712082
77,29,0.712191
77,30,0.71182
77,31,0.710933
77,32,0.709564
77,33,0.707815
77,34,0.705824
77,35,0.703751
77,36,0.701748
77,37,0.699942
77,38,0.698437
77,39,0.6973
77,40,0.696575
77,41,0.696264
77,42,0.696341
77,43,0.696756
77,44,0.697439
77,45,0.698317
77,46,0.699325
77,47,0.70042
77,48,0.701575
77,49,0.702762
77,50,0.703939
77,51,0.705026
77,52,0.705917
77,53,0.706496
77,54,0.706678
77,55,0.706435
77,56,0.705824
77,57,0.704977
77,58,0.704061
77,59,0.703231
77,60,0.702578
77,61,0.702097
77,62,0.701687
77,63,0.701177
77,64,0.70039
77,65,0.699212
77,66,0.697656
77,67,0.695892
77,68,0.694232
77,69,0.693051
77,70,0.692685
77,71,0.693309
77,72,0.694862
77,73,0.697035
77,74,0.699339
77,75,0.701234
77,76,0.702279
77,77,0.702255
77,78,0.701222
77,79,0.699506
77,80,0.697596
77,81,0.696018
77,82,0.695186
77,83,0.695281
77,84,0.696209
77,85,0.69762
77,86,0.699012
77,87,0.699881
77,88,0.699865
77,89,0.69884
77,90,0.696935
77,91,0.694486
77,92,0.691911
77,93,0.689619
77,94,0.687925
77,95,0.687032
78,0,0.712157
78,1,0.712305
78,2,0.712531
78,3,0.712723
78,4,0.712773
78,5,0.712612
78,6,0.712225
78,7,0.711629
78,8,0.710857
78,9,0.709927
78,10,0.708839
78,11,0.707599
78,12,0.706252
78,13,0.704903
78,14,0.703702
78,15,0.702815
78,16,0.702363
78,17,0.702385
78,18,0.70283
78,19,0.703579
78,20,0.704504
78,21,0.705506
78,22,0.706543
78,23,0.707613
78,24,0.708731
78,25,0.709879
78,26,0.710984
78,27,0.711922
78,28,0.712538
78,29,0.712695
78,30,0.712305
78,31,0.711359
78,32,0.709925
78,33,0.708138
78,34,0.706164
78,35,0.704173
78,36,0.702314
78,37,0.700698
78,38,0.699402
78,39,0.698466
78,40,0.69791
78,41,0.697727
78,42,0.697892
78,43,0.698363
78,44,0.699084
78,45,0.699994
78,46,0.70103
78,47,0.702145
78,48,0.703294
78,49,0.70444
78,50,0.705532
78,51,0.706499
78,52,0.707253
78,53,0.707707
78,54,0.707801
78,55,0.707521
78,56,0.706924
78,57,0.706118
78,58,0.705245
78,59,0.704436
78,60,0.70377
78,61,0.703248
78,62,0.702788
78,63,0.702235
78,64,0.701421
78,65,0.700223
78,66,0.698632
78,67,0.696786
78,68,0.694977
78,69,0.693571
78,70,0.692914
78,71,0.693206
78,72,0.69442
78,73,0.696277
78,74,0.698312
78,75,0.700002
78,76,0.700909
78,77,0.700817
78,78,0.699777
78,79,0.698106
78,80,0.696281
78,81,0.694812
78,82,0.694104
78,83,0.694334
78,84,0.695418
78,85,0.69702
78,86,0.698661
78,87,0.699848
78,88,0.700223
78,89,0.699646
78,90,0.698216
78,91,0.696227
78,92,0.694059
78,93,0.692092
78,94,0.69062
78,95,0.689839
79,0,0.713336
79,1,0.713457
79,2,0.713639
79,3,0.713786
79,4,0.713801
79,5,0.713612
79,6,0.713195
79,7,0.712547
79,8,0.711682
79,9,0.710612
79,10,0.709339
79,11,0.707885
79,12,0.706313
79,13,0.704746
79,14,0.703345
79,15,0.702283
79,16,0.701678
79,17,0.701568
79,18,0.701902
79,19,0.70257
79,20,0.703455
79,21,0.704469
79,22,0.705579
79,23,0.706782
79,24,0.708079
79,25,0.709421
79,26,0.710708
79,27,0.711786
79,28,0.712485
79,29,0.712669
79,30,0.712269
79,31,0.711305
79,32,0.709878
79,33,0.708153
79,34,0.706312
79,35,0.704525
79,36,0.702926
79,37,0.701597
79,38,0.700581
79,39,0.699892
79,40,0.699528
79,41,0.699477
79,42,0.699722
79,43,0.700235
79,44,0.700978
79,45,0.701897
79,46,0.702933
79,47,0.704032
79,48,0.705141
79,49,0.706215
79,50,0.707206
79,51,0.708055
79,52,0.708696
79,53,0.709064
79,54,0.709118
79,55,0.708846
79,56,0.708291
79,57,0.707536
79,58,0.706689
79,59,0.70586
79,60,0.705121
79,61,0.704487
79,62,0.703901
79,63,0.703236
79,64,0.702343
79,65,0.7011
79,66,0.69948
79,67,0.697598
79,68,0.695715
79,69,0.69418
79,70,0.693334
79,71,0.693384
79,72,0.694323
79,73,0.6959
79,74,0.697678
79,75,0.699158
79,76,0.699926
79,77,0.699775
79,78,0.698758
79,79,0.697176
79,80,0.695481
79,81,0.694154
79,82,0.693571
79,83,0.693896
79,84,0.695048
79,85,0.69672
79,86,0.69847
79,87,0.699848
79,88,0.700518
79,89,0.700344
79,90,0.699399
79,91,0.697932
79,92,0.696267
79,93,0.694726
79,94,0.693563
79,95,0.692943
80,0,0.713291
80,1,0.71341
80,2,0.713602
80,3,0.713792
80,4,0.713894
80,5,0.713835
80,6,0.713567
80,7,0.713052
80,8,0.712268
80,9,0.711202
80,10,0.709849
80,11,0.708242
80,12,0.706466
80,13,0.704672
80,14,0.703044
80,15,0.701769
80,16,0.700972
80,17,0.700697
80,18,0.700896
80,19,0.701465
80,20,0.702292
80,21,0.703299
80,22,0.704455
80,23,0.705748
80,24,0.707166
80,25,0.708639
80,26,0.71004
80,27,0.711201
80,28,0.711945
80,29,0.712145
80,30,0.711754
80,31,0.710821
80,32,0.709476
80,33,0.707904
80,34,0.706291
80,35,0.704801
80,36,0.703539
80,37,0.702556
80,38,0.701857
80,39,0.701427
80,40,0.70125
80,41,0.701314
80,42,0.701613
80,43,0.702139
80,44,0.702868
80,45,0.70376
80,46,0.70476
80,47,0.705811
80,48,0.706859
80,49,0.707856
80,50,0.708762
80,51,0.70953
80,52,0.710109
80,53,0.71045
80,54,0.710516
80,55,0.710289
80,56,0.709789
80,57,0.709069
80,58,0.708212
80,59,0.707308
80,60,0.706433
80,61,0.705621
80,62,0.704849
80,63,0.704024
80,64,0.703024
80,65,0.701734
80,66,0.700118
80,67,0.698264
80,68,0.696403
80,69,0.694851
80,70,0.693927
80,71,0.693831
80,72,0.694563
80,73,0.695894
80,74,0.697424
80,75,0.69869
80,76,0.699315
80,77,0.699115
80,78,0.698149
80,79,0.696697
80,80,0.695175
80,81,0.694016
80,82,0.693552
80,83,0.693924
80,84,0.695055
80,85,0.696668
80,86,0.698379
80,87,0.699798
80,88,0.700636
80,89,0.700776
80,90,0.700273
80,91,0.699328
80,92,0.698198
80,93,0.697135
80,94,0.696328
80,95,0.695897
81,0,0.712421
81,1,0.712548
81,2,0.712773
81,3,0.713046
81,4,0.7133
81,5,0.713457
81,6,0.713442
81,7,0.713174
81,8,0.712582
81,9,0.711616
81,10,0.710257
81,11,0.708547
81,12,0.706594
81,13,0.704579
81,14,0.702715
81,15,0.701212
81,16,0.700209
81,17,0.699757
81,18,0.699813
81,19,0.700274
81,20,0.701035
81,21,0.702013
81,22,0.703175
81,23,0.704503
81,24,0.705971
81,25,0.707498
81,26,0.708944
81,27,0.710135
81,28,0.7109
81,29,0.711124
81,30,0.71078
81,31,0.709937
81,32,0.708746
81,33,0.7074
81,34,0.706082
81,35,0.704938
81,36,0.704043
81,37,0.703413
81,38,0.70302
81,39,0.702824
81,40,0.702799
81,41,0.702937
81,42,0.703246
81,43,0.703737
81,44,0.704406
81,45,0.705227
81,46,0.706153
81,47,0.707135
81,48,0.708122
81,49,0.709072
81,50,0.709951
81,51,0.710718
81,52,0.711328
81,53,0.711729
81,54,0.711874
81,55,0.711727
81,56,0.711283
81,57,0.710569
81,58,0.709646
81,59,0.708602
81,60,0.707523
81,61,0.706474
81,62,0.705471
81,63,0.704461
81,64,0.703352
81,65,0.70204
81,66,0.700482
81,67,0.69874
81,68,0.697003
81,69,0.695547
81,70,0.694653
81,71,0.694498
81,72,0.695081
81,73,0.696195
81,74,0.69748
81,75,0.698526
81,76,0.699005
81,77,0.698766
81,78,0.697874
81,79,0.696584
81,80,0.695264
81,81,0.694286
81,82,0.693927
81,83,0.694294
81,84,0.695314
81,85,0.69675
81,86,0.698284
81,87,0.699599
81,88,0.700468
81,89,0.700804
81,90,0.700653
81,91,0.700171
81,92,0.699544
81,93,0.698946
81,94,0.698494
81,95,0.698254
82,0,0.711262
82,1,0.711388
82,2,0.711634
82,3,0.711978
82,4,0.712375
82,5,0.712749
82,6,0.712997
82,7,0.712993
82,8,0.712616
82,9,0.711778
82,10,0.71044
82,11,0.70865
82,12,0.706541
82,13,0.704322
82,14,0.702236
82,15,0.700515
82,16,0.699314
82,17,0.698693
82,18,0.698613
82,19,0.698971
82,20,0.699657
82,21,0.700583
82,22,0.701708
82,23,0.703006
82,24,0.704448
82,25,0.705949
82,26,0.707375
82,27,0.70856
82,28,0.70934
82,29,0.709616
82,30,0.709369
82,31,0.70868
82,32,0.707705
82,33,0.706632
82,34,0.705633
82,35,0.704832
82,36,0.704279
82,37,0.703958
82,38,0.703816
82,39,0.703795
82,40,0.703862
82,41,0.704014
82,42,0.704275
82,43,0.704674
82,44,0.705229
82,45,0.705931
82,46,0.706753
82,47,0.70766
82,48,0.708614
82,49,0.709582
82,50,0.710532
82,51,0.71142
82,52,0.712186
82,53,0.71276
82,54,0.713067
82,55,0.71304
82,56,0.71265
82,57,0.711902
82,58,0.710852
82,59,0.709596
82,60,0.708248
82,61,0.706911
82,62,0.705648
82,63,0.704448
82,64,0.70325
82,65,0.701962
82,66,0.700532
82,67,0.698991
82,68,0.697483
82,69,0.696227
82,70,0.695456
82,71,0.695315
82,72,0.695796
82,73,0.696714
82,74,0.697759
82,75,0.698582
82,76,0.698915
82,77,0.698645
82,78,0.697841
82,79,0.696728
82,80,0.695616
82,81,0.694807
82,82,0.694518
82,83,0.694824
82,84,0.695654
82,85,0.696815
82,86,0.698059
82,87,0.699149
82,88,0.699923
82,89,0.700328
82,90,0.700409
82,91,0.700282
82,92,0.700066
82,93,0.69986
82,94,0.699714
82,95,0.699642
83,0,0.710333
83,1,0.710438
83,2,0.710663
83,3,0.711019
83,4,0.711486
83,5,0.711995
83,6,0.712423
83,7,0.712608
83,8,0.712385
83,9,0.71163
83,10,0.710292
83,11,0.708422
83,12,0.706172
83,13,0.703775
83,14,0.701499
83,15,0.699592
83,16,0.698222
83,17,0.697455
83,18,0.697255
83,19,0.697518
83,20,0.698123
83,21,0.698974
83,22,0.700018
83,23,0.701223
83,24,0.702566
83,25,0.703974
83,26,0.70533
83,27,0.706487
83,28,0.707296
83,29,0.707661
83,30,0.707568
83,31,0.707089
83,32,0.706368
83,33,0.70558
83,34,0.70488
83,35,0.704375
83,36,0.704091
83,37,0.703996
83,38,0.704017
83,39,0.704089
83,40,0.704174
83,41,0.704275
83,42,0.704426
83,43,0.704678
83,44,0.705067
83,45,0.705611
83,46,0.70631
83,47,0.707153
83,48,0.708124
83,49,0.709199
83,50,0.710343
83,51,0.711493
83,52,0.712558
83,53,0.713427
83,54,0.713981
83,55,0.714116
83,56,0.713776
83,57,0.712956
83,58,0.711719
83,59,0.710187
83,60,0.708515
83,61,0.706856
83,62,0.705321
83,63,0.703945
83,64,0.702696
83,65,0.701491
83,66,0.700265
83,67,0.699013
83,68,0.697823
83,69,0.696854
83,70,0.696282
83,71,0.696213
83,72,0.69663
83,73,0.697375
83,74,0.698191
83,75,0.698799
83,76,0.698992
83,77,0.698695
83,78,0.69798
83,79,0.697036
83,80,0.696108
83,81,0.695429
83,82,0.695156
83,83,0.695336
83,84,0.695906
83,85,0.69672
83,86,0.697597
83,87,0.698375
83,88,0.698952
83,89,0.69931
83,90,0.699491
83,91,0.699579
83,92,0.699639
83,93,0.699709
83,94,0.699783
83,95,0.699831
84,0,0.710014
84,1,0.710072
84,2,0.710221
84,3,0.710505
84,4,0.710929
84,5,0.711436
84,6,0.711896
84,7,0.712123
84,8,0.711925
84,9,0.711158
84,10,0.709762
84,11,0.707795
84,12,0.705421
84,13,0.702887
84,14,0.700471
84,15,0.698429
84,16,0.696934
84,17,0.696056
84,18,0.695759
84,19,0.695933
84,20,0.696452
84,21,0.697204
84,22,0.698125
84,23,0.699186
84,24,0.700372
84,25,0.701636
84,26,0.70289
84,27,0.704012
84,28,0.704867
84,29,0.705361
84,30,0.705462
84,31,0.705223
84,32,0.704764
84,33,0.704236
84,34,0.70378
84,35,0.703486
84,36,0.703373
84,37,0.703399
84,38,0.703487
84,39,0.703566
84,40,0.703598
84,41,0.703587
84,42,0.703579
84,43,0.703636
84,44,0.703821
84,45,0.704182
84,46,0.704755
84,47,0.705561
84,48,0.706609
84,49,0.707885
84,50,0.709343
84,51,0.710886
84,52,0.712377
84,53,0.713645
84,54,0.714516
84,55,0.714846
84,56,0.714552
84,57,0.71363
84,58,0.712163
84,59,0.710314
84,60,0.708288
84,61,0.706295
84,62,0.7045
84,63,0.70298
84,64,0.701728
84,65,0.70067
84,66,0.699719
84,67,0.69883
84,68,0.698033
84,69,0.697421
84,70,0.697107
84,71,0.697159
84,72,0.697552
84,73,0.698154
84,74,0.698766
84,75,0.699177
84,76,0.699241
84,77,0.698918
84,78,0.698274
84,79,0.69746
84,80,0.696659
84,81,0.696037
84,82,0.695705
84,83,0.695686
84,84,0.695938
84,85,0.696358
84,86,0.696827
84,87,0.697245
84,88,0.69756
84,89,0.697777
84,90,0.697936
84,91,0.698094
84,92,0.69828
84,93,0.698489
84,94,0.698678
84,95,0.69879
85,0,0.710487
85,1,0.710474
85,2,0.710498
85,3,0.710624
85,4,0.710882
85,5,0.71123
85,6,0.711541
85,7,0.711627
85,8,0.711292
85,9,0.710389
85,10,0.708863
85,11,0.70678
85,12,0.704309
85,13,0.701695
85,14,0.699212
85,15,0.697106
85,16,0.695544
85,17,0.694594
85,18,0.694222
85,19,0.694315
85,20,0.694739
85,21,0.695371
85,22,0.696141
85,23,0.69702
85,24,0.698012
85,25,0.699101
85,26,0.700235
85,27,0.701319
85,28,0.702231
85,29,0.702868
85,30,0.703175
85,31,0.703172
85,32,0.702947
85,33,0.702626
85,34,0.702335
85,35,0.702158
85,36,0.702114
85,37,0.702166
85,38,0.702236
85,39,0.702253
85,40,0.702178
85,41,0.702014
85,42,0.701811
85,43,0.701647
85,44,0.701609
85,45,0.701782
85,46,0.70224
85,47,0.703043
85,48,0.704225
85,49,0.705777
85,50,0.707635
85,51,0.709659
85,52,0.711651
85,53,0.713375
85,54,0.714597
85,55,0.715128
85,56,0.71487
85,57,0.713825
85,58,0.712109
85,59,0.709933
85,60,0.707559
85,61,0.705255
85,62,0.703237
85,63,0.701622
85,64,0.700426
85,65,0.699575
85,66,0.698962
85,67,0.698498
85,68,0.698153
85,69,0.697953
85,70,0.697951
85,71,0.698175
85,72,0.698591
85,73,0.699094
85,74,0.699539
85,75,0.699779
85,76,0.699723
85,77,0.699357
85,78,0.698743
85,79,0.697989
85,80,0.697225
85,81,0.696562
85,82,0.696075
85,83,0.695785
85,84,0.695669
85,85,0.695671
85,86,0.695723
85,87,0.695772
85,88,0.695796
85,89,0.695811
85,90,0.695854
85,91,0.69596
85,92,0.696136
85,93,0.696355
85,94,0.696559
85,95,0.696681
86,0,0.711749
86,1,0.711653
86,2,0.711516
86,3,0.711418
86,4,0.711401
86,5,0.711439
86,6,0.711421
86,7,0.71118
86,8,0.710539
86,9,0.709376
86,10,0.707656
86,11,0.705454
86,12,0.702934
86,13,0.700322
86,14,0.697866
86,15,0.695786
86,16,0.69423
86,17,0.693258
86,18,0.692836
86,19,0.692854
86,20,0.693174
86,21,0.69367
86,22,0.694266
86,23,0.69494
86,24,0.695716
86,25,0.696611
86,26,0.697608
86,27,0.69864
86,28,0.699594
86,29,0.700356
86,30,0.700842
86,31,0.701035
86,32,0.70099
86,33,0.700808
86,34,0.700605
86,35,0.700466
86,36,0.700417
86,37,0.70043
86,38,0.700432
86,39,0.700352
86,40,0.700144
86,41,0.699811
86,42,0.699402
86,43,0.699011
86,44,0.698751
86,45,0.698744
86,46,0.699108
86,47,0.699936
86,48,0.701286
86,49,0.703149
86,50,0.705435
86,51,0.707957
86,52,0.710453
86,53,0.712622
86,54,0.714173
86,55,0.71488
86,56,0.714637
86,57,0.71346
86,58,0.711503
86,59,0.709027
86,60,0.70635
86,61,0.703793
86,62,0.701616
86,63,0.69997
86,64,0.69889
86,65,0.698301
86,66,0.698075
86,67,0.698084
86,68,0.69824
86,69,0.698505
86,70,0.698872
86,71,0.699329
86,72,0.699831
86,73,0.700295
86,74,0.700619
86,75,0.700714
86,76,0.700535
86,77,0.700091
86,78,0.699433
86,79,0.698638
86,80,0.697792
86,81,0.696968
86,82,0.696224
86,83,0.695588
86,84,0.695069
86,85,0.694649
86,86,0.694302
86,87,0.694002
86,88,0.693744
86,89,0.693539
86,90,0.693414
86,91,0.69339
86,92,0.693463
86,93,0.693601
86,94,0.693746
86,95,0.693837
87,0,0.713648
87,1,0.713468
87,2,0.71316
87,3,0.712798
87,4,0.712426
87,5,0.71203
87,6,0.711528
87,7,0.710793
87,8,0.7097
87,9,0.708176
87,10,0.706221
87,11,0.703921
87,12,0.701426
87,13,0.698925
87,14,0.696615
87,15,0.694671
87,16,0.69321
87,17,0.692276
87,18,0.691838
87,19,0.69179
87,20,0.692001
87,21,0.692345
87,22,0.69275
87,23,0.693201
87,24,0.693742
87,25,0.694422
87,26,0.695255
87,27,0.696201
87,28,0.697153
87,29,0.697985
87,30,0.698588
87,31,0.698909
87,32,0.698977
87,33,0.698873
87,34,0.698706
87,35,0.698565
87,36,0.698487
87,37,0.69845
87,38,0.698384
87,39,0.698214
87,40,0.697886
87,41,0.697393
87,42,0.696789
87,43,0.696182
87,44,0.695713
87,45,0.695542
87,46,0.695825
87,47,0.696689
87,48,0.698205
87,49,0.700359
87,50,0.70303
87,51,0.705986
87,52,0.708908
87,53,0.711436
87,54,0.713236
87,55,0.714058
87,56,0.713794
87,57,0.712483
87,58,0.710316
87,59,0.707602
87,60,0.704701
87,61,0.701978
87,62,0.699725
87,63,0.698121
87,64,0.697215
87,65,0.696931
87,66,0.69713
87,67,0.697646
87,68,0.698345
87,69,0.699128
87,70,0.699932
87,71,0.7007
87,72,0.701368
87,73,0.701864
87,74,0.702119
87,75,0.702088
87,76,0.701764
87,77,0.701177
87,78,0.700376
87,79,0.699414
87,80,0.698349
87,81,0.697238
87,82,0.696134
87,83,0.695089
87,84,0.694143
87,85,0.693314
87,86,0.692605
87,87,0.692004
87,88,0.691502
87,89,0.6911
87,90,0.690808
87,91,0.690635
87,92,0.690571
87,93,0.69059
87,94,0.690645
87,95,0.690687
88,0,0.715985
88,1,0.715729
88,2,0.715254
88,3,0.714612
88,4,0.713834
88,5,0.712913
88,6,0.711803
88,7,0.710442
88,8,0.708783
88,9,0.706826
88,10,0.704622
88,11,0.702272
88,12,0.699898
88,13,0.697636
88,14,0.695612
88,15,0.693936
88,16,0.692678
88,17,0.691862
88,18,0.691455
88,19,0.691362
88,20,0.691462
88,21,0.691642
88,22,0.691835
88,23,0.69204
88,24,0.692318
88,25,0.692746
88,26,0.693369
88,27,0.694165
88,28,0.695041
88,29,0.69586
88,30,0.696496
88,31,0.696873
88,32,0.696996
88,33,0.696936
88,34,0.696796
88,35,0.69667
88,36,0.696597
88,37,0.696559
88,38,0.696478
88,39,0.696268
88,40,0.695862
88,41,0.695244
88,42,0.694471
88,43,0.693667
88,44,0.693004
88,45,0.692679
88,46,0.692881
88,47,0.693761
88,48,0.695398
88,49,0.697764
88,50,0.700712
88,51,0.703967
88,52,0.707167
88,53,0.709911
88,54,0.711834
88,55,0.71268
88,56,0.712349
88,57,0.710905
88,58,0.708575
88,59,0.7057
88,60,0.702675
88,61,0.699886
88,62,0.697648
88,63,0.696155
88,64,0.695467
88,65,0.695517
88,66,0.696159
88,67,0.697205
88,68,0.698483
88,69,0.699842
88,70,0.701159
88,71,0.702329
88,72,0.703255
88,73,0.70386
88,74,0.704095
88,75,0.703945
88,76,0.703438
88,77,0.702625
88,78,0.701562
88,79,0.700295
88,80,0.698875
88,81,0.697356
88,82,0.695806
88,83,0.694304
88,84,0.692924
88,85,0.691714
88,86,0.690693
88,87,0.689853
88,88,0.689173
88,89,0.688633
88,90,0.688224
88,91,0.68794
88,92,0.68777
88,93,0.687692
88,94,0.687673
88,95,0.687674
89,0,0.718554
89,1,0.718234
89,2,0.717605
89,3,0.716682
89,4,0.715467
89,5,0.713958
89,6,0.712153
89,7,0.710072
89,8,0.70777
89,9,0.705343
89,10,0.702902
89,11,0.700566
89,12,0.698423
89,13,0.696536
89,14,0.694945
89,15,0.693679
89,16,0.692748
89,17,0.692148
89,18,0.691836
89,19,0.691731
89,20,0.691729
89,21,0.69173
89,22,0.691683
89,23,0.691604
89,24,0.691573
89,25,0.691692
89,26,0.692034
89,27,0.692599
89,28,0.693306
89,29,0.69402
89,30,0.694605
89,31,0.694976
89,32,0.695126
89,33,0.695115
89,34,0.695044
89,35,0.695003
89,36,0.695027
89,37,0.695085
89,38,0.695086
89,39,0.694921
89,40,0.694505
89,41,0.693812
89,42,0.692904
89,43,0.691925
89,44,0.691076
89,45,0.690591
89,46,0.690688
89,47,0.691532
89,48,0.693202
89,49,0.695658
89,50,0.698726
89,51,0.702101
89,52,0.705392
89,53,0.708175
89,54,0.710078
89,55,0.710845
89,56,0.710394
89,57,0.708819
89,58,0.706373
89,59,0.703419
89,60,0.700367
89,61,0.69761
89,62,0.695467
89,63,0.694139
89,64,0.693697
89,65,0.694087
89,66,0.69517
89,67,0.696753
89,68,0.698636
89,69,0.700621
89,70,0.702528
89,71,0.70419
89,72,0.705466
89,73,0.706256
89,74,0.706511
89,75,0.70624
89,76,0.705502
89,77,0.704373
89,78,0.702929
89,79,0.701229
89,80,0.699332
89,81,0.697308
89,82,0.695249
89,83,0.693264
89,84,0.69146
89,85,0.689907
89,86,0.688633
89,87,0.687626
89,88,0.686845
89,89,0.686251
89,90,0.685809
89,91,0.685501
89,92,0.685306
89,93,0.685203
89,94,0.685162
89,95,0.685151
90,0,0.721193
90,1,0.720818
90,2,0.720047
90,3,0.718844
90,4,0.717178
90,5,0.715045
90,6,0.712493
90,7,0.709638
90,8,0.706654
90,9,0.703746
90,10,0.701097
90,11,0.698842
90,12,0.697028
90,13,0.695639
90,14,0.694616
90,15,0.693894
90,16,0.693416
90,17,0.693134
90,18,0.692995
90,19,0.692924
90,20,0.692833
90,21,0.692643
90,22,0.692322
90,23,0.691909
90,24,0.691507
90,25,0.691247
90,26,0.691226
90,27,0.691472
90,28,0.691921
90,29,0.692448
90,30,0.692922
90,31,0.693254
90,32,0.693435
90,33,0.693518
90,34,0.693597
90,35,0.693748
90,36,0.693993
90,37,0.694274
90,38,0.694473
90,39,0.694453
90,40,0.694104
90,41,0.693392
90,42,0.692383
90,43,0.691244
90,44,0.690209
90,45,0.689543
90,46,0.689488
90,47,0.69022
90,48,0.691814
90,49,0.694214
90,50,0.69723
90,51,0.700537
90,52,0.703731
90,53,0.706384
90,54,0.708126
90,55,0.708718
90,56,0.708101
90,57,0.706395
90,58,0.703873
90,59,0.700908
90,60,0.697909
90,61,0.695258
90,62,0.693265
90,63,0.692131
90,64,0.691937
90,65,0.692651
90,66,0.694153
90,67,0.696258
90,68,0.698753
90,69,0.701398
90,70,0.703953
90,71,0.706183
90,72,0.707885
90,73,0.708919
90,74,0.709228
90,75,0.708831
90,76,0.707816
90,77,0.706294
90,78,0.704374
90,79,0.702142
90,80,0.699683
90,81,0.697093
90,82,0.694495
90,83,0.692027
90,84,0.689823
90,85,0.687971
90,86,0.686503
90,87,0.685396
90,88,0.684594
90,89,0.684034
90,90,0.68366
90,91,0.683433
90,92,0.683319
90,93,0.683286
90,94,0.683296
90,95,0.683312
91,0,0.723758
91,1,0.723333
91,2,0.722427
91,3,0.720952
91,4,0.718834
91,5,0.716068
91,6,0.712759
91,7,0.709123
91,8,0.705459
91,9,0.702086
91,10,0.699264
91,11,0.697142
91,12,0.695729
91,13,0.694922
91,14,0.694562
91,15,0.694485
91,16,0.694558
91,17,0.694685
91,18,0.694792
91,19,0.694802
91,20,0.694642
91,21,0.694251
91,22,0.693626
91,23,0.692829
91,24,0.691997
91,25,0.691289
91,26,0.690836
91,27,0.690693
91,28,0.69082
91,29,0.69111
91,30,0.691442
91,31,0.691735
91,32,0.691979
91,33,0.692221
91,34,0.692542
91,35,0.692999
91,36,0.693586
91,37,0.69421
91,38,0.694716
91,39,0.69493
91,40,0.694719
91,41,0.694036
91,42,0.692957
91,43,0.691671
91,44,0.690443
91,45,0.689568
91,46,0.689308
91,47,0.689848
91,48,0.691257
91,49,0.693469
91,50,0.69628
91,51,0.699361
91,52,0.702305
91,53,0.704693
91,54,0.706169
91,55,0.706516
91,56,0.705699
91,57,0.703862
91,58,0.701289
91,59,0.698357
91,60,0.695459
91,61,0.692956
91,62,0.691138
91,63,0.690199
91,64,0.690232
91,65,0.691231
91,66,0.693108
91,67,0.695698
91,68,0.698782
91,69,0.702088
91,70,0.705312
91,71,0.708147
91,72,0.710317
91,73,0.711634
91,74,0.712016
91,75,0.711491
91,76,0.710174
91,77,0.708216
91,78,0.705767
91,79,0.702956
91,80,0.699901
91,81,0.696733
91,82,0.693603
91,83,0.69068
91,84,0.688117
91,85,0.686014
91,86,0.684403
91,87,0.683255
91,88,0.682497
91,89,0.682045
91,90,0.681825
91,91,0.681777
91,92,0.681843
91,93,0.681971
91,94,0.682103
91,95,0.682184
92,0,0.726112
92,1,0.725641
92,2,0.724606
92,3,0.722871
92,4,0.720322
92,5,0.716956
92,6,0.71293
92,7,0.708557
92,8,0.704259
92,9,0.700464
92,10,0.697504
92,11,0.695544
92,12,0.694553
92,13,0.694351
92,14,0.694681
92,15,0.695287
92,16,0.695957
92,17,0.696544
92,18,0.696945
92,19,0.697073
92,20,0.696864
92,21,0.696276
92,22,0.695331
92,23,0.694126
92,24,0.692831
92,25,0.691641
92,26,0.690722
92,27,0.69016
92,28,0.689941
92,29,0.689981
92,30,0.690175
92,31,0.690449
92,32,0.690795
92,33,0.691254
92,34,0.69189
92,35,0.692732
92,36,0.693741
92,37,0.694784
92,38,0.695663
92,39,0.696168
92,40,0.69614
92,41,0.695522
92,42,0.694397
92,43,0.692975
92,44,0.691552
92,45,0.690449
92,46,0.689947
92,47,0.690236
92,48,0.691383
92,49,0.693314
92,50,0.695823
92,51,0.698579
92,52,0.701186
92,53,0.703236
92,54,0.704394
92,55,0.704465
92,56,0.703437
92,57,0.701471
92,58,0.698863
92,59,0.695981
92,60,0.6932
92,61,0.690851
92,62,0.689202
92,63,0.688435
92,64,0.688655
92,65,0.689886
92,66,0.692077
92,67,0.695088
92,68,0.698706
92,69,0.702627
92,70,0.706492
92,71,0.709915
92,72,0.712551
92,73,0.714155
92,74,0.714618
92,75,0.713971
92,76,0.712355
92,77,0.709963
92,78,0.706993
92,79,0.703615
92,80,0.69999
92,81,0.696281
92,82,0.692668
92,83,0.689342
92,84,0.686473
92,85,0.684168
92,86,0.682458
92,87,0.681309
92,88,0.680634
92,89,0.680338
92,90,0.680326
92,91,0.680516
92,92,0.680828
92,93,0.681177
92,94,0.681478
92,95,0.68165
93,0,0.728098
93,1,0.727583
93,2,0.726433
93,3,0.724468
93,4,0.721544
93,5,0.717657
93,6,0.713012
93,7,0.708009
93,8,0.703173
93,9,0.699026
93,10,0.695963
93,11,0.694161
93,12,0.693558
93,13,0.693907
93,14,0.69487
93,15,0.696109
93,16,0.697343
93,17,0.698376
93,18,0.699072
93,19,0.699332
93,20,0.699093
93,21,0.698327
93,22,0.697083
93,23,0.695491
93,24,0.693754
93,25,0.692106
93,26,0.690746
93,27,0.68979
93,28,0.689252
93,29,0.689069
93,30,0.68915
93,31,0.68943
93,32,0.689903
93,33,0.6906
93,34,0.691567
93,35,0.692808
93,36,0.694247
93,37,0.695714
93,38,0.69697
93,39,0.69777
93,40,0.697935
93,41,0.697394
93,42,0.69624
93,43,0.694702
93,44,0.693099
93,45,0.691776
93,46,0.691029
93,47,0.691054
93,48,0.691917
93,49,0.693543
93,50,0.695724
93,51,0.698137
93,52,0.700395
93,53,0.702106
93,54,0.702955
93,55,0.702763
93,56,0.701538
93,57,0.699458
93,58,0.696821
93,59,0.693987
93,60,0.691311
93,61,0.689096
93,62,0.687585
93,63,0.686952
93,64,0.687311
93,65,0.688712
93,66,0.691143
93,67,0.694492
93,68,0.69855
93,69,0.702992
93,70,0.707406
93,71,0.711343
93,72,0.714389
93,73,0.716249
93,74,0.716787
93,75,0.716035
93,76,0.714158
93,77,0.711385
93,78,0.707959
93,79,0.704092
93,80,0.699979
93,81,0.695816
93,82,0.691805
93,83,0.688155
93,84,0.685044
93,85,0.682586
93,86,0.680811
93,87,0.679681
93,88,0.679102
93,89,0.678969
93,90,0.679173
93,91,0.679612
93,92,0.68018
93,93,0.680762
93,94,0.681241
93,95,0.681511
94,0,0.72955
94,1,0.729001
94,2,0.727762
94,3,0.725621
94,4,0.722414
94,5,0.71814
94,6,0.713038
94,7,0.70757
94,8,0.70234
94,9,0.69794
94,10,0.694807
94,11,0.69313
94,12,0.692823
94,13,0.693594
94,14,0.695043
94,15,0.696771
94,16,0.698448
94,17,0.699837
94,18,0.700774
94,19,0.701146
94,20,0.700891
94,21,0.69999
94,22,0.698511
94,23,0.696612
94,24,0.694525
94,25,0.692514
94,26,0.690807
94,27,0.689546
94,28,0.688763
94,29,0.688414
94,30,0.688419
94,31,0.688719
94,32,0.68931
94,33,0.690212
94,34,0.691458
94,35,0.693028
94,36,0.694821
94,37,0.696632
94,38,0.698194
94,39,0.699236
94,40,0.699558
94,41,0.699086
94,42,0.697916
94,43,0.69629
94,44,0.694546
94,45,0.693046
94,46,0.692097
94,47,0.691902
94,48,0.692526
94,49,0.693894
94,50,0.695801
94,51,0.697931
94,52,0.699905
94,53,0.701346
94,54,0.70195
94,55,0.701554
94,56,0.700178
94,57,0.69801
94,58,0.695349
94,59,0.692551
94,60,0.689951
94,61,0.687832
94,62,0.686418
94,63,0.685873
94,64,0.68632
94,65,0.687833
94,66,0.690425
94,67,0.694008
94,68,0.698381
94,69,0.703199
94,70,0.708018
94,71,0.712334
94,72,0.715687
94,73,0.717738
94,74,0.718335
94,75,0.717506
94,76,0.715435
94,77,0.71238
94,78,0.708617
94,79,0.704391
94,80,0.699924
94,81,0.695435
94,82,0.691141
94,83,0.687262
94,84,0.683984
94,85,0.681422
94,86,0.679609
94,87,0.678501
94,88,0.678004
94,89,0.678004
94,90,0.678383
94,91,0.679026
94,92,0.679805
94,93,0.68058
94,94,0.681207
94,95,0.681557
95,0,0.730319
95,1,0.729751
95,2,0.728462
95,3,0.726227
95,4,0.722868
95,5,0.718386
95,6,0.71304
95,7,0.707326
95,8,0.701888
95,9,0.697354
95,10,0.694186
95,11,0.692578
95,12,0.692432
95,13,0.693431
95,14,0.695143
95,15,0.69714
95,16,0.699061
95,17,0.700647
95,18,0.70172
95,19,0.702158
95,20,0.701896
95,21,0.700921
95,22,0.699313
95,23,0.697243
95,24,0.694962
95,25,0.69275
95,26,0.690852
95,27,0.689422
95,28,0.688507
95,29,0.68807
95,30,0.688037
95,31,0.688355
95,32,0.689015
95,33,0.690037
95,34,0.691442
95,35,0.693199
95,36,0.69519
95,37,0.697195
95,38,0.698929
95,39,0.700106
95,40,0.700518
95,41,0.700086
95,42,0.698908
95,43,0.697235
95,44,0.695414
95,45,0.693815
95,46,0.692752
95,47,0.69243
95,48,0.692917
95,49,0.694139
95,50,0.69589
95,51,0.697859
95,52,0.699675
95,53,0.700965
95,54,0.701435
95,55,0.700927
95,56,0.699469
95,57,0.697252
95,58,0.694579
95,59,0.691798
95,60,0.689238
95,61,0.687168
95,62,0.685803
95,63,0.685302
95,64,0.685792
95,65,0.687358
95,66,0.690031
95,67,0.693735
95,68,0.698271
95,69,0.703289
95,70,0.708321
95,71,0.71284
95,72,0.716356
95,73,0.71851
95,74,0.719138
95,75,0.718269
95,76,0.716095
95,77,0.712891
95,78,0.708949
95,79,0.704533
95,80,0.699881
95,81,0.695221
95,82,0.69078
95,83,0.686783
95,84,0.68342
95,85,0.680806
95,86,0.678974
95,87,0.677881
95,88,0.67743
95,89,0.677504
95,90,0.677981
95,91,0.678738
95,92,0.679635
95,93,0.680519
95,94,0.68123
95,95,0.681625
