fy,fx,density
0,0,0.666522
0,1,0.666757
0,2,0.667223
0,3,0.667909
0,4,0.668796
0,5,0.669857
0,6,0.671063
0,7,0.672382
0,8,0.673787
0,9,0.67525
0,10,0.676744
0,11,0.678233
0,12,0.679688
0,13,0.681094
0,14,0.682468
0,15,0.683851
0,16,0.685318
0,17,0.686953
0,18,0.688829
0,19,0.690986
0,20,0.693416
0,21,0.696066
0,22,0.698811
0,23,0.70147
0,24,0.703806
0,25,0.705584
0,26,0.706607
0,27,0.7068
0,28,0.706235
0,29,0.705129
0,30,0.703796
0,31,0.702553
0,32,0.701646
0,33,0.701196
0,34,0.701211
0,35,0.701596
0,36,0.702211
0,37,0.7029
0,38,0.703506
0,39,0.703885
0,40,0.70392
0,41,0.703534
0,42,0.702712
0,43,0.701512
0,44,0.700047
0,45,0.698453
0,46,0.696842
0,47,0.695283
0,48,0.693798
0,49,0.692384
0,50,0.691065
0,51,0.689908
0,52,0.68905
0,53,0.688679
0,54,0.688986
0,55,0.690135
0,56,0.692212
0,57,0.695205
0,58,0.698991
0,59,0.703364
0,60,0.708063
0,61,0.712816
0,62,0.717361
0,63,0.721471
0,64,0.724953
0,65,0.727648
0,66,0.729425
0,67,0.7302
0,68,0.729957
0,69,0.72875
0,70,0.726715
0,71,0.724032
0,72,0.720897
0,73,0.717512
0,74,0.714067
0,75,0.71075
0,76,0.707741
0,77,0.705188
0,78,0.703178
0,79,0.701701
0,80,0.700647
0,81,0.699833
0,82,0.699058
0,83,0.698163
0,84,0.697056
0,85,0.6957
0,86,0.694078
0,87,0.69215
0,88,0.689836
0,89,0.687045
0,90,0.683743
0,91,0.680033
0,92,0.676188
0,93,0.672638
0,94,0.669885
0,95,0.668378
1,0,0.665333
1,1,0.665614
1,2,0.666172
1,3,0.666999
1,4,0.668073
1,5,0.669361
1,6,0.670814
1,7,0.67238
1,8,0.674009
1,9,0.675654
1,10,0.677276
1,11,0.678842
1,12,0.68033
1,13,0.681742
1,14,0.683112
1,15,0.684494
1,16,0.68597
1,17,0.68762
1,18,0.689507
1,19,0.691657
1,20,0.694049
1,21,0.696619
1,22,0.699243
1,23,0.701743
1,24,0.7039
1,25,0.705497
1,26,0.706361
1,27,0.706433
1,28,0.705798
1,29,0.704679
1,30,0.703385
1,31,0.702221
1,32,0.701416
1,33,0.701076
1,34,0.701188
1,35,0.701645
1,36,0.702302
1,37,0.703
1,38,0.703591
1,39,0.703944
1,40,0.703955
1,41,0.703559
1,42,0.702744
1,43,0.701567
1,44,0.700127
1,45,0.698548
1,46,0.69693
1,47,0.695337
1,48,0.693795
1,49,0.692316
1,50,0.690938
1,51,0.689746
1,52,0.68889
1,53,0.688559
1,54,0.688944
1,55,0.690194
1,56,0.692379
1,57,0.695466
1,58,0.699315
1,59,0.703703
1,60,0.708358
1,61,0.713002
1,62,0.717375
1,63,0.721264
1,64,0.724494
1,65,0.726928
1,66,0.728468
1,67,0.729052
1,68,0.728686
1,69,0.727434
1,70,0.725433
1,71,0.722854
1,72,0.71988
1,73,0.716691
1,74,0.713457
1,75,0.710348
1,76,0.707522
1,77,0.705116
1,78,0.703205
1,79,0.701779
1,80,0.700737
1,81,0.699906
1,82,0.699102
1,83,0.698178
1,84,0.697048
1,85,0.695678
1,86,0.694045
1,87,0.692106
1,88,0.689778
1,89,0.686969
1,90,0.68365
1,91,0.679928
1,92,0.67608
1,93,0.672535
1,94,0.66979
1,95,0.668289
2,0,0.663307
2,1,0.663672
2,2,0.664401
2,3,0.665489
2,4,0.666908
2,5,0.668607
2,6,0.670508
2,7,0.672518
2,8,0.674546
2,9,0.676511
2,10,0.678357
2,11,0.680049
2,12,0.681585
2,13,0.682996
2,14,0.684348
2,15,0.685719
2,16,0.687201
2,17,0.68887
2,18,0.690771
2,19,0.692902
2,20,0.695218
2,21,0.697637
2,22,0.700031
2,23,0.702237
2,24,0.70406
2,25,0.705321
2,26,0.705886
2,27,0.705732
2,28,0.704967
2,29,0.703821
2,30,0.702596
2,31,0.701577
2,32,0.700962
2,33,0.700822
2,34,0.701114
2,35,0.701708
2,36,0.702444
2,37,0.703163
2,38,0.703732
2,39,0.70404
2,40,0.704009
2,41,0.703592
2,42,0.702787
2,43,0.701641
2,44,0.700236
2,45,0.69867
2,46,0.697025
2,47,0.695359
2,48,0.693709
2,49,0.692108
2,50,0.690627
2,51,0.689382
2,52,0.688542
2,53,0.688302
2,54,0.688843
2,55,0.690291
2,56,0.692681
2,57,0.695946
2,58,0.699908
2,59,0.704315
2,60,0.708875
2,61,0.713303
2,62,0.717346
2,63,0.720814
2,64,0.723569
2,65,0.725522
2,66,0.726625
2,67,0.726863
2,68,0.726277
2,69,0.72495
2,70,0.723018
2,71,0.720635
2,72,0.717957
2,73,0.71513
2,74,0.712288
2,75,0.709562
2,76,0.707077
2,77,0.704942
2,78,0.703216
2,79,0.701889
2,80,0.700867
2,81,0.700005
2,82,0.699145
2,83,0.698165
2,84,0.696992
2,85,0.695597
2,86,0.69395
2,87,0.691999
2,88,0.689654
2,89,0.686826
2,90,0.683489
2,91,0.679761
2,92,0.675922
2,93,0.672398
2,94,0.669677
2,95,0.668192
3,0,0.66105
3,1,0.661527
3,2,0.662483
3,3,0.663912
3,4,0.665778
3,5,0.668003
3,6,0.670471
3,7,0.673034
3,8,0.675552
3,9,0.6779
3,10,0.68
3,11,0.681822
3,12,0.683388
3,13,0.684768
3,14,0.686069
3,15,0.6874
3,16,0.688869
3,17,0.690543
3,18,0.692445
3,19,0.694539
3,20,0.696746
3,21,0.698961
3,22,0.701051
3,23,0.702866
3,24,0.704249
3,25,0.705066
3,26,0.705236
3,27,0.704781
3,28,0.703841
3,29,0.702658
3,30,0.701521
3,31,0.700688
3,32,0.700319
3,33,0.700441
3,34,0.700971
3,35,0.701746
3,36,0.702591
3,37,0.703347
3,38,0.703895
3,39,0.704152
3,40,0.704068
3,41,0.70362
3,42,0.702813
3,43,0.701687
3,44,0.7003
3,45,0.698721
3,46,0.697013
3,47,0.695229
3,48,0.693423
3,49,0.691664
3,50,0.690062
3,51,0.688772
3,52,0.687985
3,53,0.6879
3,54,0.688677
3,55,0.690408
3,56,0.693082
3,57,0.696581
3,58,0.70068
3,59,0.70509
3,60,0.709495
3,61,0.713604
3,62,0.717181
3,63,0.720069
3,64,0.722184
3,65,0.723501
3,66,0.724035
3,67,0.723833
3,68,0.722977
3,69,0.721568
3,70,0.719739
3,71,0.717621
3,72,0.715334
3,73,0.712983
3,74,0.710653
3,75,0.708431
3,76,0.706397
3,77,0.704624
3,78,0.703148
3,79,0.701952
3,80,0.70096
3,81,0.700056
3,82,0.699119
3,83,0.69806
3,84,0.696831
3,85,0.695407
3,86,0.693753
3,87,0.691805
3,88,0.689464
3,89,0.686641
3,90,0.683317
3,91,0.679617
3,92,0.675823
3,93,0.672357
3,94,0.66969
3,95,0.668237
4,0,0.659228
4,1,0.659832
4,2,0.661044
4,3,0.662852
4,4,0.665203
4,5,0.66799
4,6,0.671048
4,7,0.674174
4,8,0.677174
4,9,0.679879
4,10,0.682193
4,11,0.684091
4,12,0.685628
4,13,0.686917
4,14,0.688111
4,15,0.689353
4,16,0.690767
4,17,0.692414
4,18,0.694291
4,19,0.696326
4,20,0.698404
4,21,0.70039
4,22,0.702144
4,23,0.70353
4,24,0.704427
4,25,0.704752
4,26,0.704484
4,27,0.703697
4,28,0.702563
4,29,0.701339
4,30,0.700302
4,31,0.699676
4,32,0.699578
4,33,0.699989
4,34,0.70078
4,35,0.701759
4,36,0.702732
4,37,0.703539
4,38,0.704076
4,39,0.704285
4,40,0.704145
4,41,0.703652
4,42,0.702822
4,43,0.701681
4,44,0.700268
4,45,0.698627
4,46,0.696805
4,47,0.694859
4,48,0.692867
4,49,0.690938
4,50,0.689229
4,51,0.687931
4,52,0.687254
4,53,0.687391
4,54,0.688476
4,55,0.690553
4,56,0.693556
4,57,0.697308
4,58,0.701534
4,59,0.705904
4,60,0.710084
4,61,0.713783
4,62,0.716791
4,63,0.718997
4,64,0.720381
4,65,0.72099
4,66,0.720911
4,67,0.720249
4,68,0.719125
4,69,0.717654
4,70,0.715961
4,71,0.714148
4,72,0.712299
4,73,0.710472
4,74,0.708707
4,75,0.707041
4,76,0.70551
4,77,0.704144
4,78,0.702952
4,79,0.701909
4,80,0.700951
4,81,0.699997
4,82,0.698968
4,83,0.697818
4,84,0.696524
4,85,0.695073
4,86,0.693428
4,87,0.691513
4,88,0.689219
4,89,0.686454
4,90,0.683204
4,91,0.679597
4,92,0.675914
4,93,0.672563
4,94,0.669994
4,95,0.668598
5,0,0.658395
5,1,0.659131
5,2,0.660603
5,3,0.662785
5,4,0.665603
5,5,0.668912
5,6,0.6725
5,7,0.676109
5,8,0.679492
5,9,0.682449
5,10,0.684869
5,11,0.686739
5,12,0.688149
5,13,0.689257
5,14,0.690263
5,15,0.691347
5,16,0.692647
5,17,0.694222
5,18,0.696043
5,19,0.698004
5,20,0.699951
5,21,0.70172
5,22,0.703157
5,23,0.704138
5,24,0.704572
5,25,0.704428
5,26,0.703741
5,27,0.702636
5,28,0.701325
5,29,0.700071
5,30,0.699141
5,31,0.698724
5,32,0.698894
5,33,0.699586
5,34,0.700632
5,35,0.70181
5,36,0.702913
5,37,0.70378
5,38,0.704319
5,39,0.70449
5,40,0.704292
5,41,0.70374
5,42,0.702851
5,43,0.701647
5,44,0.700149
5,45,0.698385
5,46,0.696398
5,47,0.694257
5,48,0.692072
5,49,0.689994
5,50,0.68822
5,51,0.686972
5,52,0.686469
5,53,0.686889
5,54,0.688325
5,55,0.690772
5,56,0.694103
5,57,0.698081
5,58,0.702383
5,59,0.706646
5,60,0.710524
5,61,0.713739
5,62,0.716116
5,63,0.717602
5,64,0.718244
5,65,0.718162
5,66,0.71751
5,67,0.716441
5,68,0.715102
5,69,0.713615
5,70,0.712086
5,71,0.710589
5,72,0.709174
5,73,0.70786
5,74,0.706646
5,75,0.705527
5,76,0.704494
5,77,0.703536
5,78,0.702633
5,79,0.701747
5,80,0.700827
5,81,0.69982
5,82,0.698695
5,83,0.697446
5,84,0.696085
5,85,0.694614
5,86,0.692998
5,87,0.691153
5,88,0.688961
5,89,0.686326
5,90,0.683234
5,91,0.679812
5,92,0.676329
5,93,0.67317
5,94,0.670757
5,95,0.669448
6,0,0.658852
6,1,0.659716
6,2,0.661434
6,3,0.66396
6,4,0.667187
6,5,0.670929
6,6,0.674927
6,7,0.678875
6,8,0.682487
6,9,0.685536
6,10,0.687908
6,11,0.689612
6,12,0.690771
6,13,0.691592
6,14,0.692319
6,15,0.693164
6,16,0.694285
6,17,0.695739
6,18,0.697475
6,19,0.699357
6,20,0.701195
6,21,0.702792
6,22,0.703977
6,23,0.704628
6,24,0.70468
6,25,0.704145
6,26,0.70311
6,27,0.70175
6,28,0.700308
6,29,0.699057
6,30,0.698247
6,31,0.698035
6,32,0.698453
6,33,0.699395
6,34,0.700663
6,35,0.702014
6,36,0.703233
6,37,0.704159
6,38,0.704708
6,39,0.704849
6,40,0.704595
6,41,0.703964
6,42,0.702979
6,43,0.701657
6,44,0.700014
6,45,0.698075
6,46,0.695889
6,47,0.693548
6,48,0.691192
6,49,0.689011
6,50,0.687234
6,51,0.6861
6,52,0.685824
6,53,0.686555
6,54,0.688346
6,55,0.691133
6,56,0.694734
6,57,0.698861
6,58,0.70315
6,59,0.707219
6,60,0.710722
6,61,0.713405
6,62,0.71514
6,63,0.715933
6,64,0.7159
6,65,0.715224
6,66,0.714109
6,67,0.712744
6,68,0.711283
6,69,0.70984
6,70,0.708501
6,71,0.707311
6,72,0.706292
6,73,0.705434
6,74,0.704708
6,75,0.704075
6,76,0.70349
6,77,0.702906
6,78,0.702271
6,79,0.701534
6,80,0.70065
6,81,0.699595
6,82,0.698375
6,83,0.697029
6,84,0.695602
6,85,0.694118
6,86,0.692548
6,87,0.690806
6,88,0.68877
6,89,0.68634
6,90,0.683497
6,91,0.680359
6,92,0.677175
6,93,0.674295
6,94,0.672101
6,95,0.670914
7,0,0.660611
7,1,0.661596
7,2,0.663538
7,3,0.666364
7,4,0.669924
7,5,0.673987
7,6,0.678249
7,7,0.682365
7,8,0.686023
7,9,0.688985
7,10,0.691144
7,11,0.692536
7,12,0.693321
7,13,0.693753
7,14,0.694113
7,15,0.694649
7,16,0.695534
7,17,0.696825
7,18,0.698458
7,19,0.70027
7,20,0.702035
7,21,0.703527
7,22,0.704551
7,23,0.704979
7,24,0.704764
7,25,0.703951
7,26,0.702676
7,27,0.701155
7,28,0.699656
7,29,0.698457
7,30,0.697791
7,31,0.69778
7,32,0.698419
7,33,0.69957
7,34,0.701012
7,35,0.702495
7,36,0.703803
7,37,0.704778
7,38,0.70534
7,39,0.705459
7,40,0.705147
7,41,0.704424
7,42,0.703311
7,43,0.701827
7,44,0.699994
7,45,0.697849
7,46,0.695459
7,47,0.69294
7,48,0.690463
7,49,0.688246
7,50,0.686531
7,51,0.685562
7,52,0.685533
7,53,0.68656
7,54,0.688649
7,55,0.691686
7,56,0.695443
7,57,0.699594
7,58,0.703754
7,59,0.707534
7,60,0.710604
7,61,0.712746
7,62,0.713879
7,63,0.71407
7,64,0.713492
7,65,0.712378
7,66,0.710965
7,67,0.70945
7,68,0.707981
7,69,0.706654
7,70,0.705527
7,71,0.704621
7,72,0.70394
7,73,0.703458
7,74,0.70313
7,75,0.702896
7,76,0.702683
7,77,0.702412
7,78,0.702008
7,79,0.701403
7,80,0.700556
7,81,0.699463
7,82,0.698163
7,83,0.696731
7,84,0.695242
7,85,0.693746
7,86,0.692226
7,87,0.690603
7,88,0.688758
7,89,0.686591
7,90,0.684075
7,91,0.68131
7,92,0.678515
7,93,0.675997
7,94,0.674083
7,95,0.673049
8,0,0.663445
8,1,0.664543
8,2,0.666689
8,3,0.669768
8,4,0.673582
8,5,0.677851
8,6,0.682229
8,7,0.686345
8,8,0.689871
8,9,0.692579
8,10,0.694378
8,11,0.695335
8,12,0.695652
8,13,0.695621
8,14,0.695561
8,15,0.695744
8,16,0.69636
8,17,0.697467
8,18,0.698992
8,19,0.700749
8,20,0.702484
8,21,0.703937
8,22,0.704889
8,23,0.705202
8,24,0.704838
8,25,0.703871
8,26,0.702472
8,27,0.700893
8,28,0.699424
8,29,0.698339
8,30,0.697848
8,31,0.698041
8,32,0.698875
8,33,0.700191
8,34,0.701757
8,35,0.703325
8,36,0.704688
8,37,0.705697
8,38,0.70627
8,39,0.706373
8,40,0.706007
8,41,0.705185
8,42,0.703927
8,43,0.702258
8,44,0.700219
8,45,0.697868
8,46,0.6953
8,47,0.692656
8,48,0.690127
8,49,0.687943
8,50,0.686345
8,51,0.68556
8,52,0.685754
8,53,0.687003
8,54,0.689273
8,55,0.692413
8,56,0.696164
8,57,0.700185
8,58,0.704085
8,59,0.707492
8,60,0.710101
8,61,0.711734
8,62,0.71236
8,63,0.712094
8,64,0.711152
8,65,0.709794
8,66,0.708268
8,67,0.706764
8,68,0.705407
8,69,0.704266
8,70,0.703371
8,71,0.702726
8,72,0.702325
8,73,0.702138
8,74,0.702113
8,75,0.702183
8,76,0.702254
8,77,0.702228
8,78,0.702007
8,79,0.701514
8,80,0.700707
8,81,0.699595
8,82,0.69824
8,83,0.696741
8,84,0.6952
8,85,0.693688
8,86,0.692209
8,87,0.690699
8,88,0.689052
8,89,0.687172
8,90,0.685029
8,91,0.682699
8,92,0.680362
8,93,0.678267
8,94,0.676682
8,95,0.675828
9,0,0.666994
9,1,0.668197
9,2,0.670525
9,3,0.673813
9,4,0.677807
9,5,0.682175
9,6,0.686534
9,7,0.690497
9,8,0.693743
9,9,0.696061
9,10,0.697393
9,11,0.697844
9,12,0.697652
9,13,0.697141
9,14,0.696657
9,15,0.696492
9,16,0.696843
9,17,0.697772
9,18,0.699196
9,19,0.700914
9,20,0.702647
9,21,0.704106
9,22,0.70505
9,23,0.705329
9,24,0.704912
9,25,0.703893
9,26,0.702476
9,27,0.700938
9,28,0.69958
9,29,0.69867
9,30,0.698387
9,31,0.698787
9,32,0.699797
9,33,0.701237
9,34,0.702878
9,35,0.704486
9,36,0.705872
9,37,0.706898
9,38,0.707483
9,39,0.70758
9,40,0.707173
9,41,0.706262
9,42,0.704864
9,43,0.703016
9,44,0.700783
9,45,0.698256
9,46,0.695559
9,47,0.692856
9,48,0.690346
9,49,0.688254
9,50,0.686799
9,51,0.686179
9,52,0.686523
9,53,0.68787
9,54,0.690156
9,55,0.693211
9,56,0.696768
9,57,0.700493
9,58,0.704014
9,59,0.706987
9,60,0.709147
9,61,0.710351
9,62,0.71061
9,63,0.710071
9,64,0.708971
9,65,0.707577
9,66,0.706126
9,67,0.704786
9,68,0.703651
9,69,0.702757
9,70,0.702114
9,71,0.701712
9,72,0.701542
9,73,0.701579
9,74,0.701776
9,75,0.702061
9,76,0.702334
9,77,0.702483
9,78,0.702399
9,79,0.701998
9,80,0.701237
9,81,0.700134
9,82,0.698759
9,83,0.697225
9,84,0.695649
9,85,0.694119
9,86,0.692661
9,87,0.691238
9,88,0.689763
9,89,0.68816
9,90,0.686395
9,91,0.684523
9,92,0.682675
9,93,0.681039
9,94,0.67981
9,95,0.679152
10,0,0.670883
10,1,0.672182
10,2,0.674668
10,3,0.67812
10,4,0.682221
10,5,0.686588
10,6,0.690808
10,7,0.694494
10,8,0.697342
10,9,0.69918
10,10,0.699993
10,11,0.699925
10,12,0.699246
10,13,0.698303
10,14,0.697454
10,15,0.696996
10,16,0.697126
10,17,0.697906
10,18,0.699245
10,19,0.70093
10,20,0.702665
10,21,0.704142
10,22,0.705103
10,23,0.70539
10,24,0.704979
10,25,0.703982
10,26,0.702627
10,27,0.701208
10,28,0.700031
10,29,0.699342
10,30,0.699291
10,31,0.699895
10,32,0.701054
10,33,0.702579
10,34,0.70425
10,35,0.705857
10,36,0.707236
10,37,0.708268
10,38,0.708868
10,39,0.708978
10,40,0.708556
10,41,0.707585
10,42,0.706075
10,43,0.704081
10,44,0.701694
10,45,0.69904
10,46,0.696275
10,47,0.693577
10,48,0.691144
10,49,0.689177
10,50,0.687861
10,51,0.68735
10,52,0.687734
10,53,0.689023
10,54,0.691137
10,55,0.693906
10,56,0.697083
10,57,0.700364
10,58,0.703415
10,59,0.705934
10,60,0.707696
10,61,0.708591
10,62,0.708655
10,63,0.708045
10,64,0.706997
10,65,0.705763
10,66,0.704555
10,67,0.703507
10,68,0.70268
10,69,0.702084
10,70,0.701707
10,71,0.701535
10,72,0.701563
10,73,0.701773
10,74,0.702127
10,75,0.702555
10,76,0.702958
10,77,0.703219
10,78,0.703228
10,79,0.7029
10,80,0.702196
10,81,0.701136
10,82,0.699788
10,83,0.698263
10,84,0.696679
10,85,0.695135
10,86,0.693678
10,87,0.692302
10,88,0.690955
10,89,0.689586
10,90,0.688169
10,91,0.686737
10,92,0.685374
10,93,0.684199
10,94,0.683332
10,95,0.682873
11,0,0.674816
11,1,0.676194
11,2,0.678804
11,3,0.682365
11,4,0.686494
11,5,0.690761
11,6,0.694733
11,7,0.698034
11,8,0.7004
11,9,0.701712
11,10,0.702004
11,11,0.701461
11,12,0.700379
11,13,0.69911
11,14,0.698006
11,15,0.697354
11,16,0.697341
11,17,0.698017
11,18,0.699288
11,19,0.700934
11,20,0.702652
11,21,0.704126
11,22,0.705092
11,23,0.705393
11,24,0.705015
11,25,0.704086
11,26,0.70285
11,27,0.701609
11,28,0.700658
11,29,0.700219
11,30,0.700403
11,31,0.701192
11,32,0.702463
11,33,0.704025
11,34,0.705678
11,35,0.707244
11,36,0.708591
11,37,0.709619
11,38,0.710246
11,39,0.710395
11,40,0.709996
11,41,0.70901
11,42,0.707439
11,43,0.705349
11,44,0.702862
11,45,0.700137
11,46,0.697358
11,47,0.694716
11,48,0.692392
11,49,0.690557
11,50,0.689346
11,51,0.688867
11,52,0.689169
11,53,0.690242
11,54,0.692006
11,55,0.694314
11,56,0.696959
11,57,0.699688
11,58,0.702221
11,59,0.704307
11,60,0.705757
11,61,0.706486
11,62,0.706534
11,63,0.706049
11,64,0.705241
11,65,0.704332
11,66,0.703496
11,67,0.702832
11,68,0.70237
11,69,0.702099
11,70,0.701996
11,71,0.702044
11,72,0.702245
11,73,0.702592
11,74,0.703053
11,75,0.703566
11,76,0.704037
11,77,0.704353
11,78,0.704414
11,79,0.704145
11,80,0.703511
11,81,0.70253
11,82,0.701262
11,83,0.699802
11,84,0.698252
11,85,0.696712
11,86,0.695247
11,87,0.693885
11,88,0.692616
11,89,0.691424
11,90,0.690302
11,91,0.689265
11,92,0.688352
11,93,0.687613
11,94,0.687093
11,95,0.686825
12,0,0.678625
12,1,0.680057
12,2,0.68274
12,3,0.686333
12,4,0.690396
12,5,0.694457
12,6,0.698075
12,7,0.700902
12,8,0.702729
12,9,0.703501
12,10,0.703311
12,11,0.702381
12,12,0.701018
12,13,0.699565
12,14,0.698348
12,15,0.697624
12,16,0.697555
12,17,0.698179
12,18,0.699393
12,19,0.700981
12,20,0.702644
12,21,0.704074
12,22,0.705014
12,23,0.705318
12,24,0.704985
12,25,0.704157
12,26,0.703084
12,27,0.702063
12,28,0.701365
12,29,0.701179
12,30,0.701578
12,31,0.70251
12,32,0.703837
12,33,0.705376
12,34,0.706954
12,35,0.708436
12,36,0.709725
12,37,0.710744
12,38,0.711409
12,39,0.711625
12,40,0.711292
12,41,0.710343
12,42,0.708768
12,43,0.70664
12,44,0.704105
12,45,0.701358
12,46,0.698604
12,47,0.696043
12,48,0.693838
12,49,0.692117
12,50,0.690967
12,51,0.690443
12,52,0.690559
12,53,0.691292
12,54,0.692577
12,55,0.694305
12,56,0.696327
12,57,0.698455
12,58,0.700474
12,59,0.702183
12,60,0.703427
12,61,0.704132
12,62,0.704326
12,63,0.704126
12,64,0.703702
12,65,0.703232
12,66,0.702848
12,67,0.702616
12,68,0.702542
12,69,0.702601
12,70,0.702763
12,71,0.703017
12,72,0.703369
12,73,0.70382
12,74,0.704346
12,75,0.704894
12,76,0.705377
12,77,0.705698
12,78,0.705773
12,79,0.705545
12,80,0.70499
12,81,0.704126
12,82,0.702992
12,83,0.701655
12,84,0.700195
12,85,0.698696
12,86,0.697235
12,87,0.695872
12,88,0.694646
12,89,0.693583
12,90,0.692699
12,91,0.692002
12,92,0.691491
12,93,0.691149
12,94,0.690948
12,95,0.690858
13,0,0.682267
13,1,0.683715
13,2,0.686398
13,3,0.689926
13,4,0.693811
13,5,0.697553
13,6,0.700718
13,7,0.703
13,8,0.704255
13,9,0.704501
13,10,0.703891
13,11,0.70268
13,12,0.701172
13,13,0.699681
13,14,0.698487
13,15,0.697804
13,16,0.697757
13,17,0.698364
13,18,0.699521
13,19,0.701023
13,20,0.70259
13,21,0.703933
13,22,0.704818
13,23,0.70512
13,24,0.704851
13,25,0.704162
13,26,0.703296
13,27,0.702528
13,28,0.702099
13,29,0.702151
13,30,0.70272
13,31,0.703729
13,32,0.705034
13,33,0.706474
13,34,0.707914
13,35,0.709262
13,36,0.710463
13,37,0.71146
13,38,0.712171
13,39,0.712478
13,40,0.712247
13,41,0.711381
13,42,0.709851
13,43,0.707733
13,44,0.705194
13,45,0.702455
13,46,0.699747
13,47,0.697273
13,48,0.695178
13,49,0.69355
13,50,0.692424
13,51,0.691806
13,52,0.691677
13,53,0.692009
13,54,0.692761
13,55,0.693872
13,56,0.695258
13,57,0.696803
13,58,0.698356
13,59,0.699768
13,60,0.700908
13,61,0.701703
13,62,0.702158
13,63,0.702345
13,64,0.702385
13,65,0.702407
13,66,0.702501
13,67,0.702705
13,68,0.703007
13,69,0.703375
13,70,0.70378
13,71,0.704213
13,72,0.704686
13,73,0.705205
13,74,0.705754
13,75,0.706286
13,76,0.706728
13,77,0.707004
13,78,0.707056
13,79,0.706851
13,80,0.70638
13,81,0.705659
13,82,0.704706
13,83,0.703552
13,84,0.702241
13,85,0.700835
13,86,0.699414
13,87,0.698067
13,88,0.696879
13,89,0.695921
13,90,0.695237
13,91,0.694834
13,92,0.694676
13,93,0.694688
13,94,0.694774
13,95,0.694844
14,0,0.685771
14,1,0.687187
14,2,0.689783
14,3,0.693134
14,4,0.696721
14,5,0.700035
14,6,0.702663
14,7,0.704351
14,8,0.705029
14,9,0.704788
14,10,0.703837
14,11,0.70245
14,12,0.700917
14,13,0.699507
14,14,0.69844
14,15,0.697873
14,16,0.697891
14,17,0.698491
14,18,0.699574
14,19,0.700954
14,20,0.702386
14,21,0.703613
14,22,0.704434
14,23,0.704749
14,24,0.704584
14,25,0.704085
14,26,0.703477
14,27,0.702998
14,28,0.702841
14,29,0.703104
14,30,0.703784
14,31,0.704788
14,32,0.705983
14,33,0.707238
14,34,0.708466
14,35,0.709627
14,36,0.710704
14,37,0.711663
14,38,0.712414
14,39,0.712818
14,40,0.712707
14,41,0.711949
14,42,0.710495
14,43,0.708416
14,44,0.705897
14,45,0.703184
14,46,0.700527
14,47,0.698136
14,48,0.696141
14,49,0.694593
14,50,0.693481
14,51,0.692764
14,52,0.692397
14,53,0.692348
14,54,0.692602
14,55,0.693148
14,56,0.693965
14,57,0.695004
14,58,0.696177
14,59,0.697375
14,60,0.698491
14,61,0.699444
14,62,0.700207
14,63,0.700811
14,64,0.701323
14,65,0.701825
14,66,0.70237
14,67,0.702973
14,68,0.703609
14,69,0.704244
14,70,0.704851
14,71,0.705423
14,72,0.705976
14,73,0.706518
14,74,0.707037
14,75,0.707498
14,76,0.707846
14,77,0.70803
14,78,0.708022
14,79,0.707819
14,80,0.707429
14,81,0.706866
14,82,0.706126
14,83,0.705201
14,84,0.704096
14,85,0.702843
14,86,0.701518
14,87,0.700232
14,88,0.699107
14,89,0.698259
14,90,0.697761
14,91,0.697622
14,92,0.697779
14,93,0.698106
14,94,0.698448
14,95,0.698661
15,0,0.689191
15,1,0.690523
15,2,0.69294
15,3,0.696002
15,4,0.69918
15,5,0.701977
15,6,0.704014
15,7,0.705096
15,8,0.705226
15,9,0.70456
15,10,0.703351
15,11,0.701882
15,12,0.700415
15,13,0.69916
15,14,0.698272
15,15,0.697845
15,16,0.697921
15,17,0.698486
15,18,0.699453
15,19,0.700668
15,20,0.70193
15,21,0.703029
15,22,0.703801
15,23,0.70417
15,24,0.704168
15,25,0.703927
15,26,0.703636
15,27,0.703482
15,28,0.7036
15,29,0.704041
15,30,0.704769
15,31,0.705687
15,32,0.706682
15,33,0.70767
15,34,0.708618
15,35,0.709538
15,36,0.710451
15,37,0.711341
15,38,0.712111
15,39,0.712596
15,40,0.712596
15,41,0.711942
15,42,0.710566
15,43,0.708534
15,44,0.706043
15,45,0.70336
15,46,0.700756
15,47,0.698447
15,48,0.696553
15,49,0.695096
15,50,0.694023
15,51,0.693257
15,52,0.692727
15,53,0.692397
15,54,0.692273
15,55,0.692385
15,56,0.692766
15,57,0.693424
15,58,0.69432
15,59,0.695381
15,60,0.696513
15,61,0.697631
15,62,0.698683
15,63,0.699658
15,64,0.700582
15,65,0.701495
15,66,0.70242
15,67,0.703354
15,68,0.704262
15,69,0.705108
15,70,0.705864
15,71,0.706523
15,72,0.707101
15,73,0.707608
15,74,0.708038
15,75,0.708371
15,76,0.708571
15,77,0.708619
15,78,0.708517
15,79,0.708292
15,80,0.70797
15,81,0.707563
15,82,0.707046
15,83,0.706378
15,84,0.705519
15,85,0.704474
15,86,0.703307
15,87,0.702138
15,88,0.701123
15,89,0.700412
15,90,0.700103
15,91,0.70021
15,92,0.700649
15,93,0.701253
15,94,0.701817
15,95,0.702153
16,0,0.692541
16,1,0.693743
16,2,0.6959
16,3,0.698579
16,4,0.701267
16,5,0.703494
16,6,0.704931
16,7,0.70544
16,8,0.705088
16,9,0.704084
16,10,0.702707
16,11,0.701236
16,12,0.699891
16,13,0.69882
16,14,0.698108
16,15,0.697789
16,16,0.697872
16,17,0.698337
16,18,0.699122
16,19,0.700118
16,20,0.701179
16,21,0.702146
16,22,0.702896
16,23,0.703371
16,24,0.703601
16,25,0.703687
16,26,0.703768
16,27,0.703969
16,28,0.704364
16,29,0.704952
16,30,0.705675
16,31,0.70644
16,32,0.707167
16,33,0.707824
16,34,0.708438
16,35,0.709073
16,36,0.709785
16,37,0.710568
16,38,0.711319
16,39,0.711847
16,40,0.71192
16,41,0.71134
16,42,0.710019
16,43,0.708024
16,44,0.705558
16,45,0.702909
16,46,0.700365
16,47,0.698152
16,48,0.696379
16,49,0.695049
16,50,0.694077
16,51,0.693355
16,52,0.692788
16,53,0.692336
16,54,0.692014
16,55,0.69188
16,56,0.692002
16,57,0.692426
16,58,0.69315
16,59,0.694128
16,60,0.69528
16,61,0.696518
16,62,0.697777
16,63,0.699021
16,64,0.700245
16,65,0.701462
16,66,0.70267
16,67,0.703852
16,68,0.704961
16,69,0.705956
16,70,0.706802
16,71,0.707489
16,72,0.708029
16,73,0.708437
16,74,0.708716
16,75,0.708861
16,76,0.708865
16,77,0.708737
16,78,0.708513
16,79,0.708242
16,80,0.707968
16,81,0.7077
16,82,0.707396
16,83,0.706985
16,84,0.706392
16,85,0.705592
16,86,0.704632
16,87,0.703637
16,88,0.702778
16,89,0.702229
16,90,0.702109
16,91,0.702435
16,92,0.703111
16,93,0.70394
16,94,0.704681
16,95,0.705116
17,0,0.69577
17,1,0.696808
17,2,0.698652
17,3,0.700892
17,4,0.703051
17,5,0.704708
17,6,0.705584
17,7,0.705599
17,8,0.704867
17,9,0.703633
17,10,0.702185
17,11,0.70078
17,12,0.699589
17,13,0.698698
17,14,0.69812
17,15,0.697842
17,16,0.697846
17,17,0.69812
17,18,0.698639
17,19,0.69935
17,20,0.70017
17,21,0.700998
17,22,0.701747
17,23,0.702373
17,24,0.702889
17,25,0.703355
17,26,0.703847
17,27,0.704423
17,28,0.705091
17,29,0.705805
17,30,0.706489
17,31,0.707064
17,32,0.707488
17,33,0.707784
17,34,0.708037
17,35,0.708361
17,36,0.708842
17,37,0.709481
17,38,0.710163
17,39,0.710678
17,40,0.710766
17,41,0.710209
17,42,0.708909
17,43,0.70693
17,44,0.704489
17,45,0.701887
17,46,0.699425
17,47,0.697336
17,48,0.695725
17,49,0.694578
17,50,0.693789
17,51,0.693226
17,52,0.692776
17,53,0.692385
17,54,0.69207
17,55,0.691896
17,56,0.691945
17,57,0.692283
17,58,0.692929
17,59,0.693856
17,60,0.694997
17,61,0.696275
17,62,0.697624
17,63,0.699002
17,64,0.700393
17,65,0.701792
17,66,0.703182
17,67,0.704528
17,68,0.705771
17,69,0.706856
17,70,0.707736
17,71,0.708393
17,72,0.708835
17,73,0.709081
17,74,0.709149
17,75,0.709056
17,76,0.708823
17,77,0.708492
17,78,0.708123
17,79,0.707786
17,80,0.707535
17,81,0.707377
17,82,0.707258
17,83,0.707081
17,84,0.706749
17,85,0.706205
17,86,0.70548
17,87,0.704689
17,88,0.704007
17,89,0.70362
17,90,0.703659
17,91,0.704145
17,92,0.704979
17,93,0.70595
17,94,0.7068
17,95,0.707295
18,0,0.698774
18,1,0.699633
18,2,0.70114
18,3,0.702926
18,4,0.704567
18,5,0.705697
18,6,0.706095
18,7,0.705729
18,8,0.704745
18,9,0.703404
18,10,0.701983
18,11,0.700706
18,12,0.699692
18,13,0.698959
18,14,0.698463
18,15,0.698147
18,16,0.697979
18,17,0.697966
18,18,0.698128
18,19,0.698482
18,20,0.699013
18,21,0.699678
18,22,0.700425
18,23,0.701218
18,24,0.702041
18,25,0.702904
18,26,0.703815
18,27,0.704762
18,28,0.705692
18,29,0.70652
18,30,0.707156
18,31,0.707539
18,32,0.707666
18,33,0.707613
18,34,0.707517
18,35,0.707531
18,36,0.707766
18,37,0.708228
18,38,0.708792
18,39,0.709232
18,40,0.709272
18,41,0.708683
18,42,0.707368
18,43,0.705395
18,44,0.702991
18,45,0.700465
18,46,0.698127
18,47,0.696207
18,48,0.694809
18,49,0.693907
18,50,0.693383
18,51,0.69309
18,52,0.6929
18,53,0.692744
18,54,0.692625
18,55,0.692599
18,56,0.692742
18,57,0.693121
18,58,0.693761
18,59,0.694648
18,60,0.695734
18,61,0.696959
18,62,0.698276
18,63,0.699654
18,64,0.701082
18,65,0.70255
18,66,0.704031
18,67,0.705471
18,68,0.706793
18,69,0.70792
18,70,0.708787
18,71,0.709364
18,72,0.709656
18,73,0.709687
18,74,0.709495
18,75,0.709125
18,76,0.708628
18,77,0.708075
18,78,0.707548
18,79,0.707131
18,80,0.70688
18,81,0.706799
18,82,0.706826
18,83,0.706849
18,84,0.706749
18,85,0.70645
18,86,0.705956
18,87,0.705366
18,88,0.704845
18,89,0.704576
18,90,0.704696
18,91,0.705235
18,92,0.706101
18,93,0.707092
18,94,0.707954
18,95,0.708453
19,0,0.701432
19,1,0.702112
19,2,0.703288
19,3,0.704641
19,4,0.70581
19,5,0.706491
19,6,0.706518
19,7,0.705896
19,8,0.704792
19,9,0.703463
19,10,0.702164
19,11,0.701073
19,12,0.700254
19,13,0.699664
19,14,0.699205
19,15,0.698788
19,16,0.698375
19,17,0.697997
19,18,0.697731
19,19,0.697661
19,20,0.697847
19,21,0.698307
19,22,0.699021
19,23,0.699953
19,24,0.701056
19,25,0.702287
19,26,0.703586
19,27,0.704873
19,28,0.706042
19,29,0.706978
19,30,0.707581
19,31,0.707807
19,32,0.707688
19,33,0.70734
19,34,0.706944
19,35,0.706682
19,36,0.706681
19,37,0.706948
19,38,0.707355
19,39,0.707664
19,40,0.7076
19,41,0.706935
19,42,0.705581
19,43,0.70362
19,44,0.701283
19,45,0.698883
19,46,0.696725
19,47,0.695033
19,48,0.693899
19,49,0.693296
19,50,0.693099
19,51,0.693158
19,52,0.693334
19,53,0.693541
19,54,0.693761
19,55,0.694024
19,56,0.694385
19,57,0.694894
19,58,0.695574
19,59,0.69642
19,60,0.697405
19,61,0.698498
19,62,0.699682
19,63,0.700955
19,64,0.70232
19,65,0.703772
19,66,0.705275
19,67,0.706758
19,68,0.708118
19,69,0.709253
19,70,0.710074
19,71,0.710535
19,72,0.710638
19,73,0.710418
19,74,0.709934
19,75,0.709263
19,76,0.708488
19,77,0.707708
19,78,0.70702
19,79,0.706514
19,80,0.706246
19,81,0.706214
19,82,0.70635
19,83,0.706532
19,84,0.70663
19,85,0.706544
19,86,0.706254
19,87,0.705829
19,88,0.705412
19,89,0.705174
19,90,0.705251
19,91,0.705689
19,92,0.706419
19,93,0.70727
19,94,0.708017
19,95,0.708453
20,0,0.703666
20,1,0.704176
20,2,0.705045
20,3,0.706007
20,4,0.706767
20,5,0.707084
20,6,0.706842
20,7,0.706079
20,8,0.704969
20,9,0.703752
20,10,0.702649
20,11,0.701791
20,12,0.701186
20,13,0.700735
20,14,0.700298
20,15,0.699754
20,16,0.699064
20,17,0.69829
20,18,0.697557
20,19,0.697022
20,20,0.696817
20,21,0.697016
20,22,0.697635
20,23,0.698635
20,24,0.699943
20,25,0.701462
20,26,0.703072
20,27,0.704637
20,28,0.706009
20,29,0.707046
20,30,0.707647
20,31,0.707779
20,32,0.707499
20,33,0.706951
20,34,0.706341
20,35,0.70587
20,36,0.705669
20,37,0.705749
20,38,0.705978
20,39,0.706122
20,40,0.705914
20,41,0.705147
20,42,0.703753
20,43,0.701828
20,44,0.699608
20,45,0.697399
20,46,0.695488
20,47,0.69408
20,48,0.693256
20,49,0.692985
20,50,0.693145
20,51,0.69359
20,52,0.694178
20,53,0.694811
20,54,0.695443
20,55,0.69607
20,56,0.696714
20,57,0.697401
20,58,0.698142
20,59,0.69894
20,60,0.699793
20,61,0.700704
20,62,0.701696
20,63,0.702798
20,64,0.704039
20,65,0.705424
20,66,0.706907
20,67,0.708399
20,68,0.709772
20,69,0.710892
20,70,0.711646
20,71,0.711973
20,72,0.711869
20,73,0.71138
20,74,0.710593
20,75,0.709615
20,76,0.708563
20,77,0.707559
20,78,0.706716
20,79,0.706123
20,80,0.70583
20,81,0.705829
20,82,0.706046
20,83,0.706358
20,84,0.706619
20,85,0.706713
20,86,0.706586
20,87,0.706272
20,88,0.705879
20,89,0.705559
20,90,0.705444
20,91,0.705602
20,92,0.706009
20,93,0.706544
20,94,0.707041
20,95,0.707338
21,0,0.705483
21,1,0.705839
21,2,0.706428
21,3,0.707041
21,4,0.707446
21,5,0.707468
21,6,0.707037
21,7,0.706213
21,8,0.705172
21,9,0.704129
21,10,0.703267
21,11,0.702669
21,12,0.702291
21,13,0.701988
21,14,0.701581
21,15,0.700929
21,16,0.699989
21,17,0.698843
21,18,0.697662
21,19,0.696662
21,20,0.696041
21,21,0.695928
21,22,0.69637
21,23,0.697335
21,24,0.698726
21,25,0.700406
21,26,0.70221
21,27,0.703959
21,28,0.705475
21,29,0.706601
21,30,0.707235
21,31,0.707351
21,32,0.707016
21,33,0.706389
21,34,0.705682
21,35,0.705098
21,36,0.704767
21,37,0.704696
21,38,0.704754
21,39,0.704722
21,40,0.704357
21,41,0.703483
21,42,0.702064
21,43,0.700215
21,44,0.698172
21,45,0.696221
21,46,0.694623
21,47,0.69355
21,48,0.693065
21,49,0.693132
21,50,0.693641
21,51,0.694457
21,52,0.695444
21,53,0.696494
21,54,0.697535
21,55,0.69853
21,56,0.699463
21,57,0.70033
21,58,0.701131
21,59,0.701877
21,60,0.702588
21,61,0.703302
21,62,0.704083
21,63,0.704995
21,64,0.706091
21,65,0.707383
21,66,0.708823
21,67,0.710305
21,68,0.711672
21,69,0.712765
21,70,0.713446
21,71,0.713635
21,72,0.713325
21,73,0.712574
21,74,0.711491
21,75,0.710218
21,76,0.708904
21,77,0.707694
21,78,0.706711
21,79,0.706042
21,80,0.70573
21,81,0.705759
21,82,0.70605
21,83,0.706475
21,84,0.70688
21,85,0.707126
21,86,0.707126
21,87,0.70687
21,88,0.706424
21,89,0.705911
21,90,0.705465
21,91,0.705182
21,92,0.705092
21,93,0.705154
21,94,0.705279
21,95,0.705372
22,0,0.70699
22,1,0.7072
22,2,0.707528
22,3,0.707818
22,4,0.707905
22,5,0.707671
22,6,0.70709
22,7,0.706244
22,8,0.7053
22,9,0.704449
22,10,0.703833
22,11,0.703491
22,12,0.703337
22,13,0.703191
22,14,0.702844
22,15,0.702138
22,16,0.701023
22,17,0.699593
22,18,0.698043
22,19,0.696633
22,20,0.695609
22,21,0.695149
22,22,0.69533
22,23,0.696135
22,24,0.697456
22,25,0.699137
22,26,0.700983
22,27,0.702791
22,28,0.704369
22,29,0.705556
22,30,0.706248
22,31,0.706422
22,32,0.706145
22,33,0.705572
22,34,0.704903
22,35,0.704327
22,36,0.703961
22,37,0.703803
22,38,0.703729
22,39,0.703539
22,40,0.703026
22,41,0.70206
22,42,0.700643
22,43,0.698912
22,44,0.6971
22,45,0.695466
22,46,0.69423
22,47,0.693525
22,48,0.693388
22,49,0.693779
22,50,0.694597
22,51,0.695728
22,52,0.697047
22,53,0.698444
22,54,0.699829
22,55,0.701133
22,56,0.702306
22,57,0.703321
22,58,0.704165
22,59,0.704854
22,60,0.705433
22,61,0.705969
22,62,0.706557
22,63,0.70729
22,64,0.708243
22,65,0.709437
22,66,0.710819
22,67,0.712271
22,68,0.713617
22,69,0.714674
22,70,0.715282
22,71,0.715345
22,72,0.714849
22,73,0.713861
22,74,0.712514
22,75,0.710979
22,76,0.709436
22,77,0.708052
22,78,0.706959
22,79,0.706239
22,80,0.705929
22,81,0.706002
22,82,0.706375
22,83,0.706915
22,84,0.70746
22,85,0.707849
22,86,0.707957
22,87,0.707726
22,88,0.707176
22,89,0.706403
22,90,0.705535
22,91,0.704703
22,92,0.704007
22,93,0.703493
22,94,0.703169
22,95,0.703015
23,0,0.708349
23,1,0.708417
23,2,0.70849
23,3,0.708467
23,4,0.708245
23,5,0.707765
23,6,0.707043
23,7,0.706174
23,8,0.705318
23,9,0.704635
23,10,0.704231
23,11,0.704106
23,12,0.704149
23,13,0.704154
23,14,0.703901
23,15,0.703215
23,16,0.702038
23,17,0.700457
23,18,0.698672
23,19,0.696959
23,20,0.695589
23,21,0.694775
23,22,0.694626
23,23,0.695143
23,24,0.69623
23,25,0.697729
23,26,0.699441
23,27,0.70116
23,28,0.702696
23,29,0.703889
23,30,0.704643
23,31,0.704931
23,32,0.704811
23,33,0.704415
23,34,0.70392
23,35,0.703484
23,36,0.703195
23,37,0.70304
23,38,0.702899
23,39,0.702596
23,40,0.701969
23,41,0.700938
23,42,0.699553
23,43,0.697973
23,44,0.696427
23,45,0.695142
23,46,0.694291
23,47,0.693961
23,48,0.69416
23,49,0.694838
23,50,0.695905
23,51,0.697268
23,52,0.69882
23,53,0.700453
23,54,0.70207
23,55,0.703579
23,56,0.704908
23,57,0.706011
23,58,0.706869
23,59,0.707505
23,60,0.707976
23,61,0.70837
23,62,0.708805
23,63,0.709391
23,64,0.710216
23,65,0.711307
23,66,0.712616
23,67,0.714015
23,68,0.715321
23,69,0.716332
23,70,0.71687
23,71,0.716826
23,72,0.716177
23,73,0.714997
23,74,0.713437
23,75,0.711695
23,76,0.709977
23,77,0.70847
23,78,0.707313
23,79,0.706585
23,80,0.70631
23,81,0.706455
23,82,0.706929
23,83,0.7076
23,84,0.708294
23,85,0.708831
23,86,0.709049
23,87,0.708843
23,88,0.708187
23,89,0.707143
23,90,0.70584
23,91,0.704444
23,92,0.703122
23,93,0.702014
23,94,0.701225
23,95,0.700816
24,0,0.709723
24,1,0.709648
24,2,0.709466
24,3,0.709129
24,4,0.708597
24,5,0.707868
24,6,0.706995
24,7,0.706084
24,8,0.705282
24,9,0.704716
24,10,0.704458
24,11,0.704482
24,12,0.704663
24,13,0.704793
24,14,0.70465
24,15,0.704057
24,16,0.702943
24,17,0.701371
24,18,0.69952
24,19,0.697649
24,20,0.696032
24,21,0.694893
24,22,0.694367
24,23,0.694486
24,24,0.69518
24,25,0.696314
24,26,0.697708
24,27,0.699175
24,28,0.700541
24,29,0.701661
24,30,0.702446
24,31,0.702867
24,32,0.702966
24,33,0.702845
24,34,0.70264
24,35,0.702465
24,36,0.702372
24,37,0.702323
24,38,0.7022
24,39,0.701852
24,40,0.701162
24,41,0.700105
24,42,0.698778
24,43,0.697365
24,44,0.696091
24,45,0.695152
24,46,0.694674
24,47,0.694697
24,48,0.695197
24,49,0.696112
24,50,0.69736
24,51,0.698865
24,52,0.700537
24,53,0.702281
24,54,0.703996
24,55,0.705586
24,56,0.706968
24,57,0.708089
24,58,0.708929
24,59,0.709514
24,60,0.709908
24,61,0.710205
24,62,0.71053
24,63,0.710999
24,64,0.711708
24,65,0.712688
24,66,0.713898
24,67,0.715214
24,68,0.716452
24,69,0.717402
24,70,0.717875
24,71,0.717746
24,72,0.716988
24,73,0.715676
24,74,0.713974
24,75,0.712101
24,76,0.710288
24,77,0.708735
24,78,0.707583
24,79,0.706906
24,80,0.706715
24,81,0.706967
24,82,0.70757
24,83,0.708388
24,84,0.709245
24,85,0.709944
24,86,0.710291
24,87,0.710139
24,88,0.70942
24,89,0.708164
24,90,0.706497
24,91,0.704614
24,92,0.702746
24,93,0.701117
24,94,0.699919
24,95,0.699285
25,0,0.711204
25,1,0.710986
25,2,0.710551
25,3,0.709905
25,4,0.709069
25,5,0.708097
25,6,0.70707
25,7,0.706103
25,8,0.705318
25,9,0.70481
25,10,0.70462
25,11,0.704704
25,12,0.704941
25,13,0.705142
25,14,0.705104
25,15,0.704657
25,16,0.703717
25,17,0.70231
25,18,0.700569
25,19,0.698706
25,20,0.696964
25,21,0.695561
25,22,0.694649
25,23,0.694291
25,24,0.694461
25,25,0.695066
25,26,0.695968
25,27,0.697017
25,28,0.69807
25,29,0.699009
25,30,0.699757
25,31,0.700285
25,32,0.700617
25,33,0.700819
25,34,0.70098
25,35,0.70116
25,36,0.701365
25,37,0.701525
25,38,0.701515
25,39,0.701205
25,40,0.700517
25,41,0.69948
25,42,0.698232
25,43,0.696984
25,44,0.695959
25,45,0.695327
25,46,0.695173
25,47,0.695498
25,48,0.696245
25,49,0.697339
25,50,0.6987
25,51,0.700264
25,52,0.701955
25,53,0.703689
25,54,0.705376
25,55,0.706925
25,56,0.708258
25,57,0.709328
25,58,0.710117
25,59,0.710652
25,60,0.710996
25,61,0.711236
25,62,0.711487
25,63,0.711861
25,64,0.712454
25,65,0.713304
25,66,0.71438
25,67,0.715573
25,68,0.716708
25,69,0.717575
25,70,0.717982
25,71,0.717793
25,72,0.716972
25,73,0.715597
25,74,0.713841
25,75,0.71194
25,76,0.710137
25,77,0.708639
25,78,0.707585
25,79,0.707035
25,80,0.706987
25,81,0.707388
25,82,0.708143
25,83,0.709122
25,84,0.710148
25,85,0.711019
25,86,0.711519
25,87,0.711466
25,88,0.710757
25,89,0.709396
25,90,0.707501
25,91,0.705292
25,92,0.703045
25,93,0.701046
25,94,0.699556
25,95,0.698761
26,0,0.712778
26,1,0.712426
26,2,0.711755
26,3,0.710823
26,4,0.709714
26,5,0.708527
26,6,0.707371
26,7,0.706352
26,8,0.705566
26,9,0.705067
26,10,0.704868
26,11,0.704921
26,12,0.705121
26,13,0.705321
26,14,0.705355
26,15,0.705076
26,16,0.704388
26,17,0.703274
26,18,0.701798
26,19,0.700101
26,20,0.698368
26,21,0.696786
26,22,0.695513
26,23,0.694645
26,24,0.694203
26,25,0.694156
26,26,0.694424
26,27,0.694907
26,28,0.695508
26,29,0.696142
26,30,0.696754
26,31,0.697316
26,32,0.697839
26,33,0.698355
26,34,0.698902
26,35,0.699486
26,36,0.700057
26,37,0.700511
26,38,0.700705
26,39,0.700521
26,40,0.69991
26,41,0.698943
26,42,0.697795
26,43,0.696698
26,44,0.695878
26,45,0.695486
26,46,0.695581
26,47,0.69613
26,48,0.697055
26,49,0.698266
26,50,0.699679
26,51,0.701232
26,52,0.702861
26,53,0.704491
26,54,0.706048
26,55,0.707457
26,56,0.708657
26,57,0.709617
26,58,0.710327
26,59,0.710813
26,60,0.711126
26,61,0.711333
26,62,0.711531
26,63,0.711816
26,64,0.712279
26,65,0.712967
26,66,0.713868
26,67,0.714893
26,68,0.715883
26,69,0.716641
26,70,0.716973
26,71,0.716741
26,72,0.715905
26,73,0.714542
26,74,0.712831
26,75,0.711019
26,76,0.709352
26,77,0.708033
26,78,0.707188
26,79,0.706857
26,80,0.707019
26,81,0.707611
26,82,0.708539
26,83,0.70968
26,84,0.71087
26,85,0.711908
26,86,0.71257
26,87,0.712655
26,88,0.712034
26,89,0.710692
26,90,0.708739
26,91,0.706405
26,92,0.703991
26,93,0.701821
26,94,0.70019
26,95,0.699317
27,0,0.714335
27,1,0.71387
27,2,0.712999
27,3,0.711835
27,4,0.710515
27,5,0.709179
27,6,0.707948
27,7,0.706912
27,8,0.70613
27,9,0.705614
27,10,0.705349
27,11,0.705289
27,12,0.705365
27,13,0.705483
27,14,0.705537
27,15,0.705411
27,16,0.705007
27,17,0.704262
27,18,0.703163
27,19,0.701759
27,20,0.700156
27,21,0.698496
27,22,0.696922
27,23,0.695559
27,24,0.69448
27,25,0.693719
27,26,0.693261
27,27,0.69307
27,28,0.6931
27,29,0.693308
27,30,0.693665
27,31,0.694154
27,32,0.694776
27,33,0.695538
27,34,0.696432
27,35,0.69741
27,36,0.698372
27,37,0.699169
27,38,0.699639
27,39,0.699661
27,40,0.699202
27,41,0.698359
27,42,0.697332
27,43,0.696371
27,44,0.695705
27,45,0.695478
27,46,0.695733
27,47,0.696421
27,48,0.697448
27,49,0.698712
27,50,0.700124
27,51,0.701618
27,52,0.703129
27,53,0.704593
27,54,0.705953
27,55,0.707154
27,56,0.708165
27,57,0.708975
27,58,0.709586
27,59,0.710019
27,60,0.710307
27,61,0.710491
27,62,0.710636
27,63,0.710821
27,64,0.711129
27,65,0.711619
27,66,0.712298
27,67,0.713106
27,68,0.713908
27,69,0.714524
27,70,0.714768
27,71,0.714505
27,72,0.713694
27,73,0.712415
27,74,0.710852
27,75,0.709251
27,76,0.707854
27,77,0.706847
27,78,0.706331
27,79,0.706319
27,80,0.706765
27,81,0.707594
27,82,0.708713
27,83,0.710012
27,84,0.711346
27,85,0.712526
27,86,0.713336
27,87,0.713571
27,88,0.713092
27,89,0.711873
27,90,0.710018
27,91,0.707754
27,92,0.705388
27,93,0.703247
27,94,0.701634
27,95,0.700769
28,0,0.715716
28,1,0.715166
28,2,0.714155
28,3,0.712838
28,4,0.711397
28,5,0.710001
28,6,0.708774
28,7,0.707778
28,8,0.707028
28,9,0.706491
28,10,0.706128
28,11,0.7059
28,12,0.705782
28,13,0.705746
28,14,0.705754
28,15,0.705737
28,16,0.7056
28,17,0.705241
28,18,0.704567
28,19,0.703533
28,20,0.702156
28,21,0.700512
28,22,0.698726
28,23,0.696935
28,24,0.695259
28,25,0.693794
28,26,0.692592
28,27,0.691682
28,28,0.691071
28,29,0.69076
28,30,0.690752
28,31,0.691048
28,32,0.691649
28,33,0.692543
28,34,0.693689
28,35,0.694997
28,36,0.696321
28,37,0.69747
28,38,0.698254
28,39,0.698541
28,40,0.698299
28,41,0.697633
28,42,0.696754
28,43,0.695922
28,44,0.695367
28,45,0.695236
28,46,0.695569
28,47,0.696312
28,48,0.697367
28,49,0.698626
28,50,0.699992
28,51,0.701389
28,52,0.70275
28,53,0.704016
28,54,0.705144
28,55,0.706106
28,56,0.706901
28,57,0.707542
28,58,0.708043
28,59,0.708418
28,60,0.708677
28,61,0.708828
28,62,0.708906
28,63,0.708966
28,64,0.709088
28,65,0.709339
28,66,0.709753
28,67,0.710298
28,68,0.71087
28,69,0.71131
28,70,0.711449
28,71,0.71116
28,72,0.710409
28,73,0.70928
28,74,0.707956
28,75,0.70668
28,76,0.705677
28,77,0.705107
28,78,0.705036
28,79,0.705441
28,80,0.706249
28,81,0.707366
28,82,0.708699
28,83,0.710153
28,84,0.711601
28,85,0.712881
28,86,0.713796
28,87,0.714153
28,88,0.713823
28,89,0.71278
28,90,0.711126
28,91,0.709078
28,92,0.706927
28,93,0.70498
28,94,0.703514
28,95,0.702729
29,0,0.716785
29,1,0.716189
29,2,0.715108
29,3,0.71373
29,4,0.71227
29,5,0.710914
29,6,0.709773
29,7,0.708879
29,8,0.708197
29,9,0.707651
29,10,0.707181
29,11,0.706757
29,12,0.706403
29,13,0.706157
29,14,0.706055
29,15,0.706078
29,16,0.706147
29,17,0.70613
29,18,0.705865
29,19,0.705218
29,20,0.704116
29,21,0.70257
29,22,0.700671
29,23,0.698559
29,24,0.696388
29,25,0.694306
29,26,0.692424
29,27,0.690827
29,28,0.689576
29,29,0.688711
29,30,0.688268
29,31,0.688269
29,32,0.688723
29,33,0.689615
29,34,0.690885
29,35,0.692414
29,36,0.694021
29,37,0.695484
29,38,0.696582
29,39,0.697162
29,40,0.697179
29,41,0.696734
29,42,0.696032
29,43,0.695332
29,44,0.694868
29,45,0.694786
29,46,0.695133
29,47,0.695864
29,48,0.696883
29,49,0.698084
29,50,0.699362
29,51,0.700635
29,52,0.701828
29,53,0.702884
29,54,0.703775
29,55,0.704496
29,56,0.705076
29,57,0.705548
29,58,0.705937
29,59,0.706248
29,60,0.706465
29,61,0.706564
29,62,0.706548
29,63,0.706453
29,64,0.706354
29,65,0.706331
29,66,0.706442
29,67,0.706688
29,68,0.706995
29,69,0.707233
29,70,0.707252
29,71,0.706942
29,72,0.706278
29,73,0.705351
29,74,0.704341
29,75,0.70348
29,76,0.702969
29,77,0.702936
29,78,0.703405
29,79,0.704314
29,80,0.705556
29,81,0.707016
29,82,0.708594
29,83,0.710203
29,84,0.711737
29,85,0.713062
29,86,0.714011
29,87,0.714423
29,88,0.714194
29,89,0.713314
29,90,0.711887
29,91,0.71012
29,92,0.708274
29,93,0.706616
29,94,0.705377
29,95,0.704717
30,0,0.717469
30,1,0.716868
30,2,0.71579
30,3,0.714444
30,4,0.713061
30,5,0.711828
30,6,0.71084
30,7,0.710093
30,8,0.709507
30,9,0.708968
30,10,0.708397
30,11,0.707777
30,12,0.707171
30,13,0.706684
30,14,0.706414
30,15,0.706399
30,16,0.70658
30,17,0.706809
30,18,0.706875
30,19,0.706569
30,20,0.705742
30,21,0.704344
30,22,0.702426
30,23,0.700124
30,24,0.697608
30,25,0.695064
30,26,0.692646
30,27,0.690484
30,28,0.688677
30,29,0.687298
30,30,0.686412
30,31,0.68606
30,32,0.686269
30,33,0.687029
30,34,0.68828
30,35,0.689893
30,36,0.69167
30,37,0.693364
30,38,0.694733
30,39,0.695598
30,40,0.695893
30,41,0.695698
30,42,0.695203
30,43,0.694656
30,44,0.694282
30,45,0.694234
30,46,0.694564
30,47,0.695238
30,48,0.696175
30,49,0.697272
30,50,0.698425
30,51,0.699547
30,52,0.700556
30,53,0.701402
30,54,0.702067
30,55,0.702566
30,56,0.702951
30,57,0.703272
30,58,0.703556
30,59,0.703798
30,60,0.703957
30,61,0.703978
30,62,0.703838
30,63,0.703556
30,64,0.703205
30,65,0.70288
30,66,0.702664
30,67,0.702589
30,68,0.702613
30,69,0.702635
30,70,0.702531
30,71,0.702209
30,72,0.701658
30,73,0.700972
30,74,0.700327
30,75,0.699937
30,76,0.699978
30,77,0.70054
30,78,0.701608
30,79,0.703081
30,80,0.704814
30,81,0.706667
30,82,0.708524
30,83,0.710295
30,84,0.71189
30,85,0.713199
30,86,0.714096
30,87,0.714464
30,88,0.71424
30,89,0.713443
30,90,0.712193
30,91,0.710684
30,92,0.709147
30,93,0.707795
30,94,0.706802
30,95,0.706281
31,0,0.717775
31,1,0.717208
31,2,0.716199
31,3,0.714965
31,4,0.713734
31,5,0.712684
31,6,0.711886
31,7,0.711302
31,8,0.710819
31,9,0.710292
31,10,0.709631
31,11,0.708829
31,12,0.707982
31,13,0.707242
31,14,0.706765
31,15,0.706633
31,16,0.706815
31,17,0.70716
31,18,0.707429
31,19,0.707364
31,20,0.706761
31,21,0.705518
31,22,0.703654
31,23,0.70129
31,24,0.698605
31,25,0.6958
31,26,0.693055
31,27,0.690524
31,28,0.688327
31,29,0.686556
31,30,0.685291
31,31,0.684592
31,32,0.684501
31,33,0.685027
31,34,0.686125
31,35,0.687678
31,36,0.689488
31,37,0.691304
31,38,0.692866
31,39,0.693976
31,40,0.694539
31,41,0.694611
31,42,0.694352
31,43,0.693987
31,44,0.693731
31,45,0.693729
31,46,0.69404
31,47,0.694642
31,48,0.695467
31,49,0.696423
31,50,0.697415
31,51,0.698355
31,52,0.699168
31,53,0.699805
31,54,0.700261
31,55,0.700569
31,56,0.700792
31,57,0.700991
31,58,0.701189
31,59,0.701364
31,60,0.701452
31,61,0.701372
31,62,0.701079
31,63,0.700582
31,64,0.699958
31,65,0.699318
31,66,0.698766
31,67,0.698368
31,68,0.698113
31,69,0.697927
31,70,0.697715
31,71,0.697404
31,72,0.696993
31,73,0.696578
31,74,0.696324
31,75,0.696425
31,76,0.697028
31,77,0.698194
31,78,0.699871
31,79,0.701925
31,80,0.704176
31,81,0.706452
31,82,0.708609
31,83,0.710546
31,84,0.712173
31,85,0.713406
31,86,0.714158
31,87,0.714365
31,88,0.71402
31,89,0.713185
31,90,0.712002
31,91,0.71066
31,92,0.709359
31,93,0.708261
31,94,0.707481
31,95,0.70708
32,0,0.717766
32,1,0.717264
32,2,0.716383
32,3,0.715322
32,4,0.714295
32,5,0.713457
32,6,0.712852
32,7,0.712417
32,8,0.712015
32,9,0.711488
32,10,0.710739
32,11,0.709772
32,12,0.708703
32,13,0.707718
32,14,0.707009
32,15,0.706694
32,16,0.706767
32,17,0.707087
32,18,0.707407
32,19,0.707448
32,20,0.706973
32,21,0.705852
32,22,0.704082
32,23,0.701769
32,24,0.699087
32,25,0.69624
32,26,0.693413
32,27,0.690759
32,28,0.688399
32,29,0.686421
32,30,0.684906
32,31,0.683921
32,32,0.683525
32,33,0.683754
32,34,0.684591
32,35,0.685948
32,36,0.687654
32,37,0.689467
32,38,0.691126
32,39,0.692419
32,40,0.693225
32,41,0.693567
32,42,0.693571
32,43,0.69343
32,44,0.693334
32,45,0.693415
32,46,0.69373
32,47,0.694264
32,48,0.694964
32,49,0.695753
32,50,0.696549
32,51,0.697278
32,52,0.697874
32,53,0.698303
32,54,0.69857
32,55,0.69872
32,56,0.698824
32,57,0.698938
32,58,0.699077
32,59,0.699198
32,60,0.69921
32,61,0.699014
32,62,0.69855
32,63,0.697823
32,64,0.696918
32,65,0.695963
32,66,0.695089
32,67,0.694389
32,68,0.693881
32,69,0.693523
32,70,0.693242
32,71,0.69298
32,72,0.692743
32,73,0.692619
32,74,0.692758
32,75,0.693333
32,76,0.694464
32,77,0.696188
32,78,0.69843
32,79,0.701029
32,80,0.703777
32,81,0.706463
32,82,0.708912
32,83,0.710995
32,84,0.712616
32,85,0.713706
32,86,0.714223
32,87,0.714158
32,88,0.713567
32,89,0.712563
32,90,0.711315
32,91,0.710016
32,92,0.708837
32,93,0.707899
32,94,0.707264
32,95,0.706948
33,0,0.717502
33,1,0.717094
33,2,0.716385
33,3,0.715547
33,4,0.714759
33,5,0.714141
33,6,0.71371
33,7,0.713387
33,8,0.713023
33,9,0.712463
33,10,0.711616
33,11,0.710493
33,12,0.709225
33,13,0.70801
33,14,0.707061
33,15,0.706517
33,16,0.70639
33,17,0.706557
33,18,0.706778
33,19,0.706777
33,20,0.706314
33,21,0.705252
33,22,0.703579
33,23,0.701395
33,24,0.698865
33,25,0.696181
33,26,0.693513
33,27,0.690993
33,28,0.688716
33,29,0.686745
33,30,0.685144
33,31,0.683975
33,32,0.683311
33,33,0.683215
33,34,0.683713
33,35,0.684766
33,36,0.686243
33,37,0.687933
33,38,0.689592
33,39,0.691
33,40,0.692017
33,41,0.69263
33,42,0.692927
33,43,0.693058
33,44,0.693177
33,45,0.693394
33,46,0.693752
33,47,0.69424
33,48,0.694814
33,49,0.695417
33,50,0.695989
33,51,0.696476
33,52,0.696837
33,53,0.697054
33,54,0.69715
33,55,0.697176
33,56,0.697202
33,57,0.697275
33,58,0.697389
33,59,0.697477
33,60,0.697423
33,61,0.697111
33,62,0.696471
33,63,0.695514
33,64,0.694336
33,65,0.693086
33,66,0.691922
33,67,0.690966
33,68,0.690263
33,69,0.689794
33,70,0.689504
33,71,0.689346
33,72,0.689319
33,73,0.6895
33,74,0.690014
33,75,0.691011
33,76,0.692592
33,77,0.694778
33,78,0.697485
33,79,0.700535
33,80,0.703695
33,81,0.706723
33,82,0.709403
33,83,0.711574
33,84,0.713128
33,85,0.714007
33,86,0.71421
33,87,0.713786
33,88,0.712854
33,89,0.711576
33,90,0.710155
33,91,0.708784
33,92,0.707618
33,93,0.70674
33,94,0.706173
33,95,0.705902
34,0,0.71701
34,1,0.716721
34,2,0.716225
34,3,0.71565
34,4,0.715127
34,5,0.714731
34,6,0.71445
34,7,0.714192
34,8,0.713814
34,9,0.713176
34,10,0.712203
34,11,0.710921
34,12,0.709466
34,13,0.708041
34,14,0.706861
34,15,0.706069
34,16,0.705688
34,17,0.705608
34,18,0.705612
34,19,0.705443
34,20,0.70488
34,21,0.703801
34,22,0.702205
34,23,0.70019
34,24,0.697916
34,25,0.695555
34,26,0.693245
34,27,0.691078
34,28,0.689102
34,29,0.687338
34,30,0.685812
34,31,0.684571
34,32,0.683696
34,33,0.68328
34,34,0.683399
34,35,0.684071
34,36,0.685226
34,37,0.686699
34,38,0.688275
34,39,0.68974
34,40,0.690941
34,41,0.691829
34,42,0.692449
34,43,0.6929
34,44,0.693292
34,45,0.693698
34,46,0.694144
34,47,0.694611
34,48,0.695067
34,49,0.695473
34,50,0.695798
34,51,0.696021
34,52,0.696129
34,53,0.696134
34,54,0.696072
34,55,0.696005
34,56,0.695995
34,57,0.696072
34,58,0.696201
34,59,0.696287
34,60,0.696191
34,61,0.695778
34,62,0.694977
34,63,0.693808
34,64,0.692385
34,65,0.690882
34,66,0.689484
34,67,0.688339
34,68,0.687519
34,69,0.68702
34,70,0.6868
34,71,0.686806
34,72,0.687025
34,73,0.687511
34,74,0.68836
34,75,0.6897
34,76,0.691618
34,77,0.694129
34,78,0.697149
34,79,0.700498
34,80,0.703928
34,81,0.707165
34,82,0.709958
34,83,0.712116
34,84,0.713515
34,85,0.714112
34,86,0.713941
34,87,0.713111
34,88,0.711793
34,89,0.710198
34,90,0.70855
34,91,0.707044
34,92,0.705817
34,93,0.704929
34,94,0.704373
34,95,0.704113
35,0,0.716273
35,1,0.716124
35,2,0.715874
35,3,0.715601
35,4,0.71537
35,5,0.715204
35,6,0.715055
35,7,0.714825
35,8,0.714384
35,9,0.713618
35,10,0.712482
35,11,0.711022
35,12,0.709385
35,13,0.707769
35,14,0.706379
35,15,0.705348
35,16,0.704701
35,17,0.704336
35,18,0.704058
35,19,0.70364
35,20,0.702897
35,21,0.70174
35,22,0.700188
35,23,0.698354
35,24,0.696391
35,25,0.694448
35,26,0.692623
35,27,0.690954
35,28,0.689428
35,29,0.68801
35,30,0.686679
35,31,0.68546
35,32,0.684433
35,33,0.683723
35,34,0.683455
35,35,0.683714
35,36,0.684494
35,37,0.685691
35,38,0.687129
35,39,0.688614
35,40,0.68998
35,41,0.691152
35,42,0.692122
35,43,0.692936
35,44,0.69365
35,45,0.694293
35,46,0.694864
35,47,0.695334
35,48,0.69568
35,49,0.695885
35,50,0.695952
35,51,0.695896
35,52,0.695743
35,53,0.695535
35,54,0.69533
35,55,0.695195
35,56,0.695185
35,57,0.695304
35,58,0.695489
35,59,0.695612
35,60,0.695508
35,61,0.695028
35,62,0.6941
35,63,0.692757
35,64,0.691137
35,65,0.689441
35,66,0.687883
35,67,0.686637
35,68,0.685793
35,69,0.685358
35,70,0.685288
35,71,0.685516
35,72,0.686006
35,73,0.686779
35,74,0.687902
35,75,0.68948
35,76,0.691593
35,77,0.694262
35,78,0.697412
35,79,0.700868
35,80,0.704376
35,81,0.707642
35,82,0.710387
35,83,0.712395
35,84,0.713536
35,85,0.713784
35,86,0.713212
35,87,0.711977
35,88,0.710298
35,89,0.708415
35,90,0.706564
35,91,0.704932
35,92,0.703638
35,93,0.702718
35,94,0.702151
35,95,0.701887
36,0,0.715244
36,1,0.715251
36,2,0.715277
36,3,0.715337
36,4,0.715429
36,5,0.71551
36,6,0.715493
36,7,0.715271
36,8,0.714731
36,9,0.713794
36,10,0.712456
36,11,0.710794
36,12,0.708969
36,13,0.707177
36,14,0.705608
36,15,0.704378
36,16,0.703497
36,17,0.702867
36,18,0.70231
36,19,0.701629
36,20,0.70068
36,21,0.699415
36,22,0.697887
36,23,0.696225
36,24,0.694581
36,25,0.693081
36,26,0.691778
36,27,0.690652
36,28,0.689629
36,29,0.68861
36,30,0.687529
36,31,0.686385
36,32,0.685257
36,33,0.684293
36,34,0.683667
36,35,0.683523
36,36,0.683925
36,37,0.68483
36,38,0.68611
36,39,0.687595
36,40,0.689119
36,41,0.690577
36,42,0.691914
36,43,0.693117
36,44,0.694181
36,45,0.695088
36,46,0.695805
36,47,0.696291
36,48,0.696532
36,49,0.696536
36,50,0.69634
36,51,0.696002
36,52,0.695588
36,53,0.695173
36,54,0.694838
36,55,0.694655
36,56,0.694669
36,57,0.694862
36,58,0.695138
36,59,0.695337
36,60,0.695267
36,61,0.694766
36,62,0.693763
36,63,0.692305
36,64,0.690555
36,65,0.688746
36,66,0.687118
36,67,0.685872
36,68,0.685106
36,69,0.684832
36,70,0.684988
36,71,0.685485
36,72,0.686251
36,73,0.68727
36,74,0.688583
36,75,0.690276
36,76,0.692429
36,77,0.695074
36,78,0.698153
36,79,0.701506
36,80,0.704879
36,81,0.707971
36,82,0.710485
36,83,0.712198
36,84,0.712982
36,85,0.712836
36,86,0.711872
36,87,0.710289
36,88,0.708336
36,89,0.706269
36,90,0.704314
36,91,0.702639
36,92,0.701337
36,93,0.700422
36,94,0.699861
36,95,0.699601
37,0,0.713913
37,1,0.714083
37,2,0.7144
37,3,0.714815
37,4,0.715252
37,5,0.7156
37,6,0.715727
37,7,0.715511
37,8,0.714855
37,9,0.713719
37,10,0.712145
37,11,0.710253
37,12,0.708229
37,13,0.706273
37,14,0.704563
37,15,0.703192
37,16,0.702149
37,17,0.701328
37,18,0.700558
37,19,0.699669
37,20,0.698552
37,21,0.6972
37,22,0.695699
37,23,0.694197
37,24,0.692845
37,25,0.691748
37,26,0.690919
37,27,0.690285
37,28,0.689715
37,29,0.689059
37,30,0.688211
37,31,0.687149
37,32,0.685952
37,33,0.684787
37,34,0.683863
37,35,0.683374
37,36,0.683442
37,37,0.68408
37,38,0.68521
37,39,0.686691
37,40,0.688362
37,41,0.690096
37,42,0.691794
37,43,0.693382
37,44,0.694796
37,45,0.695965
37,46,0.696823
37,47,0.69732
37,48,0.697451
37,49,0.697251
37,50,0.696795
37,51,0.69618
37,52,0.695515
37,53,0.694905
37,54,0.694452
37,55,0.694235
37,56,0.694289
37,57,0.694575
37,58,0.694968
37,59,0.695276
37,60,0.695284
37,61,0.694815
37,62,0.693799
37,63,0.692299
37,64,0.690503
37,65,0.688673
37,66,0.687079
37,67,0.685938
37,68,0.685355
37,69,0.68533
37,70,0.685777
37,71,0.686569
37,72,0.687595
37,73,0.688801
37,74,0.690203
37,75,0.691876
37,76,0.693908
37,77,0.696349
37,78,0.699166
37,79,0.702215
37,80,0.705254
37,81,0.707982
37,82,0.710102
37,83,0.711396
37,84,0.711754
37,85,0.711207
37,86,0.709904
37,87,0.708078
37,88,0.705993
37,89,0.703901
37,90,0.702001
37,91,0.700423
37,92,0.699224
37,93,0.698395
37,94,0.697892
37,95,0.697659
38,0,0.712333
38,1,0.712662
38,2,0.713265
38,3,0.714032
38,4,0.714819
38,5,0.715444
38,6,0.715728
38,7,0.715527
38,8,0.714753
38,9,0.713404
38,10,0.711571
38,11,0.709426
38,12,0.70719
38,13,0.705079
38,14,0.703264
38,15,0.701819
38,16,0.70071
38,17,0.699811
38,18,0.69895
38,19,0.697966
38,20,0.696777
38,21,0.695406
38,22,0.693964
38,23,0.692614
38,24,0.691507
38,25,0.690728
38,26,0.690259
38,27,0.689986
38,28,0.689738
38,29,0.689332
38,30,0.688642
38,31,0.687635
38,32,0.686391
38,33,0.68509
38,34,0.683959
38,35,0.683224
38,36,0.683042
38,37,0.683473
38,38,0.68448
38,39,0.685955
38,40,0.687752
38,41,0.689729
38,42,0.691748
38,43,0.693682
38,44,0.695407
38,45,0.696802
38,46,0.697768
38,47,0.698249
38,48,0.69825
38,49,0.697837
38,50,0.697122
38,51,0.696243
38,52,0.695343
38,53,0.694555
38,54,0.693999
38,55,0.693758
38,56,0.693859
38,57,0.694246
38,58,0.69477
38,59,0.695213
38,60,0.695336
38,61,0.694952
38,62,0.693991
38,63,0.692529
38,64,0.690778
38,65,0.689028
38,66,0.687573
38,67,0.686644
38,68,0.686343
38,69,0.686646
38,70,0.68743
38,71,0.688525
38,72,0.689775
38,73,0.691092
38,74,0.692473
38,75,0.693993
38,76,0.695755
38,77,0.697833
38,78,0.700224
38,79,0.702805
38,80,0.705351
38,81,0.707572
38,82,0.709186
38,83,0.709989
38,84,0.709903
38,85,0.708995
38,86,0.70745
38,87,0.705522
38,88,0.703479
38,89,0.701547
38,90,0.699883
38,91,0.698567
38,92,0.69761
38,93,0.696972
38,94,0.696596
38,95,0.696426
39,0,0.710661
39,1,0.711129
39,2,0.711982
39,3,0.713066
39,4,0.714174
39,5,0.715064
39,6,0.715506
39,7,0.715328
39,8,0.714443
39,9,0.712879
39,10,0.710776
39,11,0.708359
39,12,0.705896
39,13,0.703631
39,14,0.701741
39,15,0.700286
39,16,0.69921
39,17,0.698362
39,18,0.697556
39,19,0.696629
39,20,0.695503
39,21,0.694216
39,22,0.692891
39,23,0.691696
39,24,0.69078
39,25,0.690211
39,26,0.689951
39,27,0.689864
39,28,0.689763
39,29,0.689458
39,30,0.688821
39,31,0.687824
39,32,0.686554
39,33,0.685193
39,34,0.683969
39,35,0.683111
39,36,0.68279
39,37,0.683091
39,38,0.684012
39,39,0.685478
39,40,0.687362
39,41,0.689521
39,42,0.69179
39,43,0.693995
39,44,0.695958
39,45,0.69751
39,46,0.698523
39,47,0.698937
39,48,0.698772
39,49,0.698126
39,50,0.697148
39,51,0.696013
39,52,0.694896
39,53,0.693951
39,54,0.693308
39,55,0.693053
39,56,0.693205
39,57,0.693695
39,58,0.694354
39,59,0.694946
39,60,0.695215
39,61,0.694964
39,62,0.69412
39,63,0.692774
39,64,0.691158
39,65,0.689586
39,66,0.688371
39,67,0.687751
39,68,0.687813
39,69,0.688504
39,70,0.689654
39,71,0.691043
39,72,0.69247
39,73,0.693818
39,74,0.695074
39,75,0.696323
39,76,0.697692
39,77,0.699287
39,78,0.701134
39,79,0.703139
39,80,0.705097
39,81,0.706737
39,82,0.707798
39,83,0.708106
39,84,0.707618
39,85,0.706436
39,86,0.704777
39,87,0.702906
39,88,0.70108
39,89,0.699487
39,90,0.698232
39,91,0.697331
39,92,0.696747
39,93,0.696402
39,94,0.696225
39,95,0.696153
40,0,0.709112
40,1,0.709681
40,2,0.710724
40,3,0.712053
40,4,0.71342
40,5,0.714532
40,6,0.715113
40,7,0.714958
40,8,0.713971
40,9,0.712199
40,10,0.709823
40,11,0.707122
40,12,0.704415
40,13,0.701989
40,14,0.700037
40,15,0.69862
40,16,0.697661
40,17,0.696988
40,18,0.696386
40,19,0.695672
40,20,0.694757
40,21,0.693669
40,22,0.692528
40,23,0.691498
40,24,0.690718
40,25,0.690248
40,26,0.690044
40,27,0.689966
40,28,0.689835
40,29,0.689479
40,30,0.688793
40,31,0.687769
40,32,0.686501
40,33,0.685163
40,34,0.683966
40,35,0.683117
40,36,0.682773
40,37,0.683025
40,38,0.683895
40,39,0.685337
40,40,0.687257
40,41,0.689518
40,42,0.691943
40,43,0.69432
40,44,0.696423
40,45,0.698043
40,46,0.699024
40,47,0.699304
40,48,0.698922
40,49,0.698009
40,50,0.696754
40,51,0.695366
40,52,0.694046
40,53,0.692964
40,54,0.692253
40,55,0.691997
40,56,0.692206
40,57,0.6928
40,58,0.693596
40,59,0.694346
40,60,0.694781
40,61,0.694699
40,62,0.694027
40,63,0.692864
40,64,0.691461
40,65,0.69015
40,66,0.689258
40,67,0.689019
40,68,0.689503
40,69,0.690617
40,70,0.692139
40,71,0.693798
40,72,0.69535
40,73,0.696656
40,74,0.697704
40,75,0.698595
40,76,0.69949
40,77,0.700531
40,78,0.701777
40,79,0.703164
40,80,0.704508
40,81,0.705565
40,82,0.706099
40,83,0.705969
40,84,0.705167
40,85,0.703829
40,86,0.702194
40,87,0.70053
40,88,0.699071
40,89,0.697961
40,90,0.697244
40,91,0.696875
40,92,0.696761
40,93,0.696789
40,94,0.696865
40,95,0.69692
41,0,0.707895
41,1,0.708521
41,2,0.709671
41,3,0.711151
41,4,0.712689
41,5,0.713959
41,6,0.714646
41,7,0.714508
41,8,0.713429
41,9,0.711462
41,10,0.708817
41,11,0.705822
41,12,0.702853
41,13,0.700245
41,14,0.698225
41,15,0.696865
41,16,0.696082
41,17,0.695675
41,18,0.695399
41,19,0.695034
41,20,0.694459
41,21,0.693673
41,22,0.692775
41,23,0.691914
41,24,0.691221
41,25,0.690754
41,26,0.690472
41,27,0.690256
41,28,0.689954
41,29,0.689434
41,30,0.688629
41,31,0.687562
41,32,0.686335
41,33,0.685106
41,34,0.684048
41,35,0.683324
41,36,0.683059
41,37,0.683332
41,38,0.684175
41,39,0.685577
41,40,0.687475
41,41,0.689756
41,42,0.692238
41,43,0.694683
41,44,0.696828
41,45,0.698422
41,46,0.699288
41,47,0.699362
41,48,0.698705
41,49,0.697483
41,50,0.695924
41,51,0.694274
41,52,0.692757
41,53,0.691552
41,54,0.690792
41,55,0.690551
41,56,0.690828
41,57,0.69153
41,58,0.692467
41,59,0.693379
41,60,0.693994
41,61,0.694104
41,62,0.69364
41,63,0.69271
41,64,0.691573
41,65,0.69058
41,66,0.690061
41,67,0.690244
41,68,0.691172
41,69,0.692709
41,70,0.694584
41,71,0.696475
41,72,0.698103
41,73,0.699311
41,74,0.700096
41,75,0.700587
41,76,0.700979
41,77,0.701455
41,78,0.702108
41,79,0.7029
41,80,0.703675
41,81,0.70421
41,82,0.704299
41,83,0.70383
41,84,0.702829
41,85,0.701459
41,86,0.69997
41,87,0.698625
41,88,0.697629
41,89,0.697081
41,90,0.696968
41,91,0.697185
41,92,0.697588
41,93,0.698026
41,94,0.698383
41,95,0.698581
42,0,0.707151
42,1,0.707785
42,2,0.708959
42,3,0.71049
42,4,0.712103
42,5,0.71346
42,6,0.714214
42,7,0.714085
42,8,0.712927
42,9,0.710783
42,10,0.707879
42,11,0.704586
42,12,0.701333
42,13,0.698514
42,14,0.6964
42,15,0.69509
42,16,0.694501
42,17,0.694413
42,18,0.69454
42,19,0.694616
42,20,0.694467
42,21,0.69405
42,22,0.693428
42,23,0.69273
42,24,0.692079
42,25,0.691537
42,26,0.691084
42,27,0.690635
42,28,0.690081
42,29,0.689343
42,30,0.6884
42,31,0.687306
42,32,0.686168
42,33,0.68512
42,34,0.684287
42,35,0.683775
42,36,0.68366
42,37,0.683998
42,38,0.684829
42,39,0.686172
42,40,0.688003
42,41,0.690234
42,42,0.692692
42,43,0.695122
42,44,0.697225
42,45,0.698718
42,46,0.699401
42,47,0.699208
42,48,0.698222
42,49,0.696646
42,50,0.694751
42,51,0.692819
42,52,0.691099
42,53,0.689779
42,54,0.688985
42,55,0.688778
42,56,0.689141
42,57,0.689964
42,58,0.691049
42,59,0.692129
42,60,0.692929
42,61,0.693241
42,62,0.693001
42,63,0.692323
42,64,0.691476
42,65,0.690817
42,66,0.690678
42,67,0.691274
42,68,0.692622
42,69,0.694543
42,70,0.69672
42,71,0.698789
42,72,0.700443
42,73,0.701519
42,74,0.702025
42,75,0.702122
42,76,0.702041
42,77,0.702003
42,78,0.702132
42,79,0.702417
42,80,0.70272
42,81,0.702842
42,82,0.702601
42,83,0.70191
42,84,0.700821
42,85,0.699517
42,86,0.698251
42,87,0.697276
42,88,0.696769
42,89,0.696787
42,90,0.697267
42,91,0.698054
42,92,0.69896
42,93,0.699801
42,94,0.700438
42,95,0.700778
43,0,0.706879
43,1,0.707482
43,2,0.708613
43,3,0.710113
43,4,0.711727
43,5,0.713114
43,6,0.713907
43,7,0.713788
43,8,0.712572
43,9,0.710278
43,10,0.707137
43,11,0.703549
43,12,0.699995
43,13,0.696932
43,14,0.694685
43,15,0.693391
43,16,0.692979
43,17,0.693213
43,18,0.693766
43,19,0.694314
43,20,0.694624
43,21,0.694595
43,22,0.694247
43,23,0.693687
43,24,0.693033
43,25,0.692365
43,26,0.691694
43,27,0.690977
43,28,0.69016
43,29,0.689214
43,30,0.688162
43,31,0.687085
43,32,0.686086
43,33,0.685271
43,34,0.684709
43,35,0.684448
43,36,0.684514
43,37,0.684937
43,38,0.685761
43,39,0.687033
43,40,0.688769
43,41,0.690912
43,42,0.693298
43,43,0.695661
43,44,0.697675
43,45,0.699023
43,46,0.699483
43,47,0.698988
43,48,0.697638
43,49,0.695675
43,50,0.693414
43,51,0.691179
43,52,0.689246
43,53,0.687812
43,54,0.686999
43,55,0.686849
43,56,0.68732
43,57,0.688286
43,58,0.68953
43,59,0.690781
43,60,0.691762
43,61,0.692269
43,62,0.692241
43,63,0.6918
43,64,0.691223
43,65,0.690869
43,66,0.691066
43,67,0.692013
43,68,0.693701
43,69,0.695919
43,70,0.698312
43,71,0.700486
43,72,0.702119
43,73,0.703047
43,74,0.703296
43,75,0.703053
43,76,0.702585
43,77,0.702141
43,78,0.701872
43,79,0.701785
43,80,0.701756
43,81,0.701601
43,82,0.701156
43,83,0.700354
43,84,0.699263
43,85,0.698077
43,86,0.697051
43,87,0.696426
43,88,0.696354
43,89,0.696863
43,90,0.69785
43,91,0.699127
43,92,0.700468
43,93,0.701662
43,94,0.702546
43,95,0.703014
44,0,0.706949
44,1,0.707502
44,2,0.708554
44,3,0.709981
44,4,0.711556
44,5,0.71295
44,6,0.713778
44,7,0.713685
44,8,0.712444
44,9,0.710042
44,10,0.706696
44,11,0.702831
44,12,0.698971
44,13,0.695636
44,14,0.693213
44,15,0.691884
44,16,0.691601
44,17,0.692113
44,18,0.693058
44,19,0.694051
44,20,0.694792
44,21,0.695117
44,22,0.695005
44,23,0.69454
44,24,0.693846
44,25,0.693027
44,26,0.692134
44,27,0.691174
44,28,0.69014
44,29,0.689049
44,30,0.687956
44,31,0.686953
44,32,0.686135
44,33,0.68557
44,34,0.685284
44,35,0.685266
44,36,0.685503
44,37,0.686005
44,38,0.68682
44,39,0.688022
44,40,0.689662
44,41,0.691709
44,42,0.694013
44,43,0.696297
44,44,0.698212
44,45,0.69941
44,46,0.699648
44,47,0.698852
44,48,0.697138
44,49,0.694783
44,50,0.692147
44,51,0.689599
44,52,0.68745
44,53,0.68591
44,54,0.685097
44,55,0.68503
44,56,0.685641
44,57,0.686773
44,58,0.688192
44,59,0.689612
44,60,0.690756
44,61,0.691424
44,62,0.691564
44,63,0.691306
44,64,0.69093
44,65,0.690798
44,66,0.691228
44,67,0.692407
44,68,0.694304
44,69,0.696684
44,70,0.699173
44,71,0.701363
44,72,0.702927
44,73,0.703707
44,74,0.70375
44,75,0.703263
44,76,0.702537
44,77,0.701842
44,78,0.701341
44,79,0.70105
44,80,0.700852
44,81,0.700567
44,82,0.70004
44,83,0.699213
44,84,0.698167
44,85,0.6971
44,86,0.696266
44,87,0.6959
44,88,0.696141
44,89,0.696996
44,90,0.698346
44,91,0.699976
44,92,0.701639
44,93,0.703101
44,94,0.704177
44,95,0.704745
45,0,0.707133
45,1,0.707637
45,2,0.708616
45,3,0.709976
45,4,0.71152
45,5,0.712932
45,6,0.713818
45,7,0.713787
45,8,0.712569
45,9,0.710111
45,10,0.706613
45,11,0.702509
45,12,0.698362
45,13,0.694746
45,14,0.692114
45,15,0.690696
45,16,0.69047
45,17,0.691182
45,18,0.692434
45,19,0.693788
45,20,0.694876
45,21,0.69548
45,22,0.695538
45,23,0.695118
45,24,0.694358
45,25,0.693391
45,26,0.692315
45,27,0.69118
45,28,0.690019
45,29,0.688878
45,30,0.687825
45,31,0.68695
45,32,0.686328
45,33,0.685999
45,34,0.685947
45,35,0.686125
45,36,0.686492
45,37,0.687049
45,38,0.687851
45,39,0.688995
45,40,0.690556
45,41,0.692527
45,42,0.694765
45,43,0.696988
45,44,0.698824
45,45,0.699901
45,46,0.699953
45,47,0.698897
45,48,0.696861
45,49,0.69415
45,50,0.691168
45,51,0.688331
45,52,0.685987
45,53,0.684369
45,54,0.683588
45,55,0.683643
45,56,0.68443
45,57,0.685755
45,58,0.687356
45,59,0.688932
45,60,0.690199
45,61,0.690966
45,62,0.691193
45,63,0.691018
45,64,0.690729
45,65,0.690685
45,66,0.691196
45,67,0.692437
45,68,0.694366
45,69,0.696738
45,70,0.699176
45,71,0.701276
45,72,0.70272
45,73,0.703366
45,74,0.703272
45,75,0.702663
45,76,0.701836
45,77,0.701069
45,78,0.700524
45,79,0.700214
45,80,0.700014
45,81,0.699742
45,82,0.69924
45,83,0.698453
45,84,0.697464
45,85,0.696473
45,86,0.695738
45,87,0.695492
45,88,0.695875
45,89,0.696892
45,90,0.698419
45,91,0.700236
45,92,0.702082
45,93,0.703705
45,94,0.704903
45,95,0.705536
46,0,0.707177
46,1,0.707658
46,2,0.708604
46,3,0.709945
46,4,0.711507
46,5,0.712982
46,6,0.713967
46,7,0.714046
46,8,0.712907
46,9,0.710461
46,10,0.706884
46,11,0.702608
46,12,0.698223
46,13,0.694352
46,14,0.6915
46,15,0.689946
46,16,0.689697
46,17,0.690503
46,18,0.691939
46,19,0.693523
46,20,0.694837
46,21,0.695612
46,22,0.695758
46,23,0.695338
46,24,0.694504
46,25,0.693424
46,26,0.692234
46,27,0.691019
46,28,0.689838
46,29,0.688745
46,30,0.687804
46,31,0.687089
46,32,0.686652
46,33,0.686508
46,34,0.686618
46,35,0.686917
46,36,0.687356
46,37,0.687936
46,38,0.688721
46,39,0.689822
46,40,0.691332
46,41,0.693255
46,42,0.695452
46,43,0.697639
46,44,0.699428
46,45,0.70043
46,46,0.700359
46,47,0.699121
46,48,0.696847
46,49,0.693866
46,50,0.690618
46,51,0.687564
46,52,0.685091
46,53,0.683453
46,54,0.682762
46,55,0.682991
46,56,0.683995
46,57,0.685538
46,58,0.68732
46,59,0.689019
46,60,0.690348
46,61,0.691124
46,62,0.691323
46,63,0.691097
46,64,0.69074
46,65,0.690611
46,66,0.691015
46,67,0.692118
46,68,0.693875
46,69,0.696048
46,70,0.698274
46,71,0.700172
46,72,0.701446
46,73,0.701971
46,74,0.701817
46,75,0.701212
46,76,0.700447
46,77,0.69979
46,78,0.699387
46,79,0.699235
46,80,0.699193
46,81,0.699065
46,82,0.698682
46,83,0.697981
46,84,0.697043
46,85,0.696069
46,86,0.69532
46,87,0.69504
46,88,0.695382
46,89,0.696366
46,90,0.697881
46,91,0.69971
46,92,0.701592
46,93,0.703263
46,94,0.704506
46,95,0.705166
47,0,0.70688
47,1,0.707375
47,2,0.708352
47,3,0.709749
47,4,0.711397
47,5,0.712994
47,6,0.714129
47,7,0.714366
47,8,0.713368
47,9,0.711011
47,10,0.707445
47,11,0.703095
47,12,0.69856
47,13,0.694493
47,14,0.691441
47,15,0.689724
47,16,0.689378
47,17,0.690159
47,18,0.691633
47,19,0.693291
47,20,0.69468
47,21,0.695506
47,22,0.69566
47,23,0.695207
47,24,0.694318
47,25,0.693185
47,26,0.691973
47,27,0.690787
47,28,0.689689
47,29,0.688725
47,30,0.68794
47,31,0.687384
47,32,0.687088
47,33,0.687052
47,34,0.687233
47,35,0.687569
47,36,0.688017
47,37,0.688587
47,38,0.68935
47,39,0.690424
47,40,0.691902
47,41,0.693794
47,42,0.695963
47,43,0.698125
47,44,0.699891
47,45,0.700861
47,46,0.700738
47,47,0.699419
47,48,0.69703
47,49,0.693911
47,50,0.690531
47,51,0.687386
47,52,0.684897
47,53,0.68334
47,54,0.682823
47,55,0.683292
47,56,0.684557
47,57,0.686334
47,58,0.688281
47,59,0.690054
47,60,0.691363
47,61,0.692038
47,62,0.692074
47,63,0.691643
47,64,0.691049
47,65,0.690651
47,66,0.690749
47,67,0.691506
47,68,0.692883
47,69,0.694665
47,70,0.69652
47,71,0.698104
47,72,0.699155
47,73,0.699569
47,74,0.699423
47,75,0.698934
47,76,0.698375
47,77,0.697986
47,78,0.697887
47,79,0.698046
47,80,0.6983
47,81,0.698429
47,82,0.698247
47,83,0.697675
47,84,0.696787
47,85,0.69578
47,86,0.694925
47,87,0.694483
47,88,0.694629
47,89,0.695413
47,90,0.696747
47,91,0.698433
47,92,0.700215
47,93,0.701828
47,94,0.703041
47,95,0.70369
48,0,0.706118
48,1,0.706667
48,2,0.707744
48,3,0.709274
48,4,0.71108
48,5,0.712853
48,6,0.71418
48,7,0.714619
48,8,0.713818
48,9,0.711633
48,10,0.708188
48,11,0.703888
48,12,0.699327
48,13,0.695164
48,14,0.691969
48,15,0.690089
48,16,0.689583
48,17,0.690225
48,18,0.691585
48,19,0.69315
48,20,0.694462
48,21,0.695219
48,22,0.695312
48,23,0.694814
48,24,0.693908
48,25,0.692801
48,26,0.691667
48,27,0.690609
48,28,0.689677
48,29,0.688892
48,30,0.688272
48,31,0.687841
48,32,0.687617
48,33,0.687599
48,34,0.687756
48,35,0.688047
48,36,0.688448
48,37,0.688979
48,38,0.689713
48,39,0.690762
48,40,0.692212
48,41,0.694065
48,42,0.69619
48,43,0.698311
48,44,0.700049
48,45,0.701012
48,46,0.700902
48,47,0.699605
48,48,0.697242
48,49,0.69415
48,50,0.690813
48,51,0.687747
48,52,0.685397
48,53,0.684053
48,54,0.683814
48,55,0.684596
48,56,0.686161
48,57,0.688176
48,58,0.69026
48,59,0.692047
48,60,0.693248
48,61,0.693712
48,62,0.693459
48,63,0.69268
48,64,0.691692
48,65,0.690856
48,66,0.690468
48,67,0.690692
48,68,0.691507
48,69,0.692728
48,70,0.69407
48,71,0.695239
48,72,0.696013
48,73,0.696315
48,74,0.696221
48,75,0.695928
48,76,0.695677
48,77,0.695671
48,78,0.695991
48,79,0.696572
48,80,0.697224
48,81,0.697699
48,82,0.697791
48,83,0.6974
48,84,0.696586
48,85,0.695541
48,86,0.694542
48,87,0.69387
48,88,0.69373
48,89,0.694205
48,90,0.695241
48,91,0.696666
48,92,0.698241
48,93,0.699703
48,94,0.70082
48,95,0.701423
49,0,0.704863
49,1,0.705498
49,2,0.706729
49,3,0.708453
49,4,0.710467
49,5,0.712452
49,6,0.713996
49,7,0.714666
49,8,0.714113
49,9,0.712184
49,10,0.70898
49,11,0.704877
49,12,0.700441
49,13,0.696316
49,14,0.69307
49,15,0.691057
49,16,0.690357
49,17,0.690764
49,18,0.691872
49,19,0.693192
49,20,0.694285
49,21,0.694867
49,22,0.694848
49,23,0.694309
49,24,0.693439
49,25,0.692442
49,26,0.691478
49,27,0.690631
49,28,0.689918
49,29,0.689328
49,30,0.688849
49,31,0.688486
49,32,0.688253
49,33,0.688162
49,34,0.688211
49,35,0.688386
49,36,0.68869
49,37,0.689153
49,38,0.689843
49,39,0.690854
49,40,0.692253
49,41,0.694032
49,42,0.696066
49,43,0.698096
49,44,0.699773
49,45,0.700726
49,46,0.700668
49,47,0.699482
49,48,0.697277
49,49,0.694381
49,50,0.691272
49,51,0.688472
49,52,0.686432
49,53,0.685443
49,54,0.685585
49,55,0.686745
49,56,0.688637
49,57,0.690882
49,58,0.693066
49,59,0.694809
49,60,0.69583
49,61,0.695998
49,62,0.695363
49,63,0.694136
49,64,0.692644
49,65,0.69125
49,66,0.690247
49,67,0.689804
49,68,0.68992
49,69,0.690452
49,70,0.691173
49,71,0.691845
49,72,0.692293
49,73,0.692466
49,74,0.692436
49,75,0.692374
49,76,0.69248
49,77,0.692912
49,78,0.693707
49,79,0.694766
49,80,0.695872
49,81,0.696754
49,82,0.697182
49,83,0.697036
49,84,0.696356
49,85,0.695325
49,86,0.694219
49,87,0.693335
49,88,0.692903
49,89,0.69304
49,90,0.693728
49,91,0.694826
49,92,0.696118
49,93,0.697359
49,94,0.698326
49,95,0.698853
50,0,0.703161
50,1,0.703899
50,2,0.70531
50,3,0.707253
50,4,0.709494
50,5,0.711698
50,6,0.713464
50,7,0.71438
50,8,0.714118
50,9,0.712526
50,10,0.709687
50,11,0.705936
50,12,0.701793
50,13,0.697861
50,14,0.69468
50,15,0.692595
50,16,0.691697
50,17,0.691808
50,18,0.692562
50,19,0.693514
50,20,0.694276
50,21,0.694605
50,22,0.69444
50,23,0.693874
50,24,0.693092
50,25,0.692276
50,26,0.691555
50,27,0.69097
50,28,0.6905
50,29,0.690095
50,30,0.689715
50,31,0.689356
50,32,0.689038
50,33,0.688797
50,34,0.688665
50,35,0.688667
50,36,0.68883
50,37,0.689191
50,38,0.689808
50,39,0.690748
50,40,0.692054
50,41,0.693704
50,42,0.695579
50,43,0.697452
50,44,0.69901
50,45,0.699921
50,46,0.699922
50,47,0.698901
50,48,0.696955
50,49,0.694392
50,50,0.691671
50,51,0.689298
50,52,0.687716
50,53,0.687197
50,54,0.687801
50,55,0.689376
50,56,0.691599
50,57,0.694053
50,58,0.696302
50,59,0.697963
50,60,0.698766
50,61,0.698608
50,62,0.697562
50,63,0.695857
50,64,0.693828
50,65,0.69183
50,66,0.690157
50,67,0.688983
50,68,0.688332
50,69,0.688108
50,70,0.688143
50,71,0.688264
50,72,0.688346
50,73,0.68836
50,74,0.688375
50,75,0.688531
50,76,0.688983
50,77,0.689841
50,78,0.691102
50,79,0.692634
50,80,0.6942
50,81,0.695512
50,82,0.696323
50,83,0.696493
50,84,0.696041
50,85,0.695131
50,86,0.694031
50,87,0.693039
50,88,0.692398
50,89,0.692252
50,90,0.69261
50,91,0.693368
50,92,0.69434
50,93,0.695313
50,94,0.696086
50,95,0.696511
51,0,0.701111
51,1,0.70195
51,2,0.703538
51,3,0.705691
51,4,0.708141
51,5,0.710546
51,6,0.712521
51,7,0.713688
51,8,0.71375
51,9,0.712567
51,10,0.710204
51,11,0.70695
51,12,0.703262
51,13,0.69968
51,14,0.696692
51,15,0.694619
51,16,0.693554
51,17,0.693348
51,18,0.693689
51,19,0.694201
51,20,0.694561
51,21,0.694589
51,22,0.694259
51,23,0.693681
51,24,0.693025
51,25,0.692438
51,26,0.692001
51,27,0.691703
51,28,0.691475
51,29,0.691229
51,30,0.690906
51,31,0.690496
51,32,0.690035
51,33,0.689586
51,34,0.689221
51,35,0.688999
51,36,0.688974
51,37,0.689189
51,38,0.689687
51,39,0.690509
51,40,0.691669
51,41,0.693131
51,42,0.694784
51,43,0.696432
51,44,0.697808
51,45,0.698629
51,46,0.698666
51,47,0.697818
51,48,0.696176
51,49,0.694021
51,50,0.691784
51,51,0.689939
51,52,0.6889
51,53,0.688912
51,54,0.690002
51,55,0.691988
51,56,0.694517
51,57,0.697148
51,58,0.699438
51,59,0.701009
51,60,0.701611
51,61,0.701162
51,62,0.699755
51,63,0.697627
51,64,0.695111
51,65,0.692554
51,66,0.690243
51,67,0.688358
51,68,0.686951
51,69,0.685972
51,70,0.685316
51,71,0.684871
51,72,0.684561
51,73,0.684382
51,74,0.684396
51,75,0.684715
51,76,0.685448
51,77,0.68666
51,78,0.688313
51,79,0.690253
51,80,0.692232
51,81,0.693957
51,82,0.695172
51,83,0.695722
51,84,0.695605
51,85,0.69496
51,86,0.694031
51,87,0.693097
51,88,0.692399
51,89,0.692087
51,90,0.692192
51,91,0.69264
51,92,0.693287
51,93,0.693964
51,94,0.69451
51,95,0.694812
52,0,0.698852
52,1,0.699774
52,2,0.701504
52,3,0.703823
52,4,0.70644
52,5,0.709009
52,6,0.711168
52,7,0.71258
52,8,0.712988
52,9,0.712267
52,10,0.710466
52,11,0.707823
52,12,0.704722
52,13,0.701622
52,14,0.698946
52,15,0.696975
52,16,0.695797
52,17,0.695296
52,18,0.695219
52,19,0.69527
52,20,0.695208
52,21,0.69492
52,22,0.694426
52,23,0.693846
52,24,0.693333
52,25,0.692991
52,26,0.692846
52,27,0.692832
52,28,0.69283
52,29,0.692721
52,30,0.692426
52,31,0.691936
52,32,0.691301
52,33,0.690612
52,34,0.689975
52,35,0.689485
52,36,0.689219
52,37,0.68923
52,38,0.689552
52,39,0.690203
52,40,0.691171
52,41,0.692404
52,42,0.693796
52,43,0.695177
52,44,0.696327
52,45,0.69701
52,46,0.697038
52,47,0.696329
52,48,0.694971
52,49,0.693222
52,50,0.691477
52,51,0.69017
52,52,0.689672
52,53,0.690192
52,54,0.691727
52,55,0.694067
52,56,0.696843
52,57,0.699611
52,58,0.701931
52,59,0.703441
52,60,0.703909
52,61,0.70327
52,62,0.701623
52,63,0.699205
52,64,0.696334
52,65,0.693344
52,66,0.690512
52,67,0.688022
52,68,0.685951
52,69,0.684293
52,70,0.683001
52,71,0.682021
52,72,0.681321
52,73,0.680918
52,74,0.680873
52,75,0.681267
52,76,0.682174
52,77,0.683621
52,78,0.685542
52,79,0.687775
52,80,0.690073
52,81,0.692151
52,82,0.693755
52,83,0.694726
52,84,0.695038
52,85,0.694801
52,86,0.694219
52,87,0.693535
52,88,0.692962
52,89,0.692637
52,90,0.692596
52,91,0.692795
52,92,0.693135
52,93,0.693505
52,94,0.693804
52,95,0.69397
53,0,0.696543
53,1,0.697517
53,2,0.699336
53,3,0.70176
53,4,0.704483
53,5,0.707168
53,6,0.709481
53,7,0.711127
53,8,0.711887
53,9,0.711654
53,10,0.710459
53,11,0.708489
53,12,0.706051
53,13,0.703517
53,14,0.701236
53,15,0.699443
53,16,0.698216
53,17,0.697471
53,18,0.697016
53,19,0.696637
53,20,0.696178
53,21,0.695594
53,22,0.694951
53,23,0.694379
53,24,0.694008
53,25,0.693903
53,26,0.694035
53,27,0.694284
53,28,0.694492
53,29,0.694506
53,30,0.694236
53,31,0.693667
53,32,0.692858
53,33,0.691921
53,34,0.690988
53,35,0.690186
53,36,0.68962
53,37,0.689359
53,38,0.689442
53,39,0.689875
53,40,0.690625
53,41,0.691623
53,42,0.692759
53,43,0.693878
53,44,0.694793
53,45,0.695309
53,46,0.695278
53,47,0.694644
53,48,0.693497
53,49,0.692079
53,50,0.690747
53,51,0.689894
53,52,0.689843
53,53,0.690767
53,54,0.692633
53,55,0.695221
53,56,0.698158
53,57,0.701013
53,58,0.703363
53,59,0.704865
53,60,0.705303
53,61,0.704616
53,62,0.702899
53,63,0.700373
53,64,0.697336
53,65,0.6941
53,66,0.690932
53,67,0.688015
53,68,0.685445
53,69,0.683255
53,70,0.681445
53,71,0.680006
53,72,0.678948
53,73,0.678307
53,74,0.67814
53,75,0.67851
53,76,0.67946
53,77,0.680993
53,78,0.683031
53,79,0.68541
53,80,0.687899
53,81,0.690233
53,82,0.692174
53,83,0.693563
53,84,0.694357
53,85,0.694631
53,86,0.694539
53,87,0.69427
53,88,0.693986
53,89,0.693792
53,90,0.693717
53,91,0.693736
53,92,0.693801
53,93,0.693868
53,94,0.693912
53,95,0.693932
54,0,0.694349
54,1,0.695341
54,2,0.697188
54,3,0.699648
54,4,0.702415
54,5,0.705168
54,6,0.707602
54,7,0.709463
54,8,0.710561
54,9,0.710804
54,10,0.710206
54,11,0.708904
54,12,0.707132
54,13,0.705179
54,14,0.703322
54,15,0.701747
54,16,0.700525
54,17,0.699597
54,18,0.698833
54,19,0.698094
54,20,0.6973
54,21,0.696474
54,22,0.695714
54,23,0.695161
54,24,0.694927
54,25,0.695037
54,26,0.695419
54,27,0.69591
54,28,0.696318
54,29,0.696464
54,30,0.69624
54,31,0.695621
54,32,0.694665
54,33,0.69349
54,34,0.692249
54,35,0.691096
54,36,0.69017
54,37,0.689573
54,38,0.689364
54,39,0.689549
54,40,0.690086
54,41,0.690885
54,42,0.691821
54,43,0.692732
54,44,0.693448
54,45,0.693801
54,46,0.693676
54,47,0.693045
54,48,0.692008
54,49,0.690794
54,50,0.689735
54,51,0.689179
54,52,0.689411
54,53,0.690567
54,54,0.692598
54,55,0.695286
54,56,0.698275
54,57,0.701158
54,58,0.703539
54,59,0.705093
54,60,0.705611
54,61,0.705027
54,62,0.703418
54,63,0.70098
54,64,0.697985
54,65,0.694722
54,66,0.691443
54,67,0.688326
54,68,0.68548
54,69,0.682961
54,70,0.680799
54,71,0.679023
54,72,0.67767
54,73,0.676794
54,74,0.676451
54,75,0.676696
54,76,0.677556
54,77,0.679022
54,78,0.681015
54,79,0.683384
54,80,0.685923
54,81,0.688394
54,82,0.690584
54,83,0.69234
54,84,0.693608
54,85,0.694427
54,86,0.694894
54,87,0.695133
54,88,0.695243
54,89,0.695281
54,90,0.695254
54,91,0.695155
54,92,0.694981
54,93,0.694764
54,94,0.694558
54,95,0.694433
55,0,0.692433
55,1,0.693409
55,2,0.69523
55,3,0.697661
55,4,0.700415
55,5,0.703191
55,6,0.705713
55,7,0.707756
55,8,0.709154
55,9,0.709818
55,10,0.709748
55,11,0.709037
55,12,0.707857
55,13,0.706424
55,14,0.704951
55,15,0.703587
55,16,0.702394
55,17,0.701338
55,18,0.700342
55,19,0.699332
55,20,0.698294
55,21,0.697299
55,22,0.696476
55,23,0.695967
55,24,0.695869
55,25,0.696179
55,26,0.696791
55,27,0.697515
55,28,0.698129
55,29,0.698434
55,30,0.698298
55,31,0.697679
55,32,0.696619
55,33,0.695231
55,34,0.693677
55,35,0.692144
55,36,0.690811
55,37,0.689828
55,38,0.68929
55,39,0.689224
55,40,0.689583
55,41,0.690256
55,42,0.691085
55,43,0.691887
55,44,0.692482
55,45,0.692714
55,46,0.69249
55,47,0.691807
55,48,0.690782
55,49,0.689639
55,50,0.688687
55,51,0.688242
55,52,0.688554
55,53,0.689739
55,54,0.691744
55,55,0.694369
55,56,0.69729
55,57,0.700135
55,58,0.702537
55,59,0.704186
55,60,0.704872
55,61,0.704512
55,62,0.703157
55,63,0.700977
55,64,0.698214
55,65,0.695136
55,66,0.691978
55,67,0.68891
55,68,0.686036
55,69,0.68342
55,70,0.681106
55,71,0.67914
55,72,0.677577
55,73,0.676483
55,74,0.675926
55,75,0.675959
55,76,0.676611
55,77,0.677873
55,78,0.679679
55,79,0.681898
55,80,0.684353
55,81,0.686839
55,82,0.689167
55,83,0.691197
55,84,0.692865
55,85,0.694178
55,86,0.69518
55,87,0.695927
55,88,0.69645
55,89,0.696752
55,90,0.696815
55,91,0.696637
55,92,0.696264
55,93,0.695792
55,94,0.695359
55,95,0.6951
56,0,0.690926
56,1,0.69186
56,2,0.69361
56,3,0.695964
56,4,0.698657
56,5,0.701416
56,6,0.703989
56,7,0.706167
56,8,0.707796
56,9,0.708788
56,10,0.709126
56,11,0.708867
56,12,0.708135
56,13,0.707094
56,14,0.705907
56,15,0.704696
56,16,0.703519
56,17,0.70237
56,18,0.701211
56,19,0.700023
56,20,0.698839
56,21,0.697764
56,22,0.696945
56,23,0.696522
56,24,0.696577
56,25,0.697089
56,26,0.697932
56,27,0.698895
56,28,0.69974
56,29,0.700247
56,30,0.700257
56,31,0.699696
56,32,0.698581
56,33,0.69701
56,34,0.695154
56,35,0.693226
56,36,0.69146
56,37,0.690065
56,38,0.68919
56,39,0.688894
56,40,0.68913
56,41,0.689764
56,42,0.690598
56,43,0.691407
56,44,0.691984
56,45,0.692166
56,46,0.691875
56,47,0.691127
56,48,0.690052
56,49,0.688875
56,50,0.687889
56,51,0.687384
56,52,0.687587
56,53,0.688606
56,54,0.690404
56,55,0.692811
56,56,0.695549
56,57,0.698286
56,58,0.700684
56,59,0.70244
56,60,0.703336
56,61,0.703264
56,62,0.702251
56,63,0.700438
56,64,0.698048
56,65,0.695329
56,66,0.692499
56,67,0.68971
56,68,0.687051
56,69,0.684571
56,70,0.682304
56,71,0.680298
56,72,0.678614
56,73,0.677333
56,74,0.676535
56,75,0.676291
56,76,0.676645
56,77,0.677603
56,78,0.679117
56,79,0.681083
56,80,0.683349
56,81,0.68574
56,82,0.68809
56,83,0.690273
56,84,0.692218
56,85,0.693905
56,86,0.695331
56,87,0.696494
56,88,0.697365
56,89,0.697895
56,90,0.698042
56,91,0.697808
56,92,0.697273
56,93,0.696594
56,94,0.695972
56,95,0.695603
57,0,0.689915
57,1,0.69079
57,2,0.692439
57,3,0.694679
57,4,0.697275
57,5,0.69998
57,6,0.702557
57,7,0.704809
57,8,0.70658
57,9,0.707776
57,10,0.708365
57,11,0.708382
57,12,0.707915
57,13,0.707094
57,14,0.706055
57,15,0.704902
57,16,0.703701
57,17,0.702466
57,18,0.701197
57,19,0.699912
57,20,0.698677
57,21,0.697614
57,22,0.696874
57,23,0.696591
57,24,0.696834
57,25,0.697571
57,26,0.698664
57,27,0.699894
57,28,0.70101
57,29,0.701768
57,30,0.701979
57,31,0.701533
57,32,0.70041
57,33,0.69869
57,34,0.696548
57,35,0.694234
57,36,0.692038
57,37,0.690237
57,38,0.689043
57,39,0.688553
57,40,0.688727
57,41,0.689405
57,42,0.690343
57,43,0.691265
57,44,0.691929
57,45,0.692154
57,46,0.691862
57,47,0.691082
57,48,0.689954
57,49,0.688698
57,50,0.687593
57,51,0.68691
57,52,0.686862
57,53,0.687567
57,54,0.689015
57,55,0.691084
57,56,0.693545
57,57,0.696109
57,58,0.698461
57,59,0.700302
57,60,0.701397
57,61,0.701616
57,62,0.70096
57,63,0.699556
57,64,0.697612
57,65,0.695365
57,66,0.693016
57,67,0.690692
57,68,0.68845
57,69,0.686303
57,70,0.684256
57,71,0.682339
57,72,0.680614
57,73,0.679174
57,74,0.678124
57,75,0.677565
57,76,0.677567
57,77,0.678165
57,78,0.679331
57,79,0.680985
57,80,0.682996
57,81,0.68521
57,82,0.68748
57,83,0.689688
57,84,0.691761
57,85,0.693658
57,86,0.695345
57,87,0.696772
57,88,0.697865
57,89,0.698541
57,90,0.698736
57,91,0.698457
57,92,0.697808
57,93,0.696985
57,94,0.696234
57,95,0.69579
58,0,0.689445
58,1,0.690252
58,2,0.691783
58,3,0.693884
58,4,0.696352
58,5,0.698961
58,6,0.701489
58,7,0.703736
58,8,0.705545
58,9,0.706809
58,10,0.707486
58,11,0.707593
58,12,0.707203
58,13,0.706427
58,14,0.705389
58,15,0.704192
58,16,0.702911
58,17,0.701586
58,18,0.700242
58,19,0.698925
58,20,0.697716
58,21,0.696744
58,22,0.696153
58,23,0.696066
58,24,0.69654
58,25,0.697535
58,26,0.69891
58,27,0.700442
58,28,0.701868
58,29,0.702923
58,30,0.703381
58,31,0.703092
58,32,0.701999
58,33,0.700162
58,34,0.697765
58,35,0.695095
58,36,0.692501
58,37,0.690331
58,38,0.688859
58,39,0.688218
58,40,0.688375
58,41,0.689149
58,42,0.690251
58,43,0.691359
58,44,0.692193
58,45,0.692551
58,46,0.692349
58,47,0.691617
58,48,0.690491
58,49,0.689183
58,50,0.687949
58,51,0.687044
58,52,0.686678
58,53,0.686988
58,54,0.688006
58,55,0.689665
58,56,0.691791
58,57,0.694134
58,58,0.696397
58,59,0.698276
58,60,0.699519
58,61,0.699976
58,62,0.699633
58,63,0.698613
58,64,0.697121
58,65,0.695391
58,66,0.693608
58,67,0.691867
58,68,0.690178
58,69,0.688501
58,70,0.686795
58,71,0.685058
58,72,0.683347
58,73,0.68177
58,74,0.680468
58,75,0.67958
58,76,0.679216
58,77,0.679439
58,78,0.680247
58,79,0.681573
58,80,0.683301
58,81,0.685288
58,82,0.687399
58,83,0.689522
58,84,0.691582
58,85,0.693525
58,86,0.695297
58,87,0.69682
58,88,0.697996
58,89,0.698721
58,90,0.698925
58,91,0.698618
58,92,0.697917
58,93,0.697033
58,94,0.696231
58,95,0.695757
59,0,0.689523
59,1,0.690257
59,2,0.69166
59,3,0.693603
59,4,0.695913
59,5,0.698382
59,6,0.700797
59,7,0.702957
59,8,0.704698
59,9,0.705903
59,10,0.706521
59,11,0.706563
59,12,0.706093
59,13,0.705218
59,14,0.704062
59,15,0.702737
59,16,0.701332
59,17,0.699908
59,18,0.698514
59,19,0.697209
59,20,0.696081
59,21,0.695255
59,22,0.694863
59,23,0.695012
59,24,0.695748
59,25,0.697026
59,26,0.698706
59,27,0.700562
59,28,0.702322
59,29,0.703697
59,30,0.704425
59,31,0.704315
59,32,0.703276
59,33,0.701354
59,34,0.698745
59,35,0.695772
59,36,0.692843
59,37,0.690366
59,38,0.688669
59,39,0.687913
59,40,0.688074
59,41,0.688952
59,42,0.690227
59,43,0.691543
59,44,0.692592
59,45,0.693157
59,46,0.693143
59,47,0.692568
59,48,0.691552
59,49,0.690279
59,50,0.688977
59,51,0.687882
59,52,0.687207
59,53,0.687117
59,54,0.687695
59,55,0.688933
59,56,0.690711
59,57,0.692813
59,58,0.694951
59,59,0.696814
59,60,0.698135
59,61,0.698747
59,62,0.698635
59,63,0.697926
59,64,0.696837
59,65,0.695605
59,66,0.694401
59,67,0.693283
59,68,0.692204
59,69,0.691062
59,70,0.689754
59,71,0.68824
59,72,0.686569
59,73,0.684871
59,74,0.683325
59,75,0.682118
59,76,0.681404
59,77,0.681276
59,78,0.681749
59,79,0.682764
59,80,0.68421
59,81,0.685948
59,82,0.68785
59,83,0.689808
59,84,0.691745
59,85,0.693604
59,86,0.695317
59,87,0.696798
59,88,0.69794
59,89,0.698642
59,90,0.698839
59,91,0.698543
59,92,0.697871
59,93,0.697029
59,94,0.696267
59,95,0.695818
60,0,0.690123
60,1,0.690782
60,2,0.692049
60,3,0.693816
60,4,0.695934
60,5,0.698214
60,6,0.70045
60,7,0.702445
60,8,0.704028
60,9,0.705078
60,10,0.705536
60,11,0.70541
60,12,0.704764
60,13,0.703708
60,14,0.702371
60,15,0.700877
60,16,0.699332
60,17,0.697815
60,18,0.696389
60,19,0.695124
60,20,0.694107
60,21,0.693452
60,22,0.693275
60,23,0.693667
60,24,0.694664
60,25,0.69622
60,26,0.698194
60,27,0.700363
60,28,0.702445
60,29,0.704127
60,30,0.705116
60,31,0.705183
60,32,0.704209
60,33,0.702235
60,34,0.699469
60,35,0.696269
60,36,0.69309
60,37,0.690386
60,38,0.688521
60,39,0.687676
60,40,0.687831
60,41,0.688777
60,42,0.690183
60,43,0.69168
60,44,0.692949
60,45,0.693767
60,46,0.694028
60,47,0.693726
60,48,0.692948
60,49,0.691834
60,50,0.690572
60,51,0.689375
60,52,0.688463
60,53,0.688033
60,54,0.688222
60,55,0.689084
60,56,0.690545
60,57,0.692418
60,58,0.694419
60,59,0.696226
60,60,0.697556
60,61,0.698239
60,62,0.698263
60,63,0.697773
60,64,0.697005
60,65,0.696206
60,66,0.695532
60,67,0.695006
60,68,0.694522
60,69,0.693906
60,70,0.692993
60,71,0.691704
60,72,0.690079
60,73,0.68827
60,74,0.686501
60,75,0.685007
60,76,0.683985
60,77,0.683551
60,78,0.683732
60,79,0.684468
60,80,0.685648
60,81,0.687135
60,82,0.688803
60,83,0.69055
60,84,0.692301
60,85,0.693993
60,86,0.695559
60,87,0.696914
60,88,0.697961
60,89,0.698614
60,90,0.698823
60,91,0.698605
60,92,0.698067
60,93,0.697381
60,94,0.696758
60,95,0.69639
61,0,0.69121
61,1,0.691791
61,2,0.692911
61,3,0.694482
61,4,0.696372
61,5,0.698412
61,6,0.700412
61,7,0.702179
61,8,0.703545
61,9,0.704386
61,10,0.704642
61,11,0.704316
61,12,0.703474
61,13,0.702227
61,14,0.700711
61,15,0.699061
61,16,0.697396
61,17,0.695807
61,18,0.69437
61,19,0.693158
61,20,0.692255
61,21,0.691759
61,22,0.691773
61,23,0.692371
61,24,0.693582
61,25,0.695361
61,26,0.69757
61,27,0.69999
61,28,0.70233
61,29,0.704263
61,30,0.705465
61,31,0.705683
61,32,0.704778
61,33,0.702787
61,34,0.699933
61,35,0.696601
61,36,0.693274
61,37,0.690433
61,38,0.688456
61,39,0.687535
61,40,0.687651
61,41,0.6886
61,42,0.69006
61,43,0.691674
61,44,0.693135
61,45,0.694223
61,46,0.69482
61,47,0.69489
61,48,0.694467
61,49,0.693636
61,50,0.692535
61,51,0.691351
61,52,0.690308
61,53,0.689641
61,54,0.689539
61,55,0.690111
61,56,0.691325
61,57,0.693013
61,58,0.69489
61,59,0.696623
61,60,0.697919
61,61,0.698606
61,62,0.698687
61,63,0.69833
61,64,0.697793
61,65,0.697335
61,66,0.697103
61,67,0.697085
61,68,0.697119
61,69,0.696966
61,70,0.696401
61,71,0.695309
61,72,0.693724
61,73,0.691821
61,74,0.689864
61,75,0.688135
61,76,0.686861
61,77,0.686178
61,78,0.686114
61,79,0.686607
61,80,0.68754
61,81,0.688782
61,82,0.69021
61,83,0.69173
61,84,0.693269
61,85,0.694765
61,86,0.696152
61,87,0.697356
61,88,0.698302
61,89,0.698929
61,90,0.69921
61,91,0.699165
61,92,0.698876
61,93,0.698466
61,94,0.698081
61,95,0.69785
62,0,0.692726
62,1,0.693223
62,2,0.694185
62,3,0.695535
62,4,0.697164
62,5,0.698923
62,6,0.700642
62,7,0.702145
62,8,0.703274
62,9,0.703905
62,10,0.703976
62,11,0.703487
62,12,0.702498
62,13,0.701118
62,14,0.699484
62,15,0.697737
62,16,0.696001
62,17,0.694379
62,18,0.69295
62,19,0.691791
62,20,0.690979
62,21,0.690601
62,22,0.690742
62,23,0.691466
62,24,0.692795
62,25,0.694689
62,26,0.697017
62,27,0.699568
62,28,0.702053
62,29,0.704133
62,30,0.70547
62,31,0.705792
62,32,0.704952
62,33,0.702987
62,34,0.700127
62,35,0.696771
62,36,0.69341
62,37,0.690526
62,38,0.688495
62,39,0.687505
62,40,0.687542
62,41,0.688421
62,42,0.689848
62,43,0.691502
62,44,0.693106
62,45,0.694454
62,46,0.695414
62,47,0.695912
62,48,0.695924
62,49,0.695467
62,50,0.694625
62,51,0.693559
62,52,0.692497
62,53,0.691708
62,54,0.691431
62,55,0.691821
62,56,0.692879
62,57,0.694448
62,58,0.696238
62,59,0.697908
62,60,0.699156
62,61,0.699816
62,62,0.699908
62,63,0.699622
62,64,0.69924
62,65,0.699031
62,66,0.699134
62,67,0.69951
62,68,0.69995
62,69,0.700162
62,70,0.699873
62,71,0.698939
62,72,0.697391
62,73,0.695421
62,74,0.693329
62,75,0.691428
62,76,0.689969
62,77,0.689095
62,78,0.688833
62,79,0.689114
62,80,0.689821
62,81,0.690828
62,82,0.692022
62,83,0.693317
62,84,0.694644
62,85,0.695944
62,86,0.697158
62,87,0.698228
62,88,0.699107
62,89,0.699767
62,90,0.700204
62,91,0.700438
62,92,0.700516
62,93,0.700494
62,94,0.700433
62,95,0.700388
63,0,0.694607
63,1,0.695014
63,2,0.695803
63,3,0.69691
63,4,0.698247
63,5,0.699695
63,6,0.701111
63,7,0.702344
63,8,0.703251
63,9,0.703715
63,10,0.703669
63,11,0.703103
63,12,0.702065
63,13,0.700655
63,14,0.699001
63,15,0.697241
63,16,0.695501
63,17,0.693888
63,18,0.692485
63,19,0.691369
63,20,0.69061
63,21,0.690285
63,22,0.690464
63,23,0.691201
63,24,0.692517
63,25,0.694376
63,26,0.696663
63,27,0.699182
63,28,0.701653
63,29,0.703741
63,30,0.705109
63,31,0.705479
63,32,0.704701
63,33,0.702812
63,34,0.70004
63,35,0.696777
63,36,0.693499
63,37,0.690668
63,38,0.688639
63,39,0.687591
63,40,0.687519
63,41,0.688268
63,42,0.689589
63,43,0.691215
63,44,0.692907
63,45,0.694479
63,46,0.695786
63,47,0.696714
63,48,0.697174
63,49,0.697121
63,50,0.696587
63,51,0.695705
63,52,0.694711
63,53,0.693903
63,54,0.693561
63,55,0.693875
63,56,0.694871
63,57,0.696396
63,58,0.698154
63,59,0.699796
63,60,0.701017
63,61,0.70166
63,62,0.701758
63,63,0.701521
63,64,0.701246
63,65,0.70121
63,66,0.701546
63,67,0.702194
63,68,0.702916
63,69,0.703382
63,70,0.703291
63,71,0.702478
63,72,0.700974
63,73,0.698983
63,74,0.696824
63,75,0.694828
63,76,0.693256
63,77,0.692251
63,78,0.691834
63,79,0.691934
63,80,0.692435
63,81,0.693219
63,82,0.694187
63,83,0.695264
63,84,0.696385
63,85,0.697498
63,86,0.698554
63,87,0.699518
63,88,0.700377
63,89,0.701137
63,90,0.701817
63,91,0.70243
63,92,0.702976
63,93,0.703433
63,94,0.703768
63,95,0.703946
64,0,0.696768
64,1,0.697077
64,2,0.697676
64,3,0.698518
64,4,0.699544
64,5,0.700666
64,6,0.701778
64,7,0.702761
64,8,0.703492
64,9,0.703861
64,10,0.703791
64,11,0.703259
64,12,0.702291
64,13,0.700967
64,14,0.699399
64,15,0.697714
64,16,0.696036
64,17,0.694469
64,18,0.693101
64,19,0.692009
64,20,0.691259
64,21,0.690914
64,22,0.691034
64,23,0.691662
64,24,0.692818
64,25,0.694475
64,26,0.696539
64,27,0.698837
64,28,0.701117
64,29,0.703061
64,30,0.704346
64,31,0.704706
64,32,0.703991
64,33,0.702234
64,34,0.699647
64,35,0.696594
64,36,0.693514
64,37,0.690829
64,38,0.688863
64,39,0.687781
64,40,0.687594
64,41,0.688184
64,42,0.689359
64,43,0.690909
64,44,0.69264
64,45,0.694382
64,46,0.69598
64,47,0.697278
64,48,0.698132
64,49,0.698442
64,50,0.698197
64,51,0.697511
64,52,0.696629
64,53,0.695869
64,54,0.695544
64,55,0.695869
64,56,0.696881
64,57,0.69843
64,58,0.700215
64,59,0.701881
64,60,0.703125
64,61,0.703795
64,62,0.703936
64,63,0.703767
64,64,0.703589
64,65,0.703679
64,66,0.704163
64,67,0.704972
64,68,0.705854
64,69,0.706468
64,70,0.7065
64,71,0.705782
64,72,0.704341
64,73,0.702387
64,74,0.700242
64,75,0.698237
64,76,0.69663
64,77,0.695556
64,78,0.695032
64,79,0.694985
64,80,0.695304
64,81,0.695885
64,82,0.696637
64,83,0.697497
64,84,0.698409
64,85,0.699327
64,86,0.700226
64,87,0.701098
64,88,0.701969
64,89,0.702883
64,90,0.703875
64,91,0.704943
64,92,0.706033
64,93,0.707033
64,94,0.707809
64,95,0.708234
65,0,0.699106
65,1,0.699307
65,2,0.699701
65,3,0.700263
65,4,0.700965
65,5,0.70176
65,6,0.702586
65,7,0.703356
65,8,0.703971
65,9,0.704324
65,10,0.704327
65,11,0.703935
65,12,0.703145
65,13,0.702009
65,14,0.700615
65,15,0.699075
65,16,0.697504
65,17,0.696007
65,18,0.694675
65,19,0.693585
65,20,0.6928
65,21,0.692373
65,22,0.692348
65,23,0.692757
65,24,0.693619
65,25,0.694919
65,26,0.696588
65,27,0.698489
65,28,0.700407
65,29,0.702062
65,30,0.703163
65,31,0.703463
65,32,0.702818
65,33,0.70125
65,34,0.698938
65,35,0.696201
65,36,0.693423
65,37,0.69097
65,38,0.689129
65,39,0.688054
65,40,0.687774
65,41,0.688213
65,42,0.689237
65,43,0.690691
65,44,0.692417
65,45,0.694261
65,46,0.696056
65,47,0.697613
65,48,0.698747
65,49,0.699316
65,50,0.699284
65,51,0.698754
65,52,0.697979
65,53,0.697294
65,54,0.697031
65,55,0.697419
65,56,0.698501
65,57,0.700125
65,58,0.701989
65,59,0.703736
65,60,0.705066
65,61,0.705834
65,62,0.706087
65,63,0.706037
65,64,0.70598
65,65,0.706179
65,66,0.706753
65,67,0.707633
65,68,0.708569
65,69,0.709234
65,70,0.709326
65,71,0.708683
65,72,0.707333
65,73,0.705481
65,74,0.703435
65,75,0.70151
65,76,0.69995
65,77,0.698876
65,78,0.698299
65,79,0.698148
65,80,0.698321
65,81,0.69872
65,82,0.699266
65,83,0.699901
65,84,0.700582
65,85,0.701279
65,86,0.701996
65,87,0.702766
65,88,0.703658
65,89,0.704752
65,90,0.706096
65,91,0.707663
65,92,0.709337
65,93,0.710914
65,94,0.712151
65,95,0.712833
66,0,0.701504
66,1,0.701589
66,2,0.701764
66,3,0.702034
66,4,0.702407
66,5,0.702885
66,6,0.703449
66,7,0.704051
66,8,0.704608
66,9,0.705015
66,10,0.705167
66,11,0.704992
66,12,0.704453
66,13,0.703569
66,14,0.702402
66,15,0.701044
66,16,0.699601
66,17,0.69818
66,18,0.696876
66,19,0.69577
66,20,0.69492
66,21,0.694368
66,22,0.69414
66,23,0.694255
66,24,0.694727
66,25,0.695555
66,26,0.696697
66,27,0.698061
66,28,0.699482
66,29,0.700735
66,30,0.701572
66,31,0.701777
66,32,0.701213
66,33,0.699882
66,34,0.69792
66,35,0.695585
66,36,0.69319
66,37,0.691042
66,38,0.689389
66,39,0.688375
66,40,0.688048
66,41,0.688375
66,42,0.689271
66,43,0.690626
66,44,0.69231
66,45,0.69418
66,46,0.696056
66,47,0.697731
66,48,0.698994
66,49,0.699684
66,50,0.699754
66,51,0.699306
66,52,0.698599
66,53,0.697979
66,54,0.697787
66,55,0.698254
66,56,0.699426
66,57,0.70115
66,58,0.703126
66,59,0.705002
66,60,0.706485
66,61,0.707429
66,62,0.707875
66,63,0.708017
66,64,0.708125
66,65,0.708441
66,66,0.70907
66,67,0.70995
66,68,0.710855
66,69,0.711491
66,70,0.711587
66,71,0.711003
66,72,0.709771
66,73,0.708081
66,74,0.706216
66,75,0.704459
66,76,0.703026
66,77,0.702025
66,78,0.701459
66,79,0.701259
66,80,0.701327
66,81,0.701572
66,82,0.701917
66,83,0.702314
66,84,0.70273
66,85,0.703163
66,86,0.703657
66,87,0.704293
66,88,0.705192
66,89,0.706466
66,90,0.708171
66,91,0.710249
66,92,0.712515
66,93,0.714669
66,94,0.716366
66,95,0.717303
67,0,0.703822
67,1,0.703784
67,2,0.703731
67,3,0.703701
67,4,0.703749
67,5,0.703926
67,6,0.704258
67,7,0.70473
67,8,0.705275
67,9,0.705782
67,10,0.706127
67,11,0.706205
67,12,0.705946
67,13,0.705333
67,14,0.7044
67,15,0.703223
67,16,0.701903
67,17,0.700548
67,18,0.699261
67,19,0.698128
67,20,0.697202
67,21,0.696511
67,22,0.696061
67,23,0.695853
67,24,0.695895
67,25,0.696192
67,26,0.696735
67,27,0.69748
67,28,0.698325
67,29,0.699108
67,30,0.699637
67,31,0.69973
67,32,0.699256
67,33,0.698196
67,34,0.69663
67,35,0.694747
67,36,0.692787
67,37,0.690995
67,38,0.689582
67,39,0.688684
67,40,0.688369
67,41,0.688637
67,42,0.689442
67,43,0.690705
67,44,0.692315
67,45,0.694133
67,46,0.695976
67,47,0.697629
67,48,0.698874
67,49,0.699552
67,50,0.699614
67,51,0.699169
67,52,0.698479
67,53,0.697893
67,54,0.69775
67,55,0.698281
67,56,0.699531
67,57,0.70135
67,58,0.703445
67,59,0.705477
67,60,0.707158
67,61,0.708343
67,62,0.709054
67,63,0.709454
67,64,0.709774
67,65,0.71022
67,66,0.710885
67,67,0.711715
67,68,0.712523
67,69,0.713064
67,70,0.713119
67,71,0.712579
67,72,0.711484
67,73,0.710005
67,74,0.708388
67,75,0.706875
67,76,0.70565
67,77,0.704796
67,78,0.704309
67,79,0.704119
67,80,0.704129
67,81,0.704249
67,82,0.704402
67,83,0.704546
67,84,0.704666
67,85,0.704796
67,86,0.705028
67,87,0.7055
67,88,0.706385
67,89,0.707827
67,90,0.709881
67,91,0.712455
67,92,0.715293
67,93,0.718001
67,94,0.720137
67,95,0.721317
68,0,0.705893
68,1,0.705728
68,2,0.705444
68,3,0.705116
68,4,0.704848
68,5,0.704744
68,6,0.704871
68,7,0.705245
68,8,0.705806
68,9,0.706434
68,10,0.706982
68,11,0.70731
68,12,0.707315
68,13,0.706948
68,14,0.706221
68,15,0.705195
68,16,0.70397
68,17,0.702663
68,18,0.701384
68,19,0.700225
68,20,0.699234
68,21,0.698423
68,22,0.697774
68,23,0.697265
68,24,0.696889
68,25,0.69666
68,26,0.696598
68,27,0.696709
68,28,0.696959
68,29,0.697254
68,30,0.697464
68,31,0.697442
68,32,0.697067
68,33,0.696288
68,34,0.695133
68,35,0.693716
68,36,0.692207
68,37,0.690793
68,38,0.689652
68,39,0.688914
68,40,0.688661
68,41,0.688918
68,42,0.689665
68,43,0.690842
68,44,0.692348
68,45,0.694049
68,46,0.695767
68,47,0.69729
68,48,0.698413
68,49,0.698984
68,50,0.698965
68,51,0.698469
68,52,0.697757
68,53,0.69717
68,54,0.697044
68,55,0.697602
68,56,0.698891
68,57,0.70077
68,58,0.702962
68,59,0.705144
68,60,0.707039
68,61,0.708497
68,62,0.709514
68,63,0.710211
68,64,0.710769
68,65,0.711353
68,66,0.712035
68,67,0.712778
68,68,0.713438
68,69,0.713835
68,70,0.713811
68,71,0.713299
68,72,0.712348
68,73,0.711111
68,74,0.709791
68,75,0.708585
68,76,0.707635
68,77,0.706999
68,78,0.706658
68,79,0.706536
68,80,0.706535
68,81,0.706558
68,82,0.70653
68,83,0.706416
68,84,0.706227
68,85,0.706038
68,86,0.705994
68,87,0.706293
68,88,0.707157
68,89,0.708754
68,90,0.711138
68,91,0.714177
68,92,0.717546
68,93,0.720765
68,94,0.723304
68,95,0.724705
69,0,0.70752
69,1,0.707232
69,2,0.706725
69,3,0.706113
69,4,0.70555
69,5,0.70519
69,6,0.70514
69,7,0.705438
69,8,0.706027
69,9,0.706776
69,10,0.707509
69,11,0.708055
69,12,0.708279
69,13,0.708106
69,14,0.70753
69,15,0.706607
69,16,0.705442
69,17,0.70416
69,18,0.702888
69,19,0.701719
69,20,0.700696
69,21,0.699811
69,22,0.699018
69,23,0.698269
69,24,0.697539
69,25,0.696843
69,26,0.696228
69,27,0.69575
69,28,0.695441
69,29,0.695276
69,30,0.695186
69,31,0.695062
69,32,0.694786
69,33,0.69428
69,34,0.693517
69,35,0.692544
69,36,0.691465
69,37,0.690417
69,38,0.689548
69,39,0.688986
69,40,0.68882
69,41,0.689093
69,42,0.689799
69,43,0.690889
69,44,0.692272
69,45,0.693819
69,46,0.695364
69,47,0.696712
69,48,0.697672
69,49,0.69811
69,50,0.697994
69,51,0.697437
69,52,0.696689
69,53,0.696082
69,54,0.695936
69,55,0.696474
69,56,0.697747
69,57,0.699631
69,58,0.701872
69,59,0.704168
69,60,0.706255
69,61,0.707974
69,62,0.709294
69,63,0.710286
69,64,0.711074
69,65,0.711778
69,66,0.712451
69,67,0.713072
69,68,0.713547
69,69,0.713763
69,70,0.71363
69,71,0.713128
69,72,0.712317
69,73,0.711332
69,74,0.710335
69,75,0.709475
69,76,0.70885
69,77,0.708488
69,78,0.70835
69,79,0.708348
69,80,0.708375
69,81,0.708332
69,82,0.708144
69,83,0.707792
69,84,0.707315
69,85,0.706832
69,86,0.706543
69,87,0.706699
69,88,0.707561
69,89,0.709318
69,90,0.712012
69,91,0.715474
69,92,0.719317
69,93,0.722986
69,94,0.725877
69,95,0.727471
70,0,0.708487
70,1,0.708089
70,2,0.70738
70,3,0.706516
70,4,0.705696
70,5,0.705116
70,6,0.704919
70,7,0.705159
70,8,0.705781
70,9,0.706635
70,10,0.707522
70,11,0.70824
70,12,0.708626
70,13,0.708585
70,14,0.708101
70,15,0.707232
70,16,0.706093
70,17,0.704826
70,18,0.703568
70,19,0.702418
70,20,0.701411
70,21,0.700517
70,22,0.699659
70,23,0.698757
70,24,0.697767
70,25,0.696701
70,26,0.695627
70,27,0.694648
70,28,0.693856
70,29,0.693294
70,30,0.692948
70,31,0.692743
70,32,0.692564
70,33,0.692307
70,34,0.691895
70,35,0.691313
70,36,0.690609
70,37,0.68988
70,38,0.689249
70,39,0.68884
70,40,0.68875
70,41,0.689032
70,42,0.689693
70,43,0.690692
70,44,0.691947
70,45,0.693341
70,46,0.694723
70,47,0.695919
70,48,0.696753
70,49,0.697102
70,50,0.696934
70,51,0.69635
70,52,0.695584
70,53,0.69495
70,54,0.69476
70,55,0.695231
70,56,0.69643
70,57,0.698256
70,58,0.700483
70,59,0.702835
70,60,0.705061
70,61,0.706995
70,62,0.708571
70,63,0.70981
70,64,0.71078
70,65,0.711557
70,66,0.712176
70,67,0.712636
70,68,0.712895
70,69,0.712905
70,70,0.712643
70,71,0.712132
70,72,0.711446
70,73,0.710704
70,74,0.710032
70,75,0.709531
70,76,0.709258
70,77,0.709204
70,78,0.709308
70,79,0.709463
70,80,0.709553
70,81,0.709476
70,82,0.709164
70,83,0.708619
70,84,0.707913
70,85,0.70721
70,86,0.706755
70,87,0.706839
70,88,0.707751
70,89,0.709688
70,90,0.712676
70,91,0.716511
70,92,0.720756
70,93,0.724798
70,94,0.727976
70,95,0.729727
71,0,0.708586
71,1,0.708099
71,2,0.707231
71,3,0.706168
71,4,0.705146
71,5,0.704398
71,6,0.704092
71,7,0.704296
71,8,0.704951
71,9,0.705896
71,10,0.706905
71,11,0.707751
71,12,0.70825
71,13,0.70829
71,14,0.707854
71,15,0.707006
71,16,0.705877
71,17,0.704628
71,18,0.703406
71,19,0.702316
71,20,0.70138
71,21,0.700545
71,22,0.699702
71,23,0.698741
71,24,0.697594
71,25,0.696269
71,26,0.694852
71,27,0.693483
71,28,0.69231
71,29,0.691434
71,30,0.690891
71,31,0.690632
71,32,0.690548
71,33,0.690507
71,34,0.690388
71,35,0.690124
71,36,0.689717
71,37,0.689227
71,38,0.688762
71,39,0.688445
71,40,0.688381
71,41,0.688636
71,42,0.68923
71,43,0.690135
71,44,0.691281
71,45,0.692566
71,46,0.693854
71,47,0.694985
71,48,0.695791
71,49,0.696148
71,50,0.696012
71,51,0.695467
71,52,0.69472
71,53,0.69407
71,54,0.693818
71,55,0.694188
71,56,0.695263
71,57,0.696972
71,58,0.699125
71,59,0.701472
71,60,0.703772
71,61,0.705849
71,62,0.707605
71,63,0.709009
71,64,0.710078
71,65,0.710852
71,66,0.711356
71,67,0.711611
71,68,0.711624
71,69,0.711412
71,70,0.711007
71,71,0.71047
71,72,0.709887
71,73,0.709363
71,74,0.708992
71,75,0.708836
71,76,0.708911
71,77,0.709173
71,78,0.709534
71,79,0.709868
71,80,0.710048
71,81,0.709973
71,82,0.70959
71,83,0.708925
71,84,0.708087
71,85,0.707277
71,86,0.706774
71,87,0.706892
71,88,0.707931
71,89,0.710077
71,90,0.713341
71,91,0.717489
71,92,0.722047
71,93,0.726365
71,94,0.72975
71,95,0.731611
72,0,0.707648
72,1,0.707105
72,2,0.706137
72,3,0.704951
72,4,0.703806
72,5,0.70296
72,6,0.702596
72,7,0.702792
72,8,0.703487
72,9,0.704509
72,10,0.705617
72,11,0.706564
72,12,0.707148
72,13,0.707249
72,14,0.70685
72,15,0.706026
72,16,0.704923
72,17,0.703718
72,18,0.702572
72,19,0.701586
72,20,0.700772
72,21,0.700052
72,22,0.69929
72,23,0.698347
72,24,0.697132
72,25,0.695649
72,26,0.693998
72,27,0.692353
72,28,0.690907
72,29,0.689809
72,30,0.689134
72,31,0.688857
72,32,0.688866
72,33,0.689006
72,34,0.689118
72,35,0.68909
72,36,0.688882
72,37,0.688529
72,38,0.688128
72,39,0.687807
72,40,0.687687
72,41,0.687857
72,42,0.688355
72,43,0.689172
72,44,0.690256
72,45,0.691515
72,46,0.692821
72,47,0.694015
72,48,0.694926
72,49,0.695411
72,50,0.695407
72,51,0.69497
72,52,0.694286
72,53,0.693636
72,54,0.693318
72,55,0.693566
72,56,0.694487
72,57,0.696044
72,58,0.69808
72,59,0.700371
72,60,0.702687
72,61,0.704834
72,62,0.706681
72,63,0.708153
72,64,0.709222
72,65,0.709902
72,66,0.710217
72,67,0.710218
72,68,0.709959
72,69,0.709512
72,70,0.708953
72,71,0.708375
72,72,0.707867
72,73,0.707523
72,74,0.707409
72,75,0.707556
72,76,0.707944
72,77,0.708501
72,78,0.709109
72,79,0.709625
72,80,0.709914
72,81,0.709881
72,82,0.709491
72,83,0.708799
72,84,0.707947
72,85,0.707165
72,86,0.706751
72,87,0.707021
72,88,0.708263
72,89,0.710648
72,90,0.714158
72,91,0.718539
72,92,0.7233
72,93,0.727779
72,94,0.731274
72,95,0.733191
73,0,0.705601
73,1,0.705044
73,2,0.70405
73,3,0.702833
73,4,0.701664
73,5,0.700806
73,6,0.700449
73,7,0.700675
73,8,0.701425
73,9,0.702523
73,10,0.703721
73,11,0.704762
73,12,0.705434
73,13,0.705614
73,14,0.705285
73,15,0.70453
73,16,0.703505
73,17,0.7024
73,18,0.701378
73,19,0.70054
73,20,0.699881
73,21,0.699308
73,22,0.698658
73,23,0.697771
73,24,0.696544
73,25,0.694977
73,26,0.693184
73,27,0.691365
73,28,0.689748
73,29,0.688519
73,30,0.687781
73,31,0.687521
73,32,0.687624
73,33,0.687913
73,34,0.688192
73,35,0.688311
73,36,0.688197
73,37,0.687863
73,38,0.687406
73,39,0.686969
73,40,0.686698
73,41,0.686716
73,42,0.687094
73,43,0.687847
73,44,0.688937
73,45,0.690277
73,46,0.691733
73,47,0.693132
73,48,0.694277
73,49,0.695001
73,50,0.695211
73,51,0.69494
73,52,0.694353
73,53,0.69372
73,54,0.693341
73,55,0.693467
73,56,0.694228
73,57,0.695623
73,58,0.697526
73,59,0.699736
73,60,0.702025
73,61,0.704182
73,62,0.706043
73,63,0.707488
73,64,0.708459
73,65,0.708952
73,66,0.709006
73,67,0.708704
73,68,0.708148
73,69,0.707455
73,70,0.706737
73,71,0.706102
73,72,0.705639
73,73,0.705427
73,74,0.705511
73,75,0.705895
73,76,0.706537
73,77,0.707338
73,78,0.708159
73,79,0.708844
73,80,0.709253
73,81,0.709298
73,82,0.708967
73,83,0.708345
73,84,0.707598
73,85,0.706976
73,86,0.706777
73,87,0.707302
73,88,0.708811
73,89,0.71144
73,90,0.715145
73,91,0.719659
73,92,0.724493
73,93,0.728998
73,94,0.732494
73,95,0.734406
74,0,0.702498
74,1,0.70197
74,2,0.701032
74,3,0.699891
74,4,0.698808
74,5,0.698037
74,6,0.697764
74,7,0.698068
74,8,0.698895
74,9,0.700077
74,10,0.70137
74,11,0.702521
74,12,0.703317
74,13,0.703632
74,14,0.703448
74,15,0.702849
74,16,0.701992
74,17,0.701064
74,18,0.700225
74,19,0.699566
74,20,0.699073
74,21,0.698637
74,22,0.698084
74,23,0.697245
74,24,0.696014
74,25,0.694398
74,26,0.692523
74,27,0.690611
74,28,0.688913
74,29,0.687636
74,30,0.686899
74,31,0.686692
74,32,0.68689
74,33,0.687292
74,34,0.687673
74,35,0.687847
74,36,0.687715
74,37,0.687281
74,38,0.686646
74,39,0.685981
74,40,0.685473
74,41,0.685288
74,42,0.685538
74,43,0.686267
74,44,0.687447
74,45,0.688982
74,46,0.690714
74,47,0.692436
74,48,0.693917
74,49,0.694954
74,50,0.695428
74,51,0.695352
74,52,0.694881
74,53,0.694282
74,54,0.693861
74,55,0.693884
74,56,0.694507
74,57,0.695757
74,58,0.697537
74,59,0.699661
74,60,0.701902
74,61,0.704028
74,62,0.705838
74,63,0.70718
74,64,0.707968
74,65,0.708198
74,66,0.70793
74,67,0.707285
74,68,0.706412
74,69,0.705466
74,70,0.704584
74,71,0.703878
74,72,0.70343
74,73,0.703301
74,74,0.703517
74,75,0.704065
74,76,0.704884
74,77,0.70586
74,78,0.706842
74,79,0.707665
74,80,0.708189
74,81,0.708338
74,82,0.708123
74,83,0.707648
74,84,0.707103
74,85,0.706742
74,86,0.706849
74,87,0.707692
74,88,0.70949
74,89,0.712336
74,90,0.716159
74,91,0.720685
74,92,0.725446
74,93,0.729833
74,94,0.733215
74,95,0.735056
75,0,0.698529
75,1,0.698077
75,2,0.697277
75,3,0.696319
75,4,0.695437
75,5,0.694859
75,6,0.694753
75,7,0.695191
75,8,0.696125
75,9,0.697404
75,10,0.698806
75,11,0.700095
75,12,0.701068
75,13,0.701602
75,14,0.70167
75,15,0.701343
75,16,0.700764
75,17,0.700103
75,18,0.699502
75,19,0.699038
75,20,0.698687
75,21,0.698337
75,22,0.697818
75,23,0.696969
75,24,0.695699
75,25,0.694029
75,26,0.692103
75,27,0.690157
75,28,0.688453
75,29,0.687203
75,30,0.686525
75,31,0.686399
75,32,0.686684
75,33,0.687156
75,34,0.687564
75,35,0.687697
75,36,0.687438
75,37,0.686791
75,38,0.685875
75,39,0.684896
75,40,0.684093
75,41,0.683685
75,42,0.683829
75,43,0.684593
75,44,0.685949
75,45,0.687778
75,46,0.689881
75,47,0.692003
75,48,0.693869
75,49,0.695245
75,50,0.695991
75,51,0.696113
75,52,0.695765
75,53,0.695217
75,54,0.694782
75,55,0.694738
75,56,0.695261
75,57,0.6964
75,58,0.698079
75,59,0.700125
75,60,0.702307
75,61,0.704371
75,62,0.706085
75,63,0.707265
75,64,0.707812
75,65,0.707725
75,66,0.707095
75,67,0.706083
75,68,0.704883
75,69,0.703684
75,70,0.702636
75,71,0.701851
75,72,0.701395
75,73,0.701309
75,74,0.7016
75,75,0.702241
75,76,0.70316
75,77,0.704237
75,78,0.705317
75,79,0.706234
75,80,0.706856
75,81,0.707116
75,82,0.707044
75,83,0.706762
75,84,0.706469
75,85,0.706416
75,86,0.706861
75,87,0.708031
75,88,0.710091
75,89,0.713088
75,90,0.716924
75,91,0.721328
75,92,0.725867
75,93,0.729995
75,94,0.733151
75,95,0.734861
76,0,0.694026
76,1,0.693688
76,2,0.693102
76,3,0.692425
76,4,0.691849
76,5,0.691563
76,6,0.691702
76,7,0.692325
76,8,0.693393
76,9,0.694781
76,10,0.696305
76,11,0.69776
76,12,0.698967
76,13,0.699806
76,14,0.700239
76,15,0.700311
76,16,0.700126
76,17,0.699818
76,18,0.699499
76,19,0.699224
76,20,0.698963
76,21,0.698613
76,22,0.698027
76,23,0.697073
76,24,0.695693
76,25,0.693938
76,26,0.69197
76,27,0.690031
76,28,0.688382
76,29,0.687222
76,30,0.686647
76,31,0.686617
76,32,0.686968
76,33,0.687453
76,34,0.687802
76,35,0.687794
76,36,0.687307
76,37,0.686356
76,38,0.685089
76,39,0.683756
76,40,0.682652
76,41,0.682047
76,42,0.682138
76,43,0.683009
76,44,0.68462
76,45,0.686813
76,46,0.689334
76,47,0.691877
76,48,0.694124
76,49,0.695816
76,50,0.696808
76,51,0.69711
76,52,0.696885
76,53,0.696408
76,54,0.695996
76,55,0.69593
76,56,0.696397
76,57,0.697459
76,58,0.699057
76,59,0.701027
76,60,0.703132
76,61,0.705103
76,62,0.706681
76,63,0.70766
76,64,0.70793
76,65,0.707501
76,66,0.706494
76,67,0.705114
76,68,0.703594
76,69,0.702149
76,70,0.700943
76,71,0.700079
76,72,0.699605
76,73,0.699539
76,74,0.699867
76,75,0.700548
76,76,0.701505
76,77,0.702618
76,78,0.703734
76,79,0.704695
76,80,0.705379
76,81,0.705731
76,82,0.705795
76,83,0.705703
76,84,0.705657
76,85,0.705895
76,86,0.706645
76,87,0.708087
76,88,0.710329
76,89,0.713375
76,90,0.717101
76,91,0.721246
76,92,0.725426
76,93,0.729171
76,94,0.732006
76,95,0.733534
77,0,0.689409
77,1,0.689218
77,2,0.688904
77,3,0.688584
77,4,0.6884
77,5,0.688484
77,6,0.688931
77,7,0.689777
77,8,0.690994
77,9,0.692491
77,10,0.694133
77,11,0.695765
77,12,0.697243
77,13,0.698455
77,14,0.699345
77,15,0.699916
77,16,0.70022
77,17,0.700333
77,18,0.700321
77,19,0.700211
77,20,0.69997
77,21,0.699517
77,22,0.698746
77,23,0.69758
77,24,0.69601
77,25,0.694127
77,26,0.692115
77,27,0.690218
77,28,0.688674
77,29,0.687653
77,30,0.687213
77,31,0.687277
77,32,0.687654
77,33,0.688079
77,34,0.688277
77,35,0.688028
77,36,0.687228
77,37,0.685918
77,38,0.684281
77,39,0.682614
77,40,0.68126
77,41,0.680534
77,42,0.680657
77,43,0.681714
77,44,0.683638
77,45,0.686222
77,46,0.689159
77,47,0.692088
77,48,0.694661
77,49,0.69661
77,50,0.697798
77,51,0.698253
77,52,0.698149
77,53,0.697765
77,54,0.697414
77,55,0.69737
77,56,0.697815
77,57,0.698818
77,58,0.700332
77,59,0.702203
77,60,0.704197
77,61,0.706031
77,62,0.707434
77,63,0.708181
77,64,0.708159
77,65,0.70739
77,66,0.706023
77,67,0.704297
77,68,0.702482
77,69,0.700815
77,70,0.699471
77,71,0.698542
77,72,0.698058
77,73,0.69801
77,74,0.698365
77,75,0.699064
77,76,0.700024
77,77,0.701127
77,78,0.702228
77,79,0.703184
77,80,0.703883
77,81,0.704285
77,82,0.704441
77,83,0.704491
77,84,0.704631
77,85,0.705084
77,86,0.706045
77,87,0.707649
77,88,0.709955
77,89,0.712922
77,90,0.716409
77,91,0.72017
77,92,0.723877
77,93,0.727143
77,94,0.729588
77,95,0.730898
78,0,0.685136
78,1,0.685109
78,2,0.6851
78,3,0.685183
78,4,0.68544
78,5,0.68594
78,6,0.686728
78,7,0.687813
78,8,0.689174
78,9,0.690759
78,10,0.692494
78,11,0.694284
78,12,0.696031
78,13,0.697637
78,14,0.699027
78,15,0.700154
78,16,0.700998
78,17,0.701564
78,18,0.701858
78,19,0.701875
78,20,0.701581
78,21,0.700929
78,22,0.699872
78,23,0.6984
78,24,0.696573
78,25,0.694532
78,26,0.69248
78,27,0.690654
78,28,0.689259
78,29,0.688414
78,30,0.688122
78,31,0.688261
78,32,0.68861
78,33,0.688894
78,34,0.688848
78,35,0.688278
78,36,0.687112
78,37,0.685432
78,38,0.683464
78,39,0.681545
78,40,0.680053
78,41,0.679326
78,42,0.679588
78,43,0.680906
78,44,0.683177
78,45,0.68614
78,46,0.689438
78,47,0.692673
78,48,0.695484
78,49,0.69761
78,50,0.698936
78,51,0.699516
78,52,0.699533
78,53,0.699264
78,54,0.699003
78,55,0.699005
78,56,0.699438
78,57,0.700372
78,58,0.701767
78,59,0.703486
78,60,0.705306
78,61,0.706945
78,62,0.708126
78,63,0.708619
78,64,0.708308
78,65,0.707226
78,66,0.705541
78,67,0.703519
78,68,0.701456
78,69,0.69961
78,70,0.698161
78,71,0.697196
78,72,0.696726
78,73,0.696719
78,74,0.697117
78,75,0.697841
78,76,0.698797
78,77,0.69987
78,78,0.700925
78,79,0.701831
78,80,0.702493
78,81,0.702883
78,82,0.703061
78,83,0.703166
78,84,0.703389
78,85,0.703936
78,86,0.704973
78,87,0.706597
78,88,0.708823
78,89,0.711577
78,90,0.714704
78,91,0.717978
78,92,0.721129
78,93,0.723852
78,94,0.725866
78,95,0.726935
79,0,0.681618
79,1,0.681757
79,2,0.682057
79,3,0.682547
79,4,0.683248
79,5,0.684168
79,6,0.685292
79,7,0.686602
79,8,0.688077
79,9,0.689708
79,10,0.691482
79,11,0.693375
79,12,0.695342
79,13,0.697306
79,14,0.699175
79,15,0.700847
79,16,0.702226
79,17,0.703235
79,18,0.703812
79,19,0.703915
79,20,0.703514
79,21,0.702598
79,22,0.70119
79,23,0.699362
79,24,0.697249
79,25,0.695044
79,26,0.692972
79,27,0.691251
79,28,0.690041
79,29,0.689397
79,30,0.689254
79,31,0.68944
79,32,0.689703
79,33,0.689772
79,34,0.689411
79,35,0.688467
79,36,0.686927
79,37,0.684921
79,38,0.682718
79,39,0.680683
79,40,0.679208
79,41,0.678625
79,42,0.679138
79,43,0.68078
79,44,0.683398
79,45,0.686689
79,46,0.690257
79,47,0.693689
79,48,0.696632
79,49,0.69885
79,50,0.70026
79,51,0.700939
79,52,0.701078
79,53,0.700935
79,54,0.700775
79,55,0.700821
79,56,0.70122
79,57,0.702037
79,58,0.703246
79,59,0.704731
79,60,0.706292
79,61,0.707662
79,62,0.708572
79,63,0.708793
79,64,0.70821
79,65,0.706861
79,66,0.704924
79,67,0.70268
79,68,0.700441
79,69,0.698478
79,70,0.696975
79,71,0.696017
79,72,0.695602
79,73,0.695674
79,74,0.696149
79,75,0.696927
79,76,0.697899
79,77,0.698945
79,78,0.699937
79,79,0.700761
79,80,0.701335
79,81,0.701646
79,82,0.70176
79,83,0.701818
79,84,0.702003
79,85,0.702506
79,86,0.703472
79,87,0.704965
79,88,0.706968
79,89,0.709382
79,90,0.712046
79,91,0.714757
79,92,0.717298
79,93,0.719448
79,94,0.721011
79,95,0.721833
80,0,0.679147
80,1,0.679435
80,2,0.680012
80,3,0.680869
80,4,0.681973
80,5,0.683268
80,6,0.684687
80,7,0.686178
80,8,0.68772
80,9,0.689336
80,10,0.691078
80,11,0.69299
80,12,0.695083
80,13,0.697312
80,14,0.699571
80,15,0.701711
80,16,0.70356
80,17,0.704958
80,18,0.705776
80,19,0.705932
80,20,0.705396
80,21,0.704198
80,22,0.702432
80,23,0.700252
80,24,0.697869
80,25,0.695531
80,26,0.693476
80,27,0.6919
80,28,0.690906
80,29,0.690477
80,30,0.690477
80,31,0.69068
80,32,0.690814
80,33,0.690621
80,34,0.68991
80,35,0.688593
80,36,0.686722
80,37,0.684486
80,38,0.682189
80,39,0.680208
80,40,0.678921
80,41,0.678629
80,42,0.67949
80,43,0.681487
80,44,0.684421
80,45,0.687956
80,46,0.691681
80,47,0.695193
80,48,0.698164
80,49,0.700399
80,50,0.701851
80,51,0.702613
80,52,0.702871
80,53,0.702852
80,54,0.702781
80,55,0.702838
80,56,0.703147
80,57,0.70377
80,58,0.7047
80,59,0.705852
80,60,0.707059
80,61,0.708084
80,62,0.708676
80,63,0.708614
80,64,0.707788
80,65,0.706234
80,66,0.70413
80,67,0.701759
80,68,0.699435
80,69,0.697433
80,70,0.695944
80,71,0.695047
80,72,0.694732
80,73,0.694925
80,74,0.695519
80,75,0.696387
80,76,0.697402
80,77,0.698436
80,78,0.699365
80,79,0.700085
80,80,0.70053
80,81,0.700701
80,82,0.700672
80,83,0.700584
80,84,0.700619
80,85,0.700953
80,86,0.701714
80,87,0.702943
80,88,0.704601
80,89,0.706573
80,90,0.708696
80,91,0.710792
80,92,0.712697
80,93,0.714263
80,94,0.715376
80,95,0.715952
81,0,0.677845
81,1,0.678249
81,2,0.679042
81,3,0.680186
81,4,0.681604
81,5,0.68319
81,6,0.684831
81,7,0.68644
81,8,0.687992
81,9,0.689534
81,10,0.691167
81,11,0.692999
81,12,0.6951
81,13,0.697458
81,14,0.699966
81,15,0.702438
81,16,0.704641
81,17,0.706341
81,18,0.707343
81,19,0.707527
81,20,0.706862
81,21,0.705413
81,22,0.703336
81,23,0.700863
81,24,0.698275
81,25,0.695864
81,26,0.693881
81,27,0.692492
81,28,0.691741
81,29,0.691538
81,30,0.691677
81,31,0.691884
81,32,0.691874
81,33,0.691416
81,34,0.690375
81,35,0.688738
81,36,0.686631
81,37,0.684299
81,38,0.682073
81,39,0.680318
81,40,0.679377
81,41,0.679491
81,42,0.680757
81,43,0.683102
81,44,0.686288
81,45,0.689962
81,46,0.693725
81,47,0.697205
81,48,0.70012
81,49,0.702321
81,50,0.70379
81,51,0.704628
81,52,0.704999
81,53,0.705089
81,54,0.70507
81,55,0.705081
81,56,0.705224
81,57,0.705562
81,58,0.706113
81,59,0.706832
81,60,0.707596
81,61,0.708208
81,62,0.708443
81,63,0.708099
81,64,0.707067
81,65,0.70538
81,66,0.703204
81,67,0.700811
81,68,0.698505
81,69,0.696557
81,70,0.695153
81,71,0.694373
81,72,0.694201
81,73,0.694551
81,74,0.695294
81,75,0.696282
81,76,0.697366
81,77,0.698408
81,78,0.69928
81,79,0.699887
81,80,0.700179
81,81,0.700169
81,82,0.699941
81,83,0.699639
81,84,0.699442
81,85,0.699517
81,86,0.699977
81,87,0.700849
81,88,0.702074
81,89,0.703531
81,90,0.705062
81,91,0.706515
81,92,0.707774
81,93,0.708758
81,94,0.709429
81,95,0.709766
82,0,0.677673
82,1,0.678145
82,2,0.679068
82,3,0.680387
82,4,0.681999
82,5,0.683766
82,6,0.685537
82,7,0.687197
82,8,0.688708
82,9,0.690127
82,10,0.691588
82,11,0.693251
82,12,0.695234
82,13,0.697565
82,14,0.70015
82,15,0.702785
82,16,0.705192
82,17,0.70708
82,18,0.708203
82,19,0.708402
82,20,0.70764
82,21,0.706008
82,22,0.703712
82,23,0.701046
82,24,0.698347
82,25,0.695946
82,26,0.694097
82,27,0.692937
82,28,0.692455
82,29,0.692492
82,30,0.692778
82,31,0.693002
82,32,0.692875
82,33,0.692198
82,34,0.690901
82,35,0.689049
82,36,0.686839
82,37,0.684563
82,38,0.682563
82,39,0.681177
82,40,0.680689
82,41,0.681268
82,42,0.682939
82,43,0.685577
82,44,0.688917
82,45,0.692615
82,46,0.696304
82,47,0.699664
82,48,0.70247
82,49,0.704613
82,50,0.706098
82,51,0.707015
82,52,0.707492
82,53,0.707664
82,54,0.70765
82,55,0.707549
82,56,0.707446
82,57,0.707412
82,58,0.7075
82,59,0.707708
82,60,0.707965
82,61,0.708116
82,62,0.707974
82,63,0.707356
82,64,0.706161
82,65,0.704412
82,66,0.702258
82,67,0.699947
82,68,0.697763
82,69,0.695957
82,70,0.69471
82,71,0.694096
82,72,0.694098
82,73,0.694621
82,74,0.695527
82,75,0.696647
82,76,0.697814
82,77,0.698877
82,78,0.699706
82,79,0.700208
82,80,0.700345
82,81,0.700143
82,82,0.699696
82,83,0.699154
82,84,0.698692
82,85,0.698469
82,86,0.698584
82,87,0.699051
82,88,0.6998
82,89,0.700703
82,90,0.701614
82,91,0.702409
82,92,0.703021
82,93,0.703431
82,94,0.70367
82,95,0.703774
83,0,0.678454
83,1,0.678941
83,2,0.679896
83,3,0.681262
83,4,0.682934
83,5,0.684759
83,6,0.686567
83,7,0.688218
83,8,0.689655
83,9,0.690929
83,10,0.692184
83,11,0.693611
83,12,0.695369
83,13,0.697526
83,14,0.700012
83,15,0.702628
83,16,0.705076
83,17,0.707031
83,18,0.708205
83,19,0.708411
83,20,0.7076
83,21,0.705875
83,22,0.703473
83,23,0.700733
83,24,0.698034
83,25,0.69573
83,26,0.694078
83,27,0.693187
83,28,0.692998
83,29,0.693293
83,30,0.693753
83,31,0.694036
83,32,0.693857
83,33,0.693055
83,34,0.69162
83,35,0.68969
83,36,0.687523
83,37,0.685442
83,38,0.683787
83,39,0.682854
83,40,0.682856
83,41,0.683884
83,42,0.685896
83,43,0.688723
83,44,0.692096
83,45,0.6957
83,46,0.699221
83,47,0.702403
83,48,0.705077
83,49,0.707168
83,50,0.708686
83,51,0.709693
83,52,0.710273
83,53,0.7105
83,54,0.710445
83,55,0.710175
83,56,0.709766
83,57,0.709307
83,58,0.708884
83,59,0.708544
83,60,0.708265
83,61,0.70794
83,62,0.70742
83,63,0.706548
83,64,0.705229
83,65,0.703481
83,66,0.701428
83,67,0.699288
83,68,0.697311
83,69,0.695722
83,70,0.694685
83,71,0.694268
83,72,0.694454
83,73,0.695148
83,74,0.696205
83,75,0.697449
83,76,0.6987
83,77,0.699794
83,78,0.700597
83,79,0.701018
83,80,0.701027
83,81,0.700659
83,82,0.700018
83,83,0.699256
83,84,0.698547
83,85,0.698039
83,86,0.697818
83,87,0.697882
83,88,0.69815
83,89,0.698495
83,90,0.698781
83,91,0.698917
83,92,0.698884
83,93,0.698726
83,94,0.69854
83,95,0.698416
84,0,0.679936
84,1,0.680385
84,2,0.681275
84,3,0.682565
84,4,0.684166
84,5,0.685935
84,6,0.687696
84,7,0.689294
84,8,0.690645
84,9,0.691778
84,10,0.692826
84,11,0.693986
84,12,0.695445
84,13,0.697307
84,14,0.699541
84,15,0.70197
84,16,0.704305
84,17,0.706207
84,18,0.707366
84,19,0.707571
84,20,0.706759
84,21,0.705031
84,22,0.70264
84,23,0.699945
84,24,0.697352
84,25,0.695227
84,26,0.693827
84,27,0.693239
84,28,0.693367
84,29,0.693948
84,30,0.694625
84,31,0.695037
84,32,0.694904
84,33,0.694099
84,34,0.692667
84,35,0.690801
84,36,0.688805
84,37,0.687022
84,38,0.68577
84,39,0.685297
84,40,0.685745
84,41,0.68713
84,42,0.689358
84,43,0.692234
84,44,0.695506
84,45,0.698905
84,46,0.702185
84,47,0.705157
84,48,0.707701
84,49,0.709764
84,50,0.711343
84,51,0.712459
84,52,0.713139
84,53,0.713402
84,54,0.713277
84,55,0.712808
84,56,0.712072
84,57,0.711181
84,58,0.710257
84,59,0.709385
84,60,0.708592
84,61,0.707813
84,62,0.706938
84,63,0.705837
84,64,0.704429
84,65,0.702726
84,66,0.700827
84,67,0.698915
84,68,0.6972
84,69,0.695872
84,70,0.695072
84,71,0.694858
84,72,0.695215
84,73,0.696053
84,74,0.697232
84,75,0.698575
84,76,0.699897
84,77,0.70103
84,78,0.701832
84,79,0.702213
84,80,0.702146
84,81,0.701673
84,82,0.700902
84,83,0.699986
84,84,0.699095
84,85,0.698363
84,86,0.697859
84,87,0.697565
84,88,0.697388
84,89,0.697198
84,90,0.696875
84,91,0.696362
84,92,0.695691
84,93,0.694972
84,94,0.694365
84,95,0.694015
85,0,0.681865
85,1,0.682233
85,2,0.682975
85,3,0.684084
85,4,0.685503
85,5,0.687118
85,6,0.688765
85,7,0.690279
85,8,0.691549
85,9,0.692566
85,10,0.693431
85,11,0.694328
85,12,0.695453
85,13,0.696943
85,14,0.69881
85,15,0.70092
85,16,0.703011
85,17,0.704755
85,18,0.705838
85,19,0.706033
85,20,0.705259
85,21,0.703607
85,22,0.701326
85,23,0.698781
85,24,0.696383
85,25,0.694507
85,26,0.693403
85,27,0.693145
85,28,0.693611
85,29,0.694509
85,30,0.695455
85,31,0.696076
85,32,0.696098
85,33,0.69542
85,34,0.694125
85,35,0.692446
85,36,0.690714
85,37,0.689271
85,38,0.68841
85,39,0.688328
85,40,0.689103
85,41,0.690695
85,42,0.69297
85,43,0.695736
85,44,0.69877
85,45,0.701868
85,46,0.704853
85,47,0.707601
85,48,0.710031
85,49,0.712095
85,50,0.71376
85,51,0.714998
85,52,0.715776
85,53,0.716067
85,54,0.715865
85,55,0.715207
85,56,0.714177
85,57,0.71291
85,58,0.711554
85,59,0.710229
85,60,0.708993
85,61,0.70782
85,62,0.706634
85,63,0.705336
85,64,0.703863
85,65,0.702224
85,66,0.700499
85,67,0.698834
85,68,0.697395
85,69,0.696334
85,70,0.695763
85,71,0.69573
85,72,0.696221
85,73,0.697158
85,74,0.698413
85,75,0.699819
85,76,0.701195
85,77,0.70237
85,78,0.703202
85,79,0.703596
85,80,0.703524
85,81,0.70303
85,82,0.702222
85,83,0.701249
85,84,0.700272
85,85,0.69941
85,86,0.698711
85,87,0.698138
85,88,0.697582
85,89,0.69691
85,90,0.696018
85,91,0.694882
85,92,0.693592
85,93,0.692321
85,94,0.691298
85,95,0.690725
86,0,0.684036
86,1,0.684289
86,2,0.684826
86,3,0.685674
86,4,0.686828
86,5,0.688212
86,6,0.689691
86,7,0.691097
86,8,0.692294
86,9,0.693226
86,10,0.693948
86,11,0.694611
86,12,0.695406
86,13,0.696493
86,14,0.697929
86,15,0.699633
86,16,0.701387
86,17,0.702894
86,18,0.703849
86,19,0.70402
86,20,0.703311
86,21,0.701793
86,22,0.6997
86,23,0.697388
86,24,0.695259
86,25,0.693684
86,26,0.69291
86,27,0.693
86,28,0.69382
86,29,0.695061
86,30,0.696324
86,31,0.697228
86,32,0.697506
86,33,0.697069
86,34,0.696021
86,35,0.694616
86,36,0.693187
86,37,0.692068
86,38,0.691522
86,39,0.691699
86,40,0.692632
86,41,0.69424
86,42,0.696381
86,43,0.698876
86,44,0.701552
86,45,0.704268
86,46,0.706919
86,47,0.709435
86,48,0.711759
86,49,0.713835
86,50,0.715593
86,51,0.716949
86,52,0.717819
86,53,0.718137
86,54,0.717879
86,55,0.717081
86,56,0.715841
86,57,0.71431
86,58,0.712653
86,59,0.711005
86,60,0.709444
86,61,0.70797
86,62,0.706538
86,63,0.70508
86,64,0.703555
86,65,0.701976
86,66,0.700411
86,67,0.698972
86,68,0.697783
86,69,0.696956
86,70,0.696574
86,71,0.696673
86,72,0.697244
86,73,0.698222
86,74,0.699499
86,75,0.700923
86,76,0.702328
86,77,0.703546
86,78,0.704432
86,79,0.704892
86,80,0.70489
86,81,0.704466
86,82,0.703723
86,83,0.702802
86,84,0.701851
86,85,0.700972
86,86,0.700189
86,87,0.699442
86,88,0.698603
86,89,0.697534
86,90,0.696141
86,91,0.694438
86,92,0.692567
86,93,0.690771
86,94,0.68935
86,95,0.688561
87,0,0.686305
87,1,0.686427
87,2,0.686723
87,3,0.687264
87,4,0.688094
87,5,0.689192
87,6,0.690457
87,7,0.691729
87,8,0.692851
87,9,0.693723
87,10,0.694342
87,11,0.694818
87,12,0.695318
87,13,0.696018
87,14,0.697013
87,15,0.698276
87,16,0.699644
87,17,0.700863
87,18,0.70165
87,19,0.701779
87,20,0.701145
87,21,0.699797
87,22,0.697948
87,23,0.695927
87,24,0.694122
87,25,0.692888
87,26,0.692464
87,27,0.69291
87,28,0.694087
87,29,0.695682
87,30,0.697294
87,31,0.69854
87,32,0.69915
87,33,0.699041
87,34,0.698316
87,35,0.697227
87,36,0.696096
87,37,0.695237
87,38,0.694882
87,39,0.695151
87,40,0.696047
87,41,0.69748
87,42,0.699314
87,43,0.701402
87,44,0.703622
87,45,0.705898
87,46,0.708184
87,47,0.710451
87,48,0.712657
87,49,0.714726
87,50,0.71655
87,51,0.717995
87,52,0.718938
87,53,0.719285
87,54,0.719008
87,55,0.718151
87,56,0.716824
87,57,0.715185
87,58,0.7134
87,59,0.711601
87,60,0.709867
87,61,0.70821
87,62,0.706609
87,63,0.705027
87,64,0.703453
87,65,0.701911
87,66,0.700464
87,67,0.699197
87,68,0.698199
87,69,0.697543
87,70,0.697286
87,71,0.697451
87,72,0.698033
87,73,0.698986
87,74,0.700223
87,75,0.701616
87,76,0.703014
87,77,0.704262
87,78,0.705215
87,79,0.705776
87,80,0.705903
87,81,0.705626
87,82,0.705039
87,83,0.704271
87,84,0.703456
87,85,0.702675
87,86,0.70193
87,87,0.701134
87,88,0.700135
87,89,0.698786
87,90,0.696999
87,91,0.694819
87,92,0.692441
87,93,0.690175
87,94,0.68839
87,95,0.687404
88,0,0.688586
88,1,0.688572
88,2,0.688614
88,3,0.688825
88,4,0.689299
88,5,0.690068
88,6,0.691075
88,7,0.692178
88,8,0.693211
88,9,0.694031
88,10,0.694585
88,11,0.694928
88,12,0.695197
88,13,0.695567
88,14,0.696159
88,15,0.696997
88,16,0.697972
88,17,0.698879
88,18,0.699472
88,19,0.699539
88,20,0.698973
88,21,0.69781
88,22,0.696234
88,23,0.694544
88,24,0.693098
88,25,0.692229
88,26,0.692164
88,27,0.692959
88,28,0.69448
88,29,0.696422
88,30,0.698391
88,31,0.700005
88,32,0.700995
88,33,0.701265
88,34,0.700904
88,35,0.70014
88,36,0.699271
88,37,0.69858
88,38,0.698276
88,39,0.698464
88,40,0.699142
88,41,0.700232
88,42,0.701621
88,43,0.703204
88,44,0.704907
88,45,0.706706
88,46,0.708601
88,47,0.710589
88,48,0.712633
88,49,0.71464
88,50,0.716466
88,51,0.717943
88,52,0.718919
88,53,0.719294
88,54,0.719043
88,55,0.718223
88,56,0.71695
88,57,0.71538
88,58,0.71366
88,59,0.711897
88,60,0.710154
88,61,0.70844
88,62,0.706751
88,63,0.705081
88,64,0.703451
88,65,0.701909
88,66,0.700521
88,67,0.699356
88,68,0.698474
88,69,0.697913
88,70,0.697706
88,71,0.697863
88,72,0.698385
88,73,0.699243
88,74,0.700374
88,75,0.701676
88,76,0.703019
88,77,0.704261
88,78,0.705266
88,79,0.705932
88,80,0.706212
88,81,0.706127
88,82,0.705757
88,83,0.705221
88,84,0.704635
88,85,0.704062
88,86,0.703478
88,87,0.702768
88,88,0.701756
88,89,0.700274
88,90,0.698238
88,91,0.695715
88,92,0.692944
88,93,0.690299
88,94,0.688213
88,95,0.68706
89,0,0.690817
89,1,0.69067
89,2,0.690464
89,3,0.690342
89,4,0.690444
89,5,0.690854
89,6,0.691561
89,7,0.692453
89,8,0.693366
89,9,0.694131
89,10,0.694646
89,11,0.694915
89,12,0.695035
89,13,0.695163
89,14,0.695434
89,15,0.695904
89,16,0.696516
89,17,0.697113
89,18,0.697494
89,19,0.697475
89,20,0.69696
89,21,0.695973
89,22,0.694677
89,23,0.693335
89,24,0.692265
89,25,0.69177
89,26,0.692057
89,27,0.693179
89,28,0.695013
89,29,0.697271
89,30,0.699576
89,31,0.701557
89,32,0.70294
89,33,0.703612
89,34,0.70363
89,35,0.703181
89,36,0.702522
89,37,0.701906
89,38,0.701525
89,39,0.701484
89,40,0.701801
89,41,0.702425
89,42,0.703284
89,43,0.704312
89,44,0.705476
89,45,0.706787
89,46,0.70827
89,47,0.70994
89,48,0.711758
89,49,0.713618
89,50,0.715354
89,51,0.71678
89,52,0.717736
89,53,0.718126
89,54,0.71794
89,55,0.717246
89,56,0.716163
89,57,0.714828
89,58,0.713353
89,59,0.711803
89,60,0.710206
89,61,0.708555
89,62,0.706854
89,63,0.705127
89,64,0.703433
89,65,0.701849
89,66,0.700459
89,67,0.699323
89,68,0.69848
89,69,0.69794
89,70,0.69771
89,71,0.697792
89,72,0.698187
89,73,0.698884
89,74,0.699842
89,75,0.700986
89,76,0.70221
89,77,0.703388
89,78,0.704395
89,79,0.705133
89,80,0.70555
89,81,0.705659
89,82,0.70553
89,83,0.70527
89,84,0.704981
89,85,0.704706
89,86,0.704396
89,87,0.703908
89,88,0.703035
89,89,0.70159
89,90,0.699478
89,91,0.69678
89,92,0.693769
89,93,0.69087
89,94,0.688573
89,95,0.687301
90,0,0.692937
90,1,0.692668
90,2,0.692229
90,3,0.691786
90,4,0.691515
90,5,0.691546
90,6,0.691918
90,7,0.692556
90,8,0.693313
90,9,0.694009
90,10,0.694508
90,11,0.694764
90,12,0.694827
90,13,0.694822
90,14,0.694877
90,15,0.695066
90,16,0.69537
90,17,0.69568
90,18,0.695841
90,19,0.695711
90,20,0.695215
90,21,0.69438
90,22,0.693348
90,23,0.692346
90,24,0.691649
90,25,0.691517
90,26,0.692133
90,27,0.693544
90,28,0.695641
90,29,0.698164
90,30,0.700763
90,31,0.703082
90,32,0.704848
90,33,0.70592
90,34,0.706312
90,35,0.706158
90,36,0.705665
90,37,0.70505
90,38,0.704498
90,39,0.704128
90,40,0.703994
90,41,0.704092
90,42,0.704393
90,43,0.704867
90,44,0.705507
90,45,0.706342
90,46,0.707407
90,47,0.70872
90,48,0.710241
90,49,0.711859
90,50,0.713403
90,51,0.714688
90,52,0.71556
90,53,0.715943
90,54,0.715844
90,55,0.715344
90,56,0.714556
90,57,0.713588
90,58,0.712501
90,59,0.711305
90,60,0.709978
90,61,0.708486
90,62,0.706835
90,63,0.705076
90,64,0.703308
90,65,0.701647
90,66,0.700201
90,67,0.699033
90,68,0.698167
90,69,0.697589
90,70,0.697282
90,71,0.697235
90,72,0.69745
90,73,0.697927
90,74,0.69865
90,75,0.699566
90,76,0.700597
90,77,0.701635
90,78,0.70257
90,79,0.703313
90,80,0.703813
90,81,0.704081
90,82,0.704179
90,83,0.704206
90,84,0.704249
90,85,0.704335
90,86,0.704391
90,87,0.704244
90,88,0.703657
90,89,0.702415
90,90,0.700409
90,91,0.69772
90,92,0.694642
90,93,0.691638
90,94,0.689237
90,95,0.687902
91,0,0.694867
91,1,0.694492
91,2,0.693844
91,3,0.693104
91,4,0.692475
91,5,0.692127
91,6,0.692145
91,7,0.6925
91,8,0.693073
91,9,0.693691
91,10,0.694192
91,11,0.69449
91,12,0.694583
91,13,0.694553
91,14,0.694503
91,15,0.694508
91,16,0.694571
91,17,0.694627
91,18,0.694569
91,19,0.694305
91,20,0.693792
91,21,0.693071
91,22,0.69227
91,23,0.69158
91,24,0.691227
91,25,0.691429
91,26,0.692333
91,27,0.693983
91,28,0.696283
91,29,0.699007
91,30,0.701842
91,31,0.704454
91,32,0.706569
91,33,0.70802
91,34,0.708768
91,35,0.708886
91,36,0.708525
91,37,0.707869
91,38,0.707097
91,39,0.706355
91,40,0.705744
91,41,0.705314
91,42,0.705083
91,43,0.705049
91,44,0.705217
91,45,0.705615
91,46,0.706274
91,47,0.707207
91,48,0.708376
91,49,0.709673
91,50,0.710939
91,51,0.712002
91,52,0.712734
91,53,0.71308
91,54,0.713075
91,55,0.712804
91,56,0.71237
91,57,0.711844
91,58,0.71123
91,59,0.710472
91,60,0.709492
91,61,0.708221
91,62,0.706661
91,63,0.704887
91,64,0.703039
91,65,0.701276
91,66,0.699738
91,67,0.698497
91,68,0.697567
91,69,0.696915
91,70,0.696499
91,71,0.696291
91,72,0.696292
91,73,0.696512
91,74,0.696951
91,75,0.697583
91,76,0.698352
91,77,0.699174
91,78,0.699957
91,79,0.700625
91,80,0.701135
91,81,0.701501
91,82,0.701784
91,83,0.702077
91,84,0.702456
91,85,0.702932
91,86,0.70341
91,87,0.703688
91,88,0.703499
91,89,0.702599
91,90,0.700857
91,91,0.698346
91,92,0.695367
91,93,0.6924
91,94,0.690003
91,95,0.688663
92,0,0.696529
92,1,0.696064
92,2,0.695238
92,3,0.694237
92,4,0.693282
92,5,0.692577
92,6,0.692248
92,7,0.692315
92,8,0.692696
92,9,0.693231
92,10,0.693751
92,11,0.694133
92,12,0.694324
92,13,0.694358
92,14,0.6943
92,15,0.694209
92,16,0.694102
92,17,0.693945
92,18,0.693681
92,19,0.693269
92,20,0.692708
92,21,0.692056
92,22,0.691438
92,23,0.691011
92,24,0.690956
92,25,0.69144
92,26,0.692581
92,27,0.69441
92,28,0.696852
92,29,0.699714
92,30,0.702722
92,31,0.705569
92,32,0.707986
92,33,0.709774
92,34,0.710846
92,35,0.711209
92,36,0.71096
92,37,0.710247
92,38,0.709249
92,39,0.708146
92,40,0.70709
92,41,0.706186
92,42,0.705493
92,43,0.705031
92,44,0.704804
92,45,0.704827
92,46,0.705117
92,47,0.705679
92,48,0.706476
92,49,0.707413
92,50,0.708352
92,51,0.709147
92,52,0.709701
92,53,0.709988
92,54,0.710062
92,55,0.710019
92,56,0.709945
92,57,0.709873
92,58,0.709747
92,59,0.709448
92,60,0.708838
92,61,0.70781
92,62,0.706359
92,63,0.70458
92,64,0.702653
92,65,0.70078
92,66,0.699134
92,67,0.697802
92,68,0.696793
92,69,0.696052
92,70,0.695517
92,71,0.695142
92,72,0.694921
92,73,0.694871
92,74,0.695007
92,75,0.695325
92,76,0.695791
92,77,0.696344
92,78,0.696912
92,79,0.697438
92,80,0.697891
92,81,0.698291
92,82,0.698705
92,83,0.699223
92,84,0.699912
92,85,0.70077
92,86,0.701679
92,87,0.702414
92,88,0.702678
92,89,0.7022
92,90,0.700824
92,91,0.69861
92,92,0.695851
92,93,0.693034
92,94,0.690727
92,95,0.689427
93,0,0.697845
93,1,0.69731
93,2,0.696342
93,3,0.695128
93,4,0.693903
93,5,0.692891
93,6,0.692257
93,7,0.692065
93,8,0.69227
93,9,0.692732
93,10,0.69328
93,11,0.693763
93,12,0.694087
93,13,0.694234
93,14,0.694229
93,15,0.694108
93,16,0.693891
93,17,0.693568
93,18,0.693126
93,19,0.692571
93,20,0.691943
93,21,0.691324
93,22,0.690836
93,23,0.690611
93,24,0.690788
93,25,0.691492
93,26,0.692808
93,27,0.694761
93,28,0.697288
93,29,0.700233
93,30,0.703356
93,31,0.706378
93,32,0.709034
93,33,0.711101
93,34,0.712444
93,35,0.713015
93,36,0.712858
93,37,0.712093
93,38,0.710903
93,39,0.709495
93,40,0.708071
93,41,0.706785
93,42,0.70573
93,43,0.704939
93,44,0.704409
93,45,0.704139
93,46,0.704124
93,47,0.70436
93,48,0.704816
93,49,0.70541
93,50,0.706028
93,51,0.706557
93,52,0.706927
93,53,0.707143
93,54,0.707278
93,55,0.70743
93,56,0.707673
93,57,0.708002
93,58,0.708313
93,59,0.708426
93,60,0.708151
93,61,0.707348
93,62,0.706001
93,63,0.704223
93,64,0.702226
93,65,0.700251
93,66,0.698505
93,67,0.697085
93,68,0.695999
93,69,0.695177
93,70,0.694534
93,71,0.694009
93,72,0.693587
93,73,0.693289
93,74,0.693141
93,75,0.693157
93,76,0.693323
93,77,0.6936
93,78,0.693934
93,79,0.694285
93,80,0.69464
93,81,0.695026
93,82,0.69552
93,83,0.696209
93,84,0.697156
93,85,0.698345
93,86,0.699644
93,87,0.700803
93,88,0.701503
93,89,0.701449
93,90,0.700462
93,91,0.698585
93,92,0.696099
93,93,0.693486
93,94,0.691313
93,95,0.690079
94,0,0.698753
94,1,0.698169
94,2,0.697102
94,3,0.695739
94,4,0.694318
94,5,0.69308
94,6,0.69222
94,7,0.691831
94,8,0.691901
94,9,0.692309
94,10,0.692884
94,11,0.69346
94,12,0.693906
94,13,0.694167
94,14,0.694232
94,15,0.694116
94,16,0.693836
94,17,0.6934
94,18,0.692825
94,19,0.692154
94,20,0.691464
94,21,0.690853
94,22,0.690446
94,23,0.690355
94,24,0.690689
94,25,0.691542
94,26,0.692973
94,27,0.694999
94,28,0.697572
94,29,0.700558
94,30,0.703749
94,31,0.706886
94,32,0.709708
94,33,0.711975
94,34,0.713516
94,35,0.71424
94,36,0.714152
94,37,0.713352
94,38,0.712022
94,39,0.710397
94,40,0.708714
94,41,0.707161
94,42,0.70586
94,43,0.704849
94,44,0.704118
94,45,0.703646
94,46,0.703413
94,47,0.703408
94,48,0.703601
94,49,0.703925
94,50,0.704289
94,51,0.704603
94,52,0.704823
94,53,0.704976
94,54,0.705149
94,55,0.705442
94,56,0.705918
94,57,0.706546
94,58,0.707182
94,59,0.707604
94,60,0.707583
94,61,0.70695
94,62,0.705685
94,63,0.703908
94,64,0.70186
94,65,0.699807
94,66,0.697982
94,67,0.696495
94,68,0.695352
94,69,0.694469
94,70,0.693745
94,71,0.693107
94,72,0.692532
94,73,0.692042
94,74,0.691673
94,75,0.69145
94,76,0.691375
94,77,0.691424
94,78,0.691558
94,79,0.691754
94,80,0.692009
94,81,0.692363
94,82,0.692896
94,83,0.693699
94,84,0.694831
94,85,0.696266
94,86,0.697859
94,87,0.699347
94,88,0.70039
94,89,0.700678
94,90,0.700015
94,91,0.698427
94,92,0.696185
94,93,0.69376
94,94,0.691715
94,95,0.690546
95,0,0.699216
95,1,0.698608
95,2,0.69749
95,3,0.696049
95,4,0.694524
95,5,0.693167
95,6,0.692185
95,7,0.69169
95,8,0.691687
95,9,0.692066
95,10,0.692659
95,11,0.693288
95,12,0.693808
95,13,0.694139
95,14,0.694251
95,15,0.694147
95,16,0.693839
95,17,0.693346
95,18,0.692699
95,19,0.691964
95,20,0.691236
95,21,0.690624
95,22,0.690255
95,23,0.690231
95,24,0.690644
95,25,0.691571
95,26,0.693058
95,27,0.695118
95,28,0.697708
95,29,0.70071
95,30,0.703932
95,31,0.707126
95,32,0.710033
95,33,0.712404
95,34,0.71405
95,35,0.714855
95,36,0.714805
95,37,0.713988
95,38,0.712587
95,39,0.710849
95,40,0.709032
95,41,0.707344
95,42,0.70592
95,43,0.704799
95,44,0.703967
95,45,0.703393
95,46,0.703047
95,47,0.702913
95,48,0.702965
95,49,0.70314
95,50,0.703363
95,51,0.703557
95,52,0.703693
95,53,0.703808
95,54,0.703998
95,55,0.704364
95,56,0.704963
95,57,0.70575
95,58,0.706559
95,59,0.707147
95,60,0.707261
95,61,0.706721
95,62,0.7055
95,63,0.703724
95,64,0.701648
95,65,0.699553
95,66,0.697686
95,67,0.696162
95,68,0.694988
95,69,0.694073
95,70,0.693306
95,71,0.692607
95,72,0.69195
95,73,0.691356
95,74,0.690865
95,75,0.69051
95,76,0.690301
95,77,0.69022
95,78,0.69024
95,79,0.690344
95,80,0.690538
95,81,0.690867
95,82,0.691416
95,83,0.692275
95,84,0.693503
95,85,0.695069
95,86,0.696821
95,87,0.698486
95,88,0.699719
95,89,0.700198
95,90,0.699718
95,91,0.698297
95,92,0.696197
95,93,0.693886
95,94,0.691918
95,95,0.690788
