fy,fx,density
0,0,0.68034
0,1,0.680723
0,2,0.681462
0,3,0.682513
0,4,0.683817
0,5,0.685304
0,6,0.686896
0,7,0.688489
0,8,0.689968
0,9,0.691216
0,10,0.692156
0,11,0.692769
0,12,0.693119
0,13,0.693336
0,14,0.69359
0,15,0.694039
0,16,0.694794
0,17,0.695882
0,18,0.697252
0,19,0.69879
0,20,0.700356
0,21,0.701808
0,22,0.703026
0,23,0.703916
0,24,0.7044
0,25,0.704407
0,26,0.703862
0,27,0.702707
0,28,0.700919
0,29,0.698556
0,30,0.695768
0,31,0.692819
0,32,0.690032
0,33,0.687726
0,34,0.686145
0,35,0.685397
0,36,0.685448
0,37,0.686154
0,38,0.687338
0,39,0.688853
0,40,0.69064
0,41,0.69272
0,42,0.69514
0,43,0.697899
0,44,0.70089
0,45,0.703862
0,46,0.706459
0,47,0.708318
0,48,0.709172
0,49,0.708957
0,50,0.707856
0,51,0.706254
0,52,0.70464
0,53,0.703461
0,54,0.703007
0,55,0.703351
0,56,0.704354
0,57,0.705744
0,58,0.707187
0,59,0.708365
0,60,0.709011
0,61,0.708941
0,62,0.708063
0,63,0.706395
0,64,0.704078
0,65,0.701382
0,66,0.698658
0,67,0.696279
0,68,0.694558
0,69,0.693667
0,70,0.693594
0,71,0.694161
0,72,0.695081
0,73,0.69604
0,74,0.696783
0,75,0.697171
0,76,0.69718
0,77,0.696879
0,78,0.696385
0,79,0.695827
0,80,0.695328
0,81,0.695009
0,82,0.694982
0,83,0.695351
0,84,0.696188
0,85,0.697507
0,86,0.699261
0,87,0.701346
0,88,0.70363
0,89,0.705974
0,90,0.708253
0,91,0.710358
0,92,0.712195
0,93,0.71368
0,94,0.714727
0,95,0.715269
1,0,0.681194
1,1,0.681584
1,2,0.68234
1,3,0.683413
1,4,0.68474
1,5,0.686245
1,6,0.687836
1,7,0.689401
1,8,0.690815
1,9,0.69196
1,10,0.692762
1,11,0.693214
1,12,0.693394
1,13,0.693451
1,14,0.693568
1,15,0.693916
1,16,0.694612
1,17,0.695681
1,18,0.697071
1,19,0.698657
1,20,0.700288
1,21,0.701809
1,22,0.703088
1,23,0.70402
1,24,0.70452
1,25,0.704513
1,26,0.703927
1,27,0.702713
1,28,0.700857
1,29,0.698428
1,30,0.695584
1,31,0.692591
1,32,0.689766
1,33,0.687425
1,34,0.685807
1,35,0.685016
1,36,0.685022
1,37,0.685685
1,38,0.686831
1,39,0.688315
1,40,0.690076
1,41,0.692129
1,42,0.694515
1,43,0.697229
1,44,0.700165
1,45,0.703081
1,46,0.705634
1,47,0.707476
1,48,0.708355
1,49,0.708213
1,50,0.707232
1,51,0.705788
1,52,0.704354
1,53,0.703358
1,54,0.703075
1,55,0.703564
1,56,0.704682
1,57,0.706154
1,58,0.70765
1,59,0.708853
1,60,0.709502
1,61,0.70942
1,62,0.708517
1,63,0.706816
1,64,0.704461
1,65,0.701723
1,66,0.698951
1,67,0.696517
1,68,0.694732
1,69,0.693767
1,70,0.693613
1,71,0.694096
1,72,0.694933
1,73,0.695815
1,74,0.696493
1,75,0.696838
1,76,0.696835
1,77,0.696566
1,78,0.696157
1,79,0.695737
1,80,0.695424
1,81,0.695319
1,82,0.695511
1,83,0.696073
1,84,0.697053
1,85,0.69845
1,86,0.70021
1,87,0.70224
1,88,0.70442
1,89,0.706628
1,90,0.708757
1,91,0.710714
1,92,0.712417
1,93,0.71379
1,94,0.714758
1,95,0.715258
2,0,0.682654
2,1,0.683065
2,2,0.683859
2,3,0.684986
2,4,0.686373
2,5,0.687925
2,6,0.689531
2,7,0.691055
2,8,0.692356
2,9,0.693312
2,10,0.693858
2,11,0.694007
2,12,0.693867
2,13,0.69362
2,14,0.693478
2,15,0.693637
2,16,0.694224
2,17,0.695268
2,18,0.696704
2,19,0.698391
2,20,0.700155
2,21,0.701817
2,22,0.703218
2,23,0.704234
2,24,0.704767
2,25,0.704735
2,26,0.704075
2,27,0.70275
2,28,0.700769
2,29,0.698219
2,30,0.695272
2,31,0.692195
2,32,0.6893
2,33,0.68689
2,34,0.685196
2,35,0.68432
2,36,0.684237
2,37,0.684818
2,38,0.685897
2,39,0.687331
2,40,0.689054
2,41,0.691067
2,42,0.693398
2,43,0.696032
2,44,0.698868
2,45,0.701676
2,46,0.704141
2,47,0.705943
2,48,0.706859
2,49,0.706846
2,50,0.706083
2,51,0.704929
2,52,0.703825
2,53,0.703167
2,54,0.703198
2,55,0.703955
2,56,0.705283
2,57,0.706906
2,58,0.708494
2,59,0.70974
2,60,0.71039
2,61,0.710276
2,62,0.709321
2,63,0.707556
2,64,0.705131
2,65,0.70232
2,66,0.699469
2,67,0.696945
2,68,0.695058
2,69,0.693975
2,70,0.693691
2,71,0.694036
2,72,0.694734
2,73,0.695485
2,74,0.696053
2,75,0.696322
2,76,0.696299
2,77,0.696084
2,78,0.69582
2,79,0.695643
2,80,0.695658
2,81,0.695934
2,82,0.696514
2,83,0.697421
2,84,0.698654
2,85,0.700185
2,86,0.701953
2,87,0.703873
2,88,0.705854
2,89,0.707804
2,90,0.709646
2,91,0.711315
2,92,0.712754
2,93,0.713906
2,94,0.714715
2,95,0.715132
3,0,0.684317
3,1,0.684766
3,2,0.685632
3,3,0.686858
3,4,0.688356
3,5,0.690004
3,6,0.69166
3,7,0.693155
3,8,0.694325
3,9,0.695041
3,10,0.695248
3,11,0.69499
3,12,0.694415
3,13,0.693753
3,14,0.69326
3,15,0.693165
3,16,0.693614
3,17,0.694637
3,18,0.696156
3,19,0.698003
3,20,0.69997
3,21,0.70184
3,22,0.703422
3,23,0.704562
3,24,0.705144
3,25,0.705083
3,26,0.704325
3,27,0.702855
3,28,0.700712
3,29,0.698006
3,30,0.694926
3,31,0.691739
3,32,0.688747
3,33,0.686238
3,34,0.684432
3,35,0.683431
3,36,0.683221
3,37,0.68369
3,38,0.684686
3,39,0.68607
3,40,0.687764
3,41,0.689748
3,42,0.692026
3,43,0.694569
3,44,0.697273
3,45,0.69993
3,46,0.702263
3,47,0.703995
3,48,0.704942
3,49,0.705085
3,50,0.7046
3,51,0.703822
3,52,0.70315
3,53,0.702933
3,54,0.703372
3,55,0.704475
3,56,0.706073
3,57,0.707884
3,58,0.709583
3,59,0.710871
3,60,0.711504
3,61,0.711331
3,62,0.71029
3,63,0.70843
3,64,0.705912
3,65,0.703014
3,66,0.700081
3,67,0.697473
3,68,0.695491
3,69,0.694297
3,70,0.693885
3,71,0.69409
3,72,0.694644
3,73,0.695254
3,74,0.695698
3,75,0.69588
3,76,0.695829
3,77,0.695673
3,78,0.695578
3,79,0.69569
3,80,0.6961
3,81,0.69684
3,82,0.697897
3,83,0.699226
3,84,0.70077
3,85,0.702461
3,86,0.704225
3,87,0.70599
3,88,0.707696
3,89,0.709288
3,90,0.710729
3,91,0.71199
3,92,0.713046
3,93,0.713874
3,94,0.714447
3,95,0.714739
4,0,0.685762
4,1,0.686265
4,2,0.687238
4,3,0.688611
4,4,0.690275
4,5,0.692078
4,6,0.693835
4,7,0.695338
4,8,0.696394
4,9,0.696862
4,10,0.696699
4,11,0.695984
4,12,0.694915
4,13,0.693777
4,14,0.692882
4,15,0.692502
4,16,0.692804
4,17,0.693824
4,18,0.695466
4,19,0.697528
4,20,0.69976
4,21,0.701898
4,22,0.703709
4,23,0.705006
4,24,0.705653
4,25,0.705563
4,26,0.704699
4,27,0.703072
4,28,0.700755
4,29,0.697885
4,30,0.694665
4,31,0.691362
4,32,0.688261
4,33,0.685632
4,34,0.683684
4,35,0.682525
4,36,0.682157
4,37,0.682495
4,38,0.683406
4,39,0.684755
4,40,0.686449
4,41,0.688436
4,42,0.690685
4,43,0.693144
4,44,0.695703
4,45,0.698179
4,46,0.700339
4,47,0.701963
4,48,0.702917
4,49,0.703211
4,50,0.703021
4,51,0.702653
4,52,0.702457
4,53,0.702724
4,54,0.703609
4,55,0.705084
4,56,0.706964
4,57,0.708962
4,58,0.710759
4,59,0.712062
4,60,0.712644
4,61,0.712371
4,62,0.711207
4,63,0.709224
4,64,0.706602
4,65,0.703628
4,66,0.700644
4,67,0.698001
4,68,0.695983
4,69,0.694743
4,70,0.694268
4,71,0.694391
4,72,0.694848
4,73,0.695355
4,74,0.6957
4,75,0.695803
4,76,0.695719
4,77,0.695605
4,78,0.695656
4,79,0.696031
4,80,0.696815
4,81,0.698006
4,82,0.699534
4,83,0.701287
4,84,0.703141
4,85,0.704985
4,86,0.706728
4,87,0.708308
4,88,0.709691
4,89,0.71086
4,90,0.711817
4,91,0.712574
4,92,0.71315
4,93,0.713561
4,94,0.713826
4,95,0.713954
5,0,0.686686
5,1,0.687256
5,2,0.688358
5,3,0.68991
5,4,0.691783
5,5,0.693789
5,6,0.695699
5,7,0.697264
5,8,0.698253
5,9,0.698514
5,10,0.698011
5,11,0.696857
5,12,0.695302
5,13,0.693691
5,14,0.692394
5,15,0.691732
5,16,0.691899
5,17,0.692937
5,18,0.694732
5,19,0.697046
5,20,0.699582
5,21,0.702023
5,22,0.70409
5,23,0.70556
5,24,0.70628
5,25,0.706167
5,26,0.705201
5,27,0.703428
5,28,0.700953
5,29,0.697941
5,30,0.694604
5,31,0.691201
5,32,0.687998
5,33,0.685244
5,34,0.683139
5,35,0.6818
5,36,0.681256
5,37,0.681455
5,38,0.682289
5,39,0.683629
5,40,0.68536
5,41,0.687392
5,42,0.689648
5,43,0.692042
5,44,0.694457
5,45,0.696733
5,46,0.698688
5,47,0.700166
5,48,0.701091
5,49,0.701508
5,50,0.701597
5,51,0.701628
5,52,0.701897
5,53,0.702636
5,54,0.703947
5,55,0.705768
5,56,0.707895
5,57,0.71004
5,58,0.711885
5,59,0.713151
5,60,0.713627
5,61,0.713203
5,62,0.711874
5,63,0.709746
5,64,0.707023
5,65,0.704005
5,66,0.701033
5,67,0.698441
5,68,0.696493
5,69,0.695321
5,70,0.694897
5,71,0.695048
5,72,0.695504
5,73,0.695986
5,74,0.696286
5,75,0.696337
5,76,0.696215
5,77,0.696107
5,78,0.696236
5,79,0.696787
5,80,0.697846
5,81,0.699392
5,82,0.701305
5,83,0.703414
5,84,0.705534
5,85,0.707505
5,86,0.709215
5,87,0.710601
5,88,0.711645
5,89,0.712362
5,90,0.71279
5,91,0.712979
5,92,0.712998
5,93,0.712919
5,94,0.712816
5,95,0.712745
6,0,0.686999
6,1,0.687633
6,2,0.688859
6,3,0.69059
6,4,0.692677
6,5,0.694904
6,6,0.697002
6,7,0.698679
6,8,0.699671
6,9,0.699807
6,10,0.699054
6,11,0.697551
6,12,0.69559
6,13,0.693575
6,14,0.69193
6,15,0.691022
6,16,0.691078
6,17,0.692148
6,18,0.694104
6,19,0.696673
6,20,0.699512
6,21,0.702251
6,22,0.704567
6,23,0.706205
6,24,0.706998
6,25,0.706867
6,26,0.70582
6,27,0.703931
6,28,0.70134
6,29,0.698233
6,30,0.694826
6,31,0.691363
6,32,0.688087
6,33,0.685222
6,34,0.682963
6,35,0.68144
6,36,0.680714
6,37,0.680775
6,38,0.681543
6,39,0.682896
6,40,0.684697
6,41,0.686811
6,42,0.689107
6,43,0.691461
6,44,0.693741
6,45,0.695812
6,46,0.697543
6,47,0.698846
6,48,0.699709
6,49,0.700214
6,50,0.700539
6,51,0.700926
6,52,0.701612
6,53,0.702767
6,54,0.70444
6,55,0.706534
6,56,0.708832
6,57,0.711044
6,58,0.712861
6,59,0.714013
6,60,0.714315
6,61,0.713684
6,62,0.712154
6,63,0.709868
6,64,0.707063
6,65,0.704053
6,66,0.701175
6,67,0.698744
6,68,0.696996
6,69,0.696033
6,70,0.695805
6,71,0.69612
6,72,0.6967
6,73,0.697257
6,74,0.697585
6,75,0.697621
6,76,0.697456
6,77,0.697302
6,78,0.697416
6,79,0.698012
6,80,0.699197
6,81,0.700943
6,82,0.703104
6,83,0.705462
6,84,0.707779
6,85,0.709849
6,86,0.711526
6,87,0.712734
6,88,0.713461
6,89,0.713737
6,90,0.713626
6,91,0.71322
6,92,0.712639
6,93,0.71202
6,94,0.711507
6,95,0.711213
7,0,0.686824
7,1,0.6875
7,2,0.688814
7,3,0.690677
7,4,0.692936
7,5,0.695357
7,6,0.697644
7,7,0.699472
7,8,0.700543
7,9,0.700665
7,10,0.699799
7,11,0.698095
7,12,0.695876
7,13,0.693584
7,14,0.691689
7,15,0.690601
7,16,0.690576
7,17,0.691674
7,18,0.693761
7,19,0.69654
7,20,0.699628
7,21,0.702613
7,22,0.705131
7,23,0.706904
7,24,0.707755
7,25,0.707617
7,26,0.706517
7,27,0.704562
7,28,0.701917
7,29,0.698782
7,30,0.69537
7,31,0.691904
7,32,0.688599
7,33,0.685658
7,34,0.683267
7,35,0.681574
7,36,0.680678
7,37,0.680608
7,38,0.681318
7,39,0.682695
7,40,0.684579
7,41,0.686788
7,42,0.689139
7,43,0.691465
7,44,0.693622
7,45,0.695492
7,46,0.696998
7,47,0.698118
7,48,0.698898
7,49,0.699457
7,50,0.699975
7,51,0.700659
7,52,0.70169
7,53,0.703177
7,54,0.70512
7,55,0.707389
7,56,0.709756
7,57,0.711932
7,58,0.713622
7,59,0.714575
7,60,0.714633
7,61,0.713747
7,62,0.711993
7,63,0.709554
7,64,0.706699
7,65,0.703758
7,66,0.701062
7,67,0.698904
7,68,0.697485
7,69,0.696872
7,70,0.696983
7,71,0.6976
7,72,0.69843
7,73,0.699168
7,74,0.699601
7,75,0.699661
7,76,0.699449
7,77,0.699196
7,78,0.699191
7,79,0.699689
7,80,0.700829
7,81,0.702601
7,82,0.704854
7,83,0.707342
7,84,0.709784
7,85,0.711928
7,86,0.713589
7,87,0.714664
7,88,0.715126
7,89,0.715005
7,90,0.714385
7,91,0.713393
7,92,0.712206
7,93,0.711031
7,94,0.710091
7,95,0.709565
8,0,0.686443
8,1,0.687124
8,2,0.688455
8,3,0.690363
8,4,0.692704
8,5,0.695247
8,6,0.697687
8,7,0.699677
8,8,0.700894
8,9,0.701122
8,10,0.700303
8,11,0.698582
8,12,0.69629
8,13,0.693888
8,14,0.691874
8,15,0.690686
8,16,0.690604
8,17,0.691706
8,18,0.693859
8,19,0.696753
8,20,0.699983
8,21,0.703111
8,22,0.705748
8,23,0.707599
8,24,0.708486
8,25,0.708349
8,26,0.707237
8,27,0.705277
8,28,0.702651
8,29,0.699563
8,30,0.696217
8,31,0.69281
8,32,0.689531
8,33,0.686559
8,34,0.684075
8,35,0.682245
8,36,0.681202
8,37,0.681016
8,38,0.681673
8,39,0.683066
8,40,0.685018
8,41,0.687305
8,42,0.689697
8,43,0.691989
8,44,0.694026
8,45,0.695709
8,46,0.697007
8,47,0.697956
8,48,0.698654
8,49,0.699251
8,50,0.699923
8,51,0.700843
8,52,0.70214
8,53,0.703866
8,54,0.705974
8,55,0.708306
8,56,0.710629
8,57,0.712661
8,58,0.714127
8,59,0.714803
8,60,0.714562
8,61,0.713394
8,62,0.711414
8,63,0.708847
8,64,0.705989
8,65,0.703179
8,66,0.700744
8,67,0.698951
8,68,0.697964
8,69,0.697812
8,70,0.698375
8,71,0.699408
8,72,0.700589
8,73,0.701599
8,74,0.702204
8,75,0.702326
8,76,0.702065
8,77,0.701669
8,78,0.701457
8,79,0.701729
8,80,0.70267
8,81,0.704307
8,82,0.706505
8,83,0.709011
8,84,0.711516
8,85,0.713722
8,86,0.715398
8,87,0.716399
8,88,0.716668
8,89,0.716222
8,90,0.715153
8,91,0.71362
8,92,0.711857
8,93,0.710147
8,94,0.70879
8,95,0.708036
9,0,0.686188
9,1,0.686825
9,2,0.688086
9,3,0.689926
9,4,0.69223
9,5,0.694792
9,6,0.697317
9,7,0.699453
9,8,0.700861
9,9,0.701298
9,10,0.700679
9,11,0.699125
9,12,0.696951
9,13,0.694615
9,14,0.692617
9,15,0.691409
9,16,0.691289
9,17,0.692349
9,18,0.694469
9,19,0.697347
9,20,0.700574
9,21,0.703706
9,22,0.706351
9,23,0.708208
9,24,0.709101
9,25,0.708979
9,26,0.707902
9,27,0.706004
9,28,0.703472
9,29,0.700505
9,30,0.69729
9,31,0.694002
9,32,0.690802
9,33,0.687851
9,34,0.685327
9,35,0.683409
9,36,0.682259
9,37,0.681981
9,38,0.682584
9,39,0.68397
9,40,0.685947
9,41,0.68826
9,42,0.690645
9,43,0.692874
9,44,0.694783
9,45,0.696295
9,46,0.697416
9,47,0.698227
9,48,0.698866
9,49,0.699501
9,50,0.700299
9,51,0.7014
9,52,0.702884
9,53,0.704754
9,54,0.706921
9,55,0.709208
9,56,0.71138
9,57,0.713173
9,58,0.714337
9,59,0.714682
9,60,0.714118
9,61,0.712674
9,62,0.710501
9,63,0.707851
9,64,0.705044
9,65,0.702422
9,66,0.700303
9,67,0.698928
9,68,0.698429
9,69,0.698797
9,70,0.699876
9,71,0.70139
9,72,0.70299
9,73,0.704329
9,74,0.705155
9,75,0.705372
9,76,0.705073
9,77,0.704512
9,78,0.704037
9,79,0.703993
9,80,0.70462
9,81,0.705996
9,82,0.708023
9,83,0.710459
9,84,0.712975
9,85,0.715238
9,86,0.716964
9,87,0.717953
9,88,0.718108
9,89,0.717422
9,90,0.715985
9,91,0.713985
9,92,0.711711
9,93,0.709518
9,94,0.707783
9,95,0.706821
10,0,0.686321
10,1,0.686868
10,2,0.687973
10,3,0.689631
10,4,0.691777
10,5,0.694247
10,6,0.696774
10,7,0.69902
10,8,0.700633
10,9,0.701347
10,10,0.701042
10,11,0.699801
10,12,0.697905
10,13,0.695782
10,14,0.693918
10,15,0.692757
10,16,0.692604
10,17,0.693567
10,18,0.695546
10,19,0.69826
10,20,0.701324
10,21,0.704311
10,22,0.706843
10,23,0.708631
10,24,0.709506
10,25,0.709418
10,26,0.708426
10,27,0.706659
10,28,0.704293
10,29,0.701511
10,30,0.698482
10,31,0.695358
10,32,0.692283
10,33,0.689406
10,34,0.686902
10,35,0.68496
10,36,0.683757
10,37,0.683418
10,38,0.683968
10,39,0.685309
10,40,0.687244
10,41,0.689502
10,42,0.691802
10,43,0.69391
10,44,0.695669
10,45,0.697022
10,46,0.698005
10,47,0.698727
10,48,0.699347
10,49,0.700035
10,50,0.700942
10,51,0.702175
10,52,0.703771
10,53,0.705691
10,54,0.707818
10,55,0.709964
10,56,0.7119
10,57,0.713384
10,58,0.714201
10,59,0.7142
10,60,0.713331
10,61,0.711653
10,62,0.709347
10,63,0.706681
10,64,0.703981
10,65,0.701587
10,66,0.699805
10,67,0.698856
10,68,0.698843
10,69,0.69973
10,70,0.701328
10,71,0.703333
10,72,0.705368
10,73,0.707062
10,74,0.708137
10,75,0.708476
10,76,0.708159
10,77,0.70744
10,78,0.706689
10,79,0.706291
10,80,0.706545
10,81,0.707587
10,82,0.709367
10,83,0.711668
10,84,0.714157
10,85,0.716469
10,86,0.718268
10,87,0.719298
10,88,0.719409
10,89,0.718565
10,90,0.71685
10,91,0.714475
10,92,0.711779
10,93,0.70918
10,94,0.707126
10,95,0.705989
11,0,0.68698
11,1,0.6874
11,2,0.688279
11,3,0.689666
11,4,0.691552
11,5,0.693834
11,6,0.696286
11,7,0.698589
11,8,0.700391
11,9,0.701403
11,10,0.701466
11,11,0.700619
11,12,0.699096
11,13,0.697281
11,14,0.695625
11,15,0.694553
11,16,0.694363
11,17,0.695175
11,18,0.696912
11,19,0.699331
11,20,0.702087
11,21,0.704794
11,22,0.707108
11,23,0.708764
11,24,0.709604
11,25,0.709576
11,26,0.708722
11,27,0.707152
11,28,0.705015
11,29,0.70247
11,30,0.699669
11,31,0.696747
11,32,0.69384
11,33,0.691091
11,34,0.688674
11,35,0.68678
11,36,0.685589
11,37,0.685229
11,38,0.685723
11,39,0.686975
11,40,0.688784
11,41,0.690881
11,42,0.692994
11,43,0.694903
11,44,0.696473
11,45,0.697672
11,46,0.698554
11,47,0.699242
11,48,0.699891
11,49,0.700657
11,50,0.701663
11,51,0.70298
11,52,0.704614
11,53,0.706496
11,54,0.708494
11,55,0.710417
11,56,0.712054
11,57,0.713192
11,58,0.713656
11,59,0.713336
11,60,0.712216
11,61,0.710385
11,62,0.708031
11,63,0.705425
11,64,0.702884
11,65,0.700739
11,66,0.699281
11,67,0.698716
11,68,0.699134
11,69,0.700477
11,70,0.702539
11,71,0.70499
11,72,0.707431
11,73,0.709467
11,74,0.710797
11,75,0.711279
11,76,0.710976
11,77,0.710136
11,78,0.709141
11,79,0.708409
11,80,0.708289
11,81,0.708977
11,82,0.710477
11,83,0.712606
11,84,0.715038
11,85,0.717382
11,86,0.719259
11,87,0.720356
11,88,0.720474
11,89,0.719541
11,90,0.717634
11,91,0.714983
11,92,0.711965
11,93,0.709054
11,94,0.706754
11,95,0.70548
12,0,0.688143
12,1,0.688416
12,2,0.689033
12,3,0.690095
12,4,0.691661
12,5,0.693691
12,6,0.696005
12,7,0.69831
12,8,0.700258
12,9,0.701537
12,10,0.701956
12,11,0.701507
12,12,0.700374
12,13,0.698892
12,14,0.697471
12,15,0.6965
12,16,0.696264
12,17,0.696885
12,18,0.698311
12,19,0.700342
12,20,0.702686
12,21,0.705017
12,22,0.70704
12,23,0.708524
12,24,0.709326
12,25,0.709385
12,26,0.708719
12,27,0.707403
12,28,0.70555
12,29,0.703289
12,30,0.700754
12,31,0.698071
12,32,0.695377
12,33,0.692815
12,34,0.690558
12,35,0.688791
12,36,0.687682
12,37,0.687341
12,38,0.687778
12,39,0.688889
12,40,0.690479
12,41,0.692297
12,42,0.694106
12,43,0.695722
12,44,0.697051
12,45,0.698088
12,46,0.6989
12,47,0.699602
12,48,0.700327
12,49,0.701195
12,50,0.702289
12,51,0.703648
12,52,0.705249
12,53,0.707009
12,54,0.708795
12,55,0.71043
12,56,0.711728
12,57,0.712512
12,58,0.712649
12,59,0.712069
12,60,0.710787
12,61,0.7089
12,62,0.706597
12,63,0.704128
12,64,0.701792
12,65,0.699894
12,66,0.698717
12,67,0.698459
12,68,0.699205
12,69,0.700896
12,70,0.703314
12,71,0.70612
12,72,0.708897
12,73,0.71123
12,74,0.712798
12,75,0.713436
12,76,0.713188
12,77,0.712288
12,78,0.711121
12,79,0.710124
12,80,0.709685
12,81,0.710052
12,82,0.71128
12,83,0.713225
12,84,0.715573
12,85,0.717922
12,86,0.719856
12,87,0.721016
12,88,0.721158
12,89,0.720181
12,90,0.718153
12,91,0.715317
12,92,0.71208
12,93,0.708956
12,94,0.706485
12,95,0.705118
13,0,0.689669
13,1,0.689792
13,2,0.690138
13,3,0.690865
13,4,0.692093
13,5,0.693844
13,6,0.695983
13,7,0.698241
13,8,0.700273
13,9,0.701751
13,10,0.702454
13,11,0.702339
13,12,0.701543
13,13,0.70036
13,14,0.699151
13,15,0.698271
13,16,0.697978
13,17,0.698391
13,18,0.699477
13,19,0.701079
13,20,0.702964
13,21,0.704872
13,22,0.706568
13,23,0.707866
13,24,0.708636
13,25,0.708809
13,26,0.708373
13,27,0.707358
13,28,0.705837
13,29,0.703905
13,30,0.701679
13,31,0.699283
13,32,0.696858
13,33,0.694552
13,34,0.692536
13,35,0.690977
13,36,0.690015
13,37,0.689728
13,38,0.690099
13,39,0.691012
13,40,0.692284
13,41,0.693704
13,42,0.695087
13,43,0.696313
13,44,0.69734
13,45,0.698196
13,46,0.698955
13,47,0.699709
13,48,0.700546
13,49,0.701534
13,50,0.702707
13,51,0.704065
13,52,0.705567
13,53,0.707129
13,54,0.708631
13,55,0.709925
13,56,0.710859
13,57,0.711301
13,58,0.711159
13,59,0.710397
13,60,0.70905
13,61,0.707215
13,62,0.705059
13,63,0.702798
13,64,0.700695
13,65,0.69903
13,66,0.698071
13,67,0.69802
13,68,0.698969
13,69,0.700868
13,70,0.703505
13,71,0.70654
13,72,0.709548
13,73,0.712103
13,74,0.713869
13,75,0.714663
13,76,0.714508
13,77,0.713623
13,78,0.712381
13,79,0.711226
13,80,0.710568
13,81,0.710692
13,82,0.711693
13,83,0.713464
13,84,0.715709
13,85,0.718024
13,86,0.71997
13,87,0.721157
13,88,0.721311
13,89,0.720308
13,90,0.71821
13,91,0.71527
13,92,0.71191
13,93,0.708668
13,94,0.706106
13,95,0.70469
14,0,0.691355
14,1,0.691338
14,2,0.691433
14,3,0.691845
14,4,0.692752
14,5,0.694227
14,6,0.696175
14,7,0.698345
14,8,0.700393
14,9,0.701979
14,10,0.702863
14,11,0.702974
14,12,0.702422
14,13,0.701461
14,14,0.700417
14,15,0.699605
14,16,0.699254
14,17,0.699468
14,18,0.700227
14,19,0.701409
14,20,0.702838
14,21,0.704322
14,22,0.705691
14,23,0.706803
14,24,0.70755
14,25,0.707855
14,26,0.707673
14,27,0.706994
14,28,0.705846
14,29,0.704291
14,30,0.70243
14,31,0.700385
14,32,0.698302
14,33,0.696334
14,34,0.69464
14,35,0.693362
14,36,0.692601
14,37,0.692388
14,38,0.692671
14,39,0.693325
14,40,0.694186
14,41,0.695095
14,42,0.695944
14,43,0.696689
14,44,0.697354
14,45,0.698005
14,46,0.698714
14,47,0.699538
14,48,0.700507
14,49,0.701623
14,50,0.702861
14,51,0.704181
14,52,0.705528
14,53,0.706828
14,54,0.707989
14,55,0.708901
14,56,0.70946
14,57,0.70958
14,58,0.709211
14,59,0.708347
14,60,0.707031
14,61,0.705345
14,62,0.70342
14,63,0.701425
14,64,0.699576
14,65,0.698122
14,66,0.697317
14,67,0.69737
14,68,0.698392
14,69,0.700351
14,70,0.703056
14,71,0.706173
14,72,0.709283
14,73,0.711959
14,74,0.713859
14,75,0.714791
14,76,0.71476
14,77,0.713964
14,78,0.712757
14,79,0.711572
14,80,0.710823
14,81,0.710809
14,82,0.711655
14,83,0.713279
14,84,0.715407
14,85,0.717639
14,86,0.719534
14,87,0.720688
14,88,0.720812
14,89,0.719778
14,90,0.717645
14,91,0.714669
14,92,0.711279
14,93,0.708016
14,94,0.70544
14,95,0.704018
15,0,0.692995
15,1,0.692858
15,2,0.692736
15,3,0.692875
15,4,0.693499
15,5,0.694721
15,6,0.696475
15,7,0.698522
15,8,0.700521
15,9,0.702122
15,10,0.703076
15,11,0.703299
15,12,0.702884
15,13,0.702064
15,14,0.701133
15,15,0.700372
15,16,0.699974
15,17,0.700025
15,18,0.700501
15,19,0.701311
15,20,0.702326
15,21,0.703417
15,22,0.704476
15,23,0.705408
15,24,0.70613
15,25,0.706564
15,26,0.706641
15,27,0.706313
15,28,0.70557
15,29,0.704441
15,30,0.703013
15,31,0.701398
15,32,0.699745
15,33,0.6982
15,34,0.696906
15,35,0.695969
15,36,0.69544
15,37,0.695302
15,38,0.695466
15,39,0.6958
15,40,0.69617
15,41,0.696482
15,42,0.696713
15,43,0.696909
15,44,0.697165
15,45,0.697583
15,46,0.698232
15,47,0.699126
15,48,0.700229
15,49,0.701466
15,50,0.70275
15,51,0.704002
15,52,0.705154
15,53,0.706148
15,54,0.706928
15,55,0.707434
15,56,0.707616
15,57,0.707439
15,58,0.706895
15,59,0.706
15,60,0.704796
15,61,0.703339
15,62,0.701712
15,63,0.700026
15,64,0.698446
15,65,0.697184
15,66,0.69648
15,67,0.69655
15,68,0.697529
15,69,0.699413
15,70,0.702034
15,71,0.70508
15,72,0.708148
15,73,0.710824
15,74,0.712773
15,75,0.713802
15,76,0.713905
15,77,0.71326
15,78,0.712192
15,79,0.711108
15,80,0.710403
15,81,0.710372
15,82,0.711148
15,83,0.712662
15,84,0.714659
15,85,0.716756
15,86,0.718522
15,87,0.719565
15,88,0.719605
15,89,0.718519
15,90,0.716376
15,91,0.71343
15,92,0.7101
15,93,0.706911
15,94,0.704403
15,95,0.703021
16,0,0.694422
16,1,0.694189
16,2,0.693894
16,3,0.69381
16,4,0.694198
16,5,0.695199
16,6,0.696764
16,7,0.698664
16,8,0.700557
16,9,0.702093
16,10,0.703022
16,11,0.703261
16,12,0.7029
16,13,0.702159
16,14,0.701309
16,15,0.700596
16,16,0.70018
16,17,0.700117
16,18,0.700378
16,19,0.700883
16,20,0.701543
16,21,0.702283
16,22,0.70305
16,23,0.703798
16,24,0.704473
16,25,0.705006
16,26,0.705316
16,27,0.705329
16,28,0.705004
16,29,0.704345
16,30,0.703414
16,31,0.702314
16,32,0.701178
16,33,0.700138
16,34,0.699306
16,35,0.698747
16,36,0.698462
16,37,0.698383
16,38,0.698393
16,39,0.698359
16,40,0.698186
16,41,0.697852
16,42,0.697426
16,43,0.697044
16,44,0.696868
16,45,0.697036
16,46,0.697606
16,47,0.698549
16,48,0.699761
16,49,0.701095
16,50,0.702401
16,51,0.703559
16,52,0.704492
16,53,0.70516
16,54,0.705544
16,55,0.70564
16,56,0.705458
16,57,0.705015
16,58,0.704343
16,59,0.703477
16,60,0.702449
16,61,0.701281
16,62,0.700001
16,63,0.698659
16,64,0.697363
16,65,0.696285
16,66,0.69565
16,67,0.695681
16,68,0.696531
16,69,0.698226
16,70,0.700629
16,71,0.703456
16,72,0.706334
16,73,0.708876
16,74,0.710768
16,75,0.711831
16,76,0.712056
16,77,0.711601
16,78,0.710757
16,79,0.70989
16,80,0.709356
16,81,0.709422
16,82,0.710207
16,83,0.711645
16,84,0.713495
16,85,0.715399
16,86,0.716956
16,87,0.717807
16,88,0.717703
16,89,0.716548
16,90,0.714421
16,91,0.711573
16,92,0.708401
16,93,0.705388
16,94,0.703031
16,95,0.701735
17,0,0.69553
17,1,0.695228
17,2,0.694808
17,3,0.694558
17,4,0.694761
17,5,0.695574
17,6,0.696959
17,7,0.698691
17,8,0.700435
17,9,0.701846
17,10,0.702683
17,11,0.702876
17,12,0.702518
17,13,0.701825
17,14,0.701047
17,15,0.7004
17,16,0.700007
17,17,0.699892
17,18,0.700009
17,19,0.700283
17,20,0.700651
17,21,0.701078
17,22,0.701561
17,23,0.702102
17,24,0.702684
17,25,0.703254
17,26,0.703739
17,27,0.704053
17,28,0.704135
17,29,0.703965
17,30,0.703581
17,31,0.703062
17,32,0.702514
17,33,0.702038
17,34,0.701709
17,35,0.701544
17,36,0.701495
17,37,0.701454
17,38,0.701283
17,39,0.700862
17,40,0.70014
17,41,0.699169
17,42,0.698105
17,43,0.697164
17,44,0.696569
17,45,0.696481
17,46,0.696948
17,47,0.697901
17,48,0.699175
17,49,0.70056
17,50,0.70185
17,51,0.702891
17,52,0.703594
17,53,0.703936
17,54,0.703937
17,55,0.703647
17,56,0.703133
17,57,0.702467
17,58,0.701717
17,59,0.700932
17,60,0.70013
17,61,0.699296
17,62,0.698399
17,63,0.697429
17,64,0.696435
17,65,0.695551
17,66,0.694981
17,67,0.694946
17,68,0.695617
17,69,0.697043
17,70,0.699118
17,71,0.701595
17,72,0.704141
17,73,0.706411
17,74,0.708131
17,75,0.709148
17,76,0.709461
17,77,0.70921
17,78,0.708649
17,79,0.708087
17,80,0.707823
17,81,0.708075
17,82,0.708929
17,83,0.710308
17,84,0.711984
17,85,0.713633
17,86,0.714901
17,87,0.715487
17,88,0.715193
17,89,0.713962
17,90,0.711892
17,91,0.709221
17,92,0.706308
17,93,0.703578
17,94,0.701459
17,95,0.7003
18,0,0.696283
18,1,0.695945
18,2,0.695451
18,3,0.695099
18,4,0.695174
18,5,0.695837
18,6,0.697054
18,7,0.698607
18,8,0.70017
18,9,0.701413
18,10,0.702117
18,11,0.702227
18,12,0.701848
18,13,0.701193
18,14,0.700495
18,15,0.69994
18,16,0.699615
18,17,0.699508
18,18,0.699552
18,19,0.699665
18,20,0.699797
18,21,0.699943
18,22,0.700141
18,23,0.700437
18,24,0.700855
18,25,0.701377
18,26,0.701947
18,27,0.702487
18,28,0.702928
18,29,0.703231
18,30,0.703406
18,31,0.703497
18,32,0.703573
18,33,0.70369
18,34,0.703875
18,35,0.7041
18,36,0.704273
18,37,0.704255
18,38,0.703905
18,39,0.703122
18,40,0.701904
18,41,0.700371
18,42,0.698751
18,43,0.697327
18,44,0.696362
18,45,0.696033
18,46,0.696374
18,47,0.697283
18,48,0.698549
18,49,0.699915
18,50,0.701135
18,51,0.702029
18,52,0.702499
18,53,0.702535
18,54,0.702191
18,55,0.701563
18,56,0.700774
18,57,0.699944
18,58,0.699173
18,59,0.698521
18,60,0.697989
18,61,0.697522
18,62,0.697037
18,63,0.696462
18,64,0.695795
18,65,0.695129
18,66,0.694643
18,67,0.69455
18,68,0.695026
18,69,0.696136
18,70,0.697804
18,71,0.699825
18,72,0.701916
18,73,0.70379
18,74,0.705225
18,75,0.706112
18,76,0.706464
18,77,0.706411
18,78,0.706159
18,79,0.705955
18,80,0.706022
18,81,0.70651
18,82,0.707457
18,83,0.708768
18,84,0.710228
18,85,0.711559
18,86,0.712471
18,87,0.712736
18,88,0.712227
18,89,0.710935
18,90,0.708976
18,91,0.706573
18,92,0.704028
18,93,0.701687
18,94,0.699892
18,95,0.698916
19,0,0.696705
19,1,0.696364
19,2,0.695861
19,3,0.695479
19,4,0.695493
19,5,0.696054
19,6,0.697126
19,7,0.698496
19,8,0.699855
19,9,0.7009
19,10,0.701438
19,11,0.701438
19,12,0.701019
19,13,0.700393
19,14,0.699776
19,15,0.699329
19,16,0.699103
19,17,0.699055
19,18,0.699088
19,19,0.699107
19,20,0.69906
19,21,0.698959
19,22,0.698871
19,23,0.698881
19,24,0.699059
19,25,0.69943
19,26,0.699974
19,27,0.700633
19,28,0.701345
19,29,0.702056
19,30,0.70275
19,31,0.70343
19,32,0.704116
19,33,0.704814
19,34,0.7055
19,35,0.706098
19,36,0.706483
19,37,0.7065
19,38,0.706012
19,39,0.704946
19,40,0.703348
19,41,0.701392
19,42,0.699363
19,43,0.697582
19,44,0.696335
19,45,0.695801
19,46,0.695999
19,47,0.696805
19,48,0.697979
19,49,0.699239
19,50,0.700318
19,51,0.701023
19,52,0.701254
19,53,0.701012
19,54,0.700376
19,55,0.699481
19,56,0.698495
19,57,0.697576
19,58,0.696853
19,59,0.696386
19,60,0.696162
19,61,0.696088
19,62,0.696031
19,63,0.695871
19,64,0.695556
19,65,0.695141
19,66,0.694776
19,67,0.694656
19,68,0.694949
19,69,0.69573
19,70,0.696948
19,71,0.698442
19,72,0.699987
19,73,0.701366
19,74,0.702425
19,75,0.703107
19,76,0.703449
19,77,0.703569
19,78,0.703626
19,79,0.703792
19,80,0.704203
19,81,0.704929
19,82,0.705953
19,83,0.707155
19,84,0.708343
19,85,0.709293
19,86,0.709796
19,87,0.709711
19,88,0.70899
19,89,0.707677
19,90,0.705904
19,91,0.703863
19,92,0.701791
19,93,0.699939
19,94,0.698543
19,95,0.697792
20,0,0.696875
20,1,0.696572
20,2,0.696129
20,3,0.695802
20,4,0.695834
20,5,0.696354
20,6,0.697313
20,7,0.698507
20,8,0.699649
20,9,0.700467
20,10,0.700803
20,11,0.700655
20,12,0.700157
20,13,0.699522
20,14,0.698959
20,15,0.698604
20,16,0.698484
20,17,0.698523
20,18,0.698597
20,19,0.698587
20,20,0.698425
20,21,0.698123
20,22,0.697762
20,23,0.697462
20,24,0.697335
20,25,0.697457
20,26,0.697854
20,27,0.698505
20,28,0.699362
20,29,0.700371
20,30,0.701491
20,31,0.702685
20,32,0.703923
20,33,0.705156
20,34,0.706307
20,35,0.707259
20,36,0.707863
20,37,0.707955
20,38,0.707413
20,39,0.706195
20,40,0.704386
20,41,0.7022
20,42,0.69995
20,43,0.697976
20,44,0.696563
20,45,0.695879
20,46,0.695929
20,47,0.696573
20,48,0.697567
20,49,0.698625
20,50,0.699481
20,51,0.699945
20,52,0.699925
20,53,0.699432
20,54,0.698564
20,55,0.697485
20,56,0.696392
20,57,0.695471
20,58,0.694864
20,59,0.694633
20,60,0.694743
20,61,0.695071
20,62,0.695446
20,63,0.695707
20,64,0.695763
20,65,0.695632
20,66,0.695432
20,67,0.69533
20,68,0.695477
20,69,0.695948
20,70,0.696711
20,71,0.697648
20,72,0.698601
20,73,0.69943
20,74,0.700058
20,75,0.700483
20,76,0.700773
20,77,0.701032
20,78,0.701371
20,79,0.701878
20,80,0.702598
20,81,0.703515
20,82,0.704554
20,83,0.70558
20,84,0.706429
20,85,0.706944
20,86,0.707009
20,87,0.706577
20,88,0.70568
20,89,0.704409
20,90,0.702905
20,91,0.701322
20,92,0.699815
20,93,0.698531
20,94,0.697594
20,95,0.697099
21,0,0.696923
21,1,0.6967
21,2,0.69639
21,3,0.696206
21,4,0.696344
21,5,0.696891
21,6,0.697783
21,7,0.698817
21,8,0.699733
21,9,0.700295
21,10,0.700383
21,11,0.700025
21,12,0.699375
21,13,0.698654
21,14,0.698069
21,15,0.697749
21,16,0.697701
21,17,0.697831
21,18,0.697982
21,19,0.698005
21,20,0.697801
21,21,0.697364
21,22,0.696775
21,23,0.696171
21,24,0.695705
21,25,0.695502
21,26,0.695643
21,27,0.696152
21,28,0.69701
21,29,0.698172
21,30,0.699583
21,31,0.701173
21,32,0.702865
21,33,0.704558
21,34,0.706128
21,35,0.707421
21,36,0.708269
21,37,0.708508
21,38,0.708033
21,39,0.706829
21,40,0.705008
21,41,0.702807
21,42,0.700544
21,43,0.698553
21,44,0.6971
21,45,0.696332
21,46,0.696239
21,47,0.696678
21,48,0.697414
21,49,0.698178
21,50,0.69873
21,51,0.698898
21,52,0.698609
21,53,0.697888
21,54,0.696847
21,55,0.695666
21,56,0.694557
21,57,0.693716
21,58,0.693288
21,59,0.693324
21,60,0.693772
21,61,0.694487
21,62,0.695271
21,63,0.695936
21,64,0.696364
21,65,0.696539
21,66,0.696544
21,67,0.696511
21,68,0.696567
21,69,0.696774
21,70,0.697118
21,71,0.697521
21,72,0.697893
21,73,0.698173
21,74,0.69836
21,75,0.698513
21,76,0.698725
21,77,0.699088
21,78,0.699656
21,79,0.700438
21,80,0.701384
21,81,0.702397
21,82,0.703354
21,83,0.704115
21,84,0.704558
21,85,0.704603
21,86,0.70423
21,87,0.703487
21,88,0.702477
21,89,0.701331
21,90,0.700183
21,91,0.699138
21,92,0.698264
21,93,0.6976
21,94,0.697156
21,95,0.696934
22,0,0.696995
22,1,0.696889
22,2,0.696779
22,3,0.696821
22,4,0.697147
22,5,0.697793
22,6,0.698667
22,7,0.699567
22,8,0.700256
22,9,0.700536
22,10,0.700324
22,11,0.699679
22,12,0.698777
22,13,0.697857
22,14,0.697136
22,15,0.696749
22,16,0.696704
22,17,0.696894
22,18,0.697137
22,19,0.697244
22,20,0.697077
22,21,0.696591
22,22,0.695846
22,23,0.694985
22,24,0.694186
22,25,0.693623
22,26,0.693427
22,27,0.693678
22,28,0.694395
22,29,0.695554
22,30,0.697101
22,31,0.698945
22,32,0.700972
22,33,0.703038
22,34,0.704978
22,35,0.706606
22,36,0.707738
22,37,0.708214
22,38,0.707941
22,39,0.706925
22,40,0.705291
22,41,0.703279
22,42,0.701194
22,43,0.699345
22,44,0.697966
22,45,0.697177
22,46,0.696954
22,47,0.697159
22,48,0.697579
22,49,0.69798
22,50,0.698162
22,51,0.697991
22,52,0.697419
22,53,0.696493
22,54,0.695335
22,55,0.694129
22,56,0.693084
22,57,0.692389
22,58,0.692176
22,59,0.692483
22,60,0.693241
22,61,0.694292
22,62,0.695427
22,63,0.696448
22,64,0.697218
22,65,0.697698
22,66,0.697935
22,67,0.698022
22,68,0.69805
22,69,0.698067
22,70,0.698068
22,71,0.698013
22,72,0.697874
22,73,0.697664
22,74,0.697456
22,75,0.697359
22,76,0.697487
22,77,0.697913
22,78,0.698637
22,79,0.69959
22,80,0.700636
22,81,0.701615
22,82,0.70237
22,83,0.702771
22,84,0.702753
22,85,0.702319
22,86,0.701543
22,87,0.700558
22,88,0.699524
22,89,0.698592
22,90,0.697877
22,91,0.697426
22,92,0.69722
22,93,0.697192
22,94,0.697246
22,95,0.697297
23,0,0.69722
23,1,0.69726
23,2,0.697402
23,3,0.697734
23,4,0.698315
23,5,0.699119
23,6,0.700022
23,7,0.700818
23,8,0.701292
23,9,0.701277
23,10,0.700724
23,11,0.69972
23,12,0.698466
23,13,0.697224
23,14,0.696235
23,15,0.695658
23,16,0.695519
23,17,0.69571
23,18,0.696033
23,19,0.696258
23,20,0.696195
23,21,0.695748
23,22,0.69494
23,23,0.693898
23,24,0.692814
23,25,0.691896
23,26,0.691326
23,27,0.691237
23,28,0.691696
23,29,0.692714
23,30,0.694248
23,31,0.696205
23,32,0.698446
23,33,0.700796
23,34,0.703059
23,35,0.70502
23,36,0.706482
23,37,0.707284
23,38,0.707341
23,39,0.706665
23,40,0.705383
23,41,0.70372
23,42,0.701956
23,43,0.700361
23,44,0.699135
23,45,0.69837
23,46,0.69803
23,47,0.697989
23,48,0.698061
23,49,0.698062
23,50,0.69784
23,51,0.69731
23,52,0.696461
23,53,0.695363
23,54,0.694143
23,55,0.692979
23,56,0.692061
23,57,0.691555
23,58,0.691566
23,59,0.692111
23,60,0.693109
23,61,0.694403
23,62,0.69579
23,63,0.69708
23,64,0.698132
23,65,0.698889
23,66,0.699364
23,67,0.699609
23,68,0.699679
23,69,0.699599
23,70,0.699368
23,71,0.698978
23,72,0.698453
23,73,0.69787
23,74,0.697359
23,75,0.697068
23,76,0.697121
23,77,0.697566
23,78,0.698353
23,79,0.699343
23,80,0.700338
23,81,0.70113
23,82,0.701555
23,83,0.701514
23,84,0.701005
23,85,0.700118
23,86,0.699009
23,87,0.697878
23,88,0.69692
23,89,0.696287
23,90,0.696059
23,91,0.696223
23,92,0.696677
23,93,0.697258
23,94,0.697781
23,95,0.698087
24,0,0.697669
24,1,0.69787
24,2,0.698293
24,3,0.698951
24,4,0.699826
24,5,0.700829
24,6,0.7018
24,7,0.702529
24,8,0.702816
24,9,0.702519
24,10,0.701617
24,11,0.700218
24,12,0.698545
24,13,0.696886
24,14,0.695517
24,15,0.694634
24,16,0.694297
24,17,0.694413
24,18,0.694774
24,19,0.695117
24,20,0.695197
24,21,0.694859
24,22,0.694076
24,23,0.692943
24,24,0.691649
24,25,0.690423
24,26,0.689487
24,27,0.689026
24,28,0.689157
24,29,0.689932
24,30,0.691336
24,31,0.693284
24,32,0.695631
24,33,0.698184
24,34,0.700722
24,35,0.70301
24,36,0.704836
24,37,0.706033
24,38,0.706512
24,39,0.706281
24,40,0.705455
24,41,0.704232
24,42,0.702859
24,43,0.701568
24,44,0.700524
24,45,0.699796
24,46,0.699342
24,47,0.69905
24,48,0.698773
24,49,0.698371
24,50,0.697753
24,51,0.696883
24,52,0.695793
24,53,0.694574
24,54,0.693355
24,55,0.692296
24,56,0.691554
24,57,0.691254
24,58,0.691466
24,59,0.692181
24,60,0.693315
24,61,0.694725
24,62,0.696233
24,63,0.697671
24,64,0.698912
24,65,0.699887
24,66,0.700583
24,67,0.701009
24,68,0.701183
24,69,0.701105
24,70,0.700774
24,71,0.700205
24,72,0.69946
24,73,0.69866
24,74,0.697971
24,75,0.697565
24,76,0.697559
24,77,0.697974
24,78,0.698716
24,79,0.699595
24,80,0.700374
24,81,0.70083
24,82,0.700814
24,83,0.700277
24,84,0.699288
24,85,0.698012
24,86,0.696672
24,87,0.695508
24,88,0.694723
24,89,0.694451
24,90,0.694728
24,91,0.695481
24,92,0.696535
24,93,0.697654
24,94,0.698582
24,95,0.699106
25,0,0.698309
25,1,0.698674
25,2,0.699381
25,3,0.700374
25,4,0.701557
25,5,0.70278
25,6,0.70385
25,7,0.704553
25,8,0.704701
25,9,0.704174
25,10,0.702967
25,11,0.701196
25,12,0.699102
25,13,0.696996
25,14,0.695189
25,15,0.693923
25,16,0.693301
25,17,0.69326
25,18,0.693595
25,19,0.694018
25,20,0.694239
25,21,0.694042
25,22,0.693344
25,23,0.692199
25,24,0.690776
25,25,0.689312
25,26,0.688058
25,27,0.68724
25,28,0.687024
25,29,0.687507
25,30,0.688706
25,31,0.690559
25,32,0.692926
25,33,0.695607
25,34,0.698369
25,35,0.700961
25,36,0.703158
25,37,0.704779
25,38,0.705723
25,39,0.705982
25,40,0.705643
25,41,0.704877
25,42,0.703891
25,43,0.702886
25,44,0.701999
25,45,0.701284
25,46,0.700703
25,47,0.700163
25,48,0.699553
25,49,0.698784
25,50,0.697817
25,51,0.696669
25,52,0.695409
25,53,0.694146
25,54,0.693003
25,55,0.692111
25,56,0.691581
25,57,0.691487
25,58,0.691853
25,59,0.69265
25,60,0.693797
25,61,0.695176
25,62,0.696654
25,63,0.698103
25,64,0.699419
25,65,0.700533
25,66,0.701407
25,67,0.702015
25,68,0.702337
25,69,0.702353
25,70,0.702055
25,71,0.701471
25,72,0.700685
25,73,0.699839
25,74,0.699114
25,75,0.698677
25,76,0.698628
25,77,0.698961
25,78,0.699546
25,79,0.700168
25,80,0.70058
25,81,0.700576
25,82,0.700046
25,83,0.699005
25,84,0.69759
25,85,0.696027
25,86,0.694578
25,87,0.693493
25,88,0.69296
25,89,0.693076
25,90,0.693827
25,91,0.695087
25,92,0.69663
25,93,0.69817
25,94,0.699406
25,95,0.700094
26,0,0.699022
26,1,0.699544
26,2,0.700522
26,3,0.701835
26,4,0.703315
26,5,0.70476
26,6,0.705951
26,7,0.706674
26,8,0.706754
26,9,0.706085
26,10,0.704667
26,11,0.702619
26,12,0.70018
26,13,0.697676
26,14,0.69545
26,15,0.693784
26,16,0.69283
26,17,0.692564
26,18,0.692798
26,19,0.693237
26,20,0.693553
26,21,0.693483
26,22,0.692888
26,23,0.691778
26,24,0.690292
26,25,0.688665
26,26,0.687162
26,27,0.686041
26,28,0.685507
26,29,0.685698
26,30,0.686664
26,31,0.688371
26,32,0.690692
26,33,0.693432
26,34,0.696356
26,35,0.699203
26,36,0.701736
26,37,0.70376
26,38,0.705153
26,39,0.705879
26,40,0.705995
26,41,0.705634
26,42,0.704971
26,43,0.704179
26,44,0.703383
26,45,0.70263
26,46,0.701896
26,47,0.701113
26,48,0.700207
26,49,0.699133
26,50,0.697903
26,51,0.696574
26,52,0.695247
26,53,0.694038
26,54,0.693056
26,55,0.692391
26,56,0.6921
26,57,0.692199
26,58,0.692666
26,59,0.693453
26,60,0.69449
26,61,0.695702
26,62,0.697009
26,63,0.698335
26,64,0.69961
26,65,0.70077
26,66,0.70176
26,67,0.702523
26,68,0.703012
26,69,0.703184
26,70,0.703028
26,71,0.702575
26,72,0.701912
26,73,0.701183
26,74,0.700551
26,75,0.700162
26,76,0.700084
26,77,0.700281
26,78,0.700608
26,79,0.700849
26,80,0.70078
26,81,0.700239
26,82,0.699179
26,83,0.69768
26,84,0.695938
26,85,0.694215
26,86,0.692784
26,87,0.691875
26,88,0.691638
26,89,0.692119
26,90,0.693258
26,91,0.694891
26,92,0.696763
26,93,0.698567
26,94,0.699989
26,95,0.700773
27,0,0.699651
27,1,0.700312
27,2,0.701534
27,3,0.703132
27,4,0.704882
27,5,0.706536
27,6,0.707861
27,7,0.708649
27,8,0.708742
27,9,0.708044
27,10,0.706553
27,11,0.704376
27,12,0.701739
27,13,0.698964
27,14,0.696411
27,15,0.694397
27,16,0.693117
27,17,0.69259
27,18,0.692659
27,19,0.693034
27,20,0.693372
27,21,0.693375
27,22,0.69286
27,23,0.691793
27,24,0.690285
27,25,0.688557
27,26,0.686879
27,27,0.685529
27,28,0.684738
27,29,0.684676
27,30,0.68542
27,31,0.686959
27,32,0.689184
27,33,0.691915
27,34,0.694919
27,35,0.697938
27,36,0.700727
27,37,0.703077
27,38,0.704843
27,39,0.705957
27,40,0.706439
27,41,0.706387
27,42,0.705945
27,43,0.705268
27,44,0.704476
27,45,0.703627
27,46,0.702717
27,47,0.701706
27,48,0.700559
27,49,0.699268
27,50,0.697885
27,51,0.696497
27,52,0.695222
27,53,0.694174
27,54,0.693435
27,55,0.693048
27,56,0.69301
27,57,0.69328
27,58,0.693795
27,59,0.694492
27,60,0.695324
27,61,0.696261
27,62,0.697288
27,63,0.698385
27,64,0.699519
27,65,0.700636
27,66,0.701669
27,67,0.702539
27,68,0.703177
27,69,0.703529
27,70,0.703581
27,71,0.703362
27,72,0.70295
27,73,0.702464
27,74,0.702031
27,75,0.70175
27,76,0.70165
27,77,0.701671
27,78,0.701666
27,79,0.701445
27,80,0.700836
27,81,0.699746
27,82,0.6982
27,83,0.696339
27,84,0.694401
27,85,0.692656
27,86,0.691356
27,87,0.690687
27,88,0.690741
27,89,0.691513
27,90,0.692904
27,91,0.694731
27,92,0.696737
27,93,0.698626
27,94,0.700094
27,95,0.700898
28,0,0.700063
28,1,0.700841
28,2,0.702266
28,3,0.704103
28,4,0.706078
28,5,0.707915
28,6,0.709374
28,7,0.710264
28,8,0.710446
28,9,0.709835
28,10,0.708421
28,11,0.706288
28,12,0.703636
28,13,0.700766
28,14,0.698035
28,15,0.695781
28,16,0.694234
28,17,0.693454
28,18,0.693323
28,19,0.693569
28,20,0.693852
28,21,0.693856
28,22,0.693368
28,23,0.692322
28,24,0.690802
28,25,0.689015
28,26,0.687228
28,27,0.685727
28,28,0.684757
28,29,0.684503
28,30,0.685059
28,31,0.686428
28,32,0.688519
28,33,0.691165
28,34,0.694149
28,35,0.697221
28,36,0.700141
28,37,0.70269
28,38,0.704703
28,39,0.706081
28,40,0.706809
28,41,0.706948
28,42,0.706618
28,43,0.70596
28,44,0.7051
28,45,0.704113
28,46,0.703023
28,47,0.701822
28,48,0.700508
28,49,0.699106
28,50,0.697692
28,51,0.696373
28,52,0.695268
28,53,0.694476
28,54,0.694042
28,55,0.69396
28,56,0.694171
28,57,0.694581
28,58,0.695094
28,59,0.695646
28,60,0.696212
28,61,0.696818
28,62,0.697507
28,63,0.698315
28,64,0.699241
28,65,0.700243
28,66,0.701246
28,67,0.702155
28,68,0.702893
28,69,0.703405
28,70,0.70368
28,71,0.703744
28,72,0.703657
28,73,0.703495
28,74,0.70333
28,75,0.703201
28,76,0.703087
28,77,0.70291
28,78,0.702538
28,79,0.701831
28,80,0.700689
28,81,0.6991
28,82,0.697164
28,83,0.695073
28,84,0.693079
28,85,0.691437
28,86,0.690348
28,87,0.689936
28,88,0.690227
28,89,0.691171
28,90,0.692642
28,91,0.694463
28,92,0.696398
28,93,0.698188
28,94,0.699566
28,95,0.700317
29,0,0.70021
29,1,0.701078
29,2,0.702655
29,3,0.704669
29,4,0.706808
29,5,0.708779
29,6,0.710351
29,7,0.711355
29,8,0.711677
29,9,0.711244
29,10,0.710038
29,11,0.70811
29,12,0.705623
29,13,0.702842
29,14,0.700106
29,15,0.697755
29,16,0.696043
29,17,0.695066
29,18,0.694742
29,19,0.694831
29,20,0.695008
29,21,0.694952
29,22,0.694438
29,23,0.693378
29,24,0.691839
29,25,0.690016
29,26,0.688171
29,27,0.686589
29,28,0.685516
29,29,0.685139
29,30,0.685549
29,31,0.686757
29,32,0.688679
29,33,0.691163
29,34,0.694011
29,35,0.696995
29,36,0.699885
29,37,0.702468
29,38,0.704566
29,39,0.706058
29,40,0.706897
29,41,0.707113
29,42,0.706801
29,43,0.706098
29,44,0.705134
29,45,0.704007
29,46,0.702771
29,47,0.701448
29,48,0.700065
29,49,0.698668
29,50,0.697348
29,51,0.696213
29,52,0.695372
29,53,0.694897
29,54,0.694794
29,55,0.695009
29,56,0.695434
29,57,0.695936
29,58,0.6964
29,59,0.696769
29,60,0.69705
29,61,0.697316
29,62,0.697662
29,63,0.698171
29,64,0.698864
29,65,0.699705
29,66,0.700614
29,67,0.70149
29,68,0.702258
29,69,0.702875
29,70,0.703344
29,71,0.70369
29,72,0.70395
29,73,0.704149
29,74,0.70429
29,75,0.70434
29,76,0.704229
29,77,0.703864
29,78,0.703139
29,79,0.701979
29,80,0.700369
29,81,0.698383
29,82,0.696185
29,83,0.694
29,84,0.692076
29,85,0.690621
29,86,0.689774
29,87,0.689584
29,88,0.690017
29,89,0.690985
29,90,0.692357
29,91,0.693977
29,92,0.695656
29,93,0.697189
29,94,0.698361
29,95,0.698999
30,0,0.700156
30,1,0.701077
30,2,0.702743
30,3,0.704852
30,4,0.707073
30,5,0.709106
30,6,0.710739
30,7,0.711833
30,8,0.712306
30,9,0.712096
30,10,0.711175
30,11,0.709565
30,12,0.70738
30,13,0.704842
30,14,0.70226
30,15,0.699963
30,16,0.698212
30,17,0.697134
30,18,0.696679
30,19,0.696636
30,20,0.6967
30,21,0.696562
30,22,0.695991
30,23,0.694894
30,24,0.693328
30,25,0.691483
30,26,0.689618
30,27,0.688013
30,28,0.686905
30,29,0.686467
30,30,0.686778
30,31,0.687837
30,32,0.689559
30,33,0.691806
30,34,0.694401
30,35,0.697143
30,36,0.699829
30,37,0.702262
30,38,0.704268
30,39,0.705715
30,40,0.706532
30,41,0.706726
30,42,0.706371
30,43,0.705597
30,44,0.704542
30,45,0.703321
30,46,0.702013
30,47,0.700668
30,48,0.699329
30,49,0.698057
30,50,0.696941
30,51,0.69608
30,52,0.69556
30,53,0.695419
30,54,0.695627
30,55,0.696087
30,56,0.696657
30,57,0.697185
30,58,0.697551
30,59,0.697715
30,60,0.697718
30,61,0.697674
30,62,0.697718
30,63,0.697959
30,64,0.69843
30,65,0.699094
30,66,0.699865
30,67,0.700642
30,68,0.701366
30,69,0.702018
30,70,0.702626
30,71,0.70322
30,72,0.703815
30,73,0.70438
30,74,0.704844
30,75,0.7051
30,76,0.705025
30,77,0.704514
30,78,0.703499
30,79,0.701969
30,80,0.699998
30,81,0.697739
30,82,0.695408
30,83,0.693243
30,84,0.691464
30,85,0.690225
30,86,0.689591
30,87,0.68954
30,88,0.68999
30,89,0.690831
30,90,0.691942
30,91,0.693207
30,92,0.694494
30,93,0.695661
30,94,0.696552
30,95,0.697036
31,0,0.700037
31,1,0.700969
31,2,0.702648
31,3,0.704755
31,4,0.706952
31,5,0.708951
31,6,0.710564
31,7,0.711688
31,8,0.712274
31,9,0.712274
31,10,0.711652
31,11,0.7104
31,12,0.708588
31,13,0.706393
31,14,0.704085
31,15,0.701972
31,16,0.700319
31,17,0.699263
31,18,0.698779
31,19,0.698681
31,20,0.698684
31,21,0.698489
31,22,0.69787
31,23,0.696737
31,24,0.695149
31,25,0.693299
31,26,0.691445
31,27,0.689863
31,28,0.688776
31,29,0.688331
31,30,0.688582
31,31,0.689505
31,32,0.691008
31,33,0.692956
31,34,0.695194
31,35,0.697555
31,36,0.699873
31,37,0.701978
31,38,0.70372
31,39,0.704968
31,40,0.705645
31,41,0.705739
31,42,0.705312
31,43,0.704482
31,44,0.70339
31,45,0.702161
31,46,0.700891
31,47,0.699643
31,48,0.698469
31,49,0.697429
31,50,0.696602
31,51,0.696066
31,52,0.695878
31,53,0.696043
31,54,0.696496
31,55,0.697112
31,56,0.697733
31,57,0.698202
31,58,0.698415
31,59,0.698356
31,60,0.698103
31,61,0.697799
31,62,0.697602
31,63,0.697632
31,64,0.697917
31,65,0.698411
31,66,0.699021
31,67,0.699655
31,68,0.700276
31,69,0.700903
31,70,0.701593
31,71,0.702393
31,72,0.703297
31,73,0.704222
31,74,0.705022
31,75,0.705516
31,76,0.705531
31,77,0.704953
31,78,0.703745
31,79,0.701964
31,80,0.699758
31,81,0.697346
31,82,0.694979
31,83,0.692894
31,84,0.691271
31,85,0.690206
31,86,0.689695
31,87,0.689663
31,88,0.689994
31,89,0.690575
31,90,0.69131
31,91,0.692128
31,92,0.692956
31,93,0.693713
31,94,0.694297
31,95,0.694617
32,0,0.700007
32,1,0.700905
32,2,0.702511
32,3,0.704507
32,4,0.706566
32,5,0.708418
32,6,0.70991
32,7,0.710976
32,8,0.711599
32,9,0.711746
32,10,0.711375
32,11,0.710454
32,12,0.709014
32,13,0.707192
32,14,0.705224
32,15,0.703396
32,16,0.70196
32,17,0.701059
32,18,0.700677
32,19,0.700639
32,20,0.700674
32,21,0.700489
32,22,0.699869
32,23,0.69873
32,24,0.697142
32,25,0.695309
32,26,0.693496
32,27,0.691972
32,28,0.690946
32,29,0.690537
32,30,0.690764
32,31,0.691572
32,32,0.692849
32,33,0.694462
32,34,0.696274
32,35,0.69815
32,36,0.699969
32,37,0.701603
32,38,0.702935
32,39,0.703857
32,40,0.704297
32,41,0.704239
32,42,0.703734
32,43,0.70289
32,44,0.701841
32,45,0.700711
32,46,0.699599
32,47,0.698568
32,48,0.697667
32,49,0.696943
32,50,0.696455
32,51,0.696256
32,52,0.696373
32,53,0.696779
32,54,0.697383
32,55,0.698045
32,56,0.698607
32,57,0.698926
32,58,0.698926
32,59,0.698626
32,60,0.698133
32,61,0.697615
32,62,0.697236
32,63,0.697109
32,64,0.697249
32,65,0.697591
32,66,0.698037
32,67,0.698508
32,68,0.698996
32,69,0.699563
32,70,0.700305
32,71,0.701285
32,72,0.702481
32,73,0.703765
32,74,0.704921
32,75,0.705699
32,76,0.705881
32,77,0.705338
32,78,0.704062
32,79,0.702159
32,80,0.699838
32,81,0.697367
32,82,0.695013
32,83,0.693002
32,84,0.691474
32,85,0.690473
32,86,0.689948
32,87,0.68979
32,88,0.689873
32,89,0.690096
32,90,0.690396
32,91,0.690745
32,92,0.691122
32,93,0.69149
32,94,0.69179
32,95,0.691961
33,0,0.700163
33,1,0.70098
33,2,0.702433
33,3,0.704217
33,4,0.706027
33,5,0.707626
33,6,0.708899
33,7,0.709815
33,8,0.710383
33,9,0.710585
33,10,0.710375
33,11,0.709703
33,12,0.708576
33,13,0.707101
33,14,0.705487
33,15,0.703999
33,16,0.702875
33,17,0.702248
33,18,0.702098
33,19,0.702247
33,20,0.702425
33,21,0.702342
33,22,0.701787
33,23,0.700691
33,24,0.699138
33,25,0.697349
33,26,0.695601
33,27,0.694164
33,28,0.69323
33,29,0.692889
33,30,0.693123
33,31,0.693842
33,32,0.694909
33,33,0.696185
33,34,0.697545
33,35,0.698887
33,36,0.700132
33,37,0.701202
33,38,0.702025
33,39,0.702527
33,40,0.702661
33,41,0.702417
33,42,0.701841
33,43,0.70103
33,44,0.700103
33,45,0.699173
33,46,0.698324
33,47,0.697608
33,48,0.697057
33,49,0.696699
33,50,0.696568
33,51,0.696689
33,52,0.69706
33,53,0.697628
33,54,0.698286
33,55,0.69889
33,56,0.699293
33,57,0.699379
33,58,0.699111
33,59,0.698544
33,60,0.697816
33,61,0.697108
33,62,0.696582
33,63,0.696332
33,64,0.696351
33,65,0.696556
33,66,0.696845
33,67,0.697157
33,68,0.697515
33,69,0.698026
33,70,0.698821
33,71,0.699982
33,72,0.701475
33,73,0.703129
33,74,0.704672
33,75,0.70579
33,76,0.706224
33,77,0.70583
33,78,0.704613
33,79,0.702714
33,80,0.700381
33,81,0.697905
33,82,0.695562
33,83,0.693558
33,84,0.692004
33,85,0.690911
33,86,0.690205
33,87,0.689772
33,88,0.689496
33,89,0.689303
33,90,0.689164
33,91,0.689086
33,92,0.689078
33,93,0.689132
33,94,0.68921
33,95,0.689265
34,0,0.700518
34,1,0.701219
34,2,0.702454
34,3,0.703947
34,4,0.705427
34,5,0.706699
34,6,0.707682
34,7,0.708377
34,8,0.708812
34,9,0.708976
34,10,0.708823
34,11,0.708295
34,12,0.707386
34,13,0.706191
34,14,0.704902
34,15,0.703769
34,16,0.703012
34,17,0.702747
34,18,0.702933
34,19,0.70338
34,20,0.703802
34,21,0.703905
34,22,0.703484
34,23,0.702478
34,24,0.700995
34,25,0.699275
34,26,0.69761
34,27,0.696274
34,28,0.695448
34,29,0.695194
34,30,0.695461
34,31,0.696121
34,32,0.69701
34,33,0.697979
34,34,0.698908
34,35,0.699723
34,36,0.700383
34,37,0.700859
34,38,0.701129
34,39,0.701166
34,40,0.700957
34,41,0.700509
34,42,0.699872
34,43,0.699131
34,44,0.698388
34,45,0.697729
34,46,0.697215
34,47,0.696873
34,48,0.696712
34,49,0.696736
34,50,0.696952
34,51,0.697361
34,52,0.697934
34,53,0.698598
34,54,0.699235
34,55,0.699704
34,56,0.699876
34,57,0.69967
34,58,0.699088
34,59,0.698227
34,60,0.69725
34,61,0.696347
34,62,0.695672
34,63,0.695298
34,64,0.695193
34,65,0.695262
34,66,0.695402
34,67,0.695572
34,68,0.695829
34,69,0.696317
34,70,0.697199
34,71,0.698568
34,72,0.700379
34,73,0.702425
34,74,0.704384
34,75,0.705895
34,76,0.706659
34,77,0.706517
34,78,0.705475
34,79,0.703687
34,80,0.701416
34,81,0.69896
34,82,0.696587
34,83,0.694488
34,84,0.692759
34,85,0.691401
34,86,0.690347
34,87,0.689504
34,88,0.688789
34,89,0.688161
34,90,0.687622
34,91,0.687197
34,92,0.686907
34,93,0.686749
34,94,0.686684
34,95,0.686669
35,0,0.701017
35,1,0.70158
35,2,0.702561
35,3,0.703722
35,4,0.704838
35,5,0.705756
35,6,0.706429
35,7,0.706876
35,8,0.707132
35,9,0.707191
35,10,0.707005
35,11,0.706517
35,12,0.705723
35,13,0.70472
35,14,0.703698
35,15,0.702897
35,16,0.70252
35,17,0.702658
35,18,0.703241
35,19,0.704051
35,20,0.704781
35,21,0.705128
35,22,0.704885
35,23,0.704006
35,24,0.702617
35,25,0.70098
35,26,0.699407
35,27,0.698174
35,28,0.697457
35,29,0.697295
35,30,0.697607
35,31,0.698233
35,32,0.698984
35,33,0.699698
35,34,0.700256
35,35,0.700602
35,36,0.700724
35,37,0.700637
35,38,0.700369
35,39,0.699939
35,40,0.699377
35,41,0.698721
35,42,0.698027
35,43,0.697375
35,44,0.696843
35,45,0.696488
35,46,0.696337
35,47,0.696388
35,48,0.696622
35,49,0.697018
35,50,0.697562
35,51,0.69823
35,52,0.698973
35,53,0.699699
35,54,0.700281
35,55,0.700583
35,56,0.700495
35,57,0.699971
35,58,0.699053
35,59,0.697873
35,60,0.696622
35,61,0.695495
35,62,0.694639
35,63,0.694106
35,64,0.693849
35,65,0.693763
35,66,0.693754
35,67,0.693802
35,68,0.693994
35,69,0.694505
35,70,0.695518
35,71,0.697128
35,72,0.699275
35,73,0.701722
35,74,0.704109
35,75,0.706038
35,76,0.707183
35,77,0.707367
35,78,0.706586
35,79,0.704991
35,80,0.702836
35,81,0.700407
35,82,0.697955
35,83,0.69566
35,84,0.693617
35,85,0.691843
35,86,0.690304
35,87,0.688952
35,88,0.687753
35,89,0.686702
35,90,0.685824
35,91,0.685148
35,92,0.684686
35,93,0.684419
35,94,0.684293
35,95,0.684249
36,0,0.701574
36,1,0.701993
36,2,0.702716
36,3,0.703549
36,4,0.704318
36,5,0.704911
36,6,0.705306
36,7,0.705529
36,8,0.705611
36,9,0.705537
36,10,0.70526
36,11,0.70473
36,12,0.703959
36,13,0.703062
36,14,0.702235
36,15,0.701716
36,16,0.701692
36,17,0.702223
36,18,0.703207
36,19,0.704391
36,20,0.705443
36,21,0.706047
36,22,0.705995
36,23,0.705254
36,24,0.703968
36,25,0.70242
36,26,0.700934
36,27,0.699794
36,28,0.699169
36,29,0.699083
36,30,0.699431
36,31,0.700033
36,32,0.700678
36,33,0.701195
36,34,0.701463
36,35,0.701431
36,36,0.70111
36,37,0.700543
36,38,0.699799
36,39,0.698943
36,40,0.698048
36,41,0.697186
36,42,0.696432
36,43,0.695862
36,44,0.695533
36,45,0.695471
36,46,0.695671
36,47,0.696099
36,48,0.696709
36,49,0.69746
36,50,0.698317
36,51,0.699237
36,52,0.700151
36,53,0.700948
36,54,0.70149
36,55,0.701642
36,56,0.701311
36,57,0.700479
36,58,0.699227
36,59,0.697721
36,60,0.696173
36,61,0.694787
36,62,0.693703
36,63,0.692962
36,64,0.692507
36,65,0.692235
36,66,0.692065
36,67,0.692002
36,68,0.692158
36,69,0.692726
36,70,0.693896
36,71,0.695755
36,72,0.698226
36,73,0.701045
36,74,0.703827
36,75,0.706153
36,76,0.707679
36,77,0.708216
36,78,0.707745
36,79,0.706396
36,80,0.704397
36,81,0.702004
36,82,0.699445
36,83,0.696889
36,84,0.694441
36,85,0.692156
36,86,0.690052
36,87,0.688144
36,88,0.686453
36,89,0.685015
36,90,0.683867
36,91,0.68303
36,92,0.68249
36,93,0.682198
36,94,0.682071
36,95,0.682032
37,0,0.702116
37,1,0.702402
37,2,0.702889
37,3,0.703434
37,4,0.703915
37,5,0.704257
37,6,0.704451
37,7,0.704519
37,8,0.704471
37,9,0.704278
37,10,0.703889
37,11,0.703271
37,12,0.702459
37,13,0.701594
37,14,0.700891
37,15,0.700588
37,16,0.700857
37,17,0.701729
37,18,0.703063
37,19,0.704577
37,20,0.705913
37,21,0.706744
37,22,0.706864
37,23,0.70625
37,24,0.705063
37,25,0.703598
37,26,0.702189
37,27,0.701119
37,28,0.700553
37,29,0.700502
37,30,0.700852
37,31,0.70141
37,32,0.701961
37,33,0.702327
37,34,0.702384
37,35,0.702084
37,36,0.701442
37,37,0.700515
37,38,0.699397
37,39,0.698189
37,40,0.697005
37,41,0.695951
37,42,0.695125
37,43,0.694609
37,44,0.694445
37,45,0.694637
37,46,0.695147
37,47,0.695916
37,48,0.696876
37,49,0.697967
37,50,0.699139
37,51,0.700329
37,52,0.701446
37,53,0.702359
37,54,0.702913
37,55,0.702971
37,56,0.702448
37,57,0.701353
37,58,0.699798
37,59,0.69798
37,60,0.696134
37,61,0.69447
37,62,0.693125
37,63,0.692137
37,64,0.691446
37,65,0.690959
37,66,0.690611
37,67,0.690432
37,68,0.690553
37,69,0.691174
37,70,0.692481
37,71,0.694547
37,72,0.697271
37,73,0.700373
37,74,0.703454
37,75,0.706092
37,76,0.707942
37,77,0.708806
37,78,0.708651
37,79,0.707576
37,80,0.705766
37,81,0.703436
37,82,0.700779
37,83,0.697955
37,84,0.695085
37,85,0.69227
37,86,0.689594
37,87,0.687142
37,88,0.684995
37,89,0.683224
37,90,0.681874
37,91,0.680949
37,92,0.6804
37,93,0.68014
37,94,0.680055
37,95,0.680042
38,0,0.702615
38,1,0.702787
38,2,0.703078
38,3,0.703395
38,4,0.703667
38,5,0.70385
38,6,0.70394
38,7,0.70394
38,8,0.703829
38,9,0.703558
38,10,0.703072
38,11,0.702351
38,12,0.701465
38,13,0.700585
38,14,0.699948
38,15,0.699795
38,16,0.700281
38,17,0.701409
38,18,0.703006
38,19,0.704762
38,20,0.706302
38,21,0.707295
38,22,0.707541
38,23,0.707029
38,24,0.70593
38,25,0.704541
38,26,0.703195
38,27,0.702168
38,28,0.701614
38,29,0.701539
38,30,0.701828
38,31,0.702294
38,32,0.702731
38,33,0.702968
38,34,0.702883
38,35,0.702422
38,36,0.701593
38,37,0.700448
38,38,0.699087
38,39,0.697629
38,40,0.696217
38,41,0.694995
38,42,0.694085
38,43,0.693584
38,44,0.693534
38,45,0.693921
38,46,0.694689
38,47,0.695758
38,48,0.697045
38,49,0.698473
38,50,0.699976
38,51,0.701471
38,52,0.70284
38,53,0.703928
38,54,0.704562
38,55,0.704594
38,56,0.70395
38,57,0.702658
38,58,0.700859
38,59,0.698778
38,60,0.696667
38,61,0.694745
38,62,0.693149
38,63,0.691912
38,64,0.690977
38,65,0.690264
38,66,0.689726
38,67,0.68941
38,68,0.689463
38,69,0.690084
38,70,0.691446
38,71,0.693604
38,72,0.696439
38,73,0.699664
38,74,0.702883
38,75,0.705688
38,76,0.707746
38,77,0.708863
38,78,0.708992
38,79,0.708193
38,80,0.706603
38,81,0.704379
38,82,0.701676
38,83,0.698637
38,84,0.695402
38,85,0.692117
38,86,0.688935
38,87,0.686011
38,88,0.683482
38,89,0.681451
38,90,0.679968
38,91,0.679012
38,92,0.678501
38,93,0.678308
38,94,0.678287
38,95,0.678311
39,0,0.703066
39,1,0.703145
39,2,0.703279
39,3,0.703428
39,4,0.703566
39,5,0.703674
39,6,0.703746
39,7,0.703757
39,8,0.703652
39,9,0.703353
39,10,0.702802
39,11,0.701997
39,12,0.701038
39,13,0.700128
39,14,0.699524
39,15,0.699466
39,16,0.700094
39,17,0.701384
39,18,0.703138
39,19,0.705023
39,20,0.706663
39,21,0.707732
39,22,0.708043
39,23,0.707598
39,24,0.706572
39,25,0.705256
39,26,0.703965
39,27,0.702956
39,28,0.702365
39,29,0.702195
39,30,0.702342
39,31,0.702644
39,32,0.702922
39,33,0.703027
39,34,0.70285
39,35,0.702326
39,36,0.701445
39,37,0.700233
39,38,0.698775
39,39,0.697188
39,40,0.695631
39,41,0.694277
39,42,0.693279
39,43,0.692758
39,44,0.692766
39,45,0.693291
39,46,0.694268
39,47,0.695605
39,48,0.697203
39,49,0.698973
39,50,0.700827
39,51,0.702656
39,52,0.704317
39,53,0.705625
39,54,0.706388
39,55,0.706454
39,56,0.705755
39,57,0.704341
39,58,0.70238
39,59,0.70012
39,60,0.697827
39,61,0.695724
39,62,0.693942
39,63,0.69251
39,64,0.691371
39,65,0.690453
39,66,0.689722
39,67,0.689241
39,68,0.68916
39,69,0.689675
39,70,0.690947
39,71,0.693013
39,72,0.695751
39,73,0.698877
39,74,0.702019
39,75,0.704798
39,76,0.70691
39,77,0.708172
39,78,0.708521
39,79,0.707983
39,80,0.706634
39,81,0.704572
39,82,0.701901
39,83,0.698745
39,84,0.695258
39,85,0.691627
39,86,0.688065
39,87,0.68479
39,88,0.68199
39,89,0.679792
39,90,0.678247
39,91,0.677314
39,92,0.676877
39,93,0.676775
39,94,0.676831
39,95,0.6769
40,0,0.703472
40,1,0.703475
40,2,0.703485
40,3,0.703508
40,4,0.703561
40,5,0.703645
40,6,0.703749
40,7,0.703817
40,8,0.703759
40,9,0.703475
40,10,0.702898
40,11,0.702045
40,12,0.701044
40,13,0.700121
40,14,0.699547
40,15,0.699556
40,16,0.700268
40,17,0.701633
40,18,0.703434
40,19,0.705332
40,20,0.706958
40,21,0.708007
40,22,0.708315
40,23,0.7079
40,24,0.706938
40,25,0.705698
40,26,0.704465
40,27,0.703459
40,28,0.702792
40,29,0.702463
40,30,0.702388
40,31,0.702446
40,32,0.702506
40,33,0.702462
40,34,0.702223
40,35,0.70172
40,36,0.70091
40,37,0.699781
40,38,0.698377
40,39,0.696794
40,40,0.69519
40,41,0.693758
40,42,0.692686
40,43,0.692126
40,44,0.692158
40,45,0.692782
40,46,0.693935
40,47,0.695519
40,48,0.697423
40,49,0.699535
40,50,0.701744
40,51,0.703911
40,52,0.705861
40,53,0.70739
40,54,0.70829
40,55,0.708412
40,56,0.707704
40,57,0.706239
40,58,0.704212
40,59,0.701889
40,60,0.699542
40,61,0.697388
40,62,0.695545
40,63,0.694028
40,64,0.692773
40,65,0.691705
40,66,0.690798
40,67,0.690118
40,68,0.689819
40,69,0.690088
40,70,0.691081
40,71,0.69283
40,72,0.695221
40,73,0.697997
40,74,0.700823
40,75,0.703368
40,76,0.705365
40,77,0.706648
40,78,0.707142
40,79,0.706831
40,80,0.705732
40,81,0.703877
40,82,0.701321
40,83,0.698164
40,84,0.694565
40,85,0.690744
40,86,0.686963
40,87,0.683491
40,88,0.680554
40,89,0.678299
40,90,0.676776
40,91,0.675926
40,92,0.675604
40,93,0.67562
40,94,0.675769
40,95,0.675889
41,0,0.703812
41,1,0.70375
41,2,0.703654
41,3,0.703572
41,4,0.703554
41,5,0.70362
41,6,0.703755
41,7,0.70388
41,8,0.703875
41,9,0.703624
41,10,0.703056
41,11,0.702201
41,12,0.701209
41,13,0.700319
41,14,0.699801
41,15,0.699876
41,16,0.700635
41,17,0.702007
41,18,0.703759
41,19,0.70556
41,20,0.707062
41,21,0.707998
41,22,0.708235
41,23,0.707816
41,24,0.706909
41,25,0.705758
41,26,0.7046
41,27,0.703604
41,28,0.702846
41,29,0.702319
41,30,0.701965
41,31,0.701716
41,32,0.70151
41,33,0.701296
41,34,0.701017
41,35,0.700602
41,36,0.699972
41,37,0.699059
41,38,0.697853
41,39,0.696405
41,40,0.694861
41,41,0.693426
41,42,0.692319
41,43,0.691732
41,44,0.691781
41,45,0.692493
41,46,0.693814
41,47,0.69564
41,48,0.697843
41,49,0.700286
41,50,0.702823
41,51,0.705283
41,52,0.707466
41,53,0.709153
41,54,0.710139
41,55,0.710291
41,56,0.709584
41,57,0.708123
41,58,0.706126
41,59,0.703871
41,60,0.701625
41,61,0.699587
41,62,0.697847
41,63,0.696393
41,64,0.69514
41,65,0.694004
41,66,0.692951
41,67,0.692047
41,68,0.691443
41,69,0.691324
41,70,0.691844
41,71,0.69305
41,72,0.694854
41,73,0.69704
41,74,0.699333
41,75,0.701455
41,76,0.703185
41,77,0.704373
41,78,0.704932
41,79,0.704803
41,80,0.703943
41,81,0.702321
41,82,0.699942
41,83,0.696883
41,84,0.693305
41,85,0.689451
41,86,0.685619
41,87,0.682112
41,88,0.679184
41,89,0.676994
41,90,0.67559
41,91,0.674895
41,92,0.674742
41,93,0.674912
41,94,0.67518
41,95,0.675365
42,0,0.704067
42,1,0.703945
42,2,0.703749
42,3,0.703557
42,4,0.703449
42,5,0.703463
42,6,0.703581
42,7,0.703714
42,8,0.703729
42,9,0.7035
42,10,0.702959
42,11,0.702149
42,12,0.701227
42,13,0.700431
42,14,0.700016
42,15,0.700173
42,16,0.700965
42,17,0.702292
42,18,0.703917
42,19,0.705525
42,20,0.706806
42,21,0.707542
42,22,0.707648
42,23,0.707192
42,24,0.706341
42,25,0.705302
42,26,0.704253
42,27,0.703301
42,28,0.702473
42,29,0.701751
42,30,0.701102
42,31,0.700523
42,32,0.700027
42,33,0.699636
42,34,0.699334
42,35,0.699054
42,36,0.698683
42,37,0.69809
42,38,0.697197
42,39,0.696002
42,40,0.694623
42,41,0.69327
42,42,0.692191
42,43,0.691621
42,44,0.691719
42,45,0.69254
42,46,0.694044
42,47,0.69612
42,48,0.698615
42,49,0.701354
42,50,0.704154
42,51,0.706813
42,52,0.709112
42,53,0.710835
42,54,0.7118
42,55,0.711909
42,56,0.711178
42,57,0.709751
42,58,0.707868
42,59,0.705807
42,60,0.703818
42,61,0.702064
42,62,0.700594
42,63,0.699354
42,64,0.698228
42,65,0.697108
42,66,0.69595
42,67,0.69481
42,68,0.693837
42,69,0.693218
42,70,0.693117
42,71,0.693606
42,72,0.69464
42,73,0.696063
42,74,0.697664
42,75,0.699231
42,76,0.700583
42,77,0.701587
42,78,0.70214
42,79,0.702138
42,80,0.701483
42,81,0.700086
42,82,0.697912
42,83,0.695015
42,84,0.691559
42,85,0.687802
42,86,0.684065
42,87,0.680672
42,88,0.677893
42,89,0.675891
42,90,0.674707
42,91,0.674251
42,92,0.674332
42,93,0.674708
42,94,0.675129
42,95,0.675395
43,0,0.704248
43,1,0.704067
43,2,0.703768
43,3,0.703447
43,4,0.703207
43,5,0.703101
43,6,0.703119
43,7,0.703178
43,8,0.703145
43,9,0.702902
43,10,0.702392
43,11,0.701662
43,12,0.700866
43,13,0.700225
43,14,0.69996
43,15,0.700224
43,16,0.701037
43,17,0.70228
43,18,0.703713
43,19,0.705049
43,20,0.706029
43,21,0.706496
43,22,0.706422
43,23,0.705909
43,24,0.705123
43,25,0.70423
43,26,0.703344
43,27,0.702497
43,28,0.70166
43,29,0.700794
43,30,0.69989
43,31,0.699004
43,32,0.698233
43,33,0.697676
43,34,0.697367
43,35,0.697249
43,36,0.697179
43,37,0.696965
43,38,0.69646
43,39,0.695602
43,40,0.694475
43,41,0.693288
43,42,0.692314
43,43,0.691829
43,44,0.692033
43,45,0.693011
43,46,0.694733
43,47,0.697071
43,48,0.699839
43,49,0.702819
43,50,0.705786
43,51,0.70851
43,52,0.710769
43,53,0.712369
43,54,0.71317
43,55,0.713134
43,56,0.71233
43,57,0.710942
43,58,0.709229
43,59,0.70746
43,60,0.705849
43,61,0.704512
43,62,0.70344
43,63,0.70253
43,64,0.701624
43,65,0.700589
43,66,0.699362
43,67,0.697994
43,68,0.696632
43,69,0.695468
43,70,0.694684
43,71,0.694384
43,72,0.694573
43,73,0.695162
43,74,0.696008
43,75,0.696963
43,76,0.697886
43,77,0.698653
43,78,0.699143
43,79,0.699211
43,80,0.698707
43,81,0.697496
43,82,0.695513
43,83,0.6928
43,84,0.689521
43,85,0.685947
43,86,0.682412
43,87,0.679252
43,88,0.676738
43,89,0.675032
43,90,0.674165
43,91,0.674029
43,92,0.674413
43,93,0.675048
43,94,0.675661
43,95,0.676029
44,0,0.704415
44,1,0.704176
44,2,0.703765
44,3,0.70329
44,4,0.702867
44,5,0.70256
44,6,0.702382
44,7,0.702265
44,8,0.702102
44,9,0.701796
44,10,0.701304
44,11,0.700676
44,12,0.700048
44,13,0.699607
44,14,0.699527
44,15,0.699907
44,16,0.700729
44,17,0.701849
44,18,0.703035
44,19,0.704037
44,20,0.704657
44,21,0.704809
44,22,0.704528
44,23,0.703953
44,24,0.703252
44,25,0.702551
44,26,0.701894
44,27,0.701236
44,28,0.700483
44,29,0.699566
44,30,0.698492
44,31,0.697371
44,32,0.696376
44,33,0.695684
44,34,0.695381
44,35,0.695428
44,36,0.695659
44,37,0.695832
44,38,0.695735
44,39,0.695251
44,40,0.694429
44,41,0.693472
44,42,0.692674
44,43,0.692344
44,44,0.69272
44,45,0.69391
44,46,0.695883
44,47,0.698489
44,48,0.701501
44,49,0.70465
44,50,0.707672
44,51,0.710316
44,52,0.712372
44,53,0.713688
44,54,0.714187
44,55,0.713903
44,56,0.712967
44,57,0.711606
44,58,0.710086
44,59,0.708657
44,60,0.707486
44,61,0.706627
44,62,0.706009
44,63,0.705474
44,64,0.704824
44,65,0.703901
44,66,0.702633
44,67,0.701067
44,68,0.699351
44,69,0.697685
44,70,0.696268
44,71,0.695236
44,72,0.694641
44,73,0.694452
44,74,0.694593
44,75,0.694969
44,76,0.695475
44,77,0.695993
44,78,0.696384
44,79,0.696466
44,80,0.696047
44,81,0.694961
44,82,0.693122
44,83,0.690569
44,84,0.687476
44,85,0.68412
44,86,0.680846
44,87,0.677989
44,88,0.675817
44,89,0.674483
44,90,0.674003
44,91,0.674252
44,92,0.674994
44,93,0.675935
44,94,0.676771
44,95,0.677258
45,0,0.704684
45,1,0.704386
45,2,0.703857
45,3,0.703204
45,4,0.702547
45,5,0.701967
45,6,0.701501
45,7,0.701119
45,8,0.700751
45,9,0.700334
45,10,0.699843
45,11,0.699324
45,12,0.698885
45,13,0.698664
45,14,0.698774
45,15,0.699258
45,16,0.700056
45,17,0.701008
45,18,0.7019
45,19,0.702524
45,20,0.702752
45,21,0.70257
45,22,0.70208
45,23,0.701459
45,24,0.700876
45,25,0.700417
45,26,0.70006
45,27,0.699679
45,28,0.699115
45,29,0.698262
45,30,0.697132
45,31,0.695877
45,32,0.694737
45,33,0.693954
45,34,0.69367
45,35,0.693865
45,36,0.694361
45,37,0.694881
45,38,0.695159
45,39,0.695033
45,40,0.694522
45,41,0.693821
45,42,0.693238
45,43,0.693112
45,44,0.693705
45,45,0.695141
45,46,0.69738
45,47,0.700243
45,48,0.703452
45,49,0.706692
45,50,0.70966
45,51,0.712098
45,52,0.713821
45,53,0.714731
45,54,0.714829
45,55,0.714226
45,56,0.713117
45,57,0.711763
45,58,0.71043
45,59,0.709335
45,60,0.70859
45,61,0.708182
45,62,0.707979
45,63,0.707774
45,64,0.70734
45,65,0.706508
45,66,0.705206
45,67,0.703487
45,68,0.701507
45,69,0.699472
45,70,0.697592
45,71,0.696017
45,72,0.694832
45,73,0.694049
45,74,0.693641
45,75,0.693556
45,76,0.693717
45,77,0.694015
45,78,0.694292
45,79,0.694342
45,80,0.693942
45,81,0.692907
45,82,0.691146
45,83,0.688702
45,84,0.685762
45,85,0.682613
45,86,0.679604
45,87,0.677068
45,88,0.675263
45,89,0.67433
45,90,0.674268
45,91,0.674932
45,92,0.67606
45,93,0.677328
45,94,0.678404
45,95,0.679018
46,0,0.705205
46,1,0.704847
46,2,0.704192
46,3,0.70334
46,4,0.702413
46,5,0.701507
46,6,0.70069
46,7,0.69998
46,8,0.699358
46,9,0.6988
46,10,0.698298
46,11,0.697888
46,12,0.697639
46,13,0.697628
46,14,0.697905
46,15,0.698455
46,16,0.699182
46,17,0.69992
46,18,0.700478
46,19,0.700703
46,20,0.700533
46,21,0.700029
46,22,0.699354
46,23,0.698719
46,24,0.69829
46,25,0.698118
46,26,0.698116
46,27,0.698086
46,28,0.697802
46,29,0.697123
46,30,0.696053
46,31,0.694775
46,32,0.693579
46,33,0.692762
46,34,0.69251
46,35,0.692827
46,36,0.693535
46,37,0.694328
46,38,0.69491
46,39,0.695081
46,40,0.694836
46,41,0.694367
46,42,0.693991
46,43,0.694066
46,44,0.694876
46,45,0.696548
46,46,0.69903
46,47,0.702104
46,48,0.705448
46,49,0.7087
46,50,0.71153
46,51,0.713679
46,52,0.714998
46,53,0.715452
46,54,0.71512
46,55,0.714184
46,56,0.712896
46,57,0.711539
46,58,0.710365
46,59,0.70955
46,60,0.709146
46,61,0.709078
46,62,0.70916
46,63,0.709153
46,64,0.708821
46,65,0.708003
46,66,0.70665
46,67,0.704833
46,68,0.70272
46,69,0.70052
46,70,0.698435
46,71,0.696612
46,72,0.695137
46,73,0.694041
46,74,0.693322
46,75,0.692959
46,76,0.692897
46,77,0.693034
46,78,0.693206
46,79,0.693192
46,80,0.692754
46,81,0.691701
46,82,0.689945
46,83,0.687542
46,84,0.684694
46,85,0.6817
46,86,0.678913
46,87,0.676661
46,88,0.675193
46,89,0.674636
46,90,0.674972
46,91,0.676033
46,92,0.677533
46,93,0.679118
46,94,0.680426
46,95,0.681163
47,0,0.706085
47,1,0.705665
47,2,0.704879
47,3,0.703818
47,4,0.702603
47,5,0.701349
47,6,0.700162
47,7,0.699109
47,8,0.698226
47,9,0.697528
47,10,0.697019
47,11,0.696716
47,12,0.696641
47,13,0.69681
47,14,0.697207
47,15,0.697767
47,16,0.698368
47,17,0.698848
47,18,0.699051
47,19,0.698878
47,20,0.698336
47,21,0.69755
47,22,0.696734
47,23,0.696123
47,24,0.695878
47,25,0.696016
47,26,0.696393
47,27,0.696748
47,28,0.696801
47,29,0.696371
47,30,0.695458
47,31,0.694257
47,32,0.693093
47,33,0.692303
47,34,0.692107
47,35,0.69253
47,36,0.693395
47,37,0.694386
47,38,0.695181
47,39,0.695559
47,40,0.695498
47,41,0.695185
47,42,0.69495
47,43,0.695165
47,44,0.696127
47,45,0.697965
47,46,0.700612
47,47,0.703818
47,48,0.707218
47,49,0.710412
47,50,0.713052
47,51,0.714889
47,52,0.71581
47,53,0.71584
47,54,0.715126
47,55,0.713913
47,56,0.712487
47,57,0.711137
47,58,0.71009
47,59,0.709471
47,60,0.709275
47,61,0.709371
47,62,0.709539
47,63,0.70953
47,64,0.709127
47,65,0.708204
47,66,0.706758
47,67,0.704895
47,68,0.702798
47,69,0.700671
47,70,0.698687
47,71,0.69696
47,72,0.695548
47,73,0.694466
47,74,0.693715
47,75,0.69329
47,76,0.693152
47,77,0.69321
47,78,0.693307
47,79,0.693218
47,80,0.692705
47,81,0.69158
47,82,0.689766
47,83,0.687336
47,84,0.684506
47,85,0.68159
47,86,0.678943
47,87,0.676893
47,88,0.675681
47,89,0.675423
47,90,0.676083
47,91,0.677476
47,92,0.679289
47,93,0.681143
47,94,0.682649
47,95,0.683492
48,0,0.70734
48,1,0.706856
48,2,0.705936
48,3,0.704666
48,4,0.703173
48,5,0.701591
48,6,0.700065
48,7,0.698711
48,8,0.697612
48,9,0.696813
48,10,0.696322
48,11,0.696129
48,12,0.696207
48,13,0.69651
48,14,0.696968
48,15,0.697475
48,16,0.697898
48,17,0.698092
48,18,0.69794
48,19,0.697399
48,20,0.696536
48,21,0.695527
48,22,0.694623
48,23,0.69407
48,24,0.694019
48,25,0.694453
48,26,0.695186
48,27,0.695909
48,28,0.6963
48,29,0.696151
48,30,0.695452
48,31,0.694406
48,32,0.693355
48,33,0.69266
48,34,0.692563
48,35,0.6931
48,36,0.694096
48,37,0.695228
48,38,0.696158
48,39,0.696649
48,40,0.696669
48,41,0.696404
48,42,0.696193
48,43,0.696425
48,44,0.697412
48,45,0.699288
48,46,0.701973
48,47,0.705195
48,48,0.708556
48,49,0.711633
48,50,0.714065
48,51,0.715617
48,52,0.716212
48,53,0.715922
48,54,0.714948
48,55,0.713569
48,56,0.71209
48,57,0.710784
48,58,0.709841
48,59,0.709331
48,60,0.709194
48,61,0.709256
48,62,0.709283
48,63,0.709042
48,64,0.708366
48,65,0.707196
48,66,0.705597
48,67,0.703724
48,68,0.701781
48,69,0.699952
48,70,0.698363
48,71,0.697064
48,72,0.696052
48,73,0.695299
48,74,0.694786
48,75,0.69451
48,76,0.694443
48,77,0.694514
48,78,0.69458
48,79,0.694426
48,80,0.693826
48,81,0.6926
48,82,0.690686
48,83,0.688173
48,84,0.685292
48,85,0.682368
48,86,0.679763
48,87,0.677807
48,88,0.676737
48,89,0.67666
48,90,0.677531
48,91,0.679147
48,92,0.681177
48,93,0.68322
48,94,0.684866
48,95,0.685783
49,0,0.708854
49,1,0.708305
49,2,0.707256
49,3,0.705795
49,4,0.704059
49,5,0.70221
49,6,0.700427
49,7,0.698868
49,8,0.697648
49,9,0.696826
49,10,0.696401
49,11,0.696331
49,12,0.696537
49,13,0.696926
49,14,0.697382
49,15,0.69778
49,16,0.697988
49,17,0.697888
49,18,0.697408
49,19,0.696555
49,20,0.695443
49,21,0.694283
49,22,0.693342
49,23,0.692866
49,24,0.692988
49,25,0.693667
49,26,0.694685
49,27,0.695705
49,28,0.696382
49,29,0.696496
49,30,0.69603
49,31,0.69519
49,32,0.694325
49,33,0.693802
49,34,0.693869
49,35,0.694564
49,36,0.695708
49,37,0.696965
49,38,0.697984
49,39,0.698513
49,40,0.698512
49,41,0.698171
49,42,0.697839
49,43,0.697928
49,44,0.698769
49,45,0.70051
49,46,0.703072
49,47,0.706171
49,48,0.709393
49,49,0.712301
49,50,0.714531
49,51,0.715863
49,52,0.716245
49,53,0.715783
49,54,0.714704
49,55,0.713307
49,56,0.711884
49,57,0.710682
49,58,0.70984
49,59,0.70937
49,60,0.709159
49,61,0.709007
49,62,0.708681
49,63,0.707994
49,64,0.706855
49,65,0.7053
49,66,0.703482
49,67,0.701619
49,68,0.699931
49,69,0.698576
49,70,0.69761
49,71,0.696997
49,72,0.696646
49,73,0.696466
49,74,0.696401
49,75,0.696438
49,76,0.696563
49,77,0.696727
49,78,0.696809
49,79,0.696618
49,80,0.695942
49,81,0.694617
49,82,0.692592
49,83,0.689968
49,84,0.686989
49,85,0.683986
49,86,0.681333
49,87,0.67936
49,88,0.678308
49,89,0.67828
49,90,0.679226
49,91,0.680933
49,92,0.683057
49,93,0.685186
49,94,0.686896
49,95,0.687848
50,0,0.710391
50,1,0.709781
50,2,0.708615
50,3,0.706996
50,4,0.705083
50,5,0.703064
50,6,0.70115
50,7,0.699524
50,8,0.698315
50,9,0.697576
50,10,0.697283
50,11,0.697355
50,12,0.697672
50,13,0.698098
50,14,0.698498
50,15,0.698742
50,16,0.698717
50,17,0.698341
50,18,0.697584
50,19,0.696496
50,20,0.695221
50,21,0.693984
50,22,0.693051
50,23,0.692653
50,24,0.692904
50,25,0.693742
50,26,0.694935
50,27,0.696141
50,28,0.697012
50,29,0.697332
50,30,0.697086
50,31,0.696481
50,32,0.695864
50,33,0.695596
50,34,0.695916
50,35,0.696849
50,36,0.698198
50,37,0.699608
50,38,0.700709
50,39,0.701234
50,40,0.701134
50,41,0.700603
50,42,0.700007
50,43,0.699785
50,44,0.700299
50,45,0.701722
50,46,0.703991
50,47,0.706824
50,48,0.709807
50,49,0.7125
50,50,0.714543
50,51,0.715725
50,52,0.716012
50,53,0.715526
50,54,0.714501
50,55,0.713229
50,56,0.711978
50,57,0.710948
50,58,0.710223
50,59,0.709755
50,60,0.709383
50,61,0.708887
50,62,0.708057
50,63,0.706768
50,64,0.705027
50,65,0.702984
50,66,0.700893
50,67,0.699042
50,68,0.697666
50,69,0.696883
50,70,0.69667
50,71,0.696885
50,72,0.69734
50,73,0.697865
50,74,0.698359
50,75,0.698798
50,76,0.699182
50,77,0.699489
50,78,0.699628
50,79,0.699434
50,80,0.698716
50,81,0.69732
50,82,0.695208
50,83,0.692483
50,84,0.689394
50,85,0.686279
50,86,0.683517
50,87,0.681443
50,88,0.680304
50,89,0.680204
50,90,0.681093
50,91,0.682754
50,92,0.684843
50,93,0.686944
50,94,0.688634
50,95,0.689575
51,0,0.711642
51,1,0.710979
51,2,0.70972
51,3,0.707993
51,4,0.705985
51,5,0.703918
51,6,0.702021
51,7,0.700488
51,8,0.699438
51,9,0.6989
51,10,0.698814
51,11,0.699054
51,12,0.699467
51,13,0.699896
51,14,0.700199
51,15,0.700262
51,16,0.700007
51,17,0.699391
51,18,0.698426
51,19,0.697192
51,20,0.695845
51,21,0.694605
51,22,0.693719
51,23,0.69339
51,24,0.69371
51,25,0.694608
51,26,0.695853
51,27,0.697115
51,28,0.69807
51,29,0.698519
51,30,0.698459
51,31,0.698101
51,32,0.697784
51,33,0.697853
51,34,0.698522
51,35,0.699789
51,36,0.701428
51,37,0.703054
51,38,0.704267
51,39,0.704782
51,40,0.704539
51,41,0.703736
51,42,0.702765
51,43,0.702095
51,44,0.702129
51,45,0.703076
51,46,0.704902
51,47,0.707343
51,48,0.709996
51,49,0.712428
51,50,0.714287
51,51,0.715371
51,52,0.71565
51,53,0.71525
51,54,0.714396
51,55,0.713357
51,56,0.712365
51,57,0.711568
51,58,0.710989
51,59,0.71052
51,60,0.709958
51,61,0.709067
51,62,0.707669
51,63,0.705711
51,64,0.70331
51,65,0.700736
51,66,0.698352
51,67,0.696508
51,68,0.695455
51,69,0.695265
51,70,0.695824
51,71,0.696885
51,72,0.698154
51,73,0.699387
51,74,0.700438
51,75,0.701276
51,76,0.701919
51,77,0.702374
51,78,0.702587
51,79,0.70242
51,80,0.701702
51,81,0.700291
51,82,0.698146
51,83,0.69537
51,84,0.692206
51,85,0.688995
51,86,0.686114
51,87,0.683905
51,88,0.682618
51,89,0.682361
51,90,0.683087
51,91,0.684585
51,92,0.686516
51,93,0.688479
51,94,0.690065
51,95,0.69095
52,0,0.712321
52,1,0.711617
52,2,0.710295
52,3,0.708517
52,4,0.706505
52,5,0.704511
52,6,0.702777
52,7,0.70149
52,8,0.70074
52,9,0.700513
52,10,0.700703
52,11,0.701142
52,12,0.701649
52,13,0.702058
52,14,0.702241
52,15,0.702119
52,16,0.701653
52,17,0.700849
52,18,0.699754
52,19,0.698466
52,20,0.697137
52,21,0.695966
52,22,0.695161
52,23,0.694893
52,24,0.69523
52,25,0.696097
52,26,0.697282
52,27,0.698484
52,28,0.699417
52,29,0.699915
52,30,0.7
52,31,0.699885
52,32,0.6999
52,33,0.700366
52,34,0.701464
52,35,0.703152
52,36,0.705163
52,37,0.707072
52,38,0.708445
52,39,0.708969
52,40,0.708576
52,41,0.70747
52,42,0.706065
52,43,0.704869
52,44,0.70433
52,45,0.7047
52,46,0.705979
52,47,0.707934
52,48,0.710182
52,49,0.712304
52,50,0.71396
52,51,0.714953
52,52,0.715255
52,53,0.714985
52,54,0.714352
52,55,0.713595
52,56,0.712905
52,57,0.712377
52,58,0.711974
52,59,0.711532
52,60,0.710806
52,61,0.709552
52,62,0.70762
52,63,0.705034
52,64,0.702013
52,65,0.698944
52,66,0.696291
52,67,0.694464
52,68,0.693715
52,69,0.69407
52,70,0.695328
52,71,0.697138
52,72,0.699113
52,73,0.70094
52,74,0.702443
52,75,0.703588
52,76,0.704418
52,77,0.704978
52,78,0.70525
52,79,0.705127
52,80,0.704452
52,81,0.70309
52,82,0.700992
52,83,0.698248
52,84,0.69509
52,85,0.691849
52,86,0.688898
52,87,0.686578
52,88,0.685138
52,89,0.68469
52,90,0.68519
52,91,0.686437
52,92,0.688113
52,93,0.689843
52,94,0.691249
52,95,0.692036
53,0,0.712228
53,1,0.711498
53,2,0.710146
53,3,0.708372
53,4,0.706436
53,5,0.704617
53,6,0.703162
53,7,0.702238
53,8,0.701893
53,9,0.702063
53,10,0.702585
53,11,0.703252
53,12,0.703861
53,13,0.704251
53,14,0.70432
53,15,0.70403
53,16,0.703394
53,17,0.702463
53,18,0.701318
53,19,0.700064
53,20,0.698839
53,21,0.697802
53,22,0.697118
53,23,0.696916
53,24,0.697241
53,25,0.698019
53,26,0.699064
53,27,0.700119
53,28,0.700949
53,29,0.701429
53,30,0.70161
53,31,0.701715
53,32,0.702061
53,33,0.702944
53,34,0.704504
53,35,0.706656
53,36,0.709083
53,37,0.711318
53,38,0.712886
53,39,0.713453
53,40,0.712935
53,41,0.711546
53,42,0.709722
53,43,0.708004
53,44,0.706881
53,45,0.706647
53,46,0.707341
53,47,0.708761
53,48,0.710549
53,49,0.712307
53,50,0.71371
53,51,0.71457
53,52,0.714861
53,53,0.714693
53,54,0.714256
53,55,0.713763
53,56,0.713364
53,57,0.713107
53,58,0.7129
53,59,0.712528
53,60,0.711711
53,61,0.710194
53,62,0.707853
53,63,0.704774
53,64,0.701268
53,65,0.697821
53,66,0.694977
53,67,0.693193
53,68,0.692719
53,69,0.693531
53,70,0.695351
53,71,0.697738
53,72,0.700228
53,73,0.702457
53,74,0.704231
53,75,0.705528
53,76,0.706423
53,77,0.707001
53,78,0.707286
53,79,0.707199
53,80,0.7066
53,81,0.705348
53,82,0.703382
53,83,0.700771
53,84,0.697726
53,85,0.69456
53,86,0.691633
53,87,0.689279
53,88,0.687738
53,89,0.687119
53,90,0.68738
53,91,0.688333
53,92,0.68969
53,93,0.691117
53,94,0.692285
53,95,0.692939
54,0,0.711312
54,1,0.71057
54,2,0.709217
54,3,0.707488
54,4,0.705682
54,5,0.704101
54,6,0.702991
54,7,0.702492
54,8,0.702609
54,9,0.703218
54,10,0.704107
54,11,0.70503
54,12,0.705767
54,13,0.706166
54,14,0.706156
54,15,0.705744
54,16,0.704998
54,17,0.704012
54,18,0.702894
54,19,0.701754
54,20,0.700705
54,21,0.699861
54,22,0.699339
54,23,0.699221
54,24,0.699532
54,25,0.700201
54,26,0.701071
54,27,0.701935
54,28,0.702609
54,29,0.703019
54,30,0.703245
54,31,0.703522
54,32,0.704156
54,33,0.705416
54,34,0.707405
54,35,0.709993
54,36,0.712816
54,37,0.715367
54,38,0.71714
54,39,0.717776
54,40,0.717186
54,41,0.715585
54,42,0.713427
54,43,0.711275
54,44,0.709648
54,45,0.708869
54,46,0.709007
54,47,0.709889
54,48,0.711186
54,49,0.712524
54,50,0.7136
54,51,0.714243
54,52,0.714433
54,53,0.714276
54,54,0.71395
54,55,0.713643
54,56,0.713476
54,57,0.713455
54,58,0.713447
54,59,0.713193
54,60,0.712382
54,61,0.710748
54,62,0.708185
54,63,0.704824
54,64,0.70104
54,65,0.697392
54,66,0.694481
54,67,0.692792
54,68,0.692566
54,69,0.693734
54,70,0.69595
54,71,0.698708
54,72,0.701485
54,73,0.703888
54,74,0.70572
54,75,0.706982
54,76,0.707791
54,77,0.708278
54,78,0.708505
54,79,0.708426
54,80,0.70791
54,81,0.706811
54,82,0.70505
54,83,0.702667
54,84,0.699845
54,85,0.696873
54,86,0.69409
54,87,0.691812
54,88,0.690264
54,89,0.68954
54,90,0.689597
54,91,0.690261
54,92,0.691278
54,93,0.692367
54,94,0.693263
54,95,0.693766
55,0,0.709695
55,1,0.708952
55,2,0.707614
55,3,0.705952
55,4,0.704295
55,5,0.702964
55,6,0.702202
55,7,0.702126
55,8,0.702698
55,9,0.703745
55,10,0.705009
55,11,0.70621
55,12,0.707116
55,13,0.70758
55,14,0.707561
55,15,0.707106
55,16,0.70633
55,17,0.705368
55,18,0.704352
55,19,0.70339
55,20,0.70257
55,21,0.701965
55,22,0.70164
55,23,0.701637
55,24,0.701956
55,25,0.70253
55,26,0.70323
55,27,0.703894
55,28,0.704392
55,29,0.704692
55,30,0.704906
55,31,0.705279
55,32,0.70611
55,33,0.707644
55,34,0.709951
55,35,0.712864
55,36,0.715987
55,37,0.718784
55,38,0.720728
55,39,0.72145
55,40,0.720856
55,41,0.719159
55,42,0.716816
55,43,0.714397
55,44,0.712424
55,45,0.711231
55,46,0.710901
55,47,0.711285
55,48,0.712081
55,49,0.712948
55,50,0.713613
55,51,0.713932
55,52,0.7139
55,53,0.71363
55,54,0.713294
55,55,0.713065
55,56,0.71304
55,57,0.713197
55,58,0.71337
55,59,0.713272
55,60,0.712566
55,61,0.710977
55,62,0.708405
55,63,0.705005
55,64,0.701188
55,65,0.697551
55,66,0.694723
55,67,0.693197
55,68,0.693197
55,69,0.694619
55,70,0.697068
55,71,0.699991
55,72,0.702834
55,73,0.705191
55,74,0.706878
55,75,0.70793
55,76,0.708508
55,77,0.70879
55,78,0.708881
55,79,0.708763
55,80,0.708315
55,81,0.707384
55,82,0.705868
55,83,0.703777
55,84,0.701264
55,85,0.69859
55,86,0.696066
55,87,0.693983
55,88,0.692541
55,89,0.691812
55,90,0.691741
55,91,0.692167
55,92,0.692873
55,93,0.693635
55,94,0.694259
55,95,0.694607
56,0,0.707641
56,1,0.7069
56,2,0.705582
56,3,0.703982
56,4,0.702455
56,5,0.701335
56,6,0.700867
56,7,0.701148
56,8,0.702111
56,9,0.703549
56,10,0.705168
56,11,0.706663
56,12,0.707787
56,13,0.708396
56,14,0.708466
56,15,0.708074
56,16,0.707367
56,17,0.706515
56,18,0.705665
56,19,0.704927
56,20,0.704366
56,21,0.704021
56,22,0.703913
56,23,0.704049
56,24,0.704406
56,25,0.704918
56,26,0.70548
56,27,0.705964
56,28,0.706283
56,29,0.706445
56,30,0.706586
56,31,0.706961
56,32,0.707861
56,33,0.709512
56,34,0.711963
56,35,0.715023
56,36,0.718284
56,37,0.721201
56,38,0.723248
56,39,0.724058
56,40,0.723537
56,41,0.721892
56,42,0.719562
56,43,0.717095
56,44,0.71499
56,45,0.713562
56,46,0.712893
56,47,0.712846
56,48,0.713151
56,49,0.713506
56,50,0.713682
56,51,0.713573
56,52,0.713202
56,53,0.712697
56,54,0.712233
56,55,0.711971
56,56,0.711996
56,57,0.712264
56,58,0.71259
56,59,0.712669
56,60,0.712153
56,61,0.710756
56,62,0.708378
56,63,0.705177
56,64,0.701567
56,65,0.69815
56,66,0.695552
56,67,0.694255
56,68,0.694462
56,69,0.696042
56,70,0.698573
56,71,0.701477
56,72,0.704193
56,73,0.706321
56,74,0.707701
56,75,0.708405
56,76,0.708637
56,77,0.708623
56,78,0.708507
56,79,0.708297
56,80,0.707882
56,81,0.707101
56,82,0.70583
56,83,0.704053
56,84,0.701893
56,85,0.69958
56,86,0.6974
56,87,0.695613
56,88,0.694388
56,89,0.693766
56,90,0.693676
56,91,0.69396
56,92,0.694432
56,93,0.694927
56,94,0.695317
56,95,0.69553
57,0,0.705509
57,1,0.704767
57,2,0.703457
57,3,0.701891
57,4,0.700441
57,5,0.699453
57,6,0.699175
57,7,0.699697
57,8,0.700941
57,9,0.702682
57,10,0.704609
57,11,0.706399
57,12,0.707791
57,13,0.708635
57,14,0.708908
57,15,0.708699
57,16,0.708173
57,17,0.707516
57,18,0.706886
57,19,0.706394
57,20,0.706092
57,21,0.705996
57,22,0.706096
57,23,0.706373
57,24,0.706788
57,25,0.707271
57,26,0.70773
57,27,0.708064
57,28,0.708216
57,29,0.708222
57,30,0.708235
57,31,0.708513
57,32,0.70934
57,33,0.710929
57,34,0.713318
57,35,0.716314
57,36,0.719515
57,37,0.722399
57,38,0.724462
57,39,0.725355
57,40,0.724991
57,41,0.723558
57,42,0.721458
57,43,0.719185
57,44,0.71718
57,45,0.715716
57,46,0.71485
57,47,0.714454
57,48,0.71429
57,49,0.71411
57,50,0.713742
57,51,0.71313
57,52,0.712337
57,53,0.711512
57,54,0.710835
57,55,0.710461
57,56,0.710462
57,57,0.710782
57,58,0.711228
57,59,0.711489
57,60,0.711217
57,61,0.710125
57,62,0.708104
57,63,0.705297
57,64,0.702097
57,65,0.699074
57,66,0.696825
57,67,0.695802
57,68,0.696186
57,69,0.697829
57,70,0.700302
57,71,0.703032
57,72,0.705468
57,73,0.707234
57,74,0.708199
57,75,0.708469
57,76,0.70829
57,77,0.707926
57,78,0.707553
57,79,0.707203
57,80,0.706774
57,81,0.706099
57,82,0.705038
57,83,0.703551
57,84,0.701736
57,85,0.699801
57,86,0.698004
57,87,0.696579
57,88,0.69566
57,89,0.695256
57,90,0.695274
57,91,0.695546
57,92,0.695911
57,93,0.696245
57,94,0.696481
57,95,0.696599
58,0,0.703685
58,1,0.702932
58,2,0.701606
58,3,0.700027
58,4,0.698578
58,5,0.697614
58,6,0.697392
58,7,0.698007
58,8,0.699389
58,9,0.701316
58,10,0.703477
58,11,0.705541
58,12,0.707237
58,13,0.708399
58,14,0.708988
58,15,0.709083
58,16,0.708845
58,17,0.708457
58,18,0.708084
58,19,0.707835
58,20,0.70776
58,21,0.707866
58,22,0.708131
58,23,0.708522
58,24,0.708988
58,25,0.709457
58,26,0.709843
58,27,0.710058
58,28,0.710063
58,29,0.709907
58,30,0.709751
58,31,0.70985
58,32,0.71048
58,33,0.711842
58,34,0.713976
58,35,0.716703
58,36,0.719656
58,37,0.722357
58,38,0.72435
58,39,0.725325
58,40,0.725199
58,41,0.724135
58,42,0.722472
58,43,0.72062
58,44,0.718933
58,45,0.717611
58,46,0.716679
58,47,0.71601
58,48,0.71541
58,49,0.714693
58,50,0.713758
58,51,0.712614
58,52,0.711368
58,53,0.710193
58,54,0.709273
58,55,0.708755
58,56,0.708695
58,57,0.709029
58,58,0.709563
58,59,0.709996
58,60,0.70999
58,61,0.709267
58,62,0.707709
58,63,0.705431
58,64,0.70278
58,65,0.700269
58,66,0.69844
58,67,0.697703
58,68,0.698212
58,69,0.699815
58,70,0.7021
58,71,0.704521
58,72,0.70656
58,73,0.707876
58,74,0.70837
58,75,0.708179
58,76,0.707575
58,77,0.706849
58,78,0.706202
58,79,0.705682
58,80,0.705195
58,81,0.704572
58,82,0.703662
58,83,0.702411
58,84,0.700895
58,85,0.699308
58,86,0.69789
58,87,0.69685
58,88,0.696298
58,89,0.69621
58,90,0.696461
58,91,0.696873
58,92,0.697285
58,93,0.697602
58,94,0.697792
58,95,0.697875
59,0,0.702527
59,1,0.701749
59,2,0.700374
59,3,0.698725
59,4,0.69719
59,5,0.696131
59,6,0.695817
59,7,0.696365
59,8,0.697724
59,9,0.699698
59,10,0.701992
59,11,0.704282
59,12,0.706288
59,13,0.707822
59,14,0.708814
59,15,0.709312
59,16,0.709447
59,17,0.709386
59,18,0.709284
59,19,0.709251
59,20,0.709345
59,21,0.709577
59,22,0.709933
59,23,0.710379
59,24,0.710864
59,25,0.711312
59,26,0.711638
59,27,0.711758
59,28,0.711638
59,29,0.71133
59,30,0.710991
59,31,0.710867
59,32,0.711219
59,33,0.71224
59,34,0.713978
59,35,0.716284
59,36,0.718844
59,37,0.721249
59,38,0.723115
59,39,0.724177
59,40,0.724365
59,41,0.723801
59,42,0.722745
59,43,0.721495
59,44,0.720292
59,45,0.71925
59,46,0.718347
59,47,0.717466
59,48,0.71646
59,49,0.715222
59,50,0.713735
59,51,0.712076
59,52,0.710402
59,53,0.708906
59,54,0.70777
59,55,0.707123
59,56,0.707003
59,57,0.707336
59,58,0.707934
59,59,0.708514
59,60,0.708765
59,61,0.708427
59,62,0.707375
59,63,0.705692
59,64,0.70366
59,65,0.701718
59,66,0.700331
59,67,0.699851
59,68,0.700409
59,69,0.701862
59,70,0.703832
59,71,0.705825
59,72,0.707378
59,73,0.708194
59,74,0.708207
59,75,0.707573
59,76,0.706578
59,77,0.705524
59,78,0.704619
59,79,0.703924
59,80,0.703352
59,81,0.702735
59,82,0.701917
59,83,0.700834
59,84,0.699555
59,85,0.69826
59,86,0.697184
59,87,0.696521
59,88,0.696362
59,89,0.696656
59,90,0.697254
59,91,0.697949
59,92,0.698572
59,93,0.699025
59,94,0.699292
59,95,0.699409
60,0,0.702301
60,1,0.701484
60,2,0.700027
60,3,0.698252
60,4,0.696546
60,5,0.695279
60,6,0.694734
60,7,0.695053
60,8,0.696224
60,9,0.698092
60,10,0.700395
60,11,0.702829
60,12,0.70511
60,13,0.707026
60,14,0.708467
60,15,0.709426
60,16,0.709988
60,17,0.710283
60,18,0.710447
60,19,0.710587
60,20,0.710776
60,21,0.711047
60,22,0.711404
60,23,0.71183
60,24,0.71228
60,25,0.712681
60,26,0.712945
60,27,0.712986
60,28,0.712766
60,29,0.712332
60,30,0.711829
60,31,0.711483
60,32,0.711537
60,33,0.712174
60,34,0.713452
60,35,0.715261
60,36,0.717353
60,37,0.719407
60,38,0.72112
60,39,0.722285
60,40,0.722843
60,41,0.722871
60,42,0.722531
60,43,0.721993
60,44,0.721372
60,45,0.720686
60,46,0.719866
60,47,0.718806
60,48,0.717422
60,49,0.715692
60,50,0.713692
60,51,0.711573
60,52,0.709536
60,53,0.70779
60,54,0.706504
60,55,0.705777
60,56,0.705625
60,57,0.70596
60,58,0.706601
60,59,0.707296
60,60,0.707772
60,61,0.707794
60,62,0.707242
60,63,0.70616
60,64,0.704761
60,65,0.703391
60,66,0.702423
60,67,0.702145
60,68,0.702664
60,69,0.703853
60,70,0.705391
60,71,0.706855
60,72,0.707856
60,73,0.708151
60,74,0.707705
60,75,0.706683
60,76,0.705365
60,77,0.704047
60,78,0.702935
60,79,0.702089
60,80,0.70143
60,81,0.700795
60,82,0.700028
60,83,0.699062
60,84,0.697961
60,85,0.696903
60,86,0.696119
60,87,0.695801
60,88,0.69603
60,89,0.69674
60,90,0.697758
60,91,0.69885
60,92,0.699819
60,93,0.700547
60,94,0.701003
60,95,0.701215
61,0,0.703163
61,1,0.702295
61,2,0.700731
61,3,0.698786
61,4,0.696843
61,5,0.695273
61,6,0.694375
61,7,0.694322
61,8,0.695147
61,9,0.696748
61,10,0.698913
61,11,0.701373
61,12,0.703848
61,13,0.706106
61,14,0.707984
61,15,0.709416
61,16,0.710419
61,17,0.711071
61,18,0.711479
61,19,0.711746
61,20,0.711961
61,21,0.712187
61,22,0.712461
61,23,0.712791
61,24,0.713148
61,25,0.713466
61,26,0.713655
61,27,0.713628
61,28,0.713336
61,29,0.712817
61,30,0.712195
61,31,0.711674
61,32,0.711469
61,33,0.711751
61,34,0.712586
61,35,0.713903
61,36,0.715529
61,37,0.717231
61,38,0.718799
61,39,0.720087
61,40,0.721045
61,41,0.721701
61,42,0.722114
61,43,0.722321
61,44,0.722306
61,45,0.721988
61,46,0.721259
61,47,0.720032
61,48,0.718288
61,49,0.716102
61,50,0.71364
61,51,0.711129
61,52,0.708811
61,53,0.706898
61,54,0.705536
61,55,0.704791
61,56,0.704642
61,57,0.704987
61,58,0.705655
61,59,0.70643
61,60,0.707084
61,61,0.707421
61,62,0.707327
61,63,0.706814
61,64,0.706019
61,65,0.705189
61,66,0.704595
61,67,0.704456
61,68,0.70485
61,69,0.705679
61,70,0.706691
61,71,0.707553
61,72,0.707963
61,73,0.70774
61,74,0.706879
61,75,0.705542
61,76,0.703993
61,77,0.7025
61,78,0.701251
61,79,0.700305
61,80,0.699586
61,81,0.698937
61,82,0.698211
61,83,0.697341
61,84,0.696389
61,85,0.69553
61,86,0.694997
61,87,0.694983
61,88,0.695569
61,89,0.696687
61,90,0.698145
61,91,0.699687
61,92,0.701081
61,93,0.702172
61,94,0.702893
61,95,0.703245
62,0,0.705132
62,1,0.704209
62,2,0.702529
62,3,0.700394
62,4,0.698175
62,5,0.696239
62,6,0.694898
62,7,0.694354
62,8,0.694692
62,9,0.695871
62,10,0.697741
62,11,0.700079
62,12,0.702625
62,13,0.705128
62,14,0.70738
62,15,0.709241
62,16,0.710657
62,17,0.711642
62,18,0.712263
62,19,0.712617
62,20,0.712807
62,21,0.712931
62,22,0.713061
62,23,0.713239
62,24,0.713458
62,25,0.71366
62,26,0.713763
62,27,0.713674
62,28,0.713339
62,29,0.712783
62,30,0.712108
62,31,0.711489
62,32,0.711111
62,33,0.711124
62,34,0.711597
62,35,0.712495
62,36,0.713713
62,37,0.715108
62,38,0.716558
62,39,0.717979
62,40,0.71933
62,41,0.720592
62,42,0.721722
62,43,0.722632
62,44,0.723178
62,45,0.723192
62,46,0.72253
62,47,0.721128
62,48,0.719038
62,49,0.716427
62,50,0.713554
62,51,0.710713
62,52,0.708181
62,53,0.706168
62,54,0.70479
62,55,0.70407
62,56,0.70395
62,57,0.70431
62,58,0.70499
62,59,0.705811
62,60,0.706596
62,61,0.707194
62,62,0.707505
62,63,0.707511
62,64,0.707274
62,65,0.706938
62,66,0.706673
62,67,0.706618
62,68,0.706828
62,69,0.707236
62,70,0.707668
62,71,0.707894
62,72,0.707706
62,73,0.706994
62,74,0.70578
62,75,0.704215
62,76,0.702531
62,77,0.700959
62,78,0.69966
62,79,0.698681
62,80,0.69795
62,81,0.697323
62,82,0.696661
62,83,0.695903
62,84,0.695105
62,85,0.694439
62,86,0.694133
62,87,0.694384
62,88,0.695277
62,89,0.69675
62,90,0.698608
62,91,0.700577
62,92,0.702395
62,93,0.703862
62,94,0.704869
62,95,0.705374
63,0,0.708093
63,1,0.707122
63,2,0.705334
63,3,0.703013
63,4,0.700511
63,5,0.698184
63,6,0.696347
63,7,0.695231
63,8,0.69497
63,9,0.695589
63,10,0.697011
63,11,0.699069
63,12,0.701534
63,13,0.704148
63,14,0.70666
63,15,0.708863
63,16,0.710626
63,17,0.711896
63,18,0.712696
63,19,0.71311
63,20,0.713254
63,21,0.713254
63,22,0.71322
63,23,0.713225
63,24,0.713283
63,25,0.713355
63,26,0.713364
63,27,0.713222
63,28,0.712872
63,29,0.712327
63,30,0.711671
63,31,0.711044
63,32,0.7106
63,33,0.710461
63,34,0.710691
63,35,0.711281
63,36,0.712183
63,37,0.713336
63,38,0.714697
63,39,0.71624
63,40,0.717936
63,41,0.719724
63,42,0.721475
63,43,0.722984
63,44,0.723999
63,45,0.724275
63,46,0.723638
63,47,0.722049
63,48,0.719624
63,49,0.716617
63,50,0.713371
63,51,0.710242
63,52,0.707534
63,53,0.705451
63,54,0.704079
63,55,0.703397
63,56,0.70331
63,57,0.703678
63,58,0.704355
63,59,0.705196
63,60,0.706078
63,61,0.706893
63,62,0.707559
63,63,0.708032
63,64,0.708304
63,65,0.708422
63,66,0.70845
63,67,0.708455
63,68,0.708462
63,69,0.708439
63,70,0.708291
63,71,0.707895
63,72,0.707144
63,73,0.705998
63,74,0.704502
63,75,0.702797
63,76,0.701072
63,77,0.699513
63,78,0.698246
63,79,0.697303
63,80,0.696621
63,81,0.696069
63,82,0.69552
63,83,0.694919
63,84,0.694313
63,85,0.693862
63,86,0.693782
63,87,0.694264
63,88,0.6954
63,89,0.697137
63,90,0.699291
63,91,0.701585
63,92,0.703739
63,93,0.705517
63,94,0.706766
63,95,0.707404
64,0,0.711819
64,1,0.710812
64,2,0.708937
64,3,0.706454
64,4,0.703689
64,5,0.700978
64,6,0.698631
64,7,0.696902
64,8,0.695971
64,9,0.695931
64,10,0.696777
64,11,0.69841
64,12,0.700639
64,13,0.703209
64,14,0.705839
64,15,0.708262
64,16,0.710276
64,17,0.711764
64,18,0.712706
64,19,0.713167
64,20,0.713271
64,21,0.713164
64,22,0.712984
64,23,0.712831
64,24,0.71274
64,25,0.712689
64,26,0.712611
64,27,0.71243
64,28,0.71209
64,29,0.711602
64,30,0.711028
64,31,0.710482
64,32,0.710078
64,33,0.709908
64,34,0.710022
64,35,0.710424
64,36,0.71111
64,37,0.712084
64,38,0.713373
64,39,0.715
64,40,0.716953
64,41,0.71914
64,42,0.721362
64,43,0.723327
64,44,0.72469
64,45,0.725142
64,46,0.724486
64,47,0.722702
64,48,0.719961
64,49,0.716588
64,50,0.712998
64,51,0.709598
64,52,0.706717
64,53,0.704556
64,54,0.703173
64,55,0.702509
64,56,0.702435
64,57,0.702797
64,58,0.703457
64,59,0.704307
64,60,0.705267
64,61,0.706272
64,62,0.707257
64,63,0.708154
64,64,0.708895
64,65,0.709434
64,66,0.70974
64,67,0.709809
64,68,0.70964
64,69,0.70923
64,70,0.708561
64,71,0.707611
64,72,0.706371
64,73,0.704867
64,74,0.703171
64,75,0.701406
64,76,0.699719
64,77,0.698247
64,78,0.697081
64,79,0.696239
64,80,0.695663
64,81,0.695243
64,82,0.694866
64,83,0.69448
64,84,0.694121
64,85,0.693925
64,86,0.694081
64,87,0.694765
64,88,0.696068
64,89,0.69795
64,90,0.700247
64,91,0.702699
64,92,0.705028
64,93,0.70698
64,94,0.708373
64,95,0.709093
65,0,0.716011
65,1,0.71498
65,2,0.713042
65,3,0.710427
65,4,0.707431
65,5,0.704363
65,6,0.701526
65,7,0.699186
65,8,0.697565
65,9,0.696819
65,10,0.697013
65,11,0.698114
65,12,0.699975
65,13,0.702354
65,14,0.704949
65,15,0.707449
65,16,0.709596
65,17,0.711217
65,18,0.712255
65,19,0.712755
65,20,0.71284
65,21,0.712668
65,22,0.712393
65,23,0.712129
65,24,0.711929
65,25,0.711784
65,26,0.711643
65,27,0.711444
65,28,0.711144
65,29,0.71075
65,30,0.710314
65,31,0.70992
65,32,0.709648
65,33,0.709553
65,34,0.709665
65,35,0.709988
65,36,0.710547
65,37,0.711392
65,38,0.712604
65,39,0.714251
65,40,0.716339
65,41,0.718763
65,42,0.721278
65,43,0.723527
65,44,0.725101
65,45,0.725642
65,46,0.724931
65,47,0.722958
65,48,0.719931
65,49,0.71623
65,50,0.712321
65,51,0.708657
65,52,0.705588
65,53,0.703314
65,54,0.701876
65,55,0.701187
65,56,0.701094
65,57,0.701433
65,58,0.702074
65,59,0.702936
65,60,0.703977
65,61,0.705165
65,62,0.706448
65,63,0.707736
65,64,0.708911
65,65,0.709847
65,66,0.710429
65,67,0.710591
65,68,0.710308
65,69,0.709599
65,70,0.708514
65,71,0.707119
65,72,0.705494
65,73,0.703725
65,74,0.701907
65,75,0.700149
65,76,0.698558
65,77,0.697225
65,78,0.696208
65,79,0.695511
65,80,0.695087
65,81,0.694844
65,82,0.694689
65,83,0.694571
65,84,0.69451
65,85,0.694605
65,86,0.695008
65,87,0.695862
65,88,0.697248
65,89,0.699139
65,90,0.701399
65,91,0.703805
65,92,0.706103
65,93,0.708049
65,94,0.709452
65,95,0.710183
66,0,0.720357
66,1,0.719306
66,2,0.717314
66,3,0.714584
66,4,0.71138
66,5,0.707987
66,6,0.704695
66,7,0.701783
66,8,0.699505
66,9,0.698068
66,10,0.6976
66,11,0.698125
66,12,0.699536
66,13,0.701608
66,14,0.704029
66,15,0.706462
66,16,0.70861
66,17,0.710264
66,18,0.711337
66,19,0.711861
66,20,0.71195
66,21,0.711763
66,22,0.711456
66,23,0.711149
66,24,0.710899
66,25,0.710709
66,26,0.710544
66,27,0.71036
66,28,0.710127
66,29,0.709862
66,30,0.709605
66,31,0.709417
66,32,0.709344
66,33,0.709407
66,34,0.709606
66,35,0.709938
66,36,0.710438
66,37,0.711186
66,38,0.712302
66,39,0.71389
66,40,0.715977
66,41,0.718458
66,42,0.721071
66,43,0.723423
66,44,0.725066
66,45,0.725608
66,46,0.724813
66,47,0.72267
66,48,0.719404
66,49,0.715427
66,50,0.711239
66,51,0.707323
66,52,0.70405
66,53,0.701626
66,54,0.700085
66,55,0.699327
66,56,0.699186
66,57,0.699493
66,58,0.700124
66,59,0.701018
66,60,0.702159
66,61,0.703537
66,62,0.705105
66,63,0.706757
66,64,0.70833
66,65,0.709635
66,66,0.710493
66,67,0.710784
66,68,0.710463
66,69,0.709567
66,70,0.708196
66,71,0.706488
66,72,0.704595
66,73,0.702655
66,74,0.700786
66,75,0.699083
66,76,0.697622
66,77,0.696455
66,78,0.695609
66,79,0.695081
66,80,0.694831
66,81,0.694792
66,82,0.694887
66,83,0.695067
66,84,0.69533
66,85,0.695734
66,86,0.696376
66,87,0.697359
66,88,0.698741
66,89,0.700503
66,90,0.702547
66,91,0.7047
66,92,0.706755
66,93,0.708505
66,94,0.709775
66,95,0.710441
67,0,0.724578
67,1,0.723497
67,2,0.721434
67,3,0.718575
67,4,0.715159
67,5,0.711457
67,6,0.707751
67,7,0.70433
67,8,0.701473
67,9,0.699424
67,10,0.698356
67,11,0.698332
67,12,0.699274
67,13,0.700971
67,14,0.703112
67,15,0.705346
67,16,0.707362
67,17,0.708937
67,18,0.70997
67,19,0.710484
67,20,0.710586
67,21,0.710424
67,22,0.710145
67,23,0.709861
67,24,0.709628
67,25,0.709453
67,26,0.709314
67,27,0.709186
67,28,0.709058
67,29,0.708952
67,30,0.708906
67,31,0.70896
67,32,0.709131
67,33,0.709405
67,34,0.709755
67,35,0.710159
67,36,0.710653
67,37,0.711328
67,38,0.712325
67,39,0.713773
67,40,0.715722
67,41,0.718082
67,42,0.720596
67,43,0.722866
67,44,0.724432
67,45,0.724887
67,46,0.72398
67,47,0.721692
67,48,0.718247
67,49,0.714063
67,50,0.709655
67,51,0.705524
67,52,0.702055
67,53,0.699466
67,54,0.697797
67,55,0.696946
67,56,0.696746
67,57,0.697028
67,58,0.697674
67,59,0.698635
67,60,0.699908
67,61,0.70149
67,62,0.703334
67,63,0.705316
67,64,0.707241
67,65,0.708875
67,66,0.709994
67,67,0.71044
67,68,0.710152
67,69,0.709175
67,70,0.707645
67,71,0.705752
67,72,0.703702
67,73,0.701673
67,74,0.699804
67,75,0.698183
67,76,0.696863
67,77,0.695864
67,78,0.695192
67,79,0.694836
67,80,0.694765
67,81,0.694932
67,82,0.695277
67,83,0.695753
67,84,0.696334
67,85,0.69703
67,86,0.697884
67,87,0.698942
67,88,0.700233
67,89,0.701747
67,90,0.703421
67,91,0.705144
67,92,0.706777
67,93,0.708167
67,94,0.709181
67,95,0.709714
68,0,0.728475
68,1,0.727337
68,2,0.725157
68,3,0.722116
68,4,0.718451
68,5,0.714429
68,6,0.710341
68,7,0.706484
68,8,0.703158
68,9,0.700626
68,10,0.699081
68,11,0.698601
68,12,0.699118
68,13,0.700428
68,14,0.70222
68,15,0.704152
68,16,0.705917
68,17,0.7073
68,18,0.708207
68,19,0.70866
68,20,0.70876
68,21,0.70864
68,22,0.70843
68,23,0.708222
68,24,0.708063
68,25,0.70796
68,26,0.707901
68,27,0.707876
68,28,0.70789
68,29,0.707973
68,30,0.708161
68,31,0.708477
68,32,0.708914
68,33,0.70943
68,34,0.709971
68,35,0.710495
68,36,0.711024
68,37,0.711648
68,38,0.71251
68,39,0.713755
68,40,0.71545
68,41,0.71753
68,42,0.719761
68,43,0.72177
68,44,0.723111
68,45,0.723384
68,46,0.722331
68,47,0.719919
68,48,0.716356
68,49,0.712048
68,50,0.707501
68,51,0.70322
68,52,0.6996
68,53,0.69687
68,54,0.695083
68,55,0.694148
68,56,0.693906
68,57,0.694194
68,58,0.694897
68,59,0.695969
68,60,0.697407
68,61,0.699206
68,62,0.70131
68,63,0.703579
68,64,0.705796
68,65,0.707702
68,66,0.709044
68,67,0.709645
68,68,0.709433
68,69,0.708455
68,70,0.706868
68,71,0.704893
68,72,0.702769
68,73,0.70071
68,74,0.698868
68,75,0.697335
68,76,0.696148
68,77,0.695306
68,78,0.694796
68,79,0.694602
68,80,0.694699
68,81,0.695055
68,82,0.695625
68,83,0.696363
68,84,0.69722
68,85,0.698162
68,86,0.699172
68,87,0.700243
68,88,0.701372
68,89,0.702548
68,90,0.703746
68,91,0.704923
68,92,0.706012
68,93,0.706934
68,94,0.707608
68,95,0.707964
69,0,0.731934
69,1,0.730698
69,2,0.728331
69,3,0.725028
69,4,0.721045
69,5,0.716671
69,6,0.712217
69,7,0.707999
69,8,0.704327
69,9,0.701466
69,10,0.699602
69,11,0.698804
69,12,0.698988
69,13,0.699943
69,14,0.701365
69,15,0.702926
69,16,0.704346
69,17,0.70544
69,18,0.706135
69,19,0.706467
69,20,0.70653
69,21,0.706444
69,22,0.706313
69,23,0.706209
69,24,0.706162
69,25,0.706177
69,26,0.706245
69,27,0.706368
69,28,0.706562
69,29,0.706862
69,30,0.707299
69,31,0.707885
69,32,0.708595
69,33,0.709363
69,34,0.710115
69,35,0.710791
69,36,0.71139
69,37,0.711989
69,38,0.712719
69,39,0.713722
69,40,0.715079
69,41,0.71675
69,42,0.718543
69,43,0.720128
69,44,0.7211
69,45,0.721086
69,46,0.719836
69,47,0.717306
69,48,0.71368
69,49,0.709331
69,50,0.704743
69,51,0.700406
69,52,0.696713
69,53,0.693907
69,54,0.692054
69,55,0.691084
69,56,0.690848
69,57,0.691192
69,58,0.692004
69,59,0.693233
69,60,0.694867
69,61,0.696889
69,62,0.699226
69,63,0.701727
69,64,0.70416
69,65,0.706259
69,66,0.707764
69,67,0.70849
69,68,0.70836
69,69,0.707422
69,70,0.705838
69,71,0.703843
69,72,0.701696
69,73,0.699633
69,74,0.697823
69,75,0.696364
69,76,0.695289
69,77,0.694582
69,78,0.694217
69,79,0.694169
69,80,0.694415
69,81,0.694933
69,82,0.695688
69,83,0.696635
69,84,0.697704
69,85,0.698826
69,86,0.699928
69,87,0.700955
69,88,0.701871
69,89,0.702665
69,90,0.703346
69,91,0.703933
69,92,0.704437
69,93,0.70485
69,94,0.705152
69,95,0.705312
70,0,0.734909
70,1,0.733532
70,2,0.730903
70,3,0.727249
70,4,0.72287
70,5,0.718102
70,6,0.71329
70,7,0.708778
70,8,0.704878
70,9,0.701842
70,10,0.699826
70,11,0.698859
70,12,0.698824
70,13,0.699489
70,14,0.700552
70,15,0.701711
70,16,0.702729
70,17,0.703463
70,18,0.70388
70,19,0.704032
70,20,0.704015
70,21,0.703932
70,22,0.703865
70,23,0.703862
70,24,0.70394
70,25,0.704096
70,26,0.704326
70,27,0.704635
70,28,0.705045
70,29,0.705588
70,30,0.706289
70,31,0.707147
70,32,0.708124
70,33,0.709142
70,34,0.710111
70,35,0.710954
70,36,0.711652
70,37,0.712252
70,38,0.712865
70,39,0.713616
70,40,0.714586
70,41,0.715762
70,42,0.716995
70,43,0.718018
70,44,0.718487
70,45,0.718079
70,46,0.716568
70,47,0.713907
70,48,0.710251
70,49,0.705935
70,50,0.701404
70,51,0.697117
70,52,0.693457
70,53,0.690669
70,54,0.688837
70,55,0.687907
70,56,0.687746
70,57,0.688209
70,58,0.689185
70,59,0.690611
70,60,0.692461
70,61,0.694696
70,62,0.697227
70,63,0.69989
70,64,0.702455
70,65,0.704657
70,66,0.706247
70,67,0.707044
70,68,0.706975
70,69,0.706081
70,70,0.70452
70,71,0.702528
70,72,0.700373
70,73,0.698306
70,74,0.696513
70,75,0.695103
70,76,0.69411
70,77,0.693514
70,78,0.693275
70,79,0.693357
70,80,0.693734
70,81,0.694387
70,82,0.695286
70,83,0.696384
70,84,0.6976
70,85,0.698834
70,86,0.699972
70,87,0.700918
70,88,0.701607
70,89,0.702028
70,90,0.702219
70,91,0.702252
70,92,0.702206
70,93,0.702141
70,94,0.702092
70,95,0.702067
71,0,0.737379
71,1,0.735826
71,2,0.732872
71,3,0.728797
71,4,0.723964
71,5,0.718771
71,6,0.713616
71,7,0.70887
71,8,0.704847
71,9,0.70177
71,10,0.699744
71,11,0.698741
71,12,0.698593
71,13,0.699041
71,14,0.699782
71,15,0.700546
71,16,0.701144
71,17,0.70149
71,18,0.701592
71,19,0.701525
71,20,0.701387
71,21,0.701266
71,22,0.701225
71,23,0.701295
71,24,0.701481
71,25,0.701781
71,26,0.702189
71,27,0.702712
71,28,0.703369
71,29,0.704183
71,30,0.705163
71,31,0.706297
71,32,0.707534
71,33,0.708791
71,34,0.709968
71,35,0.71098
71,36,0.711787
71,37,0.71241
71,38,0.712924
71,39,0.713429
71,40,0.713995
71,41,0.714626
71,42,0.715221
71,43,0.715581
71,44,0.715439
71,45,0.714539
71,46,0.712695
71,47,0.709872
71,48,0.706201
71,49,0.701974
71,50,0.697584
71,51,0.693453
71,52,0.689938
71,53,0.687278
71,54,0.685565
71,55,0.684762
71,56,0.684751
71,57,0.685394
71,58,0.686575
71,59,0.688222
71,60,0.690286
71,61,0.692707
71,62,0.695378
71,63,0.69813
71,64,0.700738
71,65,0.702955
71,66,0.70455
71,67,0.705359
71,68,0.705311
71,69,0.704442
71,70,0.702899
71,71,0.700908
71,72,0.698738
71,73,0.696649
71,74,0.694846
71,75,0.693452
71,76,0.69251
71,77,0.691997
71,78,0.691865
71,79,0.692063
71,80,0.692557
71,81,0.693324
71,82,0.694334
71,83,0.695542
71,84,0.696855
71,85,0.698155
71,86,0.699299
71,87,0.700159
71,88,0.700653
71,89,0.700766
71,90,0.700559
71,91,0.700144
71,92,0.699653
71,93,0.699201
71,94,0.698867
71,95,0.698691
72,0,0.739315
72,1,0.737569
72,2,0.734263
72,3,0.729738
72,4,0.724432
72,5,0.718819
72,6,0.713352
72,7,0.708433
72,8,0.70437
72,9,0.70135
72,10,0.699415
72,11,0.69847
72,12,0.698289
72,13,0.698581
72,14,0.699047
72,15,0.69945
72,16,0.699654
72,17,0.699625
72,18,0.699415
72,19,0.699119
72,20,0.698833
72,21,0.698635
72,22,0.698572
72,23,0.698667
72,24,0.698925
72,25,0.699348
72,26,0.699935
72,27,0.700692
72,28,0.701627
72,29,0.702742
72,30,0.704026
72,31,0.705448
72,32,0.706945
72,33,0.708428
72,34,0.709797
72,35,0.710962
72,36,0.711869
72,37,0.712513
72,38,0.712934
72,39,0.713199
72,40,0.713361
72,41,0.713434
72,42,0.713356
72,43,0.712998
72,44,0.712176
72,45,0.710711
72,46,0.708477
72,47,0.705458
72,48,0.701771
72,49,0.697667
72,50,0.693487
72,51,0.689601
72,52,0.68633
72,53,0.683899
72,54,0.682397
72,55,0.681799
72,56,0.681996
72,57,0.682857
72,58,0.684262
72,59,0.686124
72,60,0.688374
72,61,0.69093
72,62,0.693675
72,63,0.696439
72,64,0.69901
72,65,0.701165
72,66,0.702701
72,67,0.703474
72,68,0.703416
72,69,0.702555
72,70,0.70102
72,71,0.699023
72,72,0.696825
72,73,0.694695
72,74,0.692853
72,75,0.691442
72,76,0.690518
72,77,0.690059
72,78,0.690012
72,79,0.690312
72,80,0.690912
72,81,0.691783
72,82,0.692892
72,83,0.69419
72,84,0.695581
72,85,0.696936
72,86,0.698092
72,87,0.698905
72,88,0.699277
72,89,0.699195
72,90,0.698731
72,91,0.698026
72,92,0.697246
72,93,0.69654
72,94,0.696019
72,95,0.695745
73,0,0.740648
73,1,0.738717
73,2,0.735075
73,3,0.730127
73,4,0.724388
73,5,0.718405
73,6,0.712689
73,7,0.707665
73,8,0.703629
73,9,0.700725
73,10,0.698935
73,11,0.698092
73,12,0.697919
73,13,0.698097
73,14,0.698336
73,15,0.698431
73,16,0.698298
73,17,0.69795
73,18,0.697471
73,19,0.696969
73,20,0.696533
73,21,0.69623
73,22,0.696099
73,23,0.696164
73,24,0.696444
73,25,0.696956
73,26,0.697711
73,27,0.698712
73,28,0.699952
73,29,0.701406
73,30,0.703033
73,31,0.704771
73,32,0.706539
73,33,0.708242
73,34,0.70978
73,35,0.711065
73,36,0.712035
73,37,0.712667
73,38,0.712973
73,39,0.712991
73,40,0.712753
73,41,0.712275
73,42,0.71153
73,43,0.71045
73,44,0.708932
73,45,0.706878
73,46,0.704227
73,47,0.700993
73,48,0.697292
73,49,0.693336
73,50,0.689415
73,51,0.685841
73,52,0.682892
73,53,0.680765
73,54,0.679541
73,55,0.679194
73,56,0.679625
73,57,0.680706
73,58,0.682313
73,59,0.684347
73,60,0.686722
73,61,0.689343
73,62,0.692085
73,63,0.694785
73,64,0.697252
73,65,0.699294
73,66,0.700735
73,67,0.70145
73,68,0.701374
73,69,0.700522
73,70,0.699003
73,71,0.697005
73,72,0.69478
73,73,0.692598
73,74,0.690696
73,75,0.689238
73,76,0.688297
73,77,0.687859
73,78,0.687869
73,79,0.688252
73,80,0.688949
73,81,0.689922
73,82,0.691134
73,83,0.692533
73,84,0.694018
73,85,0.695453
73,86,0.696667
73,87,0.697504
73,88,0.697863
73,89,0.697728
73,90,0.69718
73,91,0.696371
73,92,0.695481
73,93,0.694677
73,94,0.694083
73,95,0.693769
74,0,0.741285
74,1,0.739198
74,2,0.735278
74,3,0.729986
74,4,0.723909
74,5,0.717657
74,6,0.711785
74,7,0.706733
74,8,0.702779
74,9,0.700022
74,10,0.698385
74,11,0.697644
74,12,0.697482
74,13,0.697566
74,14,0.697618
74,15,0.697472
74,16,0.697084
74,17,0.696505
74,18,0.695834
74,19,0.69518
74,20,0.69462
74,21,0.694206
74,22,0.693974
74,23,0.693962
74,24,0.694211
74,25,0.69477
74,26,0.69567
74,27,0.696915
74,28,0.698483
74,29,0.700317
74,30,0.702333
74,31,0.70443
74,32,0.706499
74,33,0.708427
74,34,0.710112
74,35,0.71147
74,36,0.712439
74,37,0.712995
74,38,0.713132
74,39,0.71287
74,40,0.712227
74,41,0.711221
74,42,0.709849
74,43,0.708094
74,44,0.705924
74,45,0.703317
74,46,0.700273
74,47,0.696844
74,48,0.693148
74,49,0.68937
74,50,0.685745
74,51,0.682533
74,52,0.679955
74,53,0.678174
74,54,0.677252
74,55,0.677162
74,56,0.677806
74,57,0.679062
74,58,0.680804
74,59,0.682927
74,60,0.685336
74,61,0.687929
74,62,0.690584
74,63,0.693152
74,64,0.695469
74,65,0.69737
74,66,0.698711
74,67,0.699379
74,68,0.699309
74,69,0.698499
74,70,0.697029
74,71,0.695062
74,72,0.692831
74,73,0.690606
74,74,0.688637
74,75,0.687109
74,76,0.686117
74,77,0.685662
74,78,0.685692
74,79,0.686131
74,80,0.686913
74,81,0.687993
74,82,0.689327
74,83,0.690856
74,84,0.692476
74,85,0.694044
74,86,0.695385
74,87,0.69634
74,88,0.696807
74,89,0.696772
74,90,0.696313
74,91,0.695585
74,92,0.694765
74,93,0.694015
74,94,0.693459
74,95,0.693165
75,0,0.741117
75,1,0.738921
75,2,0.734811
75,3,0.729298
75,4,0.723021
75,5,0.716639
75,6,0.710733
75,7,0.705744
75,8,0.701923
75,9,0.699325
75,10,0.697824
75,11,0.697155
75,12,0.69698
75,13,0.696969
75,14,0.696869
75,15,0.696548
75,16,0.695997
75,17,0.695289
75,18,0.694526
75,19,0.693801
75,20,0.693169
75,21,0.692665
75,22,0.692325
75,23,0.692206
75,24,0.692385
75,25,0.692948
75,26,0.69396
75,27,0.695436
75,28,0.697342
75,29,0.699586
75,30,0.702037
75,31,0.704544
75,32,0.706953
75,33,0.709123
75,34,0.71094
75,35,0.71232
75,36,0.713211
75,37,0.713598
75,38,0.713483
75,39,0.712885
75,40,0.711823
75,41,0.710318
75,42,0.708389
75,43,0.706056
75,44,0.70334
75,45,0.70028
75,46,0.69693
75,47,0.693376
75,48,0.68974
75,49,0.686184
75,50,0.682896
75,51,0.680077
75,52,0.677894
75,53,0.676466
75,54,0.675831
75,55,0.675953
75,56,0.676741
75,57,0.678077
75,58,0.679845
75,59,0.681939
75,60,0.684266
75,61,0.686726
75,62,0.689209
75,63,0.691585
75,64,0.693719
75,65,0.695476
75,66,0.696734
75,67,0.697392
75,68,0.697376
75,69,0.696662
75,70,0.695298
75,71,0.693414
75,72,0.69122
75,73,0.688981
75,74,0.686953
75,75,0.685344
75,76,0.684271
75,77,0.683759
75,78,0.683769
75,79,0.684232
75,80,0.685082
75,81,0.686272
75,82,0.68775
75,83,0.689448
75,84,0.691254
75,85,0.693018
75,86,0.694561
75,87,0.695725
75,88,0.69641
75,89,0.696606
75,90,0.696387
75,91,0.695896
75,92,0.695295
75,93,0.694731
75,94,0.694307
75,95,0.694082
76,0,0.740076
76,1,0.737828
76,2,0.733634
76,3,0.72804
76,4,0.721723
76,5,0.715369
76,6,0.709566
76,7,0.704739
76,8,0.701102
76,9,0.698672
76,10,0.697281
76,11,0.696643
76,12,0.69642
76,13,0.696301
76,14,0.69607
76,15,0.695633
76,16,0.695007
76,17,0.694274
76,18,0.693524
76,19,0.692822
76,20,0.692194
76,21,0.691652
76,22,0.691229
76,23,0.691001
76,24,0.691087
76,25,0.691618
76,26,0.6927
76,27,0.694373
76,28,0.6966
76,29,0.69926
76,30,0.702175
76,31,0.705133
76,32,0.707924
76,33,0.71036
76,34,0.7123
76,35,0.713657
76,36,0.714391
76,37,0.714512
76,38,0.714051
76,39,0.71305
76,40,0.711548
76,41,0.709583
76,42,0.70719
76,43,0.704416
76,44,0.701314
76,45,0.697963
76,46,0.694455
76,47,0.690898
76,48,0.687417
76,49,0.684151
76,50,0.681247
76,51,0.678847
76,52,0.677062
76,53,0.675963
76,54,0.675561
76,55,0.675813
76,56,0.676632
76,57,0.677917
76,58,0.679567
76,59,0.68149
76,60,0.683604
76,61,0.685821
76,62,0.68805
76,63,0.690184
76,64,0.692116
76,65,0.693737
76,66,0.694941
76,67,0.695632
76,68,0.695724
76,69,0.695167
76,70,0.693972
76,71,0.692233
76,72,0.690131
76,73,0.687918
76,74,0.685854
76,75,0.684165
76,76,0.682994
76,77,0.682392
76,78,0.682344
76,79,0.682796
76,80,0.683694
76,81,0.684989
76,82,0.686626
76,83,0.688525
76,84,0.69056
76,85,0.69257
76,86,0.694373
76,87,0.695811
76,88,0.696792
76,89,0.697307
76,90,0.697427
76,91,0.697277
76,92,0.696996
76,93,0.696701
76,94,0.696473
76,95,0.69635
77,0,0.73817
77,1,0.735925
77,2,0.73175
77,3,0.726215
77,4,0.720016
77,5,0.713847
77,6,0.708284
77,7,0.703719
77,8,0.700326
77,9,0.698078
77,10,0.696779
77,11,0.696138
77,12,0.695832
77,13,0.69559
77,14,0.695239
77,15,0.694725
77,16,0.694089
77,17,0.693414
77,18,0.69277
77,19,0.692187
77,20,0.691652
77,21,0.691149
77,22,0.690702
77,23,0.690401
77,24,0.690397
77,25,0.690871
77,26,0.691977
77,27,0.69379
77,28,0.696286
77,29,0.69933
77,30,0.7027
77,31,0.706123
77,32,0.70932
77,33,0.712041
77,34,0.714103
77,35,0.715403
77,36,0.715916
77,37,0.715688
77,38,0.714796
77,39,0.713335
77,40,0.711383
77,41,0.709008
77,42,0.706265
77,43,0.703214
77,44,0.699925
77,45,0.696489
77,46,0.693014
77,47,0.689617
77,48,0.686419
77,49,0.683534
77,50,0.681069
77,51,0.67911
77,52,0.677712
77,53,0.6769
77,54,0.676653
77,55,0.676923
77,56,0.677636
77,57,0.678716
77,58,0.680089
77,59,0.681691
77,60,0.683463
77,61,0.685336
77,62,0.687241
77,63,0.689095
77,64,0.690813
77,65,0.692306
77,66,0.693478
77,67,0.694232
77,68,0.694468
77,69,0.694108
77,70,0.693126
77,71,0.691581
77,72,0.689621
77,73,0.687478
77,74,0.685413
77,75,0.683661
77,76,0.682392
77,77,0.681685
77,78,0.681553
77,79,0.681968
77,80,0.68289
77,81,0.684279
77,82,0.686077
77,83,0.68819
77,84,0.690476
77,85,0.692757
77,86,0.694845
77,87,0.696584
77,88,0.697888
77,89,0.698752
77,90,0.699242
77,91,0.699466
77,92,0.699537
77,93,0.69954
77,94,0.699528
77,95,0.699518
78,0,0.735507
78,1,0.733312
78,2,0.729245
78,3,0.723887
78,4,0.717941
78,5,0.712091
78,6,0.706887
78,7,0.702678
78,8,0.699589
78,9,0.697552
78,10,0.696347
78,11,0.695686
78,12,0.695277
78,13,0.694895
78,14,0.694422
78,15,0.693845
78,16,0.693231
78,17,0.692662
78,18,0.692188
78,19,0.691802
78,20,0.691451
78,21,0.691082
78,22,0.6907
78,23,0.690393
78,24,0.690335
78,25,0.690745
78,26,0.691827
78,27,0.693703
78,28,0.69638
78,29,0.699726
78,30,0.703491
78,31,0.707348
78,32,0.710942
78,33,0.713951
78,34,0.716134
78,35,0.717363
78,36,0.717621
78,37,0.716994
78,38,0.715625
78,39,0.713676
78,40,0.711288
78,41,0.708573
78,42,0.705609
78,43,0.702461
78,44,0.699195
78,45,0.695897
78,46,0.692665
78,47,0.689608
78,48,0.686832
78,49,0.684427
78,50,0.682457
78,51,0.680958
78,52,0.67993
78,53,0.679351
78,54,0.679172
78,55,0.679342
78,56,0.679808
78,57,0.680529
78,58,0.681474
78,59,0.682618
78,60,0.683934
78,61,0.685382
78,62,0.686912
78,63,0.68846
78,64,0.689956
78,65,0.691321
78,66,0.692464
78,67,0.693281
78,68,0.693658
78,69,0.693497
78,70,0.692737
78,71,0.691405
78,72,0.689617
78,73,0.687584
78,74,0.685557
78,75,0.683779
78,76,0.682437
78,77,0.681635
78,78,0.681416
78,79,0.681779
78,80,0.682707
78,81,0.684171
78,82,0.686113
78,83,0.688427
78,84,0.690952
78,85,0.693493
78,86,0.695851
78,87,0.697869
78,88,0.699466
78,89,0.700642
78,90,0.70146
78,91,0.702014
78,92,0.702393
78,93,0.702657
78,94,0.702833
78,95,0.702923
79,0,0.732291
79,1,0.730179
79,2,0.726284
79,3,0.721189
79,4,0.715591
79,5,0.710157
79,6,0.705401
79,7,0.701624
79,8,0.698898
79,9,0.697112
79,10,0.696025
79,11,0.695354
79,12,0.69484
79,13,0.694309
79,14,0.693697
79,15,0.693042
79,16,0.692438
79,17,0.691976
79,18,0.691692
79,19,0.691549
79,20,0.691455
79,21,0.691317
79,22,0.691105
79,23,0.690887
79,24,0.690837
79,25,0.691197
79,26,0.692216
79,27,0.69407
79,28,0.696812
79,29,0.700336
79,30,0.704386
79,31,0.70859
79,32,0.712528
79,33,0.715799
79,34,0.718096
79,35,0.719253
79,36,0.719256
79,37,0.718231
79,38,0.716391
79,39,0.713978
79,40,0.711207
79,41,0.708244
79,42,0.705195
79,43,0.702125
79,44,0.699083
79,45,0.696127
79,46,0.693331
79,47,0.690777
79,48,0.68855
79,49,0.686709
79,50,0.685281
79,51,0.684254
79,52,0.683576
79,53,0.683179
79,54,0.68299
79,55,0.682958
79,56,0.683057
79,57,0.683292
79,58,0.683687
79,59,0.684267
79,60,0.685049
79,61,0.686022
79,62,0.687151
79,63,0.688384
79,64,0.689653
79,65,0.690878
79,66,0.691967
79,67,0.692811
79,68,0.693284
79,69,0.693274
79,70,0.692699
79,71,0.691561
79,72,0.689948
79,73,0.688052
79,74,0.686108
79,75,0.684358
79,76,0.682994
79,77,0.68214
79,78,0.68186
79,79,0.682178
79,80,0.683101
79,81,0.684615
79,82,0.686665
79,83,0.689138
79,84,0.691858
79,85,0.694609
79,86,0.697179
79,87,0.699407
79,88,0.701212
79,89,0.702599
79,90,0.703631
79,91,0.704394
79,92,0.704965
79,93,0.705388
79,94,0.705678
79,95,0.705827
80,0,0.728806
80,1,0.726797
80,2,0.723107
80,3,0.718319
80,4,0.713119
80,5,0.708151
80,6,0.70389
80,7,0.700591
80,8,0.698273
80,9,0.696782
80,10,0.695852
80,11,0.695203
80,12,0.694601
80,13,0.693918
80,14,0.693146
80,15,0.692372
80,16,0.691728
80,17,0.691326
80,18,0.691202
80,19,0.691305
80,20,0.691509
80,21,0.69168
80,22,0.69174
80,23,0.691715
80,24,0.691754
80,25,0.692102
80,26,0.693039
80,27,0.694792
80,28,0.697474
80,29,0.701024
80,30,0.705204
80,31,0.709621
80,32,0.713801
80,33,0.717272
80,34,0.719661
80,35,0.720758
80,36,0.720542
80,37,0.719174
80,38,0.71693
80,39,0.714134
80,40,0.711077
80,41,0.707983
80,42,0.704984
80,43,0.702143
80,44,0.699485
80,45,0.697028
80,46,0.694808
80,47,0.692872
80,48,0.691275
80,49,0.690049
80,50,0.689185
80,51,0.688627
80,52,0.688277
80,53,0.688024
80,54,0.687773
80,55,0.687474
80,56,0.687131
80,57,0.686804
80,58,0.68658
80,59,0.686544
80,60,0.68676
80,61,0.687245
80,62,0.687977
80,63,0.688901
80,64,0.689941
80,65,0.691007
80,66,0.691999
80,67,0.692802
80,68,0.693287
80,69,0.693339
80,70,0.692871
80,71,0.69187
80,72,0.69041
80,73,0.688663
80,74,0.686847
80,75,0.685191
80,76,0.683883
80,77,0.683049
80,78,0.682761
80,79,0.683064
80,80,0.683982
80,81,0.685518
80,82,0.687629
80,83,0.690196
80,84,0.693033
80,85,0.695909
80,86,0.698595
80,87,0.70092
80,88,0.702803
80,89,0.704249
80,90,0.705323
80,91,0.706114
80,92,0.706702
80,93,0.707132
80,94,0.707423
80,95,0.707571
81,0,0.725362
81,1,0.72346
81,2,0.719984
81,3,0.71551
81,4,0.710709
81,5,0.706205
81,6,0.702439
81,7,0.699624
81,8,0.697732
81,9,0.696569
81,10,0.69584
81,11,0.695255
81,12,0.694596
81,13,0.693771
81,14,0.692816
81,15,0.691871
81,16,0.691113
81,17,0.690688
81,18,0.690654
81,19,0.690959
81,20,0.691459
81,21,0.691982
81,22,0.692391
81,23,0.692654
81,24,0.692871
81,25,0.693264
81,26,0.694123
81,27,0.69572
81,28,0.69823
81,29,0.701652
81,30,0.705788
81,31,0.710247
81,32,0.714527
81,33,0.718101
81,34,0.720539
81,35,0.721589
81,36,0.721217
81,37,0.719605
81,38,0.71708
81,39,0.714033
81,40,0.710825
81,41,0.707728
81,42,0.704902
81,43,0.702403
81,44,0.700228
81,45,0.698356
81,46,0.696777
81,47,0.695502
81,48,0.694555
81,49,0.693944
81,50,0.69363
81,51,0.693522
81,52,0.693479
81,53,0.693353
81,54,0.693025
81,55,0.692446
81,56,0.691654
81,57,0.690759
81,58,0.689916
81,59,0.689275
81,60,0.688946
81,61,0.688974
81,62,0.689341
81,63,0.68998
81,64,0.690797
81,65,0.691681
81,66,0.692521
81,67,0.693198
81,68,0.693592
81,69,0.693595
81,70,0.693129
81,71,0.692187
81,72,0.690837
81,73,0.689239
81,74,0.687592
81,75,0.686105
81,76,0.684944
81,77,0.684222
81,78,0.684006
81,79,0.684343
81,80,0.685271
81,81,0.686807
81,82,0.688921
81,83,0.691499
81,84,0.694352
81,85,0.697237
81,86,0.699912
81,87,0.702191
81,88,0.703988
81,89,0.705305
81,90,0.706216
81,91,0.706822
81,92,0.707219
81,93,0.707477
81,94,0.707636
81,95,0.707713
82,0,0.722231
82,1,0.720433
82,2,0.717158
82,3,0.712974
82,4,0.708536
82,5,0.70445
82,6,0.701133
82,7,0.698763
82,8,0.69728
82,9,0.69645
82,10,0.69595
82,11,0.695471
82,12,0.694795
82,13,0.693847
82,14,0.692701
82,15,0.69154
82,16,0.690593
82,17,0.690051
82,18,0.690009
82,19,0.690438
82,20,0.691189
82,21,0.692058
82,22,0.692852
82,23,0.69347
82,24,0.693942
82,25,0.694444
82,26,0.695256
82,27,0.696676
82,28,0.698935
82,29,0.702097
82,30,0.706019
82,31,0.710339
82,32,0.714552
82,33,0.718105
82,34,0.72053
82,35,0.721541
82,36,0.721086
82,37,0.719357
82,38,0.716709
82,39,0.713579
82,40,0.710373
82,41,0.707403
82,42,0.704845
82,43,0.702751
82,44,0.701091
82,45,0.699806
82,46,0.698849
82,47,0.698198
82,48,0.697854
82,49,0.697803
82,50,0.697988
82,51,0.698291
82,52,0.698537
82,53,0.698544
82,54,0.69817
82,55,0.697363
82,56,0.696186
82,57,0.694798
82,58,0.693416
82,59,0.692247
82,60,0.691449
82,61,0.69109
82,62,0.69115
82,63,0.691542
82,64,0.692148
82,65,0.692832
82,66,0.693467
82,67,0.693938
82,68,0.694135
82,69,0.693976
82,70,0.693406
82,71,0.692435
82,72,0.691142
82,73,0.689681
82,74,0.688235
82,75,0.686985
82,76,0.686065
82,77,0.685558
82,78,0.685505
82,79,0.685944
82,80,0.686911
82,81,0.688433
82,82,0.690494
82,83,0.692992
82,84,0.695744
82,85,0.698503
82,86,0.701016
82,87,0.703088
82,88,0.70462
82,89,0.705613
82,90,0.706149
82,91,0.706353
82,92,0.706355
82,93,0.706263
82,94,0.706161
82,95,0.706098
83,0,0.719596
83,1,0.717891
83,2,0.714796
83,3,0.710862
83,4,0.706729
83,5,0.702985
83,6,0.700031
83,7,0.698029
83,8,0.696895
83,9,0.696369
83,10,0.696099
83,11,0.695752
83,12,0.695096
83,13,0.69406
83,14,0.692736
83,15,0.691343
83,16,0.690155
83,17,0.689418
83,18,0.689274
83,19,0.68973
83,20,0.690651
83,21,0.691815
83,22,0.692982
83,23,0.693975
83,24,0.694752
83,25,0.695423
83,26,0.696236
83,27,0.697495
83,28,0.699469
83,29,0.702281
83,30,0.70585
83,31,0.709862
83,32,0.713839
83,33,0.717234
83,34,0.719565
83,35,0.720529
83,36,0.72006
83,37,0.718342
83,38,0.715737
83,39,0.712695
83,40,0.709643
83,41,0.706911
83,42,0.704681
83,43,0.703
83,44,0.701821
83,45,0.701057
83,46,0.700633
83,47,0.700504
83,48,0.700656
83,49,0.701068
83,50,0.701671
83,51,0.702332
83,52,0.702852
83,53,0.703021
83,54,0.702673
83,55,0.701748
83,56,0.700322
83,57,0.698589
83,58,0.696814
83,59,0.695255
83,60,0.694108
83,61,0.693458
83,62,0.693283
83,63,0.693475
83,64,0.693885
83,65,0.694356
83,66,0.694746
83,67,0.694945
83,68,0.694861
83,69,0.694444
83,70,0.693675
83,71,0.692595
83,72,0.691304
83,73,0.68996
83,74,0.688733
83,75,0.687773
83,76,0.687176
83,77,0.686978
83,78,0.687184
83,79,0.6878
83,80,0.68885
83,81,0.690358
83,82,0.692321
83,83,0.694654
83,84,0.697185
83,85,0.699675
83,86,0.701872
83,87,0.703569
83,88,0.704663
83,89,0.705151
83,90,0.70513
83,91,0.704752
83,92,0.704192
83,93,0.703612
83,94,0.703147
83,95,0.702892
84,0,0.717513
84,1,0.715894
84,2,0.712956
84,3,0.709232
84,4,0.705339
84,5,0.70185
84,6,0.699157
84,7,0.697414
84,8,0.696536
84,9,0.696245
84,10,0.696174
84,11,0.695962
84,12,0.69536
84,13,0.694281
84,14,0.692822
84,15,0.691221
84,16,0.689789
84,17,0.68882
84,18,0.688508
84,19,0.688903
84,20,0.689899
84,21,0.691271
84,22,0.692744
84,23,0.694085
84,24,0.695175
84,25,0.696054
84,26,0.696921
84,27,0.698061
84,28,0.699759
84,29,0.702181
84,30,0.705306
84,31,0.708877
84,32,0.712469
84,33,0.715569
84,34,0.717715
84,35,0.718607
84,36,0.718168
84,37,0.716567
84,38,0.714146
84,39,0.71134
84,40,0.708568
84,41,0.706151
84,42,0.70427
84,43,0.702968
84,44,0.702187
84,45,0.701829
84,46,0.701804
84,47,0.702059
84,48,0.702574
84,49,0.703328
84,50,0.704255
84,51,0.705216
84,52,0.705999
84,53,0.706374
84,54,0.706153
84,55,0.705259
84,56,0.703768
84,57,0.701889
84,58,0.699915
84,59,0.698139
84,60,0.696783
84,61,0.695948
84,62,0.695607
84,63,0.695636
84,64,0.695865
84,65,0.696113
84,66,0.696232
84,67,0.696115
84,68,0.695695
84,69,0.694954
84,70,0.693917
84,71,0.692664
84,72,0.691325
84,73,0.690071
84,74,0.689063
84,75,0.688425
84,76,0.688207
84,77,0.688396
84,78,0.688945
84,79,0.689816
84,80,0.691002
84,81,0.692518
84,82,0.694359
84,83,0.696459
84,84,0.698666
84,85,0.700759
84,86,0.702494
84,87,0.703669
84,88,0.704178
84,89,0.704024
84,90,0.703317
84,91,0.702244
84,92,0.701026
84,93,0.699881
84,94,0.699003
84,95,0.698528
85,0,0.715914
85,1,0.714375
85,2,0.711583
85,3,0.70804
85,4,0.704336
85,5,0.701021
85,6,0.698485
85,7,0.696885
85,8,0.696145
85,9,0.695995
85,10,0.696058
85,11,0.695961
85,12,0.695432
85,13,0.694364
85,14,0.692841
85,15,0.691105
85,16,0.689483
85,17,0.688305
85,18,0.687808
85,19,0.688087
85,20,0.689069
85,21,0.690544
85,22,0.692224
85,23,0.693835
85,24,0.695201
85,25,0.696293
85,26,0.69725
85,27,0.698323
85,28,0.699785
85,29,0.701823
85,30,0.70446
85,31,0.707505
85,32,0.710597
85,33,0.713286
85,34,0.715157
85,35,0.715934
85,36,0.715541
85,37,0.714122
85,38,0.711984
85,39,0.709519
85,40,0.707107
85,41,0.705046
85,42,0.703504
85,43,0.70252
85,44,0.702038
85,45,0.70196
85,46,0.702198
85,47,0.702698
85,48,0.703445
85,49,0.704427
85,50,0.705586
85,51,0.70679
85,52,0.707828
85,53,0.708456
85,54,0.708468
85,55,0.707766
85,56,0.706406
85,57,0.704593
85,58,0.702623
85,59,0.700802
85,60,0.699369
85,61,0.698435
85,62,0.697977
85,63,0.697862
85,64,0.697908
85,65,0.697923
85,66,0.697752
85,67,0.697299
85,68,0.696515
85,69,0.695417
85,70,0.694074
85,71,0.692608
85,72,0.691184
85,73,0.689991
85,74,0.689189
85,75,0.688877
85,76,0.689065
85,77,0.689689
85,78,0.690643
85,79,0.691838
85,80,0.693222
85,81,0.694782
85,82,0.696508
85,83,0.698342
85,84,0.700155
85,85,0.701752
85,86,0.702915
85,87,0.703459
85,88,0.703287
85,89,0.702414
85,90,0.70097
85,91,0.699172
85,92,0.697285
85,93,0.695577
85,94,0.69429
85,95,0.6936
86,0,0.714627
86,1,0.713174
86,2,0.710531
86,3,0.707162
86,4,0.703619
86,5,0.700426
86,6,0.697963
86,7,0.6964
86,8,0.695682
86,9,0.69556
86,10,0.695674
86,11,0.69565
86,12,0.695199
86,13,0.694196
86,14,0.692699
86,15,0.690936
86,16,0.689233
86,17,0.68793
86,18,0.687292
86,19,0.687448
86,20,0.688358
86,21,0.689838
86,22,0.691606
86,23,0.693375
86,24,0.694933
86,25,0.696199
86,26,0.697254
86,27,0.698298
86,28,0.699572
86,29,0.70126
86,30,0.703413
86,31,0.705894
86,32,0.708416
86,33,0.71061
86,34,0.712128
86,35,0.712738
86,36,0.712377
86,37,0.711164
86,38,0.709355
86,39,0.707281
86,40,0.705267
86,41,0.703569
86,42,0.702337
86,43,0.701609
86,44,0.701337
86,45,0.701437
86,46,0.70183
86,47,0.702472
86,48,0.703354
86,49,0.704474
86,50,0.705793
86,51,0.707192
86,52,0.708472
86,53,0.70939
86,54,0.709723
86,55,0.709347
86,56,0.708289
86,57,0.706722
86,58,0.704924
86,59,0.703195
86,60,0.701778
86,61,0.700793
86,62,0.700227
86,63,0.699955
86,64,0.699797
86,65,0.699559
86,66,0.699086
86,67,0.698289
86,68,0.697138
86,69,0.695679
86,70,0.69402
86,71,0.692326
86,72,0.690796
86,73,0.689641
86,74,0.689022
86,75,0.68902
86,76,0.68961
86,77,0.690683
86,78,0.692078
86,79,0.693648
86,80,0.69529
86,81,0.69695
86,82,0.698596
86,83,0.700172
86,84,0.701571
86,85,0.702629
86,86,0.703166
86,87,0.703028
86,88,0.702146
86,89,0.700552
86,90,0.698401
86,91,0.695934
86,92,0.693449
86,93,0.691251
86,94,0.689614
86,95,0.688743
87,0,0.713438
87,1,0.712083
87,2,0.709608
87,3,0.70643
87,4,0.703053
87,5,0.699962
87,6,0.697523
87,7,0.695915
87,8,0.695116
87,9,0.694914
87,10,0.694984
87,11,0.694972
87,12,0.694589
87,13,0.693692
87,14,0.692313
87,15,0.690652
87,16,0.689012
87,17,0.687721
87,18,0.687046
87,19,0.68713
87,20,0.687958
87,21,0.689372
87,22,0.691118
87,23,0.692917
87,24,0.69455
87,25,0.695909
87,26,0.697026
87,27,0.698047
87,28,0.699168
87,29,0.700548
87,30,0.702244
87,31,0.704164
87,32,0.706091
87,33,0.707745
87,34,0.708857
87,35,0.709254
87,36,0.708893
87,37,0.707871
87,38,0.706392
87,39,0.704716
87,40,0.703102
87,41,0.701756
87,42,0.700806
87,43,0.700291
87,44,0.700179
87,45,0.700404
87,46,0.700901
87,47,0.701633
87,48,0.7026
87,49,0.703809
87,50,0.705238
87,51,0.706793
87,52,0.708295
87,53,0.709511
87,54,0.710211
87,55,0.710244
87,56,0.709593
87,57,0.708386
87,58,0.706862
87,59,0.705297
87,60,0.703927
87,61,0.702885
87,62,0.702178
87,63,0.701703
87,64,0.701295
87,65,0.700771
87,66,0.699981
87,67,0.698842
87,68,0.697335
87,69,0.695533
87,70,0.693576
87,71,0.691665
87,72,0.690033
87,73,0.688907
87,74,0.688451
87,75,0.688731
87,76,0.689697
87,77,0.691201
87,78,0.693038
87,79,0.695007
87,80,0.696953
87,81,0.698772
87,82,0.700402
87,83,0.701773
87,84,0.702795
87,85,0.703339
87,86,0.703267
87,87,0.702473
87,88,0.700923
87,89,0.698683
87,90,0.695928
87,91,0.692918
87,92,0.689971
87,93,0.687407
87,94,0.685517
87,95,0.684516
88,0,0.71215
88,1,0.710912
88,2,0.708638
88,3,0.705691
88,4,0.702514
88,5,0.69954
88,6,0.697112
88,7,0.695413
88,8,0.694456
88,9,0.69408
88,10,0.694011
88,11,0.693936
88,12,0.693586
88,13,0.692813
88,14,0.691626
88,15,0.690189
88,16,0.688767
88,17,0.687653
88,18,0.687088
88,19,0.687203
88,20,0.68799
88,21,0.689314
88,22,0.690951
88,23,0.692658
88,24,0.694235
88,25,0.695571
88,26,0.696671
88,27,0.697636
88,28,0.698607
88,29,0.699707
88,30,0.700983
88,31,0.70237
88,32,0.703717
88,33,0.704826
88,34,0.705513
88,35,0.705668
88,36,0.705276
88,37,0.704415
88,38,0.703241
88,39,0.701941
88,40,0.700709
88,41,0.699701
88,42,0.699023
88,43,0.698717
88,44,0.698765
88,45,0.699119
88,46,0.699726
88,47,0.700555
88,48,0.701605
88,49,0.70289
88,50,0.704405
88,51,0.706082
88,52,0.707772
88,53,0.709262
88,54,0.710321
88,55,0.710773
88,56,0.710553
88,57,0.709732
88,58,0.708497
88,59,0.707087
88,60,0.705731
88,61,0.704574
88,62,0.703654
88,63,0.702904
88,64,0.702186
88,65,0.701335
88,66,0.70021
88,67,0.698731
88,68,0.69689
88,69,0.694777
88,70,0.69256
88,71,0.69047
88,72,0.688764
88,73,0.68768
88,74,0.687378
88,75,0.687912
88,76,0.689211
88,77,0.691102
88,78,0.693348
88,79,0.695709
88,80,0.697981
88,81,0.700015
88,82,0.701704
88,83,0.70296
88,84,0.703698
88,85,0.703818
88,86,0.703229
88,87,0.701878
88,88,0.699776
88,89,0.697024
88,90,0.69382
88,91,0.690436
88,92,0.687193
88,93,0.68441
88,94,0.682376
88,95,0.681304
89,0,0.710635
89,1,0.709536
89,2,0.707504
89,3,0.704841
89,4,0.701917
89,5,0.699103
89,6,0.696703
89,7,0.694899
89,8,0.693735
89,9,0.693109
89,10,0.692812
89,11,0.692592
89,12,0.692217
89,13,0.691553
89,14,0.690596
89,15,0.689476
89,16,0.68841
89,17,0.687638
89,18,0.687348
89,19,0.687633
89,20,0.688466
89,21,0.68972
89,22,0.691206
89,23,0.692722
89,24,0.694116
89,25,0.6953
89,26,0.696275
89,27,0.697111
89,28,0.697902
89,29,0.698728
89,30,0.699615
89,31,0.700514
89,32,0.701323
89,33,0.70192
89,34,0.702199
89,35,0.702112
89,36,0.701671
89,37,0.700945
89,38,0.700044
89,39,0.699093
89,40,0.698225
89,41,0.697552
89,42,0.69716
89,43,0.697093
89,44,0.697345
89,45,0.697881
89,46,0.698654
89,47,0.699626
89,48,0.700791
89,49,0.702163
89,50,0.703752
89,51,0.705518
89,52,0.707346
89,53,0.709052
89,54,0.710409
89,55,0.71122
89,56,0.711375
89,57,0.710881
89,58,0.709868
89,59,0.708539
89,60,0.707111
89,61,0.705747
89,62,0.704524
89,63,0.703417
89,64,0.702325
89,65,0.701106
89,66,0.699628
89,67,0.697815
89,68,0.695665
89,69,0.693284
89,70,0.690861
89,71,0.68865
89,72,0.686924
89,73,0.685917
89,74,0.68578
89,75,0.686548
89,76,0.688133
89,77,0.690348
89,78,0.692941
89,79,0.695652
89,80,0.698245
89,81,0.700526
89,82,0.70235
89,83,0.7036
89,84,0.704185
89,85,0.704025
89,86,0.703072
89,87,0.701321
89,88,0.698833
89,89,0.695744
89,90,0.692271
89,91,0.68869
89,92,0.685315
89,93,0.682451
89,94,0.680374
89,95,0.679282
90,0,0.708866
90,1,0.707926
90,2,0.706177
90,3,0.70385
90,4,0.701239
90,5,0.698637
90,6,0.696301
90,7,0.6944
90,8,0.693006
90,9,0.692074
90,10,0.691473
90,11,0.691023
90,12,0.690549
90,13,0.689948
90,14,0.689217
90,15,0.68846
90,16,0.687846
90,17,0.68755
90,18,0.687689
90,19,0.688291
90,20,0.689284
90,21,0.690529
90,22,0.69186
90,23,0.693128
90,24,0.694237
90,25,0.695149
90,26,0.695883
90,27,0.696498
90,28,0.697054
90,29,0.697592
90,30,0.698111
90,31,0.698571
90,32,0.698905
90,33,0.699051
90,34,0.698972
90,35,0.698672
90,36,0.69819
90,37,0.697586
90,38,0.696934
90,39,0.69631
90,40,0.695796
90,41,0.695469
90,42,0.695397
90,43,0.695624
90,44,0.69615
90,45,0.696946
90,46,0.697958
90,47,0.699136
90,48,0.700458
90,49,0.701937
90,50,0.703592
90,51,0.705412
90,52,0.707319
90,53,0.709159
90,54,0.710717
90,55,0.711778
90,56,0.712189
90,57,0.711903
90,58,0.710994
90,59,0.70963
90,60,0.70802
90,61,0.70635
90,62,0.704739
90,63,0.703206
90,64,0.701692
90,65,0.700077
90,66,0.698236
90,67,0.696099
90,68,0.693671
90,69,0.691069
90,70,0.688504
90,71,0.686244
90,72,0.684564
90,73,0.683688
90,74,0.68374
90,75,0.684731
90,76,0.686554
90,77,0.689021
90,78,0.691881
90,79,0.694872
90,80,0.697746
90,81,0.700282
90,82,0.702297
90,83,0.703646
90,84,0.704221
90,85,0.70395
90,86,0.702815
90,87,0.700854
90,88,0.698168
90,89,0.694924
90,90,0.691354
90,91,0.687734
90,92,0.684361
90,93,0.681524
90,94,0.679476
90,95,0.678404
91,0,0.706924
91,1,0.706159
91,2,0.704719
91,3,0.702768
91,4,0.700513
91,5,0.698169
91,6,0.695934
91,7,0.693956
91,8,0.692329
91,9,0.691062
91,10,0.6901
91,11,0.689348
91,12,0.688697
91,13,0.688091
91,14,0.687544
91,15,0.687146
91,16,0.687024
91,17,0.687285
91,18,0.687963
91,19,0.689002
91,20,0.690264
91,21,0.691577
91,22,0.692787
91,23,0.693789
91,24,0.694554
91,25,0.695107
91,26,0.695506
91,27,0.695818
91,28,0.696082
91,29,0.696311
91,30,0.696481
91,31,0.696552
91,32,0.696482
91,33,0.696258
91,34,0.695893
91,35,0.695433
91,36,0.694937
91,37,0.694458
91,38,0.694045
91,39,0.693733
91,40,0.693569
91,41,0.6936
91,42,0.693883
91,43,0.69446
91,44,0.695329
91,45,0.696454
91,46,0.697769
91,47,0.699204
91,48,0.700718
91,49,0.702315
91,50,0.704026
91,51,0.705864
91,52,0.707789
91,53,0.709675
91,54,0.711323
91,55,0.712504
91,56,0.713033
91,57,0.712813
91,58,0.711873
91,59,0.710354
91,60,0.708464
91,61,0.706413
91,62,0.704359
91,63,0.702367
91,64,0.700413
91,65,0.698396
91,66,0.696201
91,67,0.693761
91,68,0.691089
91,69,0.688316
91,70,0.685673
91,71,0.683434
91,72,0.681871
91,73,0.681179
91,74,0.681449
91,75,0.682657
91,76,0.684679
91,77,0.687325
91,78,0.690363
91,79,0.693548
91,80,0.69664
91,81,0.699407
91,82,0.701642
91,83,0.703168
91,84,0.703858
91,85,0.703636
91,86,0.702497
91,87,0.700508
91,88,0.697799
91,89,0.694561
91,90,0.691035
91,91,0.687491
91,92,0.684213
91,93,0.681468
91,94,0.679493
91,95,0.67846
92,0,0.704978
92,1,0.704387
92,2,0.703261
92,3,0.701692
92,4,0.699809
92,5,0.697743
92,6,0.695633
92,7,0.693601
92,8,0.691753
92,9,0.690149
92,10,0.688806
92,11,0.687709
92,12,0.686823
92,13,0.686146
92,14,0.68572
92,15,0.685636
92,16,0.685988
92,17,0.686817
92,18,0.688076
92,19,0.689615
92,20,0.691218
92,21,0.692667
92,22,0.693803
92,23,0.694558
92,24,0.69497
92,25,0.695129
92,26,0.695144
92,27,0.695104
92,28,0.695044
92,29,0.694957
92,30,0.694804
92,31,0.694542
92,32,0.694148
92,33,0.69364
92,34,0.693068
92,35,0.692509
92,36,0.692035
92,37,0.691691
92,38,0.691506
92,39,0.691488
92,40,0.69166
92,41,0.692049
92,42,0.692704
92,43,0.693658
92,44,0.694904
92,45,0.696395
92,46,0.698043
92,47,0.699755
92,48,0.70147
92,49,0.703184
92,50,0.704936
92,51,0.706763
92,52,0.708654
92,53,0.710515
92,54,0.712156
92,55,0.713343
92,56,0.713865
92,57,0.713588
92,58,0.712508
92,59,0.71075
92,60,0.708523
92,61,0.706062
92,62,0.703561
92,63,0.701122
92,64,0.698749
92,65,0.696358
92,66,0.693839
92,67,0.691131
92,68,0.688254
92,69,0.685359
92,70,0.68269
92,71,0.680528
92,72,0.679132
92,73,0.678664
92,74,0.679169
92,75,0.680585
92,76,0.682765
92,77,0.685528
92,78,0.688662
92,79,0.691956
92,80,0.695193
92,81,0.698147
92,82,0.700595
92,83,0.702339
92,84,0.703227
92,85,0.703168
92,86,0.70216
92,87,0.700283
92,88,0.697684
92,89,0.694566
92,90,0.691175
92,91,0.687774
92,92,0.684633
92,93,0.682007
92,94,0.680117
92,95,0.679128
93,0,0.703246
93,1,0.702813
93,2,0.70197
93,3,0.70075
93,4,0.699209
93,5,0.697404
93,6,0.695421
93,7,0.693353
93,8,0.691316
93,9,0.689408
93,10,0.687708
93,11,0.686272
93,12,0.685133
93,13,0.684342
93,14,0.683978
93,15,0.684135
93,16,0.684887
93,17,0.686223
93,18,0.688021
93,19,0.690045
93,20,0.692001
93,21,0.693617
93,22,0.694723
93,23,0.695279
93,24,0.695376
93,25,0.695167
93,26,0.694811
93,27,0.694426
93,28,0.694053
93,29,0.693676
93,30,0.693244
93,31,0.692715
93,32,0.692077
93,33,0.69137
93,34,0.690667
93,35,0.690063
93,36,0.689636
93,37,0.689426
93,38,0.689448
93,39,0.689691
93,40,0.690162
93,41,0.690878
93,42,0.691878
93,43,0.69319
93,44,0.694797
93,45,0.696635
93,46,0.698597
93,47,0.700566
93,48,0.702462
93,49,0.704277
93,50,0.706054
93,51,0.707849
93,52,0.70968
93,53,0.711471
93,54,0.713046
93,55,0.714166
93,56,0.714602
93,57,0.714196
93,58,0.712924
93,59,0.7109
93,60,0.708339
93,61,0.705499
93,62,0.702601
93,63,0.699776
93,64,0.697047
93,65,0.694341
93,66,0.691553
93,67,0.688626
93,68,0.685592
93,69,0.682615
93,70,0.679956
93,71,0.677898
93,72,0.676684
93,73,0.676441
93,74,0.677171
93,75,0.678771
93,76,0.681075
93,77,0.683903
93,78,0.687073
93,79,0.690409
93,80,0.693725
93,81,0.69681
93,82,0.699439
93,83,0.701396
93,84,0.702505
93,85,0.70266
93,86,0.701851
93,87,0.700158
93,88,0.697734
93,89,0.694789
93,90,0.691566
93,91,0.688324
93,92,0.685323
93,93,0.682807
93,94,0.680993
93,95,0.680043
94,0,0.701943
94,1,0.701631
94,2,0.701004
94,3,0.700051
94,4,0.698774
94,5,0.697173
94,6,0.695293
94,7,0.693204
94,8,0.691026
94,9,0.688886
94,10,0.686907
94,11,0.685197
94,12,0.683843
94,13,0.68294
94,14,0.682593
94,15,0.68291
94,16,0.683949
94,17,0.685666
94,18,0.687879
94,19,0.690287
94,20,0.692532
94,21,0.694299
94,22,0.695404
94,23,0.695823
94,24,0.695685
94,25,0.695192
94,26,0.694545
94,27,0.693885
94,28,0.693264
94,29,0.692662
94,30,0.692023
94,31,0.691306
94,32,0.690504
94,33,0.689672
94,34,0.688897
94,35,0.688282
94,36,0.687908
94,37,0.687809
94,38,0.687992
94,39,0.688434
94,40,0.689134
94,41,0.690102
94,42,0.691372
94,43,0.692966
94,44,0.694857
94,45,0.696968
94,46,0.699174
94,47,0.701339
94,48,0.703372
94,49,0.705259
94,50,0.707048
94,51,0.708809
94,52,0.710577
94,53,0.712293
94,54,0.713787
94,55,0.71482
94,56,0.715151
94,57,0.71461
94,58,0.713158
94,59,0.710909
94,60,0.708082
94,61,0.704951
94,62,0.701757
94,63,0.698649
94,64,0.695663
94,65,0.692731
94,66,0.68975
94,67,0.686669
94,68,0.683526
94,69,0.680502
94,70,0.677866
94,71,0.675904
94,72,0.674845
94,73,0.674788
94,74,0.675697
94,75,0.677438
94,76,0.679826
94,77,0.682687
94,78,0.685859
94,79,0.689197
94,80,0.692546
94,81,0.695711
94,82,0.698468
94,83,0.700591
94,84,0.701888
94,85,0.702237
94,86,0.701616
94,87,0.700103
94,88,0.697849
94,89,0.695064
94,90,0.691989
94,91,0.688878
94,92,0.685987
94,93,0.683555
94,94,0.681796
94,95,0.680873
95,0,0.701245
95,1,0.700998
95,2,0.700488
95,3,0.699681
95,4,0.698547
95,5,0.697058
95,6,0.695234
95,7,0.693136
95,8,0.690883
95,9,0.688616
95,10,0.686482
95,11,0.68462
95,12,0.683142
95,13,0.682169
95,14,0.681823
95,15,0.682218
95,16,0.683408
95,17,0.685328
95,18,0.687768
95,19,0.690388
95,20,0.692797
95,21,0.694654
95,22,0.695766
95,23,0.696115
95,24,0.695853
95,25,0.695206
95,26,0.694397
95,27,0.693586
95,28,0.692826
95,29,0.6921
95,30,0.691351
95,31,0.690535
95,32,0.689652
95,33,0.688761
95,34,0.687955
95,35,0.687341
95,36,0.687001
95,37,0.686966
95,38,0.687237
95,39,0.687788
95,40,0.688613
95,41,0.689719
95,42,0.691137
95,43,0.692887
95,44,0.694935
95,45,0.697195
95,46,0.699534
95,47,0.701806
95,48,0.703912
95,49,0.705836
95,50,0.707629
95,51,0.709368
95,52,0.711097
95,53,0.712765
95,54,0.714207
95,55,0.715181
95,56,0.715444
95,57,0.714817
95,58,0.713259
95,59,0.71088
95,60,0.707906
95,61,0.704617
95,62,0.701266
95,63,0.698009
95,64,0.694888
95,65,0.691837
95,66,0.688757
95,67,0.685595
95,68,0.682399
95,69,0.679353
95,70,0.676735
95,71,0.67483
95,72,0.673861
95,73,0.673908
95,74,0.674917
95,75,0.676734
95,76,0.679165
95,77,0.682038
95,78,0.685203
95,79,0.688534
95,80,0.691892
95,81,0.695093
95,82,0.697916
95,83,0.70013
95,84,0.701535
95,85,0.701997
95,86,0.70149
95,87,0.700085
95,88,0.697933
95,89,0.695243
95,90,0.692254
95,91,0.689217
95,92,0.686385
95,93,0.683997
95,94,0.682266
95,95,0.681357
