fy,fx,density
0,0,0.688025
0,1,0.688551
0,2,0.689507
0,3,0.69072
0,4,0.691975
0,5,0.693036
0,6,0.6937
0,7,0.6938
0,8,0.693253
0,9,0.692052
0,10,0.690289
0,11,0.688147
0,12,0.685895
0,13,0.683846
0,14,0.682319
0,15,0.681567
0,16,0.681726
0,17,0.682782
0,18,0.684582
0,19,0.686876
0,20,0.689373
0,21,0.69181
0,22,0.693991
0,23,0.695797
0,24,0.69717
0,25,0.698092
0,26,0.69857
0,27,0.698638
0,28,0.698354
0,29,0.697817
0,30,0.697146
0,31,0.696431
0,32,0.695693
0,33,0.694862
0,34,0.693788
0,35,0.692289
0,36,0.690224
0,37,0.687554
0,38,0.684368
0,39,0.680869
0,40,0.677345
0,41,0.674106
0,42,0.671474
0,43,0.669739
0,44,0.669152
0,45,0.669891
0,46,0.67203
0,47,0.67549
0,48,0.680031
0,49,0.68527
0,50,0.690745
0,51,0.696001
0,52,0.700678
0,53,0.704547
0,54,0.707521
0,55,0.709624
0,56,0.710944
0,57,0.711573
0,58,0.711587
0,59,0.71102
0,60,0.709886
0,61,0.70819
0,62,0.705969
0,63,0.703302
0,64,0.700339
0,65,0.697288
0,66,0.694378
0,67,0.691817
0,68,0.689738
0,69,0.688178
0,70,0.687068
0,71,0.686285
0,72,0.685709
0,73,0.685284
0,74,0.685063
0,75,0.685185
0,76,0.685857
0,77,0.687261
0,78,0.689487
0,79,0.692486
0,80,0.696066
0,81,0.699924
0,82,0.703722
0,83,0.707137
0,84,0.709906
0,85,0.711844
0,86,0.712819
0,87,0.712744
0,88,0.711572
0,89,0.709325
0,90,0.706142
0,91,0.702296
0,92,0.698222
0,93,0.694453
0,94,0.691548
0,95,0.689963
1,0,0.68798
1,1,0.688512
1,2,0.689479
1,3,0.690707
1,4,0.691974
1,5,0.693042
1,6,0.693706
1,7,0.693801
1,8,0.693249
1,9,0.692055
1,10,0.690317
1,11,0.688229
1,12,0.68606
1,13,0.684114
1,14,0.682697
1,15,0.682039
1,16,0.682259
1,17,0.68333
1,18,0.685093
1,19,0.687305
1,20,0.689688
1,21,0.691998
1,22,0.694056
1,23,0.695756
1,24,0.697047
1,25,0.69791
1,26,0.698346
1,27,0.69838
1,28,0.698061
1,29,0.697479
1,30,0.696747
1,31,0.695956
1,32,0.695135
1,33,0.694229
1,34,0.693109
1,35,0.691611
1,36,0.689614
1,37,0.687085
1,38,0.684113
1,39,0.680887
1,40,0.677677
1,41,0.67477
1,42,0.672464
1,43,0.671026
1,44,0.670693
1,45,0.67163
1,46,0.673897
1,47,0.677405
1,48,0.681906
1,49,0.687012
1,50,0.692261
1,51,0.697212
1,52,0.701521
1,53,0.704992
1,54,0.707575
1,55,0.70933
1,56,0.710377
1,57,0.710834
1,58,0.710782
1,59,0.710251
1,60,0.709236
1,61,0.707716
1,62,0.705699
1,63,0.70324
1,64,0.70047
1,65,0.697586
1,66,0.694811
1,67,0.692352
1,68,0.690343
1,69,0.68882
1,70,0.687715
1,71,0.68691
1,72,0.68629
1,73,0.685805
1,74,0.68552
1,75,0.68558
1,76,0.686192
1,77,0.687537
1,78,0.689699
1,79,0.692626
1,80,0.696126
1,81,0.699902
1,82,0.703624
1,83,0.70698
1,84,0.709715
1,85,0.711642
1,86,0.712628
1,87,0.712581
1,88,0.711453
1,89,0.709261
1,90,0.706143
1,91,0.70237
1,92,0.69837
1,93,0.694669
1,94,0.691817
1,95,0.690261
2,0,0.687975
2,1,0.688516
2,2,0.689497
2,3,0.690741
2,4,0.69202
2,5,0.693093
2,6,0.693751
2,7,0.693835
2,8,0.69328
2,9,0.692104
2,10,0.690427
2,11,0.68845
2,12,0.686445
2,13,0.684698
2,14,0.683484
2,15,0.682997
2,16,0.683319
2,17,0.684397
2,18,0.686071
2,19,0.688108
2,20,0.69026
2,21,0.692319
2,22,0.69414
2,23,0.695643
2,24,0.696788
2,25,0.697556
2,26,0.697935
2,27,0.69793
2,28,0.697567
2,29,0.696917
2,30,0.696081
2,31,0.695149
2,32,0.694168
2,33,0.693111
2,34,0.691887
2,35,0.690377
2,36,0.688487
2,37,0.686205
2,38,0.683617
2,39,0.680889
2,40,0.678255
2,41,0.675956
2,42,0.674247
2,43,0.673357
2,44,0.67349
2,45,0.674785
2,46,0.67728
2,47,0.680867
2,48,0.685283
2,49,0.690132
2,50,0.694957
2,51,0.699336
2,52,0.702965
2,53,0.705704
2,54,0.707569
2,55,0.708692
2,56,0.70925
2,57,0.709401
2,58,0.709239
2,59,0.708782
2,60,0.707992
2,61,0.706799
2,62,0.705162
2,63,0.70309
2,64,0.70068
2,65,0.698108
2,66,0.695586
2,67,0.69332
2,68,0.691443
2,69,0.689992
2,70,0.688901
2,71,0.688059
2,72,0.687361
2,73,0.686775
2,74,0.686378
2,75,0.686329
2,76,0.686838
2,77,0.688077
2,78,0.690121
2,79,0.692911
2,80,0.696255
2,81,0.699869
2,82,0.703442
2,83,0.706679
2,84,0.709338
2,85,0.711236
2,86,0.712236
2,87,0.712241
2,88,0.711197
2,89,0.709118
2,90,0.706136
2,91,0.702518
2,92,0.698677
2,93,0.695123
2,94,0.692383
2,95,0.690889
3,0,0.688151
3,1,0.688693
3,2,0.689675
3,3,0.690916
3,4,0.692186
3,5,0.693243
3,6,0.69388
3,7,0.693948
3,8,0.693398
3,9,0.692269
3,10,0.690699
3,11,0.688902
3,12,0.687139
3,13,0.685673
3,14,0.684732
3,15,0.684457
3,16,0.684886
3,17,0.685937
3,18,0.687444
3,19,0.689201
3,20,0.691002
3,21,0.692694
3,22,0.694181
3,23,0.695419
3,24,0.696389
3,25,0.697064
3,26,0.697413
3,27,0.697406
3,28,0.697031
3,29,0.696325
3,30,0.695368
3,31,0.694252
3,32,0.693042
3,33,0.691757
3,34,0.690362
3,35,0.688795
3,36,0.687013
3,37,0.685027
3,38,0.682921
3,39,0.680832
3,40,0.678942
3,41,0.677434
3,42,0.676503
3,43,0.676325
3,44,0.677059
3,45,0.678808
3,46,0.681584
3,47,0.685252
3,48,0.689531
3,49,0.694017
3,50,0.698263
3,51,0.701876
3,52,0.704607
3,53,0.706391
3,54,0.707333
3,55,0.707649
3,56,0.707591
3,57,0.707366
3,58,0.707082
3,59,0.70674
3,60,0.706255
3,61,0.705499
3,62,0.704365
3,63,0.702805
3,64,0.700875
3,65,0.69872
3,66,0.696541
3,67,0.694537
3,68,0.692841
3,69,0.691491
3,70,0.690427
3,71,0.689548
3,72,0.688763
3,73,0.688059
3,74,0.687534
3,75,0.687358
3,76,0.687742
3,77,0.688848
3,78,0.690738
3,79,0.69334
3,80,0.696467
3,81,0.699849
3,82,0.703202
3,83,0.706256
3,84,0.70879
3,85,0.71063
3,86,0.711636
3,87,0.711706
3,88,0.710782
3,89,0.708873
3,90,0.706106
3,91,0.702734
3,92,0.69915
3,93,0.69583
3,94,0.693271
3,95,0.691876
4,0,0.688652
4,1,0.689176
4,2,0.690124
4,3,0.691318
4,4,0.692534
4,5,0.693536
4,6,0.694128
4,7,0.694176
4,8,0.69365
4,9,0.692611
4,10,0.691212
4,11,0.689667
4,12,0.688222
4,13,0.687097
4,14,0.686467
4,15,0.686412
4,16,0.686917
4,17,0.687874
4,18,0.689121
4,19,0.690485
4,20,0.691821
4,21,0.693045
4,22,0.694125
4,23,0.695064
4,24,0.695862
4,25,0.696487
4,26,0.696874
4,27,0.696943
4,28,0.696628
4,29,0.695916
4,30,0.694855
4,31,0.693532
4,32,0.692041
4,33,0.690454
4,34,0.688809
4,35,0.68712
4,36,0.685402
4,37,0.6837
4,38,0.682095
4,39,0.68069
4,40,0.67961
4,41,0.678967
4,42,0.678886
4,43,0.67948
4,44,0.68086
4,45,0.683087
4,46,0.68614
4,47,0.689858
4,48,0.693943
4,49,0.697986
4,50,0.701558
4,51,0.704302
4,52,0.706035
4,53,0.706775
4,54,0.706721
4,55,0.706184
4,56,0.705489
4,57,0.704889
4,58,0.704505
4,59,0.704313
4,60,0.704181
4,61,0.703916
4,62,0.703342
4,63,0.702355
4,64,0.700962
4,65,0.69928
4,66,0.697492
4,67,0.695791
4,68,0.694308
4,69,0.693084
4,70,0.692067
4,71,0.691166
4,72,0.690308
4,73,0.689504
4,74,0.688867
4,75,0.688578
4,76,0.688844
4,77,0.689814
4,78,0.691529
4,79,0.693908
4,80,0.696766
4,81,0.699856
4,82,0.702922
4,83,0.705732
4,84,0.708087
4,85,0.709828
4,86,0.71082
4,87,0.710959
4,88,0.710184
4,89,0.7085
4,90,0.706025
4,91,0.702993
4,92,0.699762
4,93,0.69677
4,94,0.694463
4,95,0.693206
5,0,0.689572
5,1,0.690048
5,2,0.69091
5,3,0.691992
5,4,0.693086
5,5,0.693978
5,6,0.694492
5,7,0.694518
5,8,0.694045
5,9,0.693152
5,10,0.691996
5,11,0.690781
5,12,0.689718
5,13,0.688978
5,14,0.688669
5,15,0.68881
5,16,0.689336
5,17,0.690119
5,18,0.69101
5,19,0.691884
5,20,0.692664
5,21,0.693348
5,22,0.693978
5,23,0.694612
5,24,0.695271
5,25,0.695912
5,26,0.696428
5,27,0.696675
5,28,0.696515
5,29,0.695868
5,30,0.694741
5,31,0.693211
5,32,0.691403
5,33,0.689452
5,34,0.687483
5,35,0.685594
5,36,0.683872
5,37,0.682399
5,38,0.681253
5,39,0.680501
5,40,0.680204
5,41,0.680401
5,42,0.681141
5,43,0.682475
5,44,0.684459
5,45,0.687114
5,46,0.690387
5,47,0.694096
5,48,0.697931
5,49,0.701485
5,50,0.704349
5,51,0.706214
5,52,0.706961
5,53,0.706694
5,54,0.7057
5,55,0.704376
5,56,0.703112
5,57,0.702196
5,58,0.701753
5,59,0.701735
5,60,0.701961
5,61,0.70218
5,62,0.702156
5,63,0.701732
5,64,0.700873
5,65,0.699667
5,66,0.69828
5,67,0.696893
5,68,0.695637
5,69,0.694556
5,70,0.693608
5,71,0.692716
5,72,0.691827
5,73,0.690967
5,74,0.690265
5,75,0.689905
5,76,0.690084
5,77,0.69093
5,78,0.692466
5,79,0.694598
5,80,0.697149
5,81,0.699895
5,82,0.702619
5,83,0.705125
5,84,0.707247
5,85,0.708845
5,86,0.709794
5,87,0.709993
5,88,0.709384
5,89,0.707965
5,90,0.705844
5,91,0.703227
5,92,0.700434
5,93,0.697844
5,94,0.695847
5,95,0.69476
6,0,0.690918
6,1,0.691312
6,2,0.692022
6,3,0.692912
6,4,0.693806
6,5,0.694525
6,6,0.694928
6,7,0.694933
6,8,0.694549
6,9,0.693862
6,10,0.69302
6,11,0.692201
6,12,0.691567
6,13,0.69123
6,14,0.691228
6,15,0.691522
6,16,0.692007
6,17,0.692545
6,18,0.69301
6,19,0.693331
6,20,0.693509
6,21,0.693626
6,22,0.693802
6,23,0.69415
6,24,0.694716
6,25,0.695444
6,26,0.696177
6,27,0.696696
6,28,0.696779
6,29,0.696269
6,30,0.69512
6,31,0.693396
6,32,0.691255
6,33,0.688903
6,34,0.686555
6,35,0.684405
6,36,0.682613
6,37,0.6813
6,38,0.680541
6,39,0.680362
6,40,0.68076
6,41,0.681701
6,42,0.683159
6,43,0.685123
6,44,0.687602
6,45,0.690581
6,46,0.693982
6,47,0.697607
6,48,0.701144
6,49,0.704194
6,50,0.706379
6,51,0.707435
6,52,0.707304
6,53,0.706165
6,54,0.704381
6,55,0.702414
6,56,0.700702
6,57,0.699556
6,58,0.699097
6,59,0.69925
6,60,0.699796
6,61,0.700436
6,62,0.700891
6,63,0.700963
6,64,0.700584
6,65,0.699815
6,66,0.698804
6,67,0.697721
6,68,0.696694
6,69,0.695771
6,70,0.694918
6,71,0.694077
6,72,0.69321
6,73,0.69236
6,74,0.691659
6,75,0.691286
6,76,0.691421
6,77,0.692165
6,78,0.693523
6,79,0.695392
6,80,0.697605
6,81,0.699968
6,82,0.702302
6,83,0.704455
6,84,0.706295
6,85,0.707707
6,86,0.70858
6,87,0.708822
6,88,0.708375
6,89,0.707238
6,90,0.705499
6,91,0.703338
6,92,0.701024
6,93,0.698877
6,94,0.697221
6,95,0.69632
7,0,0.692606
7,1,0.69288
7,2,0.693375
7,3,0.693994
7,4,0.694612
7,5,0.695103
7,6,0.695369
7,7,0.69536
7,8,0.695099
7,9,0.69467
7,10,0.694197
7,11,0.693813
7,12,0.693625
7,13,0.693678
7,14,0.693948
7,15,0.694345
7,16,0.694738
7,17,0.694989
7,18,0.695005
7,19,0.69477
7,20,0.694362
7,21,0.693941
7,22,0.693701
7,23,0.693807
7,24,0.694328
7,25,0.695192
7,26,0.696197
7,27,0.697044
7,28,0.697423
7,29,0.697096
7,30,0.695958
7,31,0.694062
7,32,0.691597
7,33,0.688839
7,34,0.686098
7,35,0.683663
7,36,0.681766
7,37,0.680561
7,38,0.680117
7,39,0.68042
7,40,0.681399
7,41,0.682949
7,42,0.684979
7,43,0.687422
7,44,0.690247
7,45,0.693415
7,46,0.696833
7,47,0.700301
7,48,0.70351
7,49,0.706081
7,50,0.707666
7,51,0.708044
7,52,0.707209
7,53,0.705395
7,54,0.703018
7,55,0.700584
7,56,0.698557
7,57,0.697258
7,58,0.696799
7,59,0.697084
7,60,0.697866
7,61,0.69882
7,62,0.699638
7,63,0.700099
7,64,0.700111
7,65,0.699715
7,66,0.69904
7,67,0.698242
7,68,0.697441
7,69,0.696689
7,70,0.695963
7,71,0.69522
7,72,0.694439
7,73,0.693669
7,74,0.693042
7,75,0.692719
7,76,0.692854
7,77,0.693522
7,78,0.694704
7,79,0.696296
7,80,0.698145
7,81,0.700092
7,82,0.701999
7,83,0.703759
7,84,0.705277
7,85,0.706464
7,86,0.707226
7,87,0.70748
7,88,0.707173
7,89,0.706298
7,90,0.704927
7,91,0.703209
7,92,0.701361
7,93,0.699645
7,94,0.698321
7,95,0.6976
8,0,0.694476
8,1,0.694602
8,2,0.694831
8,3,0.69512
8,4,0.695409
8,5,0.695636
8,6,0.695754
8,7,0.695745
8,8,0.695636
8,9,0.695495
8,10,0.695409
8,11,0.695458
8,12,0.695689
8,13,0.696085
8,14,0.69657
8,15,0.697019
8,16,0.697291
8,17,0.697257
8,18,0.69686
8,19,0.696137
8,20,0.695227
8,21,0.694357
8,22,0.693781
8,23,0.693707
8,24,0.694223
8,25,0.695244
8,26,0.696524
8,27,0.697696
8,28,0.698368
8,29,0.698226
8,30,0.697113
8,31,0.695069
8,32,0.692312
8,33,0.689188
8,34,0.686094
8,35,0.683404
8,36,0.681414
8,37,0.680303
8,38,0.680127
8,39,0.680828
8,40,0.682272
8,41,0.684288
8,42,0.686727
8,43,0.689481
8,44,0.692491
8,45,0.695707
8,46,0.699034
8,47,0.702282
8,48,0.705158
8,49,0.707308
8,50,0.708413
8,51,0.708284
8,52,0.706953
8,53,0.704685
8,54,0.701924
8,55,0.699192
8,56,0.696963
8,57,0.695556
8,58,0.695074
8,59,0.695411
8,60,0.696311
8,61,0.697438
8,62,0.698479
8,63,0.699205
8,64,0.699511
8,65,0.69942
8,66,0.69904
8,67,0.69851
8,68,0.697939
8,69,0.697377
8,70,0.696811
8,71,0.696215
8,72,0.695578
8,73,0.694955
8,74,0.694464
8,75,0.694245
8,76,0.694417
8,77,0.695025
8,78,0.696034
8,79,0.697335
8,80,0.698799
8,81,0.700305
8,82,0.701758
8,83,0.703095
8,84,0.704259
8,85,0.705186
8,86,0.705797
8,87,0.706022
8,88,0.705809
8,89,0.705143
8,90,0.704079
8,91,0.702734
8,92,0.701283
8,93,0.699931
8,94,0.698888
8,95,0.69832
9,0,0.696338
9,1,0.696301
9,2,0.696239
9,3,0.696173
9,4,0.696118
9,5,0.69608
9,6,0.696063
9,7,0.696074
9,8,0.696133
9,9,0.69628
9,10,0.696555
9,11,0.696981
9,12,0.697551
9,13,0.698201
9,14,0.698821
9,15,0.699271
9,16,0.699413
9,17,0.699139
9,18,0.698422
9,19,0.69734
9,20,0.696078
9,21,0.694905
9,22,0.694111
9,23,0.693935
9,24,0.694475
9,25,0.695638
9,26,0.697145
9,27,0.698578
9,28,0.699482
9,29,0.699482
9,30,0.698384
9,31,0.696217
9,32,0.693229
9,33,0.689824
9,34,0.686471
9,35,0.683614
9,36,0.681593
9,37,0.680603
9,38,0.680677
9,39,0.681711
9,40,0.683512
9,41,0.685855
9,42,0.688543
9,43,0.691444
9,44,0.694485
9,45,0.697619
9,46,0.700766
9,47,0.703755
9,48,0.70632
9,49,0.708134
9,50,0.708903
9,51,0.708462
9,52,0.706853
9,53,0.70435
9,54,0.701394
9,55,0.698503
9,56,0.696145
9,57,0.69463
9,58,0.694063
9,59,0.694339
9,60,0.695212
9,61,0.696361
9,62,0.697482
9,63,0.698353
9,64,0.698865
9,65,0.699022
9,66,0.69891
9,67,0.698643
9,68,0.698314
9,69,0.697967
9,70,0.697596
9,71,0.697187
9,72,0.696741
9,73,0.696312
9,74,0.696003
9,75,0.695924
9,76,0.696159
9,77,0.696719
9,78,0.697553
9,79,0.698555
9,80,0.699622
9,81,0.700669
9,82,0.701651
9,83,0.702543
9,84,0.703326
9,85,0.703959
9,86,0.70438
9,87,0.704524
9,88,0.704338
9,89,0.703797
9,90,0.70294
9,91,0.701855
9,92,0.700681
9,93,0.699586
9,94,0.698739
9,95,0.698278
10,0,0.698001
10,1,0.697804
10,2,0.697463
10,3,0.697063
10,4,0.696695
10,5,0.696432
10,6,0.696322
10,7,0.69638
10,8,0.696612
10,9,0.697014
10,10,0.697575
10,11,0.698269
10,12,0.699048
10,13,0.699821
10,14,0.700472
10,15,0.700866
10,16,0.700883
10,17,0.700441
10,18,0.699536
10,19,0.69827
10,20,0.696846
10,21,0.695548
10,22,0.694681
10,23,0.694491
10,24,0.695078
10,25,0.696344
10,26,0.697993
10,27,0.699577
10,28,0.700607
10,29,0.700674
10,30,0.699564
10,31,0.697305
10,32,0.694171
10,33,0.690609
10,34,0.687139
10,35,0.684247
10,36,0.682299
10,37,0.681484
10,38,0.681809
10,39,0.683123
10,40,0.685182
10,41,0.687719
10,42,0.690509
10,43,0.693406
10,44,0.696344
10,45,0.69929
10,46,0.702192
10,47,0.70491
10,48,0.707209
10,49,0.708791
10,50,0.709382
10,51,0.708823
10,52,0.707147
10,53,0.704607
10,54,0.70162
10,55,0.698676
10,56,0.696226
10,57,0.694574
10,58,0.693832
10,59,0.69392
10,60,0.694621
10,61,0.695646
10,62,0.69672
10,63,0.697636
10,64,0.698282
10,65,0.698646
10,66,0.698786
10,67,0.698786
10,68,0.698716
10,69,0.698607
10,70,0.698457
10,71,0.698262
10,72,0.698032
10,73,0.69782
10,74,0.697713
10,75,0.69779
10,76,0.698098
10,77,0.698616
10,78,0.699277
10,79,0.699982
10,80,0.700651
10,81,0.701239
10,82,0.701743
10,83,0.702181
10,84,0.702564
10,85,0.702875
10,86,0.703063
10,87,0.703067
10,88,0.70283
10,89,0.702316
10,90,0.701545
10,91,0.700584
10,92,0.699547
10,93,0.698579
10,94,0.697829
10,95,0.697419
11,0,0.699319
11,1,0.698989
11,2,0.698417
11,3,0.697751
11,4,0.697149
11,5,0.69674
11,6,0.6966
11,7,0.696741
11,8,0.697135
11,9,0.697731
11,10,0.698467
11,11,0.699279
11,12,0.700097
11,13,0.700834
11,14,0.701391
11,15,0.701662
11,16,0.701558
11,17,0.701023
11,18,0.700068
11,19,0.698798
11,20,0.697411
11,21,0.696176
11,22,0.695385
11,23,0.69527
11,24,0.695925
11,25,0.697248
11,26,0.698942
11,27,0.700554
11,28,0.701591
11,29,0.701643
11,30,0.700497
11,31,0.698191
11,32,0.695019
11,33,0.691452
11,34,0.688034
11,35,0.685264
11,36,0.683507
11,37,0.68293
11,38,0.683507
11,39,0.685045
11,40,0.687264
11,41,0.689871
11,42,0.692629
11,43,0.695396
11,44,0.698122
11,45,0.700803
11,46,0.70342
11,47,0.705873
11,48,0.707962
11,49,0.709419
11,50,0.709981
11,51,0.709481
11,52,0.707926
11,53,0.705523
11,54,0.702641
11,55,0.699727
11,56,0.697206
11,57,0.695379
11,58,0.69438
11,59,0.694166
11,60,0.694571
11,61,0.695355
11,62,0.696282
11,63,0.697165
11,64,0.697893
11,65,0.698434
11,66,0.698815
11,67,0.699083
11,68,0.699279
11,69,0.699419
11,70,0.699499
11,71,0.699521
11,72,0.699506
11,73,0.699508
11,74,0.699595
11,75,0.699821
11,76,0.700198
11,77,0.700677
11,78,0.701176
11,79,0.701598
11,80,0.701887
11,81,0.702035
11,82,0.702074
11,83,0.702062
11,84,0.702037
11,85,0.702003
11,86,0.70192
11,87,0.701728
11,88,0.701364
11,89,0.700778
11,90,0.699973
11,91,0.699002
11,92,0.697964
11,93,0.696996
11,94,0.696246
11,95,0.695836
12,0,0.700194
12,1,0.699775
12,2,0.699055
12,3,0.69823
12,4,0.697513
12,5,0.697067
12,6,0.696979
12,7,0.69724
12,8,0.697778
12,9,0.698491
12,10,0.699272
12,11,0.700034
12,12,0.70071
12,13,0.701239
12,14,0.701567
12,15,0.701637
12,16,0.701401
12,17,0.700827
12,18,0.699934
12,19,0.698812
12,20,0.697629
12,21,0.696619
12,22,0.696034
12,23,0.696077
12,24,0.696824
12,25,0.698169
12,26,0.699826
12,27,0.701363
12,28,0.702311
12,29,0.702288
12,30,0.701103
12,31,0.698814
12,32,0.695728
12,33,0.692319
12,34,0.689126
12,35,0.686631
12,36,0.685171
12,37,0.68488
12,38,0.685695
12,39,0.687394
12,40,0.689675
12,41,0.692237
12,42,0.694848
12,43,0.697384
12,44,0.699819
12,45,0.702184
12,46,0.704497
12,47,0.7067
12,48,0.708633
12,49,0.710054
12,50,0.710709
12,51,0.710412
12,52,0.709128
12,53,0.707005
12,54,0.704342
12,55,0.701535
12,56,0.698973
12,57,0.69696
12,58,0.695656
12,59,0.695072
12,60,0.695104
12,61,0.695572
12,62,0.696286
12,63,0.697081
12,64,0.697848
12,65,0.698533
12,66,0.699129
12,67,0.699646
12,68,0.700094
12,69,0.700468
12,70,0.70076
12,71,0.700978
12,72,0.701149
12,73,0.701328
12,74,0.701575
12,75,0.701922
12,76,0.702351
12,77,0.702789
12,78,0.703139
12,79,0.703309
12,80,0.703258
12,81,0.703005
12,82,0.702616
12,83,0.702177
12,84,0.701754
12,85,0.701368
12,86,0.700989
12,87,0.700559
12,88,0.700004
12,89,0.699265
12,90,0.69833
12,91,0.69724
12,92,0.69609
12,93,0.695023
12,94,0.694195
12,95,0.693743
13,0,0.700581
13,1,0.700131
13,2,0.699367
13,3,0.698519
13,4,0.697825
13,5,0.697464
13,6,0.697511
13,7,0.697926
13,8,0.698584
13,9,0.699334
13,10,0.700036
13,11,0.700592
13,12,0.70096
13,13,0.701127
13,14,0.701101
13,15,0.700887
13,16,0.700486
13,17,0.699891
13,18,0.699119
13,19,0.698236
13,20,0.697367
13,21,0.696691
13,22,0.696404
13,23,0.696669
13,24,0.697534
13,25,0.698888
13,26,0.700465
13,27,0.70187
13,28,0.702682
13,29,0.702567
13,30,0.701375
13,31,0.699189
13,32,0.696318
13,33,0.693222
13,34,0.690406
13,35,0.688309
13,36,0.687221
13,37,0.687235
13,38,0.688257
13,39,0.690047
13,40,0.6923
13,41,0.694725
13,42,0.697107
13,43,0.699345
13,44,0.701441
13,45,0.703461
13,46,0.70546
13,47,0.707423
13,48,0.709228
13,49,0.710664
13,50,0.711483
13,51,0.711481
13,52,0.710572
13,53,0.708832
13,54,0.70649
13,55,0.703872
13,56,0.701331
13,57,0.699168
13,58,0.697575
13,59,0.696619
13,60,0.696265
13,61,0.696394
13,62,0.696864
13,63,0.697533
13,64,0.698294
13,65,0.699073
13,66,0.699833
13,67,0.700548
13,68,0.701199
13,69,0.701761
13,70,0.702218
13,71,0.702581
13,72,0.702882
13,73,0.703181
13,74,0.70353
13,75,0.703947
13,76,0.704394
13,77,0.704779
13,78,0.704996
13,79,0.70495
13,80,0.704612
13,81,0.704019
13,82,0.703259
13,83,0.702443
13,84,0.701655
13,85,0.700933
13,86,0.700257
13,87,0.699568
13,88,0.698789
13,89,0.697848
13,90,0.696723
13,91,0.695446
13,92,0.694117
13,93,0.692889
13,94,0.691939
13,95,0.691419
14,0,0.700481
14,1,0.700062
14,2,0.699369
14,3,0.698637
14,4,0.698106
14,5,0.697946
14,6,0.698203
14,7,0.698793
14,8,0.699545
14,9,0.700265
14,10,0.700788
14,11,0.701023
14,12,0.700963
14,13,0.700655
14,14,0.700178
14,15,0.699604
14,16,0.698986
14,17,0.698343
14,18,0.697689
14,19,0.697062
14,20,0.696538
14,21,0.696236
14,22,0.696292
14,23,0.696816
14,24,0.697824
14,25,0.699202
14,26,0.700703
14,27,0.701979
14,28,0.70267
14,29,0.702501
14,30,0.701371
14,31,0.699385
14,32,0.69685
14,33,0.694191
14,34,0.691861
14,35,0.690237
14,36,0.689555
14,37,0.689864
14,38,0.691048
14,39,0.692866
14,40,0.695026
14,41,0.697258
14,42,0.69937
14,43,0.701284
14,44,0.703028
14,45,0.704691
14,46,0.706367
14,47,0.708078
14,48,0.709747
14,49,0.711194
14,50,0.712186
14,51,0.712501
14,52,0.71201
14,53,0.71072
14,54,0.708776
14,55,0.70644
14,56,0.704018
14,57,0.701801
14,58,0.700006
14,59,0.698753
14,60,0.698065
14,61,0.697886
14,62,0.698113
14,63,0.698631
14,64,0.699334
14,65,0.700137
14,66,0.70098
14,67,0.70181
14,68,0.702583
14,69,0.70326
14,70,0.703812
14,71,0.704249
14,72,0.704607
14,73,0.704947
14,74,0.705319
14,75,0.705735
14,76,0.706147
14,77,0.706454
14,78,0.70654
14,79,0.706312
14,80,0.705744
14,81,0.704883
14,82,0.703829
14,83,0.702705
14,84,0.701612
14,85,0.700598
14,86,0.699652
14,87,0.698717
14,88,0.697713
14,89,0.696561
14,90,0.695229
14,91,0.693747
14,92,0.692219
14,93,0.690814
14,94,0.689728
14,95,0.689134
15,0,0.699926
15,1,0.699601
15,2,0.699086
15,3,0.698598
15,4,0.698354
15,5,0.698489
15,6,0.699007
15,7,0.699781
15,8,0.700599
15,9,0.701239
15,10,0.701523
15,11,0.701376
15,12,0.700832
15,13,0.699994
15,14,0.699012
15,15,0.698022
15,16,0.697127
15,17,0.696373
15,18,0.695777
15,19,0.695353
15,20,0.695134
15,21,0.695183
15,22,0.695575
15,23,0.696368
15,24,0.697545
15,25,0.698981
15,26,0.700454
15,27,0.701658
15,28,0.702295
15,29,0.702152
15,30,0.701174
15,31,0.699485
15,32,0.697377
15,33,0.695231
15,34,0.693437
15,35,0.692306
15,36,0.692016
15,37,0.692583
15,38,0.693885
15,39,0.695691
15,40,0.697734
15,41,0.69977
15,42,0.701626
15,43,0.703239
15,44,0.704649
15,45,0.705963
15,46,0.707302
15,47,0.708726
15,48,0.710206
15,49,0.711603
15,50,0.712708
15,51,0.713296
15,52,0.713204
15,53,0.712376
15,54,0.710887
15,55,0.708924
15,56,0.706744
15,57,0.704616
15,58,0.702768
15,59,0.701353
15,60,0.700445
15,61,0.70003
15,62,0.700045
15,63,0.700398
15,64,0.70099
15,65,0.701734
15,66,0.702561
15,67,0.703404
15,68,0.704204
15,69,0.704906
15,70,0.705473
15,71,0.705906
15,72,0.706239
15,73,0.706531
15,74,0.706836
15,75,0.707164
15,76,0.707468
15,77,0.707648
15,78,0.707589
15,79,0.707197
15,80,0.706447
15,81,0.705388
15,82,0.704121
15,83,0.702775
15,84,0.701455
15,85,0.700218
15,86,0.699058
15,87,0.697923
15,88,0.696729
15,89,0.695395
15,90,0.693882
15,91,0.692221
15,92,0.690519
15,93,0.688958
15,94,0.687755
15,95,0.687096
16,0,0.698964
16,1,0.698784
16,2,0.698537
16,3,0.6984
16,4,0.698537
16,5,0.69903
16,6,0.699836
16,7,0.700789
16,8,0.701649
16,9,0.70218
16,10,0.702208
16,11,0.701678
16,12,0.700658
16,13,0.699301
16,14,0.697812
16,15,0.696381
16,16,0.695154
16,17,0.69421
16,18,0.693576
16,19,0.693254
16,20,0.693247
16,21,0.693573
16,22,0.694257
16,23,0.695308
16,24,0.696674
16,25,0.698219
16,26,0.699736
16,27,0.700959
16,28,0.701641
16,29,0.701623
16,30,0.700886
16,31,0.699564
16,32,0.697928
16,33,0.696311
16,34,0.695039
16,35,0.694362
16,36,0.694413
16,37,0.69519
16,38,0.696574
16,39,0.698361
16,40,0.700311
16,41,0.702201
16,42,0.703868
16,43,0.705248
16,44,0.706375
16,45,0.70736
16,46,0.708345
16,47,0.709429
16,48,0.710634
16,49,0.711871
16,50,0.712973
16,51,0.713726
16,52,0.713954
16,53,0.713555
16,54,0.712539
16,55,0.711027
16,56,0.709216
16,57,0.70734
16,58,0.705619
16,59,0.704218
16,60,0.703237
16,61,0.702692
16,62,0.702549
16,63,0.702736
16,64,0.703172
16,65,0.703781
16,66,0.704497
16,67,0.705255
16,68,0.705991
16,69,0.706639
16,70,0.707148
16,71,0.707506
16,72,0.707736
16,73,0.707895
16,74,0.708036
16,75,0.70818
16,76,0.70829
16,77,0.708277
16,78,0.708036
16,79,0.707477
16,80,0.706575
16,81,0.705373
16,82,0.70397
16,83,0.702487
16,84,0.70103
16,85,0.699655
16,86,0.698362
16,87,0.697099
16,88,0.695781
16,89,0.694327
16,90,0.692694
16,91,0.690913
16,92,0.689095
16,93,0.687431
16,94,0.686148
16,95,0.685446
17,0,0.697638
17,1,0.697645
17,2,0.697735
17,3,0.698025
17,4,0.698609
17,5,0.6995
17,6,0.700603
17,7,0.701721
17,8,0.702604
17,9,0.703019
17,10,0.70281
17,11,0.701942
17,12,0.700511
17,13,0.6987
17,14,0.69675
17,15,0.694888
17,16,0.693299
17,17,0.692091
17,18,0.691314
17,19,0.690976
17,20,0.691067
17,21,0.691576
17,22,0.692489
17,23,0.693773
17,24,0.695342
17,25,0.697048
17,26,0.698688
17,27,0.700026
17,28,0.700853
17,29,0.701047
17,30,0.700612
17,31,0.699684
17,32,0.698508
17,33,0.69737
17,34,0.696543
17,35,0.696233
17,36,0.696545
17,37,0.697474
17,38,0.698922
17,39,0.700714
17,40,0.702635
17,41,0.704472
17,42,0.706056
17,43,0.7073
17,44,0.708218
17,45,0.708911
17,46,0.709531
17,47,0.710219
17,48,0.711048
17,49,0.711995
17,50,0.712946
17,51,0.713723
17,52,0.714151
17,53,0.714103
17,54,0.713541
17,55,0.712522
17,56,0.711182
17,57,0.709709
17,58,0.70829
17,59,0.70708
17,60,0.706181
17,61,0.705624
17,62,0.705392
17,63,0.705433
17,64,0.705691
17,65,0.706112
17,66,0.70665
17,67,0.707255
17,68,0.707862
17,69,0.708399
17,70,0.7088
17,71,0.709029
17,72,0.709096
17,73,0.709047
17,74,0.70894
17,75,0.708807
17,76,0.708634
17,77,0.708352
17,78,0.707877
17,79,0.707128
17,80,0.706081
17,81,0.704774
17,82,0.703293
17,83,0.70175
17,84,0.700242
17,85,0.69882
17,86,0.697484
17,87,0.696179
17,88,0.694823
17,89,0.693331
17,90,0.69166
17,91,0.689839
17,92,0.68798
17,93,0.686277
17,94,0.684965
17,95,0.684247
18,0,0.695973
18,1,0.696194
18,2,0.69667
18,3,0.697442
18,4,0.698516
18,5,0.699828
18,6,0.70123
18,7,0.702505
18,8,0.703404
18,9,0.703718
18,10,0.703315
18,11,0.702185
18,12,0.700439
18,13,0.698276
18,14,0.695948
18,15,0.693702
18,16,0.69175
18,17,0.690232
18,18,0.689229
18,19,0.68877
18,20,0.688853
18,21,0.689455
18,22,0.690533
18,23,0.69202
18,24,0.693802
18,25,0.695708
18,26,0.697537
18,27,0.699066
18,28,0.70011
18,29,0.700567
18,30,0.700451
18,31,0.69989
18,32,0.699103
18,33,0.698341
18,34,0.697839
18,35,0.697776
18,36,0.698253
18,37,0.699277
18,38,0.70078
18,39,0.702616
18,40,0.704588
18,41,0.70648
18,42,0.708097
18,43,0.709314
18,44,0.710107
18,45,0.710556
18,46,0.710818
18,47,0.711067
18,48,0.711438
18,49,0.711976
18,50,0.712633
18,51,0.713283
18,52,0.713775
18,53,0.713975
18,54,0.713809
18,55,0.713283
18,56,0.712472
18,57,0.711505
18,58,0.710524
18,59,0.709652
18,60,0.708973
18,61,0.708514
18,62,0.708267
18,63,0.708203
18,64,0.708291
18,65,0.708511
18,66,0.708846
18,67,0.709269
18,68,0.709722
18,69,0.710127
18,70,0.710396
18,71,0.710472
18,72,0.710338
18,73,0.710032
18,74,0.709613
18,75,0.709131
18,76,0.708602
18,77,0.707985
18,78,0.707224
18,79,0.706254
18,80,0.705055
18,81,0.703658
18,82,0.702138
18,83,0.700593
18,84,0.699106
18,85,0.69772
18,86,0.696427
18,87,0.69517
18,88,0.693864
18,89,0.692421
18,90,0.690797
18,91,0.689017
18,92,0.687193
18,93,0.685517
18,94,0.684222
18,95,0.683513
19,0,0.69396
19,1,0.694415
19,2,0.695309
19,3,0.696599
19,4,0.698195
19,5,0.69995
19,6,0.701661
19,7,0.703095
19,8,0.704021
19,9,0.704261
19,10,0.703721
19,11,0.702415
19,12,0.700464
19,13,0.698066
19,14,0.695467
19,15,0.692918
19,16,0.690642
19,17,0.68881
19,18,0.687541
19,19,0.686896
19,20,0.686895
19,21,0.687519
19,22,0.688709
19,23,0.690371
19,24,0.692362
19,25,0.694492
19,26,0.696546
19,27,0.698308
19,28,0.699598
19,29,0.700323
19,30,0.700495
19,31,0.700228
19,32,0.699722
19,33,0.6992
19,34,0.69888
19,35,0.698937
19,36,0.699479
19,37,0.700544
19,38,0.702093
19,39,0.704005
19,40,0.706093
19,41,0.708125
19,42,0.709868
19,43,0.711147
19,44,0.711893
19,45,0.712154
19,46,0.712087
19,47,0.711894
19,48,0.711765
19,49,0.711818
19,50,0.712078
19,51,0.712479
19,52,0.712911
19,53,0.713246
19,54,0.713394
19,55,0.713317
19,56,0.713035
19,57,0.712615
19,58,0.712144
19,59,0.7117
19,60,0.711333
19,61,0.711058
19,62,0.710868
19,63,0.71075
19,64,0.710705
19,65,0.710748
19,66,0.710898
19,67,0.711151
19,68,0.711463
19,69,0.711745
19,70,0.711892
19,71,0.711815
19,72,0.711475
19,73,0.710895
19,74,0.710136
19,75,0.709271
19,76,0.708345
19,77,0.707356
19,78,0.706275
19,79,0.705061
19,80,0.7037
19,81,0.702219
19,82,0.700681
19,83,0.699169
19,84,0.697755
19,85,0.696467
19,86,0.695289
19,87,0.694157
19,88,0.692977
19,89,0.691659
19,90,0.690153
19,91,0.68848
19,92,0.686748
19,93,0.685147
19,94,0.683905
19,95,0.683223
20,0,0.69158
20,1,0.692279
20,2,0.693609
20,3,0.695441
20,4,0.697583
20,5,0.699801
20,6,0.701841
20,7,0.703453
20,8,0.704429
20,9,0.704634
20,10,0.704014
20,11,0.702615
20,12,0.700567
20,13,0.698055
20,14,0.695308
20,15,0.692562
20,16,0.690044
20,17,0.687946
20,18,0.686422
20,19,0.685575
20,20,0.685456
20,21,0.68606
20,22,0.687323
20,23,0.689132
20,24,0.691317
20,25,0.693665
20,26,0.695947
20,27,0.697939
20,28,0.699461
20,29,0.700415
20,30,0.700807
20,31,0.700737
20,32,0.700387
20,33,0.69997
20,34,0.6997
20,35,0.699761
20,36,0.700286
20,37,0.701341
20,38,0.702917
20,39,0.704915
20,40,0.707143
20,41,0.709351
20,42,0.711264
20,43,0.712658
20,44,0.713412
20,45,0.713544
20,46,0.7132
20,47,0.712604
20,48,0.711992
20,49,0.711548
20,50,0.711368
20,51,0.71145
20,52,0.711731
20,53,0.712105
20,54,0.712473
20,55,0.712769
20,56,0.712962
20,57,0.713064
20,58,0.713103
20,59,0.713106
20,60,0.713089
20,61,0.713043
20,62,0.712959
20,63,0.71284
20,64,0.712713
20,65,0.712628
20,66,0.712639
20,67,0.712766
20,68,0.712973
20,69,0.713166
20,70,0.713221
20,71,0.71302
20,72,0.712499
20,73,0.711667
20,74,0.710588
20,75,0.709353
20,76,0.708041
20,77,0.706684
20,78,0.705287
20,79,0.703827
20,80,0.702301
20,81,0.700736
20,82,0.699187
20,83,0.697725
20,84,0.696408
20,85,0.695256
20,86,0.694238
20,87,0.693279
20,88,0.692276
20,89,0.69113
20,90,0.689784
20,91,0.688254
20,92,0.686645
20,93,0.685141
20,94,0.683968
20,95,0.68332
21,0,0.688837
21,1,0.689779
21,2,0.691547
21,3,0.693925
21,4,0.696623
21,5,0.699322
21,6,0.70171
21,7,0.703525
21,8,0.704581
21,9,0.704787
21,10,0.70414
21,11,0.702723
21,12,0.700673
21,13,0.698166
21,14,0.695403
21,15,0.692595
21,16,0.689956
21,17,0.687689
21,18,0.685976
21,19,0.684959
21,20,0.684725
21,21,0.685291
21,22,0.686599
21,23,0.68852
21,24,0.690865
21,25,0.693399
21,26,0.695874
21,27,0.698056
21,28,0.699758
21,29,0.700876
21,30,0.701405
21,31,0.701435
21,32,0.701137
21,33,0.700721
21,34,0.700408
21,35,0.700398
21,36,0.700851
21,37,0.701858
21,38,0.703435
21,39,0.705492
21,40,0.707835
21,41,0.710194
21,42,0.71226
21,43,0.713767
21,44,0.714554
21,45,0.714607
21,46,0.714057
21,47,0.713137
21,48,0.712115
21,49,0.711226
21,50,0.71063
21,51,0.710383
21,52,0.710469
21,53,0.71081
21,54,0.71131
21,55,0.711881
21,56,0.712455
21,57,0.712994
21,58,0.713475
21,59,0.713878
21,60,0.714183
21,61,0.714361
21,62,0.7144
21,63,0.714313
21,64,0.714151
21,65,0.713994
21,66,0.713922
21,67,0.713976
21,68,0.714131
21,69,0.714285
21,70,0.714297
21,71,0.714025
21,72,0.713382
21,73,0.712361
21,74,0.711029
21,75,0.709493
21,76,0.707858
21,77,0.706189
21,78,0.704517
21,79,0.702842
21,80,0.701168
21,81,0.699524
21,82,0.69796
21,83,0.696544
21,84,0.695325
21,85,0.694312
21,86,0.693464
21,87,0.692691
21,88,0.691878
21,89,0.690914
21,90,0.689733
21,91,0.688347
21,92,0.686857
21,93,0.685447
21,94,0.684337
21,95,0.683723
22,0,0.685808
22,1,0.68698
22,2,0.689164
22,3,0.692064
22,4,0.695301
22,5,0.698471
22,6,0.70121
22,7,0.703237
22,8,0.704391
22,9,0.704626
22,10,0.703993
22,11,0.702615
22,12,0.70065
22,13,0.698262
22,14,0.695624
22,15,0.69291
22,16,0.690307
22,17,0.688011
22,18,0.686219
22,19,0.685103
22,20,0.684785
22,21,0.685311
22,22,0.686635
22,23,0.688625
22,24,0.691076
22,25,0.693735
22,26,0.696339
22,27,0.698643
22,28,0.700453
22,29,0.70166
22,30,0.70225
22,31,0.702306
22,32,0.701995
22,33,0.701529
22,34,0.701136
22,35,0.701034
22,36,0.701401
22,37,0.702346
22,38,0.703895
22,39,0.705962
22,40,0.708353
22,41,0.710785
22,42,0.712933
22,43,0.714506
22,44,0.715318
22,45,0.715327
22,46,0.714645
22,47,0.713504
22,48,0.712184
22,49,0.710954
22,50,0.710018
22,51,0.709483
22,52,0.709376
22,53,0.709645
22,54,0.710202
22,55,0.710946
22,56,0.711781
22,57,0.712631
22,58,0.713431
22,59,0.714127
22,60,0.714668
22,61,0.715014
22,62,0.715148
22,63,0.715095
22,64,0.714923
22,65,0.714734
22,66,0.714629
22,67,0.714664
22,68,0.71482
22,69,0.714994
22,70,0.715029
22,71,0.714762
22,72,0.714086
22,73,0.71298
22,74,0.711508
22,75,0.709787
22,76,0.707942
22,77,0.706061
22,78,0.704197
22,79,0.702364
22,80,0.700574
22,81,0.698862
22,82,0.697277
22,83,0.695887
22,84,0.694738
22,85,0.693836
22,86,0.693129
22,87,0.692516
22,88,0.691864
22,89,0.691052
22,90,0.690005
22,91,0.688732
22,92,0.687332
22,93,0.68599
22,94,0.684926
22,95,0.684334
23,0,0.68269
23,1,0.684063
23,2,0.686609
23,3,0.689969
23,4,0.693682
23,5,0.697271
23,6,0.700321
23,7,0.702537
23,8,0.703777
23,9,0.704042
23,10,0.703441
23,11,0.702146
23,12,0.700338
23,13,0.698178
23,14,0.695807
23,15,0.693355
23,16,0.690965
23,17,0.688806
23,18,0.687073
23,19,0.685954
23,20,0.685603
23,21,0.686096
23,22,0.687406
23,23,0.68941
23,24,0.691897
23,25,0.694603
23,26,0.697253
23,27,0.699596
23,28,0.701435
23,29,0.702658
23,30,0.703251
23,31,0.703293
23,32,0.702952
23,33,0.70244
23,34,0.701992
23,35,0.701832
23,36,0.702144
23,37,0.70304
23,38,0.704544
23,39,0.706572
23,40,0.708927
23,41,0.71133
23,42,0.713461
23,43,0.715025
23,44,0.715827
23,45,0.715809
23,46,0.715062
23,47,0.713803
23,48,0.712309
23,49,0.71086
23,50,0.70969
23,51,0.708939
23,52,0.708667
23,53,0.708847
23,54,0.709398
23,55,0.710215
23,56,0.711181
23,57,0.712192
23,58,0.713157
23,59,0.713995
23,60,0.714641
23,61,0.71505
23,62,0.715209
23,63,0.715154
23,64,0.714968
23,65,0.714765
23,66,0.714662
23,67,0.714724
23,68,0.714937
23,69,0.715196
23,70,0.715333
23,71,0.71517
23,72,0.714579
23,73,0.713522
23,74,0.712056
23,75,0.710301
23,76,0.708391
23,77,0.70643
23,78,0.704482
23,79,0.70257
23,80,0.700712
23,81,0.698945
23,82,0.697326
23,83,0.695926
23,84,0.694797
23,85,0.693946
23,86,0.693316
23,87,0.692796
23,88,0.692242
23,89,0.691521
23,90,0.690552
23,91,0.689341
23,92,0.687989
23,93,0.686681
23,94,0.685641
23,95,0.685061
24,0,0.679803
24,1,0.68133
24,2,0.684156
24,3,0.687867
24,4,0.691939
24,5,0.695835
24,6,0.6991
24,7,0.701429
24,8,0.7027
24,9,0.702962
24,10,0.702383
24,11,0.701189
24,12,0.699593
24,13,0.697755
24,14,0.695783
24,15,0.693755
24,16,0.691756
24,17,0.689908
24,18,0.688381
24,19,0.687368
24,20,0.687042
24,21,0.687511
24,22,0.688779
24,23,0.690738
24,24,0.693184
24,25,0.69585
24,26,0.698459
24,27,0.700756
24,28,0.702548
24,29,0.703727
24,30,0.704284
24,31,0.704302
24,32,0.70395
24,33,0.703441
24,34,0.703008
24,35,0.70287
24,36,0.703199
24,37,0.704095
24,38,0.705568
24,39,0.707527
24,40,0.709779
24,41,0.712063
24,42,0.714078
24,43,0.715553
24,44,0.716299
24,45,0.716252
24,46,0.715484
24,47,0.714189
24,48,0.712627
24,49,0.711074
24,50,0.709769
24,51,0.708876
24,52,0.708474
24,53,0.708555
24,54,0.709047
24,55,0.709839
24,56,0.710805
24,57,0.711821
24,58,0.71278
24,59,0.713591
24,60,0.714186
24,61,0.714524
24,62,0.714608
24,63,0.714487
24,64,0.714255
24,65,0.714038
24,66,0.71396
24,67,0.71409
24,68,0.714418
24,69,0.714835
24,70,0.715167
24,71,0.71522
24,72,0.714845
24,73,0.713988
24,74,0.712691
24,75,0.711067
24,76,0.709253
24,77,0.707356
24,78,0.705443
24,79,0.70354
24,80,0.701666
24,81,0.69986
24,82,0.698189
24,83,0.696733
24,84,0.695556
24,85,0.694672
24,86,0.694028
24,87,0.693509
24,88,0.692965
24,89,0.692256
24,90,0.691299
24,91,0.690098
24,92,0.688756
24,93,0.687459
24,94,0.686427
24,95,0.685854
25,0,0.677549
25,1,0.679171
25,2,0.682166
25,3,0.686081
25,4,0.690348
25,5,0.694387
25,6,0.697716
25,7,0.700029
25,8,0.70123
25,9,0.701416
25,10,0.700817
25,11,0.699714
25,12,0.698355
25,13,0.696902
25,14,0.695432
25,15,0.693963
25,16,0.692508
25,17,0.691127
25,18,0.689945
25,19,0.689141
25,20,0.688901
25,21,0.689362
25,22,0.690563
25,23,0.692422
25,24,0.694754
25,25,0.697301
25,26,0.699786
25,27,0.70196
25,28,0.703639
25,29,0.704726
25,30,0.705221
25,31,0.70522
25,32,0.704894
25,33,0.704457
25,34,0.704131
25,35,0.704118
25,36,0.704563
25,37,0.705537
25,38,0.707026
25,39,0.708926
25,40,0.711052
25,41,0.713165
25,42,0.715002
25,43,0.716324
25,44,0.716969
25,45,0.716876
25,46,0.716102
25,47,0.714818
25,48,0.713255
25,49,0.711674
25,50,0.710307
25,51,0.709324
25,52,0.708815
25,53,0.708782
25,54,0.709159
25,55,0.709834
25,56,0.710674
25,57,0.711547
25,58,0.712336
25,59,0.712952
25,60,0.713337
25,61,0.713468
25,62,0.713366
25,63,0.713102
25,64,0.712784
25,65,0.712545
25,66,0.71251
25,67,0.71275
25,68,0.713253
25,69,0.713907
25,70,0.714529
25,71,0.714911
25,72,0.714884
25,73,0.714372
25,74,0.713399
25,75,0.712065
25,76,0.7105
25,77,0.708804
25,78,0.707041
25,79,0.705233
25,80,0.703395
25,81,0.701567
25,82,0.699824
25,83,0.698261
25,84,0.696959
25,85,0.69595
25,86,0.695191
25,87,0.694573
25,88,0.693948
25,89,0.693177
25,90,0.692175
25,91,0.69095
25,92,0.689602
25,93,0.688312
25,94,0.687293
25,95,0.686728
26,0,0.676323
26,1,0.677975
26,2,0.681015
26,3,0.684969
26,4,0.689239
26,5,0.693223
26,6,0.696429
26,7,0.69856
26,8,0.699555
26,9,0.699561
26,10,0.698868
26,11,0.697813
26,12,0.696677
26,13,0.695628
26,14,0.694712
26,15,0.693883
26,16,0.693078
26,17,0.692278
26,18,0.691551
26,19,0.691045
26,20,0.690948
26,21,0.691421
26,22,0.692541
26,23,0.694261
26,24,0.696422
26,25,0.698784
26,26,0.701081
26,27,0.703074
26,28,0.704589
26,29,0.705546
26,30,0.705962
26,31,0.705948
26,32,0.705683
26,33,0.70538
26,34,0.705246
26,35,0.705457
26,36,0.706121
26,37,0.70727
26,38,0.708854
26,39,0.71075
26,40,0.712778
26,41,0.714723
26,42,0.716364
26,43,0.717505
26,44,0.718016
26,45,0.717847
26,46,0.717055
26,47,0.715783
26,48,0.71424
26,49,0.712659
26,50,0.71126
26,51,0.710206
26,52,0.709587
26,53,0.709411
26,54,0.709615
26,55,0.710087
26,56,0.71069
26,57,0.71129
26,58,0.71177
26,59,0.712051
26,60,0.712092
26,61,0.711897
26,62,0.711517
26,63,0.711044
26,64,0.710605
26,65,0.710338
26,66,0.710368
26,67,0.710761
26,68,0.711498
26,69,0.712462
26,70,0.713459
26,71,0.714267
26,72,0.714698
26,73,0.714651
26,74,0.714131
26,75,0.713218
26,76,0.712028
26,77,0.710652
26,78,0.709141
26,79,0.707505
26,80,0.70575
26,81,0.703917
26,82,0.702087
26,83,0.700371
26,84,0.698875
26,85,0.697654
26,86,0.696686
26,87,0.69588
26,88,0.695098
26,89,0.69421
26,90,0.693135
26,91,0.69188
26,92,0.690538
26,93,0.689278
26,94,0.688294
26,95,0.687752
27,0,0.676409
27,1,0.678028
27,2,0.680997
27,3,0.684828
27,4,0.688911
27,5,0.69264
27,6,0.695529
27,7,0.697307
27,8,0.697949
27,9,0.697658
27,10,0.696779
27,11,0.6957
27,12,0.694735
27,13,0.694058
27,14,0.693683
27,15,0.693509
27,16,0.693393
27,17,0.693232
27,18,0.693026
27,19,0.692879
27,20,0.69297
27,21,0.693477
27,22,0.69451
27,23,0.696066
27,24,0.698019
27,25,0.700154
27,26,0.702222
27,27,0.703997
27,28,0.705318
27,29,0.706122
27,30,0.706447
27,31,0.706422
27,32,0.706237
27,33,0.706105
27,34,0.706222
27,35,0.70673
27,36,0.7077
27,37,0.709115
27,38,0.710886
27,39,0.712864
27,40,0.714867
27,41,0.716698
27,42,0.718173
27,43,0.719136
27,44,0.719493
27,45,0.719218
27,46,0.718368
27,47,0.717075
27,48,0.715526
27,49,0.713931
27,50,0.712488
27,51,0.711349
27,52,0.710596
27,53,0.710238
27,54,0.710211
27,55,0.710405
27,56,0.710685
27,57,0.710917
27,58,0.710992
27,59,0.710843
27,60,0.710453
27,61,0.709859
27,62,0.709142
27,63,0.708425
27,64,0.70785
27,65,0.707562
27,66,0.707681
27,67,0.708263
27,68,0.70928
27,69,0.710605
27,70,0.712034
27,71,0.713327
27,72,0.714282
27,73,0.714774
27,74,0.714788
27,75,0.714385
27,76,0.713663
27,77,0.712695
27,78,0.711515
27,79,0.710116
27,80,0.708492
27,81,0.706675
27,82,0.704755
27,83,0.702859
27,84,0.701119
27,85,0.699624
27,86,0.698381
27,87,0.697326
27,88,0.696342
27,89,0.695315
27,90,0.694169
27,91,0.692909
27,92,0.691614
27,93,0.690429
27,94,0.689518
27,95,0.689021
28,0,0.677896
28,1,0.679431
28,2,0.682229
28,3,0.685797
28,4,0.689531
28,5,0.692834
28,6,0.695242
28,7,0.696519
28,8,0.696685
28,9,0.69599
28,10,0.694836
28,11,0.693649
28,12,0.692774
28,13,0.692389
28,14,0.692488
28,15,0.692916
28,16,0.693458
28,17,0.693931
28,18,0.694261
28,19,0.6945
28,20,0.694803
28,21,0.695359
28,22,0.696308
28,23,0.697687
28,24,0.699411
28,25,0.701298
28,26,0.703121
28,27,0.704665
28,28,0.705786
28,29,0.706433
28,30,0.706663
28,31,0.706623
28,32,0.706519
28,33,0.706567
28,34,0.706951
28,35,0.707791
28,36,0.709115
28,37,0.710864
28,38,0.712905
28,39,0.71506
28,40,0.717132
28,41,0.718933
28,42,0.720303
28,43,0.721118
28,44,0.721319
28,45,0.720905
28,46,0.719947
28,47,0.718576
28,48,0.716968
28,49,0.715313
28,50,0.713789
28,51,0.712532
28,52,0.711611
28,53,0.711032
28,54,0.710729
28,55,0.710596
28,56,0.710502
28,57,0.710318
28,58,0.709942
28,59,0.709328
28,60,0.708479
28,61,0.707466
28,62,0.706403
28,63,0.70544
28,64,0.704737
28,65,0.704442
28,66,0.704668
28,67,0.70546
28,68,0.706774
28,69,0.708472
28,70,0.710339
28,71,0.712124
28,72,0.713611
28,73,0.714658
28,74,0.715234
28,75,0.71538
28,76,0.715175
28,77,0.714671
28,78,0.713879
28,79,0.712772
28,80,0.711322
28,81,0.709555
28,82,0.70756
28,83,0.705482
28,84,0.703482
28,85,0.701686
28,86,0.700137
28,87,0.698809
28,88,0.697614
28,89,0.696457
28,90,0.695273
28,91,0.694055
28,92,0.692864
28,93,0.691811
28,94,0.691017
28,95,0.690589
29,0,0.680648
29,1,0.682058
29,2,0.684608
29,3,0.687811
29,4,0.691077
29,5,0.693831
29,6,0.695646
29,7,0.696326
29,8,0.695939
29,9,0.694778
29,10,0.693285
29,11,0.69192
29,12,0.69105
29,13,0.690857
29,14,0.691319
29,15,0.692243
29,16,0.693354
29,17,0.694397
29,18,0.695225
29,19,0.695833
29,20,0.696345
29,21,0.696948
29,22,0.697806
29,23,0.699
29,24,0.700486
29,25,0.702121
29,26,0.703702
29,27,0.705031
29,28,0.705969
29,29,0.706477
29,30,0.706623
29,31,0.70657
29,32,0.706536
29,33,0.706745
29,34,0.707378
29,35,0.708536
29,36,0.710219
29,37,0.712328
29,38,0.714693
29,39,0.7171
29,40,0.719331
29,41,0.72119
29,42,0.722526
29,43,0.723236
29,44,0.723288
29,45,0.72271
29,46,0.721595
29,47,0.720085
29,48,0.718356
29,49,0.716588
29,50,0.71494
29,51,0.713531
29,52,0.712416
29,53,0.711593
29,54,0.710997
29,55,0.710524
29,56,0.710051
29,57,0.709456
29,58,0.708647
29,59,0.70759
29,60,0.706314
29,61,0.704916
29,62,0.703541
29,63,0.702361
29,64,0.701553
29,65,0.701265
29,66,0.701602
29,67,0.702591
29,68,0.704177
29,69,0.706209
29,70,0.708462
29,71,0.710682
29,72,0.712644
29,73,0.714201
29,74,0.715308
29,75,0.71599
29,76,0.716308
29,77,0.716291
29,78,0.715923
29,79,0.71515
29,80,0.713922
29,81,0.712249
29,82,0.710219
29,83,0.707991
29,84,0.705751
29,85,0.703664
29,86,0.701819
29,87,0.70023
29,88,0.698844
29,89,0.697591
29,90,0.696414
29,91,0.695296
29,92,0.694267
29,93,0.693397
29,94,0.692761
29,95,0.692424
30,0,0.684321
30,1,0.685577
30,2,0.687825
30,3,0.690593
30,4,0.693315
30,5,0.695454
30,6,0.696626
30,7,0.69668
30,8,0.695727
30,9,0.694096
30,10,0.692253
30,11,0.690678
30,12,0.68975
30,13,0.689654
30,14,0.690361
30,15,0.691651
30,16,0.693205
30,17,0.694711
30,18,0.695953
30,19,0.696873
30,20,0.697556
30,21,0.69818
30,22,0.69893
30,23,0.699923
30,24,0.701165
30,25,0.702554
30,26,0.703915
30,27,0.705063
30,28,0.705862
30,29,0.706273
30,30,0.706366
30,31,0.706309
30,32,0.706331
30,33,0.706667
30,34,0.707499
30,35,0.708923
30,36,0.710922
30,37,0.713371
30,38,0.716067
30,39,0.718764
30,40,0.721213
30,41,0.723198
30,42,0.724561
30,43,0.725207
30,44,0.725125
30,45,0.724368
30,46,0.72306
30,47,0.721363
30,48,0.719465
30,49,0.717541
30,50,0.71574
30,51,0.714163
30,52,0.712852
30,53,0.711795
30,54,0.710927
30,55,0.710148
30,56,0.709343
30,57,0.708395
30,58,0.707221
30,59,0.705799
30,60,0.704175
30,61,0.702466
30,62,0.70084
30,63,0.69949
30,64,0.698601
30,65,0.69832
30,66,0.698743
30,67,0.699881
30,68,0.701664
30,69,0.703934
30,70,0.706463
30,71,0.709
30,72,0.711323
30,73,0.713289
30,74,0.714846
30,75,0.71601
30,76,0.716822
30,77,0.717286
30,78,0.717358
30,79,0.716953
30,80,0.715997
30,81,0.714478
30,82,0.712476
30,83,0.710159
30,84,0.707735
30,85,0.705407
30,86,0.703304
30,87,0.701491
30,88,0.699953
30,89,0.698647
30,90,0.697523
30,91,0.69655
30,92,0.695727
30,93,0.695076
30,94,0.694622
30,95,0.694388
31,0,0.688458
31,1,0.689538
31,2,0.691445
31,3,0.693733
31,4,0.695874
31,5,0.697378
31,6,0.697913
31,7,0.697376
31,8,0.695911
31,9,0.693869
31,10,0.691725
31,11,0.689961
31,12,0.688958
31,13,0.688898
31,14,0.689748
31,15,0.691277
31,16,0.693137
31,17,0.694972
31,18,0.696516
31,19,0.697656
31,20,0.698442
31,21,0.699038
31,22,0.699643
31,23,0.700415
31,24,0.701408
31,25,0.702563
31,26,0.703736
31,27,0.704754
31,28,0.705475
31,29,0.705848
31,30,0.705933
31,31,0.705892
31,32,0.705961
31,33,0.70638
31,34,0.707344
31,35,0.708954
31,36,0.71119
31,37,0.713916
31,38,0.716905
31,39,0.719882
31,40,0.722565
31,41,0.724708
31,42,0.726136
31,43,0.726748
31,44,0.726547
31,45,0.725613
31,46,0.724098
31,47,0.722196
31,48,0.720107
31,49,0.718014
31,50,0.716057
31,51,0.714326
31,52,0.712847
31,53,0.711603
31,54,0.710527
31,55,0.709523
31,56,0.708478
31,57,0.707281
31,58,0.705855
31,59,0.704181
31,60,0.702315
31,61,0.70039
31,62,0.698587
31,63,0.697113
31,64,0.696155
31,65,0.69586
31,66,0.696312
31,67,0.69751
31,68,0.699372
31,69,0.701737
31,70,0.704384
31,71,0.707074
31,72,0.709601
31,73,0.711832
31,74,0.713722
31,75,0.715278
31,76,0.716524
31,77,0.71744
31,78,0.717951
31,79,0.717941
31,80,0.717307
31,81,0.716012
31,82,0.714122
31,83,0.711805
31,84,0.709281
31,85,0.706784
31,86,0.704488
31,87,0.702501
31,88,0.700855
31,89,0.699533
31,90,0.698494
31,91,0.697693
31,92,0.697095
31,93,0.696677
31,94,0.696412
31,95,0.696284
32,0,0.692579
32,1,0.693465
32,2,0.695004
32,3,0.696786
32,4,0.698335
32,5,0.699222
32,6,0.699171
32,7,0.698126
32,8,0.696256
32,9,0.693918
32,10,0.691578
32,11,0.689701
32,12,0.688656
32,13,0.688616
32,14,0.689546
32,15,0.691209
32,16,0.693246
32,17,0.695274
32,18,0.69699
32,19,0.69824
32,20,0.69904
32,21,0.699542
32,22,0.699959
32,23,0.700485
32,24,0.701225
32,25,0.702164
32,26,0.703189
32,27,0.704132
32,28,0.70484
32,29,0.705239
32,30,0.705365
32,31,0.705366
32,32,0.705472
32,33,0.705932
32,34,0.706954
32,35,0.708656
32,36,0.71103
32,37,0.713941
32,38,0.71715
32,39,0.720358
32,40,0.723249
32,41,0.725547
32,42,0.727047
32,43,0.727642
32,44,0.72734
32,45,0.726243
32,46,0.724534
32,47,0.722434
32,48,0.720167
32,49,0.717922
32,50,0.715837
32,51,0.713992
32,52,0.712404
32,53,0.711051
32,54,0.709864
32,55,0.708748
32,56,0.707592
32,57,0.706281
32,58,0.704736
32,59,0.702939
32,60,0.700949
32,61,0.698902
32,62,0.69699
32,63,0.695423
32,64,0.694393
32,65,0.694039
32,66,0.694439
32,67,0.69558
32,68,0.697376
32,69,0.699669
32,70,0.702251
32,71,0.704905
32,72,0.707453
32,73,0.709784
32,74,0.711866
32,75,0.713702
32,76,0.715303
32,77,0.716622
32,78,0.717556
32,79,0.717958
32,80,0.717693
32,81,0.716697
32,82,0.715016
32,83,0.712802
32,84,0.710282
32,85,0.707709
32,86,0.705295
32,87,0.703193
32,88,0.701479
32,89,0.700167
32,90,0.699227
32,91,0.698603
32,92,0.698227
32,93,0.698032
32,94,0.697948
32,95,0.697921
33,0,0.696286
33,1,0.696966
33,2,0.698118
33,3,0.699385
33,4,0.700355
33,5,0.700668
33,6,0.700113
33,7,0.698673
33,8,0.696535
33,9,0.694048
33,10,0.691649
33,11,0.689773
33,12,0.688758
33,13,0.688763
33,14,0.689744
33,15,0.691469
33,16,0.693575
33,17,0.695671
33,18,0.697432
33,19,0.698678
33,20,0.699399
33,21,0.69974
33,22,0.699928
33,23,0.700192
33,24,0.700684
33,25,0.701432
33,26,0.702347
33,27,0.703268
33,28,0.704021
33,29,0.7045
33,30,0.704708
33,31,0.704768
33,32,0.704899
33,33,0.705356
33,34,0.706365
33,35,0.708069
33,36,0.71048
33,37,0.713475
33,38,0.716814
33,39,0.720178
33,40,0.723224
33,41,0.725641
33,42,0.727201
33,43,0.727781
33,44,0.727393
33,45,0.726159
33,46,0.724288
33,47,0.722028
33,48,0.719619
33,49,0.717262
33,50,0.715095
33,51,0.713194
33,52,0.711573
33,53,0.710205
33,54,0.709022
33,55,0.707925
33,56,0.706797
33,57,0.705518
33,58,0.703997
33,59,0.702209
33,60,0.700205
33,61,0.698122
33,62,0.696153
33,63,0.69451
33,64,0.693385
33,65,0.692915
33,66,0.69317
33,67,0.694132
33,68,0.695714
33,69,0.697766
33,70,0.700099
33,71,0.702531
33,72,0.704916
33,73,0.707178
33,74,0.709302
33,75,0.711296
33,76,0.713157
33,77,0.714814
33,78,0.716139
33,79,0.716954
33,80,0.717096
33,81,0.716471
33,82,0.715094
33,83,0.713096
33,84,0.710693
33,85,0.708149
33,86,0.705701
33,87,0.703545
33,88,0.7018
33,89,0.700515
33,90,0.699674
33,91,0.699214
33,92,0.699042
33,93,0.699051
33,94,0.699131
33,95,0.699195
34,0,0.699325
34,1,0.699795
34,2,0.70056
34,3,0.701323
34,4,0.701748
34,5,0.701555
34,6,0.700593
34,7,0.698884
34,8,0.696623
34,9,0.694136
34,10,0.691822
34,11,0.690067
34,12,0.68917
34,13,0.689263
34,14,0.690293
34,15,0.69203
34,16,0.69412
34,17,0.696177
34,18,0.69787
34,19,0.699008
34,20,0.69957
34,21,0.699698
34,22,0.699633
34,23,0.699636
34,24,0.699898
34,25,0.700486
34,26,0.701332
34,27,0.70227
34,28,0.703105
34,29,0.703694
34,30,0.704
34,31,0.704119
34,32,0.704254
34,33,0.704666
34,34,0.7056
34,35,0.707226
34,36,0.709586
34,37,0.712576
34,38,0.715957
34,39,0.7194
34,40,0.722536
34,41,0.725026
34,42,0.726616
34,43,0.727174
34,44,0.726716
34,45,0.725378
34,46,0.72339
34,47,0.721019
34,48,0.71852
34,49,0.716103
34,50,0.713905
34,51,0.712006
34,52,0.710421
34,53,0.709125
34,54,0.70805
34,55,0.707095
34,56,0.706131
34,57,0.705021
34,58,0.703658
34,59,0.701998
34,60,0.70008
34,61,0.698035
34,62,0.696049
34,63,0.694337
34,64,0.693091
34,65,0.692449
34,66,0.692478
34,67,0.693158
34,68,0.6944
34,69,0.696069
34,70,0.697999
34,71,0.700046
34,72,0.702107
34,73,0.704143
34,74,0.706166
34,75,0.70819
34,76,0.710203
34,77,0.712118
34,78,0.71378
34,79,0.71499
34,80,0.715557
34,81,0.715355
34,82,0.714368
34,83,0.712693
34,84,0.710523
34,85,0.708116
34,86,0.705728
34,87,0.703588
34,88,0.701857
34,89,0.700617
34,90,0.699876
34,91,0.699569
34,92,0.699581
34,93,0.699774
34,94,0.700002
34,95,0.700149
35,0,0.70161
35,1,0.701878
35,2,0.702277
35,3,0.702575
35,4,0.702519
35,5,0.701905
35,6,0.700644
35,7,0.69879
35,8,0.696536
35,9,0.694178
35,10,0.692067
35,11,0.690534
35,12,0.689829
35,13,0.690049
35,14,0.691128
35,15,0.692841
35,16,0.694847
35,17,0.696775
35,18,0.698308
35,19,0.699258
35,20,0.699604
35,21,0.699492
35,22,0.699176
35,23,0.698942
35,24,0.699012
35,25,0.699478
35,26,0.700285
35,27,0.701262
35,28,0.702189
35,29,0.702884
35,30,0.703276
35,31,0.703429
35,32,0.703534
35,33,0.703857
35,34,0.704663
35,35,0.706152
35,36,0.708397
35,37,0.711313
35,38,0.714669
35,39,0.718127
35,40,0.721295
35,41,0.723811
35,42,0.725404
35,43,0.725934
35,44,0.725421
35,45,0.724014
35,46,0.721958
35,47,0.71953
35,48,0.716993
35,49,0.714559
35,50,0.712369
35,51,0.710509
35,52,0.709004
35,53,0.707837
35,54,0.706947
35,55,0.706227
35,56,0.705534
35,57,0.704708
35,58,0.703618
35,59,0.702192
35,60,0.700449
35,61,0.698505
35,62,0.69654
35,63,0.694769
35,64,0.693387
35,65,0.692538
35,66,0.692289
35,67,0.69262
35,68,0.693447
35,69,0.694641
35,70,0.696065
35,71,0.697611
35,72,0.699223
35,73,0.700904
35,74,0.702696
35,75,0.704625
35,76,0.706677
35,77,0.708749
35,78,0.710671
35,79,0.712225
35,80,0.713202
35,81,0.713448
35,82,0.71291
35,83,0.711647
35,84,0.709817
35,85,0.707661
35,86,0.705437
35,87,0.703398
35,88,0.701741
35,89,0.700584
35,90,0.699958
35,91,0.699805
35,92,0.699996
35,93,0.700366
35,94,0.700737
35,95,0.700963
36,0,0.703183
36,1,0.703273
36,2,0.703354
36,3,0.703259
36,4,0.702813
36,5,0.701885
36,6,0.70044
36,7,0.698555
36,8,0.696414
36,9,0.694281
36,10,0.692452
36,11,0.691201
36,12,0.690726
36,13,0.691087
36,14,0.692204
36,15,0.693852
36,16,0.695713
36,17,0.697442
36,18,0.698746
36,19,0.699453
36,20,0.699556
36,21,0.699207
36,22,0.698671
36,23,0.698248
36,24,0.698177
36,25,0.698563
36,26,0.699355
36,27,0.700371
36,28,0.701368
36,29,0.702135
36,30,0.702566
36,31,0.702705
36,32,0.702734
36,33,0.702923
36,34,0.703558
36,35,0.704871
36,36,0.706959
36,37,0.709761
36,38,0.713049
36,39,0.716478
36,40,0.719638
36,41,0.722148
36,42,0.723724
36,43,0.724225
36,44,0.723677
36,45,0.722238
36,46,0.720161
36,47,0.717725
36,48,0.715191
36,49,0.712767
36,50,0.7106
36,51,0.708785
36,52,0.707366
36,53,0.706345
36,54,0.705671
36,55,0.705236
36,56,0.704883
36,57,0.704425
36,58,0.703697
36,59,0.702594
36,60,0.701104
36,61,0.699324
36,62,0.697422
36,63,0.695615
36,64,0.694106
36,65,0.693046
36,66,0.692512
36,67,0.692483
36,68,0.692876
36,69,0.693571
36,70,0.694448
36,71,0.695437
36,72,0.696525
36,73,0.69776
36,74,0.699216
36,75,0.700935
36,76,0.702904
36,77,0.705014
36,78,0.70709
36,79,0.708904
36,80,0.710235
36,81,0.71091
36,82,0.710843
36,83,0.71005
36,84,0.70865
36,85,0.706851
36,86,0.704902
36,87,0.703066
36,88,0.701567
36,89,0.700554
36,90,0.700086
36,91,0.700113
36,92,0.700502
36,93,0.701062
36,94,0.701583
36,95,0.701894
37,0,0.704153
37,1,0.704104
37,2,0.703939
37,3,0.70355
37,4,0.702831
37,5,0.701712
37,6,0.700199
37,7,0.698385
37,8,0.696439
37,9,0.69459
37,10,0.693081
37,11,0.69213
37,12,0.691885
37,13,0.692371
37,14,0.693491
37,15,0.695029
37,16,0.696688
37,17,0.69816
37,18,0.699186
37,19,0.699625
37,20,0.699485
37,21,0.698931
37,22,0.69823
37,23,0.697685
37,24,0.697535
37,25,0.697883
37,26,0.698672
37,27,0.699708
37,28,0.700728
37,29,0.701502
37,30,0.701903
37,31,0.701962
37,32,0.701858
37,33,0.701868
37,34,0.702302
37,35,0.703412
37,36,0.705325
37,37,0.707993
37,38,0.711192
37,39,0.714568
37,40,0.717696
37,41,0.720183
37,42,0.721735
37,43,0.722215
37,44,0.721656
37,45,0.720225
37,46,0.718173
37,47,0.715771
37,48,0.713268
37,49,0.710866
37,50,0.708712
37,51,0.706918
37,52,0.705554
37,53,0.704651
37,54,0.704177
37,55,0.70403
37,56,0.70404
37,57,0.703994
37,58,0.703687
37,59,0.702974
37,60,0.701804
37,61,0.700247
37,62,0.698459
37,63,0.696657
37,64,0.695057
37,65,0.693824
37,66,0.693043
37,67,0.692698
37,68,0.692701
37,69,0.692935
37,70,0.693293
37,71,0.693733
37,72,0.694282
37,73,0.695027
37,74,0.696074
37,75,0.697485
37,76,0.699254
37,77,0.701275
37,78,0.703372
37,79,0.705325
37,80,0.706911
37,81,0.707948
37,82,0.708326
37,83,0.708022
37,84,0.70711
37,85,0.70576
37,86,0.704195
37,87,0.702674
37,88,0.701434
37,89,0.700651
37,90,0.700407
37,91,0.700667
37,92,0.701292
37,93,0.702071
37,94,0.702765
37,95,0.70317
38,0,0.704633
38,1,0.704491
38,2,0.704169
38,3,0.703604
38,4,0.702743
38,5,0.701563
38,6,0.700098
38,7,0.698445
38,8,0.696757
38,9,0.695224
38,10,0.694041
38,11,0.693376
38,12,0.693329
38,13,0.693897
38,14,0.69497
38,15,0.696343
38,16,0.697748
38,17,0.698919
38,18,0.69964
38,19,0.699805
38,20,0.699448
38,21,0.69874
38,22,0.697945
38,23,0.697354
38,24,0.69719
38,25,0.69754
38,26,0.698329
38,27,0.69935
38,28,0.700331
38,29,0.701031
38,30,0.701319
38,31,0.701224
38,32,0.700928
38,33,0.700722
38,34,0.70093
38,35,0.701826
38,36,0.703554
38,37,0.706078
38,38,0.709175
38,39,0.712483
38,40,0.715564
38,41,0.718016
38,42,0.719545
38,43,0.720019
38,44,0.71948
38,45,0.718098
38,46,0.716117
38,47,0.71379
38,48,0.711345
38,49,0.708968
38,50,0.706807
38,51,0.704995
38,52,0.703634
38,53,0.702791
38,54,0.702465
38,55,0.702569
38,56,0.702925
38,57,0.703293
38,58,0.703431
38,59,0.703144
38,60,0.702342
38,61,0.701059
38,62,0.699437
38,63,0.697695
38,64,0.696062
38,65,0.694723
38,66,0.693773
38,67,0.693199
38,68,0.692908
38,69,0.692776
38,70,0.692702
38,71,0.692662
38,72,0.692714
38,73,0.692978
38,74,0.693589
38,75,0.694626
38,76,0.696095
38,77,0.697899
38,78,0.699876
38,79,0.701819
38,80,0.703522
38,81,0.704807
38,82,0.705552
38,83,0.705706
38,84,0.7053
38,85,0.704457
38,86,0.703365
38,87,0.702263
38,88,0.701388
38,89,0.70093
38,90,0.700991
38,91,0.701548
38,92,0.702461
38,93,0.703498
38,94,0.704391
38,95,0.704905
39,0,0.704688
39,1,0.704503
39,2,0.704113
39,3,0.703491
39,4,0.702619
39,5,0.701504
39,6,0.700195
39,7,0.698785
39,8,0.697404
39,9,0.696205
39,10,0.69534
39,11,0.694929
39,12,0.695037
39,13,0.695633
39,14,0.696606
39,15,0.697763
39,16,0.698875
39,17,0.699718
39,18,0.700126
39,19,0.700035
39,20,0.699501
39,21,0.698702
39,22,0.69789
39,23,0.697333
39,24,0.697219
39,25,0.697604
39,26,0.698392
39,27,0.69936
39,28,0.700235
39,29,0.700778
39,30,0.70087
39,31,0.70055
39,32,0.700013
39,33,0.699561
39,34,0.69953
39,35,0.700208
39,36,0.701746
39,37,0.704115
39,38,0.70709
39,39,0.710304
39,40,0.713312
39,41,0.715711
39,42,0.71721
39,43,0.71769
39,44,0.7172
39,45,0.71591
39,46,0.714048
39,47,0.711841
39,48,0.709488
39,49,0.70715
39,50,0.704977
39,51,0.703118
39,52,0.701712
39,53,0.70087
39,54,0.700629
39,55,0.700922
39,56,0.701571
39,57,0.702317
39,58,0.702879
39,59,0.703018
39,60,0.702597
39,61,0.701617
39,62,0.700203
39,63,0.698575
39,64,0.696976
39,65,0.69561
39,66,0.694588
39,67,0.693895
39,68,0.693431
39,69,0.693063
39,70,0.692686
39,71,0.692286
39,72,0.691938
39,73,0.691786
39,74,0.691984
39,75,0.692627
39,76,0.69373
39,77,0.695212
39,78,0.69693
39,79,0.698707
39,80,0.700364
39,81,0.701746
39,82,0.702736
39,83,0.703266
39,84,0.703333
39,85,0.703011
39,86,0.702443
39,87,0.701834
39,88,0.701406
39,89,0.701353
39,90,0.701789
39,91,0.702703
39,92,0.703949
39,93,0.70528
39,94,0.706396
39,95,0.707031
40,0,0.704321
40,1,0.704135
40,2,0.703758
40,3,0.703182
40,4,0.702411
40,5,0.701471
40,6,0.700411
40,7,0.699314
40,8,0.698282
40,9,0.697432
40,10,0.696874
40,11,0.696689
40,12,0.69691
40,13,0.697492
40,14,0.698324
40,15,0.699236
40,16,0.700035
40,17,0.700549
40,18,0.700661
40,19,0.700348
40,20,0.69969
40,21,0.698868
40,22,0.698114
40,23,0.69766
40,24,0.697651
40,25,0.698101
40,26,0.698883
40,27,0.699764
40,28,0.700472
40,29,0.700789
40,30,0.700618
40,31,0.700023
40,32,0.699215
40,33,0.698506
40,34,0.69824
40,35,0.698701
40,36,0.700044
40,37,0.702236
40,38,0.705052
40,39,0.708122
40,40,0.711004
40,41,0.713303
40,42,0.714743
40,43,0.715219
40,44,0.714791
40,45,0.713626
40,46,0.711931
40,47,0.709899
40,48,0.707689
40,49,0.705437
40,50,0.70328
40,51,0.701383
40,52,0.699922
40,53,0.699048
40,54,0.69884
40,55,0.699255
40,56,0.700124
40,57,0.701177
40,58,0.7021
40,59,0.702618
40,60,0.702552
40,61,0.701869
40,62,0.700679
40,63,0.6992
40,64,0.697691
40,65,0.696372
40,66,0.695365
40,67,0.69466
40,68,0.694148
40,69,0.693684
40,70,0.693155
40,71,0.692548
40,72,0.691943
40,73,0.691494
40,74,0.691359
40,75,0.691642
40,76,0.692362
40,77,0.693455
40,78,0.694803
40,79,0.696266
40,80,0.69771
40,81,0.699017
40,82,0.700095
40,83,0.700875
40,84,0.701327
40,85,0.701483
40,86,0.701433
40,87,0.701338
40,88,0.701394
40,89,0.701786
40,90,0.702635
40,91,0.703935
40,92,0.705539
40,93,0.707181
40,94,0.708531
40,95,0.709294
41,0,0.703522
41,1,0.703367
41,2,0.70306
41,3,0.702606
41,4,0.702021
41,5,0.701336
41,6,0.700594
41,7,0.699861
41,8,0.69921
41,9,0.69872
41,10,0.698461
41,11,0.698482
41,12,0.698789
41,13,0.69933
41,14,0.700004
41,15,0.700668
41,16,0.701169
41,17,0.701382
41,18,0.70124
41,19,0.700757
41,20,0.700036
41,21,0.699256
41,22,0.698625
41,23,0.698334
41,24,0.698474
41,25,0.699011
41,26,0.699787
41,27,0.700554
41,28,0.701056
41,29,0.701102
41,30,0.700632
41,31,0.699741
41,32,0.698663
41,33,0.697716
41,34,0.697236
41,35,0.697497
41,36,0.698638
41,37,0.70062
41,38,0.703215
41,39,0.706058
41,40,0.708724
41,41,0.710836
41,42,0.712146
41,43,0.712576
41,44,0.712196
41,45,0.711172
41,46,0.709685
41,47,0.70789
41,48,0.7059
41,49,0.703815
41,50,0.701755
41,51,0.69989
41,52,0.698418
41,53,0.697527
41,54,0.69733
41,55,0.697815
41,56,0.698823
41,57,0.700084
41,58,0.701268
41,59,0.702071
41,60,0.702286
41,61,0.701852
41,62,0.700866
41,63,0.699543
41,64,0.69815
41,65,0.696924
41,66,0.695996
41,67,0.695359
41,68,0.694901
41,69,0.694469
41,70,0.693941
41,71,0.693294
41,72,0.692606
41,73,0.69202
41,74,0.691685
41,75,0.691696
41,76,0.692072
41,77,0.692757
41,78,0.693663
41,79,0.694694
41,80,0.69577
41,81,0.69683
41,82,0.69782
41,83,0.698689
41,84,0.699392
41,85,0.699923
41,86,0.700321
41,87,0.700695
41,88,0.701208
41,89,0.702029
41,90,0.703276
41,91,0.704951
41,92,0.706901
41,93,0.708843
41,94,0.710418
41,95,0.711303
42,0,0.702302
42,1,0.702195
42,2,0.701991
42,3,0.701703
42,4,0.70135
42,5,0.700963
42,6,0.700577
42,7,0.700233
42,8,0.699974
42,9,0.699844
42,10,0.699874
42,11,0.700086
42,12,0.700467
42,13,0.700966
42,14,0.701496
42,15,0.701942
42,16,0.702193
42,17,0.702166
42,18,0.701837
42,19,0.701254
42,20,0.700534
42,21,0.699855
42,22,0.699399
42,23,0.69931
42,24,0.699627
42,25,0.700267
42,26,0.701036
42,27,0.701679
42,28,0.701959
42,29,0.701722
42,30,0.700954
42,31,0.699789
42,32,0.698479
42,33,0.697343
42,34,0.696699
42,35,0.696792
42,36,0.697733
42,37,0.699467
42,38,0.701761
42,39,0.704267
42,40,0.706586
42,41,0.708384
42,42,0.709452
42,43,0.709748
42,44,0.709366
42,45,0.708469
42,46,0.707217
42,47,0.705721
42,48,0.704046
42,49,0.702245
42,50,0.70041
42,51,0.698699
42,52,0.69732
42,53,0.69648
42,54,0.696317
42,55,0.696842
42,56,0.697916
42,57,0.699278
42,58,0.700597
42,59,0.701561
42,60,0.701946
42,61,0.701677
42,62,0.700836
42,63,0.699639
42,64,0.698354
42,65,0.697227
42,66,0.696399
42,67,0.69587
42,68,0.695532
42,69,0.695229
42,70,0.694836
42,71,0.694317
42,72,0.693729
42,73,0.693192
42,74,0.692825
42,75,0.692697
42,76,0.692812
42,77,0.69312
42,78,0.693557
42,79,0.694076
42,80,0.69466
42,81,0.695316
42,82,0.696045
42,83,0.696824
42,84,0.69761
42,85,0.698364
42,86,0.699078
42,87,0.699811
42,88,0.700687
42,89,0.701857
42,90,0.703435
42,91,0.705424
42,92,0.707667
42,93,0.709865
42,94,0.711635
42,95,0.712625
43,0,0.700761
43,1,0.700708
43,2,0.700615
43,3,0.700499
43,4,0.700384
43,5,0.700298
43,6,0.70026
43,7,0.700292
43,8,0.700405
43,9,0.700609
43,10,0.700905
43,11,0.701291
43,12,0.701744
43,13,0.702218
43,14,0.702643
43,15,0.702935
43,16,0.703014
43,17,0.702837
43,18,0.702409
43,19,0.701805
43,20,0.701153
43,21,0.700625
43,22,0.700377
43,23,0.700512
43,24,0.701016
43,25,0.701761
43,26,0.702523
43,27,0.703044
43,28,0.703109
43,29,0.702612
43,30,0.701586
43,31,0.700207
43,32,0.698743
43,33,0.697505
43,34,0.696775
43,35,0.696752
43,36,0.697508
43,37,0.698957
43,38,0.700868
43,39,0.702912
43,40,0.704736
43,41,0.70606
43,42,0.706738
43,43,0.706779
43,44,0.706308
43,45,0.705496
43,46,0.704481
43,47,0.703336
43,48,0.70207
43,49,0.700684
43,50,0.699229
43,51,0.697832
43,52,0.696689
43,53,0.696008
43,54,0.695936
43,55,0.696501
43,56,0.697584
43,57,0.698947
43,58,0.700273
43,59,0.70126
43,60,0.701687
43,61,0.701472
43,62,0.700695
43,63,0.699562
43,64,0.698342
43,65,0.697283
43,66,0.696536
43,67,0.696113
43,68,0.695919
43,69,0.695809
43,70,0.695655
43,71,0.695408
43,72,0.695096
43,73,0.694795
43,74,0.694574
43,75,0.694459
43,76,0.694427
43,77,0.694422
43,78,0.694403
43,79,0.694373
43,80,0.694382
43,81,0.694509
43,82,0.694821
43,83,0.695336
43,84,0.696021
43,85,0.696815
43,86,0.69767
43,87,0.6986
43,88,0.699692
43,89,0.701078
43,90,0.702869
43,91,0.705067
43,92,0.707513
43,93,0.709894
43,94,0.711805
43,95,0.712873
44,0,0.699096
44,1,0.69909
44,2,0.699095
44,3,0.699132
44,4,0.699224
44,5,0.699395
44,6,0.699654
44,7,0.700002
44,8,0.700423
44,9,0.700902
44,10,0.701417
44,11,0.701947
44,12,0.702471
44,13,0.702946
44,14,0.703325
44,15,0.703545
44,16,0.703553
44,17,0.70333
44,18,0.702903
44,19,0.702361
44,20,0.701839
44,21,0.7015
44,22,0.701478
44,23,0.701836
44,24,0.70252
44,25,0.703359
44,26,0.70411
44,27,0.704517
44,28,0.704394
44,29,0.703684
44,30,0.702473
44,31,0.700974
44,32,0.699465
44,33,0.698235
44,34,0.697518
44,35,0.697454
44,36,0.698055
44,37,0.699203
44,38,0.700661
44,39,0.702131
44,40,0.703315
44,41,0.704008
44,42,0.70414
44,43,0.703788
44,44,0.70312
44,45,0.702324
44,46,0.701523
44,47,0.700752
44,48,0.699968
44,49,0.699113
44,50,0.698181
44,51,0.697257
44,52,0.6965
44,53,0.696099
44,54,0.696195
44,55,0.696823
44,56,0.697886
44,57,0.699171
44,58,0.700395
44,59,0.701281
44,60,0.701627
44,61,0.701359
44,62,0.700552
44,63,0.699405
44,64,0.698183
44,65,0.697132
44,66,0.696413
44,67,0.69606
44,68,0.695999
44,69,0.696107
44,70,0.696262
44,71,0.696398
44,72,0.696505
44,73,0.696599
44,74,0.696685
44,75,0.696728
44,76,0.696665
44,77,0.69643
44,78,0.696
44,79,0.695425
44,80,0.694819
44,81,0.694339
44,82,0.694117
44,83,0.694217
44,84,0.694625
44,85,0.69527
44,86,0.696073
44,87,0.697013
44,88,0.698145
44,89,0.699588
44,90,0.701443
44,91,0.703718
44,92,0.70625
44,93,0.708718
44,94,0.710702
44,95,0.71181
45,0,0.697582
45,1,0.697611
45,2,0.697687
45,3,0.697832
45,4,0.698071
45,5,0.698421
45,6,0.698883
45,7,0.69944
45,8,0.700062
45,9,0.700718
45,10,0.701371
45,11,0.701999
45,12,0.702581
45,13,0.703085
45,14,0.703477
45,15,0.703712
45,16,0.703751
45,17,0.703588
45,18,0.70326
45,19,0.702859
45,20,0.702519
45,21,0.702395
45,22,0.702599
45,23,0.703165
45,24,0.704002
45,25,0.704913
45,26,0.705642
45,27,0.705943
45,28,0.705668
45,29,0.70481
45,30,0.703505
45,31,0.701996
45,32,0.700565
45,33,0.699467
45,34,0.698874
45,35,0.698851
45,36,0.699348
45,37,0.700201
45,38,0.701171
45,39,0.70199
45,40,0.70243
45,41,0.702369
45,42,0.701828
45,43,0.70096
45,44,0.69999
45,45,0.69913
45,46,0.698495
45,47,0.698086
45,48,0.697812
45,49,0.697553
45,50,0.697242
45,51,0.696904
45,52,0.696651
45,53,0.696632
45,54,0.696969
45,55,0.697694
45,56,0.698729
45,57,0.699892
45,58,0.70094
45,59,0.701635
45,60,0.701804
45,61,0.701389
45,62,0.700467
45,63,0.699231
45,64,0.697934
45,65,0.696822
45,66,0.696066
45,67,0.695728
45,68,0.695768
45,69,0.69609
45,70,0.696586
45,71,0.697172
45,72,0.697791
45,73,0.69839
45,74,0.698897
45,75,0.699209
45,76,0.699216
45,77,0.698835
45,78,0.698059
45,79,0.696978
45,80,0.695769
45,81,0.694654
45,82,0.693829
45,83,0.693407
45,84,0.693394
45,85,0.693721
45,86,0.694292
45,87,0.695059
45,88,0.696056
45,89,0.697389
45,90,0.699158
45,91,0.701368
45,92,0.703861
45,93,0.706309
45,94,0.708287
45,95,0.709396
46,0,0.696494
46,1,0.696542
46,2,0.696656
46,3,0.696857
46,4,0.697165
46,5,0.697593
46,6,0.698133
46,7,0.698762
46,8,0.699445
46,9,0.700149
46,10,0.70084
46,11,0.701499
46,12,0.702113
46,13,0.702659
46,14,0.703113
46,15,0.703434
46,16,0.70359
46,17,0.703574
46,18,0.703422
46,19,0.703224
46,20,0.703107
46,21,0.703211
46,22,0.703633
46,23,0.704378
46,24,0.705333
46,25,0.706283
46,26,0.706971
46,27,0.707173
46,28,0.706783
46,29,0.705845
46,30,0.704539
46,31,0.703133
46,32,0.701899
46,33,0.701048
46,34,0.700682
46,35,0.700785
46,36,0.701235
46,37,0.701827
46,38,0.702313
46,39,0.702466
46,40,0.702123
46,41,0.701255
46,42,0.699975
46,43,0.698521
46,44,0.697175
46,45,0.696178
46,46,0.695644
46,47,0.695549
46,48,0.695754
46,49,0.696085
46,50,0.696411
46,51,0.696697
46,52,0.696997
46,53,0.697413
46,54,0.698036
46,55,0.69889
46,56,0.699905
46,57,0.700932
46,58,0.701769
46,59,0.702223
46,60,0.702158
46,61,0.701535
46,62,0.700439
46,63,0.699053
46,64,0.69762
46,65,0.696387
46,66,0.695536
46,67,0.695159
46,68,0.695257
46,69,0.69577
46,70,0.696604
46,71,0.697656
46,72,0.69882
46,73,0.699971
46,74,0.700953
46,75,0.701596
46,76,0.701742
46,77,0.701291
46,78,0.700247
46,79,0.698736
46,80,0.696982
46,81,0.695264
46,82,0.69383
46,83,0.692832
46,84,0.692305
46,85,0.692188
46,86,0.69238
46,87,0.692822
46,88,0.693537
46,89,0.694619
46,90,0.696166
46,91,0.698185
46,92,0.700519
46,93,0.702846
46,94,0.704742
46,95,0.705809
47,0,0.696021
47,1,0.696074
47,2,0.696195
47,3,0.696399
47,4,0.696698
47,5,0.697098
47,6,0.697586
47,7,0.69814
47,8,0.698735
47,9,0.699349
47,10,0.699966
47,11,0.700579
47,12,0.701185
47,13,0.701768
47,14,0.702304
47,15,0.702752
47,16,0.703076
47,17,0.703261
47,18,0.703335
47,19,0.703378
47,20,0.703506
47,21,0.703843
47,22,0.704466
47,23,0.70536
47,24,0.706395
47,25,0.707349
47,26,0.707977
47,27,0.708086
47,28,0.707617
47,29,0.706661
47,30,0.705439
47,31,0.704231
47,32,0.703289
47,33,0.702772
47,34,0.702709
47,35,0.703002
47,36,0.703463
47,37,0.703845
47,38,0.703899
47,39,0.703433
47,40,0.702355
47,41,0.700718
47,42,0.698726
47,43,0.69669
47,44,0.694949
47,45,0.69377
47,46,0.69327
47,47,0.693402
47,48,0.693997
47,49,0.69483
47,50,0.69572
47,51,0.696575
47,52,0.697394
47,53,0.698231
47,54,0.699142
47,55,0.700134
47,56,0.701142
47,57,0.702041
47,58,0.702667
47,59,0.70287
47,60,0.702551
47,61,0.701695
47,62,0.700393
47,63,0.698824
47,64,0.697222
47,65,0.695829
47,66,0.694844
47,67,0.694389
47,68,0.694508
47,69,0.695175
47,70,0.696312
47,71,0.697799
47,72,0.699481
47,73,0.701161
47,74,0.702612
47,75,0.703596
47,76,0.703918
47,77,0.703463
47,78,0.702242
47,79,0.700407
47,80,0.698215
47,81,0.69598
47,82,0.693987
47,83,0.692423
47,84,0.691346
47,85,0.690714
47,86,0.690435
47,87,0.690451
47,88,0.690781
47,89,0.691516
47,90,0.692746
47,91,0.694479
47,92,0.696565
47,93,0.69869
47,94,0.700442
47,95,0.701433
48,0,0.696198
48,1,0.696246
48,2,0.696349
48,3,0.696513
48,4,0.696739
48,5,0.697021
48,6,0.697347
48,7,0.697703
48,8,0.698081
48,9,0.698486
48,10,0.698926
48,11,0.699416
48,12,0.699962
48,13,0.700552
48,14,0.701158
48,15,0.701732
48,16,0.702227
48,17,0.702622
48,18,0.702931
48,19,0.703225
48,20,0.703601
48,21,0.704166
48,22,0.704976
48,23,0.705996
48,24,0.707082
48,25,0.708018
48,26,0.708579
48,27,0.708611
48,28,0.7081
48,29,0.707187
48,30,0.706117
48,31,0.705176
48,32,0.704586
48,33,0.704448
48,34,0.704721
48,35,0.705236
48,36,0.705746
48,37,0.705977
48,38,0.705683
48,39,0.704708
48,40,0.703021
48,41,0.700748
48,42,0.698164
48,43,0.695638
48,44,0.693547
48,45,0.692179
48,46,0.691652
48,47,0.691907
48,48,0.692749
48,49,0.693929
48,50,0.695226
48,51,0.696508
48,52,0.697732
48,53,0.698909
48,54,0.700062
48,55,0.701174
48,56,0.702179
48,57,0.702965
48,58,0.703399
48,59,0.703367
48,60,0.702805
48,61,0.70172
48,62,0.700214
48,63,0.698461
48,64,0.696686
48,65,0.695129
48,66,0.694
48,67,0.69345
48,68,0.693561
48,69,0.694338
48,70,0.69572
48,71,0.69757
48,72,0.699689
48,73,0.701821
48,74,0.703677
48,75,0.704971
48,76,0.705478
48,77,0.705073
48,78,0.703775
48,79,0.701746
48,80,0.699258
48,81,0.69664
48,82,0.694195
48,83,0.692129
48,84,0.690525
48,85,0.689367
48,86,0.688582
48,87,0.688128
48,88,0.688027
48,89,0.688369
48,90,0.68924
48,91,0.690644
48,92,0.692436
48,93,0.694315
48,94,0.695888
48,95,0.696783
49,0,0.69688
49,1,0.696916
49,2,0.696988
49,3,0.697087
49,4,0.6972
49,5,0.69731
49,6,0.697405
49,7,0.697484
49,8,0.697565
49,9,0.697682
49,10,0.697876
49,11,0.69818
49,12,0.698613
49,13,0.699159
49,14,0.699787
49,15,0.700439
49,16,0.701063
49,17,0.701629
49,18,0.702146
49,19,0.702668
49,20,0.703279
49,21,0.704061
49,22,0.705046
49,23,0.70618
49,24,0.707311
49,25,0.708231
49,26,0.708742
49,27,0.708731
49,28,0.708233
49,29,0.707421
49,30,0.70656
49,31,0.705926
49,32,0.705704
49,33,0.70594
49,34,0.706533
49,35,0.707256
49,36,0.707825
49,37,0.707953
49,38,0.707411
49,39,0.706077
49,40,0.703972
49,41,0.701271
49,42,0.698294
49,43,0.695442
49,44,0.693108
49,45,0.691585
49,46,0.690988
49,47,0.691252
49,48,0.692177
49,49,0.6935
49,50,0.694993
49,51,0.696501
49,52,0.697956
49,53,0.69934
49,54,0.700644
49,55,0.70183
49,56,0.702818
49,57,0.703503
49,58,0.70377
49,59,0.703534
49,60,0.702759
49,61,0.701476
49,62,0.699796
49,63,0.697888
49,64,0.695969
49,65,0.694273
49,66,0.693018
49,67,0.692377
49,68,0.692462
49,69,0.693304
49,70,0.694854
49,71,0.696962
49,72,0.699397
49,73,0.70186
49,74,0.704018
49,75,0.705558
49,76,0.706238
49,77,0.705933
49,78,0.70466
49,79,0.70258
49,80,0.699961
49,81,0.697124
49,82,0.694369
49,83,0.691911
49,84,0.689855
49,85,0.688211
49,86,0.686941
49,87,0.686026
49,88,0.685504
49,89,0.685465
49,90,0.685989
49,91,0.687077
49,92,0.688585
49,93,0.690223
49,94,0.691617
49,95,0.692417
50,0,0.697771
50,1,0.697793
50,2,0.697828
50,3,0.697853
50,4,0.697841
50,5,0.697766
50,6,0.697616
50,7,0.697403
50,8,0.69717
50,9,0.696983
50,10,0.696906
50,11,0.696991
50,12,0.697263
50,13,0.697706
50,14,0.698283
50,15,0.698933
50,16,0.699605
50,17,0.700268
50,18,0.700928
50,19,0.701631
50,20,0.702443
50,21,0.703422
50,22,0.704574
50,23,0.705824
50,24,0.707017
50,25,0.707954
50,26,0.708467
50,27,0.708481
50,28,0.708067
50,29,0.707425
50,30,0.70682
50,31,0.706508
50,32,0.706634
50,33,0.707195
50,34,0.708042
50,35,0.708914
50,36,0.709516
50,37,0.709571
50,38,0.708876
50,39,0.707349
50,40,0.705044
50,41,0.702164
50,42,0.699042
50,43,0.696075
50,44,0.693646
50,45,0.692033
50,46,0.691343
50,47,0.691512
50,48,0.692348
50,49,0.693602
50,50,0.695057
50,51,0.696565
50,52,0.698049
50,53,0.699478
50,54,0.700818
50,55,0.702008
50,56,0.702953
50,57,0.70354
50,58,0.703665
50,59,0.703263
50,60,0.702323
50,61,0.700892
50,62,0.69909
50,63,0.697082
50,64,0.695073
50,65,0.693289
50,66,0.691947
50,67,0.691233
50,68,0.69128
50,69,0.692139
50,70,0.693768
50,71,0.696011
50,72,0.698618
50,73,0.701266
50,74,0.703603
50,75,0.705307
50,76,0.706137
50,77,0.705968
50,78,0.704815
50,79,0.702826
50,80,0.700244
50,81,0.697361
50,82,0.694459
50,83,0.691747
50,84,0.689346
50,85,0.687299
50,86,0.685606
50,87,0.684285
50,88,0.683395
50,89,0.683033
50,90,0.683274
50,91,0.68411
50,92,0.685395
50,93,0.686844
50,94,0.688099
50,95,0.688824
51,0,0.698514
51,1,0.69852
51,2,0.698517
51,3,0.698472
51,4,0.698346
51,5,0.698108
51,6,0.697746
51,7,0.697287
51,8,0.69679
51,9,0.69634
51,10,0.69602
51,11,0.69589
51,12,0.695976
51,13,0.696262
51,14,0.69671
51,15,0.697265
51,16,0.697887
51,17,0.698552
51,18,0.699272
51,19,0.700088
51,20,0.701052
51,21,0.702196
51,22,0.703505
51,23,0.704886
51,24,0.706179
51,25,0.707198
51,26,0.707799
51,27,0.707937
51,28,0.707705
51,29,0.70731
51,30,0.707006
51,31,0.707013
51,32,0.707437
51,33,0.708234
51,34,0.709229
51,35,0.710154
51,36,0.710731
51,37,0.710714
51,38,0.709943
51,39,0.708374
51,40,0.706084
51,41,0.703276
51,42,0.70026
51,43,0.697399
51,44,0.695034
51,45,0.693412
51,46,0.692625
51,47,0.692613
51,48,0.69321
51,49,0.694202
51,50,0.695404
51,51,0.696696
51,52,0.698015
51,53,0.699327
51,54,0.700582
51,55,0.701702
51,56,0.702567
51,57,0.703058
51,58,0.703071
51,59,0.702551
51,60,0.701505
51,61,0.699995
51,62,0.698143
51,63,0.696108
51,64,0.69408
51,65,0.692271
51,66,0.690891
51,67,0.690129
51,68,0.690127
51,69,0.69095
51,70,0.692562
51,71,0.694809
51,72,0.697434
51,73,0.700112
51,74,0.702498
51,75,0.704276
51,76,0.705221
51,77,0.705213
51,78,0.70426
51,79,0.702483
51,80,0.700087
51,81,0.697322
51,82,0.694433
51,83,0.691615
51,84,0.688999
51,85,0.686657
51,86,0.684635
51,87,0.682992
51,88,0.681817
51,89,0.681221
51,90,0.681275
51,91,0.681961
51,92,0.683124
51,93,0.684474
51,94,0.685657
51,95,0.686343
52,0,0.698798
52,1,0.698785
52,2,0.698741
52,3,0.69863
52,4,0.698411
52,5,0.698053
52,6,0.697548
52,7,0.69693
52,8,0.696267
52,9,0.69565
52,10,0.695162
52,11,0.69486
52,12,0.694765
52,13,0.694863
52,14,0.695122
52,15,0.695502
52,16,0.695981
52,17,0.696554
52,18,0.697244
52,19,0.698094
52,20,0.699143
52,21,0.700409
52,22,0.701855
52,23,0.703379
52,24,0.704818
52,25,0.706
52,26,0.706797
52,27,0.70718
52,28,0.707244
52,29,0.707182
52,30,0.707216
52,31,0.707527
52,32,0.70818
52,33,0.709105
52,34,0.710121
52,35,0.710982
52,36,0.711452
52,37,0.711341
52,38,0.710545
52,39,0.709055
52,40,0.706958
52,41,0.704436
52,42,0.701747
52,43,0.699186
52,44,0.697031
52,45,0.695478
52,46,0.694602
52,47,0.694353
52,48,0.6946
52,49,0.695179
52,50,0.695959
52,51,0.696862
52,52,0.697855
52,53,0.698913
52,54,0.699981
52,55,0.700963
52,56,0.701723
52,57,0.702127
52,58,0.702066
52,59,0.701491
52,60,0.700416
52,61,0.698911
52,62,0.697095
52,63,0.695117
52,64,0.693148
52,65,0.69138
52,66,0.690009
52,67,0.689218
52,68,0.689153
52,69,0.689884
52,70,0.691382
52,71,0.693501
52,72,0.695997
52,73,0.698559
52,74,0.700867
52,75,0.702633
52,76,0.703652
52,77,0.703815
52,78,0.703117
52,79,0.701647
52,80,0.699559
52,81,0.697049
52,82,0.694319
52,83,0.691537
52,84,0.688838
52,85,0.686321
52,86,0.684076
52,87,0.682207
52,88,0.68084
52,89,0.680107
52,90,0.680079
52,91,0.680728
52,92,0.681881
52,93,0.683234
52,94,0.684423
52,95,0.685114
53,0,0.698435
53,1,0.698396
53,2,0.698303
53,3,0.698126
53,4,0.697833
53,5,0.697402
53,6,0.696834
53,7,0.696166
53,8,0.695461
53,9,0.694799
53,10,0.694248
53,11,0.69385
53,12,0.693616
53,13,0.693531
53,14,0.693577
53,15,0.693736
53,16,0.694011
53,17,0.69442
53,18,0.695002
53,19,0.695804
53,20,0.696862
53,21,0.698186
53,22,0.699732
53,23,0.701393
53,24,0.703015
53,25,0.704435
53,26,0.705534
53,27,0.70628
53,28,0.70675
53,29,0.7071
53,30,0.707505
53,31,0.708097
53,32,0.708904
53,33,0.709843
53,34,0.710753
53,35,0.711433
53,36,0.711711
53,37,0.711472
53,38,0.710672
53,39,0.70934
53,40,0.707562
53,41,0.705478
53,42,0.703273
53,43,0.701154
53,44,0.699316
53,45,0.697898
53,46,0.69695
53,47,0.696438
53,48,0.696272
53,49,0.696349
53,50,0.696601
53,51,0.697005
53,52,0.697565
53,53,0.698275
53,54,0.699084
53,55,0.699887
53,56,0.700533
53,57,0.700875
53,58,0.700796
53,59,0.700244
53,60,0.699233
53,61,0.697829
53,62,0.696144
53,63,0.694308
53,64,0.692472
53,65,0.690802
53,66,0.689477
53,67,0.688668
53,68,0.688518
53,69,0.689098
53,70,0.690389
53,71,0.692261
53,72,0.694493
53,73,0.696811
53,74,0.698932
53,75,0.700609
53,76,0.701666
53,77,0.702001
53,78,0.701595
53,79,0.700497
53,80,0.698809
53,81,0.696665
53,82,0.694214
53,83,0.691597
53,84,0.688939
53,85,0.686364
53,86,0.683998
53,87,0.681993
53,88,0.680518
53,89,0.679728
53,90,0.679703
53,91,0.680404
53,92,0.681637
53,93,0.683077
53,94,0.684337
53,95,0.685067
54,0,0.697419
54,1,0.697343
54,2,0.697184
54,3,0.69693
54,4,0.696571
54,5,0.696105
54,6,0.695546
54,7,0.694929
54,8,0.694304
54,9,0.693724
54,10,0.693227
54,11,0.692827
54,12,0.692522
54,13,0.692299
54,14,0.692154
54,15,0.692093
54,16,0.692147
54,17,0.692357
54,18,0.692775
54,19,0.693459
54,20,0.694446
54,21,0.69575
54,22,0.697333
54,23,0.699098
54,24,0.700907
54,25,0.702608
54,26,0.704082
54,27,0.70528
54,28,0.706238
54,29,0.707055
54,30,0.707844
54,31,0.708683
54,32,0.709569
54,33,0.710424
54,34,0.711119
54,35,0.71152
54,36,0.711537
54,37,0.711135
54,38,0.710338
54,39,0.709205
54,40,0.707813
54,41,0.706248
54,42,0.704611
54,43,0.703011
54,44,0.701552
54,45,0.700312
54,46,0.699316
54,47,0.698545
54,48,0.697955
54,49,0.697506
54,50,0.697196
54,51,0.697059
54,52,0.697141
54,53,0.697462
54,54,0.697982
54,55,0.698595
54,56,0.699141
54,57,0.699464
54,58,0.699436
54,59,0.698998
54,60,0.698152
54,61,0.696953
54,62,0.695492
54,63,0.693879
54,64,0.692237
54,65,0.690711
54,66,0.689455
54,67,0.688626
54,68,0.688361
54,69,0.688732
54,70,0.68973
54,71,0.691251
54,72,0.693109
54,73,0.695079
54,74,0.696931
54,75,0.698466
54,76,0.699535
54,77,0.700048
54,78,0.699963
54,79,0.69929
54,80,0.69807
54,81,0.696378
54,82,0.694308
54,83,0.691962
54,84,0.689454
54,85,0.686918
54,86,0.684517
54,87,0.682445
54,88,0.680914
54,89,0.68011
54,90,0.680126
54,91,0.680917
54,92,0.682271
54,93,0.683835
54,94,0.685196
54,95,0.685982
55,0,0.695914
55,1,0.695786
55,2,0.69554
55,3,0.695191
55,4,0.694761
55,5,0.69428
55,6,0.693777
55,7,0.693287
55,8,0.692837
55,9,0.692442
55,10,0.692101
55,11,0.691795
55,12,0.691502
55,13,0.691213
55,14,0.690937
55,15,0.690704
55,16,0.690567
55,17,0.690583
55,18,0.690817
55,19,0.691332
55,20,0.692175
55,21,0.693372
55,22,0.694907
55,23,0.696709
55,24,0.698663
55,25,0.700636
55,26,0.702501
55,27,0.704181
55,28,0.705656
55,29,0.706954
55,30,0.708113
55,31,0.709156
55,32,0.710058
55,33,0.710752
55,34,0.711162
55,35,0.711227
55,36,0.710946
55,37,0.710368
55,38,0.709575
55,39,0.708653
55,40,0.707661
55,41,0.70663
55,42,0.705575
55,43,0.704506
55,44,0.703441
55,45,0.702398
55,46,0.701381
55,47,0.700384
55,48,0.699407
55,49,0.698469
55,50,0.697629
55,51,0.696975
55,52,0.696595
55,53,0.696539
55,54,0.696781
55,55,0.697221
55,56,0.697701
55,57,0.698059
55,58,0.698158
55,59,0.697922
55,60,0.697337
55,61,0.696432
55,62,0.695276
55,63,0.693948
55,64,0.692546
55,65,0.691189
55,66,0.690011
55,67,0.689153
55,68,0.688741
55,69,0.688849
55,70,0.689484
55,71,0.690571
55,72,0.691974
55,73,0.693529
55,74,0.695066
55,75,0.696435
55,76,0.697522
55,77,0.698236
55,78,0.698514
55,79,0.698318
55,80,0.697632
55,81,0.696466
55,82,0.694856
55,83,0.692864
55,84,0.690587
55,85,0.688162
55,86,0.685778
55,87,0.683671
55,88,0.682093
55,89,0.681266
55,90,0.6813
55,91,0.682155
55,92,0.683602
55,93,0.685268
55,94,0.686713
55,95,0.687548
56,0,0.694201
56,1,0.694008
56,2,0.693653
56,3,0.693185
56,4,0.692671
56,5,0.692173
56,6,0.691745
56,7,0.691418
56,8,0.691196
56,9,0.69105
56,10,0.690935
56,11,0.690798
56,12,0.690597
56,13,0.690325
56,14,0.690004
56,15,0.689682
56,16,0.689423
56,17,0.689291
56,18,0.689354
56,19,0.689679
56,20,0.690321
56,21,0.691331
56,22,0.692721
56,23,0.694462
56,24,0.696475
56,25,0.698646
56,26,0.700848
56,27,0.702967
56,28,0.704921
56,29,0.706657
56,30,0.708139
56,31,0.709334
56,32,0.710199
56,33,0.71069
56,34,0.710787
56,35,0.71051
56,36,0.709941
56,37,0.709202
56,38,0.708425
56,39,0.707711
56,40,0.707099
56,41,0.706562
56,42,0.70604
56,43,0.705458
56,44,0.704759
56,45,0.70391
56,46,0.702897
56,47,0.701727
56,48,0.700438
56,49,0.699096
56,50,0.697813
56,51,0.696723
56,52,0.695952
56,53,0.695576
56,54,0.695587
56,55,0.6959
56,56,0.696361
56,57,0.696809
56,58,0.697098
56,59,0.697136
56,60,0.696883
56,61,0.696339
56,62,0.69554
56,63,0.694536
56,64,0.693397
56,65,0.692219
56,66,0.691115
56,67,0.69021
56,68,0.689619
56,69,0.68942
56,70,0.689637
56,71,0.690234
56,72,0.691134
56,73,0.692242
56,74,0.693456
56,75,0.694679
56,76,0.695823
56,77,0.696795
56,78,0.697501
56,79,0.697852
56,80,0.697769
56,81,0.697195
56,82,0.696111
56,83,0.694534
56,84,0.692537
56,85,0.690258
56,86,0.687908
56,87,0.685755
56,88,0.684096
56,89,0.683185
56,90,0.68316
56,91,0.683988
56,92,0.68544
56,93,0.687129
56,94,0.688602
56,95,0.689455
57,0,0.6926
57,1,0.692334
57,2,0.691853
57,3,0.691247
57,4,0.690626
57,5,0.690095
57,6,0.689731
57,7,0.689563
57,8,0.689571
57,9,0.689687
57,10,0.689823
57,11,0.689893
57,12,0.689842
57,13,0.689662
57,14,0.689386
57,15,0.689071
57,16,0.688783
57,17,0.688581
57,18,0.688522
57,19,0.68867
57,20,0.68909
57,21,0.689852
57,22,0.69101
57,23,0.69258
57,24,0.694529
57,25,0.696775
57,26,0.69919
57,27,0.701632
57,28,0.703956
57,29,0.706032
57,30,0.707752
57,31,0.709033
57,32,0.709819
57,33,0.710095
57,34,0.709898
57,35,0.709322
57,36,0.708521
57,37,0.707674
57,38,0.706944
57,39,0.706435
57,40,0.70616
57,41,0.706045
57,42,0.705967
57,43,0.705786
57,44,0.70539
57,45,0.704711
57,46,0.703721
57,47,0.702438
57,48,0.700928
57,49,0.699298
57,50,0.697697
57,51,0.696293
57,52,0.695241
57,53,0.694639
57,54,0.694498
57,55,0.694747
57,56,0.695244
57,57,0.69583
57,58,0.696354
57,59,0.696708
57,60,0.696822
57,61,0.696667
57,62,0.696242
57,63,0.695567
57,64,0.694687
57,65,0.693676
57,66,0.692628
57,67,0.691653
57,68,0.690856
57,69,0.690316
57,70,0.690079
57,71,0.690158
57,72,0.69054
57,73,0.691207
57,74,0.69213
57,75,0.693265
57,76,0.694543
57,77,0.695861
57,78,0.697086
57,79,0.69807
57,80,0.698665
57,81,0.698746
57,82,0.698235
57,83,0.697105
57,84,0.695405
57,85,0.693271
57,86,0.690931
57,87,0.688688
57,88,0.686875
57,89,0.685786
57,90,0.685587
57,91,0.686263
57,92,0.687594
57,93,0.689195
57,94,0.690611
57,95,0.691437
58,0,0.691398
58,1,0.691053
58,2,0.690437
58,3,0.689678
58,4,0.68893
58,5,0.688337
58,6,0.687999
58,7,0.687947
58,8,0.688141
58,9,0.68848
58,10,0.688842
58,11,0.689117
58,12,0.689238
58,13,0.689202
58,14,0.689046
58,15,0.68883
58,16,0.688612
58,17,0.688433
58,18,0.688331
58,19,0.688353
58,20,0.688565
58,21,0.689059
58,22,0.689924
58,23,0.691228
58,24,0.692988
58,25,0.695157
58,26,0.69762
58,27,0.700214
58,28,0.702745
58,29,0.705017
58,30,0.706858
58,31,0.708146
58,32,0.708819
58,33,0.708891
58,34,0.708452
58,35,0.707659
58,36,0.706719
58,37,0.705846
58,38,0.705213
58,39,0.704911
58,40,0.704926
58,41,0.705142
58,42,0.705395
58,43,0.705503
58,44,0.705323
58,45,0.704767
58,46,0.703803
58,47,0.70246
58,48,0.700825
58,49,0.69903
58,50,0.69725
58,51,0.695676
58,52,0.694479
58,53,0.693772
58,54,0.693581
58,55,0.693846
58,56,0.694437
58,57,0.695201
58,58,0.695984
58,59,0.696662
58,60,0.697141
58,61,0.697359
58,62,0.697284
58,63,0.696909
58,64,0.696256
58,65,0.69538
58,66,0.694358
58,67,0.693285
58,68,0.692255
58,69,0.691351
58,70,0.690645
58,71,0.690202
58,72,0.690081
58,73,0.690346
58,74,0.691043
58,75,0.692174
58,76,0.693685
58,77,0.695456
58,78,0.697301
58,79,0.699006
58,80,0.700348
58,81,0.701131
58,82,0.701216
58,83,0.700534
58,84,0.699112
58,85,0.697086
58,86,0.694705
58,87,0.692303
58,88,0.690254
58,89,0.688884
58,90,0.688394
58,91,0.688793
58,92,0.689878
58,93,0.69128
58,94,0.692556
58,95,0.693309
59,0,0.690776
59,1,0.690355
59,2,0.689604
59,3,0.688684
59,4,0.68779
59,5,0.687097
59,6,0.686729
59,7,0.68672
59,8,0.687017
59,9,0.687498
59,10,0.688019
59,11,0.688456
59,12,0.688739
59,13,0.688867
59,14,0.688883
59,15,0.688841
59,16,0.688784
59,17,0.688725
59,18,0.688671
59,19,0.688648
59,20,0.688711
59,21,0.688961
59,22,0.68952
59,23,0.690501
59,24,0.691968
59,25,0.693918
59,26,0.696256
59,27,0.698811
59,28,0.701357
59,29,0.703653
59,30,0.705478
59,31,0.706684
59,32,0.70721
59,33,0.707098
59,34,0.706484
59,35,0.705573
59,36,0.704605
59,37,0.703803
59,38,0.703329
59,39,0.703246
59,40,0.703505
59,41,0.703963
59,42,0.704426
59,43,0.7047
59,44,0.704631
59,45,0.704133
59,46,0.703177
59,47,0.701809
59,48,0.700126
59,49,0.698279
59,50,0.696456
59,51,0.694858
59,52,0.693661
59,53,0.692984
59,54,0.692859
59,55,0.693232
59,56,0.693984
59,57,0.694963
59,58,0.696014
59,59,0.697001
59,60,0.697809
59,61,0.69835
59,62,0.698565
59,63,0.698427
59,64,0.69794
59,65,0.697145
59,66,0.696104
59,67,0.694898
59,68,0.693609
59,69,0.692328
59,70,0.691155
59,71,0.690209
59,72,0.689625
59,73,0.689551
59,74,0.690101
59,75,0.691322
59,76,0.693167
59,77,0.695484
59,78,0.698033
59,79,0.700522
59,80,0.702651
59,81,0.704149
59,82,0.704816
59,83,0.704548
59,84,0.703354
59,85,0.701377
59,86,0.698891
59,87,0.696264
59,88,0.693907
59,89,0.692183
59,90,0.691321
59,91,0.691356
59,92,0.692109
59,93,0.693235
59,94,0.694311
59,95,0.69496
60,0,0.690798
60,1,0.690305
60,2,0.689427
60,3,0.688347
60,4,0.687289
60,5,0.686455
60,6,0.685988
60,7,0.685929
60,8,0.686222
60,9,0.686737
60,10,0.687323
60,11,0.687853
60,12,0.688258
60,13,0.688546
60,14,0.688758
60,15,0.688941
60,16,0.689116
60,17,0.689263
60,18,0.689355
60,19,0.689383
60,20,0.689386
60,21,0.689463
60,22,0.689755
60,23,0.690409
60,24,0.691533
60,25,0.693163
60,26,0.695231
60,27,0.697573
60,28,0.699951
60,29,0.702095
60,30,0.703763
60,31,0.704791
60,32,0.705129
60,33,0.704847
60,34,0.70412
60,35,0.703183
60,36,0.702289
60,37,0.701649
60,38,0.701392
60,39,0.701541
60,40,0.702009
60,41,0.702626
60,42,0.70319
60,43,0.703509
60,44,0.703444
60,45,0.702923
60,46,0.701938
60,47,0.70055
60,48,0.69887
60,49,0.697057
60,50,0.695306
60,51,0.693814
60,52,0.692756
60,53,0.692243
60,54,0.692306
60,55,0.692889
60,56,0.693874
60,57,0.695109
60,58,0.696435
60,59,0.697707
60,60,0.698791
60,61,0.699581
60,62,0.700004
60,63,0.700016
60,64,0.699613
60,65,0.698827
60,66,0.697709
60,67,0.696327
60,68,0.694757
60,69,0.693097
60,70,0.691476
60,71,0.690068
60,72,0.689082
60,73,0.688743
60,74,0.689227
60,75,0.690617
60,76,0.692865
60,77,0.695784
60,78,0.699068
60,79,0.70235
60,80,0.705248
60,81,0.70742
60,82,0.708613
60,83,0.708686
60,84,0.707646
60,85,0.705648
60,86,0.702998
60,87,0.7001
60,88,0.697404
60,89,0.695302
60,90,0.694049
60,91,0.6937
60,92,0.6941
60,93,0.694926
60,94,0.695785
60,95,0.696317
61,0,0.691403
61,1,0.690849
61,2,0.689857
61,3,0.688624
61,4,0.687391
61,5,0.686377
61,6,0.68574
61,7,0.685533
61,8,0.685709
61,9,0.686142
61,10,0.686689
61,11,0.687232
61,12,0.68771
61,13,0.688135
61,14,0.688547
61,15,0.688982
61,16,0.689435
61,17,0.689854
61,18,0.690173
61,19,0.690347
61,20,0.690391
61,21,0.690393
61,22,0.690501
61,23,0.690881
61,24,0.691674
61,25,0.692947
61,26,0.69466
61,27,0.696666
61,28,0.698729
61,29,0.700575
61,30,0.701955
61,31,0.702713
61,32,0.702815
61,33,0.702362
61,34,0.701557
61,35,0.700656
61,36,0.699906
61,37,0.699489
61,38,0.699489
61,39,0.699875
61,40,0.70052
61,41,0.70123
61,42,0.701803
61,43,0.702064
61,44,0.701901
61,45,0.701276
61,46,0.70021
61,47,0.698785
61,48,0.697128
61,49,0.695405
61,50,0.693808
61,51,0.692526
61,52,0.691722
61,53,0.691492
61,54,0.691857
61,55,0.69275
61,56,0.694045
61,57,0.695583
61,58,0.697198
61,59,0.698731
61,60,0.700037
61,61,0.701
61,62,0.701537
61,63,0.701603
61,64,0.701193
61,65,0.700337
61,66,0.69908
61,67,0.697483
61,68,0.695617
61,69,0.69359
61,70,0.69156
61,71,0.689751
61,72,0.688439
61,73,0.687911
61,74,0.688396
61,75,0.690002
61,76,0.69267
61,77,0.696175
61,78,0.70015
61,79,0.704154
61,80,0.70773
61,81,0.710474
61,82,0.712083
61,83,0.712396
61,84,0.71142
61,85,0.709335
61,86,0.706484
61,87,0.703309
61,88,0.700296
61,89,0.697857
61,90,0.696266
61,91,0.695586
61,92,0.695679
61,93,0.696242
61,94,0.696905
61,95,0.697334
62,0,0.692467
62,1,0.691865
62,2,0.690778
62,3,0.689404
62,4,0.687989
62,5,0.686762
62,6,0.68589
62,7,0.685444
62,8,0.685395
62,9,0.68564
62,10,0.686053
62,11,0.686535
62,12,0.687035
62,13,0.687569
62,14,0.688172
62,15,0.688864
62,16,0.689616
62,17,0.690342
62,18,0.690941
62,19,0.691336
62,20,0.691515
62,21,0.691549
62,22,0.691581
62,23,0.691785
62,24,0.692317
62,25,0.693266
62,26,0.694613
62,27,0.696227
62,28,0.69789
62,29,0.699337
62,30,0.700333
62,31,0.700742
62,32,0.700558
62,33,0.699912
62,34,0.699031
62,35,0.698183
62,36,0.697598
62,37,0.69742
62,38,0.697679
62,39,0.698288
62,40,0.699075
62,41,0.699825
62,42,0.700337
62,43,0.700462
62,44,0.700123
62,45,0.699324
62,46,0.698123
62,47,0.696634
62,48,0.695
62,49,0.693394
62,50,0.692003
62,51,0.691002
62,52,0.690535
62,53,0.690679
62,54,0.691437
62,55,0.692723
62,56,0.694398
62,57,0.696286
62,58,0.698206
62,59,0.699986
62,60,0.70147
62,61,0.702537
62,62,0.703105
62,63,0.703136
62,64,0.702633
62,65,0.701633
62,66,0.700182
62,67,0.698341
62,68,0.696182
62,69,0.693823
62,70,0.691446
62,71,0.689319
62,72,0.687766
62,73,0.687124
62,74,0.687656
62,75,0.689479
62,76,0.692522
62,77,0.696521
62,78,0.701057
62,79,0.705627
62,80,0.709715
62,81,0.712864
62,82,0.714739
62,83,0.715166
62,84,0.714163
62,85,0.711943
62,86,0.708885
62,87,0.705472
62,88,0.702215
62,89,0.699539
62,90,0.69772
62,91,0.69682
62,92,0.696704
62,93,0.697081
62,94,0.697602
62,95,0.697954
63,0,0.693857
63,1,0.69322
63,2,0.692057
63,3,0.690559
63,4,0.688965
63,5,0.6875
63,6,0.686345
63,7,0.685588
63,8,0.68523
63,9,0.685201
63,10,0.685404
63,11,0.685764
63,12,0.686243
63,13,0.686858
63,14,0.687631
63,15,0.688565
63,16,0.689606
63,17,0.69064
63,18,0.691537
63,19,0.692192
63,20,0.692572
63,21,0.692729
63,22,0.692796
63,23,0.692941
63,24,0.693322
63,25,0.694034
63,26,0.695068
63,27,0.696308
63,28,0.697553
63,29,0.69856
63,30,0.699122
63,31,0.699133
63,32,0.69862
63,33,0.697748
63,34,0.696765
63,35,0.695942
63,36,0.695492
63,37,0.695518
63,38,0.695997
63,39,0.696787
63,40,0.697673
63,41,0.698418
63,42,0.698823
63,43,0.698762
63,44,0.698197
63,45,0.697178
63,46,0.695807
63,47,0.69423
63,48,0.692614
63,49,0.691136
63,50,0.689976
63,51,0.689293
63,52,0.689208
63,53,0.689777
63,54,0.690979
63,55,0.692709
63,56,0.694807
63,57,0.697075
63,58,0.699312
63,59,0.701328
63,60,0.702958
63,61,0.704078
63,62,0.704615
63,63,0.704543
63,64,0.703885
63,65,0.702691
63,66,0.701018
63,67,0.698931
63,68,0.696508
63,69,0.693878
63,70,0.691244
63,71,0.688901
63,72,0.687206
63,73,0.686521
63,74,0.687121
63,75,0.689124
63,76,0.692438
63,77,0.69677
63,78,0.701663
63,79,0.706572
63,80,0.710942
63,81,0.714285
63,82,0.716246
63,83,0.716653
63,84,0.715543
63,85,0.713161
63,86,0.709926
63,87,0.70635
63,88,0.702963
63,89,0.700186
63,90,0.698282
63,91,0.697298
63,92,0.697091
63,93,0.697375
63,94,0.697817
63,95,0.698122
64,0,0.695485
64,1,0.694826
64,2,0.693609
64,3,0.692006
64,4,0.69024
64,5,0.688529
64,6,0.687059
64,7,0.685943
64,8,0.685217
64,9,0.684851
64,10,0.684789
64,11,0.684979
64,12,0.685399
64,13,0.686059
64,14,0.686969
64,15,0.688111
64,16,0.689404
64,17,0.690714
64,18,0.691889
64,19,0.692805
64,20,0.693415
64,21,0.693755
64,22,0.693946
64,23,0.694145
64,24,0.694498
64,25,0.69509
64,26,0.695912
64,27,0.696854
64,28,0.697727
64,29,0.698316
64,30,0.698447
64,31,0.698049
64,32,0.697189
64,33,0.696061
64,34,0.694934
64,35,0.694079
64,36,0.693693
64,37,0.693844
64,38,0.694464
64,39,0.695363
64,40,0.696289
64,41,0.696985
64,42,0.697251
64,43,0.696982
64,44,0.696174
64,45,0.694922
64,46,0.693371
64,47,0.691703
64,48,0.690104
64,49,0.688759
64,50,0.687837
64,51,0.687479
64,52,0.687782
64,53,0.688779
64,54,0.690429
64,55,0.692605
64,56,0.695126
64,57,0.697772
64,58,0.700318
64,59,0.702555
64,60,0.704306
64,61,0.705449
64,62,0.70592
64,63,0.705714
64,64,0.704876
64,65,0.703477
64,66,0.701591
64,67,0.699292
64,68,0.696669
64,69,0.693863
64,70,0.691087
64,71,0.68865
64,72,0.686919
64,73,0.686257
64,74,0.686934
64,75,0.689051
64,76,0.692498
64,77,0.69696
64,78,0.701963
64,79,0.706944
64,80,0.711335
64,81,0.71464
64,82,0.716503
64,83,0.716765
64,84,0.715488
64,85,0.712946
64,86,0.709591
64,87,0.705955
64,88,0.702565
64,89,0.699828
64,90,0.697979
64,91,0.697036
64,92,0.69684
64,93,0.697107
64,94,0.69752
64,95,0.697804
65,0,0.697344
65,1,0.696674
65,2,0.69542
65,3,0.693731
65,4,0.691807
65,5,0.689852
65,6,0.688056
65,7,0.686557
65,8,0.685429
65,9,0.684687
65,10,0.684314
65,11,0.684291
65,12,0.684605
65,13,0.685262
65,14,0.686256
65,15,0.687545
65,16,0.689029
65,17,0.690555
65,18,0.691958
65,19,0.693105
65,20,0.693939
65,21,0.694491
65,22,0.694866
65,23,0.695207
65,24,0.695642
65,25,0.696236
65,26,0.696966
65,27,0.697718
65,28,0.698312
65,29,0.698557
65,30,0.698309
65,31,0.697537
65,32,0.696344
65,33,0.694951
65,34,0.693643
65,35,0.692692
65,36,0.692281
65,37,0.692453
65,38,0.693106
65,39,0.694019
65,40,0.69491
65,41,0.695507
65,42,0.69561
65,43,0.695129
65,44,0.69409
65,45,0.692624
65,46,0.690916
65,47,0.689177
65,48,0.687612
65,49,0.686408
65,50,0.685721
65,51,0.685672
65,52,0.686334
65,53,0.687719
65,54,0.689768
65,55,0.69234
65,56,0.695236
65,57,0.698215
65,58,0.701032
65,59,0.703459
65,60,0.70531
65,61,0.706462
65,62,0.706865
65,63,0.706532
65,64,0.705532
65,65,0.703961
65,66,0.70191
65,67,0.699472
65,68,0.696746
65,69,0.693882
65,70,0.691098
65,71,0.6887
65,72,0.687044
65,73,0.686473
65,74,0.687229
65,75,0.689389
65,76,0.692823
65,77,0.697207
65,78,0.702067
65,79,0.70685
65,80,0.711003
65,81,0.714048
65,82,0.715647
65,83,0.715662
65,84,0.714183
65,85,0.71151
65,86,0.708111
65,87,0.704521
65,88,0.701252
65,89,0.698675
65,90,0.696986
65,91,0.696166
65,92,0.69604
65,93,0.696329
65,94,0.696733
65,95,0.697004
66,0,0.699492
66,1,0.698818
66,2,0.697542
66,3,0.695785
66,4,0.69372
66,5,0.691535
66,6,0.689421
66,7,0.687536
66,8,0.68599
66,9,0.684843
66,10,0.684119
66,11,0.683829
66,12,0.683971
66,13,0.68455
66,14,0.685546
66,15,0.686899
66,16,0.68849
66,17,0.690155
66,18,0.69172
66,19,0.693049
66,20,0.694083
66,21,0.694846
66,22,0.695436
66,23,0.695977
66,24,0.696574
66,25,0.697271
66,26,0.69802
66,27,0.698698
66,28,0.699127
66,29,0.699132
66,30,0.698599
66,31,0.69753
66,32,0.696056
66,33,0.694422
66,34,0.692922
66,35,0.691826
66,36,0.691309
66,37,0.691397
66,38,0.691971
66,39,0.692791
66,40,0.693562
66,41,0.694004
66,42,0.693921
66,43,0.693235
66,44,0.691995
66,45,0.69036
66,46,0.688543
66,47,0.686777
66,48,0.685276
66,49,0.684222
66,50,0.683758
66,51,0.683981
66,52,0.684944
66,53,0.68664
66,54,0.688999
66,55,0.691872
66,56,0.695049
66,57,0.698278
66,58,0.701299
66,59,0.703871
66,60,0.705799
66,61,0.706961
66,62,0.707317
66,63,0.706898
66,64,0.705794
66,65,0.704121
66,66,0.701992
66,67,0.699516
66,68,0.696806
66,69,0.694017
66,70,0.691364
66,71,0.689139
66,72,0.687666
66,73,0.68725
66,74,0.688092
66,75,0.690234
66,76,0.693528
66,77,0.697648
66,78,0.702144
66,79,0.706495
66,80,0.710187
66,81,0.712783
66,82,0.713983
66,83,0.713682
66,84,0.711994
66,85,0.709238
66,86,0.70588
66,87,0.70244
66,88,0.699391
66,89,0.697057
66,90,0.695584
66,91,0.694917
66,92,0.694867
66,93,0.695168
66,94,0.69555
66,95,0.695799
67,0,0.702007
67,1,0.701336
67,2,0.700048
67,3,0.698241
67,4,0.696057
67,5,0.693668
67,6,0.691259
67,7,0.689002
67,8,0.687037
67,9,0.685462
67,10,0.68434
67,11,0.683709
67,12,0.683588
67,13,0.683984
67,14,0.684871
67,15,0.686179
67,16,0.687778
67,17,0.689497
67,18,0.691159
67,19,0.692623
67,20,0.69383
67,21,0.694796
67,22,0.69561
67,23,0.696379
67,24,0.697187
67,25,0.698052
67,26,0.698905
67,27,0.699607
67,28,0.69998
67,29,0.69986
67,30,0.699157
67,31,0.697896
67,32,0.69623
67,33,0.694414
67,34,0.692747
67,35,0.691491
67,36,0.690815
67,37,0.690736
67,38,0.691131
67,39,0.691757
67,40,0.692321
67,41,0.692551
67,42,0.692258
67,43,0.691379
67,44,0.689979
67,45,0.688234
67,46,0.686371
67,47,0.684632
67,48,0.683229
67,49,0.682332
67,50,0.682068
67,51,0.682512
67,52,0.683697
67,53,0.685607
67,54,0.688164
67,55,0.691217
67,56,0.694558
67,57,0.697933
67,58,0.701075
67,59,0.703736
67,60,0.705718
67,61,0.7069
67,62,0.707248
67,63,0.706805
67,64,0.705676
67,65,0.703995
67,66,0.701892
67,67,0.699492
67,68,0.696921
67,69,0.694337
67,70,0.691945
67,71,0.69001
67,72,0.688815
67,73,0.688614
67,74,0.689555
67,75,0.691639
67,76,0.6947
67,77,0.698423
67,78,0.702387
67,79,0.706127
67,80,0.70919
67,81,0.7112
67,82,0.71191
67,83,0.711257
67,84,0.709379
67,85,0.706598
67,86,0.703366
67,87,0.700161
67,88,0.697404
67,89,0.695354
67,90,0.694104
67,91,0.693567
67,92,0.693551
67,93,0.693814
67,94,0.694133
67,95,0.694337
68,0,0.704925
68,1,0.70426
68,2,0.702973
68,3,0.701135
68,4,0.698863
68,5,0.696306
68,6,0.69364
68,7,0.691041
68,8,0.688668
68,9,0.686646
68,10,0.685071
68,11,0.684012
68,12,0.683512
68,13,0.683592
68,14,0.684236
68,15,0.685376
68,16,0.68688
68,17,0.688577
68,18,0.690283
68,19,0.691853
68,20,0.693218
68,21,0.694384
68,22,0.695423
68,23,0.696428
68,24,0.697462
68,25,0.698523
68,26,0.699524
68,27,0.700315
68,28,0.700718
68,29,0.700575
68,30,0.699816
68,31,0.698481
68,32,0.696733
68,33,0.694827
68,34,0.693053
68,35,0.691664
68,36,0.690815
68,37,0.690523
68,38,0.690668
68,39,0.69102
68,40,0.691306
68,41,0.691272
68,42,0.69075
68,43,0.689693
68,44,0.688178
68,45,0.686387
68,46,0.684545
68,47,0.682885
68,48,0.681607
68,49,0.680866
68,50,0.680766
68,51,0.681367
68,52,0.682689
68,53,0.684708
68,54,0.687347
68,55,0.690462
68,56,0.693852
68,57,0.697269
68,58,0.70045
68,59,0.703148
68,60,0.705165
68,61,0.70638
68,62,0.706762
68,63,0.706359
68,64,0.705288
68,65,0.703692
68,66,0.701716
68,67,0.699499
68,68,0.697175
68,69,0.694903
68,70,0.692874
68,71,0.691319
68,72,0.690474
68,73,0.690533
68,74,0.691587
68,75,0.693595
68,76,0.696373
68,77,0.699617
68,78,0.702951
68,79,0.70597
68,80,0.7083
68,81,0.709642
68,82,0.709815
68,83,0.708803
68,84,0.706768
68,85,0.704026
68,86,0.700994
68,87,0.698092
68,88,0.695668
68,89,0.693911
68,90,0.692857
68,91,0.692395
68,92,0.692343
68,93,0.692499
68,94,0.6927
68,95,0.692828
69,0,0.708186
69,1,0.707535
69,2,0.706264
69,3,0.704421
69,4,0.702101
69,5,0.699427
69,6,0.696558
69,7,0.693664
69,8,0.690905
69,9,0.688426
69,10,0.686347
69,11,0.684767
69,12,0.683763
69,13,0.683387
69,14,0.683647
69,15,0.684494
69,16,0.685809
69,17,0.687422
69,18,0.689143
69,19,0.690814
69,20,0.692345
69,21,0.693718
69,22,0.694987
69,23,0.696222
69,24,0.697471
69,25,0.698719
69,26,0.699871
69,27,0.700774
69,28,0.701253
69,29,0.701163
69,30,0.700445
69,31,0.699148
69,32,0.697434
69,33,0.695547
69,34,0.693757
69,35,0.692294
69,36,0.6913
69,37,0.690788
69,38,0.69065
69,39,0.690683
69,40,0.690643
69,41,0.690314
69,42,0.689557
69,43,0.688347
69,44,0.686767
69,45,0.684992
69,46,0.683231
69,47,0.681695
69,48,0.680558
69,49,0.679954
69,50,0.679969
69,51,0.680656
69,52,0.682027
69,53,0.68406
69,54,0.686684
69,55,0.689764
69,56,0.693113
69,57,0.696494
69,58,0.699654
69,59,0.70235
69,60,0.704388
69,61,0.705646
69,62,0.706093
69,63,0.70578
69,64,0.704827
69,65,0.703387
69,66,0.701613
69,67,0.699655
69,68,0.697655
69,69,0.695769
69,70,0.694167
69,71,0.693047
69,72,0.692591
69,73,0.692934
69,74,0.694111
69,75,0.696038
69,76,0.698515
69,77,0.70125
69,78,0.703913
69,79,0.706169
69,80,0.707725
69,81,0.708368
69,82,0.707994
69,83,0.70664
69,84,0.70449
69,85,0.701845
69,86,0.699074
69,87,0.696524
69,88,0.694455
69,89,0.692981
69,90,0.692084
69,91,0.691636
69,92,0.691477
69,93,0.691461
69,94,0.691493
69,95,0.691518
70,0,0.711604
70,1,0.710976
70,2,0.709742
70,3,0.707931
70,4,0.705615
70,5,0.70289
70,6,0.699889
70,7,0.696762
70,8,0.693662
70,9,0.690736
70,10,0.688121
70,11,0.685949
70,12,0.684335
70,13,0.683378
70,14,0.68313
70,15,0.683578
70,16,0.684626
70,17,0.686114
70,18,0.687843
70,19,0.68963
70,20,0.691351
70,21,0.692953
70,22,0.694455
70,23,0.695905
70,24,0.697339
70,25,0.698736
70,26,0.700005
70,27,0.701001
70,28,0.701565
70,29,0.701566
70,30,0.700957
70,31,0.699791
70,32,0.698218
70,33,0.696461
70,34,0.694756
70,35,0.693302
70,36,0.692219
70,37,0.691516
70,38,0.6911
70,39,0.690802
70,40,0.690423
70,41,0.689796
70,42,0.688821
70,43,0.687496
70,44,0.685908
70,45,0.684214
70,46,0.682591
70,47,0.681212
70,48,0.680219
70,49,0.679723
70,50,0.6798
70,51,0.680501
70,52,0.681845
70,53,0.683818
70,54,0.686358
70,55,0.689344
70,56,0.692601
70,57,0.695903
70,58,0.699008
70,59,0.701681
70,60,0.703728
70,61,0.705029
70,62,0.70555
70,63,0.705342
70,64,0.70453
70,65,0.703272
70,66,0.701732
70,67,0.70007
70,68,0.69843
70,69,0.696961
70,70,0.695813
70,71,0.695142
70,72,0.695081
70,73,0.695707
70,74,0.697002
70,75,0.698847
70,76,0.701024
70,77,0.703258
70,78,0.705261
70,79,0.706764
70,80,0.707559
70,81,0.707521
70,82,0.706625
70,83,0.704964
70,84,0.702741
70,85,0.700242
70,86,0.697776
70,87,0.695608
70,88,0.693906
70,89,0.692702
70,90,0.691929
70,91,0.691451
70,92,0.691141
70,93,0.690912
70,94,0.690745
70,95,0.690653
71,0,0.714876
71,1,0.714285
71,2,0.713116
71,3,0.711383
71,4,0.709133
71,5,0.706434
71,6,0.703387
71,7,0.700113
71,8,0.696741
71,9,0.69341
71,10,0.690267
71,11,0.687472
71,12,0.685187
71,13,0.683569
71,14,0.682728
71,15,0.682705
71,16,0.683439
71,17,0.684783
71,18,0.686527
71,19,0.688455
71,20,0.690394
71,21,0.692243
71,22,0.693977
71,23,0.695617
71,24,0.697187
71,25,0.698669
71,26,0.699991
71,27,0.701031
71,28,0.701653
71,29,0.701751
71,30,0.70129
71,31,0.700322
71,32,0.698981
71,33,0.697452
71,34,0.69593
71,35,0.694574
71,36,0.693474
71,37,0.692631
71,38,0.691973
71,39,0.691367
71,40,0.690672
71,41,0.689776
71,42,0.688627
71,43,0.687246
71,44,0.685721
71,45,0.684177
71,46,0.682748
71,47,0.681558
71,48,0.68071
71,49,0.680294
71,50,0.680384
71,51,0.68104
71,52,0.682298
71,53,0.68416
71,54,0.686578
71,55,0.689442
71,56,0.692587
71,57,0.695797
71,58,0.698836
71,59,0.701472
71,60,0.703513
71,61,0.704835
71,62,0.705405
71,63,0.705276
71,64,0.704579
71,65,0.703481
71,66,0.702161
71,67,0.700785
71,68,0.6995
71,69,0.698443
71,70,0.697737
71,71,0.697499
71,72,0.697809
71,73,0.698693
71,74,0.700086
71,75,0.70184
71,76,0.703729
71,77,0.705493
71,78,0.706882
71,79,0.707688
71,80,0.707781
71,81,0.707118
71,82,0.705752
71,83,0.70383
71,84,0.701578
71,85,0.69926
71,86,0.697127
71,87,0.695357
71,88,0.694026
71,89,0.693087
71,90,0.692428
71,91,0.691911
71,92,0.691441
71,93,0.690998
71,94,0.690635
71,95,0.690426
72,0,0.71764
72,1,0.717102
72,2,0.71603
72,3,0.714423
72,4,0.712305
72,5,0.709715
72,6,0.706718
72,7,0.703396
72,8,0.699849
72,9,0.696196
72,10,0.692584
72,11,0.689198
72,12,0.686248
72,13,0.683953
72,14,0.682494
72,15,0.681975
72,16,0.682377
72,17,0.683574
72,18,0.685342
72,19,0.687424
72,20,0.689594
72,21,0.691689
72,22,0.693636
72,23,0.695421
72,24,0.697061
72,25,0.698551
72,26,0.699846
72,27,0.70086
72,28,0.701495
72,29,0.701674
72,30,0.701378
72,31,0.700653
72,32,0.699609
72,33,0.698388
72,34,0.697134
72,35,0.695956
72,36,0.694911
72,37,0.693991
72,38,0.693142
72,39,0.692279
72,40,0.691317
72,41,0.69021
72,42,0.688955
72,43,0.687599
72,44,0.686218
72,45,0.684902
72,46,0.683728
72,47,0.682765
72,48,0.682076
72,49,0.681729
72,50,0.681803
72,51,0.682379
72,52,0.683515
72,53,0.685237
72,54,0.687515
72,55,0.690248
72,56,0.693279
72,57,0.696395
72,58,0.69936
72,59,0.701942
72,60,0.703945
72,61,0.705244
72,62,0.705804
72,63,0.705686
72,64,0.705033
72,65,0.704029
72,66,0.702869
72,67,0.701732
72,68,0.700763
72,69,0.700083
72,70,0.699785
72,71,0.699939
72,72,0.700577
72,73,0.701676
72,74,0.703135
72,75,0.704786
72,76,0.7064
72,77,0.707736
72,78,0.708579
72,79,0.708776
72,80,0.708261
72,81,0.707063
72,82,0.705303
72,83,0.70318
72,84,0.70094
72,85,0.698829
72,86,0.69704
72,87,0.695673
72,88,0.694714
72,89,0.694046
72,90,0.693515
72,91,0.692982
72,92,0.692388
72,93,0.691769
72,94,0.691242
72,95,0.690936
73,0,0.719535
73,1,0.719064
73,2,0.718118
73,3,0.716683
73,4,0.71476
73,5,0.71236
73,6,0.70951
73,7,0.706254
73,8,0.702652
73,9,0.698798
73,10,0.69483
73,11,0.690952
73,12,0.687415
73,13,0.684502
73,14,0.682464
73,15,0.681472
73,16,0.681557
73,17,0.682611
73,18,0.684399
73,19,0.686625
73,20,0.689003
73,21,0.691309
73,22,0.693416
73,23,0.695281
73,24,0.696912
73,25,0.698325
73,26,0.699512
73,27,0.700432
73,28,0.701034
73,29,0.701274
73,30,0.701149
73,31,0.700698
73,32,0.699998
73,33,0.699144
73,34,0.69822
73,35,0.697282
73,36,0.696353
73,37,0.695414
73,38,0.694433
73,39,0.693371
73,40,0.692209
73,41,0.690967
73,42,0.68969
73,43,0.688446
73,44,0.687298
73,45,0.686291
73,46,0.685442
73,47,0.684758
73,48,0.68426
73,49,0.684
73,50,0.684062
73,51,0.684551
73,52,0.685554
73,53,0.687125
73,54,0.689252
73,55,0.691845
73,56,0.694751
73,57,0.697758
73,58,0.700626
73,59,0.703116
73,60,0.705027
73,61,0.70623
73,62,0.706695
73,63,0.706491
73,64,0.705782
73,65,0.704776
73,66,0.70369
73,67,0.702718
73,68,0.702005
73,69,0.701651
73,70,0.701713
73,71,0.702212
73,72,0.703128
73,73,0.704395
73,74,0.705883
73,75,0.707413
73,76,0.708767
73,77,0.709725
73,78,0.710106
73,79,0.709802
73,80,0.708797
73,81,0.707179
73,82,0.705124
73,83,0.702871
73,84,0.700686
73,85,0.698799
73,86,0.697355
73,87,0.696384
73,88,0.695795
73,89,0.695409
73,90,0.695038
73,91,0.694541
73,92,0.693887
73,93,0.693159
73,94,0.692524
73,95,0.692153
74,0,0.720282
74,1,0.719888
74,2,0.719089
74,3,0.71786
74,4,0.716183
74,5,0.714042
74,6,0.71143
74,7,0.708352
74,8,0.704828
74,9,0.700921
74,10,0.696755
74,11,0.69254
74,12,0.688562
74,13,0.685157
74,14,0.682642
74,15,0.681249
74,16,0.681055
74,17,0.681973
74,18,0.683758
74,19,0.686078
74,20,0.688597
74,21,0.691032
74,22,0.693212
74,23,0.695065
74,24,0.6966
74,25,0.697855
74,26,0.698864
74,27,0.69964
74,28,0.700178
74,29,0.700471
74,30,0.700529
74,31,0.700377
74,32,0.700057
74,33,0.699607
74,34,0.699052
74,35,0.698395
74,36,0.697622
74,37,0.696708
74,38,0.695643
74,39,0.694439
74,40,0.693144
74,41,0.69184
74,42,0.690622
74,43,0.689574
74,44,0.68874
74,45,0.688118
74,46,0.687664
74,47,0.687323
74,48,0.687075
74,49,0.686951
74,50,0.687041
74,51,0.68747
74,52,0.688354
74,53,0.689771
74,54,0.69173
74,55,0.694155
74,56,0.696899
74,57,0.69975
74,58,0.702465
74,59,0.704798
74,60,0.706542
74,61,0.707563
74,62,0.707834
74,63,0.70744
74,64,0.706568
74,65,0.705456
74,66,0.704351
74,67,0.703463
74,68,0.702938
74,69,0.702855
74,70,0.703228
74,71,0.704026
74,72,0.705176
74,73,0.70657
74,74,0.708057
74,75,0.709458
74,76,0.71057
74,77,0.711203
74,78,0.711213
74,79,0.710524
74,80,0.709161
74,81,0.707252
74,82,0.705011
74,83,0.702709
74,84,0.700624
74,85,0.698973
74,86,0.697865
74,87,0.697272
74,88,0.697044
74,89,0.696951
74,90,0.696777
74,91,0.696377
74,92,0.695742
74,93,0.694985
74,94,0.694307
74,95,0.693907
75,0,0.719741
75,1,0.719427
75,2,0.718785
75,3,0.717781
75,4,0.716382
75,5,0.714552
75,6,0.712255
75,7,0.709459
75,8,0.706147
75,9,0.702349
75,10,0.698166
75,11,0.693807
75,12,0.689581
75,13,0.685862
75,14,0.683018
75,15,0.681331
75,16,0.680916
75,17,0.681701
75,18,0.683439
75,19,0.685769
75,20,0.688317
75,21,0.690759
75,22,0.69289
75,23,0.694622
75,24,0.695968
75,25,0.696994
75,26,0.697779
75,27,0.698386
75,28,0.698858
75,29,0.699218
75,30,0.699483
75,31,0.699661
75,32,0.699748
75,33,0.699726
75,34,0.699559
75,35,0.699198
75,36,0.698596
75,37,0.697727
75,38,0.696607
75,39,0.695299
75,40,0.693918
75,41,0.692608
75,42,0.691507
75,43,0.690713
75,44,0.690253
75,45,0.690075
75,46,0.690077
75,47,0.690148
75,48,0.690223
75,49,0.69031
75,50,0.690495
75,51,0.690916
75,52,0.691708
75,53,0.69297
75,54,0.694732
75,55,0.696934
75,56,0.699443
75,57,0.702053
75,58,0.704526
75,59,0.706612
75,60,0.708099
75,61,0.708849
75,62,0.708841
75,63,0.70817
75,64,0.70705
75,65,0.70575
75,66,0.704547
75,67,0.703674
75,68,0.703279
75,69,0.703418
75,70,0.704062
75,71,0.705125
75,72,0.706482
75,73,0.707979
75,74,0.709451
75,75,0.710723
75,76,0.711618
75,77,0.711981
75,78,0.711702
75,79,0.710739
75,80,0.709145
75,81,0.70707
75,82,0.704753
75,83,0.702482
75,84,0.700539
75,85,0.699134
75,86,0.698346
75,87,0.698106
75,88,0.69822
75,89,0.698421
75,90,0.698471
75,91,0.698224
75,92,0.697678
75,93,0.696967
75,94,0.696307
75,95,0.695913
76,0,0.717922
76,1,0.717687
76,2,0.7172
76,3,0.716423
76,4,0.715319
76,5,0.713836
76,6,0.711914
76,7,0.709492
76,8,0.706516
76,9,0.702983
76,10,0.69897
76,11,0.694677
76,12,0.690417
76,13,0.68659
76,14,0.683594
76,15,0.681742
76,16,0.681175
76,17,0.681832
76,18,0.683463
76,19,0.685695
76,20,0.688132
76,21,0.69043
76,22,0.692369
76,23,0.69386
76,24,0.694929
76,25,0.695671
76,26,0.69621
76,27,0.696653
76,28,0.697084
76,29,0.697547
76,30,0.698059
76,31,0.698599
76,32,0.699116
76,33,0.699533
76,34,0.699752
76,35,0.699678
76,36,0.699237
76,37,0.698404
76,38,0.697227
76,39,0.695825
76,40,0.694374
76,41,0.69308
76,42,0.692121
76,43,0.691605
76,44,0.691541
76,45,0.691836
76,46,0.692334
76,47,0.692871
76,48,0.693342
76,49,0.693722
76,50,0.694084
76,51,0.694561
76,52,0.695294
76,53,0.696396
76,54,0.697917
76,55,0.699818
76,56,0.70199
76,57,0.704248
76,58,0.706367
76,59,0.708104
76,60,0.709249
76,61,0.709662
76,62,0.709318
76,63,0.708326
76,64,0.706914
76,65,0.705382
76,66,0.704038
76,67,0.703136
76,68,0.70283
76,69,0.703157
76,70,0.704047
76,71,0.705359
76,72,0.70691
76,73,0.708507
76,74,0.709967
76,75,0.711125
76,76,0.711833
76,77,0.711974
76,78,0.711477
76,79,0.710331
76,80,0.708609
76,81,0.706475
76,82,0.704176
76,83,0.702004
76,84,0.700241
76,85,0.699084
76,86,0.698593
76,87,0.698671
76,88,0.699095
76,89,0.699575
76,90,0.699859
76,91,0.699799
76,92,0.699395
76,93,0.698786
76,94,0.698194
76,95,0.697833
77,0,0.714982
77,1,0.714817
77,2,0.714472
77,3,0.713916
77,4,0.713109
77,5,0.711994
77,6,0.710494
77,7,0.708522
77,8,0.705994
77,9,0.702871
77,10,0.699205
77,11,0.695179
77,12,0.691102
77,13,0.687377
77,14,0.684414
77,15,0.682537
77,16,0.681895
77,17,0.68243
77,18,0.683895
77,19,0.685914
77,20,0.688093
77,21,0.69009
77,22,0.691692
77,23,0.692824
77,24,0.693536
77,25,0.693954
77,26,0.694241
77,27,0.694544
77,28,0.694974
77,29,0.695589
77,30,0.696391
77,31,0.697326
77,32,0.69829
77,33,0.699142
77,34,0.699729
77,35,0.699911
77,36,0.699594
77,37,0.698762
77,38,0.697499
77,39,0.695978
77,40,0.694439
77,41,0.693145
77,42,0.692311
77,43,0.692056
77,44,0.692371
77,45,0.693129
77,46,0.69413
77,47,0.695164
77,48,0.696082
77,49,0.696826
77,50,0.697438
77,51,0.69803
77,52,0.698735
77,53,0.699669
77,54,0.700897
77,55,0.70241
77,56,0.704134
77,57,0.70592
77,58,0.707574
77,59,0.708871
77,60,0.709611
77,61,0.709652
77,62,0.708966
77,63,0.707658
77,64,0.705968
77,65,0.704213
77,66,0.702727
77,67,0.701788
77,68,0.701556
77,69,0.702055
77,70,0.703179
77,71,0.704734
77,72,0.706484
77,73,0.708194
77,74,0.709661
77,75,0.710729
77,76,0.711279
77,77,0.711237
77,78,0.710572
77,79,0.709302
77,80,0.707521
77,81,0.705398
77,82,0.703181
77,83,0.701155
77,84,0.699592
77,85,0.698676
77,86,0.69845
77,87,0.698801
77,88,0.699487
77,89,0.700212
77,90,0.700715
77,91,0.700848
77,92,0.700611
77,93,0.700137
77,94,0.699642
77,95,0.699331
78,0,0.711189
78,1,0.711081
78,2,0.710861
78,3,0.710506
78,4,0.709988
78,5,0.709252
78,6,0.70821
78,7,0.706754
78,8,0.704769
78,9,0.702187
78,10,0.699028
78,11,0.695454
78,12,0.691759
78,13,0.688334
78,14,0.685581
78,15,0.683815
78,16,0.683177
78,17,0.683605
78,18,0.684855
78,19,0.686562
78,20,0.688352
78,21,0.689908
78,22,0.691045
78,23,0.691717
78,24,0.692005
78,25,0.692069
78,26,0.692107
78,27,0.692295
78,28,0.692765
78,29,0.693573
78,30,0.694701
78,31,0.696052
78,32,0.697463
78,33,0.698734
78,34,0.699653
78,35,0.700042
78,36,0.699793
78,37,0.698904
78,38,0.697499
78,39,0.695808
78,40,0.694135
78,41,0.692796
78,42,0.692038
78,43,0.69199
78,44,0.692631
78,45,0.693805
78,46,0.695277
78,47,0.696799
78,48,0.698183
78,49,0.699328
78,50,0.700236
78,51,0.700983
78,52,0.70168
78,53,0.702434
78,54,0.703324
78,55,0.704375
78,56,0.705557
78,57,0.706773
78,58,0.707874
78,59,0.708671
78,60,0.70898
78,61,0.708657
78,62,0.707668
78,63,0.706104
78,64,0.704199
78,65,0.702279
78,66,0.700695
78,67,0.699743
78,68,0.699595
78,69,0.700267
78,70,0.701621
78,71,0.70342
78,72,0.705378
78,73,0.707216
78,74,0.708714
78,75,0.709719
78,76,0.710138
78,77,0.709938
78,78,0.709129
78,79,0.707764
78,80,0.705955
78,81,0.703878
78,82,0.701773
78,83,0.699913
78,84,0.69855
78,85,0.697852
78,86,0.697846
78,87,0.698409
78,88,0.699294
78,89,0.700206
78,90,0.700889
78,91,0.701196
78,92,0.701122
78,93,0.700791
78,94,0.700404
78,95,0.700152
79,0,0.706881
79,1,0.706815
79,2,0.706691
79,3,0.70651
79,4,0.706264
79,5,0.705908
79,6,0.70535
79,7,0.704464
79,8,0.703107
79,9,0.701175
79,10,0.698662
79,11,0.6957
79,12,0.692558
79,13,0.689605
79,14,0.687216
79,15,0.685683
79,16,0.685123
79,17,0.685465
79,18,0.686469
79,19,0.687794
79,20,0.689099
79,21,0.690111
79,22,0.690688
79,23,0.690827
79,24,0.690644
79,25,0.690333
79,26,0.690123
79,27,0.690211
79,28,0.69074
79,29,0.691759
79,30,0.693223
79,31,0.694984
79,32,0.696822
79,33,0.698474
79,34,0.699675
79,35,0.700212
79,36,0.699966
79,37,0.698956
79,38,0.697346
79,39,0.695429
79,40,0.693566
79,41,0.692122
79,42,0.691375
79,43,0.691461
79,44,0.692348
79,45,0.693861
79,46,0.695736
79,47,0.697696
79,48,0.699516
79,49,0.701055
79,50,0.702268
79,51,0.703185
79,52,0.703881
79,53,0.70445
79,54,0.704978
79,55,0.705525
79,56,0.706113
79,57,0.706707
79,58,0.707215
79,59,0.707495
79,60,0.707386
79,61,0.706749
79,62,0.705534
79,63,0.703811
79,64,0.701794
79,65,0.699804
79,66,0.698198
79,67,0.697285
79,68,0.697247
79,69,0.698097
79,70,0.699677
79,71,0.701712
79,72,0.703874
79,73,0.705847
79,74,0.707389
79,75,0.708347
79,76,0.708654
79,77,0.708309
79,78,0.707366
79,79,0.705911
79,80,0.704077
79,81,0.70205
79,82,0.700059
79,83,0.698357
79,84,0.697173
79,85,0.696653
79,86,0.696806
79,87,0.697504
79,88,0.698505
79,89,0.699526
79,90,0.700323
79,91,0.700755
79,92,0.700816
79,93,0.700616
79,94,0.700332
79,95,0.700138
80,0,0.702435
80,1,0.70239
80,2,0.702328
80,3,0.702283
80,4,0.702278
80,5,0.702288
80,6,0.702226
80,7,0.701947
80,8,0.701281
80,9,0.70009
80,10,0.698333
80,11,0.696109
80,12,0.693656
80,13,0.691308
80,14,0.689404
80,15,0.688195
80,16,0.687773
80,17,0.688051
80,18,0.688797
80,19,0.689701
80,20,0.690468
80,21,0.690881
80,22,0.690852
80,23,0.690422
80,24,0.689747
80,25,0.689052
80,26,0.688591
80,27,0.688577
80,28,0.68916
80,29,0.690375
80,30,0.692146
80,31,0.694279
80,32,0.696496
80,33,0.698473
80,34,0.699894
80,35,0.700516
80,36,0.700214
80,37,0.699029
80,38,0.697169
80,39,0.694982
80,40,0.692885
80,41,0.691287
80,42,0.690489
80,43,0.690631
80,44,0.691674
80,45,0.693425
80,46,0.695605
80,47,0.697914
80,48,0.700099
80,49,0.701981
80,50,0.703468
80,51,0.704542
80,52,0.705239
80,53,0.705632
80,54,0.705809
80,55,0.705862
80,56,0.705863
80,57,0.705842
80,58,0.705773
80,59,0.705564
80,60,0.705087
80,61,0.704209
80,62,0.702863
80,63,0.701091
80,64,0.69908
80,65,0.69713
80,66,0.695592
80,67,0.69478
80,68,0.694882
80,69,0.695911
80,70,0.697696
80,71,0.699937
80,72,0.702273
80,73,0.704361
80,74,0.705939
80,75,0.706855
80,76,0.707057
80,77,0.706579
80,78,0.705506
80,79,0.703961
80,80,0.702099
80,81,0.700112
80,82,0.69822
80,83,0.696653
80,84,0.69561
80,85,0.69521
80,86,0.695443
80,87,0.696182
80,88,0.697197
80,89,0.698226
80,90,0.699049
80,91,0.699539
80,92,0.699688
80,93,0.699589
80,94,0.699394
80,95,0.699252
81,0,0.698242
81,1,0.698192
81,2,0.698148
81,3,0.698185
81,4,0.698369
81,5,0.69871
81,6,0.699126
81,7,0.699462
81,8,0.699519
81,9,0.699122
81,10,0.698192
81,11,0.696789
81,12,0.695115
81,13,0.693457
81,14,0.692112
81,15,0.691285
81,16,0.691034
81,17,0.691262
81,18,0.691748
81,19,0.692222
81,20,0.692441
81,21,0.692251
81,22,0.691618
81,23,0.69063
81,24,0.689478
81,25,0.68841
81,26,0.687698
81,27,0.68757
81,28,0.688175
81,29,0.689537
81,30,0.691552
81,31,0.693984
81,32,0.696502
81,33,0.698728
81,34,0.700304
81,35,0.700957
81,36,0.700561
81,37,0.699177
81,38,0.697055
81,39,0.694593
81,40,0.692255
81,41,0.69048
81,42,0.689588
81,43,0.689717
81,44,0.690824
81,45,0.692704
81,46,0.695069
81,47,0.69761
81,48,0.700054
81,49,0.702194
81,50,0.703897
81,51,0.705102
81,52,0.705803
81,53,0.70605
81,54,0.705929
81,55,0.705552
81,56,0.705038
81,57,0.704473
81,58,0.703895
81,59,0.703264
81,60,0.702489
81,61,0.701445
81,62,0.700055
81,63,0.698332
81,64,0.696429
81,65,0.694618
81,66,0.693231
81,67,0.692575
81,68,0.692837
81,69,0.694029
81,70,0.695974
81,71,0.69836
81,72,0.700808
81,73,0.702958
81,74,0.704541
81,75,0.705403
81,76,0.705507
81,77,0.704909
81,78,0.703725
81,79,0.702105
81,80,0.700222
81,81,0.698273
81,82,0.696466
81,83,0.695006
81,84,0.694057
81,85,0.693707
81,86,0.693931
81,87,0.694602
81,88,0.695514
81,89,0.696438
81,90,0.697187
81,91,0.697654
81,92,0.697832
81,93,0.697795
81,94,0.697668
81,95,0.697569
82,0,0.694689
82,1,0.694603
82,2,0.694518
82,3,0.694562
82,4,0.694858
82,5,0.695454
82,6,0.696289
82,7,0.697199
82,8,0.697958
82,9,0.698354
82,10,0.698267
82,11,0.697713
82,12,0.696848
82,13,0.695911
82,14,0.695145
82,15,0.69471
82,16,0.694633
82,17,0.694808
82,18,0.695035
82,19,0.695089
82,20,0.694787
82,21,0.694037
82,22,0.692857
82,23,0.691373
82,24,0.689798
82,25,0.688399
82,26,0.687456
82,27,0.687201
82,28,0.687784
82,29,0.689222
82,30,0.691389
82,31,0.694018
82,32,0.696736
82,33,0.699125
82,34,0.70079
82,35,0.701438
82,36,0.700941
82,37,0.699378
82,38,0.697034
82,39,0.69434
82,40,0.691796
82,41,0.68986
82,42,0.688858
82,43,0.688925
82,44,0.690011
82,45,0.691911
82,46,0.694335
82,47,0.696977
82,48,0.699557
82,49,0.701852
82,50,0.703702
82,51,0.705006
82,52,0.705727
82,53,0.705887
82,54,0.705561
82,55,0.704875
82,56,0.703972
82,57,0.702986
82,58,0.702005
82,59,0.70104
82,60,0.700034
82,61,0.698884
82,62,0.697507
82,63,0.695896
82,64,0.694169
82,65,0.692566
82,66,0.691389
82,67,0.690924
82,68,0.691345
82,69,0.692662
82,70,0.694696
82,71,0.697135
82,72,0.6996
82,73,0.701733
82,74,0.703266
82,75,0.704053
82,76,0.704066
82,77,0.703378
82,78,0.702121
82,79,0.700465
82,80,0.698592
82,81,0.696698
82,82,0.694976
82,83,0.693598
82,84,0.692696
82,85,0.692324
82,86,0.692445
82,87,0.692939
82,88,0.693632
82,89,0.694337
82,90,0.694912
82,91,0.695275
82,92,0.695422
82,93,0.695409
82,94,0.695328
82,95,0.695261
83,0,0.692131
83,1,0.691972
83,2,0.691776
83,3,0.691732
83,4,0.692027
83,5,0.69276
83,6,0.693899
83,7,0.695276
83,8,0.696647
83,9,0.697763
83,10,0.698461
83,11,0.698713
83,12,0.698621
83,13,0.698371
83,14,0.69815
83,15,0.698071
83,16,0.698136
83,17,0.698236
83,18,0.698203
83,19,0.697863
83,20,0.697096
83,21,0.695867
83,22,0.694241
83,23,0.69237
83,24,0.690477
83,25,0.688828
83,26,0.687699
83,27,0.687322
83,28,0.687846
83,29,0.689281
83,30,0.691495
83,31,0.694202
83,32,0.697007
83,33,0.699468
83,34,0.701167
83,35,0.701796
83,36,0.701227
83,37,0.69955
83,38,0.697068
83,39,0.694234
83,40,0.691561
83,41,0.689512
83,42,0.688409
83,43,0.688383
83,44,0.689378
83,45,0.691198
83,46,0.693564
83,47,0.696182
83,48,0.698781
83,49,0.701133
83,50,0.703063
83,51,0.704446
83,52,0.705218
83,53,0.705373
83,54,0.704971
83,55,0.704129
83,56,0.703001
83,57,0.701746
83,58,0.700486
83,59,0.699274
83,60,0.698091
83,61,0.69686
83,62,0.695509
83,63,0.694022
83,64,0.692493
83,65,0.691125
83,66,0.690181
83,67,0.689912
83,68,0.690472
83,69,0.691856
83,70,0.693891
83,71,0.696275
83,72,0.698648
83,73,0.700671
83,74,0.702093
83,75,0.70278
83,76,0.702717
83,77,0.701982
83,78,0.700713
83,79,0.699083
83,80,0.697275
83,81,0.695472
83,82,0.693847
83,83,0.692539
83,84,0.691643
83,85,0.691187
83,86,0.691121
83,87,0.691345
83,88,0.691721
83,89,0.692117
83,90,0.692439
83,91,0.692636
83,92,0.69271
83,93,0.692693
83,94,0.692641
83,95,0.6926
84,0,0.690819
84,1,0.690548
84,2,0.690166
84,3,0.689925
84,4,0.690081
84,5,0.690795
84,6,0.692068
84,7,0.693742
84,8,0.695561
84,9,0.697245
84,10,0.698595
84,11,0.699532
84,12,0.700108
84,13,0.700447
84,14,0.700682
84,15,0.700881
84,16,0.701024
84,17,0.701014
84,18,0.700718
84,19,0.700022
84,20,0.698868
84,21,0.697276
84,22,0.695344
84,23,0.693236
84,24,0.691167
84,25,0.689385
84,26,0.68815
84,27,0.68768
84,28,0.68812
84,29,0.689482
84,30,0.691638
84,31,0.694304
84,32,0.697085
84,33,0.699533
84,34,0.701223
84,35,0.701842
84,36,0.701259
84,37,0.699566
84,38,0.697067
84,39,0.694215
84,40,0.691517
84,41,0.689424
84,42,0.688248
84,43,0.688112
84,44,0.688967
84,45,0.690629
84,46,0.692843
84,47,0.695338
84,48,0.697863
84,49,0.700197
84,50,0.702163
84,51,0.703622
84,52,0.704488
84,53,0.704734
84,54,0.704392
84,55,0.703561
84,56,0.702382
84,57,0.701013
84,58,0.699594
84,59,0.698208
84,60,0.696873
84,61,0.695551
84,62,0.694195
84,63,0.692798
84,64,0.691438
84,65,0.690287
84,66,0.689564
84,67,0.689473
84,68,0.690131
84,69,0.691519
84,70,0.693467
84,71,0.695693
84,72,0.697873
84,73,0.699702
84,74,0.700961
84,75,0.701534
84,76,0.701416
84,77,0.700684
84,78,0.699472
84,79,0.697942
84,80,0.696261
84,81,0.694594
84,82,0.693085
84,83,0.69184
84,84,0.690922
84,85,0.690334
84,86,0.690027
84,87,0.689921
84,88,0.689927
84,89,0.689969
84,90,0.690004
84,91,0.690013
84,92,0.689999
84,93,0.689972
84,94,0.689947
84,95,0.689931
85,0,0.690852
85,1,0.690434
85,2,0.689794
85,3,0.689247
85,4,0.68912
85,5,0.689635
85,6,0.690836
85,7,0.692588
85,8,0.69463
85,9,0.696664
85,10,0.69846
85,11,0.699896
85,12,0.700968
85,13,0.701744
85,14,0.702301
85,15,0.702668
85,16,0.70281
85,17,0.702647
85,18,0.702093
85,19,0.701093
85,20,0.699651
85,21,0.697835
85,22,0.695763
85,23,0.693595
85,24,0.691518
85,25,0.689749
85,26,0.688509
85,27,0.687997
85,28,0.688348
85,29,0.689581
85,30,0.691588
85,31,0.694106
85,32,0.696762
85,33,0.699124
85,34,0.70078
85,35,0.701415
85,36,0.700894
85,37,0.699298
85,38,0.696913
85,39,0.69417
85,40,0.691553
85,41,0.689489
85,42,0.688276
85,43,0.688031
85,44,0.688719
85,45,0.690179
85,46,0.692187
85,47,0.694506
85,48,0.696907
85,49,0.699185
85,50,0.701168
85,51,0.702714
85,52,0.703724
85,53,0.704149
85,54,0.703992
85,55,0.703319
85,56,0.702239
85,57,0.700891
85,58,0.699411
85,59,0.697901
85,60,0.696416
85,61,0.694964
85,62,0.693541
85,63,0.692163
85,64,0.69091
85,65,0.689926
85,66,0.689381
85,67,0.689428
85,68,0.690142
85,69,0.691477
85,70,0.693269
85,71,0.695265
85,72,0.697182
85,73,0.698763
85,74,0.699827
85,75,0.700284
85,76,0.700135
85,77,0.699454
85,78,0.698357
85,79,0.696986
85,80,0.695484
85,81,0.693987
85,82,0.692608
85,83,0.691423
85,84,0.690466
85,85,0.689726
85,86,0.689161
85,87,0.68872
85,88,0.688361
85,89,0.688068
85,90,0.687843
85,91,0.687694
85,92,0.687621
85,93,0.687608
85,94,0.687626
85,95,0.687644
86,0,0.69212
86,1,0.691531
86,2,0.690579
86,3,0.689638
86,4,0.689098
86,5,0.689243
86,6,0.690166
86,7,0.691759
86,8,0.693773
86,9,0.695905
86,10,0.697901
86,11,0.699602
86,12,0.700957
86,13,0.701979
86,14,0.702695
86,15,0.703101
86,16,0.703157
86,17,0.702804
86,18,0.702006
86,19,0.700771
86,20,0.699157
86,21,0.69727
86,22,0.695236
86,23,0.693193
86,24,0.691286
86,25,0.689677
86,26,0.688541
86,27,0.688044
86,28,0.688311
86,29,0.689376
86,30,0.69116
86,31,0.693443
86,32,0.695895
86,33,0.698121
86,34,0.69973
86,35,0.700415
86,36,0.700034
86,37,0.69864
86,38,0.696488
86,39,0.693966
86,40,0.691521
86,41,0.68955
86,42,0.688335
86,43,0.687998
86,44,0.688522
86,45,0.689779
86,46,0.691582
86,47,0.693723
86,48,0.696
86,49,0.698224
86,50,0.700232
86,51,0.701882
86,52,0.703071
86,53,0.703734
86,54,0.703845
86,55,0.703431
86,56,0.702558
86,57,0.701326
86,58,0.699853
86,59,0.698248
86,60,0.696602
86,61,0.694973
86,62,0.693411
86,63,0.691973
86,64,0.690751
86,65,0.689867
86,66,0.689448
86,67,0.689592
86,68,0.690323
86,69,0.691573
86,70,0.693178
86,71,0.694915
86,72,0.696547
86,73,0.697865
86,74,0.69873
86,75,0.699077
86,76,0.698915
86,77,0.698309
86,78,0.697355
86,79,0.696169
86,80,0.694864
86,81,0.693545
86,82,0.692294
86,83,0.691161
86,84,0.690158
86,85,0.689273
86,86,0.688476
86,87,0.687751
86,88,0.687101
86,89,0.686559
86,90,0.686166
86,91,0.685943
86,92,0.685882
86,93,0.685935
86,94,0.686031
86,95,0.686099
87,0,0.694306
87,1,0.693537
87,2,0.692251
87,3,0.690865
87,4,0.689825
87,5,0.689472
87,6,0.689944
87,7,0.691171
87,8,0.692924
87,9,0.694905
87,10,0.696849
87,11,0.698572
87,12,0.699981
87,13,0.701043
87,14,0.701745
87,15,0.70206
87,16,0.701949
87,17,0.701383
87,18,0.700374
87,19,0.698986
87,20,0.697326
87,21,0.695525
87,22,0.693702
87,23,0.691958
87,24,0.690379
87,25,0.689062
87,26,0.688122
87,27,0.687689
87,28,0.687879
87,29,0.688745
87,30,0.690254
87,31,0.692242
87,32,0.694438
87,33,0.696497
87,34,0.69806
87,35,0.698833
87,36,0.698655
87,37,0.697546
87,38,0.695712
87,39,0.69349
87,40,0.69128
87,41,0.689449
87,42,0.688268
87,43,0.687871
87,44,0.688268
87,45,0.689367
87,46,0.691015
87,47,0.693034
87,48,0.695236
87,49,0.697444
87,50,0.6995
87,51,0.701267
87,52,0.702644
87,53,0.703559
87,54,0.703964
87,55,0.703847
87,56,0.703227
87,57,0.702158
87,58,0.700728
87,59,0.699046
87,60,0.69723
87,61,0.695391
87,62,0.693639
87,63,0.692077
87,64,0.69082
87,65,0.689976
87,66,0.689635
87,67,0.68984
87,68,0.690571
87,69,0.691731
87,70,0.69316
87,71,0.694658
87,72,0.696028
87,73,0.697106
87,74,0.697789
87,75,0.698034
87,76,0.697859
87,77,0.697318
87,78,0.696493
87,79,0.695472
87,80,0.694341
87,81,0.693174
87,82,0.692027
87,83,0.690929
87,84,0.689885
87,85,0.688886
87,86,0.687924
87,87,0.687013
87,88,0.6862
87,89,0.685551
87,90,0.685127
87,91,0.684955
87,92,0.685007
87,93,0.685198
87,94,0.685417
87,95,0.685557
88,0,0.696938
88,1,0.696
88,2,0.694393
88,3,0.692565
88,4,0.691001
88,5,0.690087
88,6,0.690006
88,7,0.690724
88,8,0.69204
88,9,0.69367
88,10,0.695349
88,11,0.696874
88,12,0.698123
88,13,0.69903
88,14,0.699556
88,15,0.69966
88,16,0.699316
88,17,0.698528
88,18,0.697352
88,19,0.695903
88,20,0.694323
88,21,0.692752
88,22,0.691292
88,23,0.68999
88,24,0.688863
88,25,0.687932
88,26,0.687249
88,27,0.686907
88,28,0.687016
88,29,0.68766
88,30,0.688858
88,31,0.690516
88,32,0.692431
88,33,0.694317
88,34,0.695849
88,35,0.696739
88,36,0.696808
88,37,0.696034
88,38,0.694567
88,39,0.692686
88,40,0.690745
88,41,0.689086
88,42,0.687975
88,43,0.687567
88,44,0.687905
88,45,0.68893
88,46,0.690521
88,47,0.692513
88,48,0.694724
88,49,0.696975
88,50,0.699108
88,51,0.700991
88,52,0.70253
88,53,0.703657
88,54,0.704315
88,55,0.704466
88,56,0.704085
88,57,0.703181
88,58,0.701808
88,59,0.700063
88,60,0.698087
88,61,0.696037
88,62,0.694081
88,63,0.692372
88,64,0.691046
88,65,0.690208
88,66,0.689914
88,67,0.690165
88,68,0.6909
88,69,0.691998
88,70,0.693296
88,71,0.69461
88,72,0.695774
88,73,0.696657
88,74,0.697183
88,75,0.697325
88,76,0.697109
88,77,0.696589
88,78,0.695833
88,79,0.694913
88,80,0.693891
88,81,0.69282
88,82,0.691735
88,83,0.690654
88,84,0.68958
88,85,0.688518
88,86,0.687481
88,87,0.686516
88,88,0.685694
88,89,0.685103
88,90,0.684809
88,91,0.684824
88,92,0.685094
88,93,0.685499
88,94,0.685887
88,95,0.686121
89,0,0.699493
89,1,0.698416
89,2,0.696537
89,3,0.694321
89,4,0.692277
89,5,0.69082
89,6,0.690169
89,7,0.690324
89,8,0.691113
89,9,0.69227
89,10,0.693535
89,11,0.694696
89,12,0.695614
89,13,0.696205
89,14,0.696417
89,15,0.696213
89,16,0.695587
89,17,0.694577
89,18,0.693283
89,19,0.691858
89,20,0.690466
89,21,0.689246
89,22,0.688262
89,23,0.687503
89,24,0.686905
89,25,0.686411
89,26,0.686008
89,27,0.685757
89,28,0.685771
89,29,0.686172
89,30,0.687042
89,31,0.688361
89,32,0.689998
89,33,0.691721
89,34,0.693242
89,35,0.694273
89,36,0.694613
89,37,0.694192
89,38,0.693104
89,39,0.691574
89,40,0.689913
89,41,0.688446
89,42,0.687444
89,43,0.687088
89,44,0.687453
89,45,0.688515
89,46,0.690168
89,47,0.69225
89,48,0.694568
89,49,0.696928
89,50,0.69916
89,51,0.701137
89,52,0.702778
89,53,0.704033
89,54,0.704852
89,55,0.705185
89,56,0.704981
89,57,0.704209
89,58,0.702888
89,59,0.701103
89,60,0.699002
89,61,0.696783
89,62,0.694656
89,63,0.69282
89,64,0.691432
89,65,0.690597
89,66,0.690348
89,67,0.690652
89,68,0.691416
89,69,0.692498
89,70,0.69373
89,71,0.694935
89,72,0.695963
89,73,0.696699
89,74,0.697083
89,75,0.697103
89,76,0.696795
89,77,0.696218
89,78,0.695439
89,79,0.694525
89,80,0.693526
89,81,0.692479
89,82,0.691407
89,83,0.690323
89,84,0.689238
89,85,0.688172
89,86,0.687161
89,87,0.686274
89,88,0.685598
89,89,0.685221
89,90,0.6852
89,91,0.68552
89,92,0.686098
89,93,0.686775
89,94,0.687366
89,95,0.687709
90,0,0.701535
90,1,0.700361
90,2,0.698286
90,3,0.695776
90,4,0.693349
90,5,0.691435
90,6,0.690277
90,7,0.689902
90,8,0.690162
90,9,0.69081
90,10,0.691592
90,11,0.692294
90,12,0.69277
90,13,0.692933
90,14,0.692735
90,15,0.692156
90,16,0.691218
90,17,0.689994
90,18,0.688624
90,19,0.687289
90,20,0.686164
90,21,0.68537
90,22,0.684931
90,23,0.684762
90,24,0.684721
90,25,0.68467
90,26,0.684537
90,27,0.684356
90,28,0.684254
90,29,0.684398
90,30,0.684938
90,31,0.685931
90,32,0.687313
90,33,0.688903
90,34,0.690436
90,35,0.691624
90,36,0.692238
90,37,0.692164
90,38,0.691442
90,39,0.690249
90,40,0.688866
90,41,0.687605
90,42,0.686751
90,43,0.686513
90,44,0.686997
90,45,0.688205
90,46,0.690039
90,47,0.692323
90,48,0.694837
90,49,0.697359
90,50,0.699701
90,51,0.701735
90,52,0.703398
90,53,0.704668
90,54,0.705524
90,55,0.705924
90,56,0.705806
90,57,0.705113
90,58,0.703835
90,59,0.702037
90,60,0.69987
90,61,0.697551
90,62,0.695326
90,63,0.693422
90,64,0.692017
90,65,0.691213
90,66,0.691029
90,67,0.69141
90,68,0.692239
90,69,0.693359
90,70,0.694592
90,71,0.69576
90,72,0.696713
90,73,0.697339
90,74,0.697585
90,75,0.697449
90,76,0.69698
90,77,0.696253
90,78,0.695348
90,79,0.694337
90,80,0.693268
90,81,0.692173
90,82,0.69107
90,83,0.689972
90,84,0.688898
90,85,0.687887
90,86,0.686992
90,87,0.686295
90,88,0.685886
90,89,0.685842
90,90,0.686193
90,91,0.686896
90,92,0.687832
90,93,0.688809
90,94,0.689617
90,95,0.690073
91,0,0.702812
91,1,0.701585
91,2,0.699398
91,3,0.696708
91,4,0.694024
91,5,0.691781
91,6,0.690233
91,7,0.689426
91,8,0.689227
91,9,0.689405
91,10,0.689709
91,11,0.689929
91,12,0.689921
91,13,0.689604
91,14,0.688949
91,15,0.687961
91,16,0.6867
91,17,0.685276
91,18,0.683859
91,19,0.682652
91,20,0.681831
91,21,0.681493
91,22,0.68161
91,23,0.68203
91,24,0.682526
91,25,0.682887
91,26,0.682988
91,27,0.682847
91,28,0.682609
91,29,0.682495
91,30,0.682723
91,31,0.683422
91,32,0.684587
91,33,0.68608
91,34,0.68765
91,35,0.689002
91,36,0.689878
91,37,0.690125
91,38,0.689737
91,39,0.688855
91,40,0.687735
91,41,0.686688
91,42,0.686015
91,43,0.685951
91,44,0.686632
91,45,0.688075
91,46,0.690179
91,47,0.692745
91,48,0.695518
91,49,0.698233
91,50,0.700679
91,51,0.702724
91,52,0.704328
91,53,0.705506
91,54,0.706277
91,55,0.706628
91,56,0.706504
91,57,0.705834
91,58,0.704588
91,59,0.702809
91,60,0.70064
91,61,0.698307
91,62,0.696071
91,63,0.694178
91,64,0.692817
91,65,0.692088
91,66,0.692002
91,67,0.692489
91,68,0.69342
91,69,0.694624
91,70,0.695914
91,71,0.697098
91,72,0.698017
91,73,0.698552
91,74,0.69865
91,75,0.698317
91,76,0.697621
91,77,0.696661
91,78,0.69554
91,79,0.694346
91,80,0.693135
91,81,0.691938
91,82,0.690774
91,83,0.689659
91,84,0.688621
91,85,0.687712
91,86,0.686998
91,87,0.686565
91,88,0.686494
91,89,0.686841
91,90,0.687606
91,91,0.688713
91,92,0.690011
91,93,0.691283
91,94,0.692298
91,95,0.692861
92,0,0.703313
92,1,0.702073
92,2,0.699849
92,3,0.697081
92,4,0.694266
92,5,0.691828
92,6,0.690026
92,7,0.688913
92,8,0.688367
92,9,0.688162
92,10,0.688052
92,11,0.687829
92,12,0.687355
92,13,0.686567
92,14,0.685459
92,15,0.684072
92,16,0.682501
92,17,0.680893
92,18,0.679445
92,19,0.678374
92,20,0.677851
92,21,0.677947
92,22,0.678582
92,23,0.679537
92,24,0.680512
92,25,0.681228
92,26,0.681517
92,27,0.681386
92,28,0.681006
92,29,0.68065
92,30,0.6806
92,31,0.68105
92,32,0.682047
92,33,0.683477
92,34,0.685102
92,35,0.686613
92,36,0.687726
92,37,0.688253
92,38,0.688156
92,39,0.687546
92,40,0.686666
92,41,0.68583
92,42,0.685354
92,43,0.685497
92,44,0.686417
92,45,0.688141
92,46,0.690559
92,47,0.693442
92,48,0.696492
92,49,0.699405
92,50,0.701937
92,51,0.703953
92,52,0.705436
92,53,0.706442
92,54,0.70704
92,55,0.707255
92,56,0.707053
92,57,0.706364
92,58,0.70514
92,59,0.703407
92,60,0.701292
92,61,0.699018
92,62,0.69685
92,63,0.695039
92,64,0.693776
92,65,0.693163
92,66,0.693204
92,67,0.693821
92,68,0.694879
92,69,0.696195
92,70,0.697572
92,71,0.698802
92,72,0.699709
92,73,0.70016
92,74,0.700099
92,75,0.699541
92,76,0.698575
92,77,0.697331
92,78,0.695939
92,79,0.694511
92,80,0.693117
92,81,0.691792
92,82,0.690556
92,83,0.689429
92,84,0.688446
92,85,0.687667
92,86,0.687164
92,87,0.687021
92,88,0.687301
92,89,0.688038
92,90,0.6892
92,91,0.690681
92,92,0.692304
92,93,0.693834
92,94,0.695026
92,95,0.69568
93,0,0.703235
93,1,0.702008
93,2,0.699797
93,3,0.697026
93,4,0.694173
93,5,0.691652
93,6,0.689716
93,7,0.688419
93,8,0.687643
93,9,0.687163
93,10,0.686735
93,11,0.686153
93,12,0.685287
93,13,0.684091
93,14,0.682588
93,15,0.680851
93,16,0.679012
93,17,0.677247
93,18,0.675775
93,19,0.674823
93,20,0.674555
93,21,0.675016
93,22,0.676083
93,23,0.67748
93,24,0.678842
93,25,0.679838
93,26,0.680265
93,27,0.680125
93,28,0.679614
93,29,0.679052
93,30,0.678777
93,31,0.679034
93,32,0.679909
93,33,0.681308
93,34,0.682994
93,35,0.684644
93,36,0.685954
93,37,0.686709
93,38,0.686846
93,39,0.686459
93,40,0.685783
93,41,0.685135
93,42,0.684846
93,43,0.685194
93,44,0.686352
93,45,0.688352
93,46,0.69107
93,47,0.694251
93,48,0.697556
93,49,0.700641
93,50,0.703236
93,51,0.705201
93,52,0.706536
93,53,0.707341
93,54,0.70773
93,55,0.707771
93,56,0.707457
93,57,0.706724
93,58,0.705516
93,59,0.703841
93,60,0.701812
93,61,0.699639
93,62,0.697581
93,63,0.69589
93,64,0.694756
93,65,0.694275
93,66,0.694451
93,67,0.695202
93,68,0.696388
93,69,0.697821
93,70,0.699292
93,71,0.700574
93,72,0.701475
93,73,0.701848
93,74,0.701631
93,75,0.700849
93,76,0.699614
93,77,0.698084
93,78,0.696419
93,79,0.694756
93,80,0.693177
93,81,0.691726
93,82,0.690423
93,83,0.689293
93,84,0.688371
93,85,0.687725
93,86,0.687426
93,87,0.687548
93,88,0.688142
93,89,0.689215
93,90,0.690709
93,91,0.692495
93,92,0.694376
93,93,0.696106
93,94,0.697434
93,95,0.698157
94,0,0.702907
94,1,0.7017
94,2,0.699523
94,3,0.696783
94,4,0.693942
94,5,0.691403
94,6,0.689413
94,7,0.688025
94,8,0.687119
94,9,0.68647
94,10,0.685831
94,11,0.684999
94,12,0.683851
94,13,0.682358
94,14,0.680562
94,15,0.678566
94,16,0.676527
94,17,0.674645
94,18,0.673154
94,19,0.672288
94,20,0.672204
94,21,0.672928
94,22,0.674305
94,23,0.676014
94,24,0.677649
94,25,0.678838
94,26,0.679354
94,27,0.6792
94,28,0.678588
94,29,0.677876
94,30,0.677442
94,31,0.677569
94,32,0.678366
94,33,0.679754
94,34,0.681492
94,35,0.683247
94,36,0.684699
94,37,0.685616
94,38,0.685919
94,39,0.68569
94,40,0.685164
94,41,0.68466
94,42,0.684518
94,43,0.68503
94,44,0.686379
94,45,0.688597
94,46,0.69155
94,47,0.694961
94,48,0.698459
94,49,0.701671
94,50,0.704306
94,51,0.706218
94,52,0.707425
94,53,0.708054
94,54,0.708259
94,55,0.708145
94,56,0.707725
94,57,0.706947
94,58,0.705749
94,59,0.704128
94,60,0.702181
94,61,0.700108
94,62,0.698161
94,63,0.696585
94,64,0.695568
94,65,0.695204
94,66,0.695494
94,67,0.696356
94,68,0.697647
94,69,0.699175
94,70,0.700722
94,71,0.702047
94,72,0.702943
94,73,0.703252
94,74,0.702908
94,75,0.701944
94,76,0.70049
94,77,0.698728
94,78,0.696843
94,79,0.69499
94,80,0.693264
94,81,0.691713
94,82,0.690362
94,83,0.689233
94,84,0.688366
94,85,0.687827
94,86,0.687687
94,87,0.688012
94,88,0.688837
94,89,0.690153
94,90,0.691882
94,91,0.693879
94,92,0.695935
94,93,0.6978
94,94,0.699218
94,95,0.699986
95,0,0.702645
95,1,0.701454
95,2,0.699301
95,3,0.696587
95,4,0.693766
95,5,0.691232
95,6,0.689229
95,7,0.687807
95,8,0.686845
95,9,0.686116
95,10,0.685374
95,11,0.684415
95,12,0.683121
95,13,0.68147
95,14,0.679518
95,15,0.677384
95,16,0.675238
95,17,0.673293
95,18,0.671791
95,19,0.670969
95,20,0.670981
95,21,0.671842
95,22,0.673379
95,23,0.675251
95,24,0.677026
95,25,0.678313
95,26,0.678873
95,27,0.678708
95,28,0.678042
95,29,0.677251
95,30,0.676735
95,31,0.676796
95,32,0.677557
95,33,0.678942
95,34,0.68071
95,35,0.682523
95,36,0.68405
95,37,0.685051
95,38,0.68544
95,39,0.685296
95,40,0.68485
95,41,0.684423
95,42,0.684362
95,43,0.684966
95,44,0.68642
95,45,0.688758
95,46,0.69184
95,47,0.695375
95,48,0.698977
95,49,0.702256
95,50,0.704909
95,51,0.706789
95,52,0.70792
95,53,0.708447
95,54,0.708546
95,55,0.70834
95,56,0.707858
95,57,0.707052
95,58,0.705859
95,59,0.704269
95,60,0.702373
95,61,0.700361
95,62,0.698482
95,63,0.696976
95,64,0.696029
95,65,0.695733
95,66,0.696088
95,67,0.697014
95,68,0.698364
95,69,0.699946
95,70,0.701535
95,71,0.702884
95,72,0.703777
95,73,0.704048
95,74,0.703633
95,75,0.702566
95,76,0.700989
95,77,0.699097
95,78,0.697089
95,79,0.69513
95,80,0.693323
95,81,0.691717
95,82,0.69034
95,83,0.689214
95,84,0.688378
95,85,0.6879
95,86,0.687847
95,87,0.688282
95,88,0.68923
95,89,0.690673
95,90,0.692523
95,91,0.694627
95,92,0.696772
95,93,0.698703
95,94,0.700166
95,95,0.700956
