fy,fx,density
0,0,0.718365
0,1,0.717625
0,2,0.716256
0,3,0.714467
0,4,0.712533
0,5,0.710742
0,6,0.709337
0,7,0.70847
0,8,0.708157
0,9,0.7083
0,10,0.708725
0,11,0.709256
0,12,0.709757
0,13,0.710179
0,14,0.710537
0,15,0.710887
0,16,0.711284
0,17,0.711756
0,18,0.712308
0,19,0.71292
0,20,0.71356
0,21,0.714173
0,22,0.714688
0,23,0.715019
0,24,0.715081
0,25,0.71482
0,26,0.714246
0,27,0.713446
0,28,0.712565
0,29,0.711749
0,30,0.711113
0,31,0.710704
0,32,0.710491
0,33,0.7104
0,34,0.71035
0,35,0.710295
0,36,0.710245
0,37,0.710262
0,38,0.710439
0,39,0.71085
0,40,0.711505
0,41,0.712328
0,42,0.713135
0,43,0.71368
0,44,0.713716
0,45,0.713081
0,46,0.711747
0,47,0.709852
0,48,0.707657
0,49,0.705479
0,50,0.703596
0,51,0.702171
0,52,0.701225
0,53,0.700633
0,54,0.700182
0,55,0.69965
0,56,0.698884
0,57,0.69787
0,58,0.69675
0,59,0.695783
0,60,0.695266
0,61,0.695451
0,62,0.69646
0,63,0.698244
0,64,0.700582
0,65,0.703139
0,66,0.705514
0,67,0.70733
0,68,0.708304
0,69,0.708301
0,70,0.707361
0,71,0.705697
0,72,0.703641
0,73,0.701566
0,74,0.699778
0,75,0.698463
0,76,0.697644
0,77,0.697212
0,78,0.697003
0,79,0.696884
0,80,0.696811
0,81,0.696851
0,82,0.697141
0,83,0.697821
0,84,0.698952
0,85,0.70047
0,86,0.702211
0,87,0.703954
0,88,0.705494
0,89,0.706706
0,90,0.707563
0,91,0.708114
0,92,0.708452
0,93,0.708659
0,94,0.708784
0,95,0.708844
1,0,0.717503
1,1,0.716812
1,2,0.715532
1,3,0.713858
1,4,0.712046
1,5,0.710362
1,6,0.709032
1,7,0.708196
1,8,0.707867
1,9,0.707953
1,10,0.708296
1,11,0.708736
1,12,0.709157
1,13,0.70952
1,14,0.709847
1,15,0.710196
1,16,0.710616
1,17,0.711135
1,18,0.711751
1,19,0.712438
1,20,0.713158
1,21,0.713852
1,22,0.714447
1,23,0.714853
1,24,0.714986
1,25,0.714792
1,26,0.714282
1,27,0.713536
1,28,0.712692
1,29,0.711888
1,30,0.711229
1,31,0.710764
1,32,0.710467
1,33,0.71028
1,34,0.710145
1,35,0.710032
1,36,0.709969
1,37,0.710016
1,38,0.710258
1,39,0.710752
1,40,0.711486
1,41,0.712364
1,42,0.713191
1,43,0.713719
1,44,0.713709
1,45,0.713013
1,46,0.711618
1,47,0.70968
1,48,0.70747
1,49,0.705315
1,50,0.703492
1,51,0.702162
1,52,0.701333
1,53,0.700864
1,54,0.700519
1,55,0.700052
1,56,0.699291
1,57,0.69821
1,58,0.696948
1,59,0.695772
1,60,0.695001
1,61,0.69491
1,62,0.695649
1,63,0.697192
1,64,0.699338
1,65,0.70176
1,66,0.704061
1,67,0.705868
1,68,0.706894
1,69,0.706999
1,70,0.706214
1,71,0.704734
1,72,0.702874
1,73,0.700982
1,74,0.699344
1,75,0.698138
1,76,0.697386
1,77,0.696989
1,78,0.696801
1,79,0.696705
1,80,0.696666
1,81,0.696756
1,82,0.697104
1,83,0.697842
1,84,0.699023
1,85,0.700578
1,86,0.702346
1,87,0.704108
1,88,0.705668
1,89,0.706904
1,90,0.707788
1,91,0.708369
1,92,0.708733
1,93,0.70896
1,94,0.709098
1,95,0.709165
2,0,0.715828
2,1,0.715223
2,2,0.714103
2,3,0.712635
2,4,0.711042
2,5,0.709553
2,6,0.708362
2,7,0.707585
2,8,0.707232
2,9,0.707223
2,10,0.707425
2,11,0.707711
2,12,0.707996
2,13,0.708263
2,14,0.708546
2,15,0.708905
2,16,0.709385
2,17,0.710003
2,18,0.710748
2,19,0.711583
2,20,0.71246
2,21,0.713309
2,22,0.714051
2,23,0.714591
2,24,0.714848
2,25,0.71477
2,26,0.714365
2,27,0.713709
2,28,0.712921
2,29,0.712126
2,30,0.711417
2,31,0.710837
2,32,0.710379
2,33,0.710013
2,34,0.709716
2,35,0.709498
2,36,0.709406
2,37,0.709506
2,38,0.709863
2,39,0.710501
2,40,0.711368
2,41,0.712336
2,42,0.713189
2,43,0.713679
2,44,0.713583
2,45,0.712779
2,46,0.711285
2,47,0.709284
2,48,0.707067
2,49,0.704974
2,50,0.703283
2,51,0.702144
2,52,0.701544
2,53,0.701309
2,54,0.701165
2,55,0.700825
2,56,0.700079
2,57,0.698879
2,58,0.69736
2,59,0.695806
2,60,0.694568
2,61,0.693971
2,62,0.694214
2,63,0.695316
2,64,0.697108
2,65,0.699285
2,66,0.701459
2,67,0.703257
2,68,0.70439
2,69,0.704706
2,70,0.704217
2,71,0.703091
2,72,0.701598
2,73,0.700048
2,74,0.69869
2,75,0.69768
2,76,0.697043
2,77,0.696701
2,78,0.696539
2,79,0.696472
2,80,0.696486
2,81,0.696656
2,82,0.697103
2,83,0.697941
2,84,0.699207
2,85,0.700825
2,86,0.702634
2,87,0.704427
2,88,0.706017
2,89,0.707289
2,90,0.708216
2,91,0.708841
2,92,0.709245
2,93,0.709503
2,94,0.70966
2,95,0.709737
3,0,0.713436
3,1,0.712937
3,2,0.712014
3,3,0.710804
3,4,0.709487
3,5,0.708248
3,6,0.70724
3,7,0.706551
3,8,0.706184
3,9,0.706074
3,10,0.706118
3,11,0.706232
3,12,0.706367
3,13,0.706537
3,14,0.706791
3,15,0.707192
3,16,0.707778
3,17,0.708553
3,18,0.709492
3,19,0.710542
3,20,0.711638
3,21,0.712697
3,22,0.713629
3,23,0.714339
3,24,0.714745
3,25,0.714799
3,26,0.71451
3,27,0.713944
3,28,0.713205
3,29,0.712397
3,30,0.711596
3,31,0.710847
3,32,0.710162
3,33,0.70955
3,34,0.709037
3,35,0.708677
3,36,0.708544
3,37,0.708705
3,38,0.7092
3,39,0.710007
3,40,0.711025
3,41,0.712083
3,42,0.712946
3,43,0.713372
3,44,0.71316
3,45,0.712229
3,46,0.710633
3,47,0.708589
3,48,0.706412
3,49,0.704447
3,50,0.702974
3,51,0.702123
3,52,0.701854
3,53,0.701949
3,54,0.702085
3,55,0.701924
3,56,0.701212
3,57,0.699871
3,58,0.698031
3,59,0.695994
3,60,0.694156
3,61,0.692904
3,62,0.692502
3,63,0.693029
3,64,0.694363
3,65,0.696226
3,66,0.698244
3,67,0.700048
3,68,0.70134
3,69,0.701957
3,70,0.701883
3,71,0.701241
3,72,0.700249
3,73,0.699158
3,74,0.698167
3,75,0.697408
3,76,0.696905
3,77,0.69661
3,78,0.696454
3,79,0.696395
3,80,0.69645
3,81,0.696701
3,82,0.697257
3,83,0.698209
3,84,0.699571
3,85,0.701256
3,86,0.703107
3,87,0.704925
3,88,0.706539
3,89,0.707841
3,90,0.708806
3,91,0.70947
3,92,0.709909
3,93,0.710191
3,94,0.710363
3,95,0.710445
4,0,0.710476
4,1,0.710085
4,2,0.709361
4,3,0.708413
4,4,0.707384
4,5,0.706412
4,6,0.705611
4,7,0.70504
4,8,0.704692
4,9,0.704514
4,10,0.704435
4,11,0.704411
4,12,0.704433
4,13,0.704545
4,14,0.704814
4,15,0.705304
4,16,0.706047
4,17,0.707033
4,18,0.708218
4,19,0.709529
4,20,0.710881
4,21,0.712176
4,22,0.713311
4,23,0.714189
4,24,0.714732
4,25,0.714899
4,26,0.714701
4,27,0.714195
4,28,0.713468
4,29,0.712603
4,30,0.711665
4,31,0.710699
4,32,0.709742
4,33,0.708844
4,34,0.708085
4,35,0.707564
4,36,0.707379
4,37,0.707596
4,38,0.70822
4,39,0.70918
4,40,0.710322
4,41,0.711436
4,42,0.712273
4,43,0.712602
4,44,0.71226
4,45,0.711209
4,46,0.709548
4,47,0.707523
4,48,0.705468
4,49,0.703729
4,50,0.702574
4,51,0.70211
4,52,0.70226
4,53,0.702762
4,54,0.70324
4,55,0.703305
4,56,0.702657
4,57,0.701189
4,58,0.699021
4,59,0.696477
4,60,0.694
4,61,0.69204
4,62,0.690937
4,63,0.690837
4,64,0.691672
4,65,0.693198
4,66,0.695059
4,67,0.696888
4,68,0.698385
4,69,0.699364
4,70,0.69978
4,71,0.699704
4,72,0.699291
4,73,0.698721
4,74,0.698137
4,75,0.697639
4,76,0.697254
4,77,0.696971
4,78,0.696773
4,79,0.696673
4,80,0.696726
4,81,0.697026
4,82,0.697667
4,83,0.698715
4,84,0.700159
4,85,0.701896
4,86,0.703771
4,87,0.705596
4,88,0.707211
4,89,0.708521
4,90,0.709499
4,91,0.710178
4,92,0.710626
4,93,0.710911
4,94,0.711081
4,95,0.71116
5,0,0.70715
5,1,0.706849
5,2,0.706295
5,3,0.705576
5,4,0.704805
5,5,0.704088
5,6,0.703502
5,7,0.703081
5,8,0.702807
5,9,0.702633
5,10,0.702512
5,11,0.702432
5,12,0.702418
5,13,0.702541
5,14,0.702882
5,15,0.70351
5,16,0.70445
5,17,0.705679
5,18,0.707133
5,19,0.708719
5,20,0.710329
5,21,0.711849
5,22,0.713164
5,23,0.714175
5,24,0.714813
5,25,0.715044
5,26,0.714883
5,27,0.714382
5,28,0.713614
5,29,0.712645
5,30,0.711527
5,31,0.710311
5,32,0.70906
5,33,0.707866
5,34,0.706857
5,35,0.706173
5,36,0.70593
5,37,0.706183
5,38,0.706902
5,39,0.707968
5,40,0.709177
5,41,0.710288
5,42,0.711048
5,43,0.711251
5,44,0.710778
5,45,0.709639
5,46,0.707977
5,47,0.706063
5,48,0.704238
5,49,0.702839
5,50,0.70211
5,51,0.702127
5,52,0.702773
5,53,0.703741
5,54,0.70461
5,55,0.704941
5,56,0.7044
5,57,0.70285
5,58,0.700406
5,59,0.697409
5,60,0.694344
5,61,0.691722
5,62,0.689951
5,63,0.689247
5,64,0.689598
5,65,0.690797
5,66,0.692512
5,67,0.694381
5,68,0.696098
5,69,0.697462
5,70,0.69839
5,71,0.698903
5,72,0.699082
5,73,0.699037
5,74,0.698851
5,75,0.698586
5,76,0.698276
5,77,0.697946
5,78,0.697638
5,79,0.697428
5,80,0.697412
5,81,0.6977
5,82,0.698376
5,83,0.699477
5,84,0.700966
5,85,0.702724
5,86,0.704593
5,87,0.706393
5,88,0.707978
5,89,0.709259
5,90,0.710212
5,91,0.710867
5,92,0.711288
5,93,0.711545
5,94,0.711689
5,95,0.711754
6,0,0.703701
6,1,0.703463
6,2,0.703031
6,3,0.702485
6,4,0.701922
6,5,0.701428
6,6,0.701059
6,7,0.700825
6,8,0.700697
6,9,0.700626
6,10,0.700575
6,11,0.70055
6,12,0.700598
6,13,0.700806
6,14,0.701272
6,15,0.702066
6,16,0.703213
6,17,0.704678
6,18,0.706382
6,19,0.708213
6,20,0.710041
6,21,0.711735
6,22,0.713174
6,23,0.714257
6,24,0.714925
6,25,0.715154
6,26,0.714966
6,27,0.71441
6,28,0.713548
6,29,0.712431
6,30,0.711105
6,31,0.709628
6,32,0.708086
6,33,0.706611
6,34,0.705371
6,35,0.704533
6,36,0.704226
6,37,0.704489
6,38,0.705256
6,39,0.706362
6,40,0.707567
6,41,0.70861
6,42,0.709247
6,43,0.709305
6,44,0.708715
6,45,0.707537
6,46,0.705951
6,47,0.704249
6,48,0.702766
6,49,0.701819
6,50,0.701617
6,51,0.702197
6,52,0.703401
6,53,0.704879
6,54,0.706172
6,55,0.706807
6,56,0.706422
6,57,0.704861
6,58,0.702236
6,59,0.698899
6,60,0.695369
6,61,0.692203
6,62,0.689869
6,63,0.688644
6,64,0.688566
6,65,0.68947
6,66,0.691047
6,67,0.692948
6,68,0.694867
6,69,0.696586
6,70,0.697991
6,71,0.69905
6,72,0.699778
6,73,0.70021
6,74,0.700369
6,75,0.700282
6,76,0.699983
6,77,0.699538
6,78,0.699049
6,79,0.698651
6,80,0.698491
6,81,0.698694
6,82,0.699339
6,83,0.700436
6,84,0.701922
6,85,0.70366
6,86,0.705487
6,87,0.707227
6,88,0.708745
6,89,0.709958
6,90,0.710844
6,91,0.711433
6,92,0.711789
6,93,0.711984
6,94,0.71208
6,95,0.712117
7,0,0.700382
7,1,0.700179
7,2,0.699819
7,3,0.699387
7,4,0.698979
7,5,0.698677
7,6,0.698526
7,7,0.698521
7,8,0.698617
7,9,0.698755
7,10,0.698893
7,11,0.699035
7,12,0.699235
7,13,0.699589
7,14,0.700202
7,15,0.701155
7,16,0.702473
7,17,0.704121
7,18,0.70601
7,19,0.708011
7,20,0.709979
7,21,0.71177
7,22,0.713254
7,23,0.714334
7,24,0.714961
7,25,0.715122
7,26,0.714848
7,27,0.714186
7,28,0.713189
7,29,0.7119
7,30,0.710359
7,31,0.70863
7,32,0.706824
7,33,0.705099
7,34,0.703655
7,35,0.702679
7,36,0.7023
7,37,0.70254
7,38,0.703301
7,39,0.704385
7,40,0.705523
7,41,0.706449
7,42,0.706936
7,43,0.706852
7,44,0.706175
7,45,0.705014
7,46,0.703583
7,47,0.702182
7,48,0.701136
7,49,0.700729
7,50,0.701133
7,51,0.702337
7,52,0.704139
7,53,0.706155
7,54,0.707893
7,55,0.708861
7,56,0.70868
7,57,0.707189
7,58,0.704498
7,59,0.700968
7,60,0.697136
7,61,0.693592
7,62,0.690842
7,63,0.68921
7,64,0.68878
7,65,0.689422
7,66,0.690859
7,67,0.692758
7,68,0.694818
7,69,0.696814
7,70,0.698607
7,71,0.700119
7,72,0.701303
7,73,0.702126
7,74,0.70255
7,75,0.702571
7,76,0.702219
7,77,0.701595
7,78,0.700859
7,79,0.700207
7,80,0.699832
7,81,0.699882
7,82,0.70043
7,83,0.701464
7,84,0.702897
7,85,0.704573
7,86,0.70632
7,87,0.707967
7,88,0.709382
7,89,0.71049
7,90,0.711272
7,91,0.711757
7,92,0.712013
7,93,0.712119
7,94,0.712148
7,95,0.712148
8,0,0.697444
8,1,0.697253
8,2,0.696927
8,3,0.696562
8,4,0.696268
8,5,0.696134
8,6,0.696206
8,7,0.696469
8,8,0.696859
8,9,0.697296
8,10,0.697717
8,11,0.69811
8,12,0.698518
8,13,0.699037
8,14,0.69978
8,15,0.700838
8,16,0.70225
8,17,0.703985
8,18,0.705956
8,19,0.708024
8,20,0.710033
8,21,0.711827
8,22,0.713274
8,23,0.714279
8,24,0.714803
8,25,0.714846
8,26,0.714444
8,27,0.713647
8,28,0.712499
8,29,0.711035
8,30,0.709293
8,31,0.707342
8,32,0.705307
8,33,0.70337
8,34,0.701749
8,35,0.700642
8,36,0.700177
8,37,0.70036
8,38,0.701069
8,39,0.70208
8,40,0.703113
8,41,0.703905
8,42,0.704251
8,43,0.704055
8,44,0.703341
8,45,0.70226
8,46,0.701049
8,47,0.700014
8,48,0.699464
8,49,0.69965
8,50,0.700698
8,51,0.70255
8,52,0.704963
8,53,0.707517
8,54,0.709702
8,55,0.711013
8,56,0.711074
8,57,0.709725
8,58,0.70708
8,59,0.703505
8,60,0.699543
8,61,0.695796
8,62,0.692791
8,63,0.690879
8,64,0.690177
8,65,0.69059
8,66,0.691869
8,67,0.693708
8,68,0.695822
8,69,0.697985
8,70,0.700043
8,71,0.701882
8,72,0.703402
8,73,0.70451
8,74,0.705112
8,75,0.705169
8,76,0.70471
8,77,0.703862
8,78,0.702835
8,79,0.701883
8,80,0.701243
8,81,0.701085
8,82,0.701483
8,83,0.702406
8,84,0.703743
8,85,0.705319
8,86,0.706954
8,87,0.708475
8,88,0.709759
8,89,0.71073
8,90,0.711376
8,91,0.711729
8,92,0.71186
8,93,0.711858
8,94,0.711805
8,95,0.711762
9,0,0.695103
9,1,0.694913
9,2,0.694598
9,3,0.694274
9,4,0.69407
9,5,0.694092
9,6,0.694392
9,7,0.694945
9,8,0.695671
9,9,0.696457
9,10,0.697208
9,11,0.697883
9,12,0.698502
9,13,0.699157
9,14,0.699967
9,15,0.701042
9,16,0.70244
9,17,0.704148
9,18,0.706086
9,19,0.708115
9,20,0.710068
9,21,0.711783
9,22,0.713123
9,23,0.713998
9,24,0.714376
9,25,0.714269
9,26,0.71372
9,27,0.712779
9,28,0.711485
9,29,0.709865
9,30,0.707952
9,31,0.705816
9,32,0.703593
9,33,0.701476
9,34,0.699696
9,35,0.698457
9,36,0.697884
9,37,0.697973
9,38,0.698591
9,39,0.699503
9,40,0.700426
9,41,0.701104
9,42,0.701353
9,43,0.70111
9,44,0.70043
9,45,0.699494
9,46,0.698557
9,47,0.697927
9,48,0.697893
9,49,0.698674
9,50,0.700354
9,51,0.702831
9,52,0.70582
9,53,0.708877
9,54,0.711475
9,55,0.713113
9,56,0.713425
9,57,0.712264
9,58,0.709752
9,59,0.706256
9,60,0.702317
9,61,0.698528
9,62,0.695418
9,63,0.693346
9,64,0.69245
9,65,0.692661
9,66,0.693765
9,67,0.695483
9,68,0.697555
9,69,0.699768
9,70,0.70196
9,71,0.703995
9,72,0.705728
9,73,0.707017
9,74,0.707717
9,75,0.707755
9,76,0.707154
9,77,0.706063
9,78,0.704732
9,79,0.703463
9,80,0.702536
9,81,0.702143
9,82,0.702357
9,83,0.703133
9,84,0.70434
9,85,0.705785
9,86,0.707279
9,87,0.708649
9,88,0.709774
9,89,0.710584
9,90,0.71107
9,91,0.711268
9,92,0.711256
9,93,0.711131
9,94,0.710987
9,95,0.710895
10,0,0.693515
10,1,0.693323
10,2,0.693014
10,3,0.692722
10,4,0.692599
10,5,0.692768
10,6,0.693286
10,7,0.694126
10,8,0.695182
10,9,0.69631
10,10,0.697374
10,11,0.698296
10,12,0.699073
10,13,0.699789
10,14,0.700574
10,15,0.70156
10,16,0.702836
10,17,0.704413
10,18,0.706224
10,19,0.708132
10,20,0.709963
10,21,0.711546
10,22,0.712739
10,23,0.713454
10,24,0.713668
10,25,0.713401
10,26,0.712706
10,27,0.711632
10,28,0.710213
10,29,0.708469
10,30,0.706426
10,31,0.704149
10,32,0.701775
10,33,0.699502
10,34,0.697568
10,35,0.696181
10,36,0.695468
10,37,0.695426
10,38,0.695922
10,39,0.696726
10,40,0.697558
10,41,0.698174
10,42,0.698406
10,43,0.698205
10,44,0.697648
10,45,0.696929
10,46,0.696314
10,47,0.696103
10,48,0.69657
10,49,0.697905
10,50,0.700152
10,51,0.703172
10,52,0.706651
10,53,0.710122
10,54,0.713057
10,55,0.714965
10,56,0.7155
10,57,0.714534
10,58,0.712202
10,59,0.70887
10,60,0.705063
10,61,0.701358
10,62,0.698264
10,63,0.696136
10,64,0.695116
10,65,0.69516
10,66,0.696081
10,67,0.697637
10,68,0.699594
10,69,0.701761
10,70,0.703981
10,71,0.706102
10,72,0.707948
10,73,0.709333
10,74,0.710071
10,75,0.710058
10,76,0.709306
10,77,0.707979
10,78,0.70636
10,79,0.704791
10,80,0.703585
10,81,0.702955
10,82,0.702976
10,83,0.703589
10,84,0.704644
10,85,0.705936
10,86,0.707265
10,87,0.70846
10,88,0.709404
10,89,0.710032
10,90,0.710338
10,91,0.710364
10,92,0.710195
10,93,0.709936
10,94,0.709693
10,95,0.709549
11,0,0.692756
11,1,0.692565
11,2,0.692267
11,3,0.69201
11,4,0.691961
11,5,0.692259
11,6,0.692966
11,7,0.694047
11,8,0.695376
11,9,0.696774
11,10,0.698067
11,11,0.699143
11,12,0.699977
11,13,0.700649
11,14,0.701307
11,15,0.702113
11,16,0.703187
11,17,0.704569
11,18,0.706205
11,19,0.707957
11,20,0.709644
11,21,0.711083
11,22,0.712124
11,23,0.712679
11,24,0.712732
11,25,0.712315
11,26,0.711488
11,27,0.710305
11,28,0.708795
11,29,0.706971
11,30,0.704844
11,31,0.702472
11,32,0.699984
11,33,0.697576
11,34,0.695485
11,35,0.693928
11,36,0.693038
11,37,0.692827
11,38,0.693175
11,39,0.693868
11,40,0.69464
11,41,0.695257
11,42,0.695559
11,43,0.695501
11,44,0.695164
11,45,0.69474
11,46,0.694489
11,47,0.694701
11,48,0.695629
11,49,0.697435
11,50,0.700136
11,51,0.703565
11,52,0.707387
11,53,0.711131
11,54,0.714275
11,55,0.71635
11,56,0.717037
11,57,0.716233
11,58,0.714083
11,59,0.71095
11,60,0.707339
11,61,0.703797
11,62,0.700807
11,63,0.698703
11,64,0.697627
11,65,0.697548
11,66,0.698307
11,67,0.699693
11,68,0.701508
11,69,0.703581
11,70,0.705766
11,71,0.707905
11,72,0.7098
11,73,0.71123
11,74,0.711976
11,75,0.711905
11,76,0.711019
11,77,0.709491
11,78,0.707628
11,79,0.705804
11,80,0.704358
11,81,0.703519
11,82,0.703359
11,83,0.70381
11,84,0.704706
11,85,0.70583
11,86,0.706978
11,87,0.707981
11,88,0.708726
11,89,0.709154
11,90,0.709264
11,91,0.709103
11,92,0.708762
11,93,0.708357
11,94,0.708007
11,95,0.707805
12,0,0.692797
12,1,0.692612
12,2,0.692332
12,3,0.692112
12,4,0.692125
12,5,0.692517
12,6,0.693353
12,7,0.694589
12,8,0.69608
12,9,0.697623
12,10,0.69901
12,11,0.700106
12,12,0.700872
12,13,0.701397
12,14,0.701847
12,15,0.702419
12,16,0.703263
12,17,0.704443
12,18,0.705912
12,19,0.707529
12,20,0.709098
12,21,0.71042
12,22,0.711337
12,23,0.711758
12,24,0.711674
12,25,0.711131
12,26,0.710199
12,27,0.708941
12,28,0.707383
12,29,0.705528
12,30,0.703373
12,31,0.700958
12,32,0.698396
12,33,0.695874
12,34,0.693629
12,35,0.691881
12,36,0.690781
12,37,0.690362
12,38,0.690533
12,39,0.691106
12,40,0.691838
12,41,0.692507
12,42,0.692953
12,43,0.693129
12,44,0.693101
12,45,0.693044
12,46,0.693197
12,47,0.693827
12,48,0.695161
12,49,0.697334
12,50,0.700338
12,51,0.703996
12,52,0.707968
12,53,0.711796
12,54,0.71498
12,55,0.717083
12,56,0.717816
12,57,0.717102
12,58,0.715097
12,59,0.712152
12,60,0.708751
12,61,0.705407
12,62,0.702569
12,63,0.700548
12,64,0.699478
12,65,0.699335
12,66,0.699983
12,67,0.70124
12,68,0.702934
12,69,0.704921
12,70,0.707065
12,71,0.709205
12,72,0.71113
12,73,0.712592
12,74,0.713345
12,75,0.713237
12,76,0.712257
12,77,0.710586
12,78,0.708547
12,79,0.706536
12,80,0.704912
12,81,0.703912
12,82,0.703606
12,83,0.703915
12,84,0.704658
12,85,0.705614
12,86,0.706573
12,87,0.707372
12,88,0.707907
12,89,0.708123
12,90,0.708025
12,91,0.707664
12,92,0.707139
12,93,0.706576
12,94,0.706109
12,95,0.705844
13,0,0.6935
13,1,0.693328
13,2,0.693072
13,3,0.692883
13,4,0.692934
13,5,0.693369
13,6,0.694248
13,7,0.69552
13,8,0.69703
13,9,0.698558
13,10,0.699882
13,11,0.700853
13,12,0.701437
13,13,0.701735
13,14,0.701939
13,15,0.702275
13,16,0.702919
13,17,0.703946
13,18,0.70531
13,19,0.706855
13,20,0.708367
13,21,0.709627
13,22,0.710466
13,23,0.710795
13,24,0.710613
13,25,0.70998
13,26,0.708984
13,27,0.707696
13,28,0.706143
13,29,0.704317
13,30,0.702197
13,31,0.699799
13,32,0.697215
13,33,0.694614
13,34,0.692228
13,35,0.690281
13,36,0.688945
13,37,0.688285
13,38,0.688245
13,39,0.688674
13,40,0.689358
13,41,0.690093
13,42,0.690721
13,43,0.691184
13,44,0.691525
13,45,0.691888
13,46,0.692475
13,47,0.693512
13,48,0.695189
13,49,0.69761
13,50,0.700751
13,51,0.704435
13,52,0.708339
13,53,0.712036
13,54,0.715069
13,55,0.717041
13,56,0.717698
13,57,0.716983
13,58,0.715057
13,59,0.712257
13,60,0.709042
13,61,0.705891
13,62,0.703221
13,63,0.701319
13,64,0.700311
13,65,0.700174
13,66,0.700789
13,67,0.701994
13,68,0.70364
13,69,0.705597
13,70,0.707741
13,71,0.709911
13,72,0.711885
13,73,0.713398
13,74,0.714187
13,75,0.714081
13,76,0.713066
13,77,0.711324
13,78,0.709191
13,79,0.707077
13,80,0.705353
13,81,0.704257
13,82,0.703855
13,83,0.704057
13,84,0.70467
13,85,0.705468
13,86,0.706243
13,87,0.70684
13,88,0.707161
13,89,0.707161
13,90,0.706849
13,91,0.706278
13,92,0.705558
13,93,0.704826
13,94,0.704231
13,95,0.703899
14,0,0.694628
14,1,0.694473
14,2,0.694244
14,3,0.694078
14,4,0.694135
14,5,0.694549
14,6,0.695373
14,7,0.696553
14,8,0.697932
14,9,0.699287
14,10,0.700399
14,11,0.701126
14,12,0.701448
14,13,0.701486
14,14,0.701459
14,15,0.701611
14,16,0.702132
14,17,0.703097
14,18,0.704446
14,19,0.706
14,20,0.707524
14,21,0.708781
14,22,0.709595
14,23,0.709878
14,24,0.709643
14,25,0.708969
14,26,0.707962
14,27,0.706702
14,28,0.705218
14,29,0.703491
14,30,0.701477
14,31,0.699166
14,32,0.696621
14,33,0.693991
14,34,0.691495
14,35,0.689364
14,36,0.687787
14,37,0.686863
14,38,0.686577
14,39,0.68682
14,40,0.687417
14,41,0.688186
14,42,0.68898
14,43,0.68973
14,44,0.690453
14,45,0.691252
14,46,0.692277
14,47,0.693695
14,48,0.695646
14,49,0.698197
14,50,0.701309
14,51,0.704819
14,52,0.708442
14,53,0.711803
14,54,0.714503
14,55,0.716194
14,56,0.716657
14,57,0.715851
14,58,0.71393
14,59,0.711217
14,60,0.70814
14,61,0.70515
14,62,0.702638
14,63,0.700874
14,64,0.699973
14,65,0.699915
14,66,0.700586
14,67,0.701839
14,68,0.703532
14,69,0.705548
14,70,0.707764
14,71,0.71002
14,72,0.712087
14,73,0.713692
14,74,0.71456
14,75,0.714512
14,76,0.713532
14,77,0.711801
14,78,0.709665
14,79,0.70754
14,80,0.705799
14,81,0.70468
14,82,0.704242
14,83,0.704381
14,84,0.704898
14,85,0.705563
14,86,0.706172
14,87,0.706578
14,88,0.706694
14,89,0.706481
14,90,0.705953
14,91,0.705169
14,92,0.704247
14,93,0.703338
14,94,0.702609
14,95,0.702205
15,0,0.695873
15,1,0.695739
15,2,0.695539
15,3,0.695389
15,4,0.695425
15,5,0.695762
15,6,0.696445
15,7,0.69742
15,8,0.69854
15,9,0.699597
15,10,0.700391
15,11,0.700802
15,12,0.700835
15,13,0.700634
15,14,0.700437
15,15,0.700498
15,16,0.701001
15,17,0.702005
15,18,0.703427
15,19,0.70506
15,20,0.70665
15,21,0.707945
15,22,0.70877
15,23,0.709049
15,24,0.708811
15,25,0.708154
15,26,0.7072
15,27,0.706039
15,28,0.704698
15,29,0.703143
15,30,0.701309
15,31,0.699156
15,32,0.696718
15,33,0.69412
15,34,0.691566
15,35,0.689287
15,36,0.687488
15,37,0.686297
15,38,0.685738
15,39,0.685748
15,40,0.686192
15,41,0.686923
15,42,0.687813
15,43,0.688792
15,44,0.689854
15,45,0.691056
15,46,0.692484
15,47,0.694236
15,48,0.696384
15,49,0.698953
15,50,0.701891
15,51,0.70506
15,52,0.708226
15,53,0.711088
15,54,0.713315
15,55,0.714613
15,56,0.714796
15,57,0.713829
15,58,0.711854
15,59,0.709168
15,60,0.706175
15,61,0.703302
15,62,0.700923
15,63,0.699297
15,64,0.698537
15,65,0.698618
15,66,0.69943
15,67,0.700824
15,68,0.702662
15,69,0.704823
15,70,0.707186
15,71,0.709588
15,72,0.711798
15,73,0.713541
15,74,0.714539
15,75,0.714612
15,76,0.71374
15,77,0.712108
15,78,0.71006
15,79,0.708013
15,80,0.706339
15,81,0.705271
15,82,0.704855
15,83,0.704982
15,84,0.705444
15,85,0.706009
15,86,0.706479
15,87,0.706716
15,88,0.706641
15,89,0.706223
15,90,0.705482
15,91,0.704485
15,92,0.703358
15,93,0.702267
15,94,0.7014
15,95,0.700921
16,0,0.696909
16,1,0.696804
16,2,0.696644
16,3,0.696515
16,4,0.696521
16,5,0.696751
16,6,0.697239
16,7,0.697939
16,8,0.69872
16,9,0.699406
16,10,0.699832
16,11,0.699913
16,12,0.699682
16,13,0.699308
16,14,0.699036
16,15,0.699111
16,16,0.699699
16,17,0.700827
16,18,0.70238
16,19,0.704127
16,20,0.705796
16,21,0.707137
16,22,0.707987
16,23,0.708288
16,24,0.70809
16,25,0.70751
16,26,0.70668
16,27,0.705694
16,28,0.704569
16,29,0.703258
16,30,0.70167
16,31,0.699739
16,32,0.697472
16,33,0.69497
16,34,0.692424
16,35,0.690057
16,36,0.688083
16,37,0.686653
16,38,0.68582
16,39,0.685561
16,40,0.685784
16,41,0.686384
16,42,0.687264
16,43,0.688366
16,44,0.68967
16,45,0.691189
16,46,0.692944
16,47,0.694952
16,48,0.697213
16,49,0.699701
16,50,0.702353
16,51,0.705062
16,52,0.707659
16,53,0.709923
16,54,0.7116
16,55,0.712451
16,56,0.712314
16,57,0.711152
16,58,0.709086
16,59,0.706386
16,60,0.703431
16,61,0.700634
16,62,0.698359
16,63,0.696865
16,64,0.696262
16,65,0.696524
16,66,0.697537
16,67,0.699144
16,68,0.701196
16,69,0.703567
16,70,0.706129
16,71,0.708719
16,72,0.711109
16,73,0.713028
16,74,0.714203
16,75,0.714455
16,76,0.713766
16,77,0.712316
16,78,0.710445
16,79,0.708561
16,80,0.707029
16,81,0.706073
16,82,0.705732
16,83,0.70589
16,84,0.706335
16,85,0.706835
16,86,0.707196
16,87,0.707286
16,88,0.707035
16,89,0.70642
16,90,0.705469
16,91,0.704256
16,92,0.702919
16,93,0.701642
16,94,0.700635
16,95,0.700079
17,0,0.697442
17,1,0.69738
17,2,0.697284
17,3,0.697205
17,4,0.697204
17,5,0.697341
17,6,0.697634
17,7,0.698043
17,8,0.698468
17,9,0.698773
17,10,0.698838
17,11,0.698622
17,12,0.698192
17,13,0.697733
17,14,0.697484
17,15,0.69767
17,16,0.69842
17,17,0.69972
17,18,0.701419
17,19,0.703264
17,20,0.704983
17,21,0.70634
17,22,0.707196
17,23,0.707525
17,24,0.707399
17,25,0.706947
17,26,0.706307
17,27,0.705564
17,28,0.704719
17,29,0.703704
17,30,0.702408
17,31,0.700743
17,32,0.698695
17,33,0.696349
17,34,0.69388
17,35,0.691506
17,36,0.689438
17,37,0.687833
17,38,0.686763
17,39,0.686233
17,40,0.68619
17,41,0.686575
17,42,0.687331
17,43,0.688425
17,44,0.689837
17,45,0.691547
17,46,0.693513
17,47,0.695674
17,48,0.697954
17,49,0.700279
17,50,0.702574
17,51,0.704766
17,52,0.706753
17,53,0.708397
17,54,0.709518
17,55,0.709929
17,56,0.709483
17,57,0.708134
17,58,0.705974
17,59,0.703245
17,60,0.700304
17,61,0.697555
17,62,0.695363
17,63,0.69399
17,64,0.693549
17,65,0.69401
17,66,0.69525
17,67,0.697097
17,68,0.699388
17,69,0.701986
17,70,0.704758
17,71,0.707544
17,72,0.710124
17,73,0.712238
17,74,0.713623
17,75,0.714107
17,76,0.713669
17,77,0.71248
17,78,0.710865
17,79,0.709219
17,80,0.707891
17,81,0.707095
17,82,0.706866
17,83,0.707085
17,84,0.707539
17,85,0.707998
17,86,0.70827
17,87,0.708229
17,88,0.707809
17,89,0.706998
17,90,0.705829
17,91,0.704388
17,92,0.702832
17,93,0.701363
17,94,0.700209
17,95,0.699575
18,0,0.697255
18,1,0.697259
18,2,0.697273
18,3,0.697302
18,4,0.697362
18,5,0.697471
18,6,0.697628
18,7,0.697799
18,8,0.697911
18,9,0.697878
18,10,0.697631
18,11,0.69718
18,12,0.696626
18,13,0.696162
18,14,0.696015
18,15,0.696376
18,16,0.697321
18,17,0.698794
18,18,0.700606
18,19,0.702493
18,20,0.704193
18,21,0.705502
18,22,0.706321
18,23,0.70666
18,24,0.706615
18,25,0.706326
18,26,0.705922
18,27,0.705466
18,28,0.704937
18,29,0.704244
18,30,0.703256
18,31,0.701872
18,32,0.700071
18,33,0.697927
18,34,0.695611
18,35,0.693327
18,36,0.691276
18,37,0.689605
18,38,0.688385
18,39,0.687634
18,40,0.687328
18,41,0.687449
18,42,0.687986
18,43,0.688945
18,44,0.690319
18,45,0.692069
18,46,0.694106
18,47,0.696299
18,48,0.698506
18,49,0.700604
18,50,0.702511
18,51,0.704184
18,52,0.705586
18,53,0.706654
18,54,0.707276
18,55,0.707306
18,56,0.706606
18,57,0.705112
18,58,0.702888
18,59,0.700143
18,60,0.697218
18,61,0.694513
18,62,0.692396
18,63,0.691137
18,64,0.690851
18,65,0.691502
18,66,0.692954
18,67,0.695021
18,68,0.697523
18,69,0.700313
18,70,0.703258
18,71,0.706205
18,72,0.708952
18,73,0.711256
18,74,0.712871
18,75,0.713628
18,76,0.713502
18,77,0.712645
18,78,0.711357
18,79,0.71001
18,80,0.708932
18,81,0.708328
18,82,0.708229
18,83,0.708519
18,84,0.708989
18,85,0.709413
18,86,0.709601
18,87,0.709427
18,88,0.708831
18,89,0.707806
18,90,0.706398
18,91,0.704709
18,92,0.702913
18,93,0.701235
18,94,0.699927
18,95,0.69921
19,0,0.696243
19,1,0.696348
19,2,0.696535
19,3,0.696764
19,4,0.696994
19,5,0.697194
19,6,0.697333
19,7,0.697373
19,8,0.697268
19,9,0.696977
19,10,0.69649
19,11,0.695869
19,12,0.695249
19,13,0.694832
19,14,0.694824
19,15,0.695371
19,16,0.696499
19,17,0.698098
19,18,0.699953
19,19,0.701795
19,20,0.703386
19,21,0.704566
19,22,0.705285
19,23,0.705597
19,24,0.705623
19,25,0.705502
19,26,0.705347
19,27,0.70519
19,28,0.704978
19,29,0.704595
19,30,0.703897
19,31,0.702782
19,32,0.701232
19,33,0.69933
19,34,0.697242
19,35,0.69516
19,36,0.693265
19,37,0.691676
19,38,0.690444
19,39,0.689577
19,40,0.689067
19,41,0.688927
19,42,0.689194
19,43,0.689918
19,44,0.69112
19,45,0.692763
19,46,0.694726
19,47,0.69683
19,48,0.698878
19,49,0.700709
19,50,0.702231
19,51,0.70343
19,52,0.70432
19,53,0.704903
19,54,0.705122
19,55,0.704861
19,56,0.703987
19,57,0.702415
19,58,0.700177
19,59,0.697455
19,60,0.694575
19,61,0.691931
19,62,0.689897
19,63,0.688748
19,64,0.688599
19,65,0.689405
19,66,0.691018
19,67,0.693236
19,68,0.695868
19,69,0.698765
19,70,0.701799
19,71,0.704837
19,72,0.7077
19,73,0.71017
19,74,0.712018
19,75,0.71308
19,76,0.713317
19,77,0.712854
19,78,0.711956
19,79,0.710958
19,80,0.710165
19,81,0.709767
19,82,0.709797
19,83,0.710149
19,84,0.710621
19,85,0.710994
19,86,0.711079
19,87,0.710752
19,88,0.709954
19,89,0.708685
19,90,0.707004
19,91,0.705034
19,92,0.70297
19,93,0.701064
19,94,0.699587
19,95,0.698781
20,0,0.694425
20,1,0.694671
20,2,0.695112
20,3,0.695657
20,4,0.696201
20,5,0.696652
20,6,0.696934
20,7,0.696993
20,8,0.696797
20,9,0.696348
20,10,0.695693
20,11,0.694948
20,12,0.694288
20,13,0.693922
20,14,0.694036
20,15,0.694732
20,16,0.695982
20,17,0.69763
20,18,0.699436
20,19,0.701135
20,20,0.702523
20,21,0.703492
20,22,0.704046
20,23,0.704284
20,24,0.704348
20,25,0.704371
20,26,0.704441
20,27,0.704553
20,28,0.704618
20,29,0.704497
20,30,0.704042
20,31,0.703161
20,32,0.701856
20,33,0.700226
20,34,0.698443
20,35,0.696687
20,36,0.695104
20,37,0.693774
20,38,0.692703
20,39,0.691872
20,40,0.691267
20,41,0.690923
20,42,0.690917
20,43,0.691349
20,44,0.69228
20,45,0.693689
20,46,0.695453
20,47,0.697362
20,48,0.699183
20,49,0.700728
20,50,0.701898
20,51,0.702695
20,52,0.703174
20,53,0.703384
20,54,0.703311
20,55,0.702862
20,56,0.701902
20,57,0.700327
20,58,0.69814
20,59,0.695498
20,60,0.692709
20,61,0.690162
20,62,0.688231
20,63,0.687188
20,64,0.687145
20,65,0.688047
20,66,0.689734
20,67,0.691993
20,68,0.694634
20,69,0.697513
20,70,0.700522
20,71,0.703555
20,72,0.706464
20,73,0.709063
20,74,0.711138
20,75,0.712527
20,76,0.713169
20,77,0.713153
20,78,0.712696
20,79,0.712088
20,80,0.711601
20,81,0.711412
20,82,0.711558
20,83,0.711943
20,84,0.712382
20,85,0.712667
20,86,0.712612
20,87,0.712093
20,88,0.711053
20,89,0.709501
20,90,0.70751
20,91,0.705223
20,92,0.702866
20,93,0.700712
20,94,0.699057
20,95,0.698158
21,0,0.69194
21,1,0.692371
21,2,0.693151
21,3,0.694137
21,4,0.695153
21,5,0.696032
21,6,0.696639
21,7,0.696884
21,8,0.696736
21,9,0.69623
21,10,0.695467
21,11,0.694619
21,12,0.693905
21,13,0.693547
21,14,0.693717
21,15,0.694479
21,16,0.695756
21,17,0.697355
21,18,0.699015
21,19,0.700482
21,20,0.701589
21,21,0.702279
21,22,0.702613
21,23,0.702727
21,24,0.70278
21,25,0.702897
21,26,0.703134
21,27,0.703446
21,28,0.703712
21,29,0.703776
21,30,0.703494
21,31,0.702799
21,32,0.701724
21,33,0.700397
21,34,0.698998
21,35,0.697691
21,36,0.696582
21,37,0.695693
21,38,0.694972
21,39,0.694351
21,40,0.693794
21,41,0.693344
21,42,0.69311
21,43,0.693241
21,44,0.693846
21,45,0.694938
21,46,0.69641
21,47,0.698047
21,48,0.699601
21,49,0.700865
21,50,0.701732
21,51,0.702214
21,52,0.702389
21,53,0.702341
21,54,0.702083
21,55,0.701539
21,56,0.700575
21,57,0.699069
21,58,0.697001
21,59,0.694503
21,60,0.691863
21,61,0.689456
21,62,0.687648
21,63,0.686701
21,64,0.686718
21,65,0.687633
21,66,0.689278
21,67,0.691443
21,68,0.693946
21,69,0.696664
21,70,0.699521
21,71,0.702446
21,72,0.705331
21,73,0.708018
21,74,0.71031
21,75,0.71204
21,76,0.71312
21,77,0.713591
21,78,0.713613
21,79,0.713424
21,80,0.713256
21,81,0.713271
21,82,0.713507
21,83,0.713888
21,84,0.714247
21,85,0.714393
21,86,0.714147
21,87,0.71339
21,88,0.712065
21,89,0.710191
21,90,0.707859
21,91,0.705237
21,92,0.702573
21,93,0.700167
21,94,0.698334
21,95,0.697342
22,0,0.689022
22,1,0.689675
22,2,0.690872
22,3,0.692412
22,4,0.694043
22,5,0.695516
22,6,0.696619
22,7,0.69721
22,8,0.697242
22,9,0.696771
22,10,0.695944
22,11,0.694991
22,12,0.694179
22,13,0.693753
22,14,0.693882
22,15,0.6946
22,16,0.695795
22,17,0.697241
22,18,0.698667
22,19,0.699832
22,20,0.700604
22,21,0.700975
22,22,0.70105
22,23,0.700998
22,24,0.700988
22,25,0.701129
22,26,0.701447
22,27,0.701862
22,28,0.702225
22,29,0.702375
22,30,0.702186
22,31,0.701624
22,32,0.700768
22,33,0.699775
22,34,0.698834
22,35,0.698091
22,36,0.697601
22,37,0.697317
22,38,0.697116
22,39,0.696872
22,40,0.696511
22,41,0.696073
22,42,0.695691
22,43,0.695555
22,44,0.695826
22,45,0.696567
22,46,0.697699
22,47,0.699027
22,48,0.700301
22,49,0.701308
22,50,0.701935
22,51,0.702191
22,52,0.702166
22,53,0.701962
22,54,0.70161
22,55,0.701052
22,56,0.700151
22,57,0.698779
22,58,0.696894
22,59,0.694603
22,60,0.692169
22,61,0.689941
22,62,0.688267
22,63,0.687391
22,64,0.687402
22,65,0.688225
22,66,0.689697
22,67,0.691618
22,68,0.693832
22,69,0.69625
22,70,0.698839
22,71,0.701568
22,72,0.704369
22,73,0.707111
22,74,0.709611
22,75,0.711688
22,76,0.71322
22,77,0.714197
22,78,0.714716
22,79,0.714956
22,80,0.715108
22,81,0.715313
22,82,0.715612
22,83,0.715949
22,84,0.716181
22,85,0.716136
22,86,0.715649
22,87,0.714609
22,88,0.712966
22,89,0.710751
22,90,0.708073
22,91,0.705122
22,92,0.702169
22,93,0.699534
22,94,0.697542
22,95,0.696469
23,0,0.685961
23,1,0.686861
23,2,0.688522
23,3,0.690691
23,4,0.693039
23,5,0.695227
23,6,0.696957
23,7,0.698023
23,8,0.698344
23,9,0.697983
23,10,0.697129
23,11,0.696063
23,12,0.695105
23,13,0.694531
23,14,0.694515
23,15,0.695078
23,16,0.696083
23,17,0.697285
23,18,0.698408
23,19,0.699226
23,20,0.699637
23,21,0.699672
23,22,0.699471
23,23,0.699223
23,24,0.699096
23,25,0.699184
23,26,0.699483
23,27,0.699884
23,28,0.700226
23,29,0.700354
23,30,0.700175
23,31,0.699699
23,32,0.699052
23,33,0.698423
23,34,0.698004
23,35,0.697913
23,36,0.698149
23,37,0.698591
23,38,0.699039
23,39,0.6993
23,40,0.699262
23,41,0.698949
23,42,0.698511
23,43,0.698175
23,44,0.698151
23,45,0.698551
23,46,0.699344
23,47,0.700362
23,48,0.701374
23,49,0.702165
23,50,0.702617
23,51,0.702733
23,52,0.7026
23,53,0.702327
23,54,0.70196
23,55,0.70145
23,56,0.700671
23,57,0.699488
23,58,0.697843
23,59,0.695815
23,60,0.693634
23,61,0.691613
23,62,0.690068
23,63,0.689218
23,64,0.689137
23,65,0.689752
23,66,0.69091
23,67,0.692443
23,68,0.694233
23,69,0.696238
23,70,0.69847
23,71,0.700944
23,72,0.703626
23,73,0.706406
23,74,0.709102
23,75,0.711519
23,76,0.713496
23,77,0.714968
23,78,0.715971
23,79,0.716625
23,80,0.717078
23,81,0.717449
23,82,0.717784
23,83,0.718042
23,84,0.718107
23,85,0.717832
23,86,0.71707
23,87,0.715722
23,88,0.713753
23,89,0.711209
23,90,0.708216
23,91,0.704984
23,92,0.701799
23,93,0.69899
23,94,0.696884
23,95,0.695755
24,0,0.683067
24,1,0.684215
24,2,0.686348
24,3,0.689163
24,4,0.69226
24,5,0.695212
24,6,0.697634
24,7,0.699247
24,8,0.699928
24,9,0.699736
24,10,0.698887
24,11,0.697712
24,12,0.696578
24,13,0.695798
24,14,0.695562
24,15,0.695885
24,16,0.696621
24,17,0.697515
24,18,0.698292
24,19,0.698745
24,20,0.698794
24,21,0.6985
24,22,0.698023
24,23,0.69756
24,24,0.697272
24,25,0.69723
24,26,0.697405
24,27,0.697671
24,28,0.697871
24,29,0.697872
24,30,0.697626
24,31,0.697196
24,32,0.696752
24,33,0.696509
24,34,0.696653
24,35,0.697264
24,36,0.69828
24,37,0.699502
24,38,0.700658
24,39,0.701495
24,40,0.701858
24,41,0.701758
24,42,0.701353
24,43,0.700897
24,44,0.700644
24,45,0.700754
24,46,0.701244
24,47,0.701986
24,48,0.702772
24,49,0.703399
24,50,0.703743
24,51,0.703796
24,52,0.703637
24,53,0.703372
24,54,0.703055
24,55,0.70265
24,56,0.702041
24,57,0.701095
24,58,0.699738
24,59,0.69802
24,60,0.696127
24,61,0.694325
24,62,0.692888
24,63,0.692004
24,64,0.691737
24,65,0.692022
24,66,0.692738
24,67,0.69376
24,68,0.695023
24,69,0.696542
24,70,0.698374
24,71,0.700573
24,72,0.703127
24,73,0.705938
24,74,0.708817
24,75,0.711546
24,76,0.713926
24,77,0.715841
24,78,0.717273
24,79,0.718289
24,80,0.718998
24,81,0.7195
24,82,0.719843
24,83,0.720002
24,84,0.719884
24,85,0.719366
24,86,0.718324
24,87,0.716678
24,88,0.71441
24,89,0.711586
24,90,0.70835
24,91,0.704925
24,92,0.701602
24,93,0.698708
24,94,0.696558
24,95,0.695411
25,0,0.680614
25,1,0.681987
25,2,0.684547
25,3,0.687954
25,4,0.691746
25,5,0.695422
25,6,0.698517
25,7,0.700681
25,8,0.701747
25,9,0.701759
25,10,0.700953
25,11,0.699696
25,12,0.698398
25,13,0.697404
25,14,0.696921
25,15,0.696971
25,16,0.697403
25,17,0.697964
25,18,0.698387
25,19,0.698482
25,20,0.698189
25,21,0.69759
25,22,0.696852
25,23,0.696169
25,24,0.695683
25,25,0.695442
25,26,0.695397
25,27,0.69542
25,28,0.695368
25,29,0.695151
25,30,0.694776
25,31,0.694361
25,32,0.694117
25,33,0.69427
25,34,0.694987
25,35,0.6963
25,36,0.69808
25,37,0.700061
25,38,0.701906
25,39,0.703312
25,40,0.704095
25,41,0.704252
25,42,0.703945
25,43,0.703448
25,44,0.703045
25,45,0.702938
25,46,0.703185
25,47,0.703703
25,48,0.704315
25,49,0.704831
25,50,0.705129
25,51,0.705189
25,52,0.705076
25,53,0.704888
25,54,0.704681
25,55,0.704431
25,56,0.704036
25,57,0.703367
25,58,0.702337
25,59,0.700964
25,60,0.699381
25,61,0.697798
25,62,0.696439
25,63,0.695458
25,64,0.694914
25,65,0.694764
25,66,0.694934
25,67,0.695359
25,68,0.696039
25,69,0.697044
25,70,0.698478
25,71,0.700417
25,72,0.702861
25,73,0.705704
25,74,0.708742
25,75,0.711728
25,76,0.71443
25,77,0.716691
25,78,0.718448
25,79,0.719732
25,80,0.720624
25,81,0.721208
25,82,0.721535
25,83,0.72159
25,84,0.721301
25,85,0.720565
25,86,0.719279
25,87,0.717383
25,88,0.714884
25,89,0.711866
25,90,0.708493
25,91,0.704995
25,92,0.701658
25,93,0.698789
25,94,0.696677
25,95,0.695556
26,0,0.678817
26,1,0.680362
26,2,0.683253
26,3,0.687124
26,4,0.691472
26,5,0.69574
26,6,0.699401
26,7,0.702049
26,8,0.703474
26,9,0.703705
26,10,0.702986
26,11,0.701704
26,12,0.7003
26,13,0.699143
26,14,0.698453
26,15,0.698258
26,16,0.698409
26,17,0.698658
26,18,0.698752
26,19,0.698521
26,20,0.697924
26,21,0.697055
26,22,0.69608
26,23,0.695181
26,24,0.694473
26,25,0.693982
26,26,0.693643
26,27,0.693333
26,28,0.692947
26,29,0.692447
26,30,0.691903
26,31,0.691487
26,32,0.69144
26,33,0.691983
26,34,0.693248
26,35,0.69521
26,36,0.697676
26,37,0.700318
26,38,0.702753
26,39,0.704649
26,40,0.705804
26,41,0.706209
26,42,0.706029
26,43,0.705546
26,44,0.705065
26,45,0.704811
26,46,0.704882
26,47,0.705231
26,48,0.705716
26,49,0.70617
26,50,0.706475
26,51,0.706601
26,52,0.706595
26,53,0.706544
26,54,0.706501
26,55,0.706452
26,56,0.70631
26,57,0.705951
26,58,0.70528
26,59,0.704276
26,60,0.703018
26,61,0.701651
26,62,0.700342
26,63,0.699213
26,64,0.698324
26,65,0.697667
26,66,0.697228
26,67,0.697015
26,68,0.697101
26,69,0.697611
26,70,0.698682
26,71,0.700403
26,72,0.702764
26,73,0.705637
26,74,0.708792
26,75,0.711952
26,76,0.714857
26,77,0.717321
26,78,0.71926
26,79,0.720682
26,80,0.721656
26,81,0.722264
26,82,0.722555
26,83,0.722524
26,84,0.722109
26,85,0.72122
26,86,0.719767
26,87,0.717711
26,88,0.715081
26,89,0.711985
26,90,0.7086
26,91,0.705161
26,92,0.701937
26,93,0.699206
26,94,0.697217
26,95,0.696169
27,0,0.677809
27,1,0.679452
27,2,0.682537
27,3,0.686685
27,4,0.691378
27,5,0.696029
27,6,0.700076
27,7,0.703078
27,8,0.704795
27,9,0.705238
27,10,0.704649
27,11,0.703424
27,12,0.702015
27,13,0.7008
27,14,0.700001
27,15,0.699646
27,16,0.699589
27,17,0.69959
27,18,0.699412
27,19,0.698908
27,20,0.698056
27,21,0.696961
27,22,0.695782
27,23,0.694681
27,24,0.693747
27,25,0.692977
27,26,0.692298
27,27,0.691607
27,28,0.690842
27,29,0.690029
27,30,0.689306
27,31,0.68889
27,32,0.689036
27,33,0.689947
27,34,0.691703
27,35,0.694215
27,36,0.697229
27,37,0.700373
27,38,0.703237
27,39,0.705478
27,40,0.706897
27,41,0.707487
27,42,0.707416
27,43,0.706965
27,44,0.706445
27,45,0.706097
27,46,0.706041
27,47,0.706264
27,48,0.706659
27,49,0.707085
27,50,0.707433
27,51,0.707667
27,52,0.707818
27,53,0.707955
27,54,0.708123
27,55,0.708315
27,56,0.708456
27,57,0.708433
27,58,0.708141
27,59,0.707524
27,60,0.706603
27,61,0.705454
27,62,0.704186
27,63,0.702889
27,64,0.701627
27,65,0.700437
27,66,0.699375
27,67,0.698532
27,68,0.698052
27,69,0.698114
27,70,0.698878
27,71,0.700427
27,72,0.702728
27,73,0.705616
27,74,0.708825
27,75,0.712049
27,76,0.715008
27,77,0.717505
27,78,0.719453
27,79,0.720862
27,80,0.721805
27,81,0.722372
27,82,0.722618
27,83,0.722539
27,84,0.722073
27,85,0.721129
27,86,0.719622
27,87,0.717525
27,88,0.714887
27,89,0.711836
27,90,0.708566
27,91,0.70531
27,92,0.702314
27,93,0.699817
27,94,0.698021
27,95,0.697082
28,0,0.677649
28,1,0.679303
28,2,0.682416
28,3,0.686619
28,4,0.691401
28,5,0.69618
28,6,0.700389
28,7,0.703575
28,8,0.705486
28,9,0.706119
28,10,0.705704
28,11,0.704632
28,12,0.703343
28,13,0.702207
28,14,0.701434
28,15,0.701043
28,16,0.700884
28,17,0.700726
28,18,0.700353
28,19,0.699639
28,20,0.698589
28,21,0.697314
28,22,0.695971
28,23,0.694696
28,24,0.693548
28,25,0.6925
28,26,0.691476
28,27,0.690396
28,28,0.689253
28,29,0.68814
28,30,0.687256
28,31,0.686857
28,32,0.687196
28,33,0.688439
28,34,0.690602
28,35,0.693535
28,36,0.696927
28,37,0.700376
28,38,0.703468
28,39,0.705872
28,40,0.707404
28,41,0.708072
28,42,0.708045
28,43,0.707601
28,44,0.707045
28,45,0.706618
28,46,0.706454
28,47,0.706569
28,48,0.706886
28,49,0.707296
28,50,0.707703
28,51,0.708067
28,52,0.708404
28,53,0.70876
28,54,0.709171
28,55,0.70963
28,56,0.710074
28,57,0.710402
28,58,0.7105
28,59,0.710283
28,60,0.709715
28,61,0.708803
28,62,0.707595
28,63,0.70615
28,64,0.704539
28,65,0.702845
28,66,0.701198
28,67,0.699773
28,68,0.698786
28,69,0.698462
28,70,0.698971
28,71,0.700381
28,72,0.702622
28,73,0.705485
28,74,0.708664
28,75,0.711826
28,76,0.71468
28,77,0.717033
28,78,0.718815
28,79,0.720059
28,80,0.720862
28,81,0.721332
28,82,0.721532
28,83,0.721457
28,84,0.72103
28,85,0.720145
28,86,0.718712
28,87,0.716702
28,88,0.714179
28,89,0.711289
28,90,0.70824
28,91,0.70526
28,92,0.702573
28,93,0.700375
28,94,0.698818
28,95,0.698012
29,0,0.678337
29,1,0.679913
29,2,0.682885
29,3,0.686914
29,4,0.691521
29,5,0.696162
29,6,0.700294
29,7,0.703484
29,8,0.705482
29,9,0.706274
29,10,0.706076
29,11,0.705249
29,12,0.704208
29,13,0.703292
29,14,0.702686
29,15,0.702385
29,16,0.702235
29,17,0.702012
29,18,0.70152
29,19,0.700663
29,20,0.69947
29,21,0.698067
29,22,0.696603
29,23,0.695193
29,24,0.693867
29,25,0.692575
29,26,0.69124
29,27,0.689811
29,28,0.688335
29,29,0.686971
29,30,0.685971
29,31,0.685616
29,32,0.686143
29,33,0.687668
29,34,0.690143
29,35,0.69335
29,36,0.696938
29,37,0.70049
29,38,0.703605
29,39,0.70598
29,40,0.707462
29,41,0.708078
29,42,0.708002
29,43,0.707504
29,44,0.706874
29,45,0.706346
29,46,0.706059
29,47,0.706051
29,48,0.706276
29,49,0.706654
29,50,0.707106
29,51,0.707594
29,52,0.708115
29,53,0.708697
29,54,0.709358
29,55,0.710091
29,56,0.710843
29,57,0.711524
29,58,0.712018
29,59,0.712213
29,60,0.712019
29,61,0.71138
29,62,0.710284
29,63,0.708754
29,64,0.706867
29,65,0.704751
29,66,0.702605
29,67,0.700681
29,68,0.699262
29,69,0.698609
29,70,0.698899
29,71,0.700177
29,72,0.702329
29,73,0.705102
29,74,0.708151
29,75,0.711122
29,76,0.713721
29,77,0.715773
29,78,0.717239
29,79,0.718191
29,80,0.718765
29,81,0.719096
29,82,0.719259
29,83,0.719239
29,84,0.718939
29,85,0.718226
29,86,0.716984
29,87,0.715178
29,88,0.712875
29,89,0.710236
29,90,0.707479
29,91,0.704832
29,92,0.702495
29,93,0.700624
29,94,0.699324
29,95,0.698658
30,0,0.679824
30,1,0.681242
30,2,0.683922
30,3,0.687568
30,4,0.691763
30,5,0.696025
30,6,0.699869
30,7,0.702901
30,8,0.70489
30,9,0.705816
30,10,0.705868
30,11,0.705368
30,12,0.704682
30,13,0.704103
30,14,0.703773
30,15,0.703663
30,16,0.703606
30,17,0.703387
30,18,0.702835
30,19,0.701887
30,20,0.7006
30,21,0.699116
30,22,0.697579
30,23,0.696086
30,24,0.694636
30,25,0.693162
30,26,0.691585
30,27,0.689883
30,28,0.688155
30,29,0.686616
30,30,0.685559
30,31,0.685275
30,32,0.685977
30,33,0.687726
30,34,0.690407
30,35,0.693747
30,36,0.697362
30,37,0.700838
30,38,0.703799
30,39,0.705981
30,40,0.70727
30,41,0.707714
30,42,0.707493
30,43,0.706865
30,44,0.706102
30,45,0.705426
30,46,0.704975
30,47,0.704804
30,48,0.704895
30,49,0.705196
30,50,0.70565
30,51,0.706219
30,52,0.706889
30,53,0.707667
30,54,0.708556
30,55,0.709545
30,56,0.710592
30,57,0.711615
30,58,0.712502
30,59,0.713117
30,60,0.713327
30,61,0.713013
30,62,0.712105
30,63,0.71059
30,64,0.708544
30,65,0.706129
30,66,0.703604
30,67,0.701289
30,68,0.699519
30,69,0.698586
30,70,0.698669
30,71,0.699787
30,72,0.701792
30,73,0.704388
30,74,0.7072
30,75,0.709861
30,76,0.712081
30,77,0.713713
30,78,0.714756
30,79,0.715331
30,80,0.715619
30,81,0.715787
30,82,0.715922
30,83,0.716
30,84,0.715895
30,85,0.715436
30,86,0.714474
30,87,0.712955
30,88,0.710943
30,89,0.708607
30,90,0.706177
30,91,0.703879
30,92,0.701895
30,93,0.700347
30,94,0.699295
30,95,0.698767
31,0,0.682013
31,1,0.68321
31,2,0.68548
31,3,0.688585
31,4,0.692185
31,5,0.695885
31,6,0.699279
31,7,0.702034
31,8,0.703946
31,9,0.704992
31,10,0.705323
31,11,0.705208
31,12,0.704948
31,13,0.704775
31,14,0.704782
31,15,0.704908
31,16,0.704979
31,17,0.704794
31,18,0.70421
31,19,0.703201
31,20,0.701855
31,21,0.700331
31,22,0.698771
31,23,0.697251
31,24,0.695745
31,25,0.694168
31,26,0.692441
31,27,0.690567
31,28,0.688686
31,29,0.687056
31,30,0.685998
31,31,0.685804
31,32,0.686655
31,33,0.688558
31,34,0.691341
31,35,0.694687
31,36,0.698196
31,37,0.701464
31,38,0.704149
31,39,0.706032
31,40,0.707035
31,41,0.707228
31,42,0.706795
31,43,0.705977
31,44,0.705027
31,45,0.704152
31,46,0.703486
31,47,0.703098
31,48,0.702995
31,49,0.703154
31,50,0.703535
31,51,0.704109
31,52,0.704853
31,53,0.70576
31,54,0.706819
31,55,0.708019
31,56,0.709324
31,57,0.710666
31,58,0.711932
31,59,0.712973
31,60,0.713613
31,61,0.713681
31,62,0.71305
31,63,0.711672
31,64,0.709611
31,65,0.707052
31,66,0.704295
31,67,0.70171
31,68,0.699673
31,69,0.698499
31,70,0.698366
31,71,0.699275
31,72,0.701051
31,73,0.70337
31,74,0.705841
31,75,0.708091
31,76,0.709845
31,77,0.710982
31,78,0.711546
31,79,0.711704
31,80,0.711682
31,81,0.71168
31,82,0.711795
31,83,0.711992
31,84,0.712114
31,85,0.711948
31,86,0.711309
31,87,0.710115
31,88,0.708423
31,89,0.706407
31,90,0.704303
31,91,0.702339
31,92,0.700684
31,93,0.699431
31,94,0.698607
31,95,0.698202
32,0,0.684741
32,1,0.685681
32,2,0.68747
32,3,0.689937
32,4,0.692834
32,5,0.695863
32,6,0.698716
32,7,0.701128
32,8,0.702932
32,9,0.704096
32,10,0.704729
32,11,0.70503
32,12,0.705224
32,13,0.705472
32,14,0.705814
32,15,0.706163
32,16,0.706343
32,17,0.706174
32,18,0.705551
32,19,0.704486
32,20,0.703102
32,21,0.701571
32,22,0.700032
32,23,0.698542
32,24,0.697052
32,25,0.695457
32,26,0.693679
32,27,0.691739
32,28,0.689805
32,29,0.688162
32,30,0.687146
32,31,0.68704
32,32,0.687994
32,33,0.689971
32,34,0.692757
32,35,0.696008
32,36,0.699319
32,37,0.702305
32,38,0.704664
32,39,0.706215
32,40,0.706915
32,41,0.706847
32,42,0.70619
32,43,0.70517
32,44,0.704014
32,45,0.702913
32,46,0.701996
32,47,0.701342
32,48,0.700982
32,49,0.700917
32,50,0.701132
32,51,0.701605
32,52,0.702317
32,53,0.70325
32,54,0.704391
32,55,0.705728
32,56,0.707233
32,57,0.708848
32,58,0.710465
32,59,0.711919
32,60,0.713004
32,61,0.713501
32,62,0.713234
32,63,0.712115
32,64,0.710193
32,65,0.707656
32,66,0.704827
32,67,0.702105
32,68,0.69989
32,69,0.698511
32,70,0.698145
32,71,0.698786
32,72,0.700244
32,73,0.702188
32,74,0.704223
32,75,0.705985
32,76,0.707217
32,77,0.707831
32,78,0.707904
32,79,0.707646
32,80,0.70732
32,81,0.707151
32,82,0.707245
32,83,0.707556
32,84,0.707896
32,85,0.708016
32,86,0.707692
32,87,0.706818
32,88,0.705436
32,89,0.703722
32,90,0.701919
32,91,0.700255
32,92,0.698891
32,93,0.697898
32,94,0.697272
32,95,0.696976
33,0,0.687778
33,1,0.688451
33,2,0.689741
33,3,0.691546
33,4,0.693709
33,5,0.69604
33,6,0.698329
33,7,0.700387
33,8,0.702084
33,9,0.703375
33,10,0.70432
33,11,0.705039
33,12,0.705672
33,13,0.706305
33,14,0.70693
33,15,0.707437
33,16,0.707663
33,17,0.707458
33,18,0.706762
33,19,0.705631
33,20,0.704216
33,21,0.702702
33,22,0.701222
33,23,0.699812
33,24,0.6984
33,25,0.696867
33,26,0.695131
33,27,0.693221
33,28,0.69132
33,29,0.689725
33,30,0.688773
33,31,0.688733
33,32,0.689728
33,33,0.691695
33,34,0.694393
33,35,0.697472
33,36,0.700535
33,37,0.703224
33,38,0.705273
33,39,0.706537
33,40,0.706993
33,41,0.70673
33,42,0.705912
33,43,0.70474
33,44,0.703414
33,45,0.702102
33,46,0.700929
33,47,0.699983
33,48,0.699314
33,49,0.698951
33,50,0.698899
33,51,0.699156
33,52,0.69971
33,53,0.700547
33,54,0.701657
33,55,0.703032
33,56,0.704655
33,57,0.706474
33,58,0.708384
33,59,0.710212
33,60,0.711727
33,61,0.712673
33,62,0.712832
33,63,0.712079
33,64,0.710438
33,65,0.708087
33,66,0.705349
33,67,0.702629
33,68,0.700335
33,69,0.698796
33,70,0.69819
33,71,0.698512
33,72,0.699574
33,73,0.701056
33,74,0.702578
33,75,0.703797
33,76,0.704483
33,77,0.704572
33,78,0.704175
33,79,0.703529
33,80,0.702923
33,81,0.702597
33,82,0.702662
33,83,0.703059
33,84,0.703577
33,85,0.703936
33,86,0.703882
33,87,0.703285
33,88,0.702175
33,89,0.700724
33,90,0.699181
33,91,0.697776
33,92,0.696663
33,93,0.695894
33,94,0.695439
33,95,0.695236
34,0,0.690813
34,1,0.691239
34,2,0.692066
34,3,0.693255
34,4,0.694735
34,5,0.696417
34,6,0.698187
34,7,0.699928
34,8,0.701542
34,9,0.702973
34,10,0.704222
34,11,0.705329
34,12,0.706347
34,13,0.707291
34,14,0.708107
34,15,0.70868
34,16,0.708866
34,17,0.708558
34,18,0.707747
34,19,0.706531
34,20,0.705087
34,21,0.703607
34,22,0.702212
34,23,0.700918
34,24,0.699634
34,25,0.698226
34,26,0.696605
34,27,0.694804
34,28,0.693004
34,29,0.6915
34,30,0.690616
34,31,0.690605
34,32,0.691572
34,33,0.693444
34,34,0.695977
34,35,0.69883
34,36,0.70163
34,37,0.704053
34,38,0.705863
34,39,0.706942
34,40,0.707281
34,41,0.706956
34,42,0.706107
34,43,0.704898
34,44,0.703492
34,45,0.702036
34,46,0.700644
34,47,0.699411
34,48,0.698408
34,49,0.69769
34,50,0.697289
34,51,0.697223
34,52,0.697499
34,53,0.698118
34,54,0.699076
34,55,0.700378
34,56,0.702013
34,57,0.703937
34,58,0.706049
34,59,0.70817
34,60,0.710056
34,61,0.711427
34,62,0.712033
34,63,0.711718
34,64,0.710475
34,65,0.708456
34,66,0.705965
34,67,0.703389
34,68,0.701121
34,69,0.699484
34,70,0.698653
34,71,0.698629
34,72,0.699243
34,73,0.700201
34,74,0.701157
34,75,0.7018
34,76,0.701931
34,77,0.701516
34,78,0.700686
34,79,0.699695
34,80,0.698843
34,81,0.698376
34,82,0.6984
34,83,0.698846
34,84,0.699487
34,85,0.700019
34,86,0.700169
34,87,0.699786
34,88,0.698893
34,89,0.697657
34,90,0.69633
34,91,0.695143
34,92,0.694243
34,93,0.693666
34,94,0.693361
34,95,0.69324
35,0,0.693505
35,1,0.693729
35,2,0.694179
35,3,0.694862
35,4,0.695782
35,5,0.696932
35,6,0.698281
35,7,0.699776
35,8,0.701344
35,9,0.702916
35,10,0.704437
35,11,0.70587
35,12,0.707186
35,13,0.708337
35,14,0.709239
35,15,0.709777
35,16,0.709839
35,17,0.709371
35,18,0.708411
35,19,0.707097
35,20,0.705627
35,21,0.704191
35,22,0.702895
35,23,0.701737
35,24,0.700608
35,25,0.699366
35,26,0.697917
35,27,0.696284
35,28,0.694638
35,29,0.693252
35,30,0.692431
35,31,0.692409
35,32,0.693283
35,33,0.694984
35,34,0.697287
35,35,0.699882
35,36,0.70243
35,37,0.704641
35,38,0.706315
35,39,0.707347
35,40,0.707729
35,41,0.707515
35,42,0.706805
35,43,0.705714
35,44,0.704363
35,45,0.702866
35,46,0.701329
35,47,0.699851
35,48,0.698527
35,49,0.697437
35,50,0.69664
35,51,0.696183
35,52,0.696095
35,53,0.696395
35,54,0.697094
35,55,0.698208
35,56,0.699734
35,57,0.701636
35,58,0.703819
35,59,0.706107
35,60,0.708255
35,61,0.709974
35,62,0.710999
35,63,0.711148
35,64,0.710381
35,65,0.708813
35,66,0.706706
35,67,0.704409
35,68,0.702283
35,69,0.700628
35,70,0.699613
35,71,0.69925
35,72,0.699399
35,73,0.699805
35,74,0.700169
35,75,0.700225
35,76,0.699811
35,77,0.698922
35,78,0.697702
35,79,0.696416
35,80,0.695358
35,81,0.694769
35,82,0.694745
35,83,0.695208
35,84,0.695917
35,85,0.696556
35,86,0.696839
35,87,0.696607
35,88,0.695872
35,89,0.694803
35,90,0.693648
35,91,0.692641
35,92,0.691922
35,93,0.691512
35,94,0.691337
35,95,0.691289
36,0,0.695537
36,1,0.695628
36,2,0.695826
36,3,0.69617
36,4,0.696708
36,5,0.697495
36,6,0.698561
36,7,0.6999
36,8,0.701461
36,9,0.703158
36,10,0.70489
36,11,0.706554
36,12,0.708055
36,13,0.709295
36,14,0.710172
36,15,0.710585
36,16,0.710461
36,17,0.709796
36,18,0.708675
36,19,0.707267
36,20,0.705778
36,21,0.70439
36,22,0.703196
36,23,0.702174
36,24,0.701209
36,25,0.700153
36,26,0.698909
36,27,0.697488
36,28,0.696034
36,29,0.69479
36,30,0.694028
36,31,0.693962
36,32,0.694691
36,33,0.696164
36,34,0.698195
36,35,0.700516
36,36,0.702834
36,37,0.704903
36,38,0.706547
36,39,0.707675
36,40,0.708264
36,41,0.708336
36,42,0.707939
36,43,0.707129
36,44,0.705975
36,45,0.704559
36,46,0.702972
36,47,0.701324
36,48,0.699728
36,49,0.698295
36,50,0.697112
36,51,0.696251
36,52,0.695766
36,53,0.695692
36,54,0.696055
36,55,0.69688
36,56,0.698173
36,57,0.699906
36,58,0.701995
36,59,0.704281
36,60,0.706535
36,61,0.708477
36,62,0.709842
36,63,0.710433
36,64,0.710176
36,65,0.709138
36,66,0.707524
36,67,0.705627
36,68,0.703756
36,69,0.702176
36,70,0.701044
36,71,0.700385
36,72,0.70009
36,73,0.699953
36,74,0.699732
36,75,0.699213
36,76,0.69828
36,77,0.696954
36,78,0.695395
36,79,0.693863
36,80,0.692645
36,81,0.691962
36,82,0.691898
36,83,0.69236
36,84,0.693098
36,85,0.693792
36,86,0.694151
36,87,0.694011
36,88,0.693382
36,89,0.692431
36,90,0.691409
36,91,0.690546
36,92,0.689979
36,93,0.689713
36,94,0.689653
36,95,0.689669
37,0,0.696696
37,1,0.696736
37,2,0.696834
37,3,0.697036
37,4,0.69741
37,5,0.698036
37,6,0.69898
37,7,0.700263
37,8,0.701847
37,9,0.703632
37,10,0.705486
37,11,0.707258
37,12,0.708809
37,13,0.710011
37,14,0.71076
37,15,0.710977
37,16,0.710631
37,17,0.709762
37,18,0.708492
37,19,0.707007
37,20,0.705514
37,21,0.704179
37,22,0.703077
37,23,0.702177
37,24,0.701365
37,25,0.700497
37,26,0.699475
37,27,0.698292
37,28,0.697059
37,29,0.695975
37,30,0.695271
37,31,0.695142
37,32,0.695691
37,33,0.696902
37,34,0.698636
37,35,0.700684
37,36,0.702807
37,37,0.7048
37,38,0.706512
37,39,0.707856
37,40,0.708791
37,41,0.709293
37,42,0.709349
37,43,0.708953
37,44,0.70812
37,45,0.706894
37,46,0.705358
37,47,0.703631
37,48,0.70185
37,49,0.700151
37,50,0.69865
37,51,0.697439
37,52,0.696587
37,53,0.696142
37,54,0.696137
37,55,0.6966
37,56,0.697546
37,57,0.698957
37,58,0.700775
37,59,0.702867
37,60,0.705041
37,61,0.707048
37,62,0.708637
37,63,0.709606
37,64,0.709848
37,65,0.709377
37,66,0.708328
37,67,0.70692
37,68,0.7054
37,69,0.703988
37,70,0.70282
37,71,0.701932
37,72,0.701248
37,73,0.700615
37,74,0.69985
37,75,0.698798
37,76,0.697391
37,77,0.695681
37,78,0.693837
37,79,0.692116
37,80,0.690786
37,81,0.690048
37,82,0.689964
37,83,0.690427
37,84,0.691179
37,85,0.691898
37,86,0.692293
37,87,0.692201
37,88,0.691634
37,89,0.69076
37,90,0.689832
37,91,0.68908
37,92,0.688637
37,93,0.688492
37,94,0.68853
37,95,0.688602
38,0,0.696925
38,1,0.696999
38,2,0.697156
38,3,0.697427
38,4,0.697865
38,5,0.698543
38,6,0.699531
38,7,0.700855
38,8,0.70248
38,9,0.704301
38,10,0.706167
38,11,0.707905
38,12,0.709358
38,13,0.710394
38,14,0.710921
38,15,0.710891
38,16,0.710311
38,17,0.709256
38,18,0.70787
38,19,0.706342
38,20,0.704864
38,21,0.703583
38,22,0.702558
38,23,0.701758
38,24,0.701075
38,25,0.700381
38,26,0.699578
38,27,0.698642
38,28,0.697643
38,29,0.696726
38,30,0.696079
38,31,0.695875
38,32,0.696227
38,33,0.69716
38,34,0.698594
38,35,0.700386
38,36,0.702351
38,37,0.704328
38,38,0.706186
38,39,0.707834
38,40,0.709203
38,41,0.710222
38,42,0.710814
38,43,0.71091
38,44,0.710472
38,45,0.709515
38,46,0.708117
38,47,0.706409
38,48,0.704553
38,49,0.702709
38,50,0.701011
38,51,0.699563
38,52,0.698438
38,53,0.697679
38,54,0.697318
38,55,0.697382
38,56,0.697891
38,57,0.698846
38,58,0.700223
38,59,0.701936
38,60,0.703847
38,61,0.705754
38,62,0.707437
38,63,0.708694
38,64,0.709389
38,65,0.709478
38,66,0.709019
38,67,0.708151
38,68,0.707046
38,69,0.705875
38,70,0.70475
38,71,0.703713
38,72,0.702718
38,73,0.701665
38,74,0.700431
38,75,0.698917
38,76,0.697105
38,77,0.695076
38,78,0.693011
38,79,0.691162
38,80,0.689775
38,81,0.689027
38,82,0.688957
38,83,0.689439
38,84,0.690209
38,85,0.690941
38,86,0.691351
38,87,0.691278
38,88,0.690739
38,89,0.689907
38,90,0.68904
38,91,0.688368
38,92,0.68802
38,93,0.687971
38,94,0.68809
38,95,0.688208
39,0,0.696337
39,1,0.696525
39,2,0.696889
39,3,0.697422
39,4,0.698134
39,5,0.699061
39,6,0.700243
39,7,0.701692
39,8,0.703365
39,9,0.705155
39,10,0.706915
39,11,0.708474
39,12,0.709684
39,13,0.710434
39,14,0.71066
39,15,0.710348
39,16,0.70954
39,17,0.708334
39,18,0.706877
39,19,0.705347
39,20,0.70391
39,21,0.702687
39,22,0.701727
39,23,0.701
39,24,0.700418
39,25,0.699872
39,26,0.699269
39,27,0.698567
39,28,0.69779
39,29,0.697031
39,30,0.696428
39,31,0.696136
39,32,0.696282
39,33,0.696934
39,34,0.698081
39,35,0.699642
39,36,0.701492
39,37,0.703505
39,38,0.705562
39,39,0.707563
39,40,0.709405
39,41,0.710964
39,42,0.712106
39,43,0.712705
39,44,0.712681
39,45,0.712029
39,46,0.710831
39,47,0.709234
39,48,0.707424
39,49,0.705579
39,50,0.703841
39,51,0.702309
39,52,0.701041
39,53,0.700067
39,54,0.699401
39,55,0.699063
39,56,0.699081
39,57,0.699482
39,58,0.700287
39,59,0.701475
39,60,0.702974
39,61,0.704646
39,62,0.706306
39,63,0.70776
39,64,0.708841
39,65,0.709447
39,66,0.709556
39,67,0.709224
39,68,0.708554
39,69,0.707662
39,70,0.706637
39,71,0.705523
39,72,0.704305
39,73,0.702926
39,74,0.701318
39,75,0.699438
39,76,0.697309
39,77,0.695044
39,78,0.692832
39,79,0.690918
39,80,0.689531
39,81,0.688822
39,82,0.688804
39,83,0.689332
39,84,0.690134
39,85,0.690883
39,86,0.691297
39,87,0.691225
39,88,0.69069
39,89,0.689874
39,90,0.68904
39,91,0.68842
39,92,0.688139
39,93,0.688162
39,94,0.688344
39,95,0.688496
40,0,0.695185
40,1,0.69555
40,2,0.696235
40,3,0.697182
40,4,0.698335
40,5,0.699666
40,6,0.701158
40,7,0.702791
40,8,0.704506
40,9,0.7062
40,10,0.707743
40,11,0.708992
40,12,0.709835
40,13,0.710201
40,14,0.710067
40,15,0.709457
40,16,0.70844
40,17,0.707124
40,18,0.705646
40,19,0.704158
40,20,0.702791
40,21,0.701639
40,22,0.700738
40,23,0.700066
40,24,0.699558
40,25,0.699127
40,26,0.698687
40,27,0.698179
40,28,0.697585
40,29,0.696944
40,30,0.696351
40,31,0.695946
40,32,0.695873
40,33,0.696249
40,34,0.697125
40,35,0.69849
40,36,0.700265
40,37,0.702355
40,38,0.704644
40,39,0.707011
40,40,0.709315
40,41,0.711383
40,42,0.713029
40,43,0.714084
40,44,0.714443
40,45,0.714094
40,46,0.713132
40,47,0.711725
40,48,0.710077
40,49,0.708377
40,50,0.70676
40,51,0.705303
40,52,0.704036
40,53,0.702956
40,54,0.702055
40,55,0.70134
40,56,0.70085
40,57,0.700649
40,58,0.700814
40,59,0.701398
40,60,0.702405
40,61,0.703762
40,62,0.705325
40,63,0.706904
40,64,0.7083
40,65,0.709354
40,66,0.709968
40,67,0.710122
40,68,0.709852
40,69,0.709232
40,70,0.708329
40,71,0.70719
40,72,0.705824
40,73,0.704215
40,74,0.702338
40,75,0.700198
40,76,0.697854
40,77,0.695442
40,78,0.693163
40,79,0.691253
40,80,0.689922
40,81,0.689297
40,82,0.689365
40,83,0.689967
40,84,0.690817
40,85,0.691589
40,86,0.692007
40,87,0.691926
40,88,0.691381
40,89,0.690562
40,90,0.689739
40,91,0.689147
40,92,0.688907
40,93,0.688977
40,94,0.6892
40,95,0.689377
41,0,0.693795
41,1,0.694372
41,2,0.695448
41,3,0.696901
41,4,0.698597
41,5,0.700423
41,6,0.702294
41,7,0.704139
41,8,0.705878
41,9,0.707417
41,10,0.708656
41,11,0.709499
41,12,0.709891
41,13,0.709811
41,14,0.70929
41,15,0.708386
41,16,0.70719
41,17,0.705807
41,18,0.704356
41,19,0.702952
41,20,0.701688
41,21,0.700625
41,22,0.699789
41,23,0.699165
41,24,0.69871
41,25,0.698359
41,26,0.698034
41,27,0.697658
41,28,0.697179
41,29,0.696588
41,30,0.695949
41,31,0.695389
41,32,0.695076
41,33,0.695175
41,34,0.6958
41,35,0.696997
41,36,0.698732
41,37,0.700925
41,38,0.703455
41,39,0.706172
41,40,0.708892
41,41,0.711397
41,42,0.71346
41,43,0.714887
41,44,0.715563
41,45,0.715488
41,46,0.714775
41,47,0.713616
41,48,0.712227
41,49,0.710795
41,50,0.709434
41,51,0.708188
41,52,0.707043
41,53,0.705954
41,54,0.704886
41,55,0.703835
41,56,0.702859
41,57,0.702063
41,58,0.701591
41,59,0.701573
41,60,0.70209
41,61,0.70313
41,62,0.704579
41,63,0.706245
41,64,0.707898
41,65,0.70932
41,66,0.710347
41,67,0.710895
41,68,0.71095
41,69,0.710551
41,70,0.709753
41,71,0.708612
41,72,0.707154
41,73,0.705396
41,74,0.703349
41,75,0.701052
41,76,0.698594
41,77,0.696128
41,78,0.693859
41,79,0.692015
41,80,0.69079
41,81,0.690285
41,82,0.690467
41,83,0.691159
41,84,0.692069
41,85,0.692869
41,86,0.69329
41,87,0.693196
41,88,0.692634
41,89,0.691801
41,90,0.690973
41,91,0.690387
41,92,0.690163
41,93,0.690253
41,94,0.690495
41,95,0.690683
42,0,0.692483
42,1,0.693281
42,2,0.694765
42,3,0.696749
42,4,0.699014
42,5,0.70136
42,6,0.70362
42,7,0.705669
42,8,0.707406
42,9,0.708746
42,10,0.709631
42,11,0.710022
42,12,0.70993
42,13,0.709396
42,14,0.708499
42,15,0.707331
42,16,0.705994
42,17,0.704588
42,18,0.703203
42,19,0.701916
42,20,0.700782
42,21,0.699832
42,22,0.699076
42,23,0.698505
42,24,0.698093
42,25,0.697791
42,26,0.697527
42,27,0.697212
42,28,0.696762
42,29,0.696138
42,30,0.695378
42,31,0.694611
42,32,0.694029
42,33,0.693845
42,34,0.69423
42,35,0.69528
42,36,0.696994
42,37,0.699299
42,38,0.702057
42,39,0.705083
42,40,0.708149
42,41,0.710996
42,42,0.713372
42,43,0.715071
42,44,0.715988
42,45,0.716143
42,46,0.715675
42,47,0.714795
42,48,0.713726
42,49,0.71264
42,50,0.711622
42,51,0.71067
42,52,0.709722
42,53,0.708688
42,54,0.707505
42,55,0.706168
42,56,0.704757
42,57,0.703427
42,58,0.702393
42,59,0.701856
42,60,0.701967
42,61,0.702759
42,62,0.704136
42,63,0.705895
42,64,0.707766
42,65,0.709479
42,66,0.710817
42,67,0.711648
42,68,0.711924
42,69,0.711668
42,70,0.710934
42,71,0.709786
42,72,0.708269
42,73,0.706423
42,74,0.704286
42,75,0.701922
42,76,0.699437
42,77,0.696998
42,78,0.694808
42,79,0.693084
42,80,0.692001
42,81,0.691641
42,82,0.69195
42,83,0.692738
42,84,0.693709
42,85,0.694535
42,86,0.694956
42,87,0.694847
42,88,0.694263
42,89,0.693407
42,90,0.692558
42,91,0.691955
42,92,0.691717
42,93,0.691795
42,94,0.692027
42,95,0.69221
43,0,0.691503
43,1,0.692506
43,2,0.694367
43,3,0.696842
43,4,0.699634
43,5,0.702455
43,6,0.705061
43,7,0.707275
43,8,0.708974
43,9,0.710091
43,10,0.710612
43,11,0.710561
43,12,0.710013
43,13,0.70907
43,14,0.707852
43,15,0.706476
43,16,0.705048
43,17,0.703656
43,18,0.702364
43,19,0.701212
43,20,0.700224
43,21,0.699401
43,22,0.698741
43,23,0.698235
43,24,0.697864
43,25,0.69759
43,26,0.697341
43,27,0.697016
43,28,0.696513
43,29,0.695772
43,30,0.69482
43,31,0.693796
43,32,0.692919
43,33,0.692446
43,34,0.692598
43,35,0.693511
43,36,0.695206
43,37,0.69761
43,38,0.700561
43,39,0.703835
43,40,0.707163
43,41,0.710253
43,42,0.712835
43,43,0.714709
43,44,0.71579
43,45,0.716123
43,46,0.715877
43,47,0.715274
43,48,0.714537
43,49,0.713817
43,50,0.713161
43,51,0.71252
43,52,0.711785
43,53,0.710828
43,54,0.709565
43,55,0.707995
43,56,0.706228
43,57,0.704474
43,58,0.703011
43,59,0.702104
43,60,0.701955
43,61,0.702624
43,62,0.704017
43,63,0.705905
43,64,0.707977
43,65,0.709919
43,66,0.711471
43,67,0.712474
43,68,0.712869
43,69,0.712675
43,70,0.711957
43,71,0.710788
43,72,0.709231
43,73,0.707342
43,74,0.705175
43,75,0.702812
43,76,0.700371
43,77,0.698021
43,78,0.695961
43,79,0.694396
43,80,0.69348
43,81,0.693275
43,82,0.69371
43,83,0.694586
43,84,0.695605
43,85,0.696446
43,86,0.696859
43,87,0.696729
43,88,0.696117
43,89,0.695229
43,90,0.694341
43,91,0.693692
43,92,0.693401
43,93,0.693427
43,94,0.693616
43,95,0.693773
44,0,0.691006
44,1,0.692179
44,2,0.694352
44,3,0.697231
44,4,0.70045
44,5,0.703647
44,6,0.706513
44,7,0.708824
44,8,0.710447
44,9,0.711336
44,10,0.711522
44,11,0.711089
44,12,0.71017
44,13,0.708913
44,14,0.707467
44,15,0.70596
44,16,0.704496
44,17,0.703147
44,18,0.701956
44,19,0.700937
44,20,0.700088
44,21,0.699392
44,22,0.698834
44,23,0.6984
44,24,0.698073
44,25,0.697815
44,26,0.697548
44,27,0.697164
44,28,0.696549
44,29,0.695632
44,30,0.694443
44,31,0.693134
44,32,0.691953
44,33,0.691195
44,34,0.69112
44,35,0.691896
44,36,0.693558
44,37,0.696026
44,38,0.699113
44,39,0.702559
44,40,0.706056
44,41,0.709289
44,42,0.71198
44,43,0.713942
44,44,0.715113
44,45,0.715569
44,46,0.715498
44,47,0.715134
44,48,0.714688
44,49,0.714288
44,50,0.713945
44,51,0.713569
44,52,0.713013
44,53,0.71212
44,54,0.710797
44,55,0.709056
44,56,0.70704
44,57,0.705006
44,58,0.703287
44,59,0.702198
44,60,0.701967
44,61,0.702663
44,62,0.704176
44,63,0.706243
44,64,0.708513
44,65,0.710636
44,66,0.712327
44,67,0.713418
44,68,0.713854
44,69,0.713667
44,70,0.712934
44,71,0.711743
44,72,0.710167
44,73,0.708272
44,74,0.706124
44,75,0.703813
44,76,0.701464
44,77,0.699245
44,78,0.69735
44,79,0.695963
44,80,0.69522
44,81,0.695164
44,82,0.695709
44,83,0.69665
44,84,0.697694
44,85,0.698531
44,86,0.698922
44,87,0.698761
44,88,0.698113
44,89,0.69718
44,90,0.696232
44,91,0.695503
44,92,0.695117
44,93,0.695043
44,94,0.695148
44,95,0.695258
45,0,0.691053
45,1,0.692349
45,2,0.694748
45,3,0.697915
45,4,0.701429
45,5,0.704871
45,6,0.707881
45,7,0.710208
45,8,0.711715
45,9,0.712384
45,10,0.712291
45,11,0.711571
45,12,0.710402
45,13,0.708957
45,14,0.707397
45,15,0.705848
45,16,0.704399
45,17,0.703108
45,18,0.702003
45,19,0.701085
45,20,0.700341
45,21,0.699745
45,22,0.699273
45,23,0.698907
45,24,0.698623
45,25,0.698376
45,26,0.698081
45,27,0.697621
45,28,0.696874
45,29,0.69577
45,30,0.694343
45,31,0.692763
45,32,0.691302
45,33,0.690285
45,34,0.690001
45,35,0.690637
45,36,0.692239
45,37,0.69472
45,38,0.69787
45,39,0.701397
45,40,0.704968
45,41,0.708248
45,42,0.710959
45,43,0.712928
45,44,0.71412
45,45,0.714632
45,46,0.714669
45,47,0.714464
45,48,0.714216
45,49,0.714033
45,50,0.713897
45,51,0.713691
45,52,0.713243
45,53,0.712383
45,54,0.711022
45,55,0.709184
45,56,0.707045
45,57,0.704901
45,58,0.703119
45,59,0.702042
45,60,0.701906
45,61,0.702768
45,62,0.704493
45,63,0.70678
45,64,0.709247
45,65,0.711517
45,66,0.713299
45,67,0.714433
45,68,0.714877
45,69,0.714685
45,70,0.713949
45,71,0.712767
45,72,0.711214
45,73,0.709363
45,74,0.707282
45,75,0.705066
45,76,0.702844
45,77,0.700783
45,78,0.699065
45,79,0.697858
45,80,0.697277
45,81,0.697345
45,82,0.697966
45,83,0.698936
45,84,0.699971
45,85,0.700776
45,86,0.701126
45,87,0.700922
45,88,0.700229
45,89,0.699239
45,90,0.698208
45,91,0.697366
45,92,0.696841
45,93,0.696624
45,94,0.696608
45,95,0.696649
46,0,0.691624
46,1,0.692998
46,2,0.695534
46,3,0.698867
46,4,0.702535
46,5,0.706078
46,6,0.709108
46,7,0.711359
46,8,0.712709
46,9,0.713171
46,10,0.712864
46,11,0.711963
46,12,0.710673
46,13,0.709174
46,14,0.707615
46,15,0.706104
46,16,0.70471
46,17,0.703475
46,18,0.702421
46,19,0.70155
46,20,0.700852
46,21,0.700302
46,22,0.699878
46,23,0.699557
46,24,0.699307
46,25,0.699073
46,26,0.698759
46,27,0.698239
46,28,0.697387
46,29,0.696135
46,30,0.694525
46,31,0.692738
46,32,0.691065
46,33,0.689845
46,34,0.689385
46,35,0.689886
46,36,0.691398
46,37,0.693829
46,38,0.696955
46,39,0.700467
46,40,0.704011
46,41,0.707244
46,42,0.709893
46,43,0.711797
46,44,0.712939
46,45,0.713431
46,46,0.713483
46,47,0.713325
46,48,0.713146
46,49,0.713036
46,50,0.712967
46,51,0.712809
46,52,0.712386
46,53,0.71153
46,54,0.71016
46,55,0.708318
46,56,0.7062
46,57,0.704121
46,58,0.702465
46,59,0.701575
46,60,0.701678
46,61,0.702808
46,62,0.704798
46,63,0.707321
46,64,0.709969
46,65,0.712361
46,66,0.714212
46,67,0.71538
46,68,0.715851
46,69,0.715694
46,70,0.715016
46,71,0.713914
46,72,0.712462
46,73,0.710727
46,74,0.708775
46,75,0.706703
46,76,0.704642
46,77,0.702755
46,78,0.701216
46,79,0.700173
46,80,0.699724
46,81,0.699876
46,82,0.700526
46,83,0.701476
46,84,0.702458
46,85,0.703196
46,86,0.703481
46,87,0.703221
46,88,0.702475
46,89,0.701418
46,90,0.700292
46,91,0.699314
46,92,0.698622
46,93,0.698229
46,94,0.698065
46,95,0.698021
47,0,0.692643
47,1,0.694055
47,2,0.696652
47,3,0.700043
47,4,0.703738
47,5,0.70725
47,6,0.710177
47,7,0.712262
47,8,0.713408
47,9,0.713669
47,10,0.713202
47,11,0.712212
47,12,0.710913
47,13,0.709472
47,14,0.708009
47,15,0.706599
47,16,0.705282
47,17,0.704086
47,18,0.703035
47,19,0.702141
47,20,0.701412
47,21,0.700837
47,22,0.700404
47,23,0.700089
47,24,0.699855
47,25,0.699636
47,26,0.699326
47,27,0.698791
47,28,0.697903
47,29,0.696592
47,30,0.694906
47,31,0.693027
47,32,0.691249
47,33,0.689915
47,34,0.689334
47,35,0.689712
47,36,0.691104
47,37,0.69342
47,38,0.696432
47,39,0.699825
47,40,0.703243
47,41,0.706341
47,42,0.708849
47,43,0.710618
47,44,0.711638
47,45,0.712026
47,46,0.711989
47,47,0.711753
47,48,0.711496
47,49,0.711307
47,50,0.711157
47,51,0.710927
47,52,0.710454
47,53,0.709584
47,54,0.708252
47,55,0.70651
47,56,0.70456
47,57,0.702715
47,58,0.701347
47,59,0.70078
47,60,0.701214
47,61,0.702657
47,62,0.704917
47,63,0.70765
47,64,0.710445
47,65,0.712931
47,66,0.714846
47,67,0.716075
47,68,0.716628
47,69,0.71659
47,70,0.716072
47,71,0.715162
47,72,0.713921
47,73,0.712401
47,74,0.710661
47,75,0.708796
47,76,0.706936
47,77,0.70524
47,78,0.703874
47,79,0.70297
47,80,0.70261
47,81,0.702791
47,82,0.703409
47,83,0.704279
47,84,0.705154
47,85,0.705783
47,86,0.705976
47,87,0.705644
47,88,0.70484
47,89,0.703718
47,90,0.702496
47,91,0.701383
47,92,0.700519
47,93,0.699944
47,94,0.699626
47,95,0.699492
48,0,0.693985
48,1,0.695408
48,2,0.698013
48,3,0.701385
48,4,0.705009
48,5,0.708382
48,6,0.711105
48,7,0.712942
48,8,0.713836
48,9,0.713885
48,10,0.713286
48,11,0.712266
48,12,0.711031
48,13,0.709722
48,14,0.708416
48,15,0.707142
48,16,0.705907
48,17,0.704726
48,18,0.703627
48,19,0.702642
48,20,0.701805
48,21,0.701131
48,22,0.700623
48,23,0.700266
48,24,0.70002
48,25,0.699815
48,26,0.699538
48,27,0.699049
48,28,0.698217
48,29,0.69697
48,30,0.695347
48,31,0.693523
48,32,0.691776
48,33,0.690436
48,34,0.689803
48,35,0.69008
48,36,0.691326
48,37,0.693461
48,38,0.696269
48,39,0.699447
48,40,0.702644
48,41,0.705525
48,42,0.707825
48,43,0.709396
48,44,0.710231
48,45,0.710437
48,46,0.710217
48,47,0.709786
48,48,0.70932
48,49,0.708914
48,50,0.708558
48,51,0.708159
48,52,0.707582
48,53,0.706699
48,54,0.70546
48,55,0.703921
48,56,0.702272
48,57,0.700801
48,58,0.699842
48,59,0.699682
48,60,0.700485
48,61,0.702231
48,62,0.704716
48,63,0.707598
48,64,0.710485
48,65,0.713032
48,66,0.715011
48,67,0.716338
48,68,0.717046
48,69,0.717229
48,70,0.716991
48,71,0.716402
48,72,0.715499
48,73,0.714313
48,74,0.712887
48,75,0.711309
48,76,0.709703
48,77,0.708225
48,78,0.707029
48,79,0.706238
48,80,0.705919
48,81,0.706067
48,82,0.706584
48,83,0.707306
48,84,0.708012
48,85,0.708483
48,86,0.708548
48,87,0.708128
48,88,0.707262
48,89,0.706085
48,90,0.704789
48,91,0.703566
48,92,0.702558
48,93,0.701827
48,94,0.701374
48,95,0.701161
49,0,0.695485
49,1,0.696906
49,2,0.699493
49,3,0.702804
49,4,0.706299
49,5,0.709464
49,6,0.711911
49,7,0.713434
49,8,0.714027
49,9,0.713838
49,10,0.713105
49,11,0.71207
49,12,0.710928
49,13,0.709781
49,14,0.708655
49,15,0.707528
49,16,0.706371
49,17,0.705182
49,18,0.703996
49,19,0.702868
49,20,0.701862
49,21,0.701026
49,22,0.700384
49,23,0.699937
49,24,0.699651
49,25,0.699457
49,26,0.699241
49,27,0.698862
49,28,0.698185
49,29,0.69713
49,30,0.695719
49,31,0.694101
49,32,0.692523
49,33,0.691286
49,34,0.690667
49,35,0.69086
49,36,0.691934
49,37,0.693827
49,38,0.696351
49,39,0.699224
49,40,0.702122
49,41,0.70472
49,42,0.706759
49,43,0.708091
49,44,0.708697
49,45,0.708673
49,46,0.708205
49,47,0.7075
49,48,0.706735
49,49,0.706021
49,50,0.705377
49,51,0.704748
49,52,0.70404
49,53,0.703158
49,54,0.702067
49,55,0.700816
49,56,0.699568
49,57,0.698566
49,58,0.698087
49,59,0.698367
49,60,0.699525
49,61,0.701521
49,62,0.704154
49,63,0.707101
49,64,0.710006
49,65,0.71257
49,66,0.714604
49,67,0.716058
49,68,0.716983
49,69,0.717475
49,70,0.717623
49,71,0.717473
49,72,0.717029
49,73,0.716295
49,74,0.71529
49,75,0.714088
49,76,0.712805
49,77,0.711583
49,78,0.71057
49,79,0.709875
49,80,0.709558
49,81,0.709615
49,82,0.709964
49,83,0.710466
49,84,0.710938
49,85,0.711194
49,86,0.711089
49,87,0.710553
49,88,0.70962
49,89,0.708401
49,90,0.707063
49,91,0.705777
49,92,0.70468
49,93,0.703846
49,94,0.7033
49,95,0.703034
50,0,0.696955
50,1,0.698376
50,2,0.700942
50,3,0.704183
50,4,0.707529
50,5,0.710456
50,6,0.712587
50,7,0.713756
50,8,0.714007
50,9,0.713547
50,10,0.712653
50,11,0.711583
50,12,0.71052
50,13,0.709527
50,14,0.708574
50,15,0.707591
50,16,0.706505
50,17,0.705298
50,18,0.704008
50,19,0.702711
50,20,0.701505
50,21,0.700468
50,22,0.699655
50,23,0.699083
50,24,0.698736
50,25,0.698551
50,26,0.698421
50,27,0.698208
50,28,0.697774
50,29,0.697022
50,30,0.69595
50,31,0.694664
50,32,0.693365
50,33,0.692312
50,34,0.691752
50,35,0.691867
50,36,0.692738
50,37,0.694333
50,38,0.6965
50,39,0.699001
50,40,0.701539
50,41,0.703813
50,42,0.705568
50,43,0.706649
50,44,0.707021
50,45,0.706759
50,46,0.706029
50,47,0.705028
50,48,0.703935
50,49,0.702883
50,50,0.701923
50,51,0.701049
50,52,0.700209
50,53,0.699346
50,54,0.698438
50,55,0.697525
50,56,0.696729
50,57,0.696233
50,58,0.696251
50,59,0.696953
50,60,0.698419
50,61,0.700591
50,62,0.70328
50,63,0.706201
50,64,0.709048
50,65,0.711575
50,66,0.713639
50,67,0.715222
50,68,0.716392
50,69,0.71724
50,70,0.717838
50,71,0.718202
50,72,0.718304
50,73,0.718114
50,74,0.717626
50,75,0.71689
50,76,0.716002
50,77,0.715093
50,78,0.714291
50,79,0.713694
50,80,0.713358
50,81,0.713284
50,82,0.71341
50,83,0.713631
50,84,0.713803
50,85,0.713782
50,86,0.713453
50,87,0.712765
50,88,0.711747
50,89,0.710494
50,90,0.709146
50,91,0.707853
50,92,0.706736
50,93,0.705868
50,94,0.705287
50,95,0.704997
51,0,0.698198
51,1,0.699626
51,2,0.702185
51,3,0.705369
51,4,0.708578
51,5,0.711269
51,6,0.713081
51,7,0.713881
51,8,0.713769
51,9,0.713008
51,10,0.711918
51,11,0.710777
51,12,0.709756
51,13,0.708885
51,14,0.708084
51,15,0.707232
51,16,0.706217
51,17,0.704998
51,18,0.703613
51,19,0.702155
51,20,0.70075
51,21,0.699508
51,22,0.698513
51,23,0.69781
51,24,0.697399
51,25,0.697232
51,26,0.697215
51,27,0.697214
51,28,0.697086
51,29,0.696715
51,30,0.696061
51,31,0.695181
51,32,0.694219
51,33,0.693383
51,34,0.692885
51,35,0.6929
51,36,0.693525
51,37,0.694768
51,38,0.696526
51,39,0.698608
51,40,0.700758
51,41,0.702698
51,42,0.70418
51,43,0.705036
51,44,0.705211
51,45,0.704754
51,46,0.703806
51,47,0.702551
51,48,0.70117
51,49,0.699813
51,50,0.698568
51,51,0.697471
51,52,0.69652
51,53,0.695689
51,54,0.694974
51,55,0.6944
51,56,0.694048
51,57,0.694042
51,58,0.694522
51,59,0.695597
51,60,0.697304
51,61,0.699574
51,62,0.702238
51,63,0.705053
51,64,0.707771
51,65,0.710203
51,66,0.712252
51,67,0.713933
51,68,0.715325
51,69,0.716517
51,70,0.717563
51,71,0.718453
51,72,0.71913
51,73,0.719532
51,74,0.719621
51,75,0.71942
51,76,0.719
51,77,0.718464
51,78,0.71792
51,79,0.71745
51,80,0.717101
51,81,0.716882
51,82,0.716754
51,83,0.716649
51,84,0.716466
51,85,0.716109
51,86,0.7155
51,87,0.714611
51,88,0.713477
51,89,0.712184
51,90,0.710849
51,91,0.709595
51,92,0.708521
51,93,0.707688
51,94,0.707127
51,95,0.706847
52,0,0.699047
52,1,0.70049
52,2,0.703056
52,3,0.706204
52,4,0.709299
52,5,0.711781
52,6,0.713294
52,7,0.71374
52,8,0.713269
52,9,0.712197
52,10,0.710888
52,11,0.70964
52,12,0.708622
52,13,0.707836
52,14,0.707161
52,15,0.706431
52,16,0.705493
52,17,0.704284
52,18,0.702835
52,19,0.701252
52,20,0.699683
52,21,0.698266
52,22,0.697119
52,23,0.696308
52,24,0.695859
52,25,0.69574
52,26,0.69587
52,27,0.696119
52,28,0.696335
52,29,0.696378
52,30,0.696166
52,31,0.695699
52,32,0.695063
52,33,0.694414
52,34,0.693934
52,35,0.693796
52,36,0.694123
52,37,0.694967
52,38,0.696283
52,39,0.697932
52,40,0.6997
52,41,0.701333
52,42,0.702586
52,43,0.703281
52,44,0.703335
52,45,0.702769
52,46,0.701697
52,47,0.700285
52,48,0.698708
52,49,0.697132
52,50,0.695673
52,51,0.694407
52,52,0.693371
52,53,0.692575
52,54,0.692029
52,55,0.691748
52,56,0.69178
52,57,0.692192
52,58,0.693061
52,59,0.694438
52,60,0.69632
52,61,0.698627
52,62,0.701207
52,63,0.703863
52,64,0.706399
52,65,0.708681
52,66,0.710658
52,67,0.712372
52,68,0.713916
52,69,0.715378
52,70,0.7168
52,71,0.718157
52,72,0.719369
52,73,0.720346
52,74,0.721024
52,75,0.721393
52,76,0.721491
52,77,0.721387
52,78,0.721157
52,79,0.720861
52,80,0.720535
52,81,0.720191
52,82,0.719812
52,83,0.719365
52,84,0.718797
52,85,0.718059
52,86,0.717119
52,87,0.715979
52,88,0.71469
52,89,0.713335
52,90,0.712013
52,91,0.710822
52,92,0.709832
52,93,0.709082
52,94,0.708584
52,95,0.708337
53,0,0.699391
53,1,0.70085
53,2,0.703427
53,3,0.70655
53,4,0.709551
53,5,0.711853
53,6,0.713105
53,7,0.713235
53,8,0.712436
53,9,0.711071
53,10,0.709543
53,11,0.708173
53,12,0.707131
53,13,0.706402
53,14,0.705832
53,15,0.705215
53,16,0.704367
53,17,0.703198
53,18,0.701733
53,19,0.700081
53,20,0.698409
53,21,0.696883
53,22,0.695646
53,23,0.694793
53,24,0.694366
53,25,0.694353
53,26,0.694678
53,27,0.695211
53,28,0.695787
53,29,0.696236
53,30,0.696432
53,31,0.69632
53,32,0.695931
53,33,0.695379
53,34,0.69483
53,35,0.694462
53,36,0.694433
53,37,0.694846
53,38,0.695713
53,39,0.696946
53,40,0.698372
53,41,0.699755
53,42,0.700853
53,43,0.701473
53,44,0.701506
53,45,0.700943
53,46,0.699865
53,47,0.698419
53,48,0.69677
53,49,0.695089
53,50,0.69351
53,51,0.692139
53,52,0.691048
53,53,0.690273
53,54,0.689843
53,55,0.689771
53,56,0.690084
53,57,0.690808
53,58,0.69197
53,59,0.69357
53,60,0.695572
53,61,0.69788
53,62,0.700355
53,63,0.702831
53,64,0.705159
53,65,0.707251
53,66,0.709094
53,67,0.710759
53,68,0.71235
53,69,0.71396
53,70,0.715629
53,71,0.717327
53,72,0.718964
53,73,0.720435
53,74,0.721653
53,75,0.722577
53,76,0.723208
53,77,0.723572
53,78,0.723709
53,79,0.723645
53,80,0.723399
53,81,0.72298
53,82,0.722388
53,83,0.721621
53,84,0.720671
53,85,0.719538
53,86,0.718238
53,87,0.716812
53,88,0.715331
53,89,0.713883
53,90,0.712558
53,91,0.711426
53,92,0.710531
53,93,0.70988
53,94,0.709463
53,95,0.709261
54,0,0.699206
54,1,0.70067
54,2,0.703244
54,3,0.706331
54,4,0.709241
54,5,0.711384
54,6,0.712415
54,7,0.71228
54,8,0.711207
54,9,0.709594
54,10,0.707876
54,11,0.706394
54,12,0.705321
54,13,0.704632
54,14,0.70415
54,15,0.703642
54,16,0.702893
54,17,0.701795
54,18,0.700362
54,19,0.698708
54,20,0.697016
54,21,0.695472
54,22,0.694243
54,23,0.693444
54,24,0.693135
54,25,0.693309
54,26,0.693892
54,27,0.694743
54,28,0.695676
54,29,0.69649
54,30,0.697012
54,31,0.697144
54,32,0.696875
54,33,0.696294
54,34,0.695561
54,35,0.69488
54,36,0.694448
54,37,0.694421
54,38,0.694863
54,39,0.695733
54,40,0.696885
54,41,0.698099
54,42,0.699131
54,43,0.699771
54,44,0.699884
54,45,0.69943
54,46,0.698463
54,47,0.697103
54,48,0.695501
54,49,0.693824
54,50,0.692216
54,51,0.6908
54,52,0.689669
54,53,0.688887
54,54,0.688498
54,55,0.688527
54,56,0.688994
54,57,0.689906
54,58,0.691256
54,59,0.693009
54,60,0.695094
54,61,0.697398
54,62,0.699781
54,63,0.702095
54,64,0.704222
54,65,0.706108
54,66,0.707772
54,67,0.709305
54,68,0.710826
54,69,0.712438
54,70,0.714189
54,71,0.716055
54,72,0.717953
54,73,0.719776
54,74,0.721426
54,75,0.722832
54,76,0.723962
54,77,0.724795
54,78,0.725327
54,79,0.725546
54,80,0.725444
54,81,0.725021
54,82,0.724283
54,83,0.723254
54,84,0.721965
54,85,0.720465
54,86,0.718814
54,87,0.717094
54,88,0.715403
54,89,0.713837
54,90,0.712479
54,91,0.711381
54,92,0.710559
54,93,0.709993
54,94,0.709647
54,95,0.709486
55,0,0.698543
55,1,0.699992
55,2,0.70253
55,3,0.705549
55,4,0.708351
55,5,0.710342
55,6,0.711185
55,7,0.710842
55,8,0.709561
55,9,0.707765
55,10,0.705909
55,11,0.704346
55,12,0.703253
55,13,0.702599
55,14,0.702192
55,15,0.701781
55,16,0.701134
55,17,0.700129
55,18,0.698775
55,19,0.697189
55,20,0.695566
55,21,0.69411
55,22,0.693007
55,23,0.692384
55,24,0.692307
55,25,0.692766
55,26,0.693674
55,27,0.694872
55,28,0.696143
55,29,0.697252
55,30,0.697992
55,31,0.698231
55,32,0.697933
55,33,0.697184
55,34,0.696161
55,35,0.695099
55,36,0.694243
55,37,0.693798
55,38,0.693873
55,39,0.694457
55,40,0.695425
55,41,0.696562
55,42,0.697616
55,43,0.698359
55,44,0.698633
55,45,0.698371
55,46,0.697598
55,47,0.696412
55,48,0.694945
55,49,0.693355
55,50,0.691783
55,51,0.690359
55,52,0.689189
55,53,0.688354
55,54,0.68792
55,55,0.687934
55,56,0.688425
55,57,0.689401
55,58,0.690843
55,59,0.69269
55,60,0.694843
55,61,0.697165
55,62,0.699502
55,63,0.701707
55,64,0.703675
55,65,0.705372
55,66,0.706837
55,67,0.708178
55,68,0.709525
55,69,0.710997
55,70,0.712656
55,71,0.714501
55,72,0.716467
55,73,0.718461
55,74,0.720382
55,75,0.722147
55,76,0.723687
55,77,0.724944
55,78,0.725861
55,79,0.726388
55,80,0.726482
55,81,0.726125
55,82,0.725324
55,83,0.724118
55,84,0.72257
55,85,0.72077
55,86,0.718822
55,87,0.716841
55,88,0.714952
55,89,0.713261
55,90,0.711846
55,91,0.710745
55,92,0.709954
55,93,0.709432
55,94,0.709127
55,95,0.708989
56,0,0.697508
56,1,0.698915
56,2,0.701374
56,3,0.704279
56,4,0.706941
56,5,0.708778
56,6,0.709461
56,7,0.708965
56,8,0.70755
56,9,0.705646
56,10,0.703715
56,11,0.702114
56,12,0.70102
56,13,0.700398
56,14,0.700052
56,15,0.699722
56,16,0.69917
56,17,0.698271
56,18,0.697031
56,19,0.695576
56,20,0.694111
56,21,0.692852
56,22,0.691995
56,23,0.69167
56,24,0.691936
56,25,0.69277
56,26,0.694059
56,27,0.695613
56,28,0.697184
56,29,0.698505
56,30,0.699343
56,31,0.699548
56,32,0.699086
56,33,0.698057
56,34,0.696668
56,35,0.6952
56,36,0.693941
56,37,0.693139
56,38,0.692934
56,39,0.693331
56,40,0.694213
56,41,0.695361
56,42,0.69651
56,43,0.697415
56,44,0.697898
56,45,0.697868
56,46,0.697328
56,47,0.696354
56,48,0.695064
56,49,0.693599
56,50,0.692091
56,51,0.690668
56,52,0.689437
56,53,0.688496
56,54,0.687932
56,55,0.687819
56,56,0.688216
56,57,0.689147
56,58,0.690598
56,59,0.692497
56,60,0.694719
56,61,0.697098
56,62,0.699454
56,63,0.701627
56,64,0.703506
56,65,0.705064
56,66,0.706345
56,67,0.707469
56,68,0.708574
56,69,0.709795
56,70,0.711216
56,71,0.712864
56,72,0.714707
56,73,0.716677
56,74,0.718687
56,75,0.720646
56,76,0.722466
56,77,0.724048
56,78,0.725295
56,79,0.726113
56,80,0.726424
56,81,0.726184
56,82,0.725397
56,83,0.724108
56,84,0.722402
56,85,0.720402
56,86,0.718245
56,87,0.716075
56,88,0.714035
56,89,0.712236
56,90,0.710753
56,91,0.709615
56,92,0.708806
56,93,0.708277
56,94,0.707971
56,95,0.707833
57,0,0.696216
57,1,0.697557
57,2,0.699894
57,3,0.702642
57,4,0.705137
57,5,0.706817
57,6,0.70737
57,7,0.706779
57,8,0.705305
57,9,0.70337
57,10,0.701432
57,11,0.69984
57,12,0.698767
57,13,0.698177
57,14,0.697876
57,15,0.697607
57,16,0.697135
57,17,0.696341
57,18,0.695239
57,19,0.693964
57,20,0.692727
57,21,0.691754
57,22,0.691239
57,23,0.691308
57,24,0.692
57,25,0.693265
57,26,0.694955
57,27,0.696847
57,28,0.698658
57,29,0.700099
57,30,0.70092
57,31,0.700979
57,32,0.700256
57,33,0.698885
57,34,0.697113
57,35,0.695266
57,36,0.693672
57,37,0.692608
57,38,0.692229
57,39,0.692546
57,40,0.693436
57,41,0.694667
57,42,0.695961
57,43,0.697057
57,44,0.697758
57,45,0.697957
57,46,0.697641
57,47,0.696872
57,48,0.695751
57,49,0.694406
57,50,0.692956
57,51,0.691516
57,52,0.690193
57,53,0.68909
57,54,0.688319
57,55,0.687988
57,56,0.688195
57,57,0.688995
57,58,0.690392
57,59,0.692312
57,60,0.69461
57,61,0.697088
57,62,0.699532
57,63,0.701756
57,64,0.703632
57,65,0.705121
57,66,0.706266
57,67,0.707187
57,68,0.708028
57,69,0.708937
57,70,0.710023
57,71,0.711346
57,72,0.712911
57,73,0.714686
57,74,0.716606
57,75,0.718586
57,76,0.720526
57,77,0.7223
57,78,0.723774
57,79,0.724817
57,80,0.725319
57,81,0.725213
57,82,0.724487
57,83,0.723193
57,84,0.721429
57,85,0.719338
57,86,0.71708
57,87,0.714816
57,88,0.712695
57,89,0.710829
57,90,0.709287
57,91,0.70809
57,92,0.707222
57,93,0.706638
57,94,0.706288
57,95,0.706125
58,0,0.694768
58,1,0.696024
58,2,0.698212
58,3,0.700778
58,4,0.703094
58,5,0.704631
58,6,0.705096
58,7,0.704475
58,8,0.703019
58,9,0.701133
58,10,0.699255
58,11,0.697719
58,12,0.696692
58,13,0.696137
58,14,0.695868
58,15,0.695638
58,16,0.695229
58,17,0.694534
58,18,0.693578
58,19,0.692506
58,20,0.691537
58,21,0.690897
58,22,0.690774
58,23,0.691277
58,24,0.692419
58,25,0.694117
58,26,0.696183
58,27,0.698356
58,28,0.700328
58,29,0.701795
58,30,0.702511
58,31,0.702349
58,32,0.701326
58,33,0.699614
58,34,0.697503
58,35,0.695359
58,36,0.693536
58,37,0.692325
58,38,0.691885
58,39,0.692219
58,40,0.693192
58,41,0.694556
58,42,0.696019
58,43,0.697304
58,44,0.698201
58,45,0.698594
58,46,0.69846
58,47,0.697851
58,48,0.696862
58,49,0.695605
58,50,0.694184
58,51,0.692701
58,52,0.691253
58,53,0.689948
58,54,0.688918
58,55,0.688308
58,56,0.688258
58,57,0.688866
58,58,0.69016
58,59,0.692074
58,60,0.694446
58,61,0.697048
58,62,0.699631
58,63,0.701974
58,64,0.703922
58,65,0.705418
58,66,0.706492
58,67,0.707256
58,68,0.707856
58,69,0.70845
58,70,0.709167
58,71,0.710102
58,72,0.711298
58,73,0.712759
58,74,0.71445
58,75,0.716297
58,76,0.718198
58,77,0.720012
58,78,0.72158
58,79,0.722743
58,80,0.723364
58,81,0.723356
58,82,0.722699
58,83,0.721443
58,84,0.719693
58,85,0.717606
58,86,0.71535
58,87,0.713091
58,88,0.710971
58,89,0.709094
58,90,0.707517
58,91,0.70626
58,92,0.705311
58,93,0.704639
58,94,0.704214
58,95,0.704008
59,0,0.693233
59,1,0.694399
59,2,0.696431
59,3,0.698816
59,4,0.700971
59,5,0.702404
59,6,0.702842
59,7,0.702268
59,8,0.700915
59,9,0.699159
59,10,0.697409
59,11,0.69598
59,12,0.695026
59,13,0.694515
59,14,0.694272
59,15,0.694069
59,16,0.693707
59,17,0.693095
59,18,0.692275
59,19,0.691401
59,20,0.690693
59,21,0.690377
59,22,0.690628
59,23,0.691535
59,24,0.693082
59,25,0.695148
59,26,0.697511
59,27,0.699877
59,28,0.701919
59,29,0.703332
59,30,0.703885
59,31,0.703484
59,32,0.702182
59,33,0.700192
59,34,0.697842
59,35,0.695519
59,36,0.693591
59,37,0.69235
59,38,0.691945
59,39,0.692368
59,40,0.693468
59,41,0.694984
59,42,0.696611
59,43,0.69806
59,44,0.699113
59,45,0.699648
59,46,0.699639
59,47,0.699138
59,48,0.698233
59,49,0.697028
59,50,0.695613
59,51,0.69407
59,52,0.692484
59,53,0.690964
59,54,0.689658
59,55,0.688746
59,56,0.68841
59,57,0.68879
59,58,0.689945
59,59,0.691819
59,60,0.694242
59,61,0.696961
59,62,0.699694
59,63,0.702185
59,64,0.70425
59,65,0.705807
59,66,0.706868
59,67,0.707536
59,68,0.70795
59,69,0.708275
59,70,0.708657
59,71,0.709217
59,72,0.710031
59,73,0.711135
59,74,0.712521
59,75,0.714131
59,76,0.715865
59,77,0.717577
59,78,0.719093
59,79,0.720241
59,80,0.720867
59,81,0.720876
59,82,0.720244
59,83,0.719021
59,84,0.717317
59,85,0.715294
59,86,0.713119
59,87,0.710947
59,88,0.708906
59,89,0.707077
59,90,0.705506
59,91,0.704207
59,92,0.703178
59,93,0.702409
59,94,0.701899
59,95,0.701643
60,0,0.691669
60,1,0.69275
60,2,0.69464
60,3,0.696869
60,4,0.698906
60,5,0.700297
60,6,0.700784
60,7,0.700346
60,8,0.699187
60,9,0.697647
60,10,0.6961
60,11,0.694835
60,12,0.693994
60,13,0.693549
60,14,0.693341
60,15,0.69316
60,16,0.692829
60,17,0.692278
60,18,0.69156
60,19,0.690838
60,20,0.690333
60,21,0.690267
60,22,0.690802
60,23,0.692008
60,24,0.693843
60,25,0.696157
60,26,0.698696
60,27,0.701147
60,28,0.703174
60,29,0.704481
60,30,0.70486
60,31,0.704252
60,32,0.702746
60,33,0.700588
60,34,0.698126
60,35,0.695756
60,36,0.693842
60,37,0.692663
60,38,0.692357
60,39,0.692902
60,40,0.694137
60,41,0.695791
60,42,0.697553
60,43,0.699127
60,44,0.700289
60,45,0.700916
60,46,0.700983
60,47,0.700546
60,48,0.699695
60,49,0.698524
60,50,0.697111
60,51,0.69552
60,52,0.693821
60,53,0.692115
60,54,0.690562
60,55,0.689369
60,56,0.688757
60,57,0.6889
60,58,0.689888
60,59,0.691681
60,60,0.694106
60,61,0.696892
60,62,0.699733
60,63,0.702345
60,64,0.704517
60,65,0.706146
60,66,0.707226
60,67,0.707845
60,68,0.708139
60,69,0.708272
60,70,0.708403
60,71,0.708667
60,72,0.709162
60,73,0.709947
60,74,0.711029
60,75,0.712364
60,76,0.713854
60,77,0.715356
60,78,0.71669
60,79,0.717683
60,80,0.718182
60,81,0.718092
60,82,0.717399
60,83,0.716159
60,84,0.714489
60,85,0.712549
60,86,0.710498
60,87,0.708471
60,88,0.706567
60,89,0.704844
60,90,0.703325
60,91,0.70202
60,92,0.700936
60,93,0.700087
60,94,0.699501
60,95,0.699199
61,0,0.690157
61,1,0.691164
61,2,0.692934
61,3,0.695045
61,4,0.697018
61,5,0.698438
61,6,0.699059
61,7,0.698849
61,8,0.697978
61,9,0.696745
61,10,0.695481
61,11,0.694446
61,12,0.69377
61,13,0.693427
61,14,0.693272
61,15,0.693114
61,16,0.692801
61,17,0.692274
61,18,0.6916
61,19,0.690948
61,20,0.690537
61,21,0.690588
61,22,0.691256
61,23,0.692598
61,24,0.694554
61,25,0.696957
61,26,0.699536
61,27,0.701967
61,28,0.703918
61,29,0.705103
61,30,0.705342
61,31,0.704603
61,32,0.703004
61,33,0.700807
61,34,0.698363
61,35,0.69606
61,36,0.694247
61,37,0.693184
61,38,0.692994
61,39,0.69365
61,40,0.694988
61,41,0.696737
61,42,0.698586
61,43,0.700237
61,44,0.701465
61,45,0.702146
61,46,0.702261
61,47,0.701872
61,48,0.701071
61,49,0.699948
61,50,0.69857
61,51,0.69698
61,52,0.695231
61,53,0.693414
61,54,0.691692
61,55,0.690288
61,56,0.689447
61,57,0.689374
61,58,0.690183
61,59,0.691849
61,60,0.694203
61,61,0.696968
61,62,0.699823
61,63,0.70247
61,64,0.70468
61,65,0.706334
61,66,0.707416
61,67,0.708004
61,68,0.70823
61,69,0.708256
61,70,0.708244
61,71,0.708333
61,72,0.708629
61,73,0.709196
61,74,0.710047
61,75,0.711136
61,76,0.712368
61,77,0.7136
61,78,0.714658
61,79,0.715376
61,80,0.715616
61,81,0.715303
61,82,0.714441
61,83,0.713107
61,84,0.711425
61,85,0.709556
61,86,0.707642
61,87,0.705791
61,88,0.704067
61,89,0.702496
61,90,0.701079
61,91,0.699815
61,92,0.698721
61,93,0.69783
61,94,0.697195
61,95,0.696863
62,0,0.688825
62,1,0.689767
62,2,0.691436
62,3,0.693461
62,4,0.695416
62,5,0.696922
62,6,0.697748
62,7,0.697846
62,8,0.69735
62,9,0.696511
62,10,0.695614
62,11,0.694885
62,12,0.694437
62,13,0.694241
62,14,0.694165
62,15,0.694036
62,16,0.693716
62,17,0.693164
62,18,0.692453
62,19,0.691756
62,20,0.691296
62,21,0.691295
62,22,0.691907
62,23,0.693189
62,24,0.695081
62,25,0.697408
62,26,0.6999
62,27,0.702233
62,28,0.70408
62,29,0.705172
62,30,0.705344
62,31,0.704581
62,32,0.703012
62,33,0.700897
62,34,0.698576
62,35,0.696417
62,36,0.694744
62,37,0.693801
62,38,0.6937
62,39,0.694416
62,40,0.695795
62,41,0.697575
62,42,0.699452
62,43,0.701131
62,44,0.702388
62,45,0.703103
62,46,0.70326
62,47,0.702927
62,48,0.7022
62,49,0.701167
62,50,0.699882
62,51,0.698373
62,52,0.696673
62,53,0.694859
62,54,0.693087
62,55,0.691582
62,56,0.690602
62,57,0.690368
62,58,0.691008
62,59,0.69251
62,60,0.694714
62,61,0.697346
62,62,0.700086
62,63,0.702634
62,64,0.704758
62,65,0.706336
62,66,0.707352
62,67,0.707883
62,68,0.708058
62,69,0.708041
62,70,0.707986
62,71,0.708029
62,72,0.708268
62,73,0.708754
62,74,0.709489
62,75,0.710415
62,76,0.711431
62,77,0.712389
62,78,0.713124
62,79,0.713487
62,80,0.713367
62,81,0.712724
62,82,0.711596
62,83,0.710088
62,84,0.708341
62,85,0.706513
62,86,0.70473
62,87,0.703068
62,88,0.701552
62,89,0.700171
62,90,0.698901
62,91,0.697731
62,92,0.696678
62,93,0.695794
62,94,0.695148
62,95,0.694806
63,0,0.687831
63,1,0.688708
63,2,0.690279
63,3,0.692226
63,4,0.694177
63,5,0.695796
63,6,0.696867
63,7,0.697327
63,8,0.697272
63,9,0.696901
63,10,0.69645
63,11,0.696104
63,12,0.69595
63,13,0.695951
63,14,0.695981
63,15,0.695879
63,16,0.695523
63,17,0.694882
63,18,0.694039
63,19,0.693172
63,20,0.692509
63,21,0.692279
63,22,0.692648
63,23,0.693683
63,24,0.695338
63,25,0.69745
63,26,0.699761
63,27,0.701955
63,28,0.703714
63,29,0.704773
63,30,0.704973
63,31,0.704297
63,32,0.702865
63,33,0.700923
63,34,0.698786
63,35,0.696796
63,36,0.695255
63,37,0.694392
63,38,0.69432
63,39,0.695023
63,40,0.696365
63,41,0.698102
63,42,0.699945
63,43,0.701606
63,44,0.702865
63,45,0.703604
63,46,0.70381
63,47,0.703556
63,48,0.702942
63,49,0.702051
63,50,0.700931
63,51,0.699593
63,52,0.698054
63,53,0.696373
63,54,0.694693
63,55,0.693229
63,56,0.692233
63,57,0.691926
63,58,0.692438
63,59,0.693764
63,60,0.695754
63,61,0.698147
63,62,0.700634
63,63,0.702929
63,64,0.704814
63,65,0.706179
63,66,0.707019
63,67,0.707421
63,68,0.70752
63,69,0.70748
63,70,0.707449
63,71,0.707548
63,72,0.707853
63,73,0.708392
63,74,0.70914
63,75,0.710013
63,76,0.710891
63,77,0.711621
63,78,0.712041
63,79,0.712026
63,80,0.7115
63,81,0.710469
63,82,0.709017
63,83,0.707284
63,84,0.705435
63,85,0.703628
63,86,0.701969
63,87,0.700502
63,88,0.699211
63,89,0.698049
63,90,0.696966
63,91,0.695935
63,92,0.694975
63,93,0.694144
63,94,0.693525
63,95,0.693192
64,0,0.687322
64,1,0.688124
64,2,0.689578
64,3,0.691422
64,4,0.693346
64,5,0.695062
64,6,0.696374
64,7,0.697211
64,8,0.697631
64,9,0.69778
64,10,0.697839
64,11,0.697942
64,12,0.698142
64,13,0.698386
64,14,0.698546
64,15,0.698465
64,16,0.698038
64,17,0.697243
64,18,0.696174
64,19,0.695018
64,20,0.694014
64,21,0.693405
64,22,0.693375
64,23,0.694015
64,24,0.695306
64,25,0.697111
64,26,0.699192
64,27,0.701247
64,28,0.702962
64,29,0.704066
64,30,0.704389
64,31,0.703891
64,32,0.702671
64,33,0.700946
64,34,0.699004
64,35,0.697162
64,36,0.695707
64,37,0.694863
64,38,0.694748
64,39,0.695364
64,40,0.696597
64,41,0.698226
64,42,0.699979
64,43,0.701581
64,44,0.702815
64,45,0.703569
64,46,0.703831
64,47,0.703677
64,48,0.703205
64,49,0.702499
64,50,0.701598
64,51,0.700508
64,52,0.699229
64,53,0.697807
64,54,0.696362
64,55,0.69509
64,56,0.69422
64,57,0.693955
64,58,0.694413
64,59,0.695586
64,60,0.697333
64,61,0.699408
64,62,0.701526
64,63,0.703428
64,64,0.704922
64,65,0.705926
64,66,0.70646
64,67,0.70663
64,68,0.706585
64,69,0.706493
64,70,0.706497
64,71,0.706699
64,72,0.707148
64,73,0.707838
64,74,0.708706
64,75,0.709634
64,76,0.710474
64,77,0.711057
64,78,0.711225
64,79,0.710875
64,80,0.70997
64,81,0.708565
64,82,0.706794
64,83,0.70484
64,84,0.702892
64,85,0.701109
64,86,0.69958
64,87,0.698315
64,88,0.69726
64,89,0.696335
64,90,0.695462
64,91,0.694602
64,92,0.693769
64,93,0.693026
64,94,0.692461
64,95,0.692154
65,0,0.687378
65,1,0.688083
65,2,0.68938
65,3,0.691069
65,4,0.692905
65,5,0.69466
65,6,0.696166
65,7,0.697349
65,8,0.698238
65,9,0.698926
65,10,0.699531
65,11,0.700132
65,12,0.700734
65,13,0.701258
65,14,0.701563
65,15,0.701498
65,16,0.700967
65,17,0.699964
65,18,0.698598
65,19,0.697067
65,20,0.695628
65,21,0.694541
65,22,0.694016
65,23,0.694176
65,24,0.695038
65,25,0.6965
65,26,0.698348
65,27,0.700296
65,28,0.702026
65,29,0.703249
65,30,0.703766
65,31,0.703502
65,32,0.70252
65,33,0.701006
65,34,0.699225
65,35,0.697481
65,36,0.696053
65,37,0.695169
65,38,0.694957
65,39,0.695437
65,40,0.696516
65,41,0.697992
65,42,0.699613
65,43,0.701116
65,44,0.702296
65,45,0.703043
65,46,0.703348
65,47,0.703288
65,48,0.702961
65,49,0.702449
65,50,0.701791
65,51,0.700988
65,52,0.700035
65,53,0.698965
65,54,0.697875
65,55,0.696931
65,56,0.696327
65,57,0.696229
65,58,0.696729
65,59,0.697806
65,60,0.699319
65,61,0.701044
65,62,0.702723
65,63,0.704132
65,64,0.705119
65,65,0.705639
65,66,0.705746
65,67,0.705574
65,68,0.705292
65,69,0.705079
65,70,0.705073
65,71,0.705362
65,72,0.705968
65,73,0.706849
65,74,0.707901
65,75,0.708969
65,76,0.709868
65,77,0.71041
65,78,0.710436
65,79,0.709858
65,80,0.708675
65,81,0.706988
65,82,0.704982
65,83,0.702875
65,84,0.700881
65,85,0.699159
65,86,0.697783
65,87,0.696731
65,88,0.695918
65,89,0.695231
65,90,0.694574
65,91,0.693893
65,92,0.693199
65,93,0.692557
65,94,0.692055
65,95,0.691779
66,0,0.687941
66,1,0.688525
66,2,0.689619
66,3,0.691085
66,4,0.692755
66,5,0.694462
66,6,0.696081
66,7,0.697545
66,8,0.698859
66,9,0.700067
66,10,0.701222
66,11,0.702341
66,12,0.703373
66,13,0.704201
66,14,0.704666
66,15,0.704618
66,16,0.703969
66,17,0.702732
66,18,0.701034
66,19,0.699091
66,20,0.697179
66,21,0.69558
66,22,0.694534
66,23,0.694198
66,24,0.69463
66,25,0.695762
66,26,0.697411
66,27,0.699299
66,28,0.701097
66,29,0.702489
66,30,0.703233
66,31,0.703209
66,32,0.702444
66,33,0.701096
66,34,0.699419
66,35,0.697714
66,36,0.696267
66,37,0.695313
66,38,0.694992
66,39,0.695332
66,40,0.696252
66,41,0.697563
66,42,0.699028
66,43,0.700398
66,44,0.701481
66,45,0.702176
66,46,0.702481
66,47,0.702474
66,48,0.702255
66,49,0.701906
66,50,0.701471
66,51,0.700952
66,52,0.700348
66,53,0.699679
66,54,0.699022
66,55,0.698507
66,56,0.69828
66,57,0.698459
66,58,0.699096
66,59,0.700147
66,60,0.701469
66,61,0.702854
66,62,0.704077
66,63,0.704952
66,64,0.705374
66,65,0.705337
66,66,0.704934
66,67,0.704331
66,68,0.703721
66,69,0.703294
66,70,0.703194
66,71,0.703499
66,72,0.704213
66,73,0.705264
66,74,0.706514
66,75,0.70777
66,76,0.708812
66,77,0.709429
66,78,0.709453
66,79,0.708805
66,80,0.707512
66,81,0.705709
66,82,0.703618
66,83,0.701488
66,84,0.699547
66,85,0.697954
66,86,0.696767
66,87,0.69594
66,88,0.695363
66,89,0.694901
66,90,0.69444
66,91,0.693921
66,92,0.693351
66,93,0.692797
66,94,0.692351
66,95,0.692102
67,0,0.688819
67,1,0.689264
67,2,0.690115
67,3,0.6913
67,4,0.692724
67,5,0.694291
67,6,0.695926
67,7,0.697579
67,8,0.69924
67,9,0.700911
67,10,0.702585
67,11,0.70421
67,12,0.705678
67,13,0.706823
67,14,0.707467
67,15,0.707451
67,16,0.706699
67,17,0.705241
67,18,0.703226
67,19,0.700891
67,20,0.69853
67,21,0.696451
67,22,0.694921
67,23,0.694132
67,24,0.69418
67,25,0.695034
67,26,0.696534
67,27,0.698407
67,28,0.700307
67,29,0.701882
67,30,0.702841
67,31,0.703021
67,32,0.702414
67,33,0.701166
67,34,0.699532
67,35,0.697826
67,36,0.69635
67,37,0.695347
67,38,0.694959
67,39,0.69521
67,40,0.696013
67,41,0.697182
67,42,0.698485
67,43,0.699689
67,44,0.70062
67,45,0.701193
67,46,0.701421
67,47,0.701389
67,48,0.701204
67,49,0.700953
67,50,0.700686
67,51,0.700415
67,52,0.70014
67,53,0.699877
67,54,0.699681
67,55,0.699641
67,56,0.69985
67,57,0.700373
67,58,0.701213
67,59,0.702297
67,60,0.703477
67,61,0.704559
67,62,0.705353
67,63,0.705714
67,64,0.705577
67,65,0.704978
67,66,0.704043
67,67,0.702967
67,68,0.701963
67,69,0.701238
67,70,0.700943
67,71,0.701162
67,72,0.701891
67,73,0.703045
67,74,0.704462
67,75,0.705918
67,76,0.707167
67,77,0.70797
67,78,0.708148
67,79,0.707621
67,80,0.706426
67,81,0.704721
67,82,0.702743
67,83,0.700759
67,84,0.698999
67,85,0.697618
67,86,0.69666
67,87,0.696064
67,88,0.695703
67,89,0.695431
67,90,0.695127
67,91,0.694728
67,92,0.694244
67,93,0.693747
67,94,0.693334
67,95,0.6931
68,0,0.68972
68,1,0.69002
68,2,0.690613
68,3,0.691484
68,4,0.692609
68,5,0.69396
68,6,0.695516
68,7,0.697254
68,8,0.699162
68,9,0.701209
68,10,0.703334
68,11,0.705425
68,12,0.70731
68,13,0.70878
68,14,0.709625
68,15,0.709679
68,16,0.708871
68,17,0.707249
68,18,0.704981
68,19,0.702322
68,20,0.69959
68,21,0.697111
68,22,0.695178
68,23,0.694017
68,24,0.693757
68,25,0.694397
68,26,0.695798
68,27,0.697687
68,28,0.699694
68,29,0.701428
68,30,0.702553
68,31,0.702868
68,32,0.702343
68,33,0.701127
68,34,0.699494
68,35,0.697784
68,36,0.696316
68,37,0.69534
68,38,0.694984
68,39,0.695248
68,40,0.696021
68,41,0.6971
68,42,0.698252
68,43,0.699258
68,44,0.69997
68,45,0.700331
68,46,0.700381
68,47,0.700222
68,48,0.699974
68,49,0.699736
68,50,0.699568
68,51,0.699488
68,52,0.699501
68,53,0.699615
68,54,0.699859
68,55,0.700282
68,56,0.700923
68,57,0.701792
68,58,0.702844
68,59,0.70398
68,60,0.705046
68,61,0.705869
68,62,0.706289
68,63,0.706199
68,64,0.705572
68,65,0.704475
68,66,0.703056
68,67,0.701524
68,68,0.700109
68,69,0.69903
68,70,0.698454
68,71,0.698479
68,72,0.699113
68,73,0.700273
68,74,0.701792
68,75,0.703432
68,76,0.704924
68,77,0.706009
68,78,0.706491
68,79,0.706279
68,80,0.705404
68,81,0.704023
68,82,0.702371
68,83,0.700709
68,84,0.699262
68,85,0.698173
68,86,0.697476
68,87,0.697104
68,88,0.696926
68,89,0.696794
68,90,0.69659
68,91,0.696256
68,92,0.695807
68,93,0.695325
68,94,0.694915
68,95,0.694679
69,0,0.690364
69,1,0.690531
69,2,0.690881
69,3,0.691443
69,4,0.692252
69,5,0.693341
69,6,0.694739
69,7,0.69646
69,8,0.698499
69,9,0.700809
69,10,0.703289
69,11,0.705774
69,12,0.708039
69,13,0.709829
69,14,0.710902
69,15,0.711081
69,16,0.710294
69,17,0.708598
69,18,0.706177
69,19,0.703303
69,20,0.700307
69,21,0.697536
69,22,0.695304
69,23,0.693866
69,24,0.693378
69,25,0.693868
69,26,0.695207
69,27,0.697118
69,28,0.699208
69,29,0.701047
69,30,0.702264
69,31,0.702629
69,32,0.702112
69,33,0.700878
69,34,0.699235
69,35,0.697556
69,36,0.696182
69,37,0.695353
69,38,0.695168
69,39,0.695583
69,40,0.696439
69,41,0.697499
69,42,0.698523
69,43,0.699306
69,44,0.699733
69,45,0.699789
69,46,0.699553
69,47,0.69916
69,48,0.698754
69,49,0.698449
69,50,0.698313
69,51,0.698371
69,52,0.698624
69,53,0.699063
69,54,0.699692
69,55,0.700513
69,56,0.701517
69,57,0.702663
69,58,0.70387
69,59,0.705021
69,60,0.705967
69,61,0.706555
69,62,0.706661
69,63,0.706213
69,64,0.70521
69,65,0.703733
69,66,0.701938
69,67,0.700032
69,68,0.698244
69,69,0.696803
69,70,0.695893
69,71,0.695636
69,72,0.696069
69,73,0.697134
69,74,0.698676
69,75,0.700459
69,76,0.702206
69,77,0.703643
69,78,0.704553
69,79,0.704823
69,80,0.704465
69,81,0.70361
69,82,0.702471
69,83,0.701284
69,84,0.700256
69,85,0.699517
69,86,0.699093
69,87,0.698921
69,88,0.698877
69,89,0.698825
69,90,0.698658
69,91,0.698331
69,92,0.697868
69,93,0.697361
69,94,0.696926
69,95,0.696676
70,0,0.690594
70,1,0.690654
70,2,0.690804
70,3,0.6911
70,4,0.691614
70,5,0.692426
70,6,0.693611
70,7,0.695221
70,8,0.69727
70,9,0.699713
70,10,0.702427
70,11,0.705211
70,12,0.707799
70,13,0.709894
70,14,0.711223
70,15,0.711589
70,16,0.710912
70,17,0.709252
70,18,0.706796
70,19,0.703827
70,20,0.700687
70,21,0.697735
70,22,0.695307
70,23,0.69368
70,24,0.693037
70,25,0.693422
70,26,0.694718
70,27,0.696635
70,28,0.698761
70,29,0.700634
70,30,0.701857
70,31,0.702192
70,32,0.70162
70,33,0.700341
70,34,0.698708
70,35,0.697129
70,36,0.695959
70,37,0.69542
70,38,0.695562
70,39,0.696275
70,40,0.697334
70,41,0.698459
70,42,0.69939
70,43,0.699939
70,44,0.700032
70,45,0.699707
70,46,0.699097
70,47,0.698383
70,48,0.697742
70,49,0.697308
70,50,0.697159
70,51,0.697314
70,52,0.697762
70,53,0.69847
70,54,0.699402
70,55,0.70052
70,56,0.701768
70,57,0.703068
70,58,0.704317
70,59,0.705393
70,60,0.706167
70,61,0.70652
70,62,0.706364
70,63,0.705656
70,64,0.704412
70,65,0.70271
70,66,0.700689
70,67,0.698535
70,68,0.696464
70,69,0.6947
70,70,0.693445
70,71,0.692855
70,72,0.693009
70,73,0.693887
70,74,0.695371
70,75,0.697242
70,76,0.699231
70,77,0.701052
70,78,0.702471
70,79,0.703343
70,80,0.703642
70,81,0.703457
70,82,0.702958
70,83,0.702346
70,84,0.701796
70,85,0.701424
70,86,0.701256
70,87,0.701239
70,88,0.70127
70,89,0.701235
70,90,0.701048
70,91,0.700679
70,92,0.700166
70,93,0.69961
70,94,0.699137
70,95,0.698866
71,0,0.690443
71,1,0.690433
71,2,0.690445
71,3,0.69054
71,4,0.690808
71,5,0.691353
71,6,0.692287
71,7,0.6937
71,8,0.695639
71,9,0.698077
71,10,0.700891
71,11,0.703863
71,12,0.706699
71,13,0.709071
71,14,0.710673
71,15,0.711284
71,16,0.710806
71,17,0.709287
71,18,0.706911
71,19,0.70396
71,20,0.700784
71,21,0.697751
71,22,0.695214
71,23,0.693472
71,24,0.692727
71,25,0.693039
71,26,0.694291
71,27,0.696187
71,28,0.698292
71,29,0.700123
71,30,0.701271
71,31,0.701504
71,32,0.700832
71,33,0.699502
71,34,0.697914
71,35,0.696512
71,36,0.695656
71,37,0.695536
71,38,0.696142
71,39,0.697284
71,40,0.698658
71,41,0.69993
71,42,0.700818
71,43,0.70115
71,44,0.700896
71,45,0.700155
71,46,0.699125
71,47,0.698043
71,48,0.697125
71,49,0.69653
71,50,0.69634
71,51,0.696566
71,52,0.697171
71,53,0.698087
71,54,0.699234
71,55,0.700529
71,56,0.701878
71,57,0.703178
71,58,0.704322
71,59,0.705205
71,60,0.705732
71,61,0.705828
71,62,0.705445
71,63,0.704568
71,64,0.703215
71,65,0.701446
71,66,0.699363
71,67,0.697111
71,68,0.694874
71,69,0.692864
71,70,0.691296
71,71,0.690362
71,72,0.690189
71,73,0.690816
71,74,0.692169
71,75,0.69407
71,76,0.696263
71,77,0.698464
71,78,0.700419
71,79,0.701947
71,80,0.70297
71,81,0.703523
71,82,0.703718
71,83,0.703707
71,84,0.703636
71,85,0.703602
71,86,0.70364
71,87,0.703715
71,88,0.703754
71,89,0.703674
71,90,0.703417
71,91,0.702973
71,92,0.702393
71,93,0.701783
71,94,0.701273
71,95,0.700983
72,0,0.690147
72,1,0.690107
72,2,0.690046
72,3,0.690013
72,4,0.690091
72,5,0.69039
72,6,0.691047
72,7,0.692189
72,8,0.693903
72,9,0.696196
72,10,0.698967
72,11,0.702004
72,12,0.705001
72,13,0.707605
72,14,0.709481
72,15,0.710378
72,16,0.710167
72,17,0.708876
72,18,0.706673
72,19,0.703831
72,20,0.700703
72,21,0.697666
72,22,0.695087
72,23,0.693285
72,24,0.692479
72,25,0.692736
72,26,0.693941
72,27,0.695782
72,28,0.697811
72,29,0.69953
72,30,0.700532
72,31,0.700608
72,32,0.699806
72,33,0.698423
72,34,0.696912
72,35,0.695746
72,36,0.69528
72,37,0.695668
72,38,0.69683
72,39,0.69849
72,40,0.700266
72,41,0.701763
72,42,0.702676
72,43,0.702846
72,44,0.702284
72,45,0.701151
72,46,0.699713
72,47,0.698262
72,48,0.697063
72,49,0.696297
72,50,0.696052
72,51,0.696323
72,52,0.697044
72,53,0.698103
72,54,0.699373
72,55,0.700727
72,56,0.702037
72,57,0.703191
72,58,0.704091
72,59,0.704666
72,60,0.70487
72,61,0.704682
72,62,0.704098
72,63,0.703123
72,64,0.701773
72,65,0.700073
72,66,0.698074
72,67,0.695865
72,68,0.693585
72,69,0.691426
72,70,0.689608
72,71,0.688357
72,72,0.687853
72,73,0.688194
72,74,0.689366
72,75,0.691238
72,76,0.693583
72,77,0.696124
72,78,0.69859
72,79,0.700758
72,80,0.702496
72,81,0.703771
72,82,0.704632
72,83,0.70518
72,84,0.705526
72,85,0.705759
72,86,0.705922
72,87,0.70601
72,88,0.705985
72,89,0.705803
72,90,0.705436
72,91,0.704898
72,92,0.704249
72,93,0.703596
72,94,0.703064
72,95,0.702765
73,0,0.690075
73,1,0.690036
73,2,0.689957
73,3,0.68986
73,4,0.689798
73,5,0.689872
73,6,0.69023
73,7,0.691032
73,8,0.692412
73,9,0.694427
73,10,0.697015
73,11,0.699988
73,12,0.703046
73,13,0.705822
73,14,0.707953
73,15,0.709151
73,16,0.709248
73,17,0.70824
73,18,0.70627
73,19,0.703598
73,20,0.700574
73,21,0.697586
73,22,0.695015
73,23,0.693197
73,24,0.692364
73,25,0.692587
73,26,0.693741
73,27,0.695504
73,28,0.697413
73,29,0.698966
73,30,0.69977
73,31,0.699644
73,32,0.698687
73,33,0.697248
73,34,0.695823
73,35,0.694909
73,36,0.694854
73,37,0.695772
73,38,0.697517
73,39,0.699735
73,40,0.701964
73,41,0.703757
73,42,0.704782
73,43,0.704884
73,44,0.70411
73,45,0.702672
73,46,0.700894
73,47,0.699124
73,48,0.697669
73,49,0.696736
73,50,0.696419
73,51,0.696701
73,52,0.697483
73,53,0.698613
73,54,0.699917
73,55,0.701227
73,56,0.702389
73,57,0.703287
73,58,0.703843
73,59,0.704032
73,60,0.703864
73,61,0.703377
73,62,0.702611
73,63,0.701591
73,64,0.700318
73,65,0.698779
73,66,0.696966
73,67,0.694906
73,68,0.692689
73,69,0.690478
73,70,0.688493
73,71,0.686987
73,72,0.686185
73,73,0.686246
73,74,0.687215
73,75,0.689013
73,76,0.691452
73,77,0.694266
73,78,0.69717
73,79,0.699904
73,80,0.702276
73,81,0.704186
73,82,0.705618
73,83,0.706622
73,84,0.707279
73,85,0.707673
73,86,0.707862
73,87,0.707874
73,88,0.707713
73,89,0.707374
73,90,0.706865
73,91,0.706222
73,92,0.705511
73,93,0.704833
73,94,0.704299
73,95,0.704004
74,0,0.690584
74,1,0.690568
74,2,0.69051
74,3,0.69039
74,4,0.690224
74,5,0.690087
74,6,0.690128
74,7,0.690534
74,8,0.691488
74,9,0.693105
74,10,0.695379
74,11,0.698165
74,12,0.701181
74,13,0.704055
74,14,0.7064
74,15,0.707886
74,16,0.708301
74,17,0.707597
74,18,0.705886
74,19,0.703412
74,20,0.700523
74,21,0.697617
74,22,0.695091
74,23,0.693297
74,24,0.692474
74,25,0.692688
74,26,0.693803
74,27,0.695479
74,28,0.697242
74,29,0.698594
74,30,0.699162
74,31,0.698806
74,32,0.69767
74,33,0.696155
74,34,0.694794
74,35,0.6941
74,36,0.694415
74,37,0.695817
74,38,0.698106
74,39,0.700863
74,40,0.703565
74,41,0.705714
74,42,0.70695
74,43,0.707113
74,44,0.70627
74,45,0.704664
74,46,0.702662
74,47,0.700657
74,48,0.69899
74,49,0.697895
74,50,0.697477
74,51,0.697712
74,52,0.698483
74,53,0.699601
74,54,0.700856
74,55,0.702044
74,56,0.70299
74,57,0.703576
74,58,0.703752
74,59,0.703534
74,60,0.702992
74,61,0.702218
74,62,0.701293
74,63,0.700255
74,64,0.699092
74,65,0.697751
74,66,0.696167
74,67,0.694313
74,68,0.692229
74,69,0.690052
74,70,0.687994
74,71,0.686323
74,72,0.685299
74,73,0.685127
74,74,0.685905
74,75,0.687607
74,76,0.690082
74,77,0.693085
74,78,0.696323
74,79,0.699502
74,80,0.702377
74,81,0.704782
74,82,0.706641
74,83,0.707959
74,84,0.708794
74,85,0.709229
74,86,0.709341
74,87,0.709193
74,88,0.708828
74,89,0.708285
74,90,0.707605
74,91,0.706846
74,92,0.706078
74,93,0.70539
74,94,0.70487
74,95,0.704589
75,0,0.691887
75,1,0.691904
75,2,0.691887
75,3,0.691772
75,4,0.691525
75,5,0.691189
75,6,0.690902
75,7,0.690875
75,8,0.691334
75,9,0.69246
75,10,0.694313
75,11,0.696801
75,12,0.699675
75,13,0.702569
75,14,0.70507
75,15,0.706808
75,16,0.70752
75,17,0.707109
75,18,0.705653
75,19,0.703376
75,20,0.700628
75,21,0.697821
75,22,0.695368
75,23,0.693635
75,24,0.692862
75,25,0.693104
75,26,0.694203
75,27,0.695801
75,28,0.697415
75,29,0.698553
75,30,0.69887
75,31,0.698265
75,32,0.696932
75,33,0.695312
75,34,0.693969
75,35,0.693427
75,36,0.69402
75,37,0.695804
75,38,0.698544
75,39,0.701777
75,40,0.704937
75,41,0.707485
75,42,0.709029
75,43,0.709396
75,44,0.708645
75,45,0.707033
75,46,0.704946
75,47,0.702803
75,48,0.700972
75,49,0.699715
75,50,0.699151
75,51,0.699267
75,52,0.699936
75,53,0.700955
75,54,0.702086
75,55,0.703101
75,56,0.703807
75,57,0.704087
75,58,0.703909
75,59,0.703327
75,60,0.702458
75,61,0.701438
75,62,0.70038
75,63,0.699333
75,64,0.69827
75,65,0.697107
75,66,0.695739
75,67,0.694095
75,68,0.692181
75,69,0.690107
75,70,0.688076
75,71,0.686355
75,72,0.68522
75,73,0.684902
75,74,0.685538
75,75,0.687145
75,76,0.689611
75,77,0.692713
75,78,0.69616
75,79,0.699633
75,80,0.702844
75,81,0.705572
75,82,0.707691
75,83,0.709168
75,84,0.710044
75,85,0.710405
75,86,0.710349
75,87,0.709972
75,88,0.709355
75,89,0.708573
75,90,0.707701
75,91,0.706814
75,92,0.705985
75,93,0.70529
75,94,0.704789
75,95,0.704527
76,0,0.693946
76,1,0.694002
76,2,0.694036
76,3,0.693941
76,4,0.693635
76,5,0.693121
76,6,0.692518
76,7,0.69205
76,8,0.691986
76,9,0.692568
76,10,0.693927
76,11,0.696035
76,12,0.698685
76,13,0.701522
76,14,0.704115
76,15,0.706051
76,16,0.707015
76,17,0.706858
76,18,0.705623
76,19,0.703518
76,20,0.700898
76,21,0.69819
76,22,0.695828
76,23,0.694189
76,24,0.693507
76,25,0.693818
76,26,0.694937
76,27,0.696482
76,28,0.697959
76,29,0.698892
76,30,0.698962
76,31,0.698111
76,32,0.696575
76,33,0.694825
76,34,0.693447
76,35,0.692972
76,36,0.693728
76,37,0.695764
76,38,0.69883
76,39,0.702445
76,40,0.706018
76,41,0.708981
76,42,0.710911
76,43,0.711604
76,44,0.711096
76,45,0.70963
76,46,0.707587
76,47,0.705397
76,48,0.703447
76,49,0.702019
76,50,0.70126
76,51,0.701176
76,52,0.701653
76,53,0.702488
76,54,0.703437
76,55,0.704255
76,56,0.704737
76,57,0.704763
76,58,0.704311
76,59,0.703457
76,60,0.702347
76,61,0.701147
76,62,0.699986
76,63,0.698921
76,64,0.697915
76,65,0.696869
76,66,0.695656
76,67,0.694186
76,68,0.692449
76,69,0.690539
76,70,0.688639
76,71,0.687003
76,72,0.685896
76,73,0.685554
76,74,0.68613
76,75,0.687667
76,76,0.69009
76,77,0.693202
76,78,0.696723
76,79,0.700324
76,80,0.703688
76,81,0.706555
76,82,0.70876
76,83,0.710245
76,84,0.711038
76,85,0.711233
76,86,0.710948
76,87,0.710302
76,88,0.70941
76,89,0.708378
76,90,0.707305
76,91,0.706281
76,92,0.705383
76,93,0.70467
76,94,0.704181
76,95,0.703932
77,0,0.696473
77,1,0.696571
77,2,0.696666
77,3,0.696612
77,4,0.696278
77,5,0.695625
77,6,0.69475
77,7,0.693878
77,8,0.69331
77,9,0.693345
77,10,0.694186
77,11,0.695873
77,12,0.698243
77,13,0.700961
77,14,0.703582
77,15,0.705651
77,16,0.706802
77,17,0.706838
77,18,0.705765
77,19,0.703784
77,20,0.701257
77,21,0.698632
77,22,0.696367
77,23,0.694843
77,24,0.694286
77,25,0.694704
77,26,0.695881
77,27,0.697407
77,28,0.698781
77,29,0.699538
77,30,0.699393
77,31,0.698324
77,32,0.696602
77,33,0.694721
77,34,0.693274
77,35,0.692793
77,36,0.693606
77,37,0.695765
77,38,0.699025
77,39,0.702911
77,40,0.706825
77,41,0.710183
77,42,0.71253
77,43,0.713624
77,44,0.713459
77,45,0.712245
77,46,0.710343
77,47,0.708173
77,48,0.706133
77,49,0.704526
77,50,0.703529
77,51,0.703178
77,52,0.703388
77,53,0.703978
77,54,0.704706
77,55,0.705329
77,56,0.705632
77,57,0.705487
77,58,0.70487
77,59,0.703862
77,60,0.702619
77,61,0.701313
77,62,0.70008
77,63,0.698976
77,64,0.697965
77,65,0.696949
77,66,0.695808
77,67,0.694458
77,68,0.692894
77,69,0.6912
77,70,0.68954
77,71,0.688133
77,72,0.687213
77,73,0.686987
77,74,0.687601
77,75,0.689111
77,76,0.691467
77,77,0.694502
77,78,0.697961
77,79,0.701519
77,80,0.70485
77,81,0.707673
77,82,0.709801
77,83,0.711159
77,84,0.711773
77,85,0.711742
77,86,0.7112
77,87,0.710287
77,88,0.709138
77,89,0.707875
77,90,0.706614
77,91,0.705458
77,92,0.704481
77,93,0.703735
77,94,0.70324
77,95,0.702995
78,0,0.699003
78,1,0.699148
78,2,0.699319
78,3,0.699336
78,4,0.699024
78,5,0.698301
78,6,0.697234
78,7,0.69604
78,8,0.695043
78,9,0.694588
78,10,0.694944
78,11,0.696213
78,12,0.698284
78,13,0.700843
78,14,0.703434
78,15,0.705567
78,16,0.706829
78,17,0.706977
78,18,0.705991
78,19,0.704066
78,20,0.701579
78,21,0.699006
78,22,0.696824
78,23,0.695421
78,24,0.695008
78,25,0.695562
78,26,0.69683
78,27,0.698374
78,28,0.699688
78,29,0.700321
78,30,0.700017
78,31,0.698789
78,32,0.696934
78,33,0.694955
78,34,0.69344
78,35,0.692917
78,36,0.693712
78,37,0.695889
78,38,0.699225
78,39,0.703264
78,40,0.707422
78,41,0.711109
78,42,0.713843
78,43,0.715339
78,44,0.715544
78,45,0.714622
78,46,0.712901
78,47,0.710786
78,48,0.708673
78,49,0.706885
78,50,0.705627
78,51,0.704976
78,52,0.704883
78,53,0.705197
78,54,0.705699
78,55,0.706151
78,56,0.706335
78,57,0.706113
78,58,0.705448
78,59,0.704409
78,60,0.703138
78,61,0.701798
78,62,0.700517
78,63,0.699348
78,64,0.698265
78,65,0.697192
78,66,0.696041
78,67,0.69476
78,68,0.693366
78,69,0.691944
78,70,0.69063
78,71,0.689596
78,72,0.689014
78,73,0.689043
78,74,0.689795
78,75,0.691321
78,76,0.693591
78,77,0.69647
78,78,0.699735
78,79,0.703086
78,80,0.706206
78,81,0.708816
78,82,0.710719
78,83,0.71184
78,84,0.712205
78,85,0.711923
78,86,0.711137
78,87,0.709998
78,88,0.708646
78,89,0.707209
78,90,0.705805
78,91,0.704539
78,92,0.703487
78,93,0.702694
78,94,0.702176
78,95,0.701921
79,0,0.701022
79,1,0.701223
79,2,0.701492
79,3,0.70162
79,4,0.701395
79,5,0.700696
79,6,0.699552
79,7,0.698165
79,8,0.696867
79,9,0.696036
79,10,0.695994
79,11,0.696901
79,12,0.698693
79,13,0.701078
79,14,0.703596
79,15,0.705725
79,16,0.707014
79,17,0.707183
79,18,0.706193
79,19,0.704242
79,20,0.701728
79,21,0.699156
79,22,0.697025
79,23,0.695728
79,24,0.695457
79,25,0.696158
79,26,0.697538
79,27,0.699137
79,28,0.700442
79,29,0.701018
79,30,0.700638
79,31,0.699342
79,32,0.697441
79,33,0.695434
79,34,0.693897
79,35,0.69334
79,36,0.694086
79,37,0.696212
79,38,0.699526
79,39,0.703603
79,40,0.707885
79,41,0.711788
79,42,0.714812
79,43,0.716633
79,44,0.717152
79,45,0.716489
79,46,0.714934
79,47,0.712872
79,48,0.710696
79,49,0.708739
79,50,0.707234
79,51,0.706292
79,52,0.705904
79,53,0.705957
79,54,0.706256
79,55,0.70658
79,56,0.706711
79,57,0.7065
79,58,0.705891
79,59,0.704925
79,60,0.703716
79,61,0.702401
79,62,0.701088
79,63,0.699831
79,64,0.698623
79,65,0.697426
79,66,0.696207
79,67,0.694965
79,68,0.693753
79,69,0.692658
79,70,0.691784
79,71,0.691241
79,72,0.691124
79,73,0.691518
79,74,0.692487
79,75,0.694065
79,76,0.696229
79,77,0.69888
79,78,0.701834
79,79,0.704833
79,80,0.707587
79,81,0.709834
79,82,0.711391
79,83,0.712188
79,84,0.712262
79,85,0.711731
79,86,0.710743
79,87,0.709448
79,88,0.70798
79,89,0.706456
79,90,0.704981
79,91,0.703651
79,92,0.70254
79,93,0.701697
79,94,0.701141
79,95,0.700866
80,0,0.702133
80,1,0.702399
80,2,0.702786
80,3,0.703069
80,4,0.703004
80,5,0.702433
80,6,0.701349
80,7,0.699927
80,8,0.698492
80,9,0.697441
80,10,0.697134
80,11,0.697775
80,12,0.699341
80,13,0.701561
80,14,0.703973
80,15,0.706038
80,16,0.707271
80,17,0.707369
80,18,0.706282
80,19,0.704221
80,20,0.701607
80,21,0.698979
80,22,0.696856
80,23,0.695633
80,24,0.695484
80,25,0.696323
80,26,0.697825
80,27,0.699508
80,28,0.700856
80,29,0.701452
80,30,0.701092
80,31,0.699836
80,32,0.697997
80,33,0.696063
80,34,0.69458
80,35,0.694034
80,36,0.694739
80,37,0.696781
80,38,0.699998
80,39,0.704005
80,40,0.708277
80,41,0.712245
80,42,0.715405
80,43,0.717409
80,44,0.718122
80,45,0.717626
80,46,0.716179
80,47,0.714149
80,48,0.711917
80,49,0.709824
80,50,0.708118
80,51,0.706938
80,52,0.706308
80,53,0.706148
80,54,0.706294
80,55,0.706542
80,56,0.706681
80,57,0.706552
80,58,0.706075
80,59,0.705257
80,60,0.704173
80,61,0.702922
80,62,0.70159
80,63,0.700231
80,64,0.698867
80,65,0.697514
80,66,0.696205
80,67,0.695003
80,68,0.693999
80,69,0.693281
80,70,0.692916
80,71,0.69294
80,72,0.693362
80,73,0.694186
80,74,0.695416
80,75,0.697058
80,76,0.699096
80,77,0.701462
80,78,0.704019
80,79,0.706554
80,80,0.708821
80,81,0.710592
80,82,0.711709
80,83,0.712122
80,84,0.711884
80,85,0.711122
80,86,0.709988
80,87,0.708622
80,88,0.707137
80,89,0.705624
80,90,0.704161
80,91,0.702825
80,92,0.701685
80,93,0.700795
80,94,0.700193
80,95,0.69989
81,0,0.702169
81,1,0.702502
81,2,0.703022
81,3,0.703491
81,4,0.703646
81,5,0.7033
81,6,0.702408
81,7,0.701115
81,8,0.699723
81,9,0.698629
81,10,0.69821
81,11,0.698702
81,12,0.70011
81,13,0.702187
81,14,0.704474
81,15,0.706419
81,16,0.707523
81,17,0.70747
81,18,0.706208
81,19,0.703967
81,20,0.701196
81,21,0.698461
81,22,0.696302
81,23,0.695114
81,24,0.695055
81,25,0.696011
81,26,0.697629
81,27,0.699413
81,28,0.70085
81,29,0.701538
81,30,0.701294
81,31,0.700186
81,32,0.698524
81,33,0.696768
81,34,0.695429
81,35,0.694959
81,36,0.695652
81,37,0.697601
81,38,0.700667
81,39,0.704506
81,40,0.70863
81,41,0.712498
81,42,0.715614
81,43,0.717623
81,44,0.718373
81,45,0.717922
81,46,0.716508
81,47,0.71448
81,48,0.712209
81,49,0.710031
81,50,0.7082
81,51,0.706868
81,52,0.706078
81,53,0.705778
81,54,0.70583
81,55,0.706051
81,56,0.706242
81,57,0.706237
81,58,0.705935
81,59,0.705305
81,60,0.704378
81,61,0.703211
81,62,0.70187
81,63,0.70041
81,64,0.698891
81,65,0.697388
81,66,0.696008
81,67,0.694876
81,68,0.694117
81,69,0.693813
81,70,0.693986
81,71,0.694597
81,72,0.69557
81,73,0.696828
81,74,0.698315
81,75,0.700011
81,76,0.701903
81,77,0.703951
81,78,0.706061
81,79,0.70807
81,80,0.70978
81,81,0.711007
81,82,0.711628
81,83,0.711624
81,84,0.711069
81,85,0.710102
81,86,0.708874
81,87,0.70751
81,88,0.706095
81,89,0.704678
81,90,0.7033
81,91,0.70201
81,92,0.700867
81,93,0.699938
81,94,0.699284
81,95,0.698947
82,0,0.701247
82,1,0.70164
82,2,0.702286
82,3,0.702947
82,4,0.703355
82,5,0.703299
82,6,0.702707
82,7,0.701682
82,8,0.700495
82,9,0.699522
82,10,0.699138
82,11,0.699592
82,12,0.70091
82,13,0.702865
82,14,0.705008
82,15,0.70679
82,16,0.70771
82,17,0.707448
82,18,0.705964
82,19,0.703506
82,20,0.700547
82,21,0.69768
82,22,0.695455
82,23,0.69427
82,24,0.694264
82,25,0.695304
82,26,0.69702
82,27,0.698909
82,28,0.700463
82,29,0.701299
82,30,0.701245
82,31,0.700375
82,32,0.698981
82,33,0.697491
82,34,0.696375
82,35,0.696043
82,36,0.696762
82,37,0.698623
82,38,0.701505
82,39,0.705097
82,40,0.708954
82,41,0.712567
82,42,0.715468
82,43,0.71731
82,44,0.717945
82,45,0.717425
82,46,0.715976
82,47,0.713933
82,48,0.711653
82,49,0.709457
82,50,0.70759
82,51,0.7062
82,52,0.705339
82,53,0.704971
82,54,0.704979
82,55,0.705206
82,56,0.705465
82,57,0.705594
82,58,0.705473
82,59,0.705035
82,60,0.704269
82,61,0.703194
82,62,0.701852
82,63,0.700309
82,64,0.698666
82,65,0.69706
82,66,0.695663
82,67,0.694653
82,68,0.694175
82,69,0.694298
82,70,0.694991
82,71,0.696147
82,72,0.697613
82,73,0.699244
82,74,0.70094
82,75,0.702658
82,76,0.70439
82,77,0.706115
82,78,0.707778
82,79,0.709258
82,80,0.710403
82,81,0.711075
82,82,0.711192
82,83,0.710769
82,84,0.709905
82,85,0.708754
82,86,0.707467
82,87,0.706149
82,88,0.704852
82,89,0.703579
82,90,0.702327
82,91,0.70111
82,92,0.699978
82,93,0.69901
82,94,0.6983
82,95,0.697923
83,0,0.699747
83,1,0.700183
83,2,0.700924
83,3,0.701749
83,4,0.702395
83,5,0.702649
83,6,0.702409
83,7,0.701742
83,8,0.700873
83,9,0.700141
83,10,0.699899
83,11,0.700395
83,12,0.701665
83,13,0.703502
83,14,0.70548
83,15,0.707063
83,16,0.707762
83,17,0.707269
83,18,0.705557
83,19,0.702889
83,20,0.699759
83,21,0.69677
83,22,0.694481
83,23,0.693281
83,24,0.693299
83,25,0.694388
83,26,0.696173
83,27,0.698152
83,28,0.69983
83,29,0.700838
83,30,0.701016
83,31,0.700432
83,32,0.699359
83,33,0.698189
83,34,0.697343
83,35,0.697189
83,36,0.697965
83,37,0.699748
83,38,0.70243
83,39,0.705728
83,40,0.709235
83,41,0.712484
83,42,0.715042
83,43,0.716593
83,44,0.717004
83,45,0.716338
83,46,0.714816
83,47,0.712764
83,48,0.710517
83,49,0.708374
83,50,0.706554
83,51,0.705191
83,52,0.70433
83,53,0.703943
83,54,0.703934
83,55,0.704168
83,56,0.704483
83,57,0.704722
83,58,0.704754
83,59,0.704486
83,60,0.703864
83,61,0.702874
83,62,0.701545
83,63,0.699955
83,64,0.698245
83,65,0.696609
83,66,0.695271
83,67,0.694444
83,68,0.694277
83,69,0.69481
83,70,0.695962
83,71,0.697564
83,72,0.699406
83,73,0.701299
83,74,0.703118
83,75,0.704811
83,76,0.706375
83,77,0.707804
83,78,0.709068
83,79,0.710078
83,80,0.710716
83,81,0.710883
83,82,0.710535
83,83,0.709724
83,84,0.708575
83,85,0.707257
83,86,0.705919
83,87,0.70465
83,88,0.703469
83,89,0.702335
83,90,0.701201
83,91,0.700049
83,92,0.698917
83,93,0.6979
83,94,0.697125
83,95,0.696703
84,0,0.698234
84,1,0.698681
84,2,0.699463
84,3,0.700384
84,4,0.701208
84,5,0.701727
84,6,0.701826
84,7,0.70153
84,8,0.701016
84,9,0.700572
84,10,0.700515
84,11,0.701075
84,12,0.702297
84,13,0.703995
84,14,0.705773
84,15,0.707127
84,16,0.707591
84,17,0.70688
84,18,0.704978
84,19,0.70216
84,20,0.698922
84,21,0.695868
84,22,0.693548
84,23,0.692341
84,24,0.692366
84,25,0.693474
84,26,0.69529
84,27,0.69733
84,28,0.699113
84,29,0.700287
84,30,0.700697
84,31,0.700405
84,32,0.699658
84,33,0.698811
84,34,0.698244
84,35,0.698281
84,36,0.699128
84,37,0.700848
84,38,0.703334
84,39,0.706328
84,40,0.709456
84,41,0.712296
84,42,0.714458
84,43,0.715664
84,44,0.715812
84,45,0.71498
84,46,0.713393
84,47,0.711361
84,48,0.709198
84,49,0.707167
84,50,0.705457
84,51,0.704172
84,52,0.703345
84,53,0.702952
84,54,0.702914
84,55,0.703127
84,56,0.703453
84,57,0.70375
84,58,0.703885
84,59,0.703741
84,60,0.703234
84,61,0.702323
84,62,0.701026
84,63,0.699439
84,64,0.697737
84,65,0.696159
84,66,0.694965
84,67,0.694379
84,68,0.694535
84,69,0.695432
84,70,0.696945
84,71,0.698854
84,72,0.700919
84,73,0.702933
84,74,0.704769
84,75,0.706382
84,76,0.707778
84,77,0.708963
84,78,0.709917
84,79,0.710564
84,80,0.710808
84,81,0.710575
84,82,0.709852
84,83,0.708719
84,84,0.707323
84,85,0.705849
84,86,0.704446
84,87,0.70319
84,88,0.702073
84,89,0.701023
84,90,0.699955
84,91,0.698825
84,92,0.697665
84,93,0.696583
84,94,0.695734
84,95,0.695266
85,0,0.697314
85,1,0.697732
85,2,0.69848
85,3,0.6994
85,4,0.700293
85,5,0.700973
85,6,0.70132
85,7,0.701326
85,8,0.701116
85,9,0.700921
85,10,0.70101
85,11,0.701593
85,12,0.702716
85,13,0.70422
85,14,0.705751
85,15,0.706848
85,16,0.707084
85,17,0.706197
85,18,0.704184
85,19,0.701316
85,20,0.698077
85,21,0.695051
85,22,0.692766
85,23,0.691583
85,24,0.691614
85,25,0.692713
85,26,0.694523
85,27,0.696581
85,28,0.698432
85,29,0.699736
85,30,0.700345
85,31,0.70031
85,32,0.699851
85,33,0.699293
85,34,0.698975
85,35,0.699185
85,36,0.700102
85,37,0.701771
85,38,0.704086
85,39,0.706803
85,40,0.709581
85,41,0.71204
85,42,0.713833
85,43,0.714726
85,44,0.714647
85,45,0.713692
85,46,0.712087
85,47,0.710126
85,48,0.708092
85,49,0.706212
85,50,0.704636
85,51,0.703439
85,52,0.702638
85,53,0.70221
85,54,0.7021
85,55,0.702234
85,56,0.702508
85,57,0.7028
85,58,0.702977
85,59,0.70291
85,60,0.70249
85,61,0.701655
85,62,0.700422
85,63,0.698898
85,64,0.697289
85,65,0.69586
85,66,0.694886
85,67,0.694583
85,68,0.695052
85,69,0.696249
85,70,0.698002
85,71,0.700067
85,72,0.702192
85,73,0.70418
85,74,0.705926
85,75,0.707406
85,76,0.708642
85,77,0.709645
85,78,0.710394
85,79,0.710813
85,80,0.710809
85,81,0.710319
85,82,0.709344
85,83,0.707983
85,84,0.706398
85,85,0.704781
85,86,0.703286
85,87,0.701982
85,88,0.700848
85,89,0.699792
85,90,0.698712
85,91,0.697548
85,92,0.696329
85,93,0.695171
85,94,0.694251
85,95,0.69374
86,0,0.697507
86,1,0.697852
86,2,0.698482
86,3,0.699282
86,4,0.700103
86,5,0.70079
86,6,0.701227
86,7,0.701385
86,8,0.701342
86,9,0.701271
86,10,0.701396
86,11,0.701899
86,12,0.70283
86,13,0.704062
86,14,0.705289
86,15,0.706106
86,16,0.706131
86,17,0.705131
86,18,0.703107
86,19,0.700315
86,20,0.697205
86,21,0.694321
86,22,0.692154
86,23,0.69104
86,24,0.691086
86,25,0.692157
86,26,0.693925
86,27,0.69596
86,28,0.697832
86,29,0.699222
86,30,0.69998
86,31,0.700145
86,32,0.699913
86,33,0.69958
86,34,0.699455
86,35,0.699798
86,36,0.700767
86,37,0.702392
86,38,0.704569
86,39,0.707067
86,40,0.709572
86,41,0.711739
86,42,0.713264
86,43,0.713947
86,44,0.713742
86,45,0.712757
86,46,0.71121
86,47,0.709375
86,48,0.707504
86,49,0.705783
86,50,0.704327
86,51,0.703184
86,52,0.702358
86,53,0.701837
86,54,0.701591
86,55,0.70158
86,56,0.701736
86,57,0.701962
86,58,0.702131
86,59,0.702105
86,60,0.701756
86,61,0.70101
86,62,0.699882
86,63,0.698489
86,64,0.697055
86,65,0.695856
86,66,0.69516
86,67,0.695158
86,68,0.695909
86,69,0.697326
86,70,0.699204
86,71,0.701283
86,72,0.703326
86,73,0.705164
86,74,0.70673
86,75,0.708033
86,76,0.709114
86,77,0.70999
86,78,0.710633
86,79,0.710955
86,80,0.710852
86,81,0.710255
86,82,0.709168
86,83,0.70769
86,84,0.705987
86,85,0.704254
86,86,0.702645
86,87,0.701232
86,88,0.699996
86,89,0.698847
86,90,0.697682
86,91,0.69644
86,92,0.695149
86,93,0.693929
86,94,0.692961
86,95,0.692423
87,0,0.699125
87,1,0.699356
87,2,0.699786
87,3,0.700346
87,4,0.700937
87,5,0.701445
87,6,0.70177
87,7,0.701872
87,8,0.701793
87,9,0.701661
87,10,0.701655
87,11,0.701936
87,12,0.702559
87,13,0.703431
87,14,0.7043
87,15,0.70482
87,16,0.704661
87,17,0.703617
87,18,0.701687
87,19,0.699095
87,20,0.696242
87,21,0.693612
87,22,0.691645
87,23,0.690648
87,24,0.69072
87,25,0.691752
87,26,0.693451
87,27,0.695428
87,28,0.697287
87,29,0.698723
87,30,0.699584
87,31,0.699893
87,32,0.699823
87,33,0.699644
87,34,0.699643
87,35,0.700063
87,36,0.70105
87,37,0.702629
87,38,0.704699
87,39,0.707045
87,40,0.709375
87,41,0.711377
87,42,0.712776
87,43,0.713398
87,44,0.71321
87,45,0.712315
87,46,0.710917
87,47,0.709261
87,48,0.707564
87,49,0.70598
87,50,0.704595
87,51,0.703438
87,52,0.702515
87,53,0.701829
87,54,0.701379
87,55,0.701167
87,56,0.701159
87,57,0.701282
87,58,0.701418
87,59,0.701421
87,60,0.701152
87,61,0.700527
87,62,0.699557
87,63,0.698366
87,64,0.69718
87,65,0.696269
87,66,0.695882
87,67,0.696172
87,68,0.697157
87,69,0.698713
87,70,0.700612
87,71,0.702598
87,72,0.704458
87,73,0.706064
87,74,0.707392
87,75,0.708487
87,76,0.709415
87,77,0.710198
87,78,0.7108
87,79,0.71112
87,80,0.711038
87,81,0.710467
87,82,0.709399
87,83,0.707918
87,84,0.706181
87,85,0.704374
87,86,0.70265
87,87,0.701092
87,88,0.699699
87,89,0.698402
87,90,0.697118
87,91,0.695797
87,92,0.694466
87,93,0.693236
87,94,0.692273
87,95,0.691741
88,0,0.702218
88,1,0.702302
88,2,0.702462
88,3,0.702672
88,4,0.702882
88,5,0.703022
88,6,0.703017
88,7,0.70283
88,8,0.702484
88,9,0.702077
88,10,0.701757
88,11,0.701667
88,12,0.701871
88,13,0.702307
88,14,0.702777
88,15,0.702998
88,16,0.702685
88,17,0.70166
88,18,0.699911
88,19,0.697621
88,20,0.695125
88,21,0.692835
88,22,0.691129
88,23,0.690281
88,24,0.690391
88,25,0.691375
88,26,0.692991
88,27,0.694895
88,28,0.696727
88,29,0.698194
88,30,0.699136
88,31,0.699554
88,32,0.699596
88,33,0.699508
88,34,0.699562
88,35,0.699995
88,36,0.700951
88,37,0.702461
88,38,0.704438
88,39,0.706685
88,40,0.708936
88,41,0.710901
88,42,0.712328
88,43,0.713049
88,44,0.713028
88,45,0.71235
88,46,0.711186
88,47,0.709747
88,48,0.708219
88,49,0.706728
88,50,0.705343
88,51,0.704094
88,52,0.702995
88,53,0.702077
88,54,0.701376
88,55,0.700931
88,56,0.700744
88,57,0.700761
88,58,0.700871
88,59,0.700924
88,60,0.700769
88,61,0.700315
88,62,0.699568
88,63,0.698645
88,64,0.697763
88,65,0.697175
88,66,0.697095
88,67,0.697643
88,68,0.6988
88,69,0.700418
88,70,0.702263
88,71,0.704093
88,72,0.705723
88,73,0.707064
88,74,0.708134
88,75,0.70901
88,76,0.709778
88,77,0.710473
88,78,0.711057
88,79,0.71142
88,80,0.711426
88,81,0.710973
88,82,0.710027
88,83,0.708645
88,84,0.70696
88,85,0.705138
88,86,0.70333
88,87,0.701634
88,88,0.70008
88,89,0.698638
88,90,0.697262
88,91,0.695917
88,92,0.694629
88,93,0.693482
88,94,0.692605
88,95,0.692128
89,0,0.706568
89,1,0.706483
89,2,0.706325
89,3,0.706103
89,4,0.705809
89,5,0.705415
89,6,0.704882
89,7,0.704188
89,8,0.703359
89,9,0.70248
89,10,0.701683
89,11,0.7011
89,12,0.700804
89,13,0.700761
89,14,0.700821
89,15,0.700754
89,16,0.700321
89,17,0.699363
89,18,0.697853
89,19,0.695926
89,20,0.693842
89,21,0.691933
89,22,0.690513
89,23,0.689825
89,24,0.689969
89,25,0.690901
89,26,0.692433
89,27,0.694271
89,28,0.69609
89,29,0.697603
89,30,0.698636
89,31,0.69916
89,32,0.69929
89,33,0.69925
89,34,0.699301
89,35,0.699679
89,36,0.700542
89,37,0.70194
89,38,0.70381
89,39,0.705981
89,40,0.708216
89,41,0.710247
89,42,0.711829
89,43,0.71279
89,44,0.713068
89,45,0.712712
89,46,0.71185
89,47,0.710652
89,48,0.709272
89,49,0.707821
89,50,0.706365
89,51,0.704946
89,52,0.703608
89,53,0.702415
89,54,0.701444
89,55,0.70077
89,56,0.700422
89,57,0.700365
89,58,0.700489
89,59,0.700639
89,60,0.700656
89,61,0.700437
89,62,0.699977
89,63,0.69938
89,64,0.69884
89,65,0.698579
89,66,0.69878
89,67,0.699531
89,68,0.700792
89,69,0.702407
89,70,0.704152
89,71,0.705805
89,72,0.707208
89,73,0.708303
89,74,0.70913
89,75,0.709793
89,76,0.710393
89,77,0.710979
89,78,0.711523
89,79,0.711919
89,80,0.712027
89,81,0.71173
89,82,0.710967
89,83,0.70976
89,84,0.708205
89,85,0.70644
89,86,0.70461
89,87,0.70283
89,88,0.70117
89,89,0.69965
89,90,0.698268
89,91,0.69701
89,92,0.695891
89,93,0.694953
89,94,0.694265
89,95,0.693899
90,0,0.711741
90,1,0.71148
90,2,0.710982
90,3,0.71028
90,4,0.709403
90,5,0.708362
90,6,0.707154
90,7,0.705791
90,8,0.704316
90,9,0.702823
90,10,0.70144
90,11,0.700296
90,12,0.699469
90,13,0.698948
90,14,0.698619
90,15,0.698296
90,16,0.697777
90,17,0.696914
90,18,0.695666
90,19,0.694113
90,20,0.692442
90,21,0.690906
90,22,0.689758
90,23,0.689211
90,24,0.689376
90,25,0.690253
90,26,0.691712
90,27,0.693511
90,28,0.695356
90,29,0.69696
90,30,0.698123
90,31,0.698776
90,32,0.698997
90,33,0.698983
90,34,0.698984
90,35,0.699246
90,36,0.699949
90,37,0.701173
90,38,0.702893
90,39,0.704978
90,40,0.70722
90,41,0.709373
90,42,0.711192
90,43,0.712487
90,44,0.713156
90,45,0.713193
90,46,0.712675
90,47,0.711726
90,48,0.71047
90,49,0.70901
90,50,0.707425
90,51,0.705785
90,52,0.70417
90,53,0.702688
90,54,0.701458
90,55,0.700585
90,56,0.700124
90,57,0.700047
90,58,0.700245
90,59,0.700554
90,60,0.700807
90,61,0.700888
90,62,0.700772
90,63,0.700542
90,64,0.700357
90,65,0.700407
90,66,0.700841
90,67,0.701729
90,68,0.703026
90,69,0.704589
90,70,0.706215
90,71,0.707705
90,72,0.708923
90,73,0.709822
90,74,0.710453
90,75,0.710924
90,76,0.711348
90,77,0.711793
90,78,0.712248
90,79,0.712628
90,80,0.712806
90,81,0.712656
90,82,0.712097
90,83,0.71111
90,84,0.709745
90,85,0.708111
90,86,0.706338
90,87,0.704562
90,88,0.702893
90,89,0.701408
90,90,0.700149
90,91,0.69912
90,92,0.698315
90,93,0.697718
90,94,0.697321
90,95,0.697122
91,0,0.71719
91,1,0.716757
91,2,0.715924
91,3,0.714739
91,4,0.713254
91,5,0.711517
91,6,0.709566
91,7,0.707452
91,8,0.705252
91,9,0.703081
91,10,0.701075
91,11,0.699366
91,12,0.698034
91,13,0.697081
91,14,0.696416
91,15,0.695883
91,16,0.695307
91,17,0.69455
91,18,0.69355
91,19,0.692339
91,20,0.691036
91,21,0.689822
91,22,0.688896
91,23,0.688451
91,24,0.688614
91,25,0.689433
91,26,0.690837
91,27,0.692635
91,28,0.694556
91,29,0.696306
91,30,0.697649
91,31,0.698471
91,32,0.698802
91,33,0.698808
91,34,0.698731
91,35,0.698829
91,36,0.69931
91,37,0.700297
91,38,0.701814
91,39,0.703776
91,40,0.706013
91,41,0.708297
91,42,0.710382
91,43,0.712049
91,44,0.713145
91,45,0.713605
91,46,0.713444
91,47,0.712736
91,48,0.71158
91,49,0.710078
91,50,0.708331
91,51,0.706446
91,52,0.70455
91,53,0.702796
91,54,0.701341
91,55,0.700321
91,56,0.699804
91,57,0.699767
91,58,0.700099
91,59,0.700627
91,60,0.70117
91,61,0.701597
91,62,0.701862
91,63,0.702014
91,64,0.702176
91,65,0.7025
91,66,0.703111
91,67,0.704071
91,68,0.705348
91,69,0.706827
91,70,0.708335
91,71,0.709697
91,72,0.71079
91,73,0.711562
91,74,0.712055
91,75,0.712368
91,76,0.712618
91,77,0.712889
91,78,0.713201
91,79,0.713503
91,80,0.713693
91,81,0.713652
91,82,0.71328
91,83,0.712523
91,84,0.711387
91,85,0.709941
91,86,0.708305
91,87,0.706629
91,88,0.705065
91,89,0.70374
91,90,0.702738
91,91,0.702073
91,92,0.701709
91,93,0.701561
91,94,0.701533
91,95,0.701544
92,0,0.722341
92,1,0.721755
92,2,0.720618
92,3,0.718986
92,4,0.716928
92,5,0.714522
92,6,0.711843
92,7,0.708989
92,8,0.706076
92,9,0.703249
92,10,0.70066
92,11,0.698442
92,12,0.696678
92,13,0.69537
92,14,0.69444
92,15,0.693751
92,16,0.693145
92,17,0.692486
92,18,0.691695
92,19,0.690764
92,20,0.689752
92,21,0.688784
92,22,0.688013
92,23,0.687622
92,24,0.687762
92,25,0.688523
92,26,0.689893
92,27,0.691725
92,28,0.693765
92,29,0.695704
92,30,0.697268
92,31,0.698288
92,32,0.698746
92,33,0.698777
92,34,0.69861
92,35,0.698517
92,36,0.698739
92,37,0.699447
92,38,0.700718
92,39,0.702518
92,40,0.704718
92,41,0.70711
92,42,0.709443
92,43,0.711467
92,44,0.712977
92,45,0.713842
92,46,0.714017
92,47,0.713529
92,48,0.712455
92,49,0.710898
92,50,0.708985
92,51,0.706865
92,52,0.704712
92,53,0.702724
92,54,0.701094
92,55,0.699979
92,56,0.699458
92,57,0.699509
92,58,0.700015
92,59,0.700792
92,60,0.701649
92,61,0.702437
92,62,0.703083
92,63,0.703601
92,64,0.704076
92,65,0.704627
92,66,0.70536
92,67,0.70634
92,68,0.707559
92,69,0.708939
92,70,0.710344
92,71,0.71162
92,72,0.712647
92,73,0.713358
92,74,0.713772
92,75,0.713967
92,76,0.714057
92,77,0.714141
92,78,0.714274
92,79,0.714447
92,80,0.714595
92,81,0.714611
92,82,0.714392
92,83,0.713847
92,84,0.712944
92,85,0.711718
92,86,0.710273
92,87,0.708773
92,88,0.707406
92,89,0.706341
92,90,0.705692
92,91,0.705479
92,92,0.705626
92,93,0.70598
92,94,0.706356
92,95,0.706593
93,0,0.726682
93,1,0.725972
93,2,0.724585
93,3,0.722581
93,4,0.720039
93,5,0.71706
93,6,0.713754
93,7,0.710259
93,8,0.706731
93,9,0.703346
93,10,0.700273
93,11,0.697648
93,12,0.695552
93,13,0.693983
93,14,0.692866
93,15,0.692074
93,16,0.691455
93,17,0.690877
93,18,0.690244
93,19,0.689516
93,20,0.688709
93,21,0.687903
93,22,0.687224
93,23,0.686847
93,24,0.686947
93,25,0.687657
93,26,0.689011
93,27,0.690897
93,28,0.693074
93,29,0.695215
93,30,0.697006
93,31,0.698228
93,32,0.698817
93,33,0.698875
93,34,0.698622
93,35,0.698342
93,36,0.698308
93,37,0.698735
93,38,0.699752
93,39,0.701374
93,40,0.70351
93,41,0.705971
93,42,0.708503
93,43,0.710825
93,44,0.712686
93,45,0.713898
93,46,0.714359
93,47,0.714055
93,48,0.713044
93,49,0.711434
93,50,0.709377
93,51,0.707059
93,52,0.704696
93,53,0.702527
93,54,0.700773
93,55,0.699607
93,56,0.699116
93,57,0.699275
93,58,0.69996
93,59,0.700981
93,60,0.702134
93,61,0.703253
93,62,0.704238
93,63,0.705073
93,64,0.705807
93,65,0.70653
93,66,0.707339
93,67,0.708306
93,68,0.709453
93,69,0.710739
93,70,0.712062
93,71,0.713289
93,72,0.714295
93,73,0.714995
93,74,0.715375
93,75,0.715491
93,76,0.715446
93,77,0.715356
93,78,0.715306
93,79,0.715331
93,80,0.715403
93,81,0.715437
93,82,0.715324
93,83,0.714954
93,84,0.714259
93,85,0.713247
93,86,0.712008
93,87,0.710716
93,88,0.709586
93,89,0.708817
93,90,0.708549
93,91,0.708793
93,92,0.70944
93,93,0.710273
93,94,0.71103
93,95,0.711476
94,0,0.729804
94,1,0.729005
94,2,0.727441
94,3,0.72517
94,4,0.722279
94,5,0.718883
94,6,0.715118
94,7,0.711153
94,8,0.707178
94,9,0.703391
94,10,0.699976
94,11,0.697072
94,12,0.694756
94,13,0.693021
94,14,0.691791
94,15,0.690939
94,16,0.690319
94,17,0.689797
94,18,0.689266
94,19,0.688667
94,20,0.687984
94,21,0.687271
94,22,0.686633
94,23,0.686249
94,24,0.686309
94,25,0.686978
94,26,0.688328
94,27,0.690269
94,28,0.692566
94,29,0.694878
94,30,0.696858
94,31,0.698246
94,32,0.698944
94,33,0.699026
94,34,0.698706
94,35,0.698276
94,36,0.698034
94,37,0.698231
94,38,0.699037
94,39,0.700505
94,40,0.702573
94,41,0.70507
94,42,0.707736
94,43,0.71027
94,44,0.712385
94,45,0.713849
94,46,0.714518
94,47,0.714348
94,48,0.713382
94,49,0.711732
94,50,0.709569
94,51,0.70711
94,52,0.704601
94,53,0.70231
94,54,0.700478
94,55,0.699291
94,56,0.698838
94,57,0.699093
94,58,0.699927
94,59,0.701141
94,60,0.702525
94,61,0.703897
94,62,0.705138
94,63,0.706207
94,64,0.707126
94,65,0.707965
94,66,0.708815
94,67,0.709757
94,68,0.71084
94,69,0.712052
94,70,0.71332
94,71,0.714523
94,72,0.715533
94,73,0.716244
94,74,0.716617
94,75,0.716687
94,76,0.716547
94,77,0.716322
94,78,0.716123
94,79,0.71602
94,80,0.716016
94,81,0.716043
94,82,0.715996
94,83,0.715748
94,84,0.715209
94,85,0.714366
94,86,0.7133
94,87,0.712191
94,88,0.711271
94,89,0.710761
94,90,0.710811
94,91,0.711429
94,92,0.712476
94,93,0.713685
94,94,0.714736
94,95,0.715345
95,0,0.731431
95,1,0.730587
95,2,0.728932
95,3,0.726522
95,4,0.723448
95,5,0.719833
95,6,0.715826
95,7,0.711614
95,8,0.707404
95,9,0.703407
95,10,0.699816
95,11,0.696772
95,12,0.694348
95,13,0.692534
95,14,0.69125
95,15,0.690372
95,16,0.689753
95,17,0.689259
95,18,0.688779
95,19,0.68824
95,20,0.687615
95,21,0.686941
95,22,0.686318
95,23,0.685922
95,24,0.685957
95,25,0.686605
95,26,0.687954
95,27,0.689929
95,28,0.692296
95,29,0.694706
95,30,0.696793
95,31,0.698277
95,32,0.699036
95,33,0.699133
95,34,0.698776
95,35,0.698263
95,36,0.697904
95,37,0.697972
95,38,0.698657
95,39,0.700035
95,40,0.70206
95,41,0.70457
95,42,0.707302
95,43,0.709946
95,44,0.712194
95,45,0.71379
95,46,0.714569
95,47,0.71447
95,48,0.713528
95,49,0.711857
95,50,0.709639
95,51,0.707107
95,52,0.704523
95,53,0.702171
95,54,0.700303
95,55,0.699109
95,56,0.698681
95,57,0.698992
95,58,0.699909
95,59,0.701231
95,60,0.702742
95,61,0.704251
95,62,0.70563
95,63,0.706823
95,64,0.707837
95,65,0.708735
95,66,0.709601
95,67,0.710526
95,68,0.711571
95,69,0.712744
95,70,0.713983
95,71,0.715178
95,72,0.716195
95,73,0.716919
95,74,0.717295
95,75,0.717343
95,76,0.717154
95,77,0.716855
95,78,0.716574
95,79,0.716397
95,80,0.716345
95,81,0.716364
95,82,0.716347
95,83,0.716162
95,84,0.715707
95,85,0.714957
95,86,0.71399
95,87,0.712988
95,88,0.71219
95,89,0.71183
95,90,0.712062
95,91,0.71289
95,92,0.714158
95,93,0.715574
95,94,0.716786
95,95,0.717484
