fy,fx,density
0,0,0.693108
0,1,0.693621
0,2,0.694548
0,3,0.695714
0,4,0.696893
0,5,0.697851
0,6,0.698391
0,7,0.698386
0,8,0.697786
0,9,0.696637
0,10,0.695042
0,11,0.693123
0,12,0.690994
0,13,0.688722
0,14,0.68636
0,15,0.683979
0,16,0.68173
0,17,0.67988
0,18,0.678782
0,19,0.678813
0,20,0.680236
0,21,0.683091
0,22,0.68714
0,23,0.691888
0,24,0.696684
0,25,0.70089
0,26,0.704022
0,27,0.705856
0,28,0.706438
0,29,0.706025
0,30,0.704972
0,31,0.703614
0,32,0.702183
0,33,0.700779
0,34,0.699398
0,35,0.698014
0,36,0.696643
0,37,0.695399
0,38,0.69447
0,39,0.694069
0,40,0.694336
0,41,0.695279
0,42,0.696739
0,43,0.698438
0,44,0.700049
0,45,0.701294
0,46,0.702015
0,47,0.702194
0,48,0.701944
0,49,0.701442
0,50,0.700875
0,51,0.700396
0,52,0.700094
0,53,0.700007
0,54,0.700125
0,55,0.700411
0,56,0.700808
0,57,0.701255
0,58,0.701679
0,59,0.702003
0,60,0.702152
0,61,0.702062
0,62,0.701697
0,63,0.701057
0,64,0.700196
0,65,0.699213
0,66,0.698252
0,67,0.697473
0,68,0.697022
0,69,0.697002
0,70,0.697454
0,71,0.698342
0,72,0.699561
0,73,0.700962
0,74,0.702365
0,75,0.703588
0,76,0.704458
0,77,0.704828
0,78,0.704613
0,79,0.70381
0,80,0.702521
0,81,0.700961
0,82,0.699435
0,83,0.698278
0,84,0.697774
0,85,0.698073
0,86,0.699153
0,87,0.700814
0,88,0.702742
0,89,0.704597
0,90,0.706106
0,91,0.707134
0,92,0.707684
0,93,0.707868
0,94,0.707857
0,95,0.707805
1,0,0.694467
1,1,0.694935
1,2,0.695781
1,3,0.696843
1,4,0.697912
1,5,0.698765
1,6,0.699218
1,7,0.699142
1,8,0.698488
1,9,0.697296
1,10,0.695658
1,11,0.693697
1,12,0.691526
1,13,0.689219
1,14,0.686839
1,15,0.684462
1,16,0.682242
1,17,0.680438
1,18,0.679388
1,19,0.679449
1,20,0.680864
1,21,0.683659
1,22,0.687594
1,23,0.692183
1,24,0.696791
1,25,0.700804
1,26,0.703764
1,27,0.705466
1,28,0.705969
1,29,0.705536
1,30,0.704519
1,31,0.703249
1,32,0.701947
1,33,0.7007
1,34,0.699493
1,35,0.698286
1,36,0.697083
1,37,0.695982
1,38,0.695167
1,39,0.694842
1,40,0.695147
1,41,0.696087
1,42,0.69751
1,43,0.699139
1,44,0.700659
1,45,0.7018
1,46,0.702416
1,47,0.702502
1,48,0.702181
1,49,0.701637
1,50,0.701059
1,51,0.700596
1,52,0.700333
1,53,0.700295
1,54,0.700465
1,55,0.700795
1,56,0.701223
1,57,0.701683
1,58,0.702102
1,59,0.702402
1,60,0.702511
1,61,0.702368
1,62,0.701939
1,63,0.701227
1,64,0.700294
1,65,0.699242
1,66,0.698221
1,67,0.697394
1,68,0.696912
1,69,0.696878
1,70,0.697329
1,71,0.69823
1,72,0.699477
1,73,0.700922
1,74,0.702393
1,75,0.703711
1,76,0.704704
1,77,0.705224
1,78,0.705175
1,79,0.704536
1,80,0.703388
1,81,0.701923
1,82,0.700425
1,83,0.699217
1,84,0.69858
1,85,0.698676
1,86,0.699502
1,87,0.700885
1,88,0.70254
1,89,0.704152
1,90,0.705466
1,91,0.706351
1,92,0.706808
1,93,0.70694
1,94,0.706903
1,95,0.706842
2,0,0.696965
2,1,0.697352
2,2,0.698051
2,3,0.698924
2,4,0.69979
2,5,0.700455
2,6,0.700749
2,7,0.70055
2,8,0.699804
2,9,0.698535
2,10,0.696827
2,11,0.694794
2,12,0.69255
2,13,0.690184
2,14,0.687772
2,15,0.685404
2,16,0.683237
2,17,0.681516
2,18,0.680553
2,19,0.680666
2,20,0.682063
2,21,0.684746
2,22,0.68847
2,23,0.692763
2,24,0.697026
2,25,0.700688
2,26,0.703336
2,27,0.704802
2,28,0.705168
2,29,0.704706
2,30,0.703766
2,31,0.702664
2,32,0.701604
2,33,0.70065
2,34,0.699764
2,35,0.698879
2,36,0.697974
2,37,0.697129
2,38,0.696507
2,39,0.696304
2,40,0.696655
2,41,0.69757
2,42,0.698904
2,43,0.700394
2,44,0.701739
2,45,0.70269
2,46,0.703122
2,47,0.703049
2,48,0.702611
2,49,0.702001
2,50,0.701409
2,51,0.700978
2,52,0.70078
2,53,0.700827
2,54,0.701084
2,55,0.70149
2,56,0.701973
2,57,0.702461
2,58,0.702875
2,59,0.70314
2,60,0.703183
2,61,0.702947
2,62,0.702403
2,63,0.701558
2,64,0.700483
2,65,0.699293
2,66,0.698148
2,67,0.697223
2,68,0.696673
2,69,0.696601
2,70,0.697045
2,71,0.697969
2,72,0.699266
2,73,0.700798
2,74,0.702399
2,75,0.703897
2,76,0.705126
2,77,0.705927
2,78,0.706187
2,79,0.705851
2,80,0.704961
2,81,0.703667
2,82,0.702217
2,83,0.700911
2,84,0.700028
2,85,0.699749
2,86,0.700108
2,87,0.700984
2,88,0.702145
2,89,0.70332
2,90,0.704284
2,91,0.704917
2,92,0.705213
2,93,0.705254
2,94,0.705175
2,95,0.7051
3,0,0.700213
3,1,0.700497
3,2,0.701005
3,3,0.701635
3,4,0.702243
3,5,0.70267
3,6,0.702768
3,7,0.702421
3,8,0.701567
3,9,0.700216
3,10,0.698432
3,11,0.696319
3,12,0.693995
3,13,0.69156
3,14,0.689113
3,15,0.68676
3,16,0.684661
3,17,0.683044
3,18,0.682186
3,19,0.682358
3,20,0.683723
3,21,0.686252
3,22,0.689694
3,23,0.693598
3,24,0.697411
3,25,0.700621
3,26,0.702873
3,27,0.704047
3,28,0.704256
3,29,0.70378
3,30,0.702964
3,31,0.702102
3,32,0.701372
3,33,0.700808
3,34,0.700338
3,35,0.699864
3,36,0.699333
3,37,0.698793
3,38,0.698388
3,39,0.698299
3,40,0.69866
3,41,0.69949
3,42,0.700661
3,43,0.701933
3,44,0.703032
3,45,0.703736
3,46,0.703945
3,47,0.703694
3,48,0.703135
3,49,0.702465
3,50,0.701872
3,51,0.701489
3,52,0.701374
3,53,0.701519
3,54,0.701879
3,55,0.702376
3,56,0.70293
3,57,0.70346
3,58,0.703882
3,59,0.704118
3,60,0.704092
3,61,0.703746
3,62,0.703052
3,63,0.702026
3,64,0.70075
3,65,0.699356
3,66,0.698022
3,67,0.696938
3,68,0.696272
3,69,0.696131
3,70,0.696552
3,71,0.697497
3,72,0.698864
3,73,0.700516
3,74,0.702299
3,75,0.70405
3,76,0.7056
3,77,0.706781
3,78,0.707451
3,79,0.707513
3,80,0.706958
3,81,0.705881
3,82,0.704485
3,83,0.703045
3,84,0.701837
3,85,0.701069
3,86,0.700827
3,87,0.701056
3,88,0.701593
3,89,0.702224
3,90,0.702758
3,91,0.703089
3,92,0.703196
3,93,0.703138
3,94,0.703016
3,95,0.702927
4,0,0.70372
4,1,0.703892
4,2,0.704198
4,3,0.70457
4,4,0.704908
4,5,0.705089
4,6,0.704992
4,7,0.704508
4,8,0.703565
4,9,0.702154
4,10,0.700317
4,11,0.698146
4,12,0.695756
4,13,0.693265
4,14,0.69079
4,15,0.688457
4,16,0.686429
4,17,0.684916
4,18,0.68416
4,19,0.684379
4,20,0.685692
4,21,0.688036
4,22,0.691156
4,23,0.694628
4,24,0.697949
4,25,0.700675
4,26,0.702515
4,27,0.703401
4,28,0.703477
4,29,0.703032
4,30,0.702393
4,31,0.70183
4,32,0.701486
4,33,0.70136
4,34,0.701344
4,35,0.701302
4,36,0.701146
4,37,0.700892
4,38,0.700658
4,39,0.700614
4,40,0.700897
4,41,0.701543
4,42,0.702454
4,43,0.703427
4,44,0.704225
4,45,0.704658
4,46,0.70465
4,47,0.704249
4,48,0.70361
4,49,0.702924
4,50,0.702364
4,51,0.70205
4,52,0.702024
4,53,0.702267
4,54,0.702725
4,55,0.703314
4,56,0.703946
4,57,0.704534
4,58,0.704987
4,59,0.705216
4,60,0.705136
4,61,0.704681
4,62,0.703823
4,63,0.702582
4,64,0.701056
4,65,0.699396
4,66,0.697807
4,67,0.696504
4,68,0.695668
4,69,0.695419
4,70,0.695794
4,71,0.696755
4,72,0.698201
4,73,0.700002
4,74,0.702007
4,75,0.704059
4,76,0.705986
4,77,0.707602
4,78,0.708733
4,79,0.709234
4,80,0.709041
4,81,0.708194
4,82,0.706849
4,83,0.705255
4,84,0.703691
4,85,0.702396
4,86,0.701516
4,87,0.701067
4,88,0.700959
4,89,0.701039
4,90,0.701151
4,91,0.701196
4,92,0.701137
4,93,0.701003
4,94,0.700856
4,95,0.700763
5,0,0.706988
5,1,0.707057
5,2,0.707177
5,3,0.707316
5,4,0.707412
5,5,0.707382
5,6,0.707129
5,7,0.706551
5,8,0.705567
5,9,0.704145
5,10,0.702306
5,11,0.700122
5,12,0.697707
5,13,0.695188
5,14,0.692701
5,15,0.690391
5,16,0.688424
5,17,0.686997
5,18,0.686316
5,19,0.686554
5,20,0.687786
5,21,0.689923
5,22,0.692708
5,23,0.695747
5,24,0.698592
5,25,0.700864
5,26,0.702339
5,27,0.702998
5,28,0.703011
5,29,0.702663
5,30,0.702265
5,31,0.702048
5,32,0.702118
5,33,0.702433
5,34,0.702851
5,35,0.703198
5,36,0.703353
5,37,0.703299
5,38,0.703131
5,39,0.703009
5,40,0.703083
5,41,0.703416
5,42,0.703956
5,43,0.70455
5,44,0.705007
5,45,0.705174
5,46,0.704991
5,47,0.704508
5,48,0.703866
5,49,0.703234
5,50,0.702762
5,51,0.702546
5,52,0.70262
5,53,0.702957
5,54,0.703504
5,55,0.70418
5,56,0.704896
5,57,0.70556
5,58,0.706069
5,59,0.70632
5,60,0.70621
5,61,0.705659
5,62,0.704631
5,63,0.703153
5,64,0.701337
5,65,0.699361
5,66,0.697463
5,67,0.695885
5,68,0.694834
5,69,0.694441
5,70,0.69475
5,71,0.695722
5,72,0.697256
5,73,0.699223
5,74,0.701477
5,75,0.703855
5,76,0.706177
5,77,0.708237
5,78,0.709825
5,79,0.710753
5,80,0.710905
5,81,0.71027
5,82,0.708967
5,83,0.707223
5,84,0.705324
5,85,0.703544
5,86,0.702083
5,87,0.70103
5,88,0.700362
5,89,0.699977
5,90,0.699751
5,91,0.699587
5,92,0.699426
5,93,0.699264
5,94,0.699125
5,95,0.699045
6,0,0.709623
6,1,0.709609
6,2,0.709581
6,3,0.709537
6,4,0.70945
6,5,0.709272
6,6,0.708928
6,7,0.708321
6,8,0.707363
6,9,0.705998
6,10,0.704222
6,11,0.702088
6,12,0.6997
6,13,0.697194
6,14,0.694719
6,15,0.692434
6,16,0.690513
6,17,0.68914
6,18,0.688492
6,19,0.688707
6,20,0.689825
6,21,0.691737
6,22,0.694191
6,23,0.696824
6,24,0.699245
6,25,0.701138
6,26,0.702338
6,27,0.702871
6,28,0.702919
6,29,0.702759
6,30,0.702668
6,31,0.702836
6,32,0.703324
6,33,0.704052
6,34,0.704842
6,35,0.705489
6,36,0.705842
6,37,0.705857
6,38,0.705609
6,39,0.705258
6,40,0.70497
6,41,0.704852
6,42,0.70491
6,43,0.705053
6,44,0.705144
6,45,0.705065
6,46,0.704767
6,47,0.704286
6,48,0.703735
6,49,0.703241
6,50,0.702921
6,51,0.702848
6,52,0.703043
6,53,0.703481
6,54,0.704119
6,55,0.704883
6,56,0.705691
6,57,0.706447
6,58,0.707033
6,59,0.707327
6,60,0.707204
6,61,0.706565
6,62,0.705366
6,63,0.703636
6,64,0.701505
6,65,0.699184
6,66,0.696943
6,67,0.695061
6,68,0.69377
6,69,0.693219
6,70,0.693455
6,71,0.694442
6,72,0.696074
6,73,0.698221
6,74,0.70073
6,75,0.70343
6,76,0.706128
6,77,0.708593
6,78,0.710586
6,79,0.71188
6,80,0.712321
6,81,0.711861
6,82,0.710593
6,83,0.708731
6,84,0.706569
6,85,0.704412
6,86,0.702509
6,87,0.701006
6,88,0.699937
6,89,0.69924
6,90,0.698811
6,91,0.698549
6,92,0.698373
6,93,0.698245
6,94,0.698154
6,95,0.698106
7,0,0.711392
7,1,0.71132
7,2,0.711191
7,3,0.711025
7,4,0.710827
7,5,0.710575
7,6,0.710213
7,7,0.709649
7,8,0.708788
7,9,0.70755
7,10,0.705906
7,11,0.703886
7,12,0.701583
7,13,0.699133
7,14,0.696696
7,15,0.694443
7,16,0.692552
7,17,0.6912
7,18,0.690543
7,19,0.690691
7,20,0.691658
7,21,0.693325
7,22,0.695454
7,23,0.697718
7,24,0.699779
7,25,0.701382
7,26,0.702416
7,27,0.702937
7,28,0.703131
7,29,0.703251
7,30,0.703534
7,31,0.704118
7,32,0.705018
7,33,0.706112
7,34,0.707193
7,35,0.70803
7,36,0.708449
7,37,0.708386
7,38,0.707906
7,39,0.707173
7,40,0.706383
7,41,0.705694
7,42,0.705178
7,43,0.704815
7,44,0.704528
7,45,0.704229
7,46,0.703873
7,47,0.703471
7,48,0.703091
7,49,0.702813
7,50,0.702711
7,51,0.702831
7,52,0.703183
7,53,0.703749
7,54,0.704495
7,55,0.705364
7,56,0.706277
7,57,0.707136
7,58,0.707808
7,59,0.708151
7,60,0.708016
7,61,0.707287
7,62,0.70591
7,63,0.703922
7,64,0.701475
7,65,0.698807
7,66,0.696228
7,67,0.694051
7,68,0.692535
7,69,0.691843
7,70,0.692028
7,71,0.693051
7,72,0.694801
7,73,0.697135
7,74,0.69989
7,75,0.702883
7,76,0.705899
7,77,0.708689
7,78,0.710991
7,79,0.712554
7,80,0.713203
7,81,0.712872
7,82,0.711638
7,83,0.709713
7,84,0.707397
7,85,0.705018
7,86,0.702859
7,87,0.701105
7,88,0.699827
7,89,0.698991
7,90,0.698503
7,91,0.698257
7,92,0.698149
7,93,0.698113
7,94,0.698104
7,95,0.698105
8,0,0.712273
8,1,0.712166
8,2,0.711977
8,3,0.711744
8,4,0.711496
8,5,0.711234
8,6,0.710917
8,7,0.710456
8,8,0.709747
8,9,0.708691
8,10,0.707232
8,11,0.705379
8,12,0.70321
8,13,0.700856
8,14,0.698484
8,15,0.696274
8,16,0.694407
8,17,0.693053
8,18,0.692354
8,19,0.692396
8,20,0.69318
8,21,0.694583
8,22,0.696388
8,23,0.698308
8,24,0.700063
8,25,0.701456
8,26,0.702418
8,27,0.703029
8,28,0.703468
8,29,0.703951
8,30,0.704664
8,31,0.705688
8,32,0.706987
8,33,0.708398
8,34,0.70969
8,35,0.710612
8,36,0.710975
8,37,0.710706
8,38,0.709866
8,39,0.708633
8,40,0.707238
8,41,0.705896
8,42,0.704753
8,43,0.703859
8,44,0.703193
8,45,0.702697
8,46,0.70232
8,47,0.702043
8,48,0.701884
8,49,0.701873
8,50,0.702039
8,51,0.702399
8,52,0.702955
8,53,0.70369
8,54,0.704582
8,55,0.705583
8,56,0.706619
8,57,0.707584
8,58,0.708336
8,59,0.708711
8,60,0.708547
8,61,0.707712
8,62,0.706154
8,63,0.703918
8,64,0.701178
8,65,0.698205
8,66,0.695342
8,67,0.69293
8,68,0.691251
8,69,0.690481
8,70,0.69067
8,71,0.691774
8,72,0.693668
8,73,0.696195
8,74,0.699173
8,75,0.7024
8,76,0.705645
8,77,0.708645
8,78,0.711127
8,79,0.712837
8,80,0.713598
8,81,0.713343
8,82,0.712151
8,83,0.710232
8,84,0.707892
8,85,0.705463
8,86,0.703243
8,87,0.701436
8,88,0.700129
8,89,0.699304
8,90,0.698873
8,91,0.698723
8,92,0.698736
8,93,0.698822
8,94,0.698913
8,95,0.698969
9,0,0.712425
9,1,0.712297
9,2,0.712073
9,3,0.711808
9,4,0.711548
9,5,0.711314
9,6,0.711075
9,7,0.710748
9,8,0.710219
9,9,0.70937
9,10,0.708123
9,11,0.706465
9,12,0.704459
9,13,0.702231
9,14,0.699951
9,15,0.697802
9,16,0.695967
9,17,0.694608
9,18,0.693853
9,19,0.693769
9,20,0.694345
9,21,0.695465
9,22,0.696937
9,23,0.69852
9,24,0.699995
9,25,0.701223
9,26,0.702176
9,27,0.702946
9,28,0.703696
9,29,0.704598
9,30,0.705777
9,31,0.707255
9,32,0.708938
9,33,0.710629
9,34,0.712069
9,35,0.712997
9,36,0.713217
9,37,0.712655
9,38,0.711377
9,39,0.709582
9,40,0.707542
9,41,0.705527
9,42,0.703753
9,43,0.702337
9,44,0.701305
9,45,0.700624
9,46,0.700237
9,47,0.700091
9,48,0.700159
9,49,0.700425
9,50,0.70088
9,51,0.701512
9,52,0.702313
9,53,0.703264
9,54,0.704344
9,55,0.705509
9,56,0.706681
9,57,0.707749
9,58,0.708559
9,59,0.708938
9,60,0.708714
9,61,0.707758
9,62,0.706023
9,63,0.703573
9,64,0.700602
9,65,0.69741
9,66,0.694366
9,67,0.691833
9,68,0.690105
9,69,0.68936
9,70,0.689644
9,71,0.690895
9,72,0.692971
9,73,0.695691
9,74,0.698854
9,75,0.702236
9,76,0.705595
9,77,0.708663
9,78,0.711176
9,79,0.712895
9,80,0.713663
9,81,0.713433
9,82,0.712293
9,83,0.710454
9,84,0.708214
9,85,0.705896
9,86,0.703787
9,87,0.702086
9,88,0.700882
9,89,0.700162
9,90,0.699842
9,91,0.699811
9,92,0.699947
9,93,0.700146
9,94,0.700325
9,95,0.70043
10,0,0.712132
10,1,0.711985
10,2,0.711732
10,3,0.71144
10,4,0.711174
10,5,0.710972
10,6,0.710813
10,7,0.710616
10,8,0.710259
10,9,0.70961
10,10,0.708569
10,11,0.707107
10,12,0.705271
10,13,0.703184
10,14,0.701015
10,15,0.69895
10,16,0.697168
10,17,0.69582
10,18,0.695016
10,19,0.694804
10,20,0.695161
10,21,0.695982
10,22,0.697105
10,23,0.69834
10,24,0.699535
10,25,0.700606
10,26,0.701568
10,27,0.702521
10,28,0.703606
10,29,0.704945
10,30,0.7066
10,31,0.708526
10,32,0.710577
10,33,0.712515
10,34,0.714063
10,35,0.714951
10,36,0.714984
10,37,0.714095
10,38,0.712365
10,39,0.710017
10,40,0.707361
10,41,0.70472
10,42,0.702366
10,43,0.700471
10,44,0.699102
10,45,0.698241
10,46,0.697825
10,47,0.697777
10,48,0.698036
10,49,0.69855
10,50,0.699278
10,51,0.700189
10,52,0.70126
10,53,0.702462
10,54,0.703768
10,55,0.705121
10,56,0.706439
10,57,0.707597
10,58,0.708437
10,59,0.708784
10,60,0.708475
10,61,0.707391
10,62,0.705507
10,63,0.702906
10,64,0.699807
10,65,0.696529
10,66,0.693456
10,67,0.69096
10,68,0.689335
10,69,0.688752
10,70,0.68924
10,71,0.690716
10,72,0.693014
10,73,0.695924
10,74,0.699221
10,75,0.702663
10,76,0.706003
10,77,0.708983
10,78,0.711366
10,79,0.712951
10,80,0.713621
10,81,0.713361
10,82,0.712279
10,83,0.710582
10,84,0.708548
10,85,0.706468
10,86,0.704593
10,87,0.703097
10,88,0.702057
10,89,0.70146
10,90,0.701234
10,91,0.701278
10,92,0.701479
10,93,0.701737
10,94,0.701963
10,95,0.702093
11,0,0.711693
11,1,0.711522
11,2,0.711228
11,3,0.710894
11,4,0.710603
11,5,0.710409
11,6,0.710303
11,7,0.710205
11,8,0.709988
11,9,0.709503
11,10,0.708636
11,11,0.707342
11,12,0.70566
11,13,0.703711
11,14,0.701662
11,15,0.699699
11,16,0.697994
11,17,0.696681
11,18,0.695847
11,19,0.695519
11,20,0.695661
11,21,0.696177
11,22,0.696937
11,23,0.697808
11,24,0.698702
11,25,0.699598
11,26,0.700551
11,27,0.70167
11,28,0.70307
11,29,0.704824
11,30,0.706929
11,31,0.709277
11,32,0.711665
11,33,0.713823
11,34,0.715454
11,35,0.716287
11,36,0.716131
11,37,0.714935
11,38,0.712799
11,39,0.709972
11,40,0.706796
11,41,0.703635
11,42,0.700802
11,43,0.698505
11,44,0.696841
11,45,0.695802
11,46,0.695323
11,47,0.695315
11,48,0.695695
11,49,0.696391
11,50,0.697345
11,51,0.698512
11,52,0.69985
11,53,0.701316
11,54,0.702863
11,55,0.704417
11,56,0.705877
11,57,0.707109
11,58,0.707954
11,59,0.708247
11,60,0.707843
11,61,0.706652
11,62,0.704676
11,63,0.702024
11,64,0.698934
11,65,0.695736
11,66,0.692815
11,67,0.690537
11,68,0.689183
11,69,0.688906
11,70,0.689711
11,71,0.691488
11,72,0.694038
11,73,0.697123
11,74,0.700491
11,75,0.703889
11,76,0.70707
11,77,0.709805
11,78,0.711899
11,79,0.71321
11,80,0.713679
11,81,0.713337
11,82,0.712311
11,83,0.7108
11,84,0.709045
11,85,0.707281
11,86,0.705706
11,87,0.70445
11,88,0.703566
11,89,0.703042
11,90,0.702824
11,91,0.70284
11,92,0.703001
11,93,0.703222
11,94,0.703424
11,95,0.703543
12,0,0.71134
12,1,0.711134
12,2,0.710782
12,3,0.710382
12,4,0.710037
12,5,0.709819
12,6,0.709729
12,7,0.709691
12,8,0.70957
12,9,0.709203
12,10,0.708464
12,11,0.707298
12,12,0.705738
12,13,0.703904
12,14,0.701965
12,15,0.700106
12,16,0.698487
12,17,0.697224
12,18,0.696377
12,19,0.695949
12,20,0.695889
12,21,0.696105
12,22,0.696501
12,23,0.696998
12,24,0.697573
12,25,0.698267
12,26,0.699174
12,27,0.700412
12,28,0.702076
12,29,0.704188
12,30,0.706687
12,31,0.709403
12,32,0.712085
12,33,0.714428
12,34,0.716122
12,35,0.716898
12,36,0.716579
12,37,0.715133
12,38,0.712683
12,39,0.7095
12,40,0.70595
12,41,0.702419
12,42,0.699241
12,43,0.696647
12,44,0.694743
12,45,0.693533
12,46,0.692955
12,47,0.692918
12,48,0.693336
12,49,0.694134
12,50,0.695247
12,51,0.69662
12,52,0.698195
12,53,0.699909
12,54,0.701688
12,55,0.703432
12,56,0.705022
12,57,0.706311
12,58,0.707147
12,59,0.707382
12,60,0.706903
12,61,0.705658
12,62,0.703679
12,63,0.701105
12,64,0.698184
12,65,0.695246
12,66,0.692662
12,67,0.69078
12,68,0.689855
12,69,0.690012
12,70,0.691225
12,71,0.693354
12,72,0.696167
12,73,0.699394
12,74,0.702761
12,75,0.706004
12,76,0.708892
12,77,0.711233
12,78,0.712893
12,79,0.713804
12,80,0.713979
12,81,0.713502
12,82,0.71252
12,83,0.711213
12,84,0.709773
12,85,0.708361
12,86,0.7071
12,87,0.706062
12,88,0.705273
12,89,0.704723
12,90,0.704388
12,91,0.704234
12,92,0.704218
12,93,0.704285
12,94,0.704376
12,95,0.704438
13,0,0.711153
13,1,0.710909
13,2,0.71049
13,3,0.710013
13,4,0.7096
13,5,0.709341
13,6,0.709246
13,7,0.709242
13,8,0.709185
13,9,0.708901
13,10,0.70825
13,11,0.707169
13,12,0.70569
13,13,0.703933
13,14,0.702073
13,15,0.700292
13,16,0.698743
13,17,0.697522
13,18,0.696663
13,19,0.696143
13,20,0.695893
13,21,0.695829
13,22,0.69588
13,23,0.696014
13,24,0.696273
13,25,0.696749
13,26,0.697575
13,27,0.69888
13,28,0.700737
13,29,0.70313
13,30,0.705941
13,31,0.708949
13,32,0.711858
13,33,0.714338
13,34,0.716069
13,35,0.716788
13,36,0.716341
13,37,0.714718
13,38,0.712066
13,39,0.708675
13,40,0.704921
13,41,0.701191
13,42,0.697824
13,43,0.695048
13,44,0.692974
13,45,0.691613
13,46,0.690912
13,47,0.69079
13,48,0.691173
13,49,0.691992
13,50,0.693191
13,51,0.694705
13,52,0.696463
13,53,0.698381
13,54,0.700354
13,55,0.702258
13,56,0.703951
13,57,0.705282
13,58,0.706108
13,59,0.706308
13,60,0.705805
13,61,0.704586
13,62,0.702721
13,63,0.700367
13,64,0.697776
13,65,0.695268
13,66,0.693186
13,67,0.691846
13,68,0.691467
13,69,0.692143
13,70,0.693814
13,71,0.696308
13,72,0.699361
13,73,0.702674
13,74,0.705954
13,75,0.708936
13,76,0.711408
13,77,0.713227
13,78,0.714333
13,79,0.714741
13,80,0.714543
13,81,0.713881
13,82,0.712919
13,83,0.711813
13,84,0.710688
13,85,0.709623
13,86,0.708651
13,87,0.707779
13,88,0.707
13,89,0.706311
13,90,0.705724
13,91,0.705258
13,92,0.704926
13,93,0.70472
13,94,0.704614
13,95,0.704573
14,0,0.711061
14,1,0.710786
14,2,0.710314
14,3,0.709776
14,4,0.709314
14,5,0.709031
14,6,0.708945
14,7,0.708982
14,8,0.708988
14,9,0.708775
14,10,0.708191
14,11,0.707166
14,12,0.705727
14,13,0.704001
14,14,0.702169
14,15,0.700416
14,16,0.698888
14,17,0.697671
14,18,0.696775
14,19,0.696157
14,20,0.695733
14,21,0.695419
14,22,0.695167
14,23,0.694982
14,24,0.694954
14,25,0.695223
14,26,0.695952
14,27,0.697277
14,28,0.699259
14,29,0.701844
14,30,0.704874
14,31,0.708081
14,32,0.711136
14,33,0.713689
14,34,0.715416
14,35,0.716072
14,36,0.715525
14,37,0.713795
14,38,0.711053
14,39,0.707599
14,40,0.703805
14,41,0.700047
14,42,0.696644
14,43,0.693808
14,44,0.691646
14,45,0.690172
14,46,0.689347
14,47,0.689109
14,48,0.689406
14,49,0.690188
14,50,0.691404
14,51,0.69299
14,52,0.694864
14,53,0.696918
14,54,0.699024
14,55,0.701035
14,56,0.702796
14,57,0.704153
14,58,0.704981
14,59,0.705187
14,60,0.704731
14,61,0.703639
14,62,0.702007
14,63,0.700009
14,64,0.697889
14,65,0.695944
14,66,0.69448
14,67,0.693773
14,68,0.694002
14,69,0.695223
14,70,0.697346
14,71,0.700169
14,72,0.703403
14,73,0.706724
14,74,0.709826
14,75,0.712446
14,76,0.714402
14,77,0.715604
14,78,0.716068
14,79,0.715899
14,80,0.71527
14,81,0.714377
14,82,0.713402
14,83,0.712468
14,84,0.711633
14,85,0.710879
14,86,0.710149
14,87,0.70938
14,88,0.708531
14,89,0.707608
14,90,0.706664
14,91,0.705777
14,92,0.705024
14,93,0.704453
14,94,0.704083
14,95,0.703903
15,0,0.710863
15,1,0.710579
15,2,0.710093
15,3,0.709548
15,4,0.709097
15,5,0.708849
15,6,0.708827
15,7,0.708951
15,8,0.709055
15,9,0.708935
15,10,0.708426
15,11,0.707446
15,12,0.706023
15,13,0.704285
15,14,0.702423
15,15,0.700631
15,16,0.699057
15,17,0.697783
15,18,0.696808
15,19,0.696075
15,20,0.695491
15,21,0.694969
15,22,0.694475
15,23,0.694041
15,24,0.693788
15,25,0.693888
15,26,0.694526
15,27,0.695842
15,28,0.697885
15,29,0.700578
15,30,0.703728
15,31,0.707037
15,32,0.710149
15,33,0.712703
15,34,0.714379
15,35,0.714952
15,36,0.714321
15,37,0.712538
15,38,0.709798
15,39,0.706402
15,40,0.702711
15,41,0.69907
15,42,0.695768
15,43,0.692989
15,44,0.690826
15,45,0.689295
15,46,0.688374
15,47,0.688026
15,48,0.68822
15,49,0.688928
15,50,0.690111
15,51,0.691707
15,52,0.693619
15,53,0.695729
15,54,0.697889
15,55,0.699938
15,56,0.701719
15,57,0.703086
15,58,0.703931
15,59,0.704192
15,60,0.703861
15,61,0.702992
15,62,0.701703
15,63,0.700166
15,64,0.698614
15,65,0.69731
15,66,0.696518
15,67,0.696468
15,68,0.697298
15,69,0.699027
15,70,0.701541
15,71,0.704611
15,72,0.70793
15,73,0.711162
15,74,0.713992
15,75,0.716167
15,76,0.717536
15,77,0.718064
15,78,0.717841
15,79,0.717056
15,80,0.715961
15,81,0.714801
15,82,0.713771
15,83,0.712962
15,84,0.712362
15,85,0.711864
15,86,0.711321
15,87,0.710601
15,88,0.709633
15,89,0.708428
15,90,0.70708
15,91,0.705724
15,92,0.704504
15,93,0.703528
15,94,0.702861
15,95,0.702525
16,0,0.710319
16,1,0.710059
16,2,0.709622
16,3,0.709152
16,4,0.708802
16,5,0.708682
16,6,0.708808
16,7,0.709093
16,8,0.709355
16,9,0.709376
16,10,0.708972
16,11,0.708052
16,12,0.706638
16,13,0.704863
16,14,0.702925
16,15,0.701032
16,16,0.699346
16,17,0.697953
16,18,0.696856
16,19,0.695995
16,20,0.69527
16,21,0.694595
16,22,0.693938
16,23,0.693342
16,24,0.692945
16,25,0.692932
16,26,0.693499
16,27,0.694788
16,28,0.696839
16,29,0.699562
16,30,0.702741
16,31,0.706059
16,32,0.709144
16,33,0.71163
16,34,0.713209
16,35,0.71368
16,36,0.712974
16,37,0.711176
16,38,0.708502
16,39,0.705253
16,40,0.701767
16,41,0.698355
16,42,0.695262
16,43,0.69264
16,44,0.690562
16,45,0.689046
16,46,0.688082
16,47,0.687656
16,48,0.68776
16,49,0.688386
16,50,0.689502
16,51,0.691049
16,52,0.692925
16,53,0.695001
16,54,0.697124
16,55,0.699133
16,56,0.700879
16,57,0.702231
16,58,0.703106
16,59,0.703465
16,60,0.703326
16,61,0.702758
16,62,0.701884
16,63,0.700869
16,64,0.699922
16,65,0.69927
16,66,0.699133
16,67,0.699696
16,68,0.701055
16,69,0.7032
16,70,0.705992
16,71,0.70919
16,72,0.712478
16,73,0.715514
16,74,0.717986
16,75,0.719657
16,76,0.720404
16,77,0.720244
16,78,0.719334
16,79,0.717936
16,80,0.716365
16,81,0.714912
16,82,0.71378
16,83,0.713031
16,84,0.712594
16,85,0.712282
16,86,0.711871
16,87,0.711167
16,88,0.710071
16,89,0.708597
16,90,0.70687
16,91,0.705078
16,92,0.703421
16,93,0.702063
16,94,0.701115
16,95,0.70063
17,0,0.709252
17,1,0.709053
17,2,0.708732
17,3,0.708425
17,4,0.708275
17,5,0.708378
17,6,0.708741
17,7,0.709262
17,8,0.709745
17,9,0.709959
17,10,0.709703
17,11,0.708875
17,12,0.707488
17,13,0.705676
17,14,0.703647
17,15,0.701624
17,16,0.699786
17,17,0.69824
17,18,0.697002
17,19,0.696018
17,20,0.695189
17,21,0.694427
17,22,0.693694
17,23,0.69303
17,24,0.69257
17,25,0.6925
17,26,0.693016
17,27,0.694258
17,28,0.696266
17,29,0.698942
17,30,0.702066
17,31,0.705311
17,32,0.708301
17,33,0.710672
17,34,0.712127
17,35,0.71249
17,36,0.711724
17,37,0.709945
17,38,0.707383
17,39,0.704338
17,40,0.701125
17,41,0.698012
17,42,0.695203
17,43,0.692814
17,44,0.690897
17,45,0.689467
17,46,0.688522
17,47,0.688066
17,48,0.688109
17,49,0.688654
17,50,0.68968
17,51,0.691127
17,52,0.692891
17,53,0.694845
17,54,0.69684
17,55,0.698726
17,56,0.700377
17,57,0.701686
17,58,0.702594
17,59,0.703081
17,60,0.703177
17,61,0.702954
17,62,0.702524
17,63,0.702037
17,64,0.701669
17,65,0.701615
17,66,0.702053
17,67,0.703124
17,68,0.704889
17,69,0.707313
17,70,0.710241
17,71,0.713426
17,72,0.716556
17,73,0.719294
17,74,0.721341
17,75,0.722477
17,76,0.722611
17,77,0.721799
17,78,0.72025
17,79,0.71828
17,80,0.716255
17,81,0.714497
17,82,0.713215
17,83,0.712453
17,84,0.71209
17,85,0.711884
17,86,0.711551
17,87,0.71085
17,88,0.709656
17,89,0.707982
17,90,0.705972
17,91,0.703851
17,92,0.701861
17,93,0.700209
17,94,0.699042
17,95,0.698441
18,0,0.707628
18,1,0.707518
18,2,0.707367
18,3,0.70729
18,4,0.70741
18,5,0.707803
18,6,0.708457
18,7,0.709258
18,8,0.71
18,9,0.71044
18,10,0.710369
18,11,0.70967
18,12,0.708347
18,13,0.706533
18,14,0.704439
18,15,0.702301
18,16,0.700323
18,17,0.698636
18,18,0.697278
18,19,0.696209
18,20,0.695336
18,21,0.694564
18,22,0.693843
18,23,0.693196
18,24,0.692742
18,25,0.692654
18,26,0.693121
18,27,0.694284
18,28,0.696188
18,29,0.698743
18,30,0.701733
18,31,0.704841
18,32,0.707691
18,33,0.709928
18,34,0.711267
18,35,0.711549
18,36,0.710764
18,37,0.709047
18,38,0.706642
18,39,0.703841
18,40,0.700936
18,41,0.69816
18,42,0.695676
18,43,0.693566
18,44,0.691863
18,45,0.690573
18,46,0.689699
18,47,0.689254
18,48,0.689257
18,49,0.689721
18,50,0.690628
18,51,0.691923
18,52,0.693504
18,53,0.695251
18,54,0.697031
18,55,0.698722
18,56,0.700223
18,57,0.701462
18,58,0.7024
18,59,0.703032
18,60,0.703383
18,61,0.703513
18,62,0.703513
18,63,0.703506
18,64,0.703641
18,65,0.704076
18,66,0.704954
18,67,0.706385
18,68,0.708399
18,69,0.710939
18,70,0.713845
18,71,0.716873
18,72,0.719723
18,73,0.722077
18,74,0.723658
18,75,0.724268
18,76,0.723841
18,77,0.722461
18,78,0.720368
18,79,0.717911
18,80,0.715483
18,81,0.713426
18,82,0.711954
18,83,0.7111
18,84,0.710719
18,85,0.710535
18,86,0.71023
18,87,0.709533
18,88,0.708298
18,89,0.706531
18,90,0.704385
18,91,0.702096
18,92,0.699931
18,93,0.69812
18,94,0.696834
18,95,0.696168
19,0,0.705574
19,1,0.705566
19,2,0.705604
19,3,0.705779
19,4,0.706187
19,5,0.706876
19,6,0.707818
19,7,0.708887
19,8,0.709874
19,9,0.710538
19,10,0.710662
19,11,0.710124
19,12,0.708915
19,13,0.70716
19,14,0.705067
19,15,0.702882
19,16,0.70083
19,17,0.699067
19,18,0.697657
19,19,0.696578
19,20,0.695742
19,21,0.695045
19,22,0.694417
19,23,0.693853
19,24,0.693448
19,25,0.693353
19,26,0.69375
19,27,0.694783
19,28,0.69651
19,29,0.698863
19,30,0.70165
19,31,0.704569
19,32,0.707263
19,33,0.709383
19,34,0.710653
19,35,0.710923
19,36,0.710195
19,37,0.708614
19,38,0.706422
19,39,0.703905
19,40,0.70133
19,41,0.698902
19,42,0.696752
19,43,0.694934
19,44,0.693463
19,45,0.692336
19,46,0.691552
19,47,0.691129
19,48,0.69109
19,49,0.691451
19,50,0.692199
19,51,0.693282
19,52,0.694611
19,53,0.696078
19,54,0.697576
19,55,0.699013
19,56,0.700328
19,57,0.701478
19,58,0.702446
19,59,0.703227
19,60,0.703835
19,61,0.704301
19,62,0.704686
19,63,0.705079
19,64,0.7056
19,65,0.706382
19,66,0.70754
19,67,0.709158
19,68,0.711245
19,69,0.713732
19,70,0.716458
19,71,0.71919
19,72,0.721655
19,73,0.723565
19,74,0.724671
19,75,0.7248
19,76,0.723905
19,77,0.722084
19,78,0.719583
19,79,0.716759
19,80,0.714011
19,81,0.711686
19,82,0.709999
19,83,0.708985
19,84,0.708498
19,85,0.708256
19,86,0.707933
19,87,0.707247
19,88,0.706037
19,89,0.704302
19,90,0.702179
19,91,0.699906
19,92,0.697746
19,93,0.695933
19,94,0.694641
19,95,0.693972
20,0,0.70336
20,1,0.703444
20,2,0.70365
20,3,0.704044
20,4,0.70469
20,5,0.705612
20,6,0.706766
20,7,0.708025
20,8,0.709189
20,9,0.710026
20,10,0.710325
20,11,0.709962
20,12,0.708915
20,13,0.707295
20,14,0.705298
20,15,0.703173
20,16,0.701154
20,17,0.699422
20,18,0.698063
20,19,0.697073
20,20,0.696366
20,21,0.695825
20,22,0.695355
20,23,0.694919
20,24,0.69458
20,25,0.694465
20,26,0.694748
20,27,0.695582
20,28,0.69705
20,29,0.69912
20,30,0.701637
20,31,0.704332
20,32,0.706872
20,33,0.708921
20,34,0.710205
20,35,0.710573
20,36,0.710019
20,37,0.708678
20,38,0.706782
20,39,0.704599
20,40,0.702376
20,41,0.700296
20,42,0.698465
20,43,0.696921
20,44,0.695664
20,45,0.69468
20,46,0.693965
20,47,0.693534
20,48,0.693413
20,49,0.693619
20,50,0.694146
20,51,0.694953
20,52,0.695963
20,53,0.697092
20,54,0.698262
20,55,0.699418
20,56,0.700534
20,57,0.701599
20,58,0.702606
20,59,0.703546
20,60,0.704403
20,61,0.705176
20,62,0.705881
20,63,0.706577
20,64,0.707355
20,65,0.708328
20,66,0.709594
20,67,0.71122
20,68,0.713204
20,69,0.715471
20,70,0.717867
20,71,0.720186
20,72,0.722185
20,73,0.723617
20,74,0.72427
20,75,0.723998
20,76,0.722762
20,77,0.720657
20,78,0.717915
20,79,0.714876
20,80,0.711919
20,81,0.709382
20,82,0.707482
20,83,0.706265
20,84,0.705604
20,85,0.70524
20,86,0.704862
20,87,0.704194
20,88,0.703072
20,89,0.701475
20,90,0.699524
20,91,0.697431
20,92,0.69544
20,93,0.693768
20,94,0.692578
20,95,0.691962
21,0,0.701309
21,1,0.701454
21,2,0.701769
21,3,0.702295
21,4,0.703072
21,5,0.704101
21,6,0.705335
21,7,0.706655
21,8,0.707879
21,9,0.7088
21,10,0.709223
21,11,0.709025
21,12,0.708175
21,13,0.706762
21,14,0.704963
21,15,0.703015
21,16,0.701156
21,17,0.69958
21,18,0.698389
21,19,0.697591
21,20,0.697099
21,21,0.696781
21,22,0.696515
21,23,0.696228
21,24,0.695949
21,25,0.695784
21,26,0.6959
21,27,0.696466
21,28,0.697596
21,29,0.699307
21,30,0.701494
21,31,0.703938
21,32,0.706338
21,33,0.708377
21,34,0.709778
21,35,0.710375
21,36,0.710137
21,37,0.709169
21,38,0.707674
21,39,0.705894
21,40,0.704054
21,41,0.70232
21,42,0.700785
21,43,0.699476
21,44,0.698385
21,45,0.697491
21,46,0.696783
21,47,0.696276
21,48,0.695996
21,49,0.695968
21,50,0.696196
21,51,0.696655
21,52,0.69729
21,53,0.698042
21,54,0.698866
21,55,0.699743
21,56,0.700678
21,57,0.701682
21,58,0.702755
21,59,0.703866
21,60,0.704968
21,61,0.706012
21,62,0.706973
21,63,0.707873
21,64,0.70878
21,65,0.709792
21,66,0.711001
21,67,0.712466
21,68,0.714182
21,69,0.716077
21,70,0.718017
21,71,0.719825
21,72,0.721304
21,73,0.722255
21,74,0.722505
21,75,0.721933
21,76,0.720503
21,77,0.718291
21,78,0.715493
21,79,0.712407
21,80,0.709373
21,81,0.70671
21,82,0.704631
21,83,0.703204
21,84,0.702338
21,85,0.701816
21,86,0.701363
21,87,0.700723
21,88,0.699732
21,89,0.698354
21,90,0.69668
21,91,0.694888
21,92,0.693187
21,93,0.691762
21,94,0.690751
21,95,0.690229
22,0,0.699697
22,1,0.699859
22,2,0.7002
22,3,0.700741
22,4,0.701506
22,5,0.702488
22,6,0.703644
22,7,0.704872
22,8,0.706023
22,9,0.706921
22,10,0.707397
22,11,0.707336
22,12,0.706696
22,13,0.705543
22,14,0.704029
22,15,0.702367
22,16,0.700787
22,17,0.699482
22,18,0.698562
22,19,0.69804
22,20,0.697825
22,21,0.697768
22,22,0.69772
22,23,0.697579
22,24,0.697341
22,25,0.697093
22,26,0.696997
22,27,0.69724
22,28,0.697973
22,29,0.699267
22,30,0.701079
22,31,0.70325
22,32,0.705524
22,33,0.707606
22,34,0.709221
22,35,0.710173
22,36,0.710392
22,37,0.709933
22,38,0.708952
22,39,0.707654
22,40,0.70624
22,41,0.704858
22,42,0.703596
22,43,0.702478
22,44,0.701492
22,45,0.700614
22,46,0.699831
22,47,0.699157
22,48,0.698625
22,49,0.698271
22,50,0.698118
22,51,0.698162
22,52,0.698379
22,53,0.698739
22,54,0.699229
22,55,0.699859
22,56,0.70066
22,57,0.701653
22,58,0.702829
22,59,0.704132
22,60,0.705473
22,61,0.706754
22,62,0.707906
22,63,0.708917
22,64,0.709836
22,65,0.710752
22,66,0.711756
22,67,0.712909
22,68,0.714211
22,69,0.715606
22,70,0.716987
22,71,0.718217
22,72,0.719151
22,73,0.719642
22,74,0.71956
22,75,0.718805
22,76,0.717333
22,77,0.715189
22,78,0.712517
22,79,0.709555
22,80,0.706591
22,81,0.703909
22,82,0.701722
22,83,0.700122
22,84,0.699065
22,85,0.698387
22,86,0.697863
22,87,0.697265
22,88,0.696435
22,89,0.695322
22,90,0.693982
22,91,0.692553
22,92,0.691204
22,93,0.69008
22,94,0.689288
22,95,0.688882
23,0,0.698684
23,1,0.698816
23,2,0.699093
23,3,0.69953
23,4,0.700144
23,5,0.700932
23,6,0.701863
23,7,0.702865
23,8,0.703823
23,9,0.704601
23,10,0.705059
23,11,0.705093
23,12,0.704657
23,13,0.703792
23,14,0.702619
23,15,0.701321
23,16,0.700107
23,17,0.699157
23,18,0.698578
23,19,0.698378
23,20,0.698461
23,21,0.698664
23,22,0.698818
23,23,0.698795
23,24,0.698569
23,25,0.698211
23,26,0.697879
23,27,0.697775
23,28,0.698086
23,29,0.698936
23,30,0.700348
23,31,0.702229
23,32,0.70438
23,33,0.706537
23,34,0.708426
23,35,0.709822
23,36,0.710604
23,37,0.710762
23,38,0.710394
23,39,0.709653
23,40,0.708709
23,41,0.707696
23,42,0.706697
23,43,0.705737
23,44,0.704807
23,45,0.703881
23,46,0.702948
23,47,0.702026
23,48,0.701156
23,49,0.700396
23,50,0.699792
23,51,0.699376
23,52,0.699155
23,53,0.699134
23,54,0.699328
23,55,0.699771
23,56,0.700502
23,57,0.701543
23,58,0.702864
23,59,0.704375
23,60,0.705941
23,61,0.707416
23,62,0.708689
23,63,0.709719
23,64,0.710542
23,65,0.711241
23,66,0.711912
23,67,0.712626
23,68,0.713398
23,69,0.714195
23,70,0.714945
23,71,0.715563
23,72,0.715957
23,73,0.716036
23,74,0.715708
23,75,0.714889
23,76,0.713522
23,77,0.711609
23,78,0.709229
23,79,0.70655
23,80,0.703799
23,81,0.701224
23,82,0.69903
23,83,0.697336
23,84,0.696147
23,85,0.695359
23,86,0.694796
23,87,0.694266
23,88,0.693616
23,89,0.692782
23,90,0.691788
23,91,0.690732
23,92,0.68974
23,93,0.688922
23,94,0.688351
23,95,0.688062
24,0,0.698292
24,1,0.698353
24,2,0.698491
24,3,0.698724
24,4,0.699078
24,5,0.699563
24,6,0.70017
24,7,0.700857
24,8,0.701547
24,9,0.702139
24,10,0.702525
24,11,0.702614
24,12,0.702359
24,13,0.701783
24,14,0.700973
24,15,0.70008
24,16,0.69928
24,17,0.69873
24,18,0.69852
24,19,0.698647
24,20,0.699006
24,21,0.699427
24,22,0.699731
24,23,0.69978
24,24,0.699533
24,25,0.699051
24,26,0.698487
24,27,0.69805
24,28,0.697954
24,29,0.69837
24,30,0.699381
24,31,0.700961
24,32,0.702975
24,33,0.705199
24,34,0.707367
24,35,0.709233
24,36,0.710619
24,37,0.71145
24,38,0.711749
24,39,0.711616
24,40,0.711182
24,41,0.710562
24,42,0.709834
24,43,0.709027
24,44,0.708133
24,45,0.707129
24,46,0.706005
24,47,0.704787
24,48,0.70353
24,49,0.702317
24,50,0.701229
24,51,0.700338
24,52,0.699691
24,53,0.699327
24,54,0.699286
24,55,0.699613
24,56,0.700347
24,57,0.701491
24,58,0.702985
24,59,0.7047
24,60,0.706453
24,61,0.708057
24,62,0.709366
24,63,0.710317
24,64,0.710936
24,65,0.711309
24,66,0.71154
24,67,0.711715
24,68,0.711872
24,69,0.712008
24,70,0.712097
24,71,0.712104
24,72,0.711996
24,73,0.711731
24,74,0.711254
24,75,0.710488
24,76,0.709355
24,77,0.707807
24,78,0.705857
24,79,0.703599
24,80,0.701195
24,81,0.698854
24,82,0.696774
24,83,0.695096
24,84,0.693872
24,85,0.693054
24,86,0.692514
24,87,0.692089
24,88,0.691638
24,89,0.69108
24,90,0.690414
24,91,0.689702
24,92,0.689034
24,93,0.688489
24,94,0.688115
24,95,0.687929
25,0,0.698432
25,1,0.698394
25,2,0.69834
25,3,0.698306
25,4,0.698337
25,5,0.698466
25,6,0.698711
25,7,0.699056
25,8,0.699457
25,9,0.699842
25,10,0.700129
25,11,0.700245
25,12,0.700143
25,13,0.699835
25,14,0.699383
25,15,0.698902
25,16,0.698529
25,17,0.698387
25,18,0.698536
25,19,0.698954
25,20,0.69953
25,21,0.700094
25,22,0.700473
25,23,0.700529
25,24,0.700226
25,25,0.699616
25,26,0.698848
25,27,0.698128
25,28,0.697681
25,29,0.697707
25,30,0.698339
25,31,0.699615
25,32,0.701461
25,33,0.703703
25,34,0.706097
25,35,0.708381
25,36,0.710337
25,37,0.71182
25,38,0.712784
25,39,0.713269
25,40,0.713363
25,41,0.71316
25,42,0.71273
25,43,0.712101
25,44,0.711266
25,45,0.710203
25,46,0.708902
25,47,0.707394
25,48,0.705755
25,49,0.704097
25,50,0.702541
25,51,0.701205
25,52,0.70018
25,53,0.699538
25,54,0.699337
25,55,0.699624
25,56,0.700421
25,57,0.701701
25,58,0.703366
25,59,0.705243
25,60,0.707108
25,61,0.708742
25,62,0.709974
25,63,0.710732
25,64,0.711039
25,65,0.710985
25,66,0.71069
25,67,0.710258
25,68,0.709752
25,69,0.709207
25,70,0.708642
25,71,0.708078
25,72,0.707533
25,73,0.707011
25,74,0.706484
25,75,0.705875
25,76,0.705081
25,77,0.704004
25,78,0.70259
25,79,0.700861
25,80,0.69892
25,81,0.696936
25,82,0.695098
25,83,0.693564
25,84,0.692426
25,85,0.69168
25,86,0.691241
25,87,0.690971
25,88,0.690735
25,89,0.690443
25,90,0.690071
25,91,0.689655
25,92,0.689257
25,93,0.688934
25,94,0.688716
25,95,0.688611
26,0,0.698963
26,1,0.69881
26,2,0.698539
26,3,0.698211
26,4,0.697902
26,5,0.697674
26,6,0.697573
26,7,0.697606
26,8,0.697746
26,9,0.697944
26,10,0.698135
26,11,0.698262
26,12,0.698289
26,13,0.69822
26,14,0.698101
26,15,0.698015
26,16,0.698056
26,17,0.698301
26,18,0.698773
26,19,0.699426
26,20,0.70014
26,21,0.700757
26,22,0.701122
26,23,0.701119
26,24,0.700725
26,25,0.699995
26,26,0.699069
26,27,0.698139
26,28,0.697424
26,29,0.697134
26,30,0.697431
26,31,0.698406
26,32,0.700044
26,33,0.702225
26,34,0.704739
26,35,0.707328
26,36,0.70974
26,37,0.711781
26,38,0.713342
26,39,0.714403
26,40,0.715012
26,41,0.715237
26,42,0.715138
26,43,0.714737
26,44,0.714022
26,45,0.712966
26,46,0.711555
26,47,0.709826
26,48,0.70787
26,49,0.705832
26,50,0.703879
26,51,0.702174
26,52,0.700855
26,53,0.700021
26,54,0.699743
26,55,0.700055
26,56,0.700951
26,57,0.702364
26,58,0.704152
26,59,0.706102
26,60,0.70796
26,61,0.709486
26,62,0.710501
26,63,0.710934
26,64,0.710816
26,65,0.710248
26,66,0.709365
26,67,0.708291
26,68,0.707117
26,69,0.705915
26,70,0.704748
26,71,0.703684
26,72,0.70279
26,73,0.702105
26,74,0.701619
26,75,0.701254
26,76,0.700878
26,77,0.700345
26,78,0.69954
26,79,0.698422
26,80,0.697039
26,81,0.695525
26,82,0.694053
26,83,0.692794
26,84,0.691867
26,85,0.691303
26,86,0.691046
26,87,0.690981
26,88,0.690978
26,89,0.690939
26,90,0.690825
26,91,0.690652
26,92,0.690465
26,93,0.690307
26,94,0.690202
26,95,0.690154
27,0,0.699745
27,1,0.699471
27,2,0.698978
27,3,0.69836
27,4,0.697728
27,5,0.697181
27,6,0.696787
27,7,0.696568
27,8,0.696507
27,9,0.696562
27,10,0.69668
27,11,0.696818
27,12,0.696951
27,13,0.697091
27,14,0.697272
27,15,0.697549
27,16,0.697974
27,17,0.698572
27,18,0.699321
27,19,0.700146
27,20,0.700923
27,21,0.701508
27,22,0.70178
27,23,0.701661
27,24,0.70115
27,25,0.700315
27,26,0.699282
27,27,0.698224
27,28,0.697334
27,29,0.696813
27,30,0.696833
27,31,0.69752
27,32,0.698911
27,33,0.700941
27,34,0.703444
27,35,0.706177
27,36,0.708882
27,37,0.711328
27,38,0.713357
27,39,0.714902
27,40,0.715973
27,41,0.716615
27,42,0.71687
27,43,0.716752
27,44,0.716238
27,45,0.715287
27,46,0.713877
27,47,0.712041
27,48,0.709887
27,49,0.707588
27,50,0.705355
27,51,0.703401
27,52,0.701899
27,53,0.700975
27,54,0.700697
27,55,0.701079
27,56,0.702076
27,57,0.703575
27,58,0.705392
27,59,0.707282
27,60,0.708972
27,61,0.710221
27,62,0.71086
27,63,0.71083
27,64,0.710182
27,65,0.709033
27,66,0.707533
27,67,0.705826
27,68,0.704026
27,69,0.702234
27,70,0.700552
27,71,0.699085
27,72,0.697939
27,73,0.697179
27,74,0.696811
27,75,0.696749
27,76,0.69684
27,77,0.696894
27,78,0.696745
27,79,0.696296
27,80,0.695548
27,81,0.694597
27,82,0.693604
27,83,0.692739
27,84,0.692137
27,85,0.691852
27,86,0.691851
27,87,0.692034
27,88,0.692276
27,89,0.692477
27,90,0.692587
27,91,0.692609
27,92,0.69258
27,93,0.692539
27,94,0.692509
27,95,0.692498
28,0,0.700667
28,1,0.700277
28,2,0.699573
28,3,0.698686
28,4,0.697768
28,5,0.696953
28,6,0.696329
28,7,0.695929
28,8,0.695732
28,9,0.695695
28,10,0.695769
28,11,0.695922
28,12,0.696148
28,13,0.696467
28,14,0.696912
28,15,0.697516
28,16,0.698287
28,17,0.699199
28,18,0.700181
28,19,0.701127
28,20,0.701909
28,21,0.702404
28,22,0.702531
28,23,0.702258
28,24,0.701619
28,25,0.700695
28,26,0.699602
28,27,0.698487
28,28,0.697508
28,29,0.696837
28,30,0.696642
28,31,0.697065
28,32,0.698185
28,33,0.699986
28,34,0.702347
28,35,0.70506
28,36,0.707873
28,37,0.710538
28,38,0.712869
28,39,0.714766
28,40,0.716207
28,41,0.717217
28,42,0.717824
28,43,0.718029
28,44,0.717791
28,45,0.717051
28,46,0.715768
28,47,0.713968
28,48,0.711766
28,49,0.70936
28,50,0.706999
28,51,0.704937
28,52,0.70338
28,53,0.702465
28,54,0.702252
28,55,0.702721
28,56,0.703784
28,57,0.705282
28,58,0.706995
28,59,0.708658
28,60,0.709999
28,61,0.710792
28,62,0.710896
28,63,0.710281
28,64,0.709023
28,65,0.707261
28,66,0.70516
28,67,0.702876
28,68,0.700538
28,69,0.698265
28,70,0.696182
28,71,0.694421
28,72,0.693114
28,73,0.692351
28,74,0.692146
28,75,0.692417
28,76,0.69299
28,77,0.693646
28,78,0.694175
28,79,0.694434
28,80,0.694378
28,81,0.694071
28,82,0.693647
28,83,0.693272
28,84,0.693086
28,85,0.693154
28,86,0.693463
28,87,0.693922
28,88,0.694417
28,89,0.694844
28,90,0.69515
28,91,0.69533
28,92,0.69542
28,93,0.695459
28,94,0.695477
28,95,0.695487
29,0,0.701644
29,1,0.701149
29,2,0.700257
29,3,0.699134
29,4,0.697974
29,5,0.696941
29,6,0.696145
29,7,0.695618
29,8,0.695335
29,9,0.695245
29,10,0.695298
29,11,0.69547
29,12,0.695775
29,13,0.696247
29,14,0.69692
29,15,0.69781
29,16,0.698887
29,17,0.700075
29,18,0.701255
29,19,0.702291
29,20,0.70305
29,21,0.703434
29,22,0.703401
29,23,0.702968
29,24,0.702206
29,25,0.70121
29,26,0.700092
29,27,0.698967
29,28,0.697958
29,29,0.697202
29,30,0.696849
29,31,0.697042
29,32,0.697887
29,33,0.699409
29,34,0.701532
29,35,0.704083
29,36,0.706832
29,37,0.709534
29,38,0.711989
29,39,0.714079
29,40,0.715765
29,41,0.717058
29,42,0.717977
29,43,0.718508
29,44,0.718593
29,45,0.71815
29,46,0.717113
29,47,0.715493
29,48,0.713402
29,49,0.711054
29,50,0.708729
29,51,0.706707
29,52,0.705218
29,53,0.7044
29,54,0.704292
29,55,0.704837
29,56,0.705902
29,57,0.707285
29,58,0.708743
29,59,0.710006
29,60,0.710819
29,61,0.710995
29,62,0.710432
29,63,0.709144
29,64,0.70724
29,65,0.704881
29,66,0.702244
29,67,0.699487
29,68,0.69674
29,69,0.694123
29,70,0.691767
29,71,0.689818
29,72,0.688426
29,73,0.6877
29,74,0.687672
29,75,0.688267
29,76,0.689306
29,77,0.690552
29,78,0.69176
29,79,0.692747
29,80,0.693424
29,81,0.693815
29,82,0.694027
29,83,0.694208
29,84,0.694497
29,85,0.694966
29,86,0.695614
29,87,0.696365
29,88,0.697113
29,89,0.697757
29,90,0.698242
29,91,0.698562
29,92,0.698749
29,93,0.698848
29,94,0.698898
29,95,0.698921
30,0,0.702582
30,1,0.701999
30,2,0.700952
30,3,0.699637
30,4,0.698282
30,5,0.69708
30,6,0.696152
30,7,0.695535
30,8,0.695194
30,9,0.69507
30,10,0.69511
30,11,0.6953
30,12,0.69567
30,13,0.696269
30,14,0.697134
30,15,0.698267
30,16,0.699607
30,17,0.701033
30,18,0.702386
30,19,0.703502
30,20,0.704244
30,21,0.704533
30,22,0.704364
30,23,0.703793
30,24,0.702925
30,25,0.701872
30,26,0.700739
30,27,0.699621
30,28,0.698607
30,29,0.697801
30,30,0.69733
30,31,0.697331
30,32,0.697922
30,33,0.699154
30,34,0.700988
30,35,0.703287
30,36,0.705845
30,37,0.70843
30,38,0.710846
30,39,0.71297
30,40,0.714759
30,41,0.716221
30,42,0.717372
30,43,0.71819
30,44,0.718603
30,45,0.718503
30,46,0.717799
30,47,0.716479
30,48,0.714642
30,49,0.712508
30,50,0.710367
30,51,0.70852
30,52,0.707202
30,53,0.706543
30,54,0.706556
30,55,0.707144
30,56,0.708131
30,57,0.709284
30,58,0.710347
30,59,0.711063
30,60,0.711211
30,61,0.710654
30,62,0.709347
30,63,0.707354
30,64,0.704822
30,65,0.701933
30,66,0.69887
30,67,0.69578
30,68,0.692778
30,69,0.689966
30,70,0.687465
30,71,0.68542
30,72,0.683993
30,73,0.683314
30,74,0.68344
30,75,0.684318
30,76,0.685779
30,77,0.687577
30,78,0.689444
30,79,0.691157
30,80,0.692583
30,81,0.6937
30,82,0.694581
30,83,0.695351
30,84,0.696139
30,85,0.697024
30,86,0.698019
30,87,0.699063
30,88,0.700061
30,89,0.70092
30,90,0.701583
30,91,0.702041
30,92,0.702326
30,93,0.702485
30,94,0.702565
30,95,0.7026
31,0,0.703363
31,1,0.70272
31,2,0.701564
31,3,0.700114
31,4,0.698621
31,5,0.697296
31,6,0.69627
31,7,0.695581
31,8,0.695189
31,9,0.69503
31,10,0.695052
31,11,0.695251
31,12,0.69567
31,13,0.696368
31,14,0.697389
31,15,0.698721
31,16,0.700279
31,17,0.701908
31,18,0.703415
31,19,0.704615
31,20,0.705366
31,21,0.705603
31,22,0.705344
31,23,0.704676
31,24,0.703726
31,25,0.70262
31,26,0.701463
31,27,0.700336
31,28,0.699305
31,29,0.698453
31,30,0.697886
31,31,0.697729
31,32,0.698101
31,33,0.699068
31,34,0.700612
31,35,0.702623
31,36,0.704917
31,37,0.707283
31,38,0.709535
31,39,0.711557
31,40,0.713312
31,41,0.714818
31,42,0.716095
31,43,0.717123
31,44,0.717822
31,45,0.718066
31,46,0.717738
31,47,0.716796
31,48,0.715321
31,49,0.713519
31,50,0.711683
31,51,0.710111
31,52,0.709036
31,53,0.708571
31,54,0.7087
31,55,0.709289
31,56,0.710128
31,57,0.710962
31,58,0.711535
31,59,0.711614
31,60,0.711025
31,61,0.709692
31,62,0.707631
31,63,0.704964
31,64,0.701876
31,65,0.698568
31,66,0.695218
31,67,0.691953
31,68,0.688853
31,69,0.685987
31,70,0.683449
31,71,0.681376
31,72,0.679936
31,73,0.679287
31,74,0.679521
31,75,0.680618
31,76,0.682435
31,77,0.684727
31,78,0.687211
31,79,0.689625
31,80,0.691786
31,81,0.693626
31,82,0.695172
31,83,0.696522
31,84,0.697799
31,85,0.699085
31,86,0.700412
31,87,0.701738
31,88,0.702985
31,89,0.704064
31,90,0.704918
31,91,0.705532
31,92,0.705931
31,93,0.706165
31,94,0.706287
31,95,0.706339
32,0,0.703866
32,1,0.703197
32,2,0.701994
32,3,0.700483
32,4,0.698921
32,5,0.697528
32,6,0.696438
32,7,0.695687
32,8,0.695239
32,9,0.695031
32,10,0.69502
32,11,0.695209
32,12,0.695655
32,13,0.696426
32,14,0.697564
32,15,0.699051
32,16,0.700781
32,17,0.702576
32,18,0.70422
32,19,0.705512
32,20,0.706305
32,21,0.706539
32,22,0.706243
32,23,0.705521
32,24,0.704511
32,25,0.703346
32,26,0.702134
32,27,0.700955
32,28,0.699869
32,29,0.698946
32,30,0.698281
32,31,0.69799
32,32,0.698186
32,33,0.698933
32,34,0.700223
32,35,0.70196
32,36,0.703978
32,37,0.70608
32,38,0.708096
32,39,0.709924
32,40,0.711538
32,41,0.712973
32,42,0.714264
32,43,0.715403
32,44,0.716312
32,45,0.716855
32,46,0.716894
32,47,0.716359
32,48,0.7153
32,49,0.713902
32,50,0.712439
32,51,0.711199
32,52,0.710401
32,53,0.710139
32,54,0.71037
32,55,0.71093
32,56,0.711584
32,57,0.712065
32,58,0.712123
32,59,0.711559
32,60,0.710248
32,61,0.708176
32,62,0.705426
32,63,0.702174
32,64,0.698644
32,65,0.695051
32,66,0.69156
32,67,0.688265
32,68,0.685202
32,69,0.682392
32,70,0.679896
32,71,0.677833
32,72,0.676382
32,73,0.675731
32,74,0.676014
32,75,0.677259
32,76,0.679355
32,77,0.682071
32,78,0.685109
32,79,0.688172
32,80,0.691025
32,81,0.693544
32,82,0.695711
32,83,0.697595
32,84,0.69931
32,85,0.700952
32,86,0.702573
32,87,0.704157
32,88,0.705644
32,89,0.706952
32,90,0.708018
32,91,0.708815
32,92,0.709359
32,93,0.709694
32,94,0.709877
32,95,0.709957
33,0,0.703987
33,1,0.703334
33,2,0.702156
33,3,0.700673
33,4,0.69913
33,5,0.697736
33,6,0.696621
33,7,0.695824
33,8,0.695312
33,9,0.695037
33,10,0.694967
33,11,0.695123
33,12,0.695569
33,13,0.696379
33,14,0.697596
33,15,0.699191
33,16,0.701047
33,17,0.70297
33,18,0.704729
33,19,0.706115
33,20,0.706974
33,21,0.707245
33,22,0.706957
33,23,0.706215
33,24,0.705157
33,25,0.703919
33,26,0.702615
33,27,0.701331
33,28,0.700134
33,29,0.699098
33,30,0.698317
33,31,0.697901
33,32,0.697951
33,33,0.698527
33,34,0.699617
33,35,0.701126
33,36,0.7029
33,37,0.70475
33,38,0.706518
33,39,0.708114
33,40,0.709528
33,41,0.710812
33,42,0.712022
33,43,0.713171
33,44,0.714193
33,45,0.714956
33,46,0.715306
33,47,0.71515
33,48,0.714505
33,49,0.713522
33,50,0.71245
33,51,0.711553
33,52,0.711031
33,53,0.710962
33,54,0.711284
33,55,0.711812
33,56,0.712294
33,57,0.712457
33,58,0.712063
33,59,0.71094
33,60,0.70901
33,61,0.706317
33,62,0.703005
33,63,0.6993
33,64,0.695462
33,65,0.691713
33,66,0.688203
33,67,0.684986
33,68,0.682048
33,69,0.67936
33,70,0.676943
33,71,0.674904
33,72,0.673432
33,73,0.672745
33,74,0.673028
33,75,0.674357
33,76,0.67666
33,77,0.679725
33,78,0.683242
33,79,0.686879
33,80,0.690348
33,81,0.693469
33,82,0.696175
33,83,0.698508
33,84,0.700577
33,85,0.702496
33,86,0.704346
33,87,0.706142
33,88,0.707844
33,89,0.709375
33,90,0.710665
33,91,0.711667
33,92,0.712383
33,93,0.712845
33,94,0.713107
33,95,0.713225
34,0,0.703707
34,1,0.703113
34,2,0.70204
34,3,0.70068
34,4,0.699248
34,5,0.697928
34,6,0.696837
34,7,0.696012
34,8,0.695433
34,9,0.69507
34,10,0.694915
34,11,0.695004
34,12,0.695416
34,13,0.696229
34,14,0.697481
34,15,0.699138
34,16,0.701073
34,17,0.703081
34,18,0.704927
34,19,0.706394
34,20,0.707326
34,21,0.707653
34,22,0.707397
34,23,0.706652
34,24,0.70555
34,25,0.704225
34,26,0.702795
34,27,0.701359
34,28,0.699999
34,29,0.698805
34,30,0.69788
34,31,0.697329
34,32,0.697249
34,33,0.69769
34,34,0.698631
34,35,0.699974
34,36,0.701563
34,37,0.703213
34,38,0.704774
34,39,0.706156
34,40,0.707363
34,41,0.708462
34,42,0.70953
34,43,0.710604
34,44,0.711642
34,45,0.712522
34,46,0.71309
34,47,0.713234
34,48,0.712943
34,49,0.71233
34,50,0.711611
34,51,0.711023
34,52,0.710751
34,53,0.710858
34,54,0.711272
34,55,0.7118
34,56,0.71218
34,57,0.712135
34,58,0.711432
34,59,0.709917
34,60,0.707548
34,61,0.704414
34,62,0.700709
34,63,0.696703
34,64,0.692685
34,65,0.688884
34,66,0.685431
34,67,0.682345
34,68,0.679562
34,69,0.677008
34,70,0.674673
34,71,0.67265
34,72,0.671143
34,73,0.670402
34,74,0.670656
34,75,0.67203
34,76,0.674487
34,77,0.677833
34,78,0.68175
34,79,0.685872
34,80,0.689859
34,81,0.693476
34,82,0.69661
34,83,0.699276
34,84,0.701583
34,85,0.703668
34,86,0.705651
34,87,0.707581
34,88,0.709442
34,89,0.711163
34,90,0.712661
34,91,0.713868
34,92,0.714764
34,93,0.715363
34,94,0.715716
34,95,0.715878
35,0,0.703124
35,1,0.702629
35,2,0.701729
35,3,0.700575
35,4,0.699339
35,5,0.698166
35,6,0.697146
35,7,0.696316
35,8,0.695668
35,9,0.695198
35,10,0.694925
35,11,0.69491
35,12,0.695245
35,13,0.696015
35,14,0.697255
35,15,0.698924
35,16,0.700888
35,17,0.702937
35,18,0.704832
35,19,0.706354
35,20,0.707344
35,21,0.707724
35,22,0.707503
35,23,0.706763
35,24,0.705619
35,25,0.7042
35,26,0.702628
35,27,0.701015
35,28,0.699462
35,29,0.698076
35,30,0.696975
35,31,0.696271
35,32,0.696059
35,33,0.696381
35,34,0.69721
35,35,0.698442
35,36,0.699917
35,37,0.701446
35,38,0.702871
35,39,0.704103
35,40,0.705144
35,41,0.706068
35,42,0.706969
35,43,0.707908
35,44,0.708871
35,45,0.709758
35,46,0.710425
35,47,0.710752
35,48,0.710706
35,49,0.710369
35,50,0.709923
35,51,0.70958
35,52,0.709511
35,53,0.709773
35,54,0.710297
35,55,0.710888
35,56,0.711281
35,57,0.711192
35,58,0.710382
35,59,0.708702
35,60,0.706123
35,61,0.702763
35,62,0.698852
35,63,0.694694
35,64,0.690601
35,65,0.686809
35,66,0.683437
35,67,0.680473
35,68,0.67782
35,69,0.675369
35,70,0.673089
35,71,0.67107
35,72,0.669527
35,73,0.668738
35,74,0.668967
35,75,0.670375
35,76,0.672958
35,77,0.676533
35,78,0.680775
35,79,0.685289
35,80,0.689687
35,81,0.69368
35,82,0.697111
35,83,0.699975
35,84,0.702383
35,85,0.7045
35,86,0.706487
35,87,0.708437
35,88,0.710361
35,89,0.712196
35,90,0.713847
35,91,0.715223
35,92,0.716275
35,93,0.717002
35,94,0.717442
35,95,0.717645
36,0,0.702448
36,1,0.702077
36,2,0.701396
36,3,0.700506
36,4,0.699524
36,5,0.698546
36,6,0.697632
36,7,0.696813
36,8,0.696095
36,9,0.695499
36,10,0.695077
36,11,0.694915
36,12,0.695125
36,13,0.695799
36,14,0.696973
36,15,0.698601
36,16,0.700543
36,17,0.702585
36,18,0.704486
36,19,0.706028
36,20,0.707048
36,21,0.707464
36,22,0.707272
36,23,0.706537
36,24,0.70536
36,25,0.70386
36,26,0.702156
36,27,0.700371
36,28,0.698621
36,29,0.697031
36,30,0.695736
36,31,0.694857
36,32,0.694495
36,33,0.694694
36,34,0.695429
36,35,0.696589
36,36,0.698012
36,37,0.699498
36,38,0.700877
36,39,0.702044
36,40,0.702989
36,41,0.70378
36,42,0.704521
36,43,0.705292
36,44,0.706106
36,45,0.706893
36,46,0.707527
36,47,0.707899
36,48,0.707961
36,49,0.707773
36,50,0.707492
36,51,0.707307
36,52,0.707382
36,53,0.707779
36,54,0.708437
36,55,0.709169
36,56,0.709709
36,57,0.709761
36,58,0.70907
36,59,0.70747
36,60,0.704927
36,61,0.701564
36,62,0.697628
36,63,0.693447
36,64,0.689353
36,65,0.685591
36,66,0.682277
36,67,0.679385
36,68,0.6768
36,69,0.674399
36,70,0.672142
36,71,0.670121
36,72,0.668562
36,73,0.66776
36,74,0.668002
36,75,0.669468
36,76,0.672173
36,77,0.675942
36,78,0.680446
36,79,0.68526
36,80,0.689959
36,81,0.694205
36,82,0.697802
36,83,0.700722
36,84,0.703084
36,85,0.705082
36,86,0.706924
36,87,0.708749
36,88,0.710601
36,89,0.712431
36,90,0.714137
36,91,0.715604
36,92,0.71676
36,93,0.717579
36,94,0.718084
36,95,0.718321
37,0,0.701968
37,1,0.701727
37,2,0.701276
37,3,0.700665
37,4,0.699952
37,5,0.699181
37,6,0.698383
37,7,0.697578
37,8,0.696783
37,9,0.696045
37,10,0.695444
37,11,0.695096
37,12,0.695133
37,13,0.695658
37,14,0.696711
37,15,0.698244
37,16,0.700113
37,17,0.7021
37,18,0.703963
37,19,0.705484
37,20,0.706502
37,21,0.70693
37,22,0.706756
37,23,0.706033
37,24,0.704842
37,25,0.703293
37,26,0.701496
37,27,0.699574
37,28,0.697654
37,29,0.695873
37,30,0.694379
37,31,0.69331
37,32,0.692778
37,33,0.69284
37,34,0.693478
37,35,0.694587
37,36,0.696001
37,37,0.697507
37,38,0.698918
37,39,0.700102
37,40,0.701025
37,41,0.701739
37,42,0.702344
37,43,0.702932
37,44,0.703541
37,45,0.704132
37,46,0.704611
37,47,0.704885
37,48,0.704911
37,49,0.704737
37,50,0.704503
37,51,0.704384
37,52,0.70454
37,53,0.705046
37,54,0.705855
37,55,0.706795
37,56,0.707601
37,57,0.707962
37,58,0.707595
37,59,0.706301
37,60,0.704018
37,61,0.700854
37,62,0.697055
37,63,0.692959
37,64,0.688913
37,65,0.685178
37,66,0.681878
37,67,0.678993
37,68,0.67641
37,69,0.67401
37,70,0.671759
37,71,0.669754
37,72,0.668228
37,73,0.667478
37,74,0.667795
37,75,0.669364
37,76,0.672205
37,77,0.676147
37,78,0.680854
37,79,0.685883
37,80,0.690777
37,81,0.695158
37,82,0.698796
37,83,0.701641
37,84,0.703818
37,85,0.705551
37,86,0.707095
37,87,0.708637
37,88,0.710263
37,89,0.711943
37,90,0.713575
37,91,0.715029
37,92,0.716209
37,93,0.717064
37,94,0.717602
37,95,0.717858
38,0,0.701982
38,1,0.701855
38,2,0.701606
38,3,0.701238
38,4,0.700756
38,5,0.700161
38,6,0.699453
38,7,0.698646
38,8,0.697762
38,9,0.69687
38,10,0.696073
38,11,0.695512
38,12,0.695339
38,13,0.695671
38,14,0.696555
38,15,0.697945
38,16,0.699695
38,17,0.701583
38,18,0.703368
38,19,0.704834
38,20,0.705821
38,21,0.706243
38,22,0.706085
38,23,0.705386
38,24,0.704215
38,25,0.702662
38,26,0.700827
38,27,0.698824
38,28,0.69678
38,29,0.69484
38,30,0.693161
38,31,0.691898
38,32,0.691181
38,33,0.691086
38,34,0.691612
38,35,0.692669
38,36,0.694089
38,37,0.695651
38,38,0.697143
38,39,0.698404
38,40,0.699365
38,41,0.700052
38,42,0.700548
38,43,0.70095
38,44,0.701314
38,45,0.701636
38,46,0.701857
38,47,0.701911
38,48,0.701773
38,49,0.701489
38,50,0.701191
38,51,0.701048
38,52,0.701223
38,53,0.701802
38,54,0.70276
38,55,0.703941
38,56,0.705085
38,57,0.705869
38,58,0.705973
38,59,0.705154
38,60,0.703307
38,61,0.700503
38,62,0.696973
38,63,0.69305
38,64,0.689093
38,65,0.685382
38,66,0.682063
38,67,0.679138
38,68,0.676519
38,69,0.674106
38,70,0.67188
38,71,0.669945
38,72,0.668528
38,73,0.667918
38,74,0.668389
38,75,0.670114
38,76,0.673108
38,77,0.677198
38,78,0.682047
38,79,0.687203
38,80,0.692188
38,81,0.696594
38,82,0.700161
38,83,0.702822
38,84,0.704702
38,85,0.70605
38,86,0.707165
38,87,0.708284
38,88,0.709536
38,89,0.710921
38,90,0.712345
38,91,0.713673
38,92,0.714786
38,93,0.715616
38,94,0.716149
38,95,0.716405
39,0,0.702718
39,1,0.702669
39,2,0.702555
39,3,0.702346
39,4,0.702009
39,5,0.701513
39,6,0.700839
39,7,0.699995
39,8,0.699008
39,9,0.697958
39,10,0.696967
39,11,0.69619
39,12,0.695794
39,13,0.695911
39,14,0.696597
39,15,0.697811
39,16,0.699406
39,17,0.701162
39,18,0.702838
39,19,0.70422
39,20,0.705157
39,21,0.705564
39,22,0.705426
39,23,0.704772
39,24,0.703657
39,25,0.702151
39,26,0.700335
39,27,0.69831
39,28,0.696196
39,29,0.694137
39,30,0.692298
39,31,0.690849
39,32,0.689939
39,33,0.689668
39,34,0.690061
39,35,0.691043
39,36,0.692457
39,37,0.694074
39,38,0.695661
39,39,0.697024
39,40,0.698056
39,41,0.698747
39,42,0.699158
39,43,0.69938
39,44,0.699482
39,45,0.69949
39,46,0.699384
39,47,0.699134
39,48,0.698736
39,49,0.698249
39,50,0.697803
39,51,0.697563
39,52,0.697695
39,53,0.6983
39,54,0.699374
39,55,0.700782
39,56,0.702274
39,57,0.703516
39,58,0.704155
39,59,0.703904
39,60,0.702601
39,61,0.70027
39,62,0.69711
39,63,0.693438
39,64,0.689619
39,65,0.685954
39,66,0.68262
39,67,0.679657
39,68,0.677015
39,69,0.674626
39,70,0.672489
39,71,0.670712
39,72,0.669506
39,73,0.669133
39,74,0.669836
39,75,0.671761
39,76,0.674909
39,77,0.679106
39,78,0.68402
39,79,0.689203
39,80,0.694169
39,81,0.698495
39,82,0.701898
39,83,0.704294
39,84,0.705805
39,85,0.706697
39,86,0.707302
39,87,0.707905
39,88,0.708678
39,89,0.709654
39,90,0.71076
39,91,0.711861
39,92,0.712829
39,93,0.713575
39,94,0.714066
39,95,0.714306
40,0,0.704283
40,1,0.704261
40,2,0.704189
40,3,0.70402
40,4,0.703703
40,5,0.703196
40,6,0.702474
40,7,0.701544
40,8,0.700439
40,9,0.699241
40,10,0.698077
40,11,0.697109
40,12,0.696512
40,13,0.696425
40,14,0.696914
40,15,0.697941
40,16,0.699367
40,17,0.700972
40,18,0.70252
40,19,0.703805
40,20,0.704682
40,21,0.705074
40,22,0.704965
40,23,0.704378
40,24,0.70335
40,25,0.701933
40,26,0.700183
40,27,0.698183
40,28,0.696042
40,29,0.693899
40,30,0.691927
40,31,0.690303
40,32,0.689199
40,33,0.688737
40,34,0.688967
40,35,0.689839
40,36,0.691208
40,37,0.692846
40,38,0.694504
40,39,0.695958
40,40,0.697064
40,41,0.697772
40,42,0.698115
40,43,0.698169
40,44,0.698013
40,45,0.697699
40,46,0.697242
40,47,0.696649
40,48,0.695948
40,49,0.695207
40,50,0.694563
40,51,0.694177
40,52,0.694216
40,53,0.694792
40,54,0.695923
40,55,0.697498
40,56,0.69928
40,57,0.700935
40,58,0.702089
40,59,0.702411
40,60,0.701689
40,61,0.699892
40,62,0.697173
40,63,0.693827
40,64,0.690214
40,65,0.686653
40,66,0.68336
40,67,0.68042
40,68,0.677828
40,69,0.675553
40,70,0.673612
40,71,0.672107
40,72,0.671223
40,73,0.671178
40,74,0.67217
40,75,0.67431
40,76,0.677582
40,77,0.681813
40,78,0.686687
40,79,0.691775
40,80,0.696603
40,81,0.700746
40,82,0.70391
40,83,0.705997
40,84,0.707118
40,85,0.707547
40,86,0.707635
40,87,0.707701
40,88,0.707956
40,89,0.708471
40,90,0.709196
40,91,0.710007
40,92,0.710773
40,93,0.711391
40,94,0.711812
40,95,0.712021
41,0,0.706642
41,1,0.706587
41,2,0.70645
41,3,0.706185
41,4,0.705747
41,5,0.705102
41,6,0.704237
41,7,0.703167
41,8,0.70193
41,9,0.700605
41,10,0.699313
41,11,0.698211
41,12,0.697466
41,13,0.697221
41,14,0.697544
41,15,0.698403
41,16,0.699665
41,17,0.701118
41,18,0.702534
41,19,0.703717
41,20,0.704532
41,21,0.704911
41,22,0.704841
41,23,0.704335
41,24,0.703415
41,25,0.702108
41,26,0.700448
41,27,0.698497
41,28,0.696352
41,29,0.69415
41,30,0.692062
41,31,0.690279
41,32,0.688983
41,33,0.688317
41,34,0.688355
41,35,0.689071
41,36,0.690338
41,37,0.691937
41,38,0.693613
41,39,0.69512
41,40,0.696278
41,41,0.696999
41,42,0.697285
41,43,0.697196
41,44,0.69681
41,45,0.696201
41,46,0.695416
41,47,0.694498
41,48,0.693498
41,49,0.692504
41,50,0.691651
41,51,0.691098
41,52,0.69101
41,53,0.691506
41,54,0.692622
41,55,0.694269
41,56,0.696235
41,57,0.698197
41,58,0.699773
41,59,0.700605
41,60,0.700437
41,61,0.699184
41,62,0.696953
41,63,0.694003
41,64,0.690682
41,65,0.687323
41,66,0.684174
41,67,0.681366
41,68,0.678944
41,69,0.676911
41,70,0.675295
41,71,0.674183
41,72,0.673719
41,73,0.674068
41,74,0.675372
41,75,0.677702
41,76,0.681026
41,77,0.68518
41,78,0.689878
41,79,0.694727
41,80,0.699287
41,81,0.703148
41,82,0.706018
41,83,0.707788
41,84,0.708554
41,85,0.708581
41,86,0.708223
41,87,0.707816
41,88,0.7076
41,89,0.707675
41,90,0.708018
41,91,0.708524
41,92,0.709066
41,93,0.709536
41,94,0.70987
41,95,0.71004
42,0,0.709641
42,1,0.709497
42,2,0.70919
42,3,0.708697
42,4,0.707999
42,5,0.707091
42,6,0.705989
42,7,0.704726
42,8,0.703346
42,9,0.701923
42,10,0.700561
42,11,0.699399
42,12,0.698587
42,13,0.698257
42,14,0.698472
42,15,0.699205
42,16,0.700328
42,17,0.701642
42,18,0.702931
42,19,0.704012
42,20,0.704767
42,21,0.705136
42,22,0.705107
42,23,0.704686
42,24,0.703876
42,25,0.70268
42,26,0.701109
42,27,0.699207
42,28,0.697062
42,29,0.694806
42,30,0.692615
42,31,0.690681
42,32,0.689198
42,33,0.688319
42,34,0.688137
42,35,0.688649
42,36,0.68975
42,37,0.691239
42,38,0.692864
42,39,0.694366
42,40,0.695539
42,41,0.69626
42,42,0.696501
42,43,0.696299
42,44,0.695734
42,45,0.694891
42,46,0.693843
42,47,0.692662
42,48,0.691421
42,49,0.690216
42,50,0.689184
42,51,0.688475
42,52,0.68825
42,53,0.688629
42,54,0.689661
42,55,0.69128
42,56,0.693304
42,57,0.695431
42,58,0.697294
42,59,0.698523
42,60,0.698835
42,61,0.698102
42,62,0.69638
42,63,0.69389
42,64,0.690957
42,65,0.687915
42,66,0.68504
42,67,0.682504
42,68,0.68039
42,69,0.678733
42,70,0.677564
42,71,0.676943
42,72,0.676964
42,73,0.677728
42,74,0.679319
42,75,0.681767
42,76,0.685028
42,77,0.688962
42,78,0.693325
42,79,0.697782
42,80,0.701942
42,81,0.705434
42,82,0.707979
42,83,0.709459
42,84,0.709953
42,85,0.709701
42,86,0.709041
42,87,0.708305
42,88,0.707743
42,89,0.707474
42,90,0.707503
42,91,0.707742
42,92,0.708077
42,93,0.708403
42,94,0.708648
42,95,0.708777
43,0,0.713057
43,1,0.712775
43,2,0.712212
43,3,0.711379
43,4,0.710303
43,5,0.709028
43,6,0.70761
43,7,0.706109
43,8,0.70458
43,9,0.703088
43,10,0.701716
43,11,0.700573
43,12,0.699782
43,13,0.69945
43,14,0.699629
43,15,0.700289
43,16,0.701307
43,17,0.7025
43,18,0.703668
43,19,0.704648
43,20,0.705338
43,21,0.705691
43,22,0.705696
43,23,0.70535
43,24,0.704636
43,25,0.703536
43,26,0.702037
43,27,0.700169
43,28,0.698012
43,29,0.695702
43,30,0.693413
43,31,0.691342
43,32,0.689681
43,33,0.688589
43,34,0.688168
43,35,0.688436
43,36,0.689312
43,37,0.69062
43,38,0.69212
43,39,0.693553
43,40,0.694695
43,41,0.695395
43,42,0.695598
43,43,0.695323
43,44,0.694642
43,45,0.69365
43,46,0.692437
43,47,0.691091
43,48,0.689701
43,49,0.688365
43,50,0.687216
43,51,0.686393
43,52,0.686046
43,53,0.686294
43,54,0.687192
43,55,0.688698
43,56,0.69066
43,57,0.692813
43,58,0.694815
43,59,0.696311
43,60,0.697007
43,61,0.696742
43,62,0.695532
43,63,0.693552
43,64,0.691095
43,65,0.688487
43,66,0.686015
43,67,0.683882
43,68,0.682202
43,69,0.681029
43,70,0.680387
43,71,0.680305
43,72,0.680817
43,73,0.681961
43,74,0.68376
43,75,0.68621
43,76,0.689266
43,77,0.692821
43,78,0.69669
43,79,0.70061
43,80,0.70426
43,81,0.707318
43,82,0.709533
43,83,0.710784
43,84,0.711125
43,85,0.71076
43,86,0.709992
43,87,0.709127
43,88,0.708404
43,89,0.70795
43,90,0.707785
43,91,0.707844
43,92,0.708027
43,93,0.70824
43,94,0.708413
43,95,0.708507
44,0,0.716663
44,1,0.716209
44,2,0.715328
44,3,0.714077
44,4,0.712543
44,5,0.710826
44,6,0.709035
44,7,0.707263
44,8,0.705581
44,9,0.704044
44,10,0.70271
44,11,0.701654
44,12,0.700959
44,13,0.7007
44,14,0.700907
44,15,0.70154
44,16,0.702482
44,17,0.703564
44,18,0.70461
44,19,0.70548
44,20,0.706092
44,21,0.706412
44,22,0.706434
44,23,0.706142
44,24,0.705504
44,25,0.704476
44,26,0.703029
44,27,0.701178
44,28,0.699003
44,29,0.696641
44,30,0.694269
44,31,0.692079
44,32,0.690261
44,33,0.688967
44,34,0.688305
44,35,0.688305
44,36,0.688913
44,37,0.689978
44,38,0.691286
44,39,0.692584
44,40,0.693641
44,41,0.694293
44,42,0.69446
44,43,0.694147
44,44,0.693419
44,45,0.692372
44,46,0.691105
44,47,0.689713
44,48,0.688287
44,49,0.686922
44,50,0.685739
44,51,0.684865
44,52,0.684436
44,53,0.684562
44,54,0.685306
44,55,0.686643
44,56,0.688453
44,57,0.690514
44,58,0.692527
44,59,0.694165
44,60,0.695144
44,61,0.695289
44,62,0.694577
44,63,0.693141
44,64,0.691233
44,65,0.689155
44,66,0.687192
44,67,0.685561
44,68,0.684395
44,69,0.683756
44,70,0.683658
44,71,0.684089
44,72,0.685029
44,73,0.686453
44,74,0.688333
44,75,0.690641
44,76,0.69334
44,77,0.696368
44,78,0.69961
44,79,0.702886
44,80,0.705953
44,81,0.708551
44,82,0.710461
44,83,0.711564
44,84,0.71189
44,85,0.711594
44,86,0.710929
44,87,0.710156
44,88,0.709486
44,89,0.709038
44,90,0.708837
44,91,0.708836
44,92,0.708953
44,93,0.709109
44,94,0.709241
44,95,0.709315
45,0,0.720276
45,1,0.719633
45,2,0.718403
45,3,0.716695
45,4,0.71466
45,5,0.712463
45,6,0.71027
45,7,0.708211
45,8,0.706373
45,9,0.704805
45,10,0.703541
45,11,0.702615
45,12,0.702065
45,13,0.701928
45,14,0.702202
45,15,0.702832
45,16,0.703706
45,17,0.70467
45,18,0.705574
45,19,0.706306
45,20,0.706812
45,21,0.707071
45,22,0.707082
45,23,0.70682
45,24,0.706235
45,25,0.705262
45,26,0.703854
45,27,0.702019
45,28,0.699834
45,29,0.69744
45,30,0.695012
45,31,0.69274
45,32,0.6908
45,33,0.689335
45,34,0.688448
45,35,0.688179
45,36,0.688495
45,37,0.689276
45,38,0.690333
45,39,0.691433
45,40,0.692351
45,41,0.692916
45,42,0.69304
45,43,0.692715
45,44,0.692002
45,45,0.690992
45,46,0.689782
45,47,0.688463
45,48,0.687118
45,49,0.685829
45,50,0.684703
45,51,0.68385
45,52,0.683391
45,53,0.683428
45,54,0.684022
45,55,0.685165
45,56,0.68677
45,57,0.688659
45,58,0.690584
45,59,0.692264
45,60,0.693442
45,61,0.693938
45,62,0.693704
45,63,0.692829
45,64,0.691516
45,65,0.69003
45,66,0.68864
45,67,0.687557
45,68,0.686923
45,69,0.686797
45,70,0.687178
45,71,0.68802
45,72,0.689254
45,73,0.690804
45,74,0.692607
45,75,0.69462
45,76,0.69683
45,77,0.699223
45,78,0.70176
45,79,0.704344
45,80,0.706814
45,81,0.70897
45,82,0.710631
45,83,0.711682
45,84,0.712122
45,85,0.712062
45,86,0.71169
45,87,0.711213
45,88,0.7108
45,89,0.710546
45,90,0.710474
45,91,0.710547
45,92,0.7107
45,93,0.71087
45,94,0.711006
45,95,0.711081
46,0,0.723783
46,1,0.72295
46,2,0.721367
46,3,0.719198
46,4,0.716657
46,5,0.713977
46,6,0.711378
46,7,0.709029
46,8,0.707035
46,9,0.705441
46,10,0.704258
46,11,0.703479
46,12,0.703095
46,13,0.703095
46,14,0.703442
46,15,0.704064
46,16,0.704847
46,17,0.705657
46,18,0.706376
46,19,0.706926
46,20,0.707281
46,21,0.707439
46,22,0.707406
46,23,0.70715
46,24,0.706603
46,25,0.705682
46,26,0.704324
46,27,0.702527
46,28,0.700366
46,29,0.697982
46,30,0.695549
46,31,0.693245
46,32,0.691234
46,33,0.689642
46,34,0.688565
46,35,0.688047
46,36,0.688069
46,37,0.688541
46,38,0.689302
46,39,0.690146
46,40,0.690867
46,41,0.691301
46,42,0.691361
46,43,0.691039
46,44,0.690387
46,45,0.68949
46,46,0.688434
46,47,0.687292
46,48,0.686132
46,49,0.685016
46,50,0.684031
46,51,0.683269
46,52,0.682836
46,53,0.682823
46,54,0.683291
46,55,0.684242
46,56,0.685619
46,57,0.68729
46,58,0.689066
46,59,0.690719
46,60,0.692028
46,61,0.692827
46,62,0.693046
46,63,0.692731
46,64,0.692033
46,65,0.691167
46,66,0.690366
46,67,0.689823
46,68,0.689671
46,69,0.689965
46,70,0.690689
46,71,0.691772
46,72,0.693113
46,73,0.694605
46,74,0.696165
46,75,0.697754
46,76,0.699387
46,77,0.701101
46,78,0.70293
46,79,0.704849
46,80,0.706771
46,81,0.708553
46,82,0.710043
46,83,0.711131
46,84,0.711794
46,85,0.712091
46,86,0.712152
46,87,0.712122
46,88,0.71212
46,89,0.712211
46,90,0.712406
46,91,0.712672
46,92,0.712957
46,93,0.713213
46,94,0.7134
46,95,0.713498
47,0,0.727123
47,1,0.72611
47,2,0.724194
47,3,0.72159
47,4,0.718572
47,5,0.715433
47,6,0.712447
47,7,0.70982
47,8,0.707674
47,9,0.706054
47,10,0.704947
47,11,0.70431
47,12,0.704085
47,13,0.70421
47,14,0.704609
47,15,0.705187
47,16,0.705832
47,17,0.706432
47,18,0.706903
47,19,0.707207
47,20,0.707354
47,21,0.707366
47,22,0.707256
47,23,0.706986
47,24,0.706475
47,25,0.705622
47,26,0.704347
47,27,0.702636
47,28,0.700558
47,29,0.698247
47,30,0.695871
47,31,0.693595
47,32,0.691568
47,33,0.689901
47,34,0.688677
47,35,0.687941
47,36,0.687684
47,37,0.687839
47,38,0.688274
47,39,0.688816
47,40,0.689285
47,41,0.689541
47,42,0.689512
47,43,0.689193
47,44,0.688634
47,45,0.687907
47,46,0.687077
47,47,0.686194
47,48,0.685297
47,49,0.684427
47,50,0.683648
47,51,0.683033
47,52,0.682673
47,53,0.682649
47,54,0.683017
47,55,0.683789
47,56,0.684937
47,57,0.686373
47,58,0.687966
47,59,0.689548
47,60,0.690944
47,61,0.692004
47,62,0.692647
47,63,0.692877
47,64,0.692786
47,65,0.692528
47,66,0.692288
47,67,0.692224
47,68,0.692452
47,69,0.693018
47,70,0.6939
47,71,0.695018
47,72,0.696258
47,73,0.697508
47,74,0.698685
47,75,0.699767
47,76,0.700801
47,77,0.701872
47,78,0.703069
47,79,0.704426
47,80,0.70591
47,81,0.70742
47,82,0.70883
47,83,0.710033
47,84,0.710984
47,85,0.7117
47,86,0.712258
47,87,0.712744
47,88,0.71323
47,89,0.713747
47,90,0.71429
47,91,0.714825
47,92,0.715306
47,93,0.715697
47,94,0.715968
47,95,0.716106
48,0,0.730253
48,1,0.72908
48,2,0.726869
48,3,0.723879
48,4,0.720434
48,5,0.716885
48,6,0.71355
48,7,0.710668
48,8,0.708381
48,9,0.706733
48,10,0.705694
48,11,0.705183
48,12,0.705095
48,13,0.705317
48,14,0.70573
48,15,0.706217
48,16,0.706664
48,17,0.706987
48,18,0.707139
48,19,0.707131
48,20,0.707011
48,21,0.706829
48,22,0.706611
48,23,0.706317
48,24,0.705853
48,25,0.705099
48,26,0.703958
48,27,0.702399
48,28,0.700475
48,29,0.698308
48,30,0.69605
48,31,0.693856
48,32,0.691858
48,33,0.690156
48,34,0.688824
48,35,0.687903
48,36,0.68739
48,37,0.687234
48,38,0.687329
48,39,0.687535
48,40,0.687711
48,41,0.687751
48,42,0.687608
48,43,0.687291
48,44,0.686845
48,45,0.686325
48,46,0.68577
48,47,0.685196
48,48,0.684613
48,49,0.684034
48,50,0.683499
48,51,0.683066
48,52,0.68281
48,53,0.682801
48,54,0.683093
48,55,0.683705
48,56,0.684634
48,57,0.685836
48,58,0.687234
48,59,0.688722
48,60,0.69017
48,61,0.691454
48,62,0.692482
48,63,0.693219
48,64,0.693695
48,65,0.693996
48,66,0.694247
48,67,0.694562
48,68,0.695032
48,69,0.695698
48,70,0.696539
48,71,0.697485
48,72,0.698437
48,73,0.699296
48,74,0.700002
48,75,0.700562
48,76,0.70105
48,77,0.701589
48,78,0.702302
48,79,0.70326
48,80,0.704459
48,81,0.705824
48,82,0.707244
48,83,0.708612
48,84,0.709868
48,85,0.710999
48,86,0.712034
48,87,0.713016
48,88,0.713974
48,89,0.714909
48,90,0.7158
48,91,0.716609
48,92,0.717295
48,93,0.717831
48,94,0.718193
48,95,0.718376
49,0,0.7331
49,1,0.731794
49,2,0.729339
49,3,0.726027
49,4,0.722228
49,5,0.718333
49,6,0.714703
49,7,0.711603
49,8,0.709195
49,9,0.707524
49,10,0.706545
49,11,0.706146
49,12,0.706175
49,13,0.706468
49,14,0.706863
49,15,0.707217
49,16,0.70742
49,17,0.70741
49,18,0.707188
49,19,0.706811
49,20,0.706376
49,21,0.705964
49,22,0.705617
49,23,0.705295
49,24,0.704894
49,25,0.704277
49,26,0.703325
49,27,0.701982
49,28,0.700277
49,29,0.698309
49,30,0.696211
49,31,0.694125
49,32,0.692176
49,33,0.690455
49,34,0.689033
49,35,0.687949
49,36,0.687202
49,37,0.686749
49,38,0.686507
49,39,0.686368
49,40,0.686235
49,41,0.686041
49,42,0.685774
49,43,0.68546
49,44,0.685141
49,45,0.68485
49,46,0.684594
49,47,0.684352
49,48,0.684101
49,49,0.683826
49,50,0.683548
49,51,0.683309
49,52,0.683169
49,53,0.683192
49,54,0.683426
49,55,0.683898
49,56,0.684627
49,57,0.685608
49,58,0.686816
49,59,0.688198
49,60,0.689673
49,61,0.691139
49,62,0.692496
49,63,0.693673
49,64,0.694639
49,65,0.695409
49,66,0.696044
49,67,0.69661
49,68,0.697174
49,69,0.69777
49,70,0.698396
49,71,0.699006
49,72,0.699534
49,73,0.699921
49,74,0.700141
49,75,0.700233
49,76,0.700298
49,77,0.700475
49,78,0.700902
49,79,0.701656
49,80,0.702741
49,81,0.704091
49,82,0.705599
49,83,0.707156
49,84,0.708692
49,85,0.710172
49,86,0.711594
49,87,0.712968
49,88,0.714291
49,89,0.715545
49,90,0.716695
49,91,0.717704
49,92,0.718536
49,93,0.719172
49,94,0.719597
49,95,0.71981
50,0,0.735525
50,1,0.734121
50,2,0.731484
50,3,0.727933
50,4,0.723867
50,5,0.719711
50,6,0.715855
50,7,0.712589
50,8,0.710093
50,9,0.708416
50,10,0.707501
50,11,0.707209
50,12,0.707346
50,13,0.707701
50,14,0.708066
50,15,0.708276
50,16,0.708217
50,17,0.707854
50,18,0.707233
50,19,0.706463
50,20,0.705688
50,21,0.705026
50,22,0.704537
50,23,0.704189
50,24,0.703868
50,25,0.703418
50,26,0.702697
50,27,0.701615
50,28,0.700166
50,29,0.698422
50,30,0.696491
50,31,0.694503
50,32,0.692582
50,33,0.690825
50,34,0.689304
50,35,0.688062
50,36,0.687094
50,37,0.686366
50,38,0.685807
50,39,0.685341
50,40,0.684911
50,41,0.684495
50,42,0.684117
50,43,0.683819
50,44,0.683639
50,45,0.683587
50,46,0.683633
50,47,0.683718
50,48,0.683788
50,49,0.683806
50,50,0.683773
50,51,0.68372
50,52,0.683699
50,53,0.683761
50,54,0.683955
50,55,0.684312
50,56,0.684871
50,57,0.685659
50,58,0.686695
50,59,0.687973
50,60,0.68945
50,61,0.691045
50,62,0.692652
50,63,0.694166
50,64,0.695502
50,65,0.696611
50,66,0.697491
50,67,0.698166
50,68,0.698679
50,69,0.699068
50,70,0.699354
50,71,0.699531
50,72,0.69958
50,73,0.699492
50,74,0.699283
50,75,0.699025
50,76,0.698833
50,77,0.69885
50,78,0.6992
50,79,0.699948
50,80,0.701085
50,81,0.702536
50,82,0.704189
50,83,0.705934
50,84,0.707692
50,85,0.709416
50,86,0.711085
50,87,0.712686
50,88,0.714201
50,89,0.715599
50,90,0.716846
50,91,0.717908
50,92,0.718763
50,93,0.719404
50,94,0.719825
50,95,0.720035
51,0,0.737325
51,1,0.735863
51,2,0.733119
51,3,0.729424
51,4,0.725198
51,5,0.720885
51,6,0.716894
51,7,0.713535
51,8,0.711001
51,9,0.709351
51,10,0.70852
51,11,0.708348
51,12,0.708607
51,13,0.709037
51,14,0.709395
51,15,0.709487
51,16,0.709196
51,17,0.70851
51,18,0.707513
51,19,0.706366
51,20,0.705259
51,21,0.704349
51,22,0.703718
51,23,0.703342
51,24,0.703104
51,25,0.702831
51,26,0.70235
51,27,0.701536
51,28,0.700342
51,29,0.698801
51,30,0.697001
51,31,0.695062
51,32,0.693115
51,33,0.69127
51,34,0.689615
51,35,0.688197
51,36,0.687014
51,37,0.686033
51,38,0.685194
51,39,0.684444
51,40,0.683761
51,41,0.683166
51,42,0.682712
51,43,0.682456
51,44,0.682428
51,45,0.682612
51,46,0.682942
51,47,0.683328
51,48,0.683685
51,49,0.683961
51,50,0.684145
51,51,0.684261
51,52,0.684353
51,53,0.684466
51,54,0.684645
51,55,0.684927
51,56,0.685364
51,57,0.686007
51,58,0.686908
51,59,0.688094
51,60,0.68955
51,61,0.691209
51,62,0.692961
51,63,0.694673
51,64,0.696218
51,65,0.697496
51,66,0.698458
51,67,0.699094
51,68,0.699433
51,69,0.699523
51,70,0.699412
51,71,0.699139
51,72,0.698736
51,73,0.698243
51,74,0.697721
51,75,0.697267
51,76,0.697
51,77,0.69705
51,78,0.697513
51,79,0.698424
51,80,0.699745
51,81,0.701383
51,82,0.703216
51,83,0.705129
51,84,0.707038
51,85,0.708887
51,86,0.710645
51,87,0.712286
51,88,0.713786
51,89,0.715116
51,90,0.716251
51,91,0.717174
51,92,0.717885
51,93,0.718397
51,94,0.718722
51,95,0.718881
52,0,0.738274
52,1,0.7368
52,2,0.734033
52,3,0.730307
52,4,0.726045
52,5,0.721697
52,6,0.717682
52,7,0.714322
52,8,0.711822
52,9,0.710249
52,10,0.709539
52,11,0.709517
52,12,0.709927
52,13,0.710474
52,14,0.710877
52,15,0.710918
52,16,0.710472
52,17,0.709542
52,18,0.708243
52,19,0.706779
52,20,0.705382
52,21,0.704245
52,22,0.703475
52,23,0.703064
52,24,0.702892
52,25,0.702772
52,26,0.702503
52,27,0.701921
52,28,0.700935
52,29,0.699541
52,30,0.697802
52,31,0.695834
52,32,0.693782
52,33,0.69178
52,34,0.689936
52,35,0.688312
52,36,0.686911
52,37,0.6857
52,38,0.684628
52,39,0.683657
52,40,0.682792
52,41,0.682083
52,42,0.681604
52,43,0.681421
52,44,0.681551
52,45,0.681953
52,46,0.682532
52,47,0.683169
52,48,0.683762
52,49,0.684248
52,50,0.684613
52,51,0.684878
52,52,0.685081
52,53,0.685264
52,54,0.685469
52,55,0.685735
52,56,0.68612
52,57,0.686691
52,58,0.687513
52,59,0.688635
52,60,0.690052
52,61,0.691705
52,62,0.693478
52,63,0.695223
52,64,0.696786
52,65,0.698038
52,66,0.698904
52,67,0.699357
52,68,0.699426
52,69,0.699171
52,70,0.698669
52,71,0.697997
52,72,0.697232
52,73,0.696459
52,74,0.695769
52,75,0.695277
52,76,0.695098
52,77,0.695336
52,78,0.696052
52,79,0.697239
52,80,0.698828
52,81,0.700701
52,82,0.702726
52,83,0.70478
52,84,0.706773
52,85,0.708643
52,86,0.710348
52,87,0.711859
52,88,0.713151
52,89,0.714206
52,90,0.71502
52,91,0.715608
52,92,0.715999
52,93,0.71624
52,94,0.716369
52,95,0.716425
53,0,0.738176
53,1,0.736738
53,2,0.734038
53,3,0.730401
53,4,0.72624
53,5,0.721997
53,6,0.718087
53,7,0.714836
53,8,0.712459
53,9,0.711031
53,10,0.710493
53,11,0.710663
53,12,0.71127
53,13,0.71199
53,14,0.712513
53,15,0.712598
53,16,0.712109
53,17,0.711053
53,18,0.709566
53,19,0.707879
53,20,0.706261
53,21,0.704934
53,22,0.704032
53,23,0.703564
53,24,0.703415
53,25,0.703391
53,26,0.703267
53,27,0.702843
53,28,0.701986
53,29,0.700657
53,30,0.698895
53,31,0.696818
53,32,0.694584
53,33,0.692355
53,34,0.690268
53,35,0.688405
53,36,0.686779
53,37,0.685364
53,38,0.68411
53,39,0.682991
53,40,0.682024
53,41,0.681274
53,42,0.680824
53,43,0.680737
53,44,0.681016
53,45,0.6816
53,46,0.682369
53,47,0.68319
53,48,0.683953
53,49,0.684595
53,50,0.685101
53,51,0.685497
53,52,0.685818
53,53,0.686104
53,54,0.686391
53,55,0.686718
53,56,0.687143
53,57,0.687734
53,58,0.688556
53,59,0.689654
53,60,0.691025
53,61,0.692604
53,62,0.694272
53,63,0.695876
53,64,0.697257
53,65,0.698282
53,66,0.698877
53,67,0.69902
53,68,0.698749
53,69,0.698142
53,70,0.697299
53,71,0.696323
53,72,0.695321
53,73,0.694406
53,74,0.69369
53,75,0.693292
53,76,0.693315
53,77,0.693834
53,78,0.694872
53,79,0.696383
53,80,0.698265
53,81,0.700382
53,82,0.702588
53,83,0.704755
53,84,0.706786
53,85,0.708608
53,86,0.710168
53,87,0.71143
53,88,0.712373
53,89,0.712998
53,90,0.713329
53,91,0.713421
53,92,0.713348
53,93,0.713197
53,94,0.713043
53,95,0.71295
54,0,0.736942
54,1,0.735587
54,2,0.733042
54,3,0.729613
54,4,0.725688
54,5,0.72169
54,6,0.71802
54,7,0.714999
54,8,0.712842
54,9,0.711636
54,10,0.711328
54,11,0.711739
54,12,0.712591
54,13,0.713546
54,14,0.714272
54,15,0.714507
54,16,0.714102
54,17,0.713056
54,18,0.711512
54,19,0.709715
54,20,0.707954
54,21,0.706477
54,22,0.705443
54,23,0.704881
54,24,0.704691
54,25,0.704679
54,26,0.704606
54,27,0.704245
54,28,0.703429
54,29,0.702084
54,30,0.700231
54,31,0.697984
54,32,0.695516
54,33,0.693016
54,34,0.690652
54,35,0.688528
54,36,0.686677
54,37,0.685083
54,38,0.683699
54,39,0.682502
54,40,0.681509
54,41,0.680783
54,42,0.680401
54,43,0.680414
54,44,0.680811
54,45,0.681514
54,46,0.682396
54,47,0.68332
54,48,0.684179
54,49,0.68492
54,50,0.685534
54,51,0.68605
54,52,0.686505
54,53,0.686934
54,54,0.68737
54,55,0.687847
54,56,0.688415
54,57,0.689128
54,58,0.690036
54,59,0.691166
54,60,0.692493
54,61,0.693942
54,62,0.695391
54,63,0.696694
54,64,0.697709
54,65,0.698325
54,66,0.698496
54,67,0.698223
54,68,0.697569
54,69,0.696627
54,70,0.69551
54,71,0.694335
54,72,0.69322
54,73,0.692286
54,74,0.691653
54,75,0.691433
54,76,0.691713
54,77,0.692539
54,78,0.693899
54,79,0.695715
54,80,0.697861
54,81,0.700191
54,82,0.702552
54,83,0.70481
54,84,0.706858
54,85,0.708608
54,86,0.70999
54,87,0.710958
54,88,0.711494
54,89,0.711614
54,90,0.711378
54,91,0.710885
54,92,0.71026
54,93,0.709642
54,94,0.709149
54,95,0.708878
55,0,0.73462
55,1,0.733388
55,2,0.731075
55,3,0.727956
55,4,0.724389
55,5,0.720764
55,6,0.717457
55,7,0.714774
55,8,0.712931
55,9,0.712017
55,10,0.711992
55,11,0.712686
55,12,0.713824
55,13,0.715065
55,14,0.716066
55,15,0.716547
55,16,0.716343
55,17,0.715437
55,18,0.713963
55,19,0.712163
55,20,0.710335
55,21,0.708742
55,22,0.707566
55,23,0.706864
55,24,0.706556
55,25,0.706462
55,26,0.706343
55,27,0.705955
55,28,0.705105
55,29,0.703691
55,30,0.701715
55,31,0.699281
55,32,0.696572
55,33,0.693798
55,34,0.691153
55,35,0.688771
55,36,0.686711
55,37,0.684968
55,38,0.683504
55,39,0.682291
55,40,0.681334
55,41,0.680678
55,42,0.680379
55,43,0.68047
55,44,0.680926
55,45,0.681665
55,46,0.682566
55,47,0.683503
55,48,0.684385
55,49,0.685172
55,50,0.685866
55,51,0.686499
55,52,0.687107
55,53,0.687722
55,54,0.68837
55,55,0.68908
55,56,0.689884
55,57,0.690816
55,58,0.691894
55,59,0.693109
55,60,0.694405
55,61,0.695687
55,62,0.696832
55,63,0.69771
55,64,0.698216
55,65,0.698285
55,66,0.697918
55,67,0.697159
55,68,0.6961
55,69,0.694849
55,70,0.693524
55,71,0.692237
55,72,0.691102
55,73,0.690234
55,74,0.689744
55,75,0.689731
55,76,0.690265
55,77,0.691364
55,78,0.692988
55,79,0.695038
55,80,0.69738
55,81,0.699865
55,82,0.70234
55,83,0.704671
55,84,0.706738
55,85,0.708434
55,86,0.709665
55,87,0.710369
55,88,0.71052
55,89,0.710153
55,90,0.709354
55,91,0.708271
55,92,0.707082
55,93,0.70598
55,94,0.705133
55,95,0.704676
56,0,0.731407
56,1,0.730327
56,2,0.728298
56,3,0.725564
56,4,0.72244
56,5,0.719279
56,6,0.716423
56,7,0.714159
56,8,0.712693
56,9,0.712121
56,10,0.712412
56,11,0.713412
56,12,0.714859
56,13,0.716418
56,14,0.717744
56,15,0.718544
56,16,0.718633
56,17,0.717972
56,18,0.71667
56,19,0.714955
56,20,0.713118
56,21,0.71143
56,22,0.710095
56,23,0.709201
56,24,0.708701
56,25,0.708442
56,26,0.708196
56,27,0.707717
56,28,0.706797
56,29,0.705306
56,30,0.703223
56,31,0.700639
56,32,0.697733
56,33,0.694727
56,34,0.69184
56,35,0.689235
56,36,0.686998
56,37,0.685148
56,38,0.683653
56,39,0.682475
56,40,0.681597
56,41,0.681032
56,42,0.680805
56,43,0.680927
56,44,0.681364
56,45,0.682043
56,46,0.682862
56,47,0.683724
56,48,0.684562
56,49,0.685353
56,50,0.686109
56,51,0.686861
56,52,0.687642
56,53,0.688476
56,54,0.689387
56,55,0.69039
56,56,0.6915
56,57,0.692721
56,58,0.694031
56,59,0.695374
56,60,0.696653
56,61,0.697748
56,62,0.698536
56,63,0.698914
56,64,0.698826
56,65,0.69827
56,66,0.697306
56,67,0.69603
56,68,0.694567
56,69,0.693036
56,70,0.69155
56,71,0.690207
56,72,0.689102
56,73,0.688335
56,74,0.687999
56,75,0.688177
56,76,0.688916
56,77,0.690213
56,78,0.69201
56,79,0.694197
56,80,0.696642
56,81,0.699205
56,82,0.701747
56,83,0.704135
56,84,0.706237
56,85,0.707922
56,86,0.70907
56,87,0.70959
56,88,0.709448
56,89,0.708682
56,90,0.707405
56,91,0.705805
56,92,0.70411
56,93,0.702566
56,94,0.701393
56,95,0.700762
57,0,0.727611
57,1,0.726696
57,2,0.724977
57,3,0.72266
57,4,0.720018
57,5,0.71736
57,6,0.71499
57,7,0.713174
57,8,0.712105
57,9,0.711882
57,10,0.712488
57,11,0.713788
57,12,0.715539
57,13,0.717421
57,14,0.719092
57,15,0.720251
57,16,0.720691
57,17,0.720343
57,18,0.719283
57,19,0.71771
57,20,0.715899
57,21,0.714124
57,22,0.71261
57,23,0.711479
57,24,0.71073
57,25,0.710247
57,26,0.70983
57,27,0.70924
57,28,0.708259
57,29,0.706734
57,30,0.704613
57,31,0.701962
57,32,0.698948
57,33,0.695794
57,34,0.692738
57,35,0.689972
57,36,0.687617
57,37,0.685712
57,38,0.684236
57,39,0.683136
57,40,0.682365
57,41,0.681894
57,42,0.68171
57,43,0.681802
57,44,0.682135
57,45,0.682658
57,46,0.683306
57,47,0.684019
57,48,0.684763
57,49,0.685533
57,50,0.686344
57,51,0.687223
57,52,0.688191
57,53,0.689266
57,54,0.690461
57,55,0.691784
57,56,0.693229
57,57,0.694767
57,58,0.696332
57,59,0.697817
57,60,0.699081
57,61,0.69998
57,62,0.700392
57,63,0.700247
57,64,0.699545
57,65,0.698352
57,66,0.696793
57,67,0.695016
57,68,0.693175
57,69,0.691394
57,70,0.689777
57,71,0.688401
57,72,0.687336
57,73,0.686663
57,74,0.686455
57,75,0.686775
57,76,0.687651
57,77,0.68906
57,78,0.69093
57,79,0.693153
57,80,0.695606
57,81,0.698171
57,82,0.700728
57,83,0.703151
57,84,0.705301
57,85,0.707024
57,86,0.708164
57,87,0.708603
57,88,0.708287
57,89,0.707254
57,90,0.705633
57,91,0.703642
57,92,0.701551
57,93,0.699654
57,94,0.698214
57,95,0.69744
58,0,0.723602
58,1,0.722848
58,2,0.721429
58,3,0.719517
58,4,0.717338
58,5,0.715158
58,6,0.713245
58,7,0.711841
58,8,0.711128
58,9,0.711211
58,10,0.712088
58,11,0.713646
58,12,0.715667
58,13,0.717851
58,14,0.719862
58,15,0.721391
58,16,0.722209
58,17,0.72221
58,18,0.72143
58,19,0.72003
58,20,0.718263
58,21,0.716402
58,22,0.714693
58,23,0.713301
58,24,0.712274
58,25,0.711546
58,26,0.710956
58,27,0.71028
58,28,0.709291
58,29,0.707811
58,30,0.705753
58,31,0.703148
58,32,0.700137
58,33,0.696941
58,34,0.693809
58,35,0.690964
58,36,0.688559
58,37,0.686661
58,38,0.685255
58,39,0.684273
58,40,0.683629
58,41,0.683247
58,42,0.683076
58,43,0.683081
58,44,0.683239
58,45,0.68353
58,46,0.683939
58,47,0.684456
58,48,0.685081
58,49,0.685825
58,50,0.6867
58,51,0.687717
58,52,0.688883
58,53,0.6902
58,54,0.691675
58,55,0.693304
58,56,0.695064
58,57,0.696896
58,58,0.698691
58,59,0.700294
58,60,0.701524
58,61,0.702217
58,62,0.702259
58,63,0.701613
58,64,0.700336
58,65,0.69856
58,66,0.696469
58,67,0.694254
58,68,0.692089
58,69,0.690099
58,70,0.688372
58,71,0.686963
58,72,0.685924
58,73,0.685313
58,74,0.685187
58,75,0.685591
58,76,0.686532
58,77,0.687971
58,78,0.689828
58,79,0.691998
58,80,0.694378
58,81,0.696875
58,82,0.699395
58,83,0.701824
58,84,0.704019
58,85,0.705803
58,86,0.706991
58,87,0.707436
58,88,0.707061
58,89,0.705897
58,90,0.70408
58,91,0.701849
58,92,0.699502
58,93,0.697369
58,94,0.695749
58,95,0.694876
59,0,0.719741
59,1,0.719127
59,2,0.717971
59,3,0.716405
59,4,0.714617
59,5,0.712829
59,6,0.711278
59,7,0.710186
59,8,0.70973
59,9,0.710021
59,10,0.71108
59,11,0.71282
59,12,0.715049
59,13,0.71749
59,14,0.719814
59,15,0.721705
59,16,0.722905
59,17,0.723269
59,18,0.722786
59,19,0.721577
59,20,0.719868
59,21,0.717929
59,22,0.716028
59,23,0.714375
59,24,0.713077
59,25,0.712123
59,26,0.711394
59,27,0.710686
59,28,0.709766
59,29,0.708425
59,30,0.706537
59,31,0.704088
59,32,0.70119
59,33,0.698052
59,34,0.694937
59,35,0.692093
59,36,0.68971
59,37,0.687882
59,38,0.686598
59,39,0.685772
59,40,0.685278
59,41,0.684988
59,42,0.684811
59,43,0.684698
59,44,0.684639
59,45,0.684659
59,46,0.6848
59,47,0.685107
59,48,0.685617
59,49,0.686349
59,50,0.687307
59,51,0.688479
59,52,0.689845
59,53,0.691393
59,54,0.693114
59,55,0.694998
59,56,0.697007
59,57,0.699058
59,58,0.701007
59,59,0.702663
59,60,0.703815
59,61,0.704288
59,62,0.70398
59,63,0.702893
59,64,0.701133
59,65,0.698886
59,66,0.69638
59,67,0.693835
59,68,0.691432
59,69,0.689288
59,70,0.687475
59,71,0.686031
59,72,0.684992
59,73,0.684403
59,74,0.68431
59,75,0.68474
59,76,0.685685
59,77,0.687092
59,78,0.688872
59,79,0.690926
59,80,0.693171
59,81,0.695543
59,82,0.697974
59,83,0.700366
59,84,0.702576
59,85,0.704411
59,86,0.705663
59,87,0.706158
59,88,0.705803
59,89,0.704617
59,90,0.70274
59,91,0.700419
59,92,0.697966
59,93,0.69573
59,94,0.694026
59,95,0.693108
60,0,0.716351
60,1,0.715846
60,2,0.714886
60,3,0.713574
60,4,0.712057
60,5,0.710524
60,6,0.709186
60,7,0.708251
60,8,0.7079
60,9,0.708261
60,10,0.709376
60,11,0.711193
60,12,0.71355
60,13,0.716188
60,14,0.718787
60,15,0.721018
60,16,0.722596
60,17,0.723329
60,18,0.723157
60,19,0.72216
60,20,0.720533
60,21,0.718544
60,22,0.716484
60,23,0.714607
60,24,0.713079
60,25,0.711946
60,26,0.711132
60,27,0.710455
60,28,0.709675
60,29,0.708551
60,30,0.706913
60,31,0.704701
60,32,0.701994
60,33,0.698988
60,34,0.695956
60,35,0.693177
60,36,0.690875
60,37,0.689168
60,38,0.688053
60,39,0.687421
60,40,0.687105
60,41,0.686926
60,42,0.686754
60,43,0.686526
60,44,0.686251
60,45,0.686004
60,46,0.685888
60,47,0.686004
60,48,0.686424
60,49,0.687174
60,50,0.688243
60,51,0.689584
60,52,0.691149
60,53,0.6929
60,54,0.694817
60,55,0.696877
60,56,0.699036
60,57,0.701192
60,58,0.703182
60,59,0.704794
60,60,0.705802
60,61,0.706036
60,62,0.705413
60,63,0.703971
60,64,0.701858
60,65,0.699295
60,66,0.696533
60,67,0.693801
60,68,0.691271
60,69,0.689047
60,70,0.687183
60,71,0.685706
60,72,0.684646
60,73,0.684043
60,74,0.683938
60,75,0.684348
60,76,0.685252
60,77,0.686582
60,78,0.688243
60,79,0.69014
60,80,0.69221
60,81,0.694411
60,82,0.6967
60,83,0.698998
60,84,0.701166
60,85,0.703004
60,86,0.704288
60,87,0.704831
60,88,0.704528
60,89,0.703394
60,90,0.701565
60,91,0.699288
60,92,0.696875
60,93,0.694669
60,94,0.692988
60,95,0.69208
61,0,0.713683
61,1,0.713242
61,2,0.712398
61,3,0.711222
61,4,0.70983
61,5,0.708384
61,6,0.707077
61,7,0.706115
61,8,0.705691
61,9,0.705955
61,10,0.706985
61,11,0.708761
61,12,0.711151
61,13,0.713919
61,14,0.716749
61,15,0.719296
61,16,0.721243
61,17,0.722353
61,18,0.722515
61,19,0.721765
61,20,0.72027
61,21,0.71829
61,22,0.716137
61,23,0.714104
61,24,0.712411
61,25,0.711159
61,26,0.710313
61,27,0.709712
61,28,0.709109
61,29,0.708236
61,30,0.706876
61,31,0.704929
61,32,0.702441
61,33,0.699597
61,34,0.69668
61,35,0.694
61,36,0.691813
61,37,0.690265
61,38,0.689355
61,39,0.688955
61,40,0.688854
61,41,0.688825
61,42,0.6887
61,43,0.688399
61,44,0.687955
61,45,0.687486
61,46,0.687158
61,47,0.687126
61,48,0.687495
61,49,0.688296
61,50,0.689496
61,51,0.691015
61,52,0.692767
61,53,0.694688
61,54,0.696736
61,55,0.698883
61,56,0.701074
61,57,0.703205
61,58,0.705106
61,59,0.706561
61,60,0.707354
61,61,0.707332
61,62,0.706442
61,63,0.704754
61,64,0.702442
61,65,0.699744
61,66,0.69691
61,67,0.694154
61,68,0.691625
61,69,0.689405
61,70,0.687535
61,71,0.686037
61,72,0.684943
61,73,0.684298
61,74,0.684145
61,75,0.684498
61,76,0.685324
61,77,0.686546
61,78,0.68806
61,79,0.689777
61,80,0.69164
61,81,0.693631
61,82,0.695726
61,83,0.697863
61,84,0.69991
61,85,0.701672
61,86,0.702921
61,87,0.703471
61,88,0.703215
61,89,0.702169
61,90,0.700468
61,91,0.69835
61,92,0.696108
61,93,0.694063
61,94,0.692507
61,95,0.691668
62,0,0.711899
62,1,0.711478
62,2,0.710659
62,3,0.709492
62,4,0.708069
62,5,0.706534
62,6,0.705072
62,7,0.703898
62,8,0.703226
62,9,0.703236
62,10,0.704043
62,11,0.705664
62,12,0.708
62,13,0.71083
62,14,0.713844
62,15,0.71668
62,16,0.718987
62,17,0.720484
62,18,0.721011
62,19,0.72056
62,20,0.719267
62,21,0.717382
62,22,0.715226
62,23,0.713126
62,24,0.711343
62,25,0.710025
62,26,0.709177
62,27,0.708657
62,28,0.708217
62,29,0.707566
62,30,0.706453
62,31,0.704739
62,32,0.702445
62,33,0.699747
62,34,0.696941
62,35,0.694364
62,36,0.692307
62,37,0.690937
62,38,0.69026
62,39,0.690128
62,40,0.690288
62,41,0.690467
62,42,0.690456
62,43,0.69016
62,44,0.689623
62,45,0.689008
62,46,0.688533
62,47,0.688404
62,48,0.688758
62,49,0.689629
62,50,0.690967
62,51,0.692656
62,52,0.694573
62,53,0.69662
62,54,0.698736
62,55,0.700878
62,56,0.70299
62,57,0.704969
62,58,0.706655
62,59,0.707852
62,60,0.708371
62,61,0.708093
62,62,0.707
62,63,0.705188
62,64,0.702845
62,65,0.7002
62,66,0.697479
62,67,0.694859
62,68,0.692456
62,69,0.690324
62,70,0.688492
62,71,0.686986
62,72,0.685848
62,73,0.685139
62,74,0.684909
62,75,0.685173
62,76,0.685895
62,77,0.686985
62,78,0.688334
62,79,0.68985
62,80,0.691486
62,81,0.693231
62,82,0.695081
62,83,0.696986
62,84,0.69883
62,85,0.700427
62,86,0.701562
62,87,0.702058
62,88,0.701823
62,89,0.700881
62,90,0.699366
62,91,0.697499
62,92,0.695543
62,93,0.693775
62,94,0.692438
62,95,0.69172
63,0,0.711076
63,1,0.710628
63,2,0.709746
63,3,0.708467
63,4,0.706867
63,5,0.705084
63,6,0.703307
63,7,0.701767
63,8,0.700704
63,9,0.700335
63,10,0.700812
63,11,0.702187
63,12,0.704393
63,13,0.707225
63,14,0.710374
63,15,0.713464
63,16,0.716115
63,17,0.718003
63,18,0.718925
63,19,0.718829
63,20,0.717815
63,21,0.716118
63,22,0.714058
63,23,0.711977
63,24,0.71017
63,25,0.708818
63,26,0.707962
63,27,0.707483
63,28,0.707137
63,29,0.706625
63,30,0.705671
63,31,0.704112
63,32,0.701948
63,33,0.699352
63,34,0.69663
63,35,0.694146
63,36,0.69222
63,37,0.69104
63,38,0.690618
63,39,0.690788
63,40,0.691259
63,41,0.691712
63,42,0.691895
63,43,0.691694
63,44,0.691159
63,45,0.690481
63,46,0.689925
63,47,0.689742
63,48,0.690099
63,49,0.691041
63,50,0.6925
63,51,0.694331
63,52,0.696375
63,53,0.698502
63,54,0.700623
63,55,0.702682
63,56,0.704621
63,57,0.706346
63,58,0.707722
63,59,0.708588
63,60,0.708802
63,61,0.708291
63,62,0.707076
63,63,0.70527
63,64,0.703059
63,65,0.700642
63,66,0.698198
63,67,0.695853
63,68,0.693676
63,69,0.691696
63,70,0.689933
63,71,0.688423
63,72,0.687229
63,73,0.686433
63,74,0.686101
63,75,0.686252
63,76,0.686845
63,77,0.687785
63,78,0.688955
63,79,0.690257
63,80,0.691645
63,81,0.693116
63,82,0.694677
63,83,0.696291
63,84,0.69786
63,85,0.699215
63,86,0.700164
63,87,0.700552
63,88,0.70031
63,89,0.699476
63,90,0.698185
63,91,0.69664
63,92,0.69506
63,93,0.693659
63,94,0.692617
63,95,0.692062
64,0,0.711171
64,1,0.710656
64,2,0.709635
64,3,0.70814
64,4,0.706248
64,5,0.704099
64,6,0.701895
64,7,0.699889
64,8,0.698353
64,9,0.697535
64,10,0.697624
64,11,0.698702
64,12,0.700726
64,13,0.703508
64,14,0.706742
64,15,0.71004
64,16,0.712999
64,17,0.715263
64,18,0.716587
64,19,0.71688
64,20,0.716205
64,21,0.71477
64,22,0.712882
64,23,0.710887
64,24,0.709091
64,25,0.707706
64,26,0.706799
64,27,0.706281
64,28,0.705923
64,29,0.705431
64,30,0.704523
64,31,0.703021
64,32,0.700915
64,33,0.698374
64,34,0.695715
64,35,0.69332
64,36,0.691532
64,37,0.690559
64,38,0.690416
64,39,0.69092
64,40,0.691749
64,41,0.692538
64,42,0.692993
64,43,0.692973
64,44,0.692522
64,45,0.691853
64,46,0.691267
64,47,0.691054
64,48,0.691411
64,49,0.692395
64,50,0.693934
64,51,0.695859
64,52,0.697981
64,53,0.700135
64,54,0.702208
64,55,0.704125
64,56,0.705826
64,57,0.707233
64,58,0.708245
64,59,0.70875
64,60,0.708664
64,61,0.707969
64,62,0.70672
64,63,0.705046
64,64,0.703107
64,65,0.701058
64,66,0.699014
64,67,0.697038
64,68,0.695149
64,69,0.693349
64,70,0.69166
64,71,0.690136
64,72,0.688868
64,73,0.687963
64,74,0.687506
64,75,0.687524
64,76,0.687974
64,77,0.688753
64,78,0.689735
64,79,0.690817
64,80,0.691949
64,81,0.693131
64,82,0.694377
64,83,0.695664
64,84,0.696913
64,85,0.697978
64,86,0.698695
64,87,0.69894
64,88,0.698672
64,89,0.697947
64,90,0.696904
64,91,0.69572
64,92,0.694566
64,93,0.693587
64,94,0.692882
64,95,0.692516
65,0,0.712022
65,1,0.711407
65,2,0.710192
65,3,0.70841
65,4,0.706151
65,5,0.703569
65,6,0.700889
65,7,0.698389
65,8,0.696368
65,9,0.695103
65,10,0.694806
65,11,0.695582
65,12,0.697404
65,13,0.700098
65,14,0.70336
65,15,0.706803
65,16,0.710006
65,17,0.712591
65,18,0.714283
65,19,0.714951
65,20,0.714625
65,21,0.713478
65,22,0.711794
65,23,0.709904
65,24,0.70812
65,25,0.706669
65,26,0.705647
65,27,0.704995
65,28,0.704514
65,29,0.703927
65,30,0.702962
65,31,0.70144
65,32,0.699346
65,33,0.696846
65,34,0.694259
65,35,0.691978
65,36,0.690361
65,37,0.689627
65,38,0.689793
65,39,0.690663
65,40,0.691885
65,41,0.693053
65,42,0.693833
65,43,0.694051
65,44,0.693742
65,45,0.693128
65,46,0.692537
65,47,0.692293
65,48,0.692624
65,49,0.693604
65,50,0.695163
65,51,0.697118
65,52,0.699256
65,53,0.701385
65,54,0.703364
65,55,0.7051
65,56,0.706532
65,57,0.707598
65,58,0.708238
65,59,0.708395
65,60,0.708048
65,61,0.707233
65,62,0.706041
65,63,0.704599
65,64,0.703035
65,65,0.701444
65,66,0.699865
65,67,0.698295
65,68,0.696706
65,69,0.695079
65,70,0.693442
65,71,0.691877
65,72,0.690509
65,73,0.689475
65,74,0.688879
65,75,0.688755
65,76,0.689059
65,77,0.68968
65,78,0.690482
65,79,0.691353
65,80,0.692239
65,81,0.693138
65,82,0.694072
65,83,0.69503
65,84,0.695951
65,85,0.696717
65,86,0.697192
65,87,0.697284
65,88,0.69698
65,89,0.696357
65,90,0.695555
65,91,0.69473
65,92,0.694003
65,93,0.693446
65,94,0.693083
65,95,0.692907
66,0,0.713353
66,1,0.712622
66,2,0.71118
66,3,0.709078
66,4,0.706425
66,5,0.703402
66,6,0.700261
66,7,0.697306
66,8,0.694859
66,9,0.693213
66,10,0.692591
66,11,0.693106
66,12,0.694739
66,13,0.697321
66,14,0.700557
66,15,0.70406
66,16,0.70741
66,17,0.710215
66,18,0.712182
66,19,0.713151
66,20,0.713117
66,21,0.712219
66,22,0.710709
66,23,0.708897
66,24,0.70709
66,25,0.705523
66,26,0.70432
66,27,0.703454
66,28,0.702766
66,29,0.702011
66,30,0.700935
66,31,0.699371
66,32,0.6973
66,33,0.694881
66,34,0.692428
66,35,0.690329
66,36,0.688948
66,37,0.688505
66,38,0.689017
66,39,0.690277
66,40,0.691907
66,41,0.693468
66,42,0.694586
66,43,0.69506
66,44,0.69491
66,45,0.694362
66,46,0.693763
66,47,0.693468
66,48,0.693732
66,49,0.69465
66,50,0.696158
66,51,0.69807
66,52,0.700158
66,53,0.702208
66,54,0.704056
66,55,0.705593
66,56,0.706754
66,57,0.707496
66,58,0.707796
66,59,0.707652
66,60,0.707105
66,61,0.706243
66,62,0.705181
66,63,0.704038
66,64,0.702901
66,65,0.701796
66,66,0.700688
66,67,0.699507
66,68,0.698183
66,69,0.696687
66,70,0.695062
66,71,0.693422
66,72,0.691929
66,73,0.690752
66,74,0.690013
66,75,0.689753
66,76,0.689924
66,77,0.690406
66,78,0.691053
66,79,0.691743
66,80,0.692416
66,81,0.693069
66,82,0.693728
66,83,0.694394
66,84,0.695023
66,85,0.695519
66,86,0.695774
66,87,0.695723
66,88,0.69538
66,89,0.694837
66,90,0.694239
66,91,0.693722
66,92,0.693364
66,93,0.693177
66,94,0.693111
66,95,0.693102
67,0,0.714812
67,1,0.71396
67,2,0.712289
67,3,0.709871
67,4,0.706846
67,5,0.703425
67,6,0.699893
67,7,0.696579
67,8,0.693818
67,9,0.691907
67,10,0.691065
67,11,0.691398
67,12,0.692879
67,13,0.69534
67,14,0.698492
67,15,0.701958
67,16,0.705325
67,17,0.708207
67,18,0.710301
67,19,0.711433
67,20,0.71157
67,21,0.710821
67,22,0.709404
67,23,0.707607
67,24,0.705722
67,25,0.703992
67,26,0.702564
67,27,0.701448
67,28,0.700528
67,29,0.699599
67,30,0.698434
67,31,0.696879
67,32,0.694911
67,33,0.692676
67,34,0.69047
67,35,0.688664
67,36,0.68761
67,37,0.687524
67,38,0.688419
67,39,0.690077
67,40,0.692102
67,41,0.694031
67,42,0.695459
67,43,0.696163
67,44,0.69615
67,45,0.695646
67,46,0.695015
67,47,0.694636
67,48,0.694786
67,49,0.695582
67,50,0.696969
67,51,0.698765
67,52,0.700734
67,53,0.702653
67,54,0.70434
67,55,0.705674
67,56,0.706588
67,57,0.707052
67,58,0.707076
67,59,0.706704
67,60,0.706031
67,61,0.705186
67,62,0.704302
67,63,0.703485
67,64,0.702773
67,65,0.702127
67,66,0.70144
67,67,0.700585
67,68,0.699461
67,69,0.698037
67,70,0.696378
67,71,0.694633
67,72,0.693002
67,73,0.691681
67,74,0.690809
67,75,0.690431
67,76,0.690493
67,77,0.690867
67,78,0.691398
67,79,0.691955
67,80,0.692472
67,81,0.692944
67,82,0.693398
67,83,0.693845
67,84,0.694252
67,85,0.694541
67,86,0.694624
67,87,0.694456
67,88,0.694068
67,89,0.693568
67,90,0.693101
67,91,0.692796
67,92,0.692697
67,93,0.692772
67,94,0.692921
67,95,0.693032
68,0,0.71604
68,1,0.71508
68,2,0.713203
68,3,0.710509
68,4,0.707171
68,5,0.703436
68,6,0.699619
68,7,0.696072
68,8,0.693136
68,9,0.691102
68,10,0.690169
68,11,0.690416
68,12,0.691799
68,13,0.694139
68,14,0.697151
68,15,0.700472
68,16,0.703708
68,17,0.706492
68,18,0.70853
68,19,0.709647
68,20,0.709795
68,21,0.709059
68,22,0.707631
68,23,0.705772
68,24,0.703764
68,25,0.701849
68,26,0.700197
68,27,0.698856
68,28,0.697749
68,29,0.696715
68,30,0.695557
68,31,0.69413
68,32,0.692406
68,33,0.690506
68,34,0.688692
68,35,0.687308
68,36,0.686681
68,37,0.687014
68,38,0.688312
68,39,0.690352
68,40,0.692729
68,41,0.694964
68,42,0.696637
68,43,0.697508
68,44,0.697579
68,45,0.697078
68,46,0.696381
68,47,0.695882
68,48,0.695876
68,49,0.696493
68,50,0.697692
68,51,0.699299
68,52,0.701082
68,53,0.702816
68,54,0.704315
68,55,0.705454
68,56,0.706161
68,57,0.706416
68,58,0.706248
68,59,0.705737
68,60,0.705016
68,61,0.704243
68,62,0.703561
68,63,0.703057
68,64,0.702725
68,65,0.702466
68,66,0.702115
68,67,0.701498
68,68,0.700498
68,69,0.699087
68,70,0.697358
68,71,0.695495
68,72,0.69373
68,73,0.69228
68,74,0.691294
68,75,0.690819
68,76,0.690799
68,77,0.691098
68,78,0.691556
68,79,0.692036
68,80,0.692466
68,81,0.69284
68,82,0.693183
68,83,0.693509
68,84,0.693792
68,85,0.693962
68,86,0.693939
68,87,0.693688
68,88,0.693251
68,89,0.692744
68,90,0.692317
68,91,0.692094
68,92,0.69211
68,93,0.692309
68,94,0.692563
68,95,0.692735
69,0,0.716776
69,1,0.715728
69,2,0.713689
69,3,0.710782
69,4,0.707213
69,5,0.703265
69,6,0.699283
69,7,0.695636
69,8,0.692667
69,9,0.690649
69,10,0.689748
69,11,0.690006
69,12,0.691342
69,13,0.693561
69,14,0.696377
69,15,0.699444
69,16,0.702398
69,17,0.704904
69,18,0.706697
69,19,0.707616
69,20,0.707616
69,21,0.706765
69,22,0.705235
69,23,0.703264
69,24,0.701118
69,25,0.699042
69,26,0.697221
69,27,0.695734
69,28,0.694549
69,29,0.693537
69,30,0.692532
69,31,0.691394
69,32,0.690077
69,33,0.688671
69,34,0.687395
69,35,0.686549
69,36,0.686428
69,37,0.687215
69,38,0.688909
69,39,0.691285
69,40,0.693941
69,41,0.696395
69,42,0.698222
69,43,0.69918
69,44,0.69927
69,45,0.698727
69,46,0.69793
69,47,0.697282
69,48,0.697086
69,49,0.697479
69,50,0.69843
69,51,0.699778
69,52,0.701305
69,53,0.702802
69,54,0.704091
69,55,0.705046
69,56,0.705597
69,57,0.705722
69,58,0.705461
69,59,0.704907
69,60,0.704215
69,61,0.703558
69,62,0.703082
69,63,0.702853
69,64,0.70283
69,65,0.702865
69,66,0.70275
69,67,0.702282
69,68,0.701336
69,69,0.699899
69,70,0.698089
69,71,0.696119
69,72,0.694242
69,73,0.692689
69,74,0.691613
69,75,0.691062
69,76,0.690974
69,77,0.691218
69,78,0.691631
69,79,0.692079
69,80,0.692488
69,81,0.692849
69,82,0.693182
69,83,0.693499
69,84,0.69377
69,85,0.693921
69,86,0.693872
69,87,0.693585
69,88,0.693101
69,89,0.69254
69,90,0.69206
69,91,0.691791
69,92,0.691773
69,93,0.691952
69,94,0.692197
69,95,0.692366
70,0,0.716906
70,1,0.715797
70,2,0.713648
70,3,0.7106
70,4,0.706891
70,5,0.702832
70,6,0.698797
70,7,0.695169
70,8,0.692288
70,9,0.6904
70,10,0.689631
70,11,0.689971
70,12,0.691296
70,13,0.693383
70,14,0.695942
70,15,0.698649
70,16,0.701181
70,17,0.70325
70,18,0.704639
70,19,0.705217
70,20,0.704953
70,21,0.703911
70,22,0.702243
70,23,0.700164
70,24,0.697923
70,25,0.69576
70,26,0.69387
70,27,0.692363
70,28,0.691237
70,29,0.690399
70,30,0.689699
70,31,0.689001
70,32,0.688234
70,33,0.687447
70,34,0.686808
70,35,0.686568
70,36,0.686983
70,37,0.688216
70,38,0.690261
70,39,0.692899
70,40,0.695739
70,41,0.698311
70,42,0.700199
70,43,0.701168
70,44,0.701225
70,45,0.700606
70,46,0.699691
70,47,0.698881
70,48,0.698473
70,49,0.698606
70,50,0.699256
70,51,0.70028
70,52,0.701487
70,53,0.702695
70,54,0.703748
70,55,0.704533
70,56,0.704981
70,57,0.705062
70,58,0.704806
70,59,0.704307
70,60,0.703718
70,61,0.703215
70,62,0.702938
70,63,0.702938
70,64,0.703147
70,65,0.703385
70,66,0.703417
70,67,0.703028
70,68,0.702095
70,69,0.700622
70,70,0.698749
70,71,0.696706
70,72,0.694758
70,73,0.693135
70,74,0.691988
70,75,0.691361
70,76,0.6912
70,77,0.691379
70,78,0.691749
70,79,0.692185
70,80,0.692616
70,81,0.693032
70,82,0.693447
70,83,0.693859
70,84,0.694228
70,85,0.694466
70,86,0.694477
70,87,0.694211
70,88,0.693701
70,89,0.693063
70,90,0.692463
70,91,0.692046
70,92,0.691874
70,93,0.691914
70,94,0.692055
70,95,0.692169
71,0,0.716507
71,1,0.715363
71,2,0.713151
71,3,0.710031
71,4,0.706262
71,5,0.702183
71,6,0.698189
71,7,0.694674
71,8,0.69197
71,9,0.690293
71,10,0.689717
71,11,0.690177
71,12,0.691497
71,13,0.693421
71,14,0.695657
71,15,0.697907
71,16,0.699901
71,17,0.701416
71,18,0.702294
71,19,0.702454
71,20,0.701884
71,21,0.70065
71,22,0.698881
71,23,0.696765
71,24,0.694526
71,25,0.692394
71,26,0.690567
71,27,0.689174
71,28,0.688242
71,29,0.687704
71,30,0.687425
71,31,0.687263
71,32,0.68712
71,33,0.687003
71,34,0.687025
71,35,0.687385
71,36,0.688303
71,37,0.68992
71,38,0.692233
71,39,0.695036
71,40,0.697958
71,41,0.700555
71,42,0.702427
71,43,0.703356
71,44,0.703354
71,45,0.702656
71,46,0.701634
71,47,0.700672
71,48,0.700052
71,49,0.699906
71,50,0.700216
71,51,0.700861
71,52,0.70169
71,53,0.70256
71,54,0.703354
71,55,0.70398
71,56,0.70437
71,57,0.704479
71,58,0.704318
71,59,0.703958
71,60,0.703535
71,61,0.703216
71,62,0.703131
71,63,0.703319
71,64,0.703696
71,65,0.704068
71,66,0.704187
71,67,0.70384
71,68,0.702913
71,69,0.701427
71,70,0.699536
71,71,0.697475
71,72,0.695505
71,73,0.693844
71,74,0.692632
71,75,0.691915
71,76,0.691646
71,77,0.691723
71,78,0.69202
71,79,0.692432
71,80,0.692898
71,81,0.693409
71,82,0.693969
71,83,0.694562
71,84,0.695124
71,85,0.695545
71,86,0.695704
71,87,0.69553
71,88,0.695036
71,89,0.694333
71,90,0.693592
71,91,0.692979
71,92,0.692585
71,93,0.692416
71,94,0.692394
71,95,0.692419
72,0,0.715784
72,1,0.714626
72,2,0.71239
72,3,0.709252
72,4,0.705489
72,5,0.701461
72,6,0.697582
72,7,0.694252
72,8,0.691785
72,9,0.690362
72,10,0.690005
72,11,0.690585
72,12,0.691873
72,13,0.693581
72,14,0.695418
72,15,0.697126
72,16,0.698497
72,17,0.69939
72,18,0.69972
72,19,0.699461
72,20,0.698627
72,21,0.697278
72,22,0.695516
72,23,0.693492
72,24,0.691396
72,25,0.689433
72,26,0.6878
72,27,0.686639
72,28,0.685997
72,29,0.685828
72,30,0.686011
72,31,0.686394
72,32,0.686858
72,33,0.687366
72,34,0.687981
72,35,0.688858
72,36,0.69018
72,37,0.692076
72,38,0.694546
72,39,0.697405
72,40,0.700315
72,41,0.702861
72,42,0.704673
72,43,0.705547
72,44,0.705502
72,45,0.704762
72,46,0.703677
72,47,0.702604
72,48,0.7018
72,49,0.701381
72,50,0.701334
72,51,0.701569
72,52,0.701978
72,53,0.702474
72,54,0.702986
72,55,0.703453
72,56,0.70381
72,57,0.703997
72,58,0.703991
72,59,0.703828
72,60,0.703613
72,61,0.703496
72,62,0.703593
72,63,0.703938
72,64,0.704441
72,65,0.704907
72,66,0.705092
72,67,0.70479
72,68,0.7039
72,69,0.702454
72,70,0.700609
72,71,0.698595
72,72,0.696652
72,73,0.694977
72,74,0.693697
72,75,0.69286
72,76,0.692436
72,77,0.692354
72,78,0.692524
72,79,0.692872
72,80,0.693355
72,81,0.693967
72,82,0.694702
72,83,0.695524
72,84,0.696344
72,85,0.697023
72,86,0.697409
72,87,0.697399
72,88,0.696987
72,89,0.696269
72,90,0.695419
72,91,0.694623
72,92,0.694006
72,93,0.693616
72,94,0.693417
72,95,0.693344
73,0,0.714999
73,1,0.713837
73,2,0.711602
73,3,0.708483
73,4,0.704776
73,5,0.700859
73,6,0.697157
73,7,0.694065
73,8,0.691877
73,9,0.690731
73,10,0.690587
73,11,0.691256
73,12,0.692457
73,13,0.693878
73,14,0.69524
73,15,0.696335
73,16,0.697034
73,17,0.697286
73,18,0.69709
73,19,0.696476
73,20,0.695481
73,21,0.69415
73,22,0.692547
73,23,0.690771
73,24,0.688964
73,25,0.687304
73,26,0.685972
73,27,0.685116
73,28,0.684802
73,29,0.685
73,30,0.6856
73,31,0.68645
73,32,0.68741
73,33,0.688412
73,34,0.689479
73,35,0.690727
73,36,0.692311
73,37,0.694349
73,38,0.696853
73,39,0.699664
73,40,0.702482
73,41,0.704931
73,42,0.70667
73,43,0.707514
73,44,0.707479
73,45,0.706772
73,46,0.705706
73,47,0.704599
73,48,0.703672
73,49,0.703022
73,50,0.702639
73,51,0.702465
73,52,0.702441
73,53,0.702542
73,54,0.702753
73,55,0.703048
73,56,0.70337
73,57,0.703642
73,58,0.703805
73,59,0.703853
73,60,0.703855
73,61,0.703934
73,62,0.704197
73,63,0.704675
73,64,0.705285
73,65,0.705838
73,66,0.706102
73,67,0.705882
73,68,0.705087
73,69,0.703752
73,70,0.702027
73,71,0.700122
73,72,0.698248
73,73,0.696578
73,74,0.695223
73,75,0.694234
73,76,0.693608
73,77,0.693312
73,78,0.693301
73,79,0.693536
73,80,0.694
73,81,0.69469
73,82,0.695592
73,83,0.696651
73,84,0.697752
73,85,0.698726
73,86,0.699389
73,87,0.699609
73,88,0.69935
73,89,0.698695
73,90,0.697813
73,91,0.696904
73,92,0.696123
73,93,0.695556
73,94,0.69521
73,95,0.695054
74,0,0.714354
74,1,0.713194
74,2,0.710975
74,3,0.707902
74,4,0.704291
74,5,0.700538
74,6,0.697069
74,7,0.694269
74,8,0.692395
74,9,0.691532
74,10,0.691581
74,11,0.69229
74,12,0.693336
74,13,0.694394
74,14,0.695214
74,15,0.695648
74,16,0.695661
74,17,0.695297
74,18,0.694641
74,19,0.693775
74,20,0.692749
74,21,0.691582
74,22,0.690287
74,23,0.688899
74,24,0.687505
74,25,0.686242
74,26,0.685272
74,27,0.684742
74,28,0.684731
74,29,0.685225
74,30,0.68613
74,31,0.687299
74,32,0.688583
74,33,0.689895
74,34,0.691229
74,35,0.692672
74,36,0.694359
74,37,0.696401
74,38,0.698823
74,39,0.701497
74,40,0.704165
74,41,0.706494
74,42,0.708178
74,43,0.709046
74,44,0.709105
74,45,0.708534
74,46,0.7076
74,47,0.706568
74,48,0.705617
74,49,0.70482
74,50,0.704167
74,51,0.703629
74,52,0.703199
74,53,0.702911
74,54,0.702807
74,55,0.702901
74,56,0.703152
74,57,0.703467
74,58,0.703755
74,59,0.703973
74,60,0.704151
74,61,0.704389
74,62,0.704784
74,63,0.705371
74,64,0.706079
74,65,0.706732
74,66,0.707111
74,67,0.707031
74,68,0.706403
74,69,0.705255
74,70,0.703719
74,71,0.701976
74,72,0.700205
74,73,0.698552
74,74,0.697118
74,75,0.695963
74,76,0.695112
74,77,0.694576
74,78,0.694354
74,79,0.694446
74,80,0.694856
74,81,0.695587
74,82,0.696619
74,83,0.697882
74,84,0.699239
74,85,0.700497
74,86,0.701447
74,87,0.70193
74,88,0.701886
74,89,0.701376
74,90,0.70056
74,91,0.699641
74,92,0.698795
74,93,0.698136
74,94,0.697704
74,95,0.697497
75,0,0.713941
75,1,0.712787
75,2,0.710593
75,3,0.707588
75,4,0.704114
75,5,0.700577
75,6,0.697401
75,7,0.694944
75,8,0.693418
75,9,0.692844
75,10,0.693059
75,11,0.693756
75,12,0.694582
75,13,0.695215
75,14,0.695447
75,15,0.695206
75,16,0.694551
75,17,0.693628
75,18,0.692596
75,19,0.691583
75,20,0.69064
75,21,0.689752
75,22,0.688868
75,23,0.687956
75,24,0.68704
75,25,0.686213
75,26,0.685611
75,27,0.685378
75,28,0.685601
75,29,0.686283
75,30,0.687349
75,31,0.688664
75,32,0.690085
75,33,0.691516
75,34,0.692934
75,35,0.694407
75,36,0.696051
75,37,0.697976
75,38,0.70022
75,39,0.702688
75,40,0.705167
75,41,0.707371
75,42,0.709029
75,43,0.709985
75,44,0.710233
75,45,0.709912
75,46,0.709239
75,47,0.708416
75,48,0.707575
75,49,0.706756
75,50,0.705947
75,51,0.705141
75,52,0.704373
75,53,0.703732
75,54,0.703314
75,55,0.703171
75,56,0.703283
75,57,0.703553
75,58,0.70387
75,59,0.70416
75,60,0.704425
75,61,0.704746
75,62,0.705216
75,63,0.705877
75,64,0.706671
75,65,0.707439
75,66,0.707973
75,67,0.708092
75,68,0.7077
75,69,0.706805
75,70,0.705511
75,71,0.703967
75,72,0.702322
75,73,0.7007
75,74,0.699196
75,75,0.697888
75,76,0.69683
75,77,0.696075
75,78,0.695658
75,79,0.69561
75,80,0.695951
75,81,0.696688
75,82,0.697796
75,83,0.699194
75,84,0.700735
75,85,0.702216
75,86,0.703413
75,87,0.704151
75,88,0.70435
75,89,0.704049
75,90,0.703393
75,91,0.702575
75,92,0.701778
75,93,0.701128
75,94,0.700686
75,95,0.700468
76,0,0.713734
76,1,0.712589
76,2,0.710432
76,3,0.707521
76,4,0.704222
76,5,0.700955
76,6,0.698131
76,7,0.696066
76,8,0.694915
76,9,0.694631
76,10,0.694984
76,11,0.695625
76,12,0.696183
76,13,0.696358
76,14,0.695994
76,15,0.695101
76,16,0.693834
76,17,0.692425
76,18,0.691104
76,19,0.690025
76,20,0.689235
76,21,0.688674
76,22,0.688231
76,23,0.687805
76,24,0.687359
76,25,0.686942
76,26,0.686664
76,27,0.686663
76,28,0.687031
76,29,0.687789
76,30,0.688881
76,31,0.690194
76,32,0.691595
76,33,0.692992
76,34,0.694354
76,35,0.695731
76,36,0.697227
76,37,0.698948
76,38,0.700945
76,39,0.703158
76,40,0.705421
76,41,0.707498
76,42,0.709155
76,43,0.710252
76,44,0.710767
76,45,0.7108
76,46,0.710508
76,47,0.710032
76,48,0.709449
76,49,0.708765
76,50,0.707953
76,51,0.70702
76,52,0.706029
76,53,0.70511
76,54,0.7044
76,55,0.703991
76,56,0.703884
76,57,0.703993
76,58,0.704203
76,59,0.704426
76,60,0.704648
76,61,0.704943
76,62,0.705403
76,63,0.706079
76,64,0.706931
76,65,0.707812
76,66,0.708525
76,67,0.708883
76,68,0.708773
76,69,0.708175
76,70,0.707157
76,71,0.705836
76,72,0.704333
76,73,0.702761
76,74,0.701219
76,75,0.699806
76,76,0.698605
76,77,0.6977
76,78,0.697153
76,79,0.69701
76,80,0.697298
76,81,0.698019
76,82,0.699142
76,83,0.700586
76,84,0.702206
76,85,0.703802
76,86,0.705158
76,87,0.706095
76,88,0.706522
76,89,0.706461
76,90,0.706032
76,91,0.70541
76,92,0.704765
76,93,0.704222
76,94,0.703844
76,95,0.703656
77,0,0.713644
77,1,0.712516
77,2,0.710413
77,3,0.707624
77,4,0.70454
77,5,0.701589
77,6,0.699159
77,7,0.697517
77,8,0.696749
77,9,0.696739
77,10,0.6972
77,11,0.697749
77,12,0.698017
77,13,0.697736
77,14,0.696811
77,15,0.695333
77,16,0.693538
77,17,0.691732
77,18,0.690194
77,19,0.689095
77,20,0.688467
77,21,0.68821
77,22,0.688157
77,23,0.688148
77,24,0.688095
77,25,0.688007
77,26,0.687974
77,27,0.688123
77,28,0.688554
77,29,0.689302
77,30,0.690332
77,31,0.69155
77,32,0.692844
77,33,0.694123
77,34,0.695351
77,35,0.696565
77,36,0.697855
77,37,0.699321
77,38,0.70103
77,39,0.702955
77,40,0.704977
77,41,0.706913
77,42,0.708573
77,43,0.709832
77,44,0.710657
77,45,0.711112
77,46,0.711295
77,47,0.711286
77,48,0.711106
77,49,0.710721
77,50,0.710085
77,51,0.709199
77,52,0.708139
77,53,0.707054
77,54,0.70611
77,55,0.705427
77,56,0.705034
77,57,0.704868
77,58,0.704825
77,59,0.704824
77,60,0.704855
77,61,0.70499
77,62,0.70533
77,63,0.705938
77,64,0.706789
77,65,0.707751
77,66,0.708629
77,67,0.70923
77,68,0.709413
77,69,0.709126
77,70,0.708398
77,71,0.707311
77,72,0.705966
77,73,0.704473
77,74,0.702945
77,75,0.701502
77,76,0.700254
77,77,0.699306
77,78,0.69873
77,79,0.698572
77,80,0.698847
77,81,0.699546
77,82,0.700633
77,83,0.70203
77,84,0.703608
77,85,0.705192
77,86,0.706587
77,87,0.707631
77,88,0.708234
77,89,0.708402
77,90,0.708232
77,91,0.707867
77,92,0.707452
77,93,0.70709
77,94,0.706837
77,95,0.706712
78,0,0.713585
78,1,0.712486
78,2,0.710459
78,3,0.707821
78,4,0.704985
78,5,0.702375
78,6,0.70035
78,7,0.699123
78,8,0.69871
78,9,0.698931
78,10,0.699453
78,11,0.699879
78,12,0.699853
78,13,0.699152
78,14,0.697742
78,15,0.69578
78,16,0.693568
78,17,0.691462
78,18,0.689765
78,19,0.688658
78,20,0.688153
78,21,0.688117
78,22,0.688342
78,23,0.688623
78,24,0.688836
78,25,0.688964
78,26,0.689078
78,27,0.689302
78,28,0.689738
78,29,0.690435
78,30,0.691377
78,31,0.692485
78,32,0.693659
78,33,0.694812
78,34,0.695898
78,35,0.696939
78,36,0.698009
78,37,0.699206
78,38,0.700606
78,39,0.702218
78,40,0.703972
78,41,0.705739
78,42,0.707373
78,43,0.708774
78,44,0.709905
78,45,0.710796
78,46,0.711499
78,47,0.712036
78,48,0.712376
78,49,0.712444
78,50,0.712161
78,51,0.711512
78,52,0.710561
78,53,0.709458
78,54,0.708375
78,55,0.707452
78,56,0.706743
78,57,0.706215
78,58,0.705795
78,59,0.705426
78,60,0.705118
78,61,0.704955
78,62,0.70505
78,63,0.705483
78,64,0.706242
78,65,0.707211
78,66,0.708198
78,67,0.708999
78,68,0.709449
78,69,0.709456
78,70,0.70901
78,71,0.708161
78,72,0.706996
78,73,0.705623
78,74,0.704173
78,75,0.702789
78,76,0.701603
78,77,0.700729
78,78,0.700234
78,79,0.700148
78,80,0.700461
78,81,0.701146
78,82,0.702157
78,83,0.703425
78,84,0.70485
78,85,0.706294
78,86,0.707606
78,87,0.708653
78,88,0.709358
78,89,0.70972
78,90,0.709808
78,91,0.709728
78,92,0.709588
78,93,0.709458
78,94,0.709371
78,95,0.709331
79,0,0.713535
79,1,0.712478
79,2,0.710551
79,3,0.70809
79,4,0.705515
79,5,0.703241
79,6,0.701589
79,7,0.700717
79,8,0.700581
79,9,0.700949
79,10,0.701461
79,11,0.701724
79,12,0.701412
79,13,0.700348
79,14,0.698552
79,15,0.696232
79,16,0.693728
79,17,0.691418
79,18,0.689616
79,19,0.688494
79,20,0.688049
79,21,0.688124
79,22,0.688487
79,23,0.68891
79,24,0.689248
79,25,0.689469
79,26,0.689638
79,27,0.689877
79,28,0.690295
79,29,0.690949
79,30,0.691834
79,31,0.692881
79,32,0.693992
79,33,0.695072
79,34,0.696063
79,35,0.696965
79,36,0.697838
79,37,0.698774
79,38,0.699862
79,39,0.701143
79,40,0.702595
79,41,0.704146
79,42,0.705697
79,43,0.707177
79,44,0.708555
79,45,0.709842
79,46,0.711054
79,47,0.712164
79,48,0.713097
79,49,0.713733
79,50,0.71396
79,51,0.713728
79,52,0.713072
79,53,0.712119
79,54,0.711028
79,55,0.709942
79,56,0.708934
79,57,0.708008
79,58,0.707132
79,59,0.706288
79,60,0.705518
79,61,0.70493
79,62,0.704656
79,63,0.704791
79,64,0.705343
79,65,0.706208
79,66,0.707206
79,67,0.708124
79,68,0.708775
79,69,0.709033
79,70,0.708849
79,71,0.708242
79,72,0.707281
79,73,0.706076
79,74,0.704772
79,75,0.703532
79,76,0.702502
79,77,0.701796
79,78,0.70147
79,79,0.701522
79,80,0.701914
79,81,0.702591
79,82,0.703498
79,83,0.704578
79,84,0.705765
79,85,0.706972
79,86,0.708099
79,87,0.709059
79,88,0.709797
79,89,0.710309
79,90,0.710638
79,91,0.71085
79,92,0.711005
79,93,0.711133
79,94,0.711235
79,95,0.711294
80,0,0.713535
80,1,0.712538
80,2,0.710734
80,3,0.708465
80,4,0.706145
80,5,0.704165
80,6,0.702807
80,7,0.702179
80,8,0.702189
80,9,0.702578
80,10,0.702981
80,11,0.703027
80,12,0.70243
80,13,0.701061
80,14,0.698982
80,15,0.69643
80,16,0.693758
80,17,0.691342
80,18,0.689485
80,19,0.688343
80,20,0.687899
80,21,0.687987
80,22,0.688363
80,23,0.688795
80,24,0.689133
80,25,0.689345
80,26,0.689499
80,27,0.68972
80,28,0.690124
80,29,0.690779
80,30,0.69168
80,31,0.692757
80,32,0.6939
80,33,0.694998
80,34,0.69597
80,35,0.696794
80,36,0.697512
80,37,0.698211
80,38,0.698994
80,39,0.699931
80,40,0.701047
80,41,0.702323
80,42,0.703711
80,43,0.705177
80,44,0.706706
80,45,0.708303
80,46,0.70996
80,47,0.711619
80,48,0.713164
80,49,0.714438
80,50,0.715288
80,51,0.715621
80,52,0.715428
80,53,0.714792
80,54,0.71384
80,55,0.712701
80,56,0.71146
80,57,0.710153
80,58,0.708794
80,59,0.707417
80,60,0.706103
80,61,0.704993
80,62,0.704241
80,63,0.703961
80,64,0.704181
80,65,0.704818
80,66,0.705704
80,67,0.706629
80,68,0.707393
80,69,0.70784
80,70,0.707888
80,71,0.707522
80,72,0.706791
80,73,0.705799
80,74,0.704698
80,75,0.703663
80,76,0.702847
80,77,0.702361
80,78,0.702241
80,79,0.702457
80,80,0.702936
80,81,0.703599
80,82,0.70438
80,83,0.705237
80,84,0.706138
80,85,0.707052
80,86,0.707937
80,87,0.708755
80,88,0.709481
80,89,0.710111
80,90,0.710664
80,91,0.711163
80,92,0.711619
80,93,0.712016
80,94,0.712316
80,95,0.71248
81,0,0.71367
81,1,0.712747
81,2,0.711084
81,3,0.709011
81,4,0.706918
81,5,0.705161
81,6,0.703981
81,7,0.703443
81,8,0.703435
81,9,0.703688
81,10,0.703859
81,11,0.703615
81,12,0.702719
81,13,0.701087
81,14,0.69881
81,15,0.696134
81,16,0.693402
81,17,0.690967
81,18,0.689106
81,19,0.687956
81,20,0.687487
81,21,0.687527
81,22,0.68784
81,23,0.688196
81,24,0.688457
81,25,0.688597
81,26,0.688696
81,27,0.688891
81,28,0.68931
81,29,0.690024
81,30,0.691025
81,31,0.692231
81,32,0.693511
81,33,0.694724
81,34,0.69576
81,35,0.696572
81,36,0.697185
81,37,0.697683
81,38,0.698177
81,39,0.698767
81,40,0.699519
81,41,0.700464
81,42,0.701607
81,43,0.702955
81,44,0.704519
81,45,0.706313
81,46,0.708318
81,47,0.710457
81,48,0.712585
81,49,0.714511
81,50,0.716042
81,51,0.717036
81,52,0.717429
81,53,0.717247
81,54,0.716569
81,55,0.715496
81,56,0.714112
81,57,0.71248
81,58,0.71066
81,59,0.708738
81,60,0.706846
81,61,0.705159
81,62,0.703856
81,63,0.703075
81,64,0.70286
81,65,0.703153
81,66,0.70381
81,67,0.70463
81,68,0.70541
81,69,0.705979
81,70,0.706221
81,71,0.706089
81,72,0.705605
81,73,0.704859
81,74,0.703996
81,75,0.703193
81,76,0.702605
81,77,0.702335
81,78,0.702402
81,79,0.702755
81,80,0.703291
81,81,0.703911
81,82,0.704543
81,83,0.705157
81,84,0.70576
81,85,0.706369
81,86,0.707
81,87,0.707666
81,88,0.708369
81,89,0.709109
81,90,0.70988
81,91,0.710664
81,92,0.711421
81,93,0.712087
81,94,0.712587
81,95,0.712858
82,0,0.714019
82,1,0.713178
82,2,0.711666
82,3,0.70978
82,4,0.707869
82,5,0.706243
82,6,0.705104
82,7,0.704492
82,8,0.704287
82,9,0.704241
82,10,0.70405
82,11,0.703435
82,12,0.702211
82,13,0.700332
82,14,0.697908
82,15,0.69518
82,16,0.692464
82,17,0.69008
82,18,0.688269
82,19,0.687144
82,20,0.686661
82,21,0.686652
82,22,0.686887
82,23,0.687149
82,24,0.687313
82,25,0.687369
82,26,0.687411
82,27,0.687596
82,28,0.688063
82,29,0.688891
82,30,0.690066
82,31,0.691483
82,32,0.692983
82,33,0.694389
82,34,0.695558
82,35,0.696417
82,36,0.696974
82,37,0.697308
82,38,0.697541
82,39,0.697792
82,40,0.698167
82,41,0.698743
82,42,0.699572
82,43,0.70071
82,44,0.702201
82,45,0.704077
82,46,0.706322
82,47,0.708849
82,48,0.711493
82,49,0.714034
82,50,0.716242
82,51,0.717927
82,52,0.718965
82,53,0.719318
82,54,0.719008
82,55,0.718097
82,56,0.716656
82,57,0.714769
82,58,0.712539
82,59,0.710104
82,60,0.707646
82,61,0.705377
82,62,0.703505
82,63,0.702184
82,64,0.70148
82,65,0.701358
82,66,0.701698
82,67,0.702322
82,68,0.703035
82,69,0.703656
82,70,0.704048
82,71,0.70413
82,72,0.703894
82,73,0.7034
82,74,0.702781
82,75,0.702202
82,76,0.701813
82,77,0.70171
82,78,0.701902
82,79,0.70232
82,80,0.702849
82,81,0.703375
82,82,0.703828
82,83,0.704193
82,84,0.704507
82,85,0.704834
82,86,0.705239
82,87,0.705778
82,88,0.706479
82,89,0.707343
82,90,0.70834
82,91,0.709411
82,92,0.710466
82,93,0.711398
82,94,0.712095
82,95,0.71247
83,0,0.714602
83,1,0.713848
83,2,0.712483
83,3,0.710761
83,4,0.708976
83,5,0.707388
83,6,0.70616
83,7,0.705321
83,8,0.704764
83,9,0.70428
83,10,0.70362
83,11,0.702562
83,12,0.700973
83,13,0.698842
83,14,0.696287
83,15,0.693537
83,16,0.690877
83,17,0.688587
83,18,0.686872
83,19,0.685818
83,20,0.68537
83,21,0.685359
83,22,0.685563
83,23,0.685776
83,24,0.685883
83,25,0.685891
83,26,0.685909
83,27,0.686114
83,28,0.686661
83,29,0.687641
83,30,0.689028
83,31,0.690702
83,32,0.692467
83,33,0.69411
83,34,0.695456
83,35,0.696404
83,36,0.696947
83,37,0.697157
83,38,0.697162
83,39,0.697099
83,40,0.697105
83,41,0.697296
83,42,0.697775
83,43,0.698642
83,44,0.69998
83,45,0.701845
83,46,0.704231
83,47,0.707046
83,48,0.710113
83,49,0.713189
83,50,0.716012
83,51,0.718345
83,52,0.72001
83,53,0.720905
83,54,0.720993
83,55,0.720291
83,56,0.718853
83,57,0.716775
83,58,0.714199
83,59,0.711312
83,60,0.708345
83,61,0.705547
83,62,0.703148
83,63,0.701318
83,64,0.700137
83,65,0.699589
83,66,0.69958
83,67,0.699957
83,68,0.70054
83,69,0.701152
83,70,0.70164
83,71,0.701896
83,72,0.701878
83,73,0.701616
83,74,0.701215
83,75,0.700824
83,76,0.700581
83,77,0.700573
83,78,0.700803
83,79,0.701199
83,80,0.70164
83,81,0.702012
83,82,0.702253
83,83,0.702365
83,84,0.702413
83,85,0.702499
83,86,0.702728
83,87,0.703188
83,88,0.703926
83,89,0.704939
83,90,0.706173
83,91,0.707529
83,92,0.708875
83,93,0.710061
83,94,0.710944
83,95,0.711417
84,0,0.715366
84,1,0.714693
84,2,0.713459
84,3,0.711867
84,4,0.71015
84,5,0.708515
84,6,0.707098
84,7,0.705923
84,8,0.704913
84,9,0.703908
84,10,0.702716
84,11,0.701174
84,12,0.699195
84,13,0.696796
84,14,0.6941
84,15,0.691322
84,16,0.688719
84,17,0.686536
84,18,0.684945
84,19,0.68401
84,20,0.683665
84,21,0.683735
84,22,0.683999
84,23,0.684256
84,24,0.684393
84,25,0.684424
84,26,0.684474
84,27,0.684737
84,28,0.685388
84,29,0.686527
84,30,0.688131
84,31,0.690059
84,32,0.69209
84,33,0.693977
84,34,0.695512
84,35,0.69657
84,36,0.697128
84,37,0.69725
84,38,0.697067
84,39,0.696728
84,40,0.696393
84,41,0.696217
84,42,0.696343
84,43,0.696918
84,44,0.698061
84,45,0.699854
84,46,0.702301
84,47,0.705311
84,48,0.708694
84,49,0.712191
84,50,0.715513
84,51,0.718386
84,52,0.720584
84,53,0.721953
84,54,0.722397
84,55,0.721893
84,56,0.720479
84,57,0.718258
84,58,0.715404
84,59,0.712152
84,60,0.708774
84,61,0.705553
84,62,0.702735
84,63,0.700496
84,64,0.698921
84,65,0.698004
84,66,0.697671
84,67,0.697792
84,68,0.698209
84,69,0.698756
84,70,0.699274
84,71,0.69964
84,72,0.699781
84,73,0.6997
84,74,0.699469
84,75,0.699216
84,76,0.699059
84,77,0.699077
84,78,0.699267
84,79,0.69956
84,80,0.699841
84,81,0.700006
84,82,0.700009
84,83,0.699871
84,84,0.699684
84,85,0.699578
84,86,0.699687
84,87,0.700121
84,88,0.700934
84,89,0.702115
84,90,0.703584
84,91,0.705208
84,92,0.706818
84,93,0.708229
84,94,0.709275
84,95,0.709833
85,0,0.71617
85,1,0.715563
85,2,0.714432
85,3,0.712927
85,4,0.711225
85,5,0.709487
85,6,0.707827
85,7,0.706277
85,8,0.704792
85,9,0.703262
85,10,0.70155
85,11,0.699541
85,12,0.697182
85,13,0.694511
85,14,0.691654
85,15,0.688816
85,16,0.686239
85,17,0.684144
85,18,0.682682
85,19,0.681902
85,20,0.681724
85,21,0.681965
85,22,0.682398
85,23,0.682812
85,24,0.683087
85,25,0.683233
85,26,0.68338
85,27,0.683736
85,28,0.684495
85,29,0.685775
85,30,0.687559
85,31,0.6897
85,32,0.691959
85,33,0.694061
85,34,0.695772
85,35,0.696944
85,36,0.697535
85,37,0.6976
85,38,0.697268
85,39,0.696697
85,40,0.696067
85,41,0.695562
85,42,0.695365
85,43,0.69566
85,44,0.696601
85,45,0.698288
85,46,0.700735
85,47,0.703849
85,48,0.707431
85,49,0.711208
85,50,0.714873
85,51,0.718125
85,52,0.720704
85,53,0.722413
85,54,0.723116
85,55,0.722756
85,56,0.721354
85,57,0.719025
85,58,0.71597
85,59,0.712461
85,60,0.708809
85,61,0.705318
85,62,0.70224
85,63,0.699748
85,64,0.697916
85,65,0.696739
85,66,0.696151
85,67,0.69604
85,68,0.696273
85,69,0.696702
85,70,0.697177
85,71,0.697567
85,72,0.697788
85,73,0.697815
85,74,0.697697
85,75,0.69753
85,76,0.697414
85,77,0.69741
85,78,0.697513
85,79,0.697655
85,80,0.697733
85,81,0.697664
85,82,0.697421
85,83,0.69705
85,84,0.696667
85,85,0.696421
85,86,0.696466
85,87,0.696919
85,88,0.697831
85,89,0.699177
85,90,0.700853
85,91,0.702697
85,92,0.704512
85,93,0.70609
85,94,0.707254
85,95,0.707871
86,0,0.716811
86,1,0.716251
86,2,0.715186
86,3,0.713726
86,4,0.712002
86,5,0.710141
86,6,0.708247
86,7,0.706362
86,8,0.704473
86,9,0.70251
86,10,0.700375
86,11,0.697983
86,12,0.695304
86,13,0.692383
86,14,0.689351
86,15,0.686415
86,16,0.683811
86,17,0.681759
86,18,0.680404
86,19,0.679787
86,20,0.679819
86,21,0.680309
86,22,0.681009
86,23,0.68169
86,24,0.682209
86,25,0.682559
86,26,0.682863
86,27,0.683335
86,28,0.684188
86,29,0.685565
86,30,0.687464
86,31,0.689746
86,32,0.692166
86,33,0.694431
86,34,0.696286
86,35,0.69756
86,36,0.698191
86,37,0.698222
86,38,0.697777
86,39,0.697019
86,40,0.696143
86,41,0.695361
86,42,0.694886
86,43,0.694933
86,44,0.69568
86,45,0.697241
86,46,0.699634
86,47,0.702759
86,48,0.706413
86,49,0.710311
86,50,0.714137
86,51,0.717577
86,52,0.720351
86,53,0.722237
86,54,0.723073
86,55,0.722781
86,56,0.721375
86,57,0.718977
86,58,0.715813
86,59,0.712183
86,60,0.708422
86,61,0.704846
86,62,0.7017
86,63,0.699137
86,64,0.697211
86,65,0.695902
86,66,0.695143
86,67,0.694836
86,68,0.694873
86,69,0.695131
86,70,0.695481
86,71,0.695804
86,72,0.696013
86,73,0.696073
86,74,0.69601
86,75,0.695892
86,76,0.695794
86,77,0.695755
86,78,0.695758
86,79,0.69574
86,80,0.695614
86,81,0.695318
86,82,0.694853
86,83,0.69429
86,84,0.693765
86,85,0.693442
86,86,0.693477
86,87,0.693983
86,88,0.695
86,89,0.696481
86,90,0.6983
86,91,0.700276
86,92,0.702197
86,93,0.703852
86,94,0.705062
86,95,0.705701
87,0,0.71705
87,1,0.716513
87,2,0.715479
87,3,0.714032
87,4,0.712276
87,5,0.710322
87,6,0.708269
87,7,0.706173
87,8,0.704042
87,9,0.70183
87,10,0.699454
87,11,0.696836
87,12,0.693949
87,13,0.690837
87,14,0.687638
87,15,0.684567
87,16,0.681878
87,17,0.679805
87,18,0.678509
87,19,0.678036
87,20,0.678294
87,21,0.679077
87,22,0.680116
87,23,0.681146
87,24,0.68199
87,25,0.682609
87,26,0.683109
87,27,0.683701
87,28,0.684616
87,29,0.686025
87,30,0.687955
87,31,0.690289
87,32,0.692788
87,33,0.695154
87,34,0.697112
87,35,0.69847
87,36,0.699144
87,37,0.699159
87,38,0.69863
87,39,0.697725
87,40,0.696651
87,41,0.69564
87,42,0.69493
87,43,0.694758
87,44,0.695316
87,45,0.696724
87,46,0.698998
87,47,0.702032
87,48,0.705618
87,49,0.709467
87,50,0.713264
87,51,0.716694
87,52,0.719475
87,53,0.721376
87,54,0.722226
87,55,0.721939
87,56,0.720529
87,57,0.718126
87,58,0.714971
87,59,0.71138
87,60,0.707698
87,61,0.704233
87,62,0.701211
87,63,0.698755
87,64,0.696884
87,65,0.695556
87,66,0.694697
87,67,0.694219
87,68,0.69404
87,69,0.694071
87,70,0.694218
87,71,0.694386
87,72,0.694503
87,73,0.694531
87,74,0.69448
87,75,0.694392
87,76,0.69431
87,77,0.694247
87,78,0.694171
87,79,0.69402
87,80,0.693723
87,81,0.693244
87,82,0.692614
87,83,0.69193
87,84,0.691341
87,85,0.691015
87,86,0.691099
87,87,0.691688
87,88,0.692797
87,89,0.694356
87,90,0.696221
87,91,0.698202
87,92,0.700093
87,93,0.701696
87,94,0.702855
87,95,0.703463
88,0,0.716662
88,1,0.71613
88,2,0.715102
88,3,0.713656
88,4,0.711891
88,5,0.70992
88,6,0.707846
88,7,0.705736
88,8,0.703602
88,9,0.701396
88,10,0.699027
88,11,0.696397
88,12,0.693461
88,13,0.690253
88,14,0.686916
88,15,0.683689
88,16,0.680858
88,17,0.678696
88,18,0.677396
88,19,0.677022
88,20,0.677488
88,21,0.678574
88,22,0.679979
88,23,0.6814
88,24,0.682612
88,25,0.683531
88,26,0.684237
88,27,0.684932
88,28,0.685861
88,29,0.687229
88,30,0.689102
88,31,0.691396
88,32,0.693894
88,33,0.696298
88,34,0.698322
88,35,0.699748
88,36,0.700466
88,37,0.70048
88,38,0.699894
88,39,0.698873
88,40,0.697636
88,41,0.696428
88,42,0.695508
88,43,0.695123
88,44,0.695474
88,45,0.69668
88,46,0.698749
88,47,0.701574
88,48,0.704942
88,49,0.708574
88,50,0.712161
88,51,0.715404
88,52,0.71803
88,53,0.719818
88,54,0.720601
88,55,0.720295
88,56,0.71892
88,57,0.716609
88,58,0.713608
88,59,0.710233
88,60,0.706818
88,61,0.703649
88,62,0.700917
88,63,0.698704
88,64,0.696993
88,65,0.695716
88,66,0.694788
88,67,0.694136
88,68,0.693709
88,69,0.693459
88,70,0.693336
88,71,0.693283
88,72,0.69325
88,73,0.693207
88,74,0.693148
88,75,0.693088
88,76,0.693035
88,77,0.692972
88,78,0.692851
88,79,0.692609
88,80,0.692195
88,81,0.691602
88,82,0.690891
88,83,0.690181
88,84,0.689628
88,85,0.689389
88,86,0.68959
88,87,0.690289
88,88,0.691469
88,89,0.693032
88,90,0.694822
88,91,0.696656
88,92,0.698353
88,93,0.699754
88,94,0.700748
88,95,0.701262
89,0,0.715491
89,1,0.714953
89,2,0.713922
89,3,0.71249
89,4,0.710774
89,5,0.708903
89,6,0.706993
89,7,0.70511
89,8,0.703254
89,9,0.70135
89,10,0.699268
89,11,0.696865
89,12,0.69406
89,13,0.69087
89,14,0.687445
89,15,0.684056
89,16,0.68104
89,17,0.678724
89,18,0.67735
89,19,0.677017
89,20,0.677647
89,21,0.679009
89,22,0.680771
89,23,0.682581
89,24,0.68416
89,25,0.685375
89,26,0.686269
89,27,0.687031
89,28,0.687921
89,29,0.689177
89,30,0.690912
89,31,0.693088
89,32,0.695516
89,33,0.697908
89,34,0.699967
89,35,0.70145
89,36,0.702218
89,37,0.702248
89,38,0.701626
89,39,0.700514
89,40,0.699134
89,41,0.697743
89,42,0.69661
89,43,0.695992
89,44,0.696088
89,45,0.697015
89,46,0.698776
89,47,0.701262
89,48,0.704267
89,49,0.707526
89,50,0.710752
89,51,0.713668
89,52,0.716028
89,53,0.717628
89,54,0.718315
89,55,0.718016
89,56,0.716754
89,57,0.714661
89,58,0.711974
89,59,0.70899
89,60,0.706011
89,61,0.703286
89,62,0.70096
89,63,0.69907
89,64,0.697562
89,65,0.696347
89,66,0.695337
89,67,0.69448
89,68,0.69376
89,69,0.693183
89,70,0.692746
89,71,0.692437
89,72,0.692234
89,73,0.69211
89,74,0.692046
89,75,0.692024
89,76,0.692015
89,77,0.691972
89,78,0.691832
89,79,0.691538
89,80,0.691062
89,81,0.690429
89,82,0.68973
89,83,0.6891
89,84,0.688693
89,85,0.688641
89,86,0.68903
89,87,0.68987
89,88,0.691098
89,89,0.692588
89,90,0.694179
89,91,0.69571
89,92,0.697044
89,93,0.69809
89,94,0.698801
89,95,0.699158
90,0,0.713515
90,1,0.712971
90,2,0.711945
90,3,0.710562
90,4,0.708975
90,5,0.707342
90,6,0.705792
90,7,0.704382
90,8,0.703081
90,9,0.701764
90,10,0.700234
90,11,0.698285
90,12,0.695786
90,13,0.692729
90,14,0.689276
90,15,0.685735
90,16,0.682506
90,17,0.679986
90,18,0.678478
90,19,0.678123
90,20,0.678858
90,21,0.680444
90,22,0.682516
90,23,0.684674
90,24,0.686582
90,25,0.688056
90,26,0.689098
90,27,0.689883
90,28,0.690682
90,29,0.691768
90,30,0.693305
90,31,0.695305
90,32,0.697613
90,33,0.699958
90,34,0.702035
90,35,0.703575
90,36,0.704404
90,37,0.704467
90,38,0.703829
90,39,0.702643
90,40,0.701129
90,41,0.699551
90,42,0.698185
90,43,0.69729
90,44,0.697066
90,45,0.697624
90,46,0.698968
90,47,0.700994
90,48,0.70351
90,49,0.706275
90,50,0.709032
90,51,0.711537
90,52,0.713575
90,53,0.714967
90,54,0.715582
90,55,0.715355
90,56,0.714312
90,57,0.712572
90,58,0.710348
90,59,0.707901
90,60,0.705486
90,61,0.703297
90,62,0.701432
90,63,0.699881
90,64,0.698562
90,65,0.69737
90,66,0.69623
90,67,0.695116
90,68,0.694061
90,69,0.693124
90,70,0.692358
90,71,0.691794
90,72,0.691432
90,73,0.691246
90,74,0.691196
90,75,0.691225
90,76,0.69127
90,77,0.691254
90,78,0.691104
90,79,0.690778
90,80,0.690278
90,81,0.689665
90,82,0.68906
90,83,0.688608
90,84,0.688448
90,85,0.688675
90,86,0.689318
90,87,0.690327
90,88,0.691586
90,89,0.692937
90,90,0.694223
90,91,0.695315
90,92,0.696145
90,93,0.696704
90,94,0.697031
90,95,0.697176
91,0,0.710884
91,1,0.71034
91,2,0.70934
91,3,0.708051
91,4,0.706676
91,5,0.705406
91,6,0.704384
91,7,0.703649
91,8,0.703123
91,9,0.70261
91,10,0.701832
91,11,0.700507
91,12,0.698447
91,13,0.695616
91,14,0.692187
91,15,0.688515
91,16,0.685066
91,17,0.682314
91,18,0.680629
91,19,0.680197
91,20,0.680978
91,21,0.682724
91,22,0.68504
91,23,0.687479
91,24,0.689655
91,25,0.69133
91,26,0.692471
91,27,0.693237
91,28,0.693907
91,29,0.69479
91,30,0.696097
91,31,0.69789
91,32,0.700055
91,33,0.702337
91,34,0.704426
91,35,0.706026
91,36,0.706928
91,37,0.707043
91,38,0.706408
91,39,0.70516
91,40,0.703517
91,41,0.701741
91,42,0.700115
91,43,0.698897
91,44,0.698288
91,45,0.698399
91,46,0.699239
91,47,0.700715
91,48,0.702658
91,49,0.704858
91,50,0.707094
91,51,0.70916
91,52,0.710873
91,53,0.712085
91,54,0.712683
91,55,0.71261
91,56,0.711887
91,57,0.710612
91,58,0.708961
91,59,0.707143
91,60,0.705355
91,61,0.703734
91,62,0.702323
91,63,0.701076
91,64,0.699888
91,65,0.698657
91,66,0.697325
91,67,0.695907
91,68,0.694488
91,69,0.693186
91,70,0.692105
91,71,0.691315
91,72,0.690832
91,73,0.69062
91,74,0.690608
91,75,0.690702
91,76,0.690797
91,77,0.690796
91,78,0.690627
91,79,0.690268
91,80,0.689759
91,81,0.689202
91,82,0.688746
91,83,0.688541
91,84,0.6887
91,85,0.689271
91,86,0.690215
91,87,0.691413
91,88,0.692691
91,89,0.693861
91,90,0.694772
91,91,0.695339
91,92,0.695572
91,93,0.69556
91,94,0.69544
91,95,0.69534
92,0,0.707923
92,1,0.707388
92,2,0.706435
92,3,0.705279
92,4,0.704172
92,5,0.703343
92,6,0.702944
92,7,0.702991
92,8,0.703349
92,9,0.703745
92,10,0.703814
92,11,0.703193
92,12,0.701636
92,13,0.699082
92,14,0.695716
92,15,0.691938
92,16,0.688282
92,17,0.685297
92,18,0.683418
92,19,0.682878
92,20,0.683655
92,21,0.685497
92,22,0.687983
92,23,0.690629
92,24,0.692999
92,25,0.694813
92,26,0.696007
92,27,0.696723
92,28,0.697249
92,29,0.697923
92,30,0.698999
92,31,0.700586
92,32,0.702606
92,33,0.704824
92,34,0.706924
92,35,0.708589
92,36,0.709573
92,37,0.709752
92,38,0.709133
92,39,0.707836
92,40,0.706069
92,41,0.704094
92,42,0.702193
92,43,0.700627
92,44,0.699599
92,45,0.699225
92,46,0.699522
92,47,0.700416
92,48,0.701766
92,49,0.703394
92,50,0.705118
92,51,0.706769
92,52,0.708199
92,53,0.709283
92,54,0.709925
92,55,0.710073
92,56,0.709736
92,57,0.708983
92,58,0.707946
92,59,0.706776
92,60,0.705609
92,61,0.704521
92,62,0.70351
92,63,0.702499
92,64,0.701373
92,65,0.700041
92,66,0.698473
92,67,0.696728
92,68,0.694947
92,69,0.693303
92,70,0.691948
92,71,0.690981
92,72,0.690422
92,73,0.690222
92,74,0.69027
92,75,0.69043
92,76,0.690565
92,77,0.69056
92,78,0.69035
92,79,0.689944
92,80,0.689423
92,81,0.688933
92,82,0.688645
92,83,0.688711
92,84,0.689216
92,85,0.690152
92,86,0.691411
92,87,0.692801
92,88,0.694092
92,89,0.695067
92,90,0.695584
92,91,0.695606
92,92,0.695222
92,93,0.694624
92,94,0.694045
92,95,0.693693
93,0,0.705077
93,1,0.704558
93,2,0.703665
93,3,0.702655
93,4,0.701827
93,5,0.701443
93,6,0.70166
93,7,0.702468
93,8,0.703678
93,9,0.704944
93,10,0.705821
93,11,0.70587
93,12,0.704796
93,13,0.702517
93,14,0.69923
93,15,0.695375
93,16,0.691545
93,17,0.688353
93,18,0.686292
93,19,0.685635
93,20,0.686378
93,21,0.688267
93,22,0.690859
93,23,0.693638
93,24,0.696135
93,25,0.698035
93,26,0.699246
93,27,0.6999
93,28,0.700291
93,29,0.700778
93,30,0.701652
93,31,0.70306
93,32,0.704955
93,33,0.707117
93,34,0.709231
93,35,0.710958
93,36,0.712022
93,37,0.712267
93,38,0.711673
93,39,0.710338
93,40,0.708463
93,41,0.706304
93,42,0.704145
93,43,0.70225
93,44,0.700824
93,45,0.69999
93,46,0.699779
93,47,0.700135
93,48,0.700944
93,49,0.702063
93,50,0.703342
93,51,0.704645
93,52,0.705855
93,53,0.706866
93,54,0.707594
93,55,0.707985
93,56,0.708035
93,57,0.707783
93,58,0.707315
93,59,0.706729
93,60,0.706103
93,61,0.705462
93,62,0.704764
93,63,0.703913
93,64,0.702792
93,65,0.701325
93,66,0.699515
93,67,0.697463
93,68,0.695361
93,69,0.693428
93,70,0.691857
93,71,0.690766
93,72,0.690175
93,73,0.69001
93,74,0.690126
93,75,0.690347
93,76,0.690507
93,77,0.690479
93,78,0.690213
93,79,0.689748
93,80,0.689208
93,81,0.688774
93,82,0.688641
93,83,0.688959
93,84,0.689783
93,85,0.691054
93,86,0.6926
93,87,0.694164
93,88,0.695465
93,89,0.696262
93,90,0.696422
93,91,0.695951
93,92,0.695012
93,93,0.693885
93,94,0.692894
93,95,0.692316
94,0,0.70283
94,1,0.702329
94,2,0.70149
94,3,0.700605
94,4,0.700009
94,5,0.699986
94,6,0.700697
94,7,0.70211
94,8,0.703993
94,9,0.705943
94,10,0.707451
94,11,0.708025
94,12,0.707331
94,13,0.705272
94,14,0.702054
94,15,0.698149
94,16,0.694193
94,17,0.690847
94,18,0.688646
94,19,0.687892
94,20,0.688594
94,21,0.690497
94,22,0.693145
94,23,0.696001
94,24,0.69857
94,25,0.700514
94,26,0.701724
94,27,0.702323
94,28,0.702611
94,29,0.70296
94,30,0.703685
94,31,0.704962
94,32,0.706765
94,33,0.708889
94,34,0.711014
94,35,0.712791
94,36,0.71392
94,37,0.71422
94,38,0.713649
94,39,0.71229
94,40,0.710333
94,41,0.708032
94,42,0.705671
94,43,0.703515
94,44,0.701775
94,45,0.700579
94,46,0.699972
94,47,0.699912
94,48,0.70031
94,49,0.701046
94,50,0.701997
94,51,0.703053
94,52,0.704116
94,53,0.705095
94,54,0.705914
94,55,0.706514
94,56,0.706879
94,57,0.707022
94,58,0.706993
94,59,0.706848
94,60,0.706621
94,61,0.706299
94,62,0.705813
94,63,0.705056
94,64,0.703911
94,65,0.702319
94,66,0.700309
94,67,0.698017
94,68,0.695673
94,69,0.693532
94,70,0.691813
94,71,0.690647
94,72,0.690049
94,73,0.689925
94,74,0.690101
94,75,0.690368
94,76,0.69054
94,77,0.690485
94,78,0.690164
94,79,0.689643
94,80,0.689078
94,81,0.688682
94,82,0.688665
94,83,0.689175
94,84,0.690243
94,85,0.691769
94,86,0.693534
94,87,0.69523
94,88,0.696539
94,89,0.697201
94,90,0.69709
94,91,0.696247
94,92,0.694889
94,93,0.693364
94,94,0.692062
94,95,0.691313
95,0,0.701592
95,1,0.701101
95,2,0.700295
95,3,0.699483
95,4,0.699019
95,5,0.699199
95,6,0.700184
95,7,0.701932
95,8,0.704186
95,9,0.706511
95,10,0.708365
95,11,0.709227
95,12,0.708742
95,13,0.706804
95,14,0.703627
95,15,0.699697
95,16,0.695675
95,17,0.692246
95,18,0.68997
95,19,0.689161
95,20,0.689837
95,21,0.691742
95,22,0.694413
95,23,0.697302
95,24,0.699902
95,25,0.701863
95,26,0.703069
95,27,0.703637
95,28,0.703868
95,29,0.704143
95,30,0.704791
95,31,0.705998
95,32,0.707752
95,33,0.709856
95,34,0.711988
95,35,0.713793
95,36,0.714958
95,37,0.71529
95,38,0.714732
95,39,0.713361
95,40,0.711361
95,41,0.708982
95,42,0.706509
95,43,0.704209
95,44,0.702295
95,45,0.7009
95,46,0.700075
95,47,0.699789
95,48,0.699964
95,49,0.700495
95,50,0.701273
95,51,0.702201
95,52,0.703192
95,53,0.704162
95,54,0.705037
95,55,0.705758
95,56,0.7063
95,57,0.70666
95,58,0.706871
95,59,0.706963
95,60,0.706947
95,61,0.70679
95,62,0.706411
95,63,0.705694
95,64,0.704527
95,65,0.702861
95,66,0.700738
95,67,0.698315
95,68,0.695841
95,69,0.693591
95,70,0.691797
95,71,0.690597
95,72,0.690002
95,73,0.689905
95,74,0.690114
95,75,0.690406
95,76,0.690582
95,77,0.690508
95,78,0.690152
95,79,0.689596
95,80,0.689015
95,81,0.688637
95,82,0.688682
95,83,0.689294
95,84,0.690494
95,85,0.692159
95,86,0.694041
95,87,0.695808
95,88,0.697122
95,89,0.69771
95,90,0.697454
95,91,0.696411
95,92,0.694828
95,93,0.693088
95,94,0.691619
95,95,0.690779
