fy,fx,density
0,0,0.694044
0,1,0.692928
0,2,0.690839
0,3,0.688058
0,4,0.684973
0,5,0.682053
0,6,0.679775
0,7,0.678556
0,8,0.678666
0,9,0.680174
0,10,0.682914
0,11,0.686499
0,12,0.690403
0,13,0.694045
0,14,0.696925
0,15,0.698726
0,16,0.699374
0,17,0.699024
0,18,0.697993
0,19,0.696646
0,20,0.695284
0,21,0.694065
0,22,0.692998
0,23,0.691982
0,24,0.690881
0,25,0.689601
0,26,0.688131
0,27,0.686569
0,28,0.685099
0,29,0.683933
0,30,0.683275
0,31,0.683237
0,32,0.683833
0,33,0.684966
0,34,0.686453
0,35,0.68809
0,36,0.689706
0,37,0.691203
0,38,0.69257
0,39,0.693858
0,40,0.695149
0,41,0.696509
0,42,0.697966
0,43,0.699489
0,44,0.701013
0,45,0.70245
0,46,0.70374
0,47,0.704863
0,48,0.705871
0,49,0.706857
0,50,0.707934
0,51,0.709156
0,52,0.710463
0,53,0.711655
0,54,0.712407
0,55,0.712341
0,56,0.711128
0,57,0.708575
0,58,0.704711
0,59,0.699801
0,60,0.6943
0,61,0.688782
0,62,0.68385
0,63,0.680045
0,64,0.677785
0,65,0.677304
0,66,0.678617
0,67,0.681515
0,68,0.68556
0,69,0.69016
0,70,0.694672
0,71,0.698527
0,72,0.701349
0,73,0.703023
0,74,0.703683
0,75,0.703623
0,76,0.703187
0,77,0.702657
0,78,0.702204
0,79,0.70188
0,80,0.70166
0,81,0.701493
0,82,0.701357
0,83,0.701286
0,84,0.701386
0,85,0.70183
0,86,0.702844
0,87,0.704674
0,88,0.707518
0,89,0.711452
0,90,0.716374
0,91,0.721949
0,92,0.727641
0,93,0.73278
0,94,0.736683
0,95,0.738792
1,0,0.694468
1,1,0.6934
1,2,0.691402
1,3,0.688746
1,4,0.685806
1,5,0.683035
1,6,0.680892
1,7,0.679772
1,8,0.679929
1,9,0.68142
1,10,0.684076
1,11,0.687519
1,12,0.691237
1,13,0.694673
1,14,0.697352
1,15,0.698975
1,16,0.699484
1,17,0.699045
1,18,0.697977
1,19,0.696641
1,20,0.695331
1,21,0.694196
1,22,0.693231
1,23,0.692322
1,24,0.691317
1,25,0.690112
1,26,0.688691
1,27,0.687148
1,28,0.685669
1,29,0.684475
1,30,0.683773
1,31,0.683686
1,32,0.684235
1,33,0.68533
1,34,0.686795
1,35,0.688427
1,36,0.690057
1,37,0.69158
1,38,0.692977
1,39,0.694289
1,40,0.695585
1,41,0.696926
1,42,0.698332
1,43,0.699779
1,44,0.701209
1,45,0.702546
1,46,0.703742
1,47,0.704788
1,48,0.70574
1,49,0.706697
1,50,0.707764
1,51,0.708993
1,52,0.710319
1,53,0.711537
1,54,0.712326
1,55,0.712309
1,56,0.71116
1,57,0.708688
1,58,0.704922
1,59,0.700121
1,60,0.694732
1,61,0.689319
1,62,0.684471
1,63,0.680715
1,64,0.678454
1,65,0.677912
1,66,0.679099
1,67,0.681808
1,68,0.685619
1,69,0.689964
1,70,0.694233
1,71,0.697888
1,72,0.700577
1,73,0.702199
1,74,0.702882
1,75,0.702909
1,76,0.702601
1,77,0.702219
1,78,0.701914
1,79,0.701726
1,80,0.701622
1,81,0.701548
1,82,0.701484
1,83,0.701461
1,84,0.701589
1,85,0.702038
1,86,0.703033
1,87,0.704816
1,88,0.707582
1,89,0.711405
1,90,0.716185
1,91,0.721596
1,92,0.727119
1,93,0.732102
1,94,0.735886
1,95,0.73793
2,0,0.695198
2,1,0.694216
2,2,0.692382
2,3,0.689953
2,4,0.687279
2,5,0.684783
2,6,0.682888
2,7,0.681951
2,8,0.682194
2,9,0.683652
2,10,0.686151
2,11,0.689328
2,12,0.692702
2,13,0.695758
2,14,0.698066
2,15,0.699369
2,16,0.699635
2,17,0.699047
2,18,0.697926
2,19,0.696626
2,20,0.695428
2,21,0.694458
2,22,0.693687
2,23,0.692974
2,24,0.692144
2,25,0.691074
2,26,0.689736
2,27,0.688223
2,28,0.686727
2,29,0.685479
2,30,0.6847
2,31,0.684527
2,32,0.684997
2,33,0.686031
2,34,0.687462
2,35,0.689093
2,36,0.690751
2,37,0.692322
2,38,0.693769
2,39,0.695115
2,40,0.696409
2,41,0.697699
2,42,0.699002
2,43,0.700302
2,44,0.701557
2,45,0.702713
2,46,0.703744
2,47,0.704662
2,48,0.705531
2,49,0.706449
2,50,0.707516
2,51,0.708769
2,52,0.710134
2,53,0.711403
2,54,0.712255
2,55,0.712321
2,56,0.711283
2,57,0.708955
2,58,0.705366
2,59,0.700766
2,60,0.695588
2,61,0.690372
2,62,0.685683
2,63,0.682019
2,64,0.679756
2,65,0.679095
2,66,0.680039
2,67,0.682389
2,68,0.685755
2,69,0.689619
2,70,0.693429
2,71,0.696707
2,72,0.699148
2,73,0.700669
2,74,0.701395
2,75,0.701582
2,76,0.701509
2,77,0.701396
2,78,0.701359
2,79,0.701415
2,80,0.701521
2,81,0.70162
2,82,0.701691
2,83,0.701767
2,84,0.701955
2,85,0.702423
2,86,0.703387
2,87,0.705081
2,88,0.707689
2,89,0.711284
2,90,0.71577
2,91,0.720841
2,92,0.726009
2,93,0.730667
2,94,0.734201
2,95,0.736109
3,0,0.696047
3,1,0.695173
3,2,0.693546
3,3,0.691405
3,4,0.689071
3,5,0.686929
3,6,0.685353
3,7,0.684653
3,8,0.685005
3,9,0.686413
3,10,0.6887
3,11,0.69152
3,12,0.694437
3,13,0.696997
3,14,0.698829
3,15,0.699731
3,16,0.699709
3,17,0.698961
3,18,0.697811
3,19,0.696598
3,20,0.695577
3,21,0.694846
3,22,0.69434
3,23,0.693885
3,24,0.693278
3,25,0.692373
3,26,0.691133
3,27,0.689652
3,28,0.688129
3,29,0.686814
3,30,0.685944
3,31,0.685676
3,32,0.686062
3,33,0.687036
3,34,0.688442
3,35,0.690084
3,36,0.691784
3,37,0.693413
3,38,0.694911
3,39,0.696276
3,40,0.697538
3,41,0.698731
3,42,0.699873
3,43,0.700963
3,44,0.701984
3,45,0.702913
3,46,0.703755
3,47,0.704538
3,48,0.705339
3,49,0.706248
3,50,0.707348
3,51,0.708658
3,52,0.710087
3,53,0.711422
3,54,0.712346
3,55,0.712503
3,56,0.711592
3,57,0.709439
3,58,0.706075
3,59,0.701739
3,60,0.696843
3,61,0.691896
3,62,0.687424
3,63,0.683884
3,64,0.681614
3,65,0.680788
3,66,0.681395
3,67,0.68325
3,68,0.686006
3,69,0.689212
3,70,0.692398
3,71,0.695166
3,72,0.69727
3,73,0.698654
3,74,0.699435
3,75,0.699827
3,76,0.700056
3,77,0.700286
3,78,0.700589
3,79,0.700955
3,80,0.701329
3,81,0.701654
3,82,0.701911
3,83,0.702134
3,84,0.702422
3,85,0.702933
3,86,0.703865
3,87,0.705433
3,88,0.707805
3,89,0.711046
3,90,0.71507
3,91,0.719603
3,92,0.72421
3,93,0.728353
3,94,0.731492
3,95,0.733185
4,0,0.69682
4,1,0.696057
4,2,0.694644
4,3,0.692803
4,4,0.690828
4,5,0.68906
4,6,0.687825
4,7,0.687372
4,8,0.687829
4,9,0.689168
4,10,0.691204
4,11,0.693617
4,12,0.696026
4,13,0.698043
4,14,0.699373
4,15,0.699872
4,16,0.699586
4,17,0.698728
4,18,0.697616
4,19,0.696564
4,20,0.695792
4,21,0.695359
4,22,0.695164
4,23,0.694994
4,24,0.694619
4,25,0.693879
4,26,0.692731
4,27,0.691275
4,28,0.689726
4,29,0.68835
4,30,0.687404
4,31,0.687063
4,32,0.687392
4,33,0.688336
4,34,0.689743
4,35,0.691416
4,36,0.693164
4,37,0.694841
4,38,0.696362
4,39,0.697702
4,40,0.698872
4,41,0.699903
4,42,0.700822
4,43,0.701654
4,44,0.702412
4,45,0.703111
4,46,0.703783
4,47,0.704476
4,48,0.705266
4,49,0.706229
4,50,0.707421
4,51,0.708832
4,52,0.71035
4,53,0.711754
4,54,0.712737
4,55,0.712966
4,56,0.712164
4,57,0.710179
4,58,0.70705
4,59,0.703006
4,60,0.698432
4,61,0.693798
4,62,0.689581
4,63,0.686189
4,64,0.683912
4,65,0.682889
4,66,0.683099
4,67,0.684375
4,68,0.686418
4,69,0.688858
4,70,0.691321
4,71,0.693499
4,72,0.695214
4,73,0.696438
4,74,0.697274
4,75,0.697888
4,76,0.69844
4,77,0.699033
4,78,0.699691
4,79,0.700381
4,80,0.701041
4,81,0.701619
4,82,0.702099
4,83,0.702513
4,84,0.702945
4,85,0.70353
4,86,0.704436
4,87,0.705844
4,88,0.707898
4,89,0.710652
4,90,0.714036
4,91,0.717821
4,92,0.721648
4,93,0.725077
4,94,0.727667
4,95,0.729062
5,0,0.697394
5,1,0.696728
5,2,0.695502
5,3,0.693927
5,4,0.692272
5,5,0.690839
5,6,0.689904
5,7,0.68966
5,8,0.690187
5,9,0.691424
5,10,0.693185
5,11,0.695183
5,12,0.69709
5,13,0.698595
5,14,0.699477
5,15,0.699649
5,16,0.699193
5,17,0.698331
5,18,0.697359
5,19,0.696558
5,20,0.696104
5,21,0.696011
5,22,0.696137
5,23,0.696243
5,24,0.696079
5,25,0.695479
5,26,0.694405
5,27,0.692973
5,28,0.691414
5,29,0.690013
5,30,0.689042
5,31,0.688686
5,32,0.689018
5,33,0.689982
5,34,0.691426
5,35,0.693143
5,36,0.694928
5,37,0.696615
5,38,0.698097
5,39,0.699331
5,40,0.700324
5,41,0.701112
5,42,0.701747
5,43,0.702285
5,44,0.70278
5,45,0.70328
5,46,0.703843
5,47,0.704526
5,48,0.705394
5,49,0.706495
5,50,0.707849
5,51,0.709407
5,52,0.711034
5,53,0.712499
5,54,0.713512
5,55,0.713769
5,56,0.71303
5,57,0.711175
5,58,0.708256
5,59,0.704496
5,60,0.700252
5,61,0.695949
5,62,0.692007
5,63,0.688777
5,64,0.686499
5,65,0.685274
5,66,0.685069
5,67,0.685737
5,68,0.687035
5,69,0.688677
5,70,0.690388
5,71,0.691955
5,72,0.693268
5,73,0.694324
5,74,0.695207
5,75,0.69603
5,76,0.696884
5,77,0.697809
5,78,0.698789
5,79,0.699772
5,80,0.700702
5,81,0.701535
5,82,0.702261
5,83,0.702901
5,84,0.703518
5,85,0.704206
5,86,0.705089
5,87,0.706301
5,88,0.707953
5,89,0.710089
5,90,0.712658
5,91,0.715492
5,92,0.718331
5,93,0.720856
5,94,0.722755
5,95,0.723774
6,0,0.697788
6,1,0.697191
6,2,0.696101
6,3,0.69472
6,4,0.693298
6,5,0.692105
6,6,0.691373
6,7,0.691248
6,8,0.691768
6,9,0.692852
6,10,0.69432
6,11,0.695919
6,12,0.697381
6,13,0.698467
6,14,0.699022
6,15,0.699009
6,16,0.698532
6,17,0.697807
6,18,0.697099
6,19,0.696642
6,20,0.69656
6,21,0.696821
6,22,0.697251
6,23,0.697591
6,24,0.69759
6,25,0.69709
6,26,0.696074
6,27,0.694678
6,28,0.693152
6,29,0.691795
6,30,0.690885
6,31,0.690605
6,32,0.691022
6,33,0.692072
6,34,0.693589
6,35,0.695352
6,36,0.697141
6,37,0.69877
6,38,0.70012
6,39,0.701144
6,40,0.701855
6,41,0.702313
6,42,0.702604
6,43,0.702827
6,44,0.703076
6,45,0.703431
6,46,0.703963
6,47,0.704728
6,48,0.705765
6,49,0.707086
6,50,0.708664
6,51,0.710408
6,52,0.712153
6,53,0.713665
6,54,0.714671
6,55,0.714905
6,56,0.714172
6,57,0.712389
6,58,0.709632
6,59,0.70612
6,60,0.702185
6,61,0.698203
6,62,0.694538
6,63,0.691482
6,64,0.689216
6,65,0.687809
6,66,0.687216
6,67,0.687308
6,68,0.687897
6,69,0.68878
6,70,0.689778
6,71,0.690768
6,72,0.6917
6,73,0.692595
6,74,0.69351
6,75,0.694504
6,76,0.695604
6,77,0.696793
6,78,0.698026
6,79,0.699245
6,80,0.700404
6,81,0.701477
6,82,0.702454
6,83,0.703344
6,84,0.704172
6,85,0.704979
6,86,0.705831
6,87,0.706807
6,88,0.707978
6,89,0.709378
6,90,0.710984
6,91,0.712703
6,92,0.714389
6,93,0.715863
6,94,0.71696
6,95,0.717544
7,0,0.698156
7,1,0.697596
7,2,0.696578
7,3,0.695298
7,4,0.693993
7,5,0.692907
7,6,0.692238
7,7,0.692096
7,8,0.692496
7,9,0.693351
7,10,0.694498
7,11,0.695727
7,12,0.69683
7,13,0.697628
7,14,0.69802
7,15,0.698003
7,16,0.697683
7,17,0.697252
7,18,0.696932
7,19,0.696898
7,20,0.697219
7,21,0.697822
7,22,0.69851
7,23,0.699022
7,24,0.699123
7,25,0.698684
7,26,0.697719
7,27,0.696391
7,28,0.694968
7,29,0.693755
7,30,0.69302
7,31,0.692931
7,32,0.693534
7,33,0.694738
7,34,0.696358
7,35,0.698156
7,36,0.699894
7,37,0.701378
7,38,0.702486
7,39,0.70318
7,40,0.703499
7,41,0.703539
7,42,0.703433
7,43,0.703325
7,44,0.703348
7,45,0.703606
7,46,0.704174
7,47,0.705092
7,48,0.706365
7,49,0.707961
7,50,0.7098
7,51,0.711749
7,52,0.713616
7,53,0.715161
7,54,0.716131
7,55,0.7163
7,56,0.71552
7,57,0.713752
7,58,0.711098
7,59,0.707781
7,60,0.704111
7,61,0.700422
7,62,0.697022
7,63,0.694142
7,64,0.691915
7,65,0.69037
7,66,0.689452
7,67,0.689048
7,68,0.689022
7,69,0.689244
7,70,0.689621
7,71,0.69011
7,72,0.690712
7,73,0.691459
7,74,0.692386
7,75,0.693499
7,76,0.694766
7,77,0.696132
7,78,0.697531
7,79,0.698912
7,80,0.70025
7,81,0.701535
7,82,0.702759
7,83,0.703904
7,84,0.704949
7,85,0.705873
7,86,0.706672
7,87,0.707367
7,88,0.707991
7,89,0.70857
7,90,0.709118
7,91,0.709623
7,92,0.710062
7,93,0.710407
7,94,0.710643
7,95,0.710763
8,0,0.698741
8,1,0.698187
8,2,0.69718
8,3,0.695909
8,4,0.694597
8,5,0.693469
8,6,0.692698
8,7,0.692378
8,8,0.692517
8,9,0.693043
8,10,0.693829
8,11,0.694715
8,12,0.695547
8,13,0.6962
8,14,0.696605
8,15,0.696769
8,16,0.696781
8,17,0.696791
8,18,0.69696
8,19,0.697401
8,20,0.69813
8,21,0.699037
8,22,0.699918
8,23,0.700531
8,24,0.700674
8,25,0.700265
8,26,0.699359
8,27,0.698151
8,28,0.69692
8,29,0.695966
8,30,0.695533
8,31,0.695756
8,32,0.696642
8,33,0.698066
8,34,0.699812
8,35,0.701622
8,36,0.703248
8,37,0.704494
8,38,0.705252
8,39,0.705507
8,40,0.705336
8,41,0.704884
8,42,0.704334
8,43,0.703879
8,44,0.703684
8,45,0.703869
8,46,0.704502
8,47,0.705599
8,48,0.707126
8,49,0.709004
8,50,0.711106
8,51,0.71326
8,52,0.715246
8,53,0.716822
8,54,0.71775
8,55,0.717838
8,56,0.716982
8,57,0.715188
8,58,0.712585
8,59,0.709406
8,60,0.705946
8,61,0.702506
8,62,0.699343
8,63,0.696639
8,64,0.694477
8,65,0.692853
8,66,0.691697
8,67,0.690913
8,68,0.690404
8,69,0.690102
8,70,0.689987
8,71,0.690078
8,72,0.690416
8,73,0.691038
8,74,0.691952
8,75,0.69312
8,76,0.694468
8,77,0.695912
8,78,0.697385
8,79,0.698854
8,80,0.700318
8,81,0.701783
8,82,0.703233
8,83,0.70462
8,84,0.705866
8,85,0.706881
8,86,0.707595
8,87,0.707971
8,88,0.708007
8,89,0.707733
8,90,0.707199
8,91,0.706478
8,92,0.705669
8,93,0.70489
8,94,0.704275
8,95,0.703934
9,0,0.699777
9,1,0.699209
9,2,0.698167
9,3,0.696829
9,4,0.695403
9,5,0.694093
9,6,0.69306
9,7,0.692397
9,8,0.692128
9,9,0.692218
9,10,0.692591
9,11,0.693146
9,12,0.693784
9,13,0.694417
9,14,0.694988
9,15,0.695493
9,16,0.69598
9,17,0.696537
9,18,0.697259
9,19,0.69819
9,20,0.699299
9,21,0.700454
9,22,0.701458
9,23,0.702104
9,24,0.702244
9,25,0.701852
9,26,0.701029
9,27,0.700001
9,28,0.699053
9,29,0.698468
9,30,0.698452
9,31,0.699092
9,32,0.700344
9,33,0.702037
9,34,0.703922
9,35,0.705722
9,36,0.707182
9,37,0.708117
9,38,0.708444
9,39,0.708181
9,40,0.707454
9,41,0.70646
9,42,0.705435
9,43,0.704611
9,44,0.704184
9,45,0.704278
9,46,0.70495
9,47,0.706191
9,48,0.707928
9,49,0.710043
9,50,0.712371
9,51,0.714705
9,52,0.716807
9,53,0.718426
9,54,0.719332
9,55,0.719359
9,56,0.718434
9,57,0.7166
9,58,0.714015
9,59,0.710927
9,60,0.707625
9,61,0.704385
9,62,0.701429
9,63,0.698895
9,64,0.696824
9,65,0.695183
9,66,0.69389
9,67,0.692854
9,68,0.692012
9,69,0.691343
9,70,0.690881
9,71,0.690689
9,72,0.690835
9,73,0.691353
9,74,0.692227
9,75,0.693385
9,76,0.694724
9,77,0.696151
9,78,0.69761
9,79,0.699095
9,80,0.700631
9,81,0.702235
9,82,0.703878
9,83,0.705473
9,84,0.70688
9,85,0.707947
9,86,0.70854
9,87,0.708573
9,88,0.708022
9,89,0.706921
9,90,0.705363
9,91,0.703497
9,92,0.701532
9,93,0.69972
9,94,0.698324
9,95,0.697563
10,0,0.701396
10,1,0.700805
10,2,0.699707
10,3,0.698259
10,4,0.696646
10,5,0.695052
10,6,0.693631
10,7,0.692487
10,8,0.691684
10,9,0.691239
10,10,0.691148
10,11,0.691374
10,12,0.691868
10,13,0.692568
10,14,0.693413
10,15,0.694363
10,16,0.695406
10,17,0.696561
10,18,0.697844
10,19,0.699239
10,20,0.700674
10,21,0.70201
10,22,0.703072
10,23,0.703703
10,24,0.703817
10,25,0.703447
10,26,0.702743
10,27,0.701953
10,28,0.701361
10,29,0.701222
10,30,0.701697
10,31,0.702818
10,32,0.704481
10,33,0.706468
10,34,0.708495
10,35,0.710265
10,36,0.711528
10,37,0.712116
10,38,0.711975
10,39,0.711169
10,40,0.709869
10,41,0.708323
10,42,0.70681
10,43,0.7056
10,44,0.704904
10,45,0.70485
10,46,0.705484
10,47,0.706772
10,48,0.708618
10,49,0.710873
10,50,0.71335
10,51,0.715821
10,52,0.718029
10,53,0.719713
10,54,0.720642
10,55,0.720657
10,56,0.719703
10,57,0.71785
10,58,0.715281
10,59,0.712259
10,60,0.709078
10,61,0.706002
10,62,0.703226
10,63,0.700856
10,64,0.698902
10,65,0.697305
10,66,0.695971
10,67,0.694813
10,68,0.693789
10,69,0.692909
10,70,0.692244
10,71,0.691882
10,72,0.691904
10,73,0.692335
10,74,0.693138
10,75,0.694219
10,76,0.695463
10,77,0.696783
10,78,0.698149
10,79,0.699584
10,80,0.701138
10,81,0.702833
10,82,0.70462
10,83,0.706368
10,84,0.707884
10,85,0.708956
10,86,0.709401
10,87,0.709097
10,88,0.708007
10,89,0.706172
10,90,0.703721
10,91,0.700871
10,92,0.697922
10,93,0.695233
10,94,0.693176
10,95,0.69206
11,0,0.703555
11,1,0.702948
11,2,0.7018
11,3,0.700238
11,4,0.698413
11,5,0.696485
11,6,0.694605
11,7,0.6929
11,8,0.691484
11,9,0.690446
11,10,0.689859
11,11,0.689756
11,12,0.690133
11,13,0.690945
11,14,0.692109
11,15,0.693535
11,16,0.695142
11,17,0.69687
11,18,0.698662
11,19,0.700449
11,20,0.702132
11,21,0.70358
11,22,0.704651
11,23,0.705245
11,24,0.705337
11,25,0.705016
11,26,0.70447
11,27,0.703961
11,28,0.703762
11,29,0.704096
11,30,0.705075
11,31,0.706676
11,32,0.708742
11,33,0.711007
11,34,0.713158
11,35,0.714886
11,36,0.715948
11,37,0.716197
11,38,0.715614
11,39,0.7143
11,40,0.712471
11,41,0.71041
11,42,0.708431
11,43,0.706825
11,44,0.705815
11,45,0.705532
11,46,0.706011
11,47,0.707208
11,48,0.709015
11,49,0.711277
11,50,0.713795
11,51,0.716335
11,52,0.718628
11,53,0.720398
11,54,0.721401
11,55,0.721471
11,56,0.720555
11,57,0.718736
11,58,0.716216
11,59,0.713275
11,60,0.710213
11,61,0.707289
11,62,0.704685
11,63,0.702484
11,64,0.700674
11,65,0.699177
11,66,0.69789
11,67,0.69673
11,68,0.695662
11,69,0.694716
11,70,0.693979
11,71,0.693549
11,72,0.693505
11,73,0.69386
11,74,0.694561
11,75,0.695503
11,76,0.696575
11,77,0.697711
11,78,0.698912
11,79,0.700235
11,80,0.701749
11,81,0.703474
11,82,0.705337
11,83,0.707168
11,84,0.708728
11,85,0.70976
11,86,0.710048
11,87,0.709447
11,88,0.70791
11,89,0.705489
11,90,0.702337
11,91,0.698719
11,92,0.695003
11,93,0.691632
11,94,0.689062
11,95,0.687669
12,0,0.706038
12,1,0.705433
12,2,0.704265
12,3,0.70262
12,4,0.700608
12,5,0.698359
12,6,0.696019
12,7,0.693746
12,8,0.69171
12,9,0.690078
12,10,0.689003
12,11,0.688585
12,12,0.688861
12,13,0.689788
12,14,0.691256
12,15,0.693117
12,16,0.695217
12,17,0.697421
12,18,0.699611
12,19,0.701678
12,20,0.703514
12,21,0.705006
12,22,0.706058
12,23,0.70662
12,24,0.706722
12,25,0.706493
12,26,0.706143
12,27,0.705932
12,28,0.706115
12,29,0.706881
12,30,0.708299
12,31,0.710304
12,32,0.712693
12,33,0.715169
12,34,0.717399
12,35,0.71907
12,36,0.719949
12,37,0.719913
12,38,0.71897
12,39,0.717251
12,40,0.714998
12,41,0.712514
12,42,0.71013
12,43,0.708145
12,44,0.706788
12,45,0.706189
12,46,0.706385
12,47,0.707335
12,48,0.708938
12,49,0.711049
12,50,0.71348
12,51,0.716001
12,52,0.718337
12,53,0.720198
12,54,0.721317
12,55,0.721509
12,56,0.720712
12,57,0.719007
12,58,0.716607
12,59,0.713803
12,60,0.7109
12,61,0.708157
12,62,0.705746
12,63,0.703737
12,64,0.702104
12,65,0.700761
12,66,0.699601
12,67,0.698541
12,68,0.697552
12,69,0.696667
12,70,0.695973
12,71,0.695562
12,72,0.6955
12,73,0.695787
12,74,0.696356
12,75,0.697105
12,76,0.69794
12,77,0.698826
12,78,0.6998
12,79,0.700949
12,80,0.702357
12,81,0.704035
12,82,0.705891
12,83,0.707722
12,84,0.709256
12,85,0.710212
12,86,0.710355
12,87,0.70953
12,88,0.70768
12,89,0.704858
12,90,0.701227
12,91,0.69708
12,92,0.692829
12,93,0.688978
12,94,0.686042
12,95,0.684451
13,0,0.708523
13,1,0.707945
13,2,0.706804
13,3,0.705136
13,4,0.703003
13,5,0.700501
13,6,0.69777
13,7,0.694998
13,8,0.692412
13,9,0.690254
13,10,0.68875
13,11,0.688059
13,12,0.688245
13,13,0.689264
13,14,0.690971
13,15,0.693161
13,16,0.695616
13,17,0.698138
13,18,0.700566
13,19,0.702771
13,20,0.704653
13,21,0.70613
13,22,0.707148
13,23,0.707707
13,24,0.707871
13,25,0.707785
13,26,0.70766
13,27,0.707737
13,28,0.708244
13,29,0.709338
13,30,0.711058
13,31,0.71331
13,32,0.715873
13,33,0.718437
13,34,0.720663
13,35,0.722249
13,36,0.722977
13,37,0.72274
13,38,0.721566
13,39,0.719597
13,40,0.717078
13,41,0.714314
13,42,0.711628
13,43,0.709316
13,44,0.707603
13,45,0.706625
13,46,0.706426
13,47,0.706984
13,48,0.708221
13,49,0.710022
13,50,0.712225
13,51,0.714618
13,52,0.71693
13,53,0.718856
13,54,0.720108
13,55,0.720476
13,56,0.719876
13,57,0.718383
13,58,0.716204
13,59,0.713634
13,60,0.710976
13,61,0.708485
13,62,0.706325
13,63,0.704555
13,64,0.703147
13,65,0.702014
13,66,0.701052
13,67,0.700183
13,68,0.699377
13,69,0.698661
13,70,0.698106
13,71,0.697787
13,72,0.697747
13,73,0.69797
13,74,0.698385
13,75,0.698901
13,76,0.699452
13,77,0.700037
13,78,0.700732
13,79,0.701648
13,80,0.702875
13,81,0.704421
13,82,0.706172
13,83,0.707909
13,84,0.709349
13,85,0.710204
13,86,0.710236
13,87,0.709283
13,88,0.707275
13,89,0.704254
13,90,0.700372
13,91,0.69593
13,92,0.691363
13,93,0.687213
13,94,0.684043
13,95,0.682323
14,0,0.710673
14,1,0.710151
14,2,0.709088
14,3,0.707472
14,4,0.705312
14,5,0.702666
14,6,0.69967
14,7,0.696534
14,8,0.693537
14,9,0.690982
14,10,0.689155
14,11,0.688256
14,12,0.68837
14,13,0.68944
14,14,0.691288
14,15,0.693662
14,16,0.696291
14,17,0.698937
14,18,0.701416
14,19,0.703603
14,20,0.705422
14,21,0.70683
14,22,0.707817
14,23,0.708413
14,24,0.708697
14,25,0.708805
14,26,0.708921
14,27,0.709251
14,28,0.709986
14,29,0.711254
14,30,0.71308
14,31,0.715365
14,32,0.717892
14,33,0.720367
14,34,0.722472
14,35,0.723925
14,36,0.724528
14,37,0.724189
14,38,0.722937
14,39,0.720905
14,40,0.718317
14,41,0.71545
14,42,0.712604
14,43,0.710054
14,44,0.708017
14,45,0.706632
14,46,0.705963
14,47,0.706016
14,48,0.706752
14,49,0.708099
14,50,0.709936
14,51,0.712081
14,52,0.714274
14,53,0.716209
14,54,0.717581
14,55,0.718154
14,56,0.717823
14,57,0.716642
14,58,0.714808
14,59,0.7126
14,60,0.710311
14,61,0.70818
14,62,0.706358
14,63,0.704899
14,64,0.703777
14,65,0.702912
14,66,0.702216
14,67,0.701614
14,68,0.701077
14,69,0.700614
14,70,0.700276
14,71,0.700104
14,72,0.700118
14,73,0.700285
14,74,0.700535
14,75,0.700795
14,76,0.701033
14,77,0.701285
14,78,0.701658
14,79,0.702284
14,80,0.703255
14,81,0.70457
14,82,0.706112
14,83,0.707662
14,84,0.708946
14,85,0.709689
14,86,0.709661
14,87,0.708694
14,88,0.706695
14,89,0.703674
14,90,0.699755
14,91,0.695225
14,92,0.690526
14,93,0.686228
14,94,0.682928
14,95,0.681134
15,0,0.712216
15,1,0.711773
15,2,0.710839
15,3,0.709352
15,4,0.707271
15,5,0.704618
15,6,0.701519
15,7,0.698199
15,8,0.694975
15,9,0.692193
15,10,0.690179
15,11,0.689159
15,12,0.68922
15,13,0.690292
15,14,0.692169
15,15,0.694563
15,16,0.697172
15,17,0.699741
15,18,0.702087
15,19,0.704107
15,20,0.705764
15,21,0.70706
15,22,0.708022
15,23,0.708696
15,24,0.709152
15,25,0.709493
15,26,0.709851
15,27,0.710379
15,28,0.711224
15,29,0.712489
15,30,0.714196
15,31,0.716265
15,32,0.718516
15,33,0.720698
15,34,0.722539
15,35,0.723794
15,36,0.724292
15,37,0.723947
15,38,0.722774
15,39,0.720872
15,40,0.71842
15,41,0.715645
15,42,0.712801
15,43,0.71013
15,44,0.707836
15,45,0.706061
15,46,0.704892
15,47,0.704372
15,48,0.704512
15,49,0.70529
15,50,0.706636
15,51,0.70841
15,52,0.710377
15,53,0.712241
15,54,0.713689
15,55,0.714472
15,56,0.714461
15,57,0.713688
15,58,0.712323
15,59,0.710617
15,60,0.708834
15,61,0.707187
15,62,0.705808
15,63,0.704745
15,64,0.703976
15,65,0.703441
15,66,0.703067
15,67,0.702795
15,68,0.70259
15,69,0.702444
15,70,0.702376
15,71,0.702394
15,72,0.702487
15,73,0.70261
15,74,0.702696
15,75,0.702698
15,76,0.702616
15,77,0.702523
15,78,0.702548
15,79,0.702834
15,80,0.703474
15,81,0.704466
15,82,0.7057
15,83,0.706979
15,84,0.708058
15,85,0.708694
15,86,0.708672
15,87,0.70781
15,88,0.705982
15,89,0.703145
15,90,0.699378
15,91,0.694934
15,92,0.690253
15,93,0.685923
15,94,0.682574
15,95,0.680744
16,0,0.712994
16,1,0.712649
16,2,0.711886
16,3,0.7106
16,4,0.708707
16,5,0.706193
16,6,0.703169
16,7,0.699866
16,8,0.696618
16,9,0.693794
16,10,0.691735
16,11,0.690676
16,12,0.6907
16,13,0.69172
16,14,0.693511
16,15,0.695769
16,16,0.698179
16,17,0.700492
16,18,0.702547
16,19,0.70428
16,20,0.705699
16,21,0.706853
16,22,0.707795
16,23,0.708576
16,24,0.709238
16,25,0.70983
16,26,0.710414
16,27,0.711075
16,28,0.711909
16,29,0.712995
16,30,0.714365
16,31,0.715979
16,32,0.717719
16,33,0.719405
16,34,0.720836
16,35,0.721824
16,36,0.722225
16,37,0.721956
16,38,0.721001
16,39,0.719407
16,40,0.717283
16,41,0.714786
16,42,0.712107
16,43,0.709446
16,44,0.706985
16,45,0.704873
16,46,0.703219
16,47,0.702106
16,48,0.701598
16,49,0.70173
16,50,0.702488
16,51,0.70378
16,52,0.705414
16,53,0.707115
16,54,0.708581
16,55,0.709557
16,56,0.709897
16,57,0.709606
16,58,0.708816
16,59,0.707738
16,60,0.706589
16,61,0.705544
16,62,0.704709
16,63,0.704122
16,64,0.703771
16,65,0.703617
16,66,0.70361
16,67,0.703705
16,68,0.703866
16,69,0.704066
16,70,0.704293
16,71,0.704518
16,72,0.704705
16,73,0.704796
16,74,0.704735
16,75,0.704497
16,76,0.704113
16,77,0.703683
16,78,0.703351
16,79,0.703266
16,80,0.703518
16,81,0.704112
16,82,0.70496
16,83,0.705905
16,84,0.706755
16,85,0.707307
16,86,0.707363
16,87,0.706726
16,88,0.705218
16,89,0.702729
16,90,0.699273
16,91,0.695062
16,92,0.69052
16,93,0.686251
16,94,0.682914
16,95,0.681081
17,0,0.712956
17,1,0.712723
17,2,0.712167
17,3,0.711148
17,4,0.709546
17,5,0.707318
17,6,0.704551
17,7,0.701466
17,8,0.698391
17,9,0.695697
17,10,0.69372
17,11,0.692689
17,12,0.692675
17,13,0.693584
17,14,0.695183
17,15,0.697167
17,16,0.699235
17,17,0.701159
17,18,0.702815
17,19,0.704183
17,20,0.705321
17,21,0.706315
17,22,0.707242
17,23,0.708141
17,24,0.709017
17,25,0.709849
17,26,0.710624
17,27,0.711348
17,28,0.712062
17,29,0.712822
17,30,0.713677
17,31,0.714642
17,32,0.715681
17,33,0.71671
17,34,0.717615
17,35,0.718278
17,36,0.718589
17,37,0.71846
17,38,0.717834
17,39,0.716688
17,40,0.715046
17,41,0.71298
17,42,0.710609
17,43,0.708081
17,44,0.705555
17,45,0.703179
17,46,0.701086
17,47,0.699399
17,48,0.698233
17,49,0.69768
17,50,0.697786
17,51,0.698515
17,52,0.699723
17,53,0.701176
17,54,0.702595
17,55,0.703731
17,56,0.704429
17,57,0.704662
17,58,0.704519
17,59,0.704155
17,60,0.703732
17,61,0.703376
17,62,0.703161
17,63,0.703111
17,64,0.703225
17,65,0.703483
17,66,0.70386
17,67,0.704326
17,68,0.704847
17,69,0.705382
17,70,0.705889
17,71,0.706312
17,72,0.706591
17,73,0.706662
17,74,0.706478
17,75,0.706037
17,76,0.705392
17,77,0.70466
17,78,0.703991
17,79,0.70353
17,80,0.703365
17,81,0.703519
17,82,0.703939
17,83,0.704525
17,84,0.705148
17,85,0.705656
17,86,0.705869
17,87,0.705564
17,88,0.704505
17,89,0.702501
17,90,0.699492
17,91,0.695635
17,92,0.691338
17,93,0.687211
17,94,0.683943
17,95,0.682135
18,0,0.712136
18,1,0.712027
18,2,0.711706
18,3,0.711015
18,4,0.709806
18,5,0.708003
18,6,0.705665
18,7,0.702984
18,8,0.70026
18,9,0.697839
18,10,0.696038
18,11,0.695069
18,12,0.694997
18,13,0.695727
18,14,0.697036
18,15,0.69864
18,16,0.700266
18,17,0.701723
18,18,0.702928
18,19,0.703905
18,20,0.704754
18,21,0.705592
18,22,0.706503
18,23,0.707514
18,24,0.708581
18,25,0.709619
18,26,0.710531
18,27,0.711249
18,28,0.711756
18,29,0.712088
18,30,0.712315
18,31,0.712513
18,32,0.712739
18,33,0.713017
18,34,0.713336
18,35,0.713648
18,36,0.713885
18,37,0.713945
18,38,0.713725
18,39,0.713121
18,40,0.712063
18,41,0.710535
18,42,0.708575
18,43,0.706279
18,44,0.703778
18,45,0.701218
18,46,0.698751
18,47,0.696538
18,48,0.69474
18,49,0.693503
18,50,0.692933
18,51,0.693051
18,52,0.693773
18,53,0.69491
18,54,0.696221
18,55,0.697474
18,56,0.698508
18,57,0.699268
18,58,0.699793
18,59,0.700176
18,60,0.700517
18,61,0.700888
18,62,0.701325
18,63,0.70184
18,64,0.702433
18,65,0.703103
18,66,0.703845
18,67,0.704645
18,68,0.705474
18,69,0.706283
18,70,0.707013
18,71,0.707591
18,72,0.707941
18,73,0.707999
18,74,0.707725
18,75,0.707133
18,76,0.70629
18,77,0.705316
18,78,0.704358
18,79,0.703551
18,80,0.702986
18,81,0.702706
18,82,0.702705
18,83,0.702949
18,84,0.703381
18,85,0.7039
18,86,0.704343
18,87,0.70446
18,88,0.703948
18,89,0.702535
18,90,0.700079
18,91,0.696683
18,92,0.692725
18,93,0.688821
18,94,0.68568
18,95,0.683927
19,0,0.710616
19,1,0.710641
19,2,0.710584
19,3,0.710277
19,4,0.709552
19,5,0.708305
19,6,0.706551
19,7,0.704434
19,8,0.702205
19,9,0.700166
19,10,0.698597
19,11,0.697695
19,12,0.697522
19,13,0.697998
19,14,0.698931
19,15,0.700076
19,16,0.701203
19,17,0.702165
19,18,0.702922
19,19,0.703531
19,20,0.704122
19,21,0.704824
19,22,0.705723
19,23,0.706822
19,24,0.708038
19,25,0.70922
19,26,0.710203
19,27,0.71085
19,28,0.711093
19,29,0.710949
19,30,0.710509
19,31,0.709912
19,32,0.709308
19,33,0.70883
19,34,0.708568
19,35,0.708552
19,36,0.708743
19,37,0.709031
19,38,0.709256
19,39,0.709237
19,40,0.708811
19,41,0.707871
19,42,0.706381
19,43,0.704382
19,44,0.701975
19,45,0.699304
19,46,0.696536
19,47,0.693863
19,48,0.691487
19,49,0.689606
19,50,0.688376
19,51,0.687878
19,52,0.688085
19,53,0.688863
19,54,0.690015
19,55,0.69133
19,56,0.692651
19,57,0.693894
19,58,0.695051
19,59,0.696152
19,60,0.697233
19,61,0.698312
19,62,0.699388
19,63,0.700451
19,64,0.7015
19,65,0.702543
19,66,0.703592
19,67,0.704646
19,68,0.705685
19,69,0.706665
19,70,0.707524
19,71,0.708183
19,72,0.708566
19,73,0.708609
19,74,0.708282
19,75,0.707602
19,76,0.70664
19,77,0.705508
19,78,0.70434
19,79,0.70326
19,80,0.702359
19,81,0.701706
19,82,0.701345
19,83,0.70131
19,84,0.701614
19,85,0.702207
19,86,0.702938
19,87,0.703531
19,88,0.703625
19,89,0.702866
19,90,0.70104
19,91,0.698187
19,92,0.694655
19,93,0.691053
19,94,0.688099
19,95,0.686435
20,0,0.708513
20,1,0.70868
20,2,0.708911
20,3,0.709037
20,4,0.708875
20,5,0.708293
20,6,0.707252
20,7,0.705829
20,8,0.704205
20,9,0.702618
20,10,0.701308
20,11,0.700451
20,12,0.700122
20,13,0.70027
20,14,0.700754
20,15,0.701386
20,16,0.701991
20,17,0.70247
20,18,0.70282
20,19,0.703121
20,20,0.70351
20,21,0.704115
20,22,0.705009
20,23,0.706169
20,24,0.707474
20,25,0.708726
20,26,0.709706
20,27,0.710225
20,28,0.710175
20,29,0.70956
20,30,0.708488
20,31,0.707156
20,32,0.705798
20,33,0.704645
20,34,0.703881
20,35,0.7036
20,36,0.703792
20,37,0.704332
20,38,0.705011
20,39,0.705574
20,40,0.705772
20,41,0.705418
20,42,0.704407
20,43,0.702731
20,44,0.700465
20,45,0.697744
20,46,0.694748
20,47,0.691695
20,48,0.688822
20,49,0.686368
20,50,0.684536
20,51,0.683458
20,52,0.683159
20,53,0.683559
20,54,0.684507
20,55,0.685822
20,56,0.687351
20,57,0.688992
20,58,0.690692
20,59,0.692425
20,60,0.694165
20,61,0.695881
20,62,0.697531
20,63,0.699083
20,64,0.700527
20,65,0.70187
20,66,0.703131
20,67,0.704324
20,68,0.705444
20,69,0.706462
20,70,0.707329
20,71,0.70798
20,72,0.708345
20,73,0.708369
20,74,0.708022
20,75,0.707322
20,76,0.706329
20,77,0.705138
20,78,0.703866
20,79,0.70262
20,80,0.701495
20,81,0.700582
20,82,0.699973
20,83,0.699763
20,84,0.700022
20,85,0.700745
20,86,0.701794
20,87,0.702872
20,88,0.703573
20,89,0.703477
20,90,0.702305
20,91,0.700044
20,92,0.697003
20,93,0.693771
20,94,0.691061
20,95,0.689517
21,0,0.705984
21,1,0.706297
21,2,0.706829
21,3,0.707418
21,4,0.707874
21,5,0.708031
21,6,0.707792
21,7,0.707151
21,8,0.706202
21,9,0.705109
21,10,0.70406
21,11,0.703218
21,12,0.702675
21,13,0.702431
21,14,0.702409
21,15,0.702493
21,16,0.702575
21,17,0.702607
21,18,0.702614
21,19,0.702684
21,20,0.702945
21,21,0.703504
21,22,0.704405
21,23,0.705599
21,24,0.706933
21,25,0.708179
21,26,0.709085
21,27,0.709431
21,28,0.709086
21,29,0.708047
21,30,0.706439
21,31,0.704503
21,32,0.702541
21,33,0.700862
21,34,0.699723
21,35,0.699273
21,36,0.69952
21,37,0.700326
21,38,0.701437
21,39,0.702536
21,40,0.703306
21,41,0.703492
21,42,0.702932
21,43,0.701576
21,44,0.699473
21,45,0.696753
21,46,0.693605
21,47,0.690266
21,48,0.687001
21,49,0.68408
21,50,0.681741
21,51,0.680154
21,52,0.679389
21,53,0.679414
21,54,0.680122
21,55,0.681365
21,56,0.683004
21,57,0.684922
21,58,0.687035
21,59,0.689267
21,60,0.691542
21,61,0.69378
21,62,0.695904
21,63,0.697854
21,64,0.699601
21,65,0.701146
21,66,0.702508
21,67,0.70371
21,68,0.70477
21,69,0.705687
21,70,0.706441
21,71,0.706993
21,72,0.707291
21,73,0.707287
21,74,0.706952
21,75,0.706293
21,76,0.705352
21,77,0.704204
21,78,0.702943
21,79,0.701663
21,80,0.70046
21,81,0.699441
21,82,0.698734
21,83,0.698475
21,84,0.69878
21,85,0.699673
21,86,0.701029
21,87,0.702544
21,88,0.703783
21,89,0.704287
21,90,0.70373
21,91,0.702053
21,92,0.699524
21,93,0.696701
21,94,0.694274
21,95,0.692875
22,0,0.703227
22,1,0.703681
22,2,0.704509
22,3,0.70556
22,4,0.706645
22,5,0.707566
22,6,0.708161
22,7,0.708336
22,8,0.708088
22,9,0.707498
22,10,0.7067
22,11,0.705844
22,12,0.705045
22,13,0.704364
22,14,0.703802
22,15,0.703325
22,16,0.7029
22,17,0.70253
22,18,0.702262
22,19,0.702182
22,20,0.702391
22,21,0.702957
22,22,0.703887
22,23,0.705096
22,24,0.706408
22,25,0.707581
22,26,0.708354
22,27,0.7085
22,28,0.707883
22,29,0.706501
22,30,0.704494
22,31,0.70213
22,32,0.699758
22,33,0.697739
22,34,0.696381
22,35,0.695865
22,36,0.696215
22,37,0.69728
22,38,0.698772
22,39,0.700331
22,40,0.701587
22,41,0.702235
22,42,0.70207
22,43,0.701008
22,44,0.69908
22,45,0.696409
22,46,0.693189
22,47,0.689673
22,48,0.686145
22,49,0.682891
22,50,0.68017
22,51,0.678175
22,52,0.677009
22,53,0.676679
22,54,0.677118
22,55,0.678216
22,56,0.67985
22,57,0.681906
22,58,0.684275
22,59,0.686846
22,60,0.689503
22,61,0.692125
22,62,0.694601
22,63,0.696839
22,64,0.698789
22,65,0.700431
22,66,0.701782
22,67,0.702876
22,68,0.703754
22,69,0.704454
22,70,0.704996
22,71,0.705378
22,72,0.70557
22,73,0.705533
22,74,0.705233
22,75,0.704661
22,76,0.703838
22,77,0.702818
22,78,0.701677
22,79,0.700497
22,80,0.699371
22,81,0.698416
22,82,0.697775
22,83,0.697603
22,84,0.698035
22,85,0.699112
22,86,0.70072
22,87,0.702561
22,88,0.704198
22,89,0.70516
22,90,0.705102
22,91,0.703929
22,92,0.701874
22,93,0.699451
22,94,0.697314
22,95,0.696068
23,0,0.700469
23,1,0.701048
23,2,0.70214
23,3,0.703613
23,4,0.705284
23,5,0.706928
23,6,0.708322
23,7,0.709285
23,8,0.709715
23,9,0.709608
23,10,0.709041
23,11,0.708149
23,12,0.707077
23,13,0.705947
23,14,0.704841
23,15,0.703817
23,16,0.702915
23,17,0.70219
23,18,0.701712
23,19,0.701552
23,20,0.701775
23,21,0.702399
23,22,0.70338
23,23,0.704597
23,24,0.705855
23,25,0.706912
23,26,0.707516
23,27,0.707456
23,28,0.706612
23,29,0.704989
23,30,0.702738
23,31,0.700139
23,32,0.697562
23,33,0.695391
23,34,0.69396
23,35,0.693468
23,36,0.693945
23,37,0.695236
23,38,0.697033
23,39,0.698949
23,40,0.700586
23,41,0.701602
23,42,0.701763
23,43,0.700964
23,44,0.699218
23,45,0.696644
23,46,0.693442
23,47,0.689872
23,48,0.686227
23,49,0.682795
23,50,0.679839
23,51,0.67756
23,52,0.676075
23,53,0.675423
23,54,0.675574
23,55,0.676455
23,56,0.677973
23,57,0.68002
23,58,0.682481
23,59,0.685224
23,60,0.688101
23,61,0.690963
23,62,0.693664
23,63,0.696083
23,64,0.698141
23,65,0.699795
23,66,0.701053
23,67,0.701955
23,68,0.702573
23,69,0.702987
23,70,0.703262
23,71,0.703435
23,72,0.703502
23,73,0.703428
23,74,0.703173
23,75,0.702709
23,76,0.702039
23,77,0.7012
23,78,0.700256
23,79,0.699284
23,80,0.698374
23,81,0.697638
23,82,0.697213
23,83,0.697248
23,84,0.69787
23,85,0.699118
23,86,0.700885
23,87,0.702893
23,88,0.704727
23,89,0.705938
23,90,0.706185
23,91,0.705364
23,92,0.703675
23,93,0.701587
23,94,0.699707
23,95,0.6986
24,0,0.697949
24,1,0.698622
24,2,0.699918
24,3,0.701731
24,4,0.703886
24,5,0.706144
24,6,0.708232
24,7,0.709888
24,8,0.710919
24,9,0.71124
24,10,0.710873
24,11,0.709937
24,12,0.708601
24,13,0.707044
24,14,0.70543
24,15,0.7039
24,16,0.70257
24,17,0.701545
24,18,0.700912
24,19,0.700728
24,20,0.701015
24,21,0.701736
24,22,0.702792
24,23,0.704021
24,24,0.705215
24,25,0.706139
24,26,0.706569
24,27,0.706327
24,28,0.705317
24,29,0.703565
24,30,0.701225
24,31,0.698574
24,32,0.695978
24,33,0.693818
24,34,0.692431
24,35,0.692018
24,36,0.692615
24,37,0.694067
24,38,0.69607
24,39,0.698226
24,40,0.700126
24,41,0.701413
24,42,0.701833
24,43,0.701264
24,44,0.699709
24,45,0.697287
24,46,0.694198
24,47,0.690703
24,48,0.687093
24,49,0.683646
24,50,0.68061
24,51,0.678176
24,52,0.676466
24,53,0.675536
24,54,0.675393
24,55,0.676002
24,56,0.677302
24,57,0.679207
24,58,0.681607
24,59,0.684363
24,60,0.68731
24,61,0.690277
24,62,0.693093
24,63,0.695607
24,64,0.697707
24,65,0.699323
24,66,0.70045
24,67,0.701133
24,68,0.701471
24,69,0.701585
24,70,0.701586
24,71,0.70155
24,72,0.701491
24,73,0.701379
24,74,0.701163
24,75,0.700798
24,76,0.700275
24,77,0.699623
24,78,0.698907
24,79,0.698204
24,80,0.697601
24,81,0.697198
24,82,0.697104
24,83,0.697433
24,84,0.698278
24,85,0.699659
24,86,0.70147
24,87,0.703458
24,88,0.705254
24,89,0.706457
24,90,0.706764
24,91,0.706081
24,92,0.704588
24,93,0.702716
24,94,0.701019
24,95,0.700017
25,0,0.695865
25,1,0.696591
25,2,0.698012
25,3,0.700048
25,4,0.702541
25,5,0.705248
25,6,0.70786
25,7,0.710052
25,8,0.711558
25,9,0.712219
25,10,0.712007
25,11,0.711023
25,12,0.709455
25,13,0.70753
25,14,0.705482
25,15,0.703525
25,16,0.701841
25,17,0.70058
25,18,0.699845
25,19,0.699679
25,20,0.700064
25,21,0.700906
25,22,0.702054
25,23,0.703309
25,24,0.704448
25,25,0.705252
25,26,0.705533
25,27,0.705154
25,28,0.704057
25,29,0.702286
25,30,0.699996
25,31,0.697447
25,32,0.694981
25,33,0.692952
25,34,0.691681
25,35,0.691362
25,36,0.692036
25,37,0.693563
25,38,0.695655
25,39,0.697927
25,40,0.699977
25,41,0.701443
25,42,0.702061
25,43,0.701698
25,44,0.70035
25,45,0.69813
25,46,0.695242
25,47,0.691943
25,48,0.688507
25,49,0.685194
25,50,0.682221
25,51,0.679757
25,52,0.677915
25,53,0.676764
25,54,0.676338
25,55,0.67664
25,56,0.677649
25,57,0.679306
25,58,0.681518
25,59,0.684152
25,60,0.687042
25,61,0.690007
25,62,0.692855
25,63,0.695408
25,64,0.697522
25,65,0.699096
25,66,0.700107
25,67,0.7006
25,68,0.700697
25,69,0.700554
25,70,0.700321
25,71,0.700105
25,72,0.699936
25,73,0.699782
25,74,0.699581
25,75,0.699278
25,76,0.698855
25,77,0.698348
25,78,0.697833
25,79,0.697398
25,80,0.69713
25,81,0.697108
25,82,0.697399
25,83,0.698063
25,84,0.699137
25,85,0.700599
25,86,0.702335
25,87,0.704123
25,88,0.705651
25,89,0.706588
25,90,0.706692
25,91,0.705904
25,92,0.704404
25,93,0.702593
25,94,0.700976
25,95,0.700027
26,0,0.694335
26,1,0.695071
26,2,0.69653
26,3,0.698657
26,4,0.701318
26,5,0.704275
26,6,0.707201
26,7,0.709732
26,8,0.711545
26,9,0.712427
26,10,0.712309
26,11,0.711275
26,12,0.709523
26,13,0.707316
26,14,0.70494
26,15,0.702666
26,16,0.700728
26,17,0.699311
26,18,0.69853
26,19,0.698415
26,20,0.698914
26,21,0.699887
26,22,0.701138
26,23,0.702432
26,24,0.703541
26,25,0.704262
26,26,0.704442
26,27,0.703992
26,28,0.702892
26,29,0.701204
26,30,0.699079
26,31,0.696751
26,32,0.69452
26,33,0.692698
26,34,0.691574
26,35,0.691331
26,36,0.692017
26,37,0.69352
26,38,0.695583
26,39,0.697853
26,40,0.699948
26,41,0.701511
26,42,0.702275
26,43,0.702096
26,44,0.700963
26,45,0.698986
26,46,0.696364
26,47,0.693348
26,48,0.690194
26,49,0.687129
26,50,0.684335
26,51,0.681948
26,52,0.680064
26,53,0.678756
26,54,0.67808
26,55,0.678074
26,56,0.678753
26,57,0.680094
26,58,0.682028
26,59,0.684443
26,60,0.687184
26,61,0.690071
26,62,0.692902
26,63,0.695475
26,64,0.697614
26,65,0.699184
26,66,0.700138
26,67,0.700518
26,68,0.700457
26,69,0.70014
26,70,0.699745
26,71,0.699401
26,72,0.699146
26,73,0.698943
26,74,0.698721
26,75,0.698417
26,76,0.698016
26,77,0.69757
26,78,0.697178
26,79,0.696947
26,80,0.696968
26,81,0.697299
26,82,0.697962
26,83,0.698948
26,84,0.700222
26,85,0.701709
26,86,0.703275
26,87,0.704719
26,88,0.705792
26,89,0.706244
26,90,0.705913
26,91,0.704794
26,92,0.703087
26,93,0.701175
26,94,0.699527
26,95,0.698575
27,0,0.69338
27,1,0.69409
27,2,0.69551
27,3,0.697606
27,4,0.700269
27,5,0.703274
27,6,0.706294
27,7,0.708946
27,8,0.710878
27,9,0.711842
27,10,0.711742
27,11,0.710648
27,12,0.708761
27,13,0.70637
27,14,0.703791
27,15,0.701335
27,16,0.699266
27,17,0.697788
27,18,0.697022
27,19,0.696988
27,20,0.697607
27,21,0.698708
27,22,0.700059
27,23,0.701405
27,24,0.702512
27,25,0.703195
27,26,0.703337
27,27,0.702888
27,28,0.701864
27,29,0.700345
27,30,0.698472
27,31,0.696444
27,32,0.694512
27,33,0.692935
27,34,0.691964
27,35,0.691764
27,36,0.692395
27,37,0.693781
27,38,0.695711
27,39,0.697879
27,40,0.699931
27,41,0.701524
27,42,0.702388
27,43,0.702369
27,44,0.701446
27,45,0.699723
27,46,0.697397
27,47,0.694705
27,48,0.691886
27,49,0.689135
27,50,0.686593
27,51,0.684361
27,52,0.682514
27,53,0.68112
27,54,0.680248
27,55,0.679966
27,56,0.680319
27,57,0.681319
27,58,0.68293
27,59,0.685069
27,60,0.687608
27,61,0.690376
27,62,0.693173
27,63,0.695776
27,64,0.697977
27,65,0.699608
27,66,0.700592
27,67,0.70096
27,68,0.700848
27,69,0.700458
27,70,0.699986
27,71,0.699573
27,72,0.699258
27,73,0.698998
27,74,0.698712
27,75,0.698335
27,76,0.697863
27,77,0.697369
27,78,0.696983
27,79,0.696839
27,80,0.69704
27,81,0.697629
27,82,0.698584
27,83,0.699827
27,84,0.701249
27,85,0.702708
27,86,0.704039
27,87,0.705057
27,88,0.705564
27,89,0.705393
27,90,0.704468
27,91,0.702853
27,92,0.70078
27,93,0.698635
27,94,0.69686
27,95,0.695855
28,0,0.692934
28,1,0.693592
28,2,0.694917
28,3,0.696889
28,4,0.699417
28,5,0.702294
28,6,0.705206
28,7,0.707771
28,8,0.709635
28,9,0.710536
28,10,0.710367
28,11,0.709192
28,12,0.707216
28,13,0.704735
28,14,0.702085
28,15,0.699587
28,16,0.697517
28,17,0.696082
28,18,0.695397
28,19,0.69547
28,20,0.696208
28,21,0.69742
28,22,0.698859
28,23,0.700259
28,24,0.701388
28,25,0.702079
28,26,0.702241
28,27,0.701861
28,28,0.70098
28,29,0.699693
28,30,0.698127
28,31,0.696446
28,32,0.694847
28,33,0.693535
28,34,0.692713
28,35,0.69253
28,36,0.693059
28,37,0.694262
28,38,0.695986
28,39,0.697975
28,40,0.699917
28,41,0.701484
28,42,0.702403
28,43,0.702508
28,44,0.701766
28,45,0.700273
28,46,0.69822
28,47,0.695837
28,48,0.693346
28,49,0.690915
28,50,0.688652
28,51,0.686622
28,52,0.684875
28,53,0.683469
28,54,0.682478
28,55,0.681982
28,56,0.682054
28,57,0.682732
28,58,0.68402
28,59,0.68587
28,60,0.688189
28,61,0.690829
28,62,0.693597
28,63,0.696255
28,64,0.698566
28,65,0.700326
28,66,0.701429
28,67,0.701885
28,68,0.701828
28,69,0.701465
28,70,0.701
28,71,0.700574
28,72,0.700225
28,73,0.6999
28,74,0.699512
28,75,0.698996
28,76,0.698363
28,77,0.697711
28,78,0.697201
28,79,0.697001
28,80,0.697231
28,81,0.697931
28,82,0.699045
28,83,0.700438
28,84,0.701929
28,85,0.703314
28,86,0.704386
28,87,0.70496
28,88,0.704879
28,89,0.704048
28,90,0.702473
28,91,0.700287
28,92,0.69777
28,93,0.695315
28,94,0.693355
28,95,0.692265
29,0,0.692886
29,1,0.693482
29,2,0.694682
29,3,0.696472
29,4,0.698771
29,5,0.701387
29,6,0.704027
29,7,0.70633
29,8,0.707959
29,9,0.708662
29,10,0.708337
29,11,0.707053
29,12,0.705017
29,13,0.702529
29,14,0.699923
29,15,0.697516
29,16,0.695569
29,17,0.694274
29,18,0.69373
29,19,0.693932
29,20,0.694779
29,21,0.696077
29,22,0.69758
29,23,0.699025
29,24,0.700189
29,25,0.70092
29,26,0.701149
29,27,0.700885
29,28,0.700193
29,29,0.699171
29,30,0.697938
29,31,0.696623
29,32,0.695371
29,33,0.694332
29,34,0.693666
29,35,0.693498
29,36,0.693913
29,37,0.694911
29,38,0.696397
29,39,0.69817
29,40,0.699958
29,41,0.701452
29,42,0.702378
29,43,0.702555
29,44,0.701936
29,45,0.700608
29,46,0.698758
29,47,0.696613
29,48,0.694386
29,49,0.692229
29,50,0.690224
29,51,0.68841
29,52,0.686812
29,53,0.685471
29,54,0.68445
29,55,0.683833
29,56,0.683701
29,57,0.684119
29,58,0.685122
29,59,0.686707
29,60,0.688819
29,61,0.691344
29,62,0.694097
29,63,0.696835
29,64,0.699292
29,65,0.701232
29,66,0.702518
29,67,0.703141
29,68,0.703224
29,69,0.70297
29,70,0.702581
29,71,0.702193
29,72,0.701836
29,73,0.701446
29,74,0.700932
29,75,0.700231
29,76,0.699369
29,77,0.698467
29,78,0.697719
29,79,0.697323
29,80,0.697424
29,81,0.698065
29,82,0.699175
29,83,0.700582
29,84,0.702047
29,85,0.703309
29,86,0.704123
29,87,0.704291
29,88,0.703681
29,89,0.702251
29,90,0.700075
29,91,0.69735
29,92,0.694399
29,93,0.691634
29,94,0.689481
29,95,0.688302
30,0,0.693119
30,1,0.693652
30,2,0.69472
30,3,0.696303
30,4,0.698318
30,5,0.700589
30,6,0.702844
30,7,0.704757
30,8,0.706022
30,9,0.706417
30,10,0.705862
30,11,0.70444
30,12,0.702363
30,13,0.69993
30,14,0.697462
30,15,0.695253
30,16,0.693531
30,17,0.692454
30,18,0.692095
30,19,0.692434
30,20,0.69337
30,21,0.694719
30,22,0.696252
30,23,0.69772
30,24,0.698918
30,25,0.699704
30,26,0.700026
30,27,0.699904
30,28,0.699417
30,29,0.698667
30,30,0.697764
30,31,0.696808
30,32,0.695902
30,33,0.695145
30,34,0.694653
30,35,0.694528
30,36,0.694859
30,37,0.695679
30,38,0.696939
30,39,0.698494
30,40,0.70011
30,41,0.701495
30,42,0.702374
30,43,0.702556
30,44,0.701977
30,45,0.700717
30,46,0.698962
30,47,0.696943
30,48,0.694876
30,49,0.692908
30,50,0.69111
30,51,0.689502
30,52,0.688088
30,53,0.686884
30,54,0.685932
30,55,0.685301
30,56,0.68507
30,57,0.685316
30,58,0.686105
30,59,0.687474
30,60,0.689414
30,61,0.691841
30,62,0.694592
30,63,0.697415
30,64,0.700027
30,65,0.702164
30,66,0.703661
30,67,0.704491
30,68,0.704764
30,69,0.704673
30,70,0.70441
30,71,0.704101
30,72,0.703762
30,73,0.703319
30,74,0.702675
30,75,0.701773
30,76,0.70065
30,77,0.699449
30,78,0.698387
30,79,0.697689
30,80,0.697523
30,81,0.697949
30,82,0.698893
30,83,0.700168
30,84,0.701501
30,85,0.702592
30,86,0.703161
30,87,0.702993
30,88,0.701967
30,89,0.700075
30,90,0.697436
30,91,0.694297
30,92,0.691012
30,93,0.688008
30,94,0.685707
30,95,0.684458
31,0,0.693559
31,1,0.694032
31,2,0.69497
31,3,0.696339
31,4,0.698048
31,5,0.699928
31,6,0.701733
31,7,0.703176
31,8,0.703994
31,9,0.704007
31,10,0.703171
31,11,0.701588
31,12,0.699483
31,13,0.697149
31,14,0.694884
31,15,0.692946
31,16,0.691515
31,17,0.690705
31,18,0.690551
31,19,0.691018
31,20,0.692011
31,21,0.693368
31,22,0.694889
31,23,0.696351
31,24,0.697568
31,25,0.698409
31,26,0.698826
31,27,0.698848
31,28,0.698556
31,29,0.698057
31,30,0.697454
31,31,0.696829
31,32,0.696252
31,33,0.695782
31,34,0.695495
31,35,0.695466
31,36,0.695779
31,37,0.696487
31,38,0.697579
31,39,0.698948
31,40,0.700395
31,41,0.701647
31,42,0.702429
31,43,0.702541
31,44,0.701907
31,45,0.700602
31,46,0.698817
31,47,0.696794
31,48,0.694761
31,49,0.692877
31,50,0.691215
31,51,0.689789
31,52,0.688582
31,53,0.68758
31,54,0.686794
31,55,0.686261
31,56,0.686046
31,57,0.686225
31,58,0.686886
31,59,0.688103
31,60,0.68991
31,61,0.692257
31,62,0.695
31,63,0.69789
31,64,0.70063
31,65,0.702938
31,66,0.704631
31,67,0.705665
31,68,0.70614
31,69,0.706235
31,70,0.70613
31,71,0.705929
31,72,0.705635
31,73,0.705162
31,74,0.704409
31,75,0.703322
31,76,0.70195
31,77,0.700449
31,78,0.699051
31,79,0.698001
31,80,0.697486
31,81,0.697581
31,82,0.698228
31,83,0.699241
31,84,0.70034
31,85,0.701207
31,86,0.701541
31,87,0.701115
31,88,0.699806
31,89,0.697624
31,90,0.694712
31,91,0.69134
31,92,0.687882
31,93,0.684764
31,94,0.682401
31,95,0.681125
32,0,0.69418
32,1,0.694594
32,2,0.695403
32,3,0.696554
32,4,0.697946
32,5,0.699415
32,6,0.70074
32,7,0.701676
32,8,0.702009
32,9,0.701607
32,10,0.700466
32,11,0.698719
32,12,0.696599
32,13,0.694393
32,14,0.692371
32,15,0.690744
32,16,0.689635
32,17,0.689104
32,18,0.689146
32,19,0.689712
32,20,0.690719
32,21,0.692037
32,22,0.693503
32,23,0.694928
32,24,0.696144
32,25,0.697028
32,26,0.697531
32,27,0.697679
32,28,0.697554
32,29,0.697262
32,30,0.696908
32,31,0.696566
32,32,0.696286
32,33,0.696099
32,34,0.696046
32,35,0.696176
32,36,0.696558
32,37,0.697248
32,38,0.698254
32,39,0.699498
32,40,0.700804
32,41,0.701913
32,42,0.702555
32,43,0.702526
32,44,0.701746
32,45,0.700288
32,46,0.698352
32,47,0.696199
32,48,0.694079
32,49,0.692176
32,50,0.690577
32,51,0.689298
32,52,0.688308
32,53,0.68756
32,54,0.687025
32,55,0.686696
32,56,0.686607
32,57,0.686823
32,58,0.687446
32,59,0.688577
32,60,0.690287
32,61,0.69256
32,62,0.695272
32,63,0.698182
32,64,0.700988
32,65,0.703403
32,66,0.705235
32,67,0.706431
32,68,0.707082
32,69,0.707356
32,70,0.707413
32,71,0.707338
32,72,0.707113
32,73,0.706641
32,74,0.705817
32,75,0.704592
32,76,0.703022
32,77,0.701271
32,78,0.699577
32,79,0.698194
32,80,0.697315
32,81,0.697033
32,82,0.697307
32,83,0.697969
32,84,0.698752
32,85,0.699343
32,86,0.699442
32,87,0.698816
32,88,0.697344
32,89,0.695037
32,90,0.692044
32,91,0.688638
32,92,0.685187
32,93,0.682103
32,94,0.67978
32,95,0.678531
33,0,0.695012
33,1,0.69536
33,2,0.696027
33,3,0.696945
33,4,0.698007
33,5,0.699055
33,6,0.699896
33,7,0.700321
33,8,0.70017
33,9,0.699358
33,10,0.697923
33,11,0.696027
33,12,0.693913
33,13,0.691857
33,14,0.690097
33,15,0.688789
33,16,0.687997
33,17,0.687722
33,18,0.687924
33,19,0.688544
33,20,0.689518
33,21,0.690752
33,22,0.692127
33,23,0.693488
33,24,0.694686
33,25,0.695599
33,26,0.696172
33,27,0.69642
33,28,0.696419
33,29,0.696279
33,30,0.696108
33,31,0.695985
33,32,0.695952
33,33,0.696026
33,34,0.696224
33,35,0.696568
33,36,0.697104
33,37,0.697876
33,38,0.698895
33,39,0.700088
33,40,0.701294
33,41,0.702267
33,42,0.702745
33,43,0.702523
33,44,0.701524
33,45,0.699828
33,46,0.697646
33,47,0.695262
33,48,0.692959
33,49,0.690949
33,50,0.689348
33,51,0.688183
33,52,0.68741
33,53,0.686952
33,54,0.686731
33,55,0.686688
33,56,0.686816
33,57,0.687159
33,58,0.68782
33,59,0.68892
33,60,0.690559
33,61,0.69275
33,62,0.69539
33,63,0.698251
33,64,0.701038
33,65,0.703467
33,66,0.705347
33,67,0.70663
33,68,0.707401
33,69,0.707817
33,70,0.708018
33,71,0.708067
33,72,0.707929
33,73,0.707492
33,74,0.706649
33,75,0.705354
33,76,0.703669
33,77,0.701761
33,78,0.699867
33,79,0.698234
33,80,0.697055
33,81,0.696427
33,82,0.696325
33,83,0.696607
33,84,0.697032
33,85,0.697313
33,86,0.697167
33,87,0.696375
33,88,0.694818
33,89,0.692507
33,90,0.689585
33,91,0.686308
33,92,0.68302
33,93,0.680104
33,94,0.677917
33,95,0.676744
34,0,0.696115
34,1,0.696381
34,2,0.696878
34,3,0.697536
34,4,0.698247
34,5,0.698866
34,6,0.699228
34,7,0.699164
34,8,0.698558
34,9,0.697372
34,10,0.695681
34,11,0.693672
34,12,0.691594
34,13,0.689706
34,14,0.688208
34,15,0.687202
34,16,0.68669
34,17,0.686624
34,18,0.686931
34,19,0.687551
34,20,0.688444
34,21,0.68956
34,22,0.690822
34,23,0.692107
34,24,0.693279
34,25,0.694215
34,26,0.694843
34,27,0.695163
34,28,0.695244
34,29,0.695195
34,30,0.695135
34,31,0.695154
34,32,0.695304
34,33,0.6956
34,34,0.696044
34,35,0.696637
34,36,0.697395
34,37,0.698338
34,38,0.699458
34,39,0.700679
34,40,0.701839
34,41,0.702698
34,42,0.703005
34,43,0.702565
34,44,0.701306
34,45,0.699321
34,46,0.696837
34,47,0.694161
34,48,0.691612
34,49,0.689438
34,50,0.687788
34,51,0.686705
34,52,0.686139
34,53,0.685982
34,54,0.686105
34,55,0.686397
34,56,0.686802
34,57,0.687334
34,58,0.688089
34,59,0.689197
34,60,0.690778
34,61,0.692868
34,62,0.695383
34,63,0.698115
34,64,0.700781
34,65,0.703114
34,66,0.704936
34,67,0.706207
34,68,0.707015
34,69,0.707508
34,70,0.707812
34,71,0.707968
34,72,0.707923
34,73,0.707553
34,74,0.706748
34,75,0.705465
34,76,0.703771
34,77,0.701831
34,78,0.699873
34,79,0.698128
34,80,0.696776
34,81,0.695908
34,82,0.695506
34,83,0.695449
34,84,0.69553
34,85,0.695494
34,86,0.695095
34,87,0.69414
34,88,0.692525
34,89,0.690265
34,90,0.687492
34,91,0.684438
34,92,0.681412
34,93,0.678748
34,94,0.676763
34,95,0.675701
35,0,0.697538
35,1,0.697702
35,2,0.697997
35,3,0.698359
35,4,0.698695
35,5,0.698881
35,6,0.69878
35,7,0.698264
35,8,0.697255
35,9,0.695754
35,10,0.693867
35,11,0.691796
35,12,0.689789
35,13,0.688083
35,14,0.686833
35,15,0.686088
35,16,0.685797
35,17,0.685868
35,18,0.686212
35,19,0.686776
35,20,0.687554
35,21,0.688534
35,22,0.689681
35,23,0.690897
35,24,0.692054
35,25,0.693016
35,26,0.693693
35,27,0.694065
35,28,0.694189
35,29,0.694176
35,30,0.694157
35,31,0.694242
35,32,0.694502
35,33,0.694964
35,34,0.695625
35,35,0.696469
35,36,0.697485
35,37,0.698657
35,38,0.699949
35,39,0.701262
35,40,0.702426
35,41,0.703205
35,42,0.703357
35,43,0.702699
35,44,0.701176
35,45,0.698891
35,46,0.69609
35,47,0.693108
35,48,0.690292
35,49,0.687931
35,50,0.686207
35,51,0.68518
35,52,0.6848
35,53,0.684928
35,54,0.685392
35,55,0.686026
35,56,0.686726
35,57,0.687475
35,58,0.688352
35,59,0.689487
35,60,0.691011
35,61,0.692974
35,62,0.695312
35,63,0.697832
35,64,0.700276
35,65,0.7024
35,66,0.704047
35,67,0.705196
35,68,0.705941
35,69,0.706431
35,70,0.706778
35,71,0.707008
35,72,0.707053
35,73,0.706779
35,74,0.706073
35,75,0.704893
35,76,0.703307
35,77,0.701474
35,78,0.69961
35,79,0.697924
35,80,0.696573
35,81,0.695629
35,82,0.69507
35,83,0.694783
35,84,0.694589
35,85,0.69427
35,86,0.693621
35,87,0.692486
35,88,0.690791
35,89,0.688565
35,90,0.685936
35,91,0.683112
35,92,0.680363
35,93,0.677974
35,94,0.676208
35,95,0.675267
36,0,0.699294
36,1,0.699338
36,2,0.699402
36,3,0.699443
36,4,0.699389
36,5,0.699148
36,6,0.698617
36,7,0.697702
36,8,0.696359
36,9,0.694619
36,10,0.692608
36,11,0.690535
36,12,0.688635
36,13,0.687115
36,14,0.686084
36,15,0.685541
36,16,0.68539
36,17,0.685513
36,18,0.685819
36,19,0.686277
36,20,0.686915
36,21,0.687763
36,22,0.688815
36,23,0.689991
36,24,0.691158
36,25,0.692164
36,26,0.692893
36,27,0.693306
36,28,0.693445
36,29,0.693424
36,30,0.693386
36,31,0.693468
36,32,0.693766
36,33,0.694327
36,34,0.695154
36,35,0.696222
36,36,0.697492
36,37,0.698915
36,38,0.700415
36,39,0.701863
36,40,0.703073
36,41,0.703806
36,42,0.703832
36,43,0.702982
36,44,0.701218
36,45,0.698659
36,46,0.695568
36,47,0.692303
36,48,0.68924
36,49,0.686702
36,50,0.684899
36,51,0.683911
36,52,0.683684
36,53,0.684058
36,54,0.684822
36,55,0.685763
36,56,0.686737
36,57,0.687695
36,58,0.688695
36,59,0.689861
36,60,0.69132
36,61,0.693131
36,62,0.695241
36,63,0.697477
36,64,0.699606
36,65,0.701415
36,66,0.702776
36,67,0.703691
36,68,0.704272
36,69,0.70467
36,70,0.704994
36,71,0.705262
36,72,0.705393
36,73,0.705247
36,74,0.704704
36,75,0.703722
36,76,0.702361
36,77,0.700776
36,78,0.699165
36,79,0.697715
36,80,0.696554
36,81,0.695728
36,82,0.695196
36,83,0.69484
36,84,0.694491
36,85,0.693959
36,86,0.69308
36,87,0.691742
36,88,0.689912
36,89,0.687645
36,90,0.68508
36,91,0.682414
36,92,0.679884
36,93,0.677726
36,94,0.676152
36,95,0.67532
37,0,0.70133
37,1,0.701247
37,2,0.701073
37,3,0.700789
37,4,0.700358
37,5,0.699724
37,6,0.698816
37,7,0.697573
37,8,0.695979
37,9,0.694086
37,10,0.69203
37,11,0.690015
37,12,0.688254
37,13,0.686914
37,14,0.686058
37,15,0.685639
37,16,0.685533
37,17,0.685613
37,18,0.685804
37,19,0.686109
37,20,0.686596
37,21,0.687329
37,22,0.688325
37,23,0.689503
37,24,0.690719
37,25,0.691795
37,26,0.692591
37,27,0.693043
37,28,0.693183
37,29,0.693124
37,30,0.693027
37,31,0.693052
37,32,0.693323
37,33,0.693913
37,34,0.694838
37,35,0.696072
37,36,0.697556
37,37,0.699208
37,38,0.700912
37,39,0.702509
37,40,0.703789
37,41,0.704509
37,42,0.704445
37,43,0.703444
37,44,0.701486
37,45,0.698706
37,46,0.695382
37,47,0.691891
37,48,0.688633
37,49,0.685955
37,50,0.684089
37,51,0.683127
37,52,0.683015
37,53,0.683574
37,54,0.684565
37,55,0.685744
37,56,0.686935
37,57,0.688063
37,58,0.689165
37,59,0.690348
37,60,0.691731
37,61,0.693368
37,62,0.695209
37,63,0.697102
37,64,0.69884
37,65,0.700245
37,66,0.701224
37,67,0.70181
37,68,0.702136
37,69,0.702365
37,70,0.702611
37,71,0.702889
37,72,0.703113
37,73,0.703134
37,74,0.702825
37,75,0.702131
37,76,0.701107
37,77,0.699895
37,78,0.698677
37,79,0.697619
37,80,0.696824
37,81,0.696306
37,82,0.695994
37,83,0.695748
37,84,0.695392
37,85,0.694747
37,86,0.693679
37,87,0.692119
37,88,0.690084
37,89,0.687673
37,90,0.685051
37,91,0.682421
37,92,0.679998
37,93,0.677984
37,94,0.676541
37,95,0.675787
38,0,0.703509
38,1,0.703309
38,2,0.702919
38,3,0.702349
38,4,0.701596
38,5,0.700639
38,6,0.69944
38,7,0.697964
38,8,0.696217
38,9,0.694264
38,10,0.692242
38,11,0.690339
38,12,0.688737
38,13,0.687558
38,14,0.686818
38,15,0.686433
38,16,0.686265
38,17,0.686201
38,18,0.686198
38,19,0.686306
38,20,0.686635
38,21,0.687278
38,22,0.688259
38,23,0.689488
38,24,0.690797
38,25,0.691977
38,26,0.69286
38,27,0.693362
38,28,0.693504
38,29,0.693402
38,30,0.693227
38,31,0.693162
38,32,0.693357
38,33,0.693911
38,34,0.694859
38,35,0.696178
38,36,0.6978
38,37,0.699619
38,38,0.701488
38,39,0.703215
38,40,0.70457
38,41,0.705299
38,42,0.705183
38,43,0.704082
38,44,0.701988
38,45,0.699054
38,46,0.695572
38,47,0.691931
38,48,0.688547
38,49,0.685781
38,50,0.683878
38,51,0.682934
38,52,0.682892
38,53,0.683562
38,54,0.68469
38,55,0.686016
38,56,0.687346
38,57,0.688587
38,58,0.689757
38,59,0.69094
38,60,0.692232
38,61,0.693676
38,62,0.695221
38,63,0.696727
38,64,0.69802
38,65,0.698956
38,66,0.699483
38,67,0.699672
38,68,0.69968
38,69,0.699689
38,70,0.699826
38,71,0.700109
38,72,0.700448
38,73,0.700686
38,74,0.700681
38,75,0.700363
38,76,0.699767
38,77,0.699022
38,78,0.698298
38,79,0.697746
38,80,0.697448
38,81,0.69739
38,82,0.697465
38,83,0.697496
38,84,0.69728
38,85,0.69663
38,86,0.695429
38,87,0.693646
38,88,0.69135
38,89,0.688696
38,90,0.685894
38,91,0.683168
38,92,0.680732
38,93,0.678759
38,94,0.677375
38,95,0.676663
39,0,0.705599
39,1,0.705314
39,2,0.704768
39,3,0.703996
39,4,0.703025
39,5,0.701861
39,6,0.700493
39,7,0.698905
39,8,0.697118
39,9,0.695203
39,10,0.69329
39,11,0.691544
39,12,0.690109
39,13,0.689058
39,14,0.688365
39,15,0.687918
39,16,0.687583
39,17,0.687274
39,18,0.687001
39,19,0.686869
39,20,0.68703
39,21,0.6876
39,22,0.688602
39,23,0.689923
39,24,0.691363
39,25,0.69268
39,26,0.693679
39,27,0.694255
39,28,0.694422
39,29,0.694294
39,30,0.69405
39,31,0.693886
39,32,0.693974
39,33,0.694435
39,34,0.695323
39,35,0.696628
39,36,0.698286
39,37,0.700179
39,38,0.70214
39,39,0.703955
39,40,0.705371
39,41,0.706124
39,42,0.705993
39,43,0.704842
39,44,0.702678
39,45,0.699663
39,46,0.6961
39,47,0.692389
39,48,0.688951
39,49,0.686151
39,50,0.684236
39,51,0.683299
39,52,0.683279
39,53,0.683983
39,54,0.685154
39,55,0.686533
39,56,0.687923
39,57,0.68922
39,58,0.690422
39,59,0.691586
39,60,0.692779
39,61,0.69402
39,62,0.695251
39,63,0.696348
39,64,0.697163
39,65,0.697595
39,66,0.697636
39,67,0.697394
39,68,0.697058
39,69,0.696834
39,70,0.696862
39,71,0.697169
39,72,0.697662
39,73,0.698174
39,74,0.698538
39,75,0.698661
39,76,0.698553
39,77,0.698327
39,78,0.698144
39,79,0.698151
39,80,0.698418
39,81,0.698911
39,82,0.699485
39,83,0.699917
39,84,0.699962
39,85,0.699407
39,86,0.698137
39,87,0.696151
39,88,0.693572
39,89,0.690616
39,90,0.68755
39,91,0.684633
39,92,0.68209
39,93,0.68008
39,94,0.6787
39,95,0.677999
40,0,0.707322
40,1,0.707001
40,2,0.706391
40,3,0.705543
40,4,0.7045
40,5,0.703285
40,6,0.701899
40,7,0.70034
40,8,0.698635
40,9,0.696853
40,10,0.695116
40,11,0.69356
40,12,0.692286
40,13,0.691324
40,14,0.690607
40,15,0.690008
40,16,0.689408
40,17,0.688768
40,18,0.688155
40,19,0.687738
40,20,0.687713
40,21,0.688213
40,22,0.689249
40,23,0.690684
40,24,0.69228
40,25,0.693764
40,26,0.694911
40,27,0.695602
40,28,0.695839
40,29,0.69573
40,30,0.695454
40,31,0.69521
40,32,0.69518
40,33,0.6955
40,34,0.696246
40,35,0.69743
40,36,0.699002
40,37,0.700855
40,38,0.702817
40,39,0.704659
40,40,0.706115
40,41,0.706903
40,42,0.706793
40,43,0.70565
40,44,0.703481
40,45,0.700457
40,46,0.696887
40,47,0.693176
40,48,0.689744
40,49,0.686952
40,50,0.68504
40,51,0.684093
40,52,0.684047
40,53,0.684713
40,54,0.685846
40,55,0.6872
40,56,0.688586
40,57,0.689896
40,58,0.691107
40,59,0.692243
40,60,0.693333
40,61,0.69437
40,62,0.695285
40,63,0.695968
40,64,0.696302
40,65,0.69623
40,66,0.695787
40,67,0.695122
40,68,0.694457
40,69,0.694019
40,70,0.693967
40,71,0.694333
40,72,0.695023
40,73,0.695853
40,74,0.696629
40,75,0.697223
40,76,0.697619
40,77,0.697912
40,78,0.698258
40,79,0.69881
40,80,0.699639
40,81,0.700698
40,82,0.70181
40,83,0.702705
40,84,0.703084
40,85,0.7027
40,86,0.701426
40,87,0.699283
40,88,0.696444
40,89,0.693189
40,90,0.689843
40,91,0.686709
40,92,0.684029
40,93,0.681952
40,94,0.680551
40,95,0.679848
41,0,0.708419
41,1,0.70812
41,2,0.707556
41,3,0.706779
41,4,0.705832
41,5,0.70474
41,6,0.703502
41,7,0.702117
41,8,0.700612
41,9,0.699052
41,10,0.697541
41,11,0.696191
41,12,0.695063
41,13,0.694145
41,14,0.69334
41,15,0.692516
41,16,0.691579
41,17,0.690541
41,18,0.689538
41,19,0.688799
41,20,0.68856
41,21,0.688971
41,22,0.69003
41,23,0.691574
41,24,0.693333
41,25,0.695004
41,26,0.696339
41,27,0.697201
41,28,0.697576
41,29,0.69756
41,30,0.697316
41,31,0.697033
41,32,0.696892
41,33,0.697037
41,34,0.697566
41,35,0.698519
41,36,0.699883
41,37,0.701574
41,38,0.703437
41,39,0.705244
41,40,0.706716
41,41,0.707553
41,42,0.707506
41,43,0.706429
41,44,0.704321
41,45,0.701355
41,46,0.697841
41,47,0.694183
41,48,0.690797
41,49,0.688035
41,50,0.686123
41,51,0.68514
41,52,0.685022
41,53,0.685592
41,54,0.686628
41,55,0.687908
41,56,0.689256
41,57,0.690562
41,58,0.69178
41,59,0.692893
41,60,0.693891
41,61,0.694736
41,62,0.695352
41,63,0.695639
41,64,0.695519
41,65,0.694975
41,66,0.694088
41,67,0.693044
41,68,0.692092
41,69,0.691483
41,70,0.691388
41,71,0.691846
41,72,0.692758
41,73,0.69392
41,74,0.695108
41,75,0.696158
41,76,0.697022
41,77,0.697779
41,78,0.698585
41,79,0.699607
41,80,0.700928
41,81,0.702498
41,82,0.704116
41,83,0.705466
41,84,0.7062
41,85,0.706029
41,86,0.704812
41,87,0.702585
41,88,0.699561
41,89,0.69608
41,90,0.692521
41,91,0.689226
41,92,0.686451
41,93,0.684337
41,94,0.682935
41,95,0.68224
42,0,0.708708
42,1,0.708489
42,2,0.708079
42,3,0.707516
42,4,0.706828
42,5,0.706021
42,6,0.705083
42,7,0.704001
42,8,0.702795
42,9,0.701522
42,10,0.70027
42,11,0.699127
42,12,0.69812
42,13,0.697205
42,14,0.696265
42,15,0.695172
42,16,0.693862
42,17,0.6924
42,18,0.690984
42,19,0.689898
42,20,0.689417
42,21,0.689703
42,22,0.690747
42,23,0.692369
42,24,0.694276
42,25,0.696144
42,26,0.697706
42,27,0.698804
42,28,0.699404
42,29,0.699572
42,30,0.699443
42,31,0.69918
42,32,0.698948
42,33,0.698896
42,34,0.699142
42,35,0.699768
42,36,0.700808
42,37,0.702227
42,38,0.703901
42,39,0.705617
42,40,0.707088
42,41,0.707995
42,42,0.708061
42,43,0.707112
42,44,0.705135
42,45,0.70229
42,46,0.698883
42,47,0.695316
42,48,0.691997
42,49,0.689265
42,50,0.687336
42,51,0.686286
42,52,0.686055
42,53,0.686491
42,54,0.6874
42,55,0.68859
42,56,0.689898
42,57,0.691211
42,58,0.692452
42,59,0.693566
42,60,0.694497
42,61,0.695179
42,62,0.69553
42,63,0.69547
42,64,0.694951
42,65,0.694002
42,66,0.69274
42,67,0.691382
42,68,0.690202
42,69,0.689465
42,70,0.689353
42,71,0.68991
42,72,0.69103
42,73,0.692491
42,74,0.694039
42,75,0.695475
42,76,0.696721
42,77,0.697841
42,78,0.698998
42,79,0.700372
42,80,0.702066
42,81,0.704036
42,82,0.706065
42,83,0.707804
42,84,0.708863
42,85,0.708917
42,86,0.707811
42,87,0.70559
42,88,0.702503
42,89,0.698933
42,90,0.6953
42,91,0.691973
42,92,0.689212
42,93,0.687145
42,94,0.685796
42,95,0.685137
43,0,0.708163
43,1,0.708069
43,2,0.707896
43,3,0.707657
43,4,0.707348
43,5,0.706948
43,6,0.706418
43,7,0.705728
43,8,0.704884
43,9,0.703931
43,10,0.702947
43,11,0.701995
43,12,0.701081
43,13,0.70014
43,14,0.699045
43,15,0.697677
43,16,0.696004
43,17,0.694136
43,18,0.692323
43,19,0.690891
43,20,0.690146
43,21,0.690262
43,22,0.691235
43,23,0.69288
43,24,0.694897
43,25,0.696957
43,26,0.698777
43,27,0.700178
43,28,0.70109
43,29,0.701538
43,30,0.70161
43,31,0.70143
43,32,0.701137
43,33,0.700877
43,34,0.700792
43,35,0.701013
43,36,0.70164
43,37,0.702698
43,38,0.704116
43,39,0.705703
43,40,0.707172
43,41,0.708178
43,42,0.708411
43,43,0.707659
43,44,0.70588
43,45,0.703217
43,46,0.699963
43,47,0.696514
43,48,0.693268
43,49,0.690555
43,50,0.688587
43,51,0.687438
43,52,0.687068
43,53,0.687351
43,54,0.68813
43,55,0.68924
43,56,0.690531
43,57,0.691879
43,58,0.693176
43,59,0.694322
43,60,0.695224
43,61,0.695791
43,62,0.695937
43,63,0.695601
43,64,0.694771
43,65,0.693507
43,66,0.691959
43,67,0.690366
43,68,0.689014
43,69,0.688176
43,70,0.688043
43,71,0.688661
43,72,0.689923
43,73,0.691594
43,74,0.693397
43,75,0.695101
43,76,0.696607
43,77,0.697966
43,78,0.699342
43,79,0.700931
43,80,0.702856
43,81,0.705083
43,82,0.707391
43,83,0.70941
43,84,0.710724
43,85,0.71099
43,86,0.710039
43,87,0.707929
43,88,0.704928
43,89,0.701447
43,90,0.697926
43,91,0.694741
43,92,0.692144
43,93,0.690239
43,94,0.689023
43,95,0.688437
44,0,0.706939
44,1,0.706993
44,2,0.707098
44,3,0.707234
44,4,0.707361
44,5,0.707419
44,6,0.707339
44,7,0.707069
44,8,0.706599
44,9,0.705962
44,10,0.705223
44,11,0.704434
44,12,0.703586
44,13,0.702605
44,14,0.701365
44,15,0.699761
44,16,0.697786
44,17,0.695581
44,18,0.693428
44,19,0.691683
44,20,0.690667
44,21,0.690573
44,22,0.691409
44,23,0.693007
44,24,0.695082
44,25,0.697309
44,26,0.699401
44,27,0.701151
44,28,0.702447
44,29,0.703253
44,30,0.703599
44,31,0.703554
44,32,0.703225
44,33,0.702754
44,34,0.702312
44,35,0.702084
44,36,0.702243
44,37,0.702892
44,38,0.704017
44,39,0.705462
44,40,0.70694
44,41,0.708083
44,42,0.708537
44,43,0.708048
44,44,0.706532
44,45,0.704107
44,46,0.701049
44,47,0.697741
44,48,0.694574
44,49,0.691871
44,50,0.689844
44,51,0.688579
44,52,0.688059
44,53,0.688192
44,54,0.688854
44,55,0.689908
44,56,0.691212
44,57,0.692626
44,58,0.69401
44,59,0.695224
44,60,0.696141
44,61,0.69665
44,62,0.69667
44,63,0.696156
44,64,0.695123
44,65,0.693656
44,66,0.691923
44,67,0.69017
44,68,0.688687
44,69,0.687749
44,70,0.687551
44,71,0.688147
44,72,0.689432
44,73,0.691173
44,74,0.693081
44,75,0.694908
44,76,0.696537
44,77,0.698007
44,78,0.699478
44,79,0.701156
44,80,0.703176
44,81,0.705513
44,82,0.707953
44,83,0.710126
44,84,0.711608
44,85,0.712054
44,86,0.711296
44,87,0.709399
44,88,0.706641
44,89,0.703436
44,90,0.700223
44,91,0.697364
44,92,0.695085
44,93,0.693459
44,94,0.692451
44,95,0.691976
45,0,0.70533
45,1,0.705527
45,2,0.705902
45,3,0.706399
45,4,0.706941
45,5,0.707431
45,6,0.70777
45,7,0.707884
45,8,0.707746
45,9,0.707383
45,10,0.706846
45,11,0.706183
45,12,0.705382
45,13,0.704368
45,14,0.703026
45,15,0.701264
45,16,0.699091
45,17,0.696662
45,18,0.694268
45,19,0.692271
45,20,0.691002
45,21,0.690669
45,22,0.691307
45,23,0.692783
45,24,0.694847
45,25,0.697197
45,26,0.699546
45,27,0.70166
45,28,0.70337
45,29,0.704575
45,30,0.705231
45,31,0.705348
45,32,0.704999
45,33,0.704322
45,34,0.703519
45,35,0.702834
45,36,0.702518
45,37,0.702751
45,38,0.703586
45,39,0.704902
45,40,0.706414
45,41,0.70773
45,42,0.708453
45,43,0.70828
45,44,0.707082
45,45,0.704943
45,46,0.702119
45,47,0.698977
45,48,0.6959
45,49,0.69321
45,50,0.691124
45,51,0.689745
45,52,0.689083
45,53,0.689082
45,54,0.68965
45,55,0.690672
45,56,0.692008
45,57,0.693503
45,58,0.694987
45,59,0.696291
45,60,0.697261
45,61,0.697775
45,62,0.697757
45,63,0.697176
45,64,0.696062
45,65,0.694512
45,66,0.692696
45,67,0.690853
45,68,0.689264
45,69,0.6882
45,70,0.68786
45,71,0.68831
45,72,0.689463
45,73,0.6911
45,74,0.692942
45,75,0.694739
45,76,0.696362
45,77,0.697837
45,78,0.699312
45,79,0.700987
45,80,0.702995
45,81,0.70532
45,82,0.70776
45,83,0.709962
45,84,0.711521
45,85,0.712108
45,86,0.71157
45,87,0.709976
45,88,0.7076
45,89,0.704839
45,90,0.702106
45,91,0.699728
45,92,0.697893
45,93,0.696637
45,94,0.695894
45,95,0.695558
46,0,0.703682
46,1,0.703997
46,2,0.70459
46,3,0.705377
46,4,0.706249
46,5,0.707076
46,6,0.707739
46,7,0.708146
46,8,0.708259
46,9,0.708098
46,10,0.707708
46,11,0.707135
46,12,0.706372
46,13,0.705356
46,14,0.703983
46,15,0.702172
46,16,0.699937
46,17,0.697425
46,18,0.694917
46,19,0.692758
46,20,0.691276
46,21,0.690694
46,22,0.691083
46,23,0.692365
46,24,0.69434
46,25,0.696747
46,26,0.699303
46,27,0.701747
46,28,0.703852
46,29,0.705442
46,30,0.706396
46,31,0.706668
46,32,0.706297
46,33,0.705422
46,34,0.704278
46,35,0.703169
46,36,0.702418
46,37,0.702279
46,38,0.702864
46,39,0.704084
46,40,0.705661
46,41,0.707178
46,42,0.708198
46,43,0.70837
46,44,0.707522
46,45,0.705702
46,46,0.70314
46,47,0.700189
46,48,0.697224
46,49,0.694567
46,50,0.692443
46,51,0.690976
46,52,0.690201
46,53,0.690095
46,54,0.690593
46,55,0.691595
46,56,0.692962
46,57,0.694527
46,58,0.6961
46,59,0.697492
46,60,0.698536
46,61,0.699108
46,62,0.699136
46,63,0.698597
46,64,0.697524
46,65,0.696008
46,66,0.694202
46,67,0.692327
46,68,0.690643
46,69,0.68941
46,70,0.688832
46,71,0.688993
46,72,0.689842
46,73,0.691196
46,74,0.692804
46,75,0.694432
46,76,0.69595
46,77,0.697366
46,78,0.6988
46,79,0.700426
46,80,0.702363
46,81,0.704593
46,82,0.706933
46,83,0.709063
46,84,0.710619
46,85,0.711309
46,86,0.711004
46,87,0.709778
46,88,0.707886
46,89,0.70569
46,90,0.703554
46,91,0.701755
46,92,0.700436
46,93,0.699595
46,94,0.699142
46,95,0.698955
47,0,0.702309
47,1,0.7027
47,2,0.703433
47,3,0.704402
47,4,0.705476
47,5,0.706507
47,6,0.707362
47,7,0.707944
47,8,0.708207
47,9,0.708167
47,10,0.707869
47,11,0.70736
47,12,0.706644
47,13,0.705671
47,14,0.704353
47,15,0.702616
47,16,0.700464
47,17,0.698022
47,18,0.695535
47,19,0.693316
47,20,0.691678
47,21,0.690856
47,22,0.690965
47,23,0.691989
47,24,0.693797
47,25,0.696174
47,26,0.698852
47,27,0.701544
47,28,0.703966
47,29,0.705869
47,30,0.707062
47,31,0.707445
47,32,0.707036
47,33,0.705979
47,34,0.704542
47,35,0.703082
47,36,0.701984
47,37,0.701559
47,38,0.701965
47,39,0.70314
47,40,0.704808
47,41,0.706535
47,42,0.707848
47,43,0.70836
47,44,0.707859
47,45,0.706361
47,46,0.704073
47,47,0.701331
47,48,0.698503
47,49,0.695911
47,50,0.693791
47,51,0.692281
47,52,0.691441
47,53,0.691269
47,54,0.69172
47,55,0.692701
47,56,0.694076
47,57,0.695672
47,58,0.697291
47,59,0.69874
47,60,0.699856
47,61,0.700518
47,62,0.700658
47,63,0.700255
47,64,0.699328
47,65,0.697947
47,66,0.696234
47,67,0.694375
47,68,0.692599
47,69,0.691151
47,70,0.690237
47,71,0.689973
47,72,0.690356
47,73,0.69126
47,74,0.692488
47,75,0.693839
47,76,0.69519
47,77,0.696524
47,78,0.697921
47,79,0.699506
47,80,0.701363
47,81,0.703464
47,82,0.705646
47,83,0.707637
47,84,0.70913
47,85,0.709889
47,86,0.709817
47,87,0.708991
47,88,0.707637
47,89,0.706066
47,90,0.704579
47,91,0.703392
47,92,0.702599
47,93,0.702168
47,94,0.701993
47,95,0.701946
48,0,0.701389
48,1,0.701814
48,2,0.702603
48,3,0.703642
48,4,0.704788
48,5,0.705885
48,6,0.706803
48,7,0.707443
48,8,0.707762
48,9,0.707776
48,10,0.707528
48,11,0.707072
48,12,0.706423
48,13,0.705548
48,14,0.704372
48,15,0.702823
48,16,0.700889
48,17,0.698655
48,18,0.696317
48,19,0.69414
48,20,0.692412
48,21,0.691377
48,22,0.691193
48,23,0.691914
48,24,0.693479
48,25,0.695729
48,26,0.698415
48,27,0.70123
48,28,0.703843
48,29,0.70594
48,30,0.707272
48,31,0.7077
48,32,0.707228
48,33,0.706015
48,34,0.704359
48,35,0.702656
48,36,0.701335
48,37,0.700741
48,38,0.701061
48,39,0.702245
48,40,0.704017
48,41,0.705933
48,42,0.707498
48,43,0.7083
48,44,0.708101
48,45,0.706891
48,46,0.70486
48,47,0.702328
48,48,0.699656
48,49,0.697167
48,50,0.6951
48,51,0.693607
48,52,0.69276
48,53,0.69257
48,54,0.692997
48,55,0.693953
48,56,0.695301
48,57,0.696873
48,58,0.698475
48,59,0.699931
48,60,0.701091
48,61,0.701848
48,62,0.70214
48,63,0.701937
48,64,0.701235
48,65,0.700068
48,66,0.698514
48,67,0.69671
48,68,0.694845
48,69,0.693143
48,70,0.691815
48,71,0.691012
48,72,0.690794
48,73,0.691114
48,74,0.69185
48,75,0.692851
48,76,0.694007
48,77,0.695273
48,78,0.696673
48,79,0.698264
48,80,0.700074
48,81,0.702056
48,82,0.704064
48,83,0.705882
48,84,0.707275
48,85,0.708072
48,86,0.708217
48,87,0.707789
48,88,0.706977
48,89,0.706032
48,90,0.705179
48,91,0.704573
48,92,0.704262
48,93,0.704193
48,94,0.704252
48,95,0.70432
49,0,0.700939
49,1,0.70136
49,2,0.702138
49,3,0.703155
49,4,0.704267
49,5,0.705324
49,6,0.706204
49,7,0.706817
49,8,0.707127
49,9,0.707151
49,10,0.706935
49,11,0.706536
49,12,0.705983
49,13,0.705257
49,14,0.704296
49,15,0.703027
49,16,0.701414
49,17,0.699497
49,18,0.697411
49,19,0.695369
49,20,0.693622
49,21,0.692419
49,22,0.691954
49,23,0.692347
49,24,0.693608
49,25,0.695634
49,26,0.698201
49,27,0.700991
49,28,0.703638
49,29,0.705781
49,30,0.707132
49,31,0.707529
49,32,0.706976
49,33,0.705649
49,34,0.703869
49,35,0.702057
49,36,0.700658
49,37,0.700028
49,38,0.700356
49,39,0.701591
49,40,0.703456
49,41,0.705505
49,42,0.707238
49,43,0.708234
49,44,0.708246
49,45,0.707252
49,46,0.705429
49,47,0.703085
49,48,0.700573
49,49,0.698217
49,50,0.696255
49,51,0.694843
49,52,0.694054
49,53,0.693899
49,54,0.694331
49,55,0.695261
49,56,0.69655
49,57,0.698041
49,58,0.699561
49,59,0.70096
49,60,0.702119
49,61,0.702952
49,62,0.703403
49,63,0.703431
49,64,0.703003
49,65,0.702104
49,66,0.700757
49,67,0.699042
49,68,0.697099
49,69,0.695124
49,70,0.693331
49,71,0.691912
49,72,0.691002
49,73,0.690648
49,74,0.690818
49,75,0.691427
49,76,0.692384
49,77,0.693617
49,78,0.695078
49,79,0.696739
49,80,0.698562
49,81,0.700463
49,82,0.702313
49,83,0.703951
49,84,0.705222
49,85,0.70603
49,86,0.70636
49,87,0.706295
49,88,0.705987
49,89,0.705617
49,90,0.705336
49,91,0.705236
49,92,0.705324
49,93,0.705537
49,94,0.705771
49,95,0.705919
50,0,0.700818
50,1,0.701212
50,2,0.701939
50,3,0.702879
50,4,0.703898
50,5,0.704857
50,6,0.705647
50,7,0.706193
50,8,0.706466
50,9,0.706487
50,10,0.706303
50,11,0.705978
50,12,0.705549
50,13,0.705012
50,14,0.704316
50,15,0.703385
50,16,0.702157
50,17,0.700628
50,18,0.698872
50,19,0.697041
50,20,0.69535
50,21,0.694039
50,22,0.693332
50,23,0.693401
50,24,0.69432
50,25,0.696038
50,26,0.698361
50,27,0.700973
50,28,0.70349
50,29,0.705528
50,30,0.706777
50,31,0.707075
50,32,0.706435
50,33,0.705049
50,34,0.703256
50,35,0.701478
50,36,0.700152
50,37,0.699611
50,38,0.700026
50,39,0.701333
50,40,0.703251
50,41,0.705342
50,42,0.707119
50,43,0.708176
50,44,0.708274
50,45,0.707389
50,46,0.705695
50,47,0.703494
50,48,0.701132
50,49,0.698926
50,50,0.697113
50,51,0.695842
50,52,0.695178
50,53,0.695114
50,54,0.695592
50,55,0.696506
50,56,0.697719
50,57,0.699087
50,58,0.700466
50,59,0.701747
50,60,0.70285
50,61,0.70372
50,62,0.704311
50,63,0.704572
50,64,0.704435
50,65,0.703836
50,66,0.702733
50,67,0.701141
50,68,0.699145
50,69,0.696906
50,70,0.694639
50,71,0.692575
50,72,0.690931
50,73,0.689857
50,74,0.689426
50,75,0.689627
50,76,0.690396
50,77,0.691629
50,78,0.693203
50,79,0.694997
50,80,0.69689
50,81,0.698757
50,82,0.700476
50,83,0.701941
50,84,0.703076
50,85,0.703862
50,86,0.704332
50,87,0.704573
50,88,0.704698
50,89,0.704821
50,90,0.705021
50,91,0.705327
50,92,0.705718
50,93,0.706126
50,94,0.706467
50,95,0.70666
51,0,0.700784
51,1,0.701144
51,2,0.701804
51,3,0.702653
51,4,0.703565
51,5,0.704415
51,6,0.705112
51,7,0.705592
51,8,0.705836
51,9,0.705867
51,10,0.705734
51,11,0.705502
51,12,0.705221
51,13,0.704897
51,14,0.704489
51,15,0.70392
51,16,0.703105
51,17,0.702
51,18,0.700622
51,19,0.699069
51,20,0.697511
51,21,0.696171
51,22,0.695287
51,23,0.69507
51,24,0.695639
51,25,0.696992
51,26,0.698968
51,27,0.701266
51,28,0.703505
51,29,0.705299
51,30,0.706344
51,31,0.706491
51,32,0.705771
51,33,0.704393
51,34,0.702697
51,35,0.701087
51,36,0.699963
51,37,0.699614
51,38,0.700168
51,39,0.701536
51,40,0.703437
51,41,0.705453
51,42,0.707128
51,43,0.708089
51,44,0.708124
51,45,0.707225
51,46,0.705567
51,47,0.703451
51,48,0.701214
51,49,0.699168
51,50,0.697539
51,51,0.696462
51,52,0.695983
51,53,0.696071
51,54,0.696638
51,55,0.697561
51,56,0.698697
51,57,0.699919
51,58,0.701116
51,59,0.702226
51,60,0.70322
51,61,0.704078
51,62,0.704772
51,63,0.705246
51,64,0.7054
51,65,0.705118
51,66,0.704292
51,67,0.702867
51,68,0.700865
51,69,0.698406
51,70,0.695701
51,71,0.693019
51,72,0.690657
51,73,0.688873
51,74,0.687846
51,75,0.687646
51,76,0.688237
51,77,0.689488
51,78,0.691203
51,79,0.693164
51,80,0.69516
51,81,0.697021
51,82,0.698626
51,83,0.699919
51,84,0.700899
51,85,0.701622
51,86,0.702172
51,87,0.702644
51,88,0.703115
51,89,0.703636
51,90,0.704217
51,91,0.704831
51,92,0.70543
51,93,0.705953
51,94,0.706341
51,95,0.706548
52,0,0.70058
52,1,0.700907
52,2,0.701505
52,3,0.702272
52,4,0.703094
52,5,0.70386
52,6,0.70449
52,7,0.704934
52,8,0.705176
52,9,0.705241
52,10,0.70518
52,11,0.705061
52,12,0.70494
52,13,0.704836
52,14,0.704717
52,15,0.704505
52,16,0.704103
52,17,0.703432
52,18,0.702465
52,19,0.701245
52,20,0.699902
52,21,0.69863
52,22,0.697663
52,23,0.69723
52,24,0.697481
52,25,0.698451
52,26,0.700011
52,27,0.701893
52,28,0.703737
52,29,0.705181
52,30,0.705945
52,31,0.705907
52,32,0.705124
52,33,0.703815
52,34,0.702308
52,35,0.700971
52,36,0.700142
52,37,0.700046
52,38,0.700754
52,39,0.702146
52,40,0.703942
52,41,0.705754
52,42,0.707177
52,43,0.707887
52,44,0.707714
52,45,0.706679
52,46,0.704967
52,47,0.702879
52,48,0.700745
52,49,0.698863
52,50,0.697448
52,51,0.696613
52,52,0.696374
52,53,0.696666
52,54,0.697367
52,55,0.698329
52,56,0.6994
52,57,0.700466
52,58,0.701455
52,59,0.702354
52,60,0.703188
52,61,0.703983
52,62,0.704736
52,63,0.705391
52,64,0.705825
52,65,0.705871
52,66,0.705359
52,67,0.704159
52,68,0.702226
52,69,0.699633
52,70,0.69658
52,71,0.693369
52,72,0.69037
52,73,0.687942
52,74,0.686366
52,75,0.685791
52,76,0.686214
52,77,0.687479
52,78,0.689324
52,79,0.691437
52,80,0.693528
52,81,0.695375
52,82,0.696855
52,83,0.697955
52,84,0.698745
52,85,0.699355
52,86,0.699917
52,87,0.700537
52,88,0.701264
52,89,0.702089
52,90,0.702958
52,91,0.703794
52,92,0.704526
52,93,0.705101
52,94,0.705494
52,95,0.705691
53,0,0.700002
53,1,0.7003
53,2,0.700846
53,3,0.701548
53,4,0.702305
53,5,0.70302
53,6,0.703621
53,7,0.704063
53,8,0.704334
53,9,0.704459
53,10,0.704488
53,11,0.704492
53,12,0.704534
53,13,0.704644
53,14,0.704797
53,15,0.704923
53,16,0.704914
53,17,0.704672
53,18,0.704134
53,19,0.7033
53,20,0.702255
53,21,0.701158
53,22,0.700223
53,23,0.699673
53,24,0.699674
53,25,0.700283
53,26,0.701409
53,27,0.702819
53,28,0.704196
53,29,0.70522
53,30,0.705654
53,31,0.705415
53,32,0.704584
53,33,0.703386
53,34,0.702125
53,35,0.701117
53,36,0.700627
53,37,0.700799
53,38,0.70164
53,39,0.702999
53,40,0.704599
53,41,0.706091
53,42,0.707129
53,43,0.707457
53,44,0.706958
53,45,0.705688
53,46,0.703853
53,47,0.701752
53,48,0.699708
53,49,0.698003
53,50,0.696831
53,51,0.696277
53,52,0.696323
53,53,0.696862
53,54,0.697732
53,55,0.698754
53,56,0.69977
53,57,0.700676
53,58,0.701437
53,59,0.702093
53,60,0.702724
53,61,0.703408
53,62,0.704175
53,63,0.704979
53,64,0.705679
53,65,0.706068
53,66,0.705913
53,67,0.705012
53,68,0.703251
53,69,0.700652
53,70,0.697397
53,71,0.69381
53,72,0.69032
53,73,0.687372
53,74,0.685339
53,75,0.684439
53,76,0.684699
53,77,0.685948
53,78,0.687867
53,79,0.690068
53,80,0.692189
53,81,0.693964
53,82,0.695268
53,83,0.696127
53,84,0.696675
53,85,0.697109
53,86,0.697611
53,87,0.698297
53,88,0.699194
53,89,0.700242
53,90,0.701326
53,91,0.702323
53,92,0.703139
53,93,0.703731
53,94,0.704104
53,95,0.704281
54,0,0.698972
54,1,0.69924
54,2,0.699735
54,3,0.700379
54,4,0.701085
54,5,0.701768
54,6,0.702364
54,7,0.702829
54,8,0.70315
54,9,0.703347
54,10,0.703473
54,11,0.703599
54,12,0.703794
54,13,0.704099
54,14,0.704499
54,15,0.704929
54,16,0.705285
54,17,0.705456
54,18,0.705356
54,19,0.704949
54,20,0.70428
54,21,0.703466
54,22,0.702685
54,23,0.702138
54,24,0.701985
54,25,0.702299
54,26,0.703018
54,27,0.703955
54,28,0.704845
54,29,0.705426
54,30,0.705515
54,31,0.70507
54,32,0.7042
54,33,0.703128
54,34,0.702127
54,35,0.701453
54,36,0.701289
54,37,0.7017
54,38,0.702628
54,39,0.703888
54,40,0.705212
54,41,0.706295
54,42,0.706857
54,43,0.706714
54,44,0.705811
54,45,0.704249
54,46,0.702252
54,47,0.700123
54,48,0.698174
54,49,0.696668
54,50,0.695769
54,51,0.695531
54,52,0.695892
54,53,0.696701
54,54,0.697754
54,55,0.698844
54,56,0.699799
54,57,0.700533
54,58,0.701045
54,59,0.701428
54,60,0.701821
54,61,0.702355
54,62,0.703098
54,63,0.704023
54,64,0.704979
54,65,0.705725
54,66,0.705973
54,67,0.705453
54,68,0.703986
54,69,0.701542
54,70,0.698275
54,71,0.694518
54,72,0.690742
54,73,0.687454
54,74,0.685094
54,75,0.683939
54,76,0.684041
54,77,0.685219
54,78,0.687117
54,79,0.689291
54,80,0.691325
54,81,0.692923
54,82,0.693963
54,83,0.694507
54,84,0.694747
54,85,0.694939
54,86,0.695311
54,87,0.695994
54,88,0.696993
54,89,0.698204
54,90,0.699456
54,91,0.70058
54,92,0.701464
54,93,0.702067
54,94,0.702421
54,95,0.702577
55,0,0.697537
55,1,0.697766
55,2,0.698195
55,3,0.698767
55,4,0.699413
55,5,0.700063
55,6,0.700658
55,7,0.701152
55,8,0.701526
55,9,0.701797
55,10,0.702013
55,11,0.702248
55,12,0.702576
55,13,0.703046
55,14,0.703655
55,15,0.704349
55,16,0.70503
55,17,0.705588
55,18,0.70592
55,19,0.705967
55,20,0.705734
55,21,0.705293
55,22,0.704779
55,23,0.704357
55,24,0.704167
55,25,0.704284
55,26,0.704671
55,27,0.705189
55,28,0.705628
55,29,0.70579
55,30,0.70555
55,31,0.704913
55,32,0.704007
55,33,0.70305
55,34,0.702282
55,35,0.701896
55,36,0.702002
55,37,0.702588
55,38,0.703536
55,39,0.704637
55,40,0.70563
55,41,0.706256
55,42,0.706299
55,43,0.705647
55,44,0.704312
55,45,0.702438
55,46,0.700274
55,47,0.698128
55,48,0.696295
55,49,0.695016
55,50,0.69442
55,51,0.69452
55,52,0.695208
55,53,0.696287
55,54,0.697513
55,55,0.69865
55,56,0.699522
55,57,0.700057
55,58,0.700295
55,59,0.700379
55,60,0.700508
55,61,0.700866
55,62,0.701561
55,63,0.702586
55,64,0.703789
55,65,0.704901
55,66,0.70559
55,67,0.705527
55,68,0.704476
55,69,0.702354
55,70,0.699288
55,71,0.695601
55,72,0.69178
55,73,0.688367
55,74,0.685842
55,75,0.684518
55,76,0.684465
55,77,0.685504
55,78,0.687256
55,79,0.689251
55,80,0.691044
55,81,0.692328
55,82,0.692993
55,83,0.693135
55,84,0.692998
55,85,0.692892
55,86,0.693081
55,87,0.693709
55,88,0.694766
55,89,0.696104
55,90,0.697506
55,91,0.698759
55,92,0.699724
55,93,0.700363
55,94,0.700719
55,95,0.70087
56,0,0.695887
56,1,0.696061
56,2,0.696395
56,3,0.696859
56,4,0.697412
56,5,0.698002
56,6,0.698575
56,7,0.699085
56,8,0.699504
56,9,0.699837
56,10,0.700127
56,11,0.700446
56,12,0.700874
56,13,0.701467
56,14,0.702234
56,15,0.703137
56,16,0.704091
56,17,0.70499
56,18,0.705728
56,19,0.706227
56,20,0.70646
56,21,0.706453
56,22,0.706294
56,23,0.706104
56,24,0.705995
56,25,0.706034
56,26,0.706204
56,27,0.706404
56,28,0.706481
56,29,0.706299
56,30,0.705788
56,31,0.704991
56,32,0.704054
56,33,0.703187
56,34,0.702596
56,35,0.702421
56,36,0.702707
56,37,0.703381
56,38,0.704279
56,39,0.705169
56,40,0.705805
56,41,0.705964
56,42,0.705492
56,43,0.704342
56,44,0.702588
56,45,0.700418
56,46,0.698109
56,47,0.695968
56,48,0.69428
56,49,0.693253
56,50,0.692979
56,51,0.693423
56,52,0.694428
56,53,0.695751
56,54,0.697111
56,55,0.698252
56,56,0.698999
56,57,0.699301
56,58,0.69924
56,59,0.699011
56,60,0.698867
56,61,0.699041
56,62,0.69968
56,63,0.700794
56,64,0.702232
56,65,0.703705
56,66,0.704849
56,67,0.705291
56,68,0.70475
56,69,0.703101
56,70,0.700436
56,71,0.697057
56,72,0.693441
56,73,0.690129
56,74,0.687611
56,75,0.68621
56,76,0.686008
56,77,0.686831
56,78,0.688303
56,79,0.689952
56,80,0.691337
56,81,0.69216
56,82,0.692336
56,83,0.691997
56,84,0.691431
56,85,0.690991
56,86,0.69097
56,87,0.691521
56,88,0.692617
56,89,0.694076
56,90,0.695637
56,91,0.697046
56,92,0.698137
56,93,0.698859
56,94,0.699262
56,95,0.699432
57,0,0.69429
57,1,0.694387
57,2,0.694588
57,3,0.694898
57,4,0.695309
57,5,0.695796
57,6,0.696316
57,7,0.696818
57,8,0.697262
57,9,0.69764
57,10,0.697982
57,11,0.698354
57,12,0.698838
57,13,0.699498
57,14,0.700358
57,15,0.7014
57,16,0.702554
57,17,0.703729
57,18,0.704819
57,19,0.705736
57,20,0.706424
57,21,0.70687
57,22,0.707115
57,23,0.707237
57,24,0.707313
57,25,0.707398
57,26,0.707486
57,27,0.707508
57,28,0.707358
57,29,0.706953
57,30,0.706265
57,31,0.70537
57,32,0.704423
57,33,0.703622
57,34,0.703144
57,35,0.703087
57,36,0.70345
57,37,0.704115
57,38,0.70489
57,39,0.705531
57,40,0.705802
57,41,0.705515
57,42,0.704565
57,43,0.702961
57,44,0.70083
57,45,0.698404
57,46,0.695981
57,47,0.693874
57,48,0.692351
57,49,0.691587
57,50,0.69163
57,51,0.692398
57,52,0.693682
57,53,0.695196
57,54,0.69663
57,55,0.697717
57,56,0.698292
57,57,0.698334
57,58,0.697965
57,59,0.697432
57,60,0.697033
57,61,0.697045
57,62,0.697637
57,63,0.698836
57,64,0.700487
57,65,0.702291
57,66,0.703864
57,67,0.70481
57,68,0.704819
57,69,0.70374
57,70,0.701631
57,71,0.698761
57,72,0.69557
57,73,0.692567
57,74,0.690216
57,75,0.688829
57,76,0.688486
57,77,0.689026
57,78,0.690095
57,79,0.691248
57,80,0.692075
57,81,0.692313
57,82,0.691911
57,83,0.69104
57,84,0.690025
57,85,0.689246
57,86,0.689019
57,87,0.689496
57,88,0.690639
57,89,0.692236
57,90,0.693986
57,91,0.695599
57,92,0.696876
57,93,0.697748
57,94,0.698253
57,95,0.698473
58,0,0.693041
58,1,0.693041
58,2,0.693073
58,3,0.69318
58,4,0.693399
58,5,0.693737
58,6,0.694166
58,7,0.694631
58,8,0.695079
58,9,0.695482
58,10,0.695851
58,11,0.696239
58,12,0.696728
58,13,0.697389
58,14,0.698266
58,15,0.699359
58,16,0.700624
58,17,0.701987
58,18,0.70335
58,19,0.704618
58,20,0.705713
58,21,0.706589
58,22,0.707247
58,23,0.707724
58,24,0.708066
58,25,0.708312
58,26,0.70846
58,27,0.708463
58,28,0.708249
58,29,0.70777
58,30,0.707033
58,31,0.706127
58,32,0.70521
58,33,0.704464
58,34,0.704042
58,35,0.704013
58,36,0.704348
58,37,0.704908
58,38,0.705488
58,39,0.705845
58,40,0.705755
58,41,0.705057
58,42,0.703682
58,43,0.701686
58,44,0.699237
58,45,0.696601
58,46,0.694098
58,47,0.692045
58,48,0.69069
58,49,0.690176
58,50,0.690505
58,51,0.691544
58,52,0.693039
58,53,0.694669
58,54,0.696105
58,55,0.697079
58,56,0.697447
58,57,0.697221
58,58,0.696569
58,59,0.695776
58,60,0.695179
58,61,0.695077
58,62,0.695654
58,63,0.696936
58,64,0.698765
58,65,0.700837
58,66,0.702763
58,67,0.704148
58,68,0.704679
58,69,0.704192
58,70,0.702722
58,71,0.700493
58,72,0.697889
58,73,0.695358
58,74,0.693309
58,75,0.692016
58,76,0.691548
58,77,0.691761
58,78,0.692341
58,79,0.692892
58,80,0.693061
58,81,0.692638
58,82,0.691619
58,83,0.690209
58,84,0.688761
58,85,0.687673
58,86,0.687268
58,87,0.687697
58,88,0.688908
58,89,0.690666
58,90,0.692641
58,91,0.694508
58,92,0.696035
58,93,0.697122
58,94,0.697783
58,95,0.698086
59,0,0.692384
59,1,0.692273
59,2,0.692108
59,3,0.691979
59,4,0.691966
59,5,0.692116
59,6,0.692419
59,7,0.692823
59,8,0.693255
59,9,0.693665
59,10,0.694037
59,11,0.694408
59,12,0.69485
59,13,0.695446
59,14,0.696255
59,15,0.697306
59,16,0.698585
59,17,0.700037
59,18,0.701576
59,19,0.703105
59,20,0.70453
59,21,0.70578
59,22,0.706822
59,23,0.707662
59,24,0.708319
59,25,0.708818
59,26,0.709151
59,27,0.709287
59,28,0.709173
59,29,0.708781
59,30,0.708133
59,31,0.707318
59,32,0.706486
59,33,0.7058
59,34,0.705392
59,35,0.705314
59,36,0.705527
59,37,0.705893
59,38,0.70621
59,39,0.706249
59,40,0.705801
59,41,0.704728
59,42,0.702988
59,43,0.700665
59,44,0.697959
59,45,0.695162
59,46,0.692609
59,47,0.690614
59,48,0.689408
59,49,0.6891
59,50,0.689648
59,51,0.690875
59,52,0.692487
59,53,0.69414
59,54,0.695501
59,55,0.696314
59,56,0.696467
59,57,0.696007
59,58,0.695138
59,59,0.694177
59,60,0.693477
59,61,0.693341
59,62,0.693946
59,63,0.695307
59,64,0.697259
59,65,0.699501
59,66,0.701657
59,67,0.703355
59,68,0.704307
59,69,0.704356
59,70,0.703522
59,71,0.701987
59,72,0.700062
59,73,0.69811
59,74,0.69646
59,75,0.695331
59,76,0.69477
59,77,0.694652
59,78,0.69471
59,79,0.694621
59,80,0.694105
59,81,0.693016
59,82,0.6914
59,83,0.689493
59,84,0.687665
59,85,0.68632
59,86,0.685778
59,87,0.686186
59,88,0.68748
59,89,0.689413
59,90,0.691631
59,91,0.693782
59,92,0.695601
59,93,0.696949
59,94,0.697807
59,95,0.698216
60,0,0.692441
60,1,0.692215
60,2,0.691847
60,3,0.691468
60,4,0.691205
60,5,0.691144
60,6,0.6913
60,7,0.691621
60,8,0.692022
60,9,0.692423
60,10,0.692779
60,11,0.693104
60,12,0.693459
60,13,0.69393
60,14,0.694599
60,15,0.695525
60,16,0.696725
60,17,0.698168
60,18,0.699784
60,19,0.701477
60,20,0.703141
60,21,0.704689
60,22,0.706065
60,23,0.707248
60,24,0.708238
60,25,0.709046
60,26,0.70966
60,27,0.71005
60,28,0.710172
60,29,0.710004
60,30,0.709566
60,31,0.708938
60,32,0.708246
60,33,0.707631
60,34,0.707207
60,35,0.707018
60,36,0.707031
60,37,0.707122
60,38,0.707115
60,39,0.706802
60,40,0.705998
60,41,0.704583
60,42,0.702532
60,43,0.699948
60,44,0.697048
60,45,0.694137
60,46,0.691556
60,47,0.689612
60,48,0.688517
60,49,0.688344
60,50,0.689017
60,51,0.690321
60,52,0.691937
60,53,0.693516
60,54,0.694736
60,55,0.695367
60,56,0.695333
60,57,0.694715
60,58,0.693744
60,59,0.692747
60,60,0.692071
60,61,0.691997
60,62,0.692679
60,63,0.694106
60,64,0.696106
60,65,0.69839
60,66,0.700615
60,67,0.702457
60,68,0.703672
60,69,0.704137
60,70,0.703868
60,71,0.703003
60,72,0.701776
60,73,0.700451
60,74,0.699262
60,75,0.698356
60,76,0.697755
60,77,0.697347
60,78,0.696923
60,79,0.696237
60,80,0.695089
60,81,0.693403
60,82,0.691271
60,83,0.688952
60,84,0.686822
60,85,0.685278
60,86,0.684633
60,87,0.685028
60,88,0.686395
60,89,0.688481
60,90,0.690924
60,91,0.693349
60,92,0.695461
60,93,0.697082
60,94,0.698151
60,95,0.698674
61,0,0.693196
61,1,0.692867
61,2,0.69231
61,3,0.691694
61,4,0.691189
61,5,0.690915
61,6,0.690912
61,7,0.691135
61,8,0.691487
61,9,0.691862
61,10,0.692187
61,11,0.692445
61,12,0.692686
61,13,0.692997
61,14,0.693481
61,15,0.694224
61,16,0.695275
61,17,0.696633
61,18,0.698243
61,19,0.700011
61,20,0.70183
61,21,0.703597
61,22,0.705242
61,23,0.706729
61,24,0.708042
61,25,0.709177
61,26,0.710118
61,27,0.710831
61,28,0.711271
61,29,0.711412
61,30,0.711262
61,31,0.710879
61,32,0.710361
61,33,0.709821
61,34,0.709355
61,35,0.709006
61,36,0.708754
61,37,0.708508
61,38,0.708126
61,39,0.707437
61,40,0.706281
61,41,0.704558
61,42,0.702253
61,43,0.699475
61,44,0.696445
61,45,0.693469
61,46,0.690881
61,47,0.688976
61,48,0.687941
61,49,0.687821
61,50,0.688508
61,51,0.689767
61,52,0.691273
61,53,0.692687
61,54,0.693718
61,55,0.694175
61,56,0.694019
61,57,0.69336
61,58,0.692437
61,59,0.691563
61,60,0.691051
61,61,0.69114
61,62,0.691937
61,63,0.693403
61,64,0.69536
61,65,0.697543
61,66,0.69966
61,67,0.701456
61,68,0.702756
61,69,0.703481
61,70,0.703657
61,71,0.703383
61,72,0.702816
61,73,0.702115
61,74,0.701414
61,75,0.700784
61,76,0.700213
61,77,0.699604
61,78,0.698803
61,79,0.69764
61,80,0.695992
61,81,0.693845
61,82,0.691327
61,83,0.688709
61,84,0.686361
61,85,0.684666
61,86,0.683928
61,87,0.684284
61,88,0.685672
61,89,0.687844
61,90,0.690441
61,91,0.693078
61,92,0.695433
61,93,0.697293
61,94,0.698552
61,95,0.699181
62,0,0.694503
62,1,0.694092
62,2,0.693385
62,3,0.692574
62,4,0.691858
62,5,0.691388
62,6,0.691225
62,7,0.691335
62,8,0.691615
62,9,0.691944
62,10,0.69222
62,11,0.692402
62,12,0.692523
62,13,0.692668
62,14,0.692955
62,15,0.693496
62,16,0.69437
62,17,0.695599
62,18,0.697146
62,19,0.698925
62,20,0.700826
62,21,0.702743
62,22,0.704597
62,23,0.706336
62,24,0.707935
62,25,0.709378
62,26,0.710639
62,27,0.711679
62,28,0.712449
62,29,0.712915
62,30,0.713066
62,31,0.712934
62,32,0.712585
62,33,0.712101
62,34,0.711562
62,35,0.711009
62,36,0.710447
62,37,0.709821
62,38,0.709036
62,39,0.707962
62,40,0.706473
62,41,0.704486
62,42,0.701992
62,43,0.699094
62,44,0.696006
62,45,0.693021
62,46,0.690453
62,47,0.688577
62,48,0.687554
62,49,0.687402
62,50,0.687996
62,51,0.689094
62,52,0.690386
62,53,0.691566
62,54,0.692386
62,55,0.692705
62,56,0.692522
62,57,0.691961
62,58,0.691249
62,59,0.690659
62,60,0.690445
62,61,0.690778
62,62,0.691712
62,63,0.693175
62,64,0.694991
62,65,0.696933
62,66,0.69878
62,67,0.700357
62,68,0.701572
62,69,0.702401
62,70,0.702886
62,71,0.703096
62,72,0.70311
62,73,0.702993
62,74,0.702779
62,75,0.702465
62,76,0.702005
62,77,0.701317
62,78,0.700295
62,79,0.698832
62,80,0.696872
62,81,0.694446
62,82,0.691701
62,83,0.688906
62,84,0.686415
62,85,0.684595
62,86,0.68374
62,87,0.683991
62,88,0.685303
62,89,0.687449
62,90,0.690083
62,91,0.69282
62,92,0.695322
62,93,0.697343
62,94,0.698741
62,95,0.699449
63,0,0.696142
63,1,0.695681
63,2,0.694879
63,3,0.693934
63,4,0.693059
63,5,0.692422
63,6,0.692101
63,7,0.692078
63,8,0.692255
63,9,0.692504
63,10,0.69271
63,11,0.692811
63,12,0.692823
63,13,0.692828
63,14,0.692948
63,15,0.693312
63,16,0.694021
63,17,0.695117
63,18,0.696578
63,19,0.69833
63,20,0.700265
63,21,0.702278
63,22,0.704283
63,23,0.706219
63,24,0.708049
63,25,0.709744
63,26,0.711269
63,27,0.71258
63,28,0.713623
63,29,0.714357
63,30,0.714755
63,31,0.714822
63,32,0.714594
63,33,0.714122
63,34,0.713468
63,35,0.712678
63,36,0.711778
63,37,0.710759
63,38,0.709571
63,39,0.708135
63,40,0.706356
63,41,0.704168
63,42,0.701562
63,43,0.69863
63,44,0.695564
63,45,0.692631
63,46,0.690119
63,47,0.68827
63,48,0.687219
63,49,0.686965
63,50,0.687375
63,51,0.688218
63,52,0.689219
63,53,0.690121
63,54,0.690736
63,55,0.690976
63,56,0.690871
63,57,0.690547
63,58,0.690196
63,59,0.690029
63,60,0.690214
63,61,0.690846
63,62,0.691915
63,63,0.693324
63,64,0.694912
63,65,0.696504
63,66,0.697956
63,67,0.699188
63,68,0.70019
63,69,0.700997
63,70,0.701667
63,71,0.702243
63,72,0.702741
63,73,0.703136
63,74,0.703379
63,75,0.703403
63,76,0.703133
63,77,0.702499
63,78,0.70143
63,79,0.699873
63,80,0.697813
63,81,0.695304
63,82,0.692494
63,83,0.689635
63,84,0.687057
63,85,0.68511
63,86,0.684085
63,87,0.684137
63,88,0.68525
63,89,0.687228
63,90,0.689751
63,91,0.692447
63,92,0.694971
63,93,0.697052
63,94,0.698515
63,95,0.699266
64,0,0.697887
64,1,0.697414
64,2,0.696578
64,3,0.695569
64,4,0.694593
64,5,0.693821
64,6,0.693343
64,7,0.693159
64,8,0.693188
64,9,0.693314
64,10,0.69342
64,11,0.693437
64,12,0.693366
64,13,0.69328
64,14,0.693295
64,15,0.693546
64,16,0.69414
64,17,0.695133
64,18,0.696517
64,19,0.698228
64,20,0.700168
64,21,0.702236
64,22,0.704342
64,23,0.706418
64,24,0.708411
64,25,0.710278
64,26,0.711977
64,27,0.713457
64,28,0.714665
64,29,0.715556
64,30,0.716094
64,31,0.716265
64,32,0.716076
64,33,0.715552
64,34,0.71474
64,35,0.713688
64,36,0.712446
64,37,0.711047
64,38,0.709491
64,39,0.707743
64,40,0.705741
64,41,0.703433
64,42,0.700806
64,43,0.697932
64,44,0.694972
64,45,0.692159
64,46,0.689742
64,47,0.68793
64,48,0.68683
64,49,0.686425
64,50,0.686589
64,51,0.687117
64,52,0.687782
64,53,0.688394
64,54,0.68883
64,55,0.689055
64,56,0.689126
64,57,0.689154
64,58,0.689279
64,59,0.689625
64,60,0.690269
64,61,0.691215
64,62,0.692401
64,63,0.693709
64,64,0.695007
64,65,0.696183
64,66,0.697179
64,67,0.698003
64,68,0.698724
64,69,0.699427
64,70,0.700185
64,71,0.701018
64,72,0.70189
64,73,0.702706
64,74,0.703349
64,75,0.703707
64,76,0.703685
64,77,0.703221
64,78,0.702273
64,79,0.700816
64,80,0.698855
64,81,0.696445
64,82,0.693714
64,83,0.690883
64,84,0.688255
64,85,0.686164
64,86,0.684906
64,87,0.684661
64,88,0.68545
64,89,0.68712
64,90,0.689387
64,91,0.691901
64,92,0.694317
64,93,0.696352
64,94,0.697806
64,95,0.698558
65,0,0.699576
65,1,0.699122
65,2,0.698306
65,3,0.697294
65,4,0.696266
65,5,0.695382
65,6,0.694739
65,7,0.694357
65,8,0.694185
65,9,0.694134
65,10,0.694107
65,11,0.694035
65,12,0.693914
65,13,0.693798
65,14,0.69379
65,15,0.69401
65,16,0.694563
65,17,0.695506
65,18,0.696839
65,19,0.698513
65,20,0.700443
65,21,0.702535
65,22,0.704699
65,23,0.706856
65,24,0.708939
65,25,0.710891
65,26,0.712657
65,27,0.714185
65,28,0.715428
65,29,0.716343
65,30,0.716894
65,31,0.717055
65,32,0.716812
65,33,0.71617
65,34,0.715163
65,35,0.713843
65,36,0.71228
65,37,0.710545
65,38,0.708682
65,39,0.706697
65,40,0.704556
65,41,0.702218
65,42,0.699662
65,43,0.696935
65,44,0.694162
65,45,0.691534
65,46,0.689257
65,47,0.6875
65,48,0.686345
65,49,0.685766
65,50,0.68565
65,51,0.685833
65,52,0.68615
65,53,0.68648
65,54,0.686773
65,55,0.687043
65,56,0.687362
65,57,0.687813
65,58,0.688471
65,59,0.689365
65,60,0.690473
65,61,0.691716
65,62,0.692986
65,63,0.694161
65,64,0.695147
65,65,0.695901
65,66,0.696446
65,67,0.69687
65,68,0.697304
65,69,0.69787
65,70,0.698651
65,71,0.699646
65,72,0.70078
65,73,0.701911
65,74,0.702877
65,75,0.703536
65,76,0.703787
65,77,0.703576
65,78,0.702876
65,79,0.701676
65,80,0.699975
65,81,0.697805
65,82,0.69526
65,83,0.692523
65,84,0.689866
65,85,0.687614
65,86,0.686072
65,87,0.685453
65,88,0.685823
65,89,0.687078
65,90,0.688976
65,91,0.691192
65,92,0.693395
65,93,0.695292
65,94,0.696669
65,95,0.69739
66,0,0.701118
66,1,0.700702
66,2,0.69994
66,3,0.698958
66,4,0.697902
66,5,0.69691
66,6,0.696079
66,7,0.695455
66,8,0.695027
66,9,0.694748
66,10,0.694554
66,11,0.694392
66,12,0.694252
66,13,0.694171
66,14,0.694223
66,15,0.694501
66,16,0.69509
66,17,0.696041
66,18,0.697359
66,19,0.699009
66,20,0.700921
66,21,0.703014
66,22,0.705197
66,23,0.707384
66,24,0.70949
66,25,0.711442
66,26,0.713177
66,27,0.714643
66,28,0.715801
66,29,0.716621
66,30,0.717071
66,31,0.717122
66,32,0.716748
66,33,0.715941
66,34,0.714723
66,35,0.713149
66,36,0.711308
66,37,0.7093
66,38,0.707206
66,39,0.705066
66,40,0.702871
66,41,0.700586
66,42,0.698181
66,43,0.695676
66,44,0.693158
66,45,0.69077
66,46,0.688672
66,47,0.686993
66,48,0.68579
66,49,0.685033
66,50,0.68463
66,51,0.684464
66,52,0.684438
66,53,0.684508
66,54,0.684689
66,55,0.685041
66,56,0.685639
66,57,0.686532
66,58,0.687719
66,59,0.689135
66,60,0.690663
66,61,0.692157
66,62,0.693473
66,63,0.694503
66,64,0.695196
66,65,0.695577
66,66,0.695739
66,67,0.695829
66,68,0.69602
66,69,0.696457
66,70,0.697222
66,71,0.698301
66,72,0.699593
66,73,0.700928
66,74,0.702125
66,75,0.703032
66,76,0.703549
66,77,0.703632
66,78,0.703258
66,79,0.702412
66,80,0.701071
66,81,0.699231
66,82,0.696939
66,83,0.694337
66,84,0.691668
66,85,0.689251
66,86,0.687407
66,87,0.686384
66,88,0.686294
66,89,0.687081
66,90,0.688546
66,91,0.690397
66,92,0.692316
66,93,0.694014
66,94,0.695268
66,95,0.69593
67,0,0.702505
67,1,0.702127
67,2,0.701415
67,3,0.700457
67,4,0.699357
67,5,0.69823
67,6,0.697174
67,7,0.696264
67,8,0.695532
67,9,0.694986
67,10,0.694602
67,11,0.694353
67,12,0.694226
67,13,0.694234
67,14,0.694416
67,15,0.694825
67,16,0.695516
67,17,0.696525
67,18,0.697861
67,19,0.699501
67,20,0.701394
67,21,0.703472
67,22,0.705647
67,23,0.707823
67,24,0.7099
67,25,0.71179
67,26,0.713424
67,27,0.714751
67,28,0.715745
67,29,0.71639
67,30,0.716667
67,31,0.716548
67,32,0.716004
67,33,0.715016
67,34,0.7136
67,35,0.711811
67,36,0.709751
67,37,0.707542
67,38,0.705292
67,39,0.703071
67,40,0.700887
67,41,0.698716
67,42,0.696516
67,43,0.694284
67,44,0.692066
67,45,0.68996
67,46,0.688074
67,47,0.686497
67,48,0.685261
67,49,0.684334
67,50,0.683651
67,51,0.683148
67,52,0.682795
67,53,0.682623
67,54,0.682709
67,55,0.683148
67,56,0.684013
67,57,0.685308
67,58,0.68696
67,59,0.688815
67,60,0.690679
67,61,0.692352
67,62,0.693677
67,63,0.694566
67,64,0.695019
67,65,0.695115
67,66,0.694999
67,67,0.694858
67,68,0.694882
67,69,0.695222
67,70,0.695955
67,71,0.697059
67,72,0.698419
67,73,0.69986
67,74,0.7012
67,75,0.702292
67,76,0.703046
67,77,0.703425
67,78,0.703404
67,79,0.702951
67,80,0.702011
67,81,0.700534
67,82,0.698523
67,83,0.696078
67,84,0.69342
67,85,0.690863
67,86,0.688744
67,87,0.687343
67,88,0.686812
67,89,0.687138
67,90,0.688163
67,91,0.689626
67,92,0.691229
67,93,0.692693
67,94,0.693796
67,95,0.694384
68,0,0.703762
68,1,0.703398
68,2,0.702695
68,3,0.701707
68,4,0.700505
68,5,0.699188
68,6,0.697859
68,7,0.696621
68,8,0.695555
68,9,0.694723
68,10,0.694146
68,11,0.693821
68,12,0.693733
68,13,0.69387
68,14,0.694227
68,15,0.694813
68,16,0.695648
68,17,0.69675
68,18,0.698129
68,19,0.699775
68,20,0.701656
68,21,0.703717
68,22,0.705871
68,23,0.708016
68,24,0.710038
68,25,0.711837
68,26,0.71334
68,27,0.714501
68,28,0.715305
68,29,0.715754
68,30,0.715839
68,31,0.715542
68,32,0.714832
68,33,0.713686
68,34,0.712111
68,35,0.710165
68,36,0.707952
68,37,0.705608
68,38,0.703264
68,39,0.70101
68,40,0.698875
68,41,0.696844
68,42,0.694873
68,43,0.692938
68,44,0.691047
68,45,0.689248
68,46,0.6876
68,47,0.686146
68,48,0.684894
68,49,0.683812
68,50,0.682864
68,51,0.682039
68,52,0.681375
68,53,0.680971
68,54,0.680959
68,55,0.681458
68,56,0.682533
68,57,0.684144
68,58,0.686148
68,59,0.688319
68,60,0.690402
68,61,0.692165
68,62,0.693456
68,63,0.694216
68,64,0.694491
68,65,0.694402
68,66,0.694128
68,67,0.693867
68,68,0.693808
68,69,0.694095
68,70,0.694795
68,71,0.695883
68,72,0.697246
68,73,0.698719
68,74,0.700133
68,75,0.701357
68,76,0.702313
68,77,0.702968
68,78,0.703288
68,79,0.703218
68,80,0.702667
68,81,0.701544
68,82,0.699813
68,83,0.69754
68,84,0.694928
68,85,0.692288
68,86,0.689966
68,87,0.688263
68,88,0.687361
68,89,0.687281
68,90,0.6879
68,91,0.688986
68,92,0.690269
68,93,0.691484
68,94,0.692418
68,95,0.692921
69,0,0.704921
69,1,0.70453
69,2,0.70376
69,3,0.702649
69,4,0.701254
69,5,0.699667
69,6,0.698008
69,7,0.696412
69,8,0.695004
69,9,0.693892
69,10,0.693137
69,11,0.692755
69,12,0.692727
69,13,0.693009
69,14,0.693557
69,15,0.694336
69,16,0.695328
69,17,0.696539
69,18,0.697978
69,19,0.699649
69,20,0.701535
69,21,0.703591
69,22,0.705734
69,23,0.707854
69,24,0.709827
69,25,0.711547
69,26,0.712937
69,27,0.713956
69,28,0.714602
69,29,0.714888
69,30,0.714819
69,31,0.714382
69,32,0.71355
69,33,0.712296
69,34,0.710623
69,35,0.708581
69,36,0.706275
69,37,0.703849
69,38,0.701445
69,39,0.699176
69,40,0.697094
69,41,0.6952
69,42,0.693455
69,43,0.691819
69,44,0.690266
69,45,0.688793
69,46,0.687405
69,47,0.686097
69,48,0.684849
69,49,0.683632
69,50,0.682438
69,51,0.681308
69,52,0.680344
69,53,0.679707
69,54,0.679573
69,55,0.68008
69,56,0.681276
69,57,0.683079
69,58,0.685289
69,59,0.687623
69,60,0.689787
69,61,0.69154
69,62,0.692745
69,63,0.69338
69,64,0.693528
69,65,0.693342
69,66,0.69301
69,67,0.692723
69,68,0.692655
69,69,0.692931
69,70,0.69361
69,71,0.694666
69,72,0.695999
69,73,0.697464
69,74,0.698915
69,75,0.700239
69,76,0.70137
69,77,0.702273
69,78,0.7029
69,79,0.703173
69,80,0.702968
69,81,0.702165
69,82,0.700696
69,83,0.69861
69,84,0.696094
69,85,0.693452
69,86,0.69103
69,87,0.689136
69,88,0.687964
69,89,0.687557
69,90,0.68782
69,91,0.688553
69,92,0.689516
69,93,0.690469
69,94,0.691219
69,95,0.691628
70,0,0.706
70,1,0.70553
70,2,0.704602
70,3,0.703256
70,4,0.701557
70,5,0.699615
70,6,0.697572
70,7,0.695598
70,8,0.693856
70,9,0.69249
70,10,0.691586
70,11,0.691168
70,12,0.691207
70,13,0.69163
70,14,0.692354
70,15,0.693307
70,16,0.694446
70,17,0.695764
70,18,0.697274
70,19,0.698992
70,20,0.700911
70,21,0.702994
70,22,0.705157
70,23,0.707285
70,24,0.70925
70,25,0.71094
70,26,0.712279
70,27,0.713228
70,28,0.713794
70,29,0.713995
70,30,0.713847
70,31,0.713342
70,32,0.712457
70,33,0.711161
70,34,0.70945
70,35,0.707368
70,36,0.705014
70,37,0.702532
70,38,0.700077
70,39,0.697784
70,40,0.695735
70,41,0.693955
70,42,0.692418
70,43,0.691075
70,44,0.689866
70,45,0.688736
70,46,0.687631
70,47,0.686494
70,48,0.685276
70,49,0.683948
70,50,0.68253
70,51,0.681113
70,52,0.67986
70,53,0.678983
70,54,0.678693
70,55,0.679138
70,56,0.680348
70,57,0.682204
70,58,0.684458
70,59,0.686793
70,60,0.688895
70,61,0.690529
70,62,0.691586
70,63,0.69208
70,64,0.692126
70,65,0.691893
70,66,0.691565
70,67,0.691315
70,68,0.691288
70,69,0.69159
70,70,0.692266
70,71,0.693296
70,72,0.694599
70,73,0.696053
70,74,0.697536
70,75,0.698954
70,76,0.700246
70,77,0.701371
70,78,0.702264
70,79,0.702826
70,80,0.702913
70,81,0.702384
70,82,0.701162
70,83,0.699282
70,84,0.696923
70,85,0.694375
70,86,0.69197
70,87,0.690003
70,88,0.688666
70,89,0.68801
70,90,0.687963
70,91,0.688358
70,92,0.688992
70,93,0.689664
70,94,0.690208
70,95,0.690509
71,0,0.707005
71,1,0.706405
71,2,0.70523
71,3,0.703543
71,4,0.70144
71,5,0.699064
71,6,0.696597
71,7,0.69424
71,8,0.692186
71,9,0.6906
71,10,0.689577
71,11,0.689139
71,12,0.689236
71,13,0.68977
71,14,0.690628
71,15,0.691713
71,16,0.692966
71,17,0.694377
71,18,0.695963
71,19,0.697749
71,20,0.699735
71,21,0.701885
71,22,0.704116
71,23,0.706307
71,24,0.70833
71,25,0.710071
71,26,0.711453
71,27,0.712438
71,28,0.713031
71,29,0.713252
71,30,0.71312
71,31,0.71263
71,32,0.711761
71,33,0.710483
71,34,0.708784
71,35,0.706699
71,36,0.704318
71,37,0.701784
71,38,0.699266
71,39,0.696926
71,40,0.694879
71,41,0.693188
71,42,0.691844
71,43,0.690793
71,44,0.689941
71,45,0.689177
71,46,0.688384
71,47,0.687449
71,48,0.686292
71,49,0.684883
71,50,0.68327
71,51,0.681591
71,52,0.680061
71,53,0.678936
71,54,0.678453
71,55,0.678763
71,56,0.679877
71,57,0.681644
71,58,0.683788
71,59,0.685969
71,60,0.687874
71,61,0.689285
71,62,0.690126
71,63,0.690444
71,64,0.690381
71,65,0.690111
71,66,0.689808
71,67,0.689619
71,68,0.68966
71,69,0.690012
71,70,0.690711
71,71,0.691741
71,72,0.693039
71,73,0.694505
71,74,0.69604
71,75,0.697561
71,76,0.699009
71,77,0.700333
71,78,0.701452
71,79,0.70225
71,80,0.702574
71,81,0.702281
71,82,0.701295
71,83,0.69965
71,84,0.697513
71,85,0.695154
71,86,0.692874
71,87,0.690941
71,88,0.689526
71,89,0.688679
71,90,0.688348
71,91,0.688402
71,92,0.688685
71,93,0.689043
71,94,0.689354
71,95,0.689531
72,0,0.707937
72,1,0.707172
72,2,0.705688
72,3,0.703587
72,4,0.701012
72,5,0.698158
72,6,0.695248
72,7,0.692519
72,8,0.690182
72,9,0.688407
72,10,0.687285
72,11,0.686822
72,12,0.686948
72,13,0.687541
72,14,0.688469
72,15,0.689623
72,16,0.690941
72,17,0.692416
72,18,0.694074
72,19,0.695942
72,20,0.698023
72,21,0.700281
72,22,0.702629
72,23,0.704948
72,24,0.707108
72,25,0.708998
72,26,0.710536
72,27,0.711677
72,28,0.712418
72,29,0.712771
72,30,0.71275
72,31,0.712352
72,32,0.711559
72,33,0.710341
72,34,0.708682
72,35,0.706607
72,36,0.7042
72,37,0.701603
72,38,0.699003
72,39,0.696591
72,40,0.694527
72,41,0.69291
72,42,0.691757
72,43,0.691007
72,44,0.690533
72,45,0.690165
72,46,0.689716
72,47,0.689019
72,48,0.687961
72,49,0.68651
72,50,0.68474
72,51,0.682832
72,52,0.681046
72,53,0.679674
72,54,0.678967
72,55,0.679074
72,56,0.67999
72,57,0.681544
72,58,0.683441
72,59,0.685338
72,60,0.686934
72,61,0.688036
72,62,0.688598
72,63,0.688699
72,64,0.688496
72,65,0.688169
72,66,0.687876
72,67,0.687741
72,68,0.687852
72,69,0.68827
72,70,0.689018
72,71,0.690082
72,72,0.691412
72,73,0.692926
72,74,0.69454
72,75,0.696177
72,76,0.697775
72,77,0.69927
72,78,0.700572
72,79,0.701556
72,80,0.702073
72,81,0.70199
72,82,0.701241
72,83,0.699864
72,84,0.698012
72,85,0.695922
72,86,0.693855
72,87,0.692034
72,88,0.6906
72,89,0.689597
72,90,0.688988
72,91,0.688687
72,92,0.68859
72,93,0.688603
72,94,0.688652
72,95,0.688688
73,0,0.70879
73,1,0.707847
73,2,0.706036
73,3,0.703501
73,4,0.700445
73,5,0.697114
73,6,0.693782
73,7,0.690711
73,8,0.688123
73,9,0.686183
73,10,0.684966
73,11,0.684454
73,12,0.684557
73,13,0.685136
73,14,0.686053
73,15,0.6872
73,16,0.688522
73,17,0.690021
73,18,0.69173
73,19,0.693679
73,20,0.695868
73,21,0.698257
73,22,0.700761
73,23,0.703261
73,24,0.705633
73,25,0.707764
73,26,0.709567
73,27,0.710982
73,28,0.711985
73,29,0.712572
73,30,0.712745
73,31,0.7125
73,32,0.711823
73,33,0.710687
73,34,0.709074
73,35,0.707006
73,36,0.704561
73,37,0.701889
73,38,0.699194
73,39,0.696703
73,40,0.694619
73,41,0.693084
73,42,0.692136
73,43,0.691708
73,44,0.691635
73,45,0.691688
73,46,0.691614
73,47,0.69119
73,48,0.69027
73,49,0.688823
73,50,0.686943
73,51,0.684851
73,52,0.682841
73,53,0.681229
73,54,0.680277
73,55,0.680128
73,56,0.680764
73,57,0.682003
73,58,0.683549
73,59,0.685067
73,60,0.686279
73,61,0.687015
73,62,0.687259
73,63,0.68711
73,64,0.686737
73,65,0.68632
73,66,0.686006
73,67,0.685902
73,68,0.686075
73,69,0.686564
73,70,0.687383
73,71,0.688515
73,72,0.689914
73,73,0.691508
73,74,0.69322
73,75,0.694972
73,76,0.696699
73,77,0.698329
73,78,0.699765
73,79,0.700887
73,80,0.701561
73,81,0.701671
73,82,0.701169
73,83,0.700093
73,84,0.698576
73,85,0.696817
73,86,0.695021
73,87,0.69336
73,88,0.691939
73,89,0.690795
73,90,0.689911
73,91,0.689245
73,92,0.688755
73,93,0.688406
73,94,0.688182
73,95,0.68807
74,0,0.709538
74,1,0.708435
74,2,0.706327
74,3,0.703405
74,4,0.699923
74,5,0.69618
74,6,0.692488
74,7,0.689132
74,8,0.686336
74,9,0.684249
74,10,0.682925
74,11,0.682321
74,12,0.682331
74,13,0.68281
74,14,0.683626
74,15,0.684682
74,16,0.685938
74,17,0.68741
74,18,0.689134
74,19,0.691138
74,20,0.693419
74,21,0.695936
74,22,0.698603
74,23,0.701312
74,24,0.703943
74,25,0.706385
74,26,0.708538
74,27,0.710319
74,28,0.711674
74,29,0.712574
74,30,0.713002
74,31,0.712952
74,32,0.712413
74,33,0.711367
74,34,0.709798
74,35,0.707732
74,36,0.705246
74,37,0.7025
74,38,0.69972
74,39,0.697169
74,40,0.695091
74,41,0.693664
74,42,0.692944
74,43,0.692855
74,44,0.693197
74,45,0.693683
74,46,0.694
74,47,0.693874
74,48,0.693131
74,49,0.691737
74,50,0.689807
74,51,0.687587
74,52,0.685397
74,53,0.683567
74,54,0.68236
74,55,0.681915
74,56,0.682207
74,57,0.683057
74,58,0.684179
74,59,0.685263
74,60,0.686053
74,61,0.686408
74,62,0.686328
74,63,0.685925
74,64,0.685373
74,65,0.684847
74,66,0.68449
74,67,0.684396
74,68,0.684616
74,69,0.685177
74,70,0.686082
74,71,0.687304
74,72,0.688798
74,73,0.690489
74,74,0.692299
74,75,0.694148
74,76,0.695964
74,77,0.697673
74,78,0.699185
74,79,0.700396
74,80,0.701192
74,81,0.701485
74,82,0.701238
74,83,0.700489
74,84,0.699341
74,85,0.697943
74,86,0.696444
74,87,0.694963
74,88,0.693572
74,89,0.6923
74,90,0.691157
74,91,0.690147
74,92,0.689284
74,93,0.688596
74,94,0.688115
74,95,0.687866
75,0,0.71014
75,1,0.708918
75,2,0.706591
75,3,0.703386
75,4,0.699597
75,5,0.695563
75,6,0.691622
75,7,0.688068
75,8,0.685118
75,9,0.682903
75,10,0.681451
75,11,0.680703
75,12,0.680543
75,13,0.680831
75,14,0.681453
75,15,0.682334
75,16,0.683453
75,17,0.684838
75,18,0.686525
75,19,0.688539
75,20,0.69087
75,21,0.693477
75,22,0.696281
75,23,0.699185
75,24,0.702081
75,25,0.704859
75,26,0.707401
75,27,0.709596
75,28,0.711355
75,29,0.712613
75,30,0.713335
75,31,0.713506
75,32,0.713121
75,33,0.712172
75,34,0.710655
75,35,0.708599
75,36,0.706092
75,37,0.703303
75,38,0.700482
75,39,0.697919
75,40,0.695893
75,41,0.694609
75,42,0.694136
75,43,0.694386
75,44,0.695128
75,45,0.69603
75,46,0.696728
75,47,0.696909
75,48,0.696376
75,49,0.695092
75,50,0.693179
75,51,0.690899
75,52,0.688585
75,53,0.686569
75,54,0.68511
75,55,0.684342
75,56,0.684245
75,57,0.684654
75,58,0.68531
75,59,0.685936
75,60,0.686308
75,61,0.686305
75,62,0.685937
75,63,0.685318
75,64,0.684614
75,65,0.683994
75,66,0.683595
75,67,0.683502
75,68,0.683762
75,69,0.684393
75,70,0.685385
75,71,0.686705
75,72,0.688298
75,73,0.690083
75,74,0.691973
75,75,0.693878
75,76,0.695726
75,77,0.697448
75,78,0.69897
75,79,0.700214
75,80,0.701097
75,81,0.701558
75,82,0.701571
75,83,0.701157
75,84,0.700387
75,85,0.699357
75,86,0.698157
75,87,0.696859
75,88,0.695509
75,89,0.69414
75,90,0.692786
75,91,0.691497
75,92,0.690337
75,93,0.689381
75,94,0.688699
75,95,0.688344
76,0,0.71052
76,1,0.709236
76,2,0.706801
76,3,0.703459
76,4,0.69953
76,5,0.695372
76,6,0.691331
76,7,0.687696
76,8,0.684669
76,9,0.682356
76,10,0.680765
76,11,0.679825
76,12,0.679423
76,13,0.67944
76,14,0.679786
76,15,0.680417
76,16,0.681332
76,17,0.682567
76,18,0.684158
76,19,0.686118
76,20,0.688432
76,21,0.69106
76,22,0.693935
76,23,0.696976
76,24,0.700091
76,25,0.703168
76,26,0.706078
76,27,0.708679
76,28,0.710842
76,29,0.712468
76,30,0.713497
76,31,0.713905
76,32,0.713693
76,33,0.712863
76,34,0.711426
76,35,0.709423
76,36,0.706949
76,37,0.704188
76,38,0.7014
76,39,0.698899
76,40,0.696983
76,41,0.695873
76,42,0.695644
76,43,0.696201
76,44,0.697291
76,45,0.698553
76,46,0.699592
76,47,0.700069
76,48,0.699772
76,49,0.698653
76,50,0.696836
76,51,0.694581
76,52,0.692212
76,53,0.690053
76,54,0.688356
76,55,0.687251
76,56,0.686732
76,57,0.686665
76,58,0.686834
76,59,0.687003
76,60,0.686986
76,61,0.686681
76,62,0.686099
76,63,0.685341
76,64,0.684554
76,65,0.683892
76,66,0.683482
76,67,0.683405
76,68,0.683704
76,69,0.684396
76,70,0.685466
76,71,0.686874
76,72,0.688554
76,73,0.690413
76,74,0.692349
76,75,0.694264
76,76,0.696083
76,77,0.697748
76,78,0.699212
76,79,0.700433
76,80,0.701364
76,81,0.701969
76,82,0.702225
76,83,0.702136
76,84,0.701727
76,85,0.701044
76,86,0.700124
76,87,0.699005
76,88,0.697717
76,89,0.696303
76,90,0.694827
76,91,0.693373
76,92,0.692043
76,93,0.69094
76,94,0.690153
76,95,0.689744
77,0,0.7106
77,1,0.709319
77,2,0.706895
77,3,0.703579
77,4,0.699697
77,5,0.695604
77,6,0.691635
77,7,0.688059
77,8,0.685051
77,9,0.682691
77,10,0.680967
77,11,0.679809
77,12,0.679118
77,13,0.678804
77,14,0.678815
77,15,0.679139
77,16,0.679794
77,17,0.680824
77,18,0.682256
77,19,0.684091
77,20,0.686307
77,21,0.688865
77,22,0.691713
77,23,0.694789
77,24,0.698021
77,25,0.701301
77,26,0.704492
77,27,0.707426
77,28,0.709941
77,29,0.711904
77,30,0.713229
77,31,0.713885
77,32,0.713872
77,33,0.713207
77,34,0.711911
77,35,0.710038
77,36,0.707691
77,37,0.705057
77,38,0.702406
77,39,0.700051
77,40,0.6983
77,41,0.697378
77,42,0.69736
77,43,0.698153
77,44,0.699496
77,45,0.701024
77,46,0.702332
77,47,0.703075
77,48,0.703029
77,49,0.702137
77,50,0.700503
77,51,0.698367
77,52,0.696027
77,53,0.693782
77,54,0.691871
77,55,0.690428
77,56,0.689469
77,57,0.688905
77,58,0.688578
77,59,0.688309
77,60,0.687952
77,61,0.687422
77,62,0.686724
77,63,0.685931
77,64,0.685161
77,65,0.684539
77,66,0.684172
77,67,0.684138
77,68,0.684478
77,69,0.685216
77,70,0.68634
77,71,0.687809
77,72,0.689549
77,73,0.691453
77,74,0.693403
77,75,0.695285
77,76,0.697023
77,77,0.698575
77,78,0.699925
77,79,0.701073
77,80,0.70201
77,81,0.702721
77,82,0.703186
77,83,0.703382
77,84,0.703292
77,85,0.702914
77,86,0.702246
77,87,0.701301
77,88,0.700108
77,89,0.698727
77,90,0.697247
77,91,0.695781
77,92,0.694444
77,93,0.693348
77,94,0.692573
77,95,0.692174
78,0,0.710328
78,1,0.709108
78,2,0.706805
78,3,0.703667
78,4,0.700007
78,5,0.696162
78,6,0.692438
78,7,0.689067
78,8,0.686187
78,9,0.68385
78,10,0.682028
78,11,0.680658
78,12,0.679665
78,13,0.678998
78,14,0.678647
78,15,0.678632
78,16,0.678994
78,17,0.679776
78,18,0.680995
78,19,0.682635
78,20,0.684666
78,21,0.68705
78,22,0.68975
78,23,0.692726
78,24,0.695927
78,25,0.69926
78,26,0.702586
78,27,0.705724
78,28,0.708488
78,29,0.710719
78,30,0.712312
78,31,0.713221
78,32,0.713445
78,33,0.713008
78,34,0.71194
78,35,0.710303
78,36,0.708201
78,37,0.705818
78,38,0.703413
78,39,0.70129
78,40,0.699745
78,41,0.698998
78,42,0.699127
78,43,0.700047
78,44,0.701514
78,45,0.703182
78,46,0.704665
78,47,0.705627
78,48,0.705843
78,49,0.705235
78,50,0.703875
78,51,0.701958
78,52,0.699739
78,53,0.697478
78,54,0.695393
78,55,0.693624
78,56,0.692223
78,57,0.691158
78,58,0.690344
78,59,0.689668
78,60,0.689031
78,61,0.688365
78,62,0.687661
78,63,0.686951
78,64,0.686308
78,65,0.685814
78,66,0.68555
78,67,0.685582
78,68,0.685958
78,69,0.686713
78,70,0.687851
78,71,0.689339
78,72,0.691102
78,73,0.69302
78,74,0.694955
78,75,0.696779
78,76,0.69841
78,77,0.69982
78,78,0.701023
78,79,0.702061
78,80,0.702962
78,81,0.703733
78,82,0.704351
78,83,0.704769
78,84,0.704936
78,85,0.704809
78,86,0.704359
78,87,0.70359
78,88,0.702539
78,89,0.701283
78,90,0.699933
78,91,0.698614
78,92,0.69744
78,93,0.696504
78,94,0.695859
78,95,0.695533
79,0,0.709695
79,1,0.708579
79,2,0.706479
79,3,0.703632
79,4,0.700334
79,5,0.696887
79,6,0.693556
79,7,0.690524
79,8,0.687886
79,9,0.68566
79,10,0.683805
79,11,0.682268
79,12,0.681005
79,13,0.680005
79,14,0.679304
79,15,0.678954
79,16,0.679013
79,17,0.679521
79,18,0.680482
79,19,0.681865
79,20,0.683626
79,21,0.68573
79,22,0.68815
79,23,0.690871
79,24,0.693868
79,25,0.697066
79,26,0.700341
79,27,0.703514
79,28,0.706389
79,29,0.708793
79,30,0.710604
79,31,0.711765
79,32,0.712266
79,33,0.712131
79,34,0.711392
79,35,0.710108
79,36,0.708378
79,37,0.706369
79,38,0.704314
79,39,0.702491
79,40,0.701171
79,41,0.700562
79,42,0.700746
79,43,0.701662
79,44,0.703104
79,45,0.704771
79,46,0.706321
79,47,0.707444
79,48,0.707919
79,49,0.707644
79,50,0.70664
79,51,0.70504
79,52,0.703033
79,53,0.700829
79,54,0.698622
79,55,0.69656
79,56,0.694738
79,57,0.693195
79,58,0.691927
79,59,0.690896
79,60,0.690053
79,61,0.689347
79,62,0.688742
79,63,0.688226
79,64,0.687807
79,65,0.687514
79,66,0.687394
79,67,0.687498
79,68,0.687884
79,69,0.68861
79,70,0.689704
79,71,0.691155
79,72,0.692894
79,73,0.694794
79,74,0.696698
79,75,0.698459
79,76,0.699985
79,77,0.701255
79,78,0.702308
79,79,0.70322
79,80,0.704053
79,81,0.704833
79,82,0.705536
79,83,0.706101
79,84,0.70645
79,85,0.706518
79,86,0.70626
79,87,0.705679
79,88,0.704823
79,89,0.703785
79,90,0.702689
79,91,0.701656
79,92,0.700783
79,93,0.700128
79,94,0.699704
79,95,0.699499
80,0,0.708735
80,1,0.707746
80,2,0.705896
80,3,0.703409
80,4,0.700558
80,5,0.697608
80,6,0.694774
80,7,0.692188
80,8,0.689894
80,9,0.687874
80,10,0.686076
80,11,0.684455
80,12,0.682997
80,13,0.681733
80,14,0.680736
80,15,0.68009
80,16,0.679862
80,17,0.680092
80,18,0.680768
80,19,0.68184
80,20,0.683256
80,21,0.684977
80,22,0.686989
80,23,0.689299
80,24,0.691909
80,25,0.694776
80,26,0.697799
80,27,0.70082
80,28,0.70365
80,29,0.706114
80,30,0.708083
80,31,0.709483
80,32,0.710293
80,33,0.710526
80,34,0.710207
80,35,0.709384
80,36,0.708137
80,37,0.706603
80,38,0.704977
80,39,0.703496
80,40,0.702397
80,41,0.70187
80,42,0.702009
80,43,0.702786
80,44,0.704056
80,45,0.705584
80,46,0.707092
80,47,0.708312
80,48,0.709027
80,49,0.709108
80,50,0.708516
80,51,0.707305
80,52,0.705586
80,53,0.703509
80,54,0.70124
80,55,0.698939
80,56,0.69675
80,57,0.694787
80,58,0.693134
80,59,0.691831
80,60,0.690877
80,61,0.69023
80,62,0.689825
80,63,0.689588
80,64,0.689458
80,65,0.689404
80,66,0.689431
80,67,0.689579
80,68,0.689923
80,69,0.69055
80,70,0.691526
80,71,0.692872
80,72,0.694533
80,73,0.696382
80,74,0.698247
80,75,0.699957
80,76,0.701406
80,77,0.702569
80,78,0.7035
80,79,0.704296
80,80,0.705043
80,81,0.705785
80,82,0.706507
80,83,0.707142
80,84,0.707604
80,85,0.707819
80,86,0.707739
80,87,0.70737
80,88,0.706767
80,89,0.706029
80,90,0.705277
80,91,0.704619
80,92,0.704125
80,93,0.703813
80,94,0.703651
80,95,0.703588
81,0,0.707506
81,1,0.70665
81,2,0.705062
81,3,0.702956
81,4,0.700582
81,5,0.69817
81,6,0.695887
81,7,0.693811
81,8,0.691938
81,9,0.690215
81,10,0.688574
81,11,0.686979
81,12,0.68544
81,13,0.684019
81,14,0.682822
81,15,0.681953
81,16,0.681487
81,17,0.681455
81,18,0.681833
81,19,0.682556
81,20,0.683561
81,21,0.684811
81,22,0.686301
81,23,0.688061
81,24,0.690122
81,25,0.692476
81,26,0.695062
81,27,0.697752
81,28,0.700385
81,29,0.702794
81,30,0.704848
81,31,0.70646
81,32,0.707591
81,33,0.708235
81,34,0.708399
81,35,0.708111
81,36,0.70742
81,37,0.706427
81,38,0.705275
81,39,0.704152
81,40,0.703253
81,41,0.702751
81,42,0.702753
81,43,0.703278
81,44,0.704251
81,45,0.705522
81,46,0.706888
81,47,0.708129
81,48,0.709043
81,49,0.709467
81,50,0.709299
81,51,0.708506
81,52,0.707118
81,53,0.705222
81,54,0.702955
81,55,0.700491
81,56,0.698023
81,57,0.695743
81,58,0.693821
81,59,0.692365
81,60,0.691417
81,61,0.690934
81,62,0.690813
81,63,0.69091
81,64,0.691094
81,65,0.691269
81,66,0.691401
81,67,0.69153
81,68,0.69175
81,69,0.69219
81,70,0.692962
81,71,0.694125
81,72,0.695649
81,73,0.69741
81,74,0.699225
81,75,0.700902
81,76,0.702315
81,77,0.703426
81,78,0.704285
81,79,0.704998
81,80,0.705664
81,81,0.706342
81,82,0.707032
81,83,0.707677
81,84,0.708203
81,85,0.70854
81,86,0.708646
81,87,0.708525
81,88,0.708229
81,89,0.707847
81,90,0.707486
81,91,0.707231
81,92,0.707124
81,93,0.707146
81,94,0.707232
81,95,0.707301
82,0,0.706059
82,1,0.705331
82,2,0.703994
82,3,0.702255
82,4,0.700344
82,5,0.698461
82,6,0.696731
82,7,0.695184
82,8,0.693773
82,9,0.692416
82,10,0.69103
82,11,0.689582
82,12,0.688097
82,13,0.686659
82,14,0.685389
82,15,0.6844
82,16,0.683767
82,17,0.683511
82,18,0.683596
82,19,0.683948
82,20,0.684497
82,21,0.685209
82,22,0.686091
82,23,0.687194
82,24,0.688581
82,25,0.690282
82,26,0.692282
82,27,0.694497
82,28,0.696801
82,29,0.699049
82,30,0.701111
82,31,0.702889
82,32,0.704325
82,33,0.705386
82,34,0.706054
82,35,0.706328
82,36,0.706222
82,37,0.70579
82,38,0.705123
82,39,0.704351
82,40,0.703627
82,41,0.703106
82,42,0.702908
82,43,0.703105
82,44,0.703699
82,45,0.704627
82,46,0.705766
82,47,0.706951
82,48,0.707992
82,49,0.7087
82,50,0.708911
82,51,0.708512
82,52,0.707452
82,53,0.705764
82,54,0.703557
82,55,0.70102
82,56,0.698395
82,57,0.695941
82,58,0.693903
82,59,0.692448
82,60,0.691642
82,61,0.691429
82,62,0.691656
82,63,0.692111
82,64,0.692588
82,65,0.692936
82,66,0.693096
82,67,0.693112
82,68,0.693112
82,69,0.69327
82,70,0.693751
82,71,0.694655
82,72,0.69598
82,73,0.697612
82,74,0.69936
82,75,0.701018
82,76,0.702435
82,77,0.703553
82,78,0.704403
82,79,0.705084
82,80,0.705696
82,81,0.70631
82,82,0.706946
82,83,0.707575
82,84,0.708146
82,85,0.708608
82,86,0.708923
82,87,0.709092
82,88,0.709145
82,89,0.709147
82,90,0.709176
82,91,0.70929
82,92,0.709508
82,93,0.709792
82,94,0.710062
82,95,0.710227
83,0,0.704433
83,1,0.703822
83,2,0.702716
83,3,0.701311
83,4,0.699822
83,5,0.69842
83,6,0.697199
83,7,0.696153
83,8,0.695206
83,9,0.694252
83,10,0.693198
83,11,0.69201
83,12,0.69072
83,13,0.689416
83,14,0.688218
83,15,0.687235
83,16,0.686529
83,17,0.686109
83,18,0.685928
83,19,0.685906
83,20,0.685977
83,21,0.686113
83,22,0.686338
83,23,0.686723
83,24,0.687363
83,25,0.688328
83,26,0.68965
83,27,0.691293
83,28,0.693172
83,29,0.695169
83,30,0.697162
83,31,0.699045
83,32,0.700736
83,33,0.702177
83,34,0.703321
83,35,0.704134
83,36,0.704592
83,37,0.704701
83,38,0.704498
83,39,0.704058
83,40,0.703491
83,41,0.702933
83,42,0.702519
83,43,0.702366
83,44,0.702551
83,45,0.703093
83,46,0.703946
83,47,0.704996
83,48,0.70607
83,49,0.706958
83,50,0.707448
83,51,0.707359
83,52,0.706579
83,53,0.705092
83,54,0.702991
83,55,0.700476
83,56,0.69783
83,57,0.695371
83,58,0.693397
83,59,0.692112
83,60,0.691588
83,61,0.69174
83,62,0.692357
83,63,0.693157
83,64,0.693869
83,65,0.694302
83,66,0.694386
83,67,0.694185
83,68,0.693868
83,69,0.693662
83,70,0.693779
83,71,0.69436
83,72,0.695431
83,73,0.69689
83,74,0.698548
83,75,0.700187
83,76,0.701637
83,77,0.702812
83,78,0.703718
83,79,0.704429
83,80,0.705037
83,81,0.705619
83,82,0.706219
83,83,0.706841
83,84,0.70747
83,85,0.708079
83,86,0.708639
83,87,0.709132
83,88,0.709557
83,89,0.709936
83,90,0.710312
83,91,0.710714
83,92,0.71115
83,93,0.711585
83,94,0.711944
83,95,0.712151
84,0,0.70267
84,1,0.702168
84,2,0.701271
84,3,0.700164
84,4,0.699039
84,5,0.698047
84,6,0.697257
84,7,0.696644
84,8,0.696115
84,9,0.695557
84,10,0.694876
84,11,0.694036
84,12,0.693064
84,13,0.69204
84,14,0.691064
84,15,0.690222
84,16,0.689553
84,17,0.689048
84,18,0.68865
84,19,0.688279
84,20,0.687879
84,21,0.687438
84,22,0.686998
84,23,0.686656
84,24,0.686535
84,25,0.686744
84,26,0.687357
84,27,0.688386
84,28,0.689786
84,29,0.691467
84,30,0.69332
84,31,0.695232
84,32,0.697104
84,33,0.698851
84,34,0.700398
84,35,0.70168
84,36,0.702639
84,37,0.703235
84,38,0.703455
84,39,0.703326
84,40,0.702915
84,41,0.702339
84,42,0.701742
84,43,0.701277
84,44,0.70108
84,45,0.701241
84,46,0.701777
84,47,0.702619
84,48,0.703613
84,49,0.704544
84,50,0.705168
84,51,0.705264
84,52,0.704674
84,53,0.703355
84,54,0.701387
84,55,0.698982
84,56,0.696454
84,57,0.694157
84,58,0.692422
84,59,0.691467
84,60,0.691346
84,61,0.691929
84,62,0.692945
84,63,0.694042
84,64,0.694904
84,65,0.695315
84,66,0.695215
84,67,0.694702
84,68,0.693993
84,69,0.693367
84,70,0.693077
84,71,0.693299
84,72,0.694079
84,73,0.695331
84,74,0.696873
84,75,0.698484
84,76,0.699981
84,77,0.701252
84,78,0.702271
84,79,0.70308
84,80,0.703752
84,81,0.704364
84,82,0.704978
84,83,0.705636
84,84,0.706361
84,85,0.707151
84,86,0.707979
84,87,0.708808
84,88,0.709592
84,89,0.710308
84,90,0.710952
84,91,0.711535
84,92,0.712063
84,93,0.712523
84,94,0.712873
84,95,0.713065
85,0,0.700856
85,1,0.700455
85,2,0.699748
85,3,0.698899
85,4,0.698075
85,5,0.697404
85,6,0.696939
85,7,0.696652
85,8,0.696453
85,9,0.696241
85,10,0.695931
85,11,0.695488
85,12,0.694928
85,13,0.694308
85,14,0.693691
85,15,0.693124
85,16,0.692609
85,17,0.692109
85,18,0.691561
85,19,0.69089
85,20,0.690057
85,21,0.689072
85,22,0.688003
85,23,0.686972
85,24,0.686133
85,25,0.685623
85,26,0.685556
85,27,0.685981
85,28,0.686889
85,29,0.688219
85,30,0.689872
85,31,0.691735
85,32,0.693696
85,33,0.695649
85,34,0.697497
85,35,0.699149
85,36,0.700517
85,37,0.701525
85,38,0.70212
85,39,0.702284
85,40,0.702049
85,41,0.701509
85,42,0.700806
85,43,0.700118
85,44,0.699617
85,45,0.699442
85,46,0.699657
85,47,0.700232
85,48,0.701035
85,49,0.701859
85,50,0.702455
85,51,0.702585
85,52,0.702078
85,53,0.700876
85,54,0.699055
85,55,0.696836
85,56,0.694545
85,57,0.692556
85,58,0.691206
85,59,0.690701
85,60,0.69106
85,61,0.692098
85,62,0.693479
85,63,0.694799
85,64,0.695706
85,65,0.695985
85,66,0.695604
85,67,0.694707
85,68,0.693565
85,69,0.692501
85,70,0.691803
85,71,0.691666
85,72,0.69215
85,73,0.693183
85,74,0.694592
85,75,0.696164
85,76,0.697711
85,77,0.699103
85,78,0.700283
85,79,0.701258
85,80,0.702073
85,81,0.702796
85,82,0.703502
85,83,0.704259
85,84,0.705122
85,85,0.706112
85,86,0.707204
85,87,0.708336
85,88,0.709422
85,89,0.710391
85,90,0.711201
85,91,0.711846
85,92,0.712345
85,93,0.712719
85,94,0.712974
85,95,0.713105
86,0,0.699155
86,1,0.698846
86,2,0.698307
86,3,0.697669
86,4,0.697069
86,5,0.69661
86,6,0.69634
86,7,0.69624
86,8,0.696246
86,9,0.696286
86,10,0.696298
86,11,0.696256
86,12,0.696163
86,13,0.696036
86,14,0.69589
86,15,0.695712
86,16,0.695459
86,17,0.69506
86,18,0.694442
86,19,0.693541
86,20,0.69234
86,21,0.690879
86,22,0.689257
86,23,0.687622
86,24,0.686151
86,25,0.685011
86,26,0.684339
86,27,0.684213
86,28,0.684656
86,29,0.685624
86,30,0.687037
86,31,0.68878
86,32,0.690738
86,33,0.692791
86,34,0.694826
86,35,0.696736
86,36,0.698411
86,37,0.699751
86,38,0.700669
86,39,0.701116
86,40,0.701091
86,41,0.700662
86,42,0.699963
86,43,0.699171
86,44,0.698478
86,45,0.698043
86,46,0.69796
86,47,0.698228
86,48,0.698741
86,49,0.699317
86,50,0.69973
86,51,0.699753
86,52,0.699225
86,53,0.698091
86,54,0.696426
86,55,0.69445
86,56,0.692491
86,57,0.690914
86,58,0.690043
86,59,0.690052
86,60,0.69091
86,61,0.692374
86,62,0.694048
86,63,0.695487
86,64,0.696327
86,65,0.696371
86,66,0.695632
86,67,0.694311
86,68,0.692732
86,69,0.691254
86,70,0.690188
86,71,0.689734
86,72,0.689955
86,73,0.690787
86,74,0.692068
86,75,0.693599
86,76,0.695199
86,77,0.696729
86,78,0.698108
86,79,0.69931
86,80,0.70035
86,81,0.701274
86,82,0.702155
86,83,0.703075
86,84,0.704108
86,85,0.70529
86,86,0.706596
86,87,0.707946
86,88,0.709225
86,89,0.710323
86,90,0.711173
86,91,0.711762
86,92,0.712129
86,93,0.712333
86,94,0.712434
86,95,0.712474
87,0,0.697802
87,1,0.69757
87,2,0.69716
87,3,0.696669
87,4,0.696196
87,5,0.695822
87,6,0.695593
87,7,0.695518
87,8,0.695575
87,9,0.695741
87,10,0.695994
87,11,0.696318
87,12,0.696702
87,13,0.697118
87,14,0.697514
87,15,0.697811
87,16,0.697906
87,17,0.697692
87,18,0.697085
87,19,0.696036
87,20,0.694553
87,21,0.692712
87,22,0.690642
87,23,0.688518
87,24,0.686538
87,25,0.684885
87,26,0.683715
87,27,0.683124
87,28,0.683153
87,29,0.683777
87,30,0.684928
87,31,0.6865
87,32,0.688376
87,33,0.690435
87,34,0.692556
87,35,0.694621
87,36,0.696509
87,37,0.698104
87,38,0.6993
87,39,0.700021
87,40,0.700241
87,41,0.700003
87,42,0.699419
87,43,0.698651
87,44,0.697882
87,45,0.697274
87,46,0.69693
87,47,0.696868
87,48,0.697017
87,49,0.697234
87,50,0.697339
87,51,0.697146
87,52,0.696522
87,53,0.695427
87,54,0.693936
87,55,0.692257
87,56,0.690698
87,57,0.6896
87,58,0.689249
87,59,0.689777
87,60,0.691096
87,61,0.692907
87,62,0.694767
87,63,0.696205
87,64,0.696865
87,65,0.696584
87,66,0.695432
87,67,0.693674
87,68,0.691682
87,69,0.689847
87,70,0.688486
87,71,0.687794
87,72,0.687822
87,73,0.688504
87,74,0.68969
87,75,0.691196
87,76,0.692856
87,77,0.694537
87,78,0.696143
87,79,0.697623
87,80,0.698958
87,81,0.700167
87,82,0.701302
87,83,0.702438
87,84,0.703649
87,85,0.704977
87,86,0.706398
87,87,0.707828
87,88,0.709138
87,89,0.710204
87,90,0.710951
87,91,0.711369
87,92,0.711519
87,93,0.711499
87,94,0.711414
87,95,0.711349
88,0,0.69707
88,1,0.696884
88,2,0.696544
88,3,0.696107
88,4,0.695637
88,5,0.695196
88,6,0.694839
88,7,0.694613
88,8,0.694557
88,9,0.694709
88,10,0.695097
88,11,0.695724
88,12,0.696558
88,13,0.697522
88,14,0.698489
88,15,0.699303
88,16,0.699798
88,17,0.69983
88,18,0.699305
88,19,0.698189
88,20,0.696522
88,21,0.694413
88,22,0.692023
88,23,0.689547
88,24,0.687199
88,25,0.685171
88,26,0.683625
88,27,0.682667
88,28,0.682351
88,29,0.682667
88,30,0.683558
88,31,0.684931
88,32,0.686677
88,33,0.688675
88,34,0.690805
88,35,0.692947
88,36,0.694974
88,37,0.69676
88,38,0.69819
88,39,0.699173
88,40,0.69966
88,41,0.699672
88,42,0.69929
88,43,0.698649
88,44,0.697906
88,45,0.697201
88,46,0.696632
88,47,0.696233
88,48,0.69597
88,49,0.695756
88,50,0.695476
88,51,0.695005
88,52,0.694256
88,53,0.693206
88,54,0.691927
88,55,0.6906
88,56,0.689496
88,57,0.688911
88,58,0.689082
88,59,0.690088
88,60,0.691788
88,61,0.693836
88,62,0.695756
88,63,0.697072
88,64,0.697446
88,65,0.696766
88,66,0.695167
88,67,0.692975
88,68,0.690613
88,69,0.688494
88,70,0.686933
88,71,0.686103
88,72,0.686035
88,73,0.686649
88,74,0.687797
88,75,0.689311
88,76,0.691045
88,77,0.692883
88,78,0.69473
88,79,0.696519
88,80,0.698202
88,81,0.69976
88,82,0.701208
88,83,0.702592
88,84,0.703965
88,85,0.705365
88,86,0.706768
88,87,0.708102
88,88,0.709248
88,89,0.710097
88,90,0.710583
88,91,0.710715
88,92,0.710577
88,93,0.710298
88,94,0.710014
88,95,0.709841
89,0,0.697164
89,1,0.696983
89,2,0.696631
89,3,0.696133
89,4,0.695523
89,5,0.694852
89,6,0.694194
89,7,0.693648
89,8,0.69332
89,9,0.693323
89,10,0.693737
89,11,0.694585
89,12,0.695815
89,13,0.697291
89,14,0.698811
89,15,0.700138
89,16,0.701044
89,17,0.70135
89,18,0.700956
89,19,0.699848
89,20,0.698095
89,21,0.695839
89,22,0.693266
89,23,0.690586
89,24,0.688018
89,25,0.685754
89,26,0.683956
89,27,0.682734
89,28,0.682148
89,29,0.682203
89,30,0.682857
89,31,0.684032
89,32,0.68563
89,33,0.687539
89,34,0.68964
89,35,0.691813
89,36,0.693928
89,37,0.695857
89,38,0.69748
89,39,0.698696
89,40,0.699447
89,41,0.699728
89,42,0.699592
89,43,0.699137
89,44,0.698479
89,45,0.697725
89,46,0.696958
89,47,0.696223
89,48,0.695526
89,49,0.694848
89,50,0.694154
89,51,0.693396
89,52,0.692538
89,53,0.691579
89,54,0.690573
89,55,0.689664
89,56,0.689066
89,57,0.689014
89,58,0.689687
89,59,0.691109
89,60,0.693095
89,61,0.695262
89,62,0.697121
89,63,0.698202
89,64,0.698205
89,65,0.697071
89,66,0.695003
89,67,0.692393
89,68,0.689707
89,69,0.687377
89,70,0.68571
89,71,0.684849
89,72,0.684792
89,73,0.68543
89,74,0.686608
89,75,0.688169
89,76,0.689992
89,77,0.691984
89,78,0.694068
89,79,0.696173
89,80,0.698229
89,81,0.700174
89,82,0.701971
89,83,0.703615
89,84,0.705121
89,85,0.706504
89,86,0.707747
89,87,0.708801
89,88,0.709582
89,89,0.710021
89,90,0.710088
89,91,0.709822
89,92,0.709331
89,93,0.708763
89,94,0.708274
89,95,0.707994
90,0,0.698157
90,1,0.697932
90,2,0.697477
90,3,0.696792
90,4,0.695895
90,5,0.69484
90,6,0.69373
90,7,0.69272
90,8,0.691994
90,9,0.691736
90,10,0.692081
90,11,0.693068
90,12,0.69462
90,13,0.696543
90,14,0.698556
90,15,0.700349
90,16,0.701635
90,17,0.702209
90,18,0.701971
90,19,0.700929
90,20,0.69918
90,21,0.696894
90,22,0.694273
90,23,0.691533
90,24,0.688886
90,25,0.686516
90,26,0.684579
90,27,0.683185
90,28,0.682401
90,29,0.682246
90,30,0.682699
90,31,0.683699
90,32,0.685163
90,33,0.686987
90,34,0.689054
90,35,0.691241
90,36,0.693418
90,37,0.695452
90,38,0.697223
90,39,0.698631
90,40,0.699608
90,41,0.700135
90,42,0.700239
90,43,0.699976
90,44,0.699417
90,45,0.698631
90,46,0.697677
90,47,0.696609
90,48,0.695478
90,49,0.694339
90,50,0.693246
90,51,0.692234
90,52,0.691321
90,53,0.690522
90,54,0.689868
90,55,0.689448
90,56,0.689404
90,57,0.6899
90,58,0.69105
90,59,0.692827
90,60,0.695008
90,61,0.697194
90,62,0.698893
90,63,0.699659
90,64,0.699231
90,65,0.697613
90,66,0.695074
90,67,0.692065
90,68,0.689098
90,69,0.686621
90,70,0.68493
90,71,0.684133
90,72,0.684181
90,73,0.68493
90,74,0.686203
90,75,0.687845
90,76,0.68976
90,77,0.691889
90,78,0.694183
90,79,0.696583
90,80,0.699004
90,81,0.701342
90,82,0.7035
90,83,0.705402
90,84,0.707006
90,85,0.708296
90,86,0.709258
90,87,0.709873
90,88,0.710116
90,89,0.709977
90,90,0.709483
90,91,0.708717
90,92,0.707811
90,93,0.706928
90,94,0.706228
90,95,0.705842
91,0,0.699925
91,1,0.699611
91,2,0.698968
91,3,0.697989
91,4,0.696685
91,5,0.695128
91,6,0.693459
91,7,0.691895
91,8,0.690693
91,9,0.690106
91,10,0.690313
91,11,0.691366
91,12,0.693161
91,13,0.695444
91,14,0.697863
91,15,0.700041
91,16,0.701645
91,17,0.702453
91,18,0.702372
91,19,0.701432
91,20,0.69976
91,21,0.697544
91,22,0.694992
91,23,0.692314
91,24,0.689708
91,25,0.687342
91,26,0.68536
91,27,0.683871
91,28,0.682951
91,29,0.682638
91,30,0.682933
91,31,0.683795
91,32,0.685159
91,33,0.686924
91,34,0.688975
91,35,0.691183
91,36,0.693409
91,37,0.69552
91,38,0.697394
91,39,0.698936
91,40,0.700079
91,41,0.700794
91,42,0.701087
91,43,0.70098
91,44,0.700495
91,45,0.699663
91,46,0.69852
91,47,0.697127
91,48,0.69558
91,49,0.694012
91,50,0.692565
91,51,0.691357
91,52,0.69046
91,53,0.689897
91,54,0.689668
91,55,0.689795
91,56,0.690342
91,57,0.691394
91,58,0.692997
91,59,0.695078
91,60,0.697389
91,61,0.699524
91,62,0.701005
91,63,0.701414
91,64,0.700536
91,65,0.698434
91,66,0.695437
91,67,0.692058
91,68,0.688848
91,69,0.686274
91,70,0.684617
91,71,0.683951
91,72,0.684175
91,73,0.685097
91,74,0.686508
91,75,0.688249
91,76,0.690245
91,77,0.692477
91,78,0.694933
91,79,0.697581
91,80,0.70033
91,81,0.70304
91,82,0.705545
91,83,0.707693
91,84,0.709369
91,85,0.710518
91,86,0.711121
91,87,0.711197
91,88,0.710787
91,89,0.709957
91,90,0.708804
91,91,0.707463
91,92,0.706095
91,93,0.704873
91,94,0.703954
91,95,0.703461
92,0,0.70216
92,1,0.701725
92,2,0.700842
92,3,0.699502
92,4,0.697729
92,5,0.695618
92,6,0.693354
92,7,0.691213
92,8,0.689518
92,9,0.688582
92,10,0.688618
92,11,0.689683
92,12,0.691645
92,13,0.694195
92,14,0.696919
92,15,0.699385
92,16,0.701229
92,17,0.702218
92,18,0.702275
92,19,0.701454
92,20,0.699904
92,21,0.697826
92,22,0.695426
92,23,0.6929
92,24,0.69042
92,25,0.688134
92,26,0.686173
92,27,0.684645
92,28,0.683639
92,29,0.683214
92,30,0.683394
92,31,0.684162
92,32,0.685465
92,33,0.687207
92,34,0.689268
92,35,0.691508
92,36,0.693779
92,37,0.695942
92,38,0.697876
92,39,0.699492
92,40,0.700729
92,41,0.701559
92,42,0.70197
92,43,0.701958
92,44,0.701505
92,45,0.700603
92,46,0.699268
92,47,0.69757
92,48,0.695648
92,49,0.693705
92,50,0.691968
92,51,0.690631
92,52,0.689811
92,53,0.689538
92,54,0.689773
92,55,0.69047
92,56,0.69161
92,57,0.693201
92,58,0.695225
92,59,0.697569
92,60,0.699968
92,61,0.702021
92,62,0.703266
92,63,0.703322
92,64,0.702017
92,65,0.699464
92,66,0.69605
92,67,0.69234
92,68,0.688925
92,69,0.686287
92,70,0.684698
92,71,0.684196
92,72,0.684627
92,73,0.685748
92,74,0.687312
92,75,0.689151
92,76,0.691205
92,77,0.693496
92,78,0.696059
92,79,0.698892
92,80,0.701913
92,81,0.704946
92,82,0.707765
92,83,0.710136
92,84,0.71187
92,85,0.712864
92,86,0.71309
92,87,0.712604
92,88,0.711509
92,89,0.709954
92,90,0.708111
92,91,0.706171
92,92,0.704327
92,93,0.702759
92,94,0.70162
92,95,0.701021
93,0,0.704422
93,1,0.703862
93,2,0.702732
93,3,0.701032
93,4,0.698802
93,5,0.696167
93,6,0.693355
93,7,0.690691
93,8,0.688554
93,9,0.6873
93,10,0.687168
93,11,0.688214
93,12,0.690278
93,13,0.693008
93,14,0.695939
93,15,0.698599
93,16,0.700603
93,17,0.701718
93,18,0.701883
93,19,0.701175
93,20,0.699761
93,21,0.697849
93,22,0.695635
93,23,0.693296
93,24,0.690979
93,25,0.688809
93,26,0.686904
93,27,0.685373
93,28,0.684318
93,29,0.683817
93,30,0.683922
93,31,0.684632
93,32,0.685908
93,33,0.687655
93,34,0.689746
93,35,0.692027
93,36,0.694338
93,37,0.696533
93,38,0.698492
93,39,0.700133
93,40,0.701405
93,41,0.702281
93,42,0.702745
93,43,0.702769
93,44,0.702307
93,45,0.701319
93,46,0.699806
93,47,0.697844
93,48,0.695608
93,49,0.693364
93,50,0.691408
93,51,0.689999
93,52,0.689291
93,53,0.689314
93,54,0.689993
93,55,0.691219
93,56,0.692899
93,57,0.69497
93,58,0.69736
93,59,0.699925
93,60,0.702389
93,61,0.704358
93,62,0.705392
93,63,0.705143
93,64,0.703473
93,65,0.700541
93,66,0.69678
93,67,0.692796
93,68,0.689216
93,69,0.686536
93,70,0.685024
93,71,0.684682
93,72,0.685312
93,73,0.686622
93,74,0.688325
93,75,0.690242
93,76,0.692328
93,77,0.694638
93,78,0.697255
93,79,0.700212
93,80,0.703433
93,81,0.706725
93,82,0.709803
93,83,0.712363
93,84,0.714145
93,85,0.715
93,86,0.71489
93,87,0.713896
93,88,0.71218
93,89,0.709962
93,90,0.707485
93,91,0.704992
93,92,0.702707
93,93,0.700821
93,94,0.69948
93,95,0.698784
94,0,0.706252
94,1,0.705589
94,2,0.704257
94,3,0.702265
94,4,0.699673
94,5,0.696632
94,6,0.693399
94,7,0.69034
94,8,0.68787
94,9,0.686375
94,10,0.686111
94,11,0.687129
94,12,0.689249
94,13,0.692085
94,14,0.695139
94,15,0.697912
94,16,0.700009
94,17,0.701199
94,18,0.701436
94,19,0.700815
94,20,0.699516
94,21,0.69775
94,22,0.695702
94,23,0.693531
94,24,0.691363
94,25,0.689301
94,26,0.687456
94,27,0.685937
94,28,0.684856
94,29,0.684311
94,30,0.684371
94,31,0.685052
94,32,0.686323
94,33,0.688088
94,34,0.690213
94,35,0.692531
94,36,0.694873
94,37,0.697085
94,38,0.699048
94,39,0.700686
94,40,0.701956
94,41,0.702837
94,42,0.70331
94,43,0.703335
94,44,0.702843
94,45,0.701775
94,46,0.700121
94,47,0.697961
94,48,0.695499
94,49,0.693042
94,50,0.690942
94,51,0.689501
94,52,0.688899
94,53,0.689166
94,54,0.690197
94,55,0.691835
94,56,0.693931
94,57,0.696368
94,58,0.699035
94,59,0.701762
94,60,0.704272
94,61,0.706177
94,62,0.707056
94,63,0.706582
94,64,0.704648
94,65,0.701442
94,66,0.69743
94,67,0.693249
94,68,0.689552
94,69,0.686848
94,70,0.685398
94,71,0.685183
94,72,0.685968
94,73,0.687422
94,74,0.689231
94,75,0.6912
94,76,0.693295
94,77,0.695602
94,78,0.698237
94,79,0.701262
94,80,0.704614
94,81,0.708084
94,82,0.711347
94,83,0.714046
94,84,0.715867
94,85,0.716621
94,86,0.71626
94,87,0.714884
94,88,0.712697
94,89,0.709973
94,90,0.707008
94,91,0.704087
94,92,0.70146
94,93,0.699326
94,94,0.697827
94,95,0.697054
95,0,0.707273
95,1,0.706552
95,2,0.705106
95,3,0.702952
95,4,0.70016
95,5,0.696895
95,6,0.693434
95,7,0.690162
95,8,0.687514
95,9,0.685891
95,10,0.685554
95,11,0.686553
95,12,0.688696
95,13,0.69158
95,14,0.69469
95,15,0.697514
95,16,0.699652
95,17,0.700876
95,18,0.70115
95,19,0.700577
95,20,0.699344
95,21,0.697662
95,22,0.695712
95,23,0.693639
95,24,0.691558
95,25,0.689561
95,26,0.687753
95,27,0.686245
95,28,0.685154
95,29,0.684588
95,30,0.684628
95,31,0.685298
95,32,0.68657
95,33,0.688349
95,34,0.690496
95,35,0.692837
95,36,0.695196
95,37,0.697414
95,38,0.699375
95,39,0.701004
95,40,0.702264
95,41,0.703138
95,42,0.703606
95,43,0.703621
95,44,0.703106
95,45,0.70199
95,46,0.700257
95,47,0.69799
95,48,0.695408
95,49,0.692843
95,50,0.69067
95,51,0.689219
95,52,0.688681
95,53,0.689086
95,54,0.690312
95,55,0.692177
95,56,0.6945
95,57,0.697136
95,58,0.699952
95,59,0.702768
95,60,0.705302
95,61,0.707173
95,62,0.707969
95,63,0.707378
95,64,0.705305
95,65,0.701955
95,66,0.697811
95,67,0.693528
95,68,0.68977
95,69,0.687054
95,70,0.685639
95,71,0.685494
95,72,0.686364
95,73,0.687896
95,74,0.68976
95,75,0.691754
95,76,0.69385
95,77,0.696148
95,78,0.698784
95,79,0.701838
95,80,0.705254
95,81,0.708815
95,82,0.712175
95,83,0.714948
95,84,0.716791
95,85,0.717493
95,86,0.717
95,87,0.71542
95,88,0.71298
95,89,0.709981
95,90,0.706751
95,91,0.703597
95,92,0.700783
95,93,0.698512
95,94,0.696925
95,95,0.69611
