fy,fx,density
0,0,0.670896
0,1,0.671747
0,2,0.673349
0,3,0.675526
0,4,0.678088
0,5,0.680877
0,6,0.683789
0,7,0.686776
0,8,0.689811
0,9,0.692863
0,10,0.695861
0,11,0.698691
0,12,0.701221
0,13,0.703332
0,14,0.704961
0,15,0.706119
0,16,0.70689
0,17,0.707384
0,18,0.707694
0,19,0.707849
0,20,0.707786
0,21,0.707382
0,22,0.706516
0,23,0.705154
0,24,0.703393
0,25,0.701493
0,26,0.699803
0,27,0.698662
0,28,0.698302
0,29,0.698767
0,30,0.699918
0,31,0.701486
0,32,0.703154
0,33,0.704661
0,34,0.705837
0,35,0.706607
0,36,0.706941
0,37,0.706802
0,38,0.706102
0,39,0.704724
0,40,0.702558
0,41,0.699597
0,42,0.695978
0,43,0.692009
0,44,0.688146
0,45,0.684895
0,46,0.682722
0,47,0.681941
0,48,0.682671
0,49,0.684824
0,50,0.688158
0,51,0.692351
0,52,0.697081
0,53,0.702061
0,54,0.707049
0,55,0.711793
0,56,0.715998
0,57,0.719305
0,58,0.721317
0,59,0.721703
0,60,0.720284
0,61,0.717117
0,62,0.712515
0,63,0.706975
0,64,0.701093
0,65,0.695447
0,66,0.690506
0,67,0.686584
0,68,0.68384
0,69,0.682307
0,70,0.681926
0,71,0.682585
0,72,0.684133
0,73,0.686414
0,74,0.689261
0,75,0.692521
0,76,0.696057
0,77,0.699747
0,78,0.703484
0,79,0.707152
0,80,0.710613
0,81,0.713665
0,82,0.716041
0,83,0.717418
0,84,0.717483
0,85,0.716016
0,86,0.712971
0,87,0.708524
0,88,0.703082
0,89,0.697188
0,90,0.691432
0,91,0.686316
0,92,0.682169
0,93,0.679134
0,94,0.677191
0,95,0.676253
1,0,0.673115
1,1,0.673908
1,2,0.675392
1,3,0.677399
1,4,0.679744
1,5,0.682287
1,6,0.684945
1,7,0.687701
1,8,0.690555
1,9,0.693497
1,10,0.696465
1,11,0.699346
1,12,0.701988
1,13,0.704248
1,14,0.706035
1,15,0.70733
1,16,0.708191
1,17,0.70871
1,18,0.70897
1,19,0.708993
1,20,0.70873
1,21,0.708074
1,22,0.706933
1,23,0.705304
1,24,0.703312
1,25,0.701238
1,26,0.699436
1,27,0.698244
1,28,0.697879
1,29,0.698374
1,30,0.699576
1,31,0.701206
1,32,0.702941
1,33,0.704512
1,34,0.705741
1,35,0.70654
1,36,0.706871
1,37,0.706689
1,38,0.705912
1,39,0.704435
1,40,0.702169
1,41,0.699127
1,42,0.695462
1,43,0.691491
1,44,0.687663
1,45,0.684474
1,46,0.682369
1,47,0.681645
1,48,0.68241
1,49,0.684567
1,50,0.687878
1,51,0.692026
1,52,0.696696
1,53,0.701609
1,54,0.706529
1,55,0.711209
1,56,0.715361
1,57,0.718635
1,58,0.720645
1,59,0.721072
1,60,0.719746
1,61,0.716728
1,62,0.712323
1,63,0.707016
1,64,0.701383
1,65,0.695976
1,66,0.691242
1,67,0.687473
1,68,0.684813
1,69,0.683288
1,70,0.682841
1,71,0.683372
1,72,0.684749
1,73,0.686837
1,74,0.689495
1,75,0.692589
1,76,0.695995
1,77,0.699597
1,78,0.703286
1,79,0.706942
1,80,0.710416
1,81,0.713499
1,82,0.715918
1,83,0.717348
1,84,0.717475
1,85,0.716077
1,86,0.713102
1,87,0.708716
1,88,0.703308
1,89,0.697407
1,90,0.691594
1,91,0.686371
1,92,0.682085
1,93,0.678903
1,94,0.676837
1,95,0.675829
2,0,0.677284
2,1,0.677964
2,2,0.679225
2,3,0.680904
2,4,0.682838
2,5,0.684916
2,6,0.687098
2,7,0.689421
2,8,0.691934
2,9,0.694667
2,10,0.697577
2,11,0.700541
2,12,0.70338
2,13,0.705902
2,14,0.707962
2,15,0.709491
2,16,0.710499
2,17,0.711047
2,18,0.711196
2,19,0.710968
2,20,0.71033
2,21,0.709212
2,22,0.707574
2,23,0.705466
2,24,0.703068
2,25,0.700693
2,26,0.698709
2,27,0.697444
2,28,0.697092
2,29,0.697656
2,30,0.698961
2,31,0.700709
2,32,0.702563
2,33,0.704243
2,34,0.705553
2,35,0.706389
2,36,0.706695
2,37,0.706421
2,38,0.705492
2,39,0.703832
2,40,0.701388
2,41,0.698212
2,42,0.694486
2,43,0.690538
2,44,0.686803
2,45,0.683749
2,46,0.681786
2,47,0.681177
2,48,0.682004
2,49,0.684163
2,50,0.687419
2,51,0.691468
2,52,0.696013
2,53,0.700791
2,54,0.705578
2,55,0.710139
2,56,0.714196
2,57,0.717415
2,58,0.719431
2,59,0.719945
2,60,0.718802
2,61,0.716067
2,62,0.712035
2,63,0.707164
2,64,0.701994
2,65,0.697032
2,66,0.692681
2,67,0.689195
2,68,0.68669
2,69,0.68518
2,70,0.68461
2,71,0.684903
2,72,0.68596
2,73,0.687688
2,74,0.689989
2,75,0.692762
2,76,0.695911
2,77,0.69933
2,78,0.70291
2,79,0.706519
2,80,0.709993
2,81,0.713107
2,82,0.715581
2,83,0.717086
2,84,0.717309
2,85,0.716026
2,86,0.713178
2,87,0.70891
2,88,0.703584
2,89,0.697699
2,90,0.691815
2,91,0.686436
2,92,0.68193
2,93,0.678511
2,94,0.676245
2,95,0.675123
3,0,0.682905
3,1,0.683425
3,2,0.684373
3,3,0.685598
3,4,0.686966
3,5,0.688408
3,6,0.689947
3,7,0.691686
3,8,0.693741
3,9,0.696191
3,10,0.699013
3,11,0.702072
3,12,0.705146
3,13,0.707983
3,14,0.710368
3,15,0.712162
3,16,0.713322
3,17,0.713866
3,18,0.713837
3,19,0.713258
3,20,0.712121
3,21,0.710405
3,22,0.708136
3,23,0.705437
3,24,0.702552
3,25,0.699834
3,26,0.697664
3,27,0.696352
3,28,0.696058
3,29,0.696746
3,30,0.698203
3,31,0.700106
3,32,0.702104
3,33,0.703901
3,34,0.705283
3,35,0.706127
3,36,0.706361
3,37,0.705934
3,38,0.704789
3,39,0.702889
3,40,0.700232
3,41,0.696921
3,42,0.693168
3,43,0.68931
3,44,0.685756
3,45,0.682931
3,46,0.681189
3,47,0.680746
3,48,0.681652
3,49,0.683794
3,50,0.686946
3,51,0.69083
3,52,0.695177
3,53,0.699749
3,54,0.704344
3,55,0.70874
3,56,0.712678
3,57,0.715841
3,58,0.717888
3,59,0.718542
3,60,0.717667
3,61,0.715329
3,62,0.711807
3,63,0.707524
3,64,0.70297
3,65,0.698598
3,66,0.694751
3,67,0.691636
3,68,0.689334
3,69,0.687842
3,70,0.687111
3,71,0.687088
3,72,0.687718
3,73,0.688961
3,74,0.690772
3,75,0.693099
3,76,0.695874
3,77,0.699011
3,78,0.702397
3,79,0.705889
3,80,0.709304
3,81,0.712401
3,82,0.71489
3,83,0.716443
3,84,0.716752
3,85,0.715596
3,86,0.71291
3,87,0.708818
3,88,0.703642
3,89,0.697845
3,90,0.691952
3,91,0.68646
3,92,0.681758
3,93,0.678107
3,94,0.675636
3,95,0.674394
4,0,0.689337
4,1,0.689662
4,2,0.690227
4,3,0.690906
4,4,0.6916
4,5,0.692297
4,6,0.693089
4,7,0.694156
4,8,0.695687
4,9,0.697809
4,10,0.700518
4,11,0.703662
4,12,0.706968
4,13,0.710114
4,14,0.712805
4,15,0.714832
4,16,0.716094
4,17,0.716574
4,18,0.716297
4,19,0.715298
4,20,0.713599
4,21,0.711238
4,22,0.708312
4,23,0.705023
4,24,0.701676
4,25,0.698667
4,26,0.696379
4,27,0.695098
4,28,0.694937
4,29,0.695809
4,30,0.69746
4,31,0.699537
4,32,0.70167
4,33,0.70355
4,34,0.704952
4,35,0.705737
4,36,0.705829
4,37,0.705184
4,38,0.703776
4,39,0.701615
4,40,0.698763
4,41,0.695372
4,42,0.691684
4,43,0.688028
4,44,0.684776
4,45,0.682287
4,46,0.680846
4,47,0.68061
4,48,0.681594
4,49,0.68368
4,50,0.686663
4,51,0.690301
4,52,0.694367
4,53,0.698661
4,54,0.703008
4,55,0.707209
4,56,0.711021
4,57,0.714145
4,58,0.716262
4,59,0.717117
4,60,0.716584
4,61,0.714727
4,62,0.711803
4,63,0.708194
4,64,0.704337
4,65,0.700621
4,66,0.697332
4,67,0.694624
4,68,0.692543
4,69,0.691068
4,70,0.690157
4,71,0.689781
4,72,0.689933
4,73,0.690625
4,74,0.691869
4,75,0.69366
4,76,0.695968
4,77,0.698722
4,78,0.701812
4,79,0.705085
4,80,0.708338
4,81,0.71132
4,82,0.713732
4,83,0.715255
4,84,0.715593
4,85,0.714541
4,86,0.71203
4,87,0.708167
4,88,0.703236
4,89,0.697649
4,90,0.691891
4,91,0.686432
4,92,0.681668
4,93,0.677895
4,94,0.675297
4,95,0.673976
5,0,0.695882
5,1,0.695985
5,2,0.696124
5,3,0.6962
5,4,0.696163
5,5,0.696064
5,6,0.696071
5,7,0.696442
5,8,0.697433
5,9,0.699218
5,10,0.701803
5,11,0.705012
5,12,0.708517
5,13,0.711922
5,14,0.714855
5,15,0.717038
5,16,0.718323
5,17,0.718663
5,18,0.718081
5,19,0.71663
5,20,0.714374
5,21,0.711409
5,22,0.707901
5,23,0.704124
5,24,0.700438
5,25,0.697267
5,26,0.694987
5,27,0.693848
5,28,0.693911
5,29,0.695028
5,30,0.6969
5,31,0.699142
5,32,0.701369
5,33,0.703264
5,34,0.704599
5,35,0.705235
5,36,0.705104
5,37,0.704183
5,38,0.702488
5,39,0.700091
5,40,0.697111
5,41,0.693747
5,42,0.690257
5,43,0.686948
5,44,0.684131
5,45,0.682086
5,46,0.681014
5,47,0.681008
5,48,0.682051
5,49,0.684027
5,50,0.686761
5,51,0.690064
5,52,0.693762
5,53,0.697706
5,54,0.701755
5,55,0.705737
5,56,0.709425
5,57,0.712538
5,58,0.714771
5,59,0.715882
5,60,0.715749
5,61,0.714425
5,62,0.712138
5,63,0.709227
5,64,0.706072
5,65,0.703007
5,66,0.700261
5,67,0.697943
5,68,0.69607
5,69,0.694606
5,70,0.693515
5,71,0.692794
5,72,0.692472
5,73,0.69261
5,74,0.693268
5,75,0.694485
5,76,0.696263
5,77,0.69855
5,78,0.701239
5,79,0.704171
5,80,0.707134
5,81,0.709866
5,82,0.712075
5,83,0.713455
5,84,0.713737
5,85,0.712739
5,86,0.710402
5,87,0.706824
5,88,0.702251
5,89,0.697044
5,90,0.691626
5,91,0.686427
5,92,0.681823
5,93,0.678122
5,94,0.67554
5,95,0.674215
6,0,0.701861
6,1,0.701732
6,2,0.701424
6,3,0.700879
6,4,0.700102
6,5,0.699215
6,6,0.698459
6,7,0.698165
6,8,0.698651
6,9,0.700123
6,10,0.702592
6,11,0.70585
6,12,0.709515
6,13,0.713117
6,14,0.716212
6,15,0.718466
6,16,0.719689
6,17,0.719826
6,18,0.718908
6,19,0.717017
6,20,0.714265
6,21,0.710805
6,22,0.706866
6,23,0.702775
6,24,0.698934
6,25,0.695774
6,26,0.693656
6,27,0.692782
6,28,0.693152
6,29,0.694559
6,30,0.696656
6,31,0.69903
6,32,0.701285
6,33,0.703107
6,34,0.704276
6,35,0.704669
6,36,0.704241
6,37,0.70301
6,38,0.701042
6,39,0.69847
6,40,0.695468
6,41,0.692269
6,42,0.689129
6,43,0.686314
6,44,0.684056
6,45,0.682543
6,46,0.681886
6,47,0.682114
6,48,0.683181
6,49,0.684983
6,50,0.687388
6,51,0.69027
6,52,0.693519
6,53,0.697045
6,54,0.700748
6,55,0.704487
6,56,0.708053
6,57,0.711177
6,58,0.713564
6,59,0.714973
6,60,0.715274
6,61,0.7145
6,62,0.712844
6,63,0.710599
6,64,0.708094
6,65,0.705612
6,66,0.703339
6,67,0.701351
6,68,0.699646
6,69,0.69818
6,70,0.696927
6,71,0.695901
6,72,0.695159
6,73,0.694797
6,74,0.694908
6,75,0.695563
6,76,0.69679
6,77,0.698553
6,78,0.700752
6,79,0.703228
6,80,0.705769
6,81,0.708116
6,82,0.709988
6,83,0.71111
6,84,0.711245
6,85,0.710247
6,86,0.708084
6,87,0.704848
6,88,0.700756
6,89,0.696111
6,90,0.691269
6,91,0.686593
6,92,0.682414
6,93,0.67902
6,94,0.67663
6,95,0.675396
7,0,0.706696
7,1,0.706336
7,2,0.705589
7,3,0.704443
7,4,0.702963
7,5,0.701342
7,6,0.699893
7,7,0.699011
7,8,0.699062
7,9,0.700278
7,10,0.702661
7,11,0.705972
7,12,0.70977
7,13,0.713519
7,14,0.716714
7,15,0.718969
7,16,0.720075
7,17,0.719974
7,18,0.718724
7,19,0.716447
7,20,0.713304
7,21,0.709502
7,22,0.70532
7,23,0.701122
7,24,0.697329
7,25,0.694365
7,26,0.692556
7,27,0.692053
7,28,0.692792
7,29,0.694508
7,30,0.69681
7,31,0.699263
7,32,0.701469
7,33,0.703128
7,34,0.704042
7,35,0.704119
7,36,0.703353
7,37,0.701811
7,38,0.699618
7,39,0.696961
7,40,0.694062
7,41,0.691168
7,42,0.688517
7,43,0.686313
7,44,0.684702
7,45,0.683771
7,46,0.683542
7,47,0.683986
7,48,0.685036
7,49,0.686607
7,50,0.688619
7,51,0.691012
7,52,0.693749
7,53,0.6968
7,54,0.700114
7,55,0.70358
7,56,0.707012
7,57,0.710149
7,58,0.712702
7,59,0.714421
7,60,0.71516
7,61,0.714921
7,62,0.713856
7,63,0.71221
7,64,0.710265
7,65,0.708262
7,66,0.706358
7,67,0.704613
7,68,0.703017
7,69,0.701532
7,70,0.70014
7,71,0.69887
7,72,0.697795
7,73,0.697027
7,74,0.696675
7,75,0.696825
7,76,0.69752
7,77,0.698737
7,78,0.700389
7,79,0.702324
7,80,0.704339
7,81,0.70619
7,82,0.70762
7,83,0.708391
7,84,0.708311
7,85,0.707282
7,86,0.705301
7,87,0.702469
7,88,0.698975
7,89,0.695065
7,90,0.691017
7,91,0.68711
7,92,0.683608
7,93,0.680747
7,94,0.678719
7,95,0.677666
8,0,0.709939
8,1,0.709364
8,2,0.708214
8,3,0.706524
8,4,0.704422
8,5,0.702167
8,6,0.700137
8,7,0.698781
8,8,0.698501
8,9,0.699541
8,10,0.701894
8,11,0.70528
8,12,0.70921
8,13,0.713085
8,14,0.716348
8,15,0.718575
8,16,0.719545
8,17,0.719213
8,18,0.717671
8,19,0.71509
8,20,0.711682
8,21,0.707704
8,22,0.70347
8,23,0.699366
8,24,0.695809
8,25,0.6932
8,26,0.691818
8,27,0.691757
8,28,0.692891
8,29,0.694904
8,30,0.69737
8,31,0.699841
8,32,0.701926
8,33,0.70335
8,34,0.703951
8,35,0.70368
8,36,0.702579
8,37,0.700768
8,38,0.698427
8,39,0.695793
8,40,0.693114
8,41,0.690639
8,42,0.688569
8,43,0.687039
8,44,0.686103
8,45,0.685753
8,46,0.685931
8,47,0.686557
8,48,0.687551
8,49,0.688855
8,50,0.690439
8,51,0.692311
8,52,0.694503
8,53,0.697044
8,54,0.699931
8,55,0.703087
8,56,0.70635
8,57,0.709471
8,58,0.712164
8,59,0.714168
8,60,0.715314
8,61,0.715565
8,62,0.715026
8,63,0.713894
8,64,0.712406
8,65,0.710769
8,66,0.709125
8,67,0.707528
8,68,0.705977
8,69,0.704449
8,70,0.702941
8,71,0.701492
8,72,0.70018
8,73,0.699115
8,74,0.698405
8,75,0.698135
8,76,0.69835
8,77,0.699039
8,78,0.700126
8,79,0.701478
8,80,0.702911
8,81,0.704206
8,82,0.70514
8,83,0.70552
8,84,0.705206
8,85,0.704149
8,86,0.702382
8,87,0.700016
8,88,0.697217
8,89,0.694174
8,90,0.691082
8,91,0.68813
8,92,0.685492
8,93,0.683334
8,94,0.6818
8,95,0.681
9,0,0.71132
9,1,0.710563
9,2,0.709074
9,3,0.706934
9,4,0.704328
9,5,0.701575
9,6,0.69911
9,7,0.69742
9,8,0.696932
9,9,0.697895
9,10,0.700285
9,11,0.703788
9,12,0.707867
9,13,0.711873
9,14,0.715204
9,15,0.717409
9,16,0.718262
9,17,0.717738
9,18,0.715972
9,19,0.713185
9,20,0.709642
9,21,0.705642
9,22,0.701527
9,23,0.697684
9,24,0.694513
9,25,0.692375
9,26,0.691495
9,27,0.691908
9,28,0.69343
9,29,0.695702
9,30,0.698276
9,31,0.700702
9,32,0.702612
9,33,0.703763
9,34,0.704037
9,35,0.703434
9,36,0.702047
9,37,0.700045
9,38,0.697656
9,39,0.695147
9,40,0.692781
9,41,0.690789
9,42,0.689328
9,43,0.688462
9,44,0.688161
9,45,0.688336
9,46,0.688861
9,47,0.689621
9,48,0.690531
9,49,0.691558
9,50,0.692719
9,51,0.694081
9,52,0.695733
9,53,0.697759
9,54,0.700197
9,55,0.703007
9,56,0.706049
9,57,0.709097
9,58,0.711867
9,59,0.714093
9,60,0.715581
9,61,0.716253
9,62,0.716165
9,63,0.715461
9,64,0.714335
9,65,0.712967
9,66,0.711486
9,67,0.709956
9,68,0.708393
9,69,0.7068
9,70,0.705191
9,71,0.703616
9,72,0.70215
9,73,0.700888
9,74,0.699922
9,75,0.699321
9,76,0.699125
9,77,0.699329
9,78,0.699871
9,79,0.700645
9,80,0.701493
9,81,0.702233
9,82,0.702683
9,83,0.702698
9,84,0.702188
9,85,0.701152
9,86,0.699655
9,87,0.697817
9,88,0.69578
9,89,0.693677
9,90,0.691624
9,91,0.689716
9,92,0.688035
9,93,0.686668
9,94,0.685694
9,95,0.685185
10,0,0.710769
10,1,0.709875
10,2,0.708135
10,3,0.705668
10,4,0.702709
10,5,0.699626
10,6,0.696893
10,7,0.695027
10,8,0.694467
10,9,0.695459
10,10,0.697959
10,11,0.701625
10,12,0.705879
10,13,0.710034
10,14,0.71345
10,15,0.715659
10,16,0.716435
10,17,0.715779
10,18,0.713866
10,19,0.710971
10,20,0.707409
10,21,0.703515
10,22,0.699648
10,23,0.696188
10,24,0.693503
10,25,0.691904
10,26,0.691556
10,27,0.692435
10,28,0.694307
10,29,0.696783
10,30,0.699404
10,31,0.701735
10,32,0.703438
10,33,0.704313
10,34,0.704291
10,35,0.70342
10,36,0.701837
10,37,0.699751
10,38,0.697419
10,39,0.695123
10,40,0.693122
10,41,0.691619
10,42,0.690724
10,43,0.690439
10,44,0.690666
10,45,0.691255
10,46,0.692036
10,47,0.692871
10,48,0.693677
10,49,0.694444
10,50,0.695225
10,51,0.696131
10,52,0.697292
10,53,0.698831
10,54,0.700823
10,55,0.703257
10,56,0.706024
10,57,0.708921
10,58,0.711681
10,59,0.714037
10,60,0.715777
10,61,0.716785
10,62,0.717066
10,63,0.716715
10,64,0.71588
10,65,0.714713
10,66,0.713333
10,67,0.711815
10,68,0.710203
10,69,0.708525
10,70,0.706822
10,71,0.705154
10,72,0.703588
10,73,0.702202
10,74,0.701058
10,75,0.700204
10,76,0.699666
10,77,0.699442
10,78,0.699488
10,79,0.699727
10,80,0.700038
10,81,0.700282
10,82,0.70032
10,83,0.700056
10,84,0.699445
10,85,0.698522
10,86,0.697376
10,87,0.696122
10,88,0.694878
10,89,0.693723
10,90,0.6927
10,91,0.691823
10,92,0.691087
10,93,0.690502
10,94,0.690088
10,95,0.68987
11,0,0.708444
11,1,0.707467
11,2,0.705577
11,3,0.702926
11,4,0.699784
11,5,0.696552
11,6,0.693732
11,7,0.691851
11,8,0.691353
11,9,0.692472
11,10,0.695147
11,11,0.699012
11,12,0.703457
11,13,0.707769
11,14,0.711284
11,15,0.713522
11,16,0.714264
11,17,0.713534
11,18,0.711549
11,19,0.70863
11,20,0.705138
11,21,0.701442
11,22,0.69791
11,23,0.694905
11,24,0.692757
11,25,0.69172
11,26,0.691897
11,27,0.693203
11,28,0.695368
11,29,0.697982
11,30,0.700592
11,31,0.702791
11,32,0.704282
11,33,0.704913
11,34,0.704663
11,35,0.70362
11,36,0.701957
11,37,0.699902
11,38,0.697725
11,39,0.695701
11,40,0.694072
11,41,0.693008
11,42,0.692575
11,43,0.692727
11,44,0.693321
11,45,0.694172
11,46,0.695088
11,47,0.695926
11,48,0.696611
11,49,0.697149
11,50,0.697619
11,51,0.698155
11,52,0.69891
11,53,0.700029
11,54,0.701608
11,55,0.703662
11,56,0.706112
11,57,0.708787
11,58,0.711444
11,59,0.713828
11,60,0.715719
11,61,0.716972
11,62,0.717548
11,63,0.717492
11,64,0.716905
11,65,0.715907
11,66,0.714607
11,67,0.713087
11,68,0.711413
11,69,0.709645
11,70,0.707849
11,71,0.706098
11,72,0.704456
11,73,0.70298
11,74,0.701704
11,75,0.700649
11,76,0.699825
11,77,0.699231
11,78,0.698844
11,79,0.698618
11,80,0.698476
11,81,0.698324
11,82,0.698071
11,83,0.697661
11,84,0.697085
11,85,0.6964
11,86,0.695696
11,87,0.695076
11,88,0.694619
11,89,0.694359
11,90,0.694275
11,91,0.694317
11,92,0.694417
11,93,0.694522
11,94,0.6946
11,95,0.694637
12,0,0.704732
12,1,0.703727
12,2,0.701793
12,3,0.699102
12,4,0.695946
12,5,0.692745
12,6,0.690009
12,7,0.688265
12,8,0.687944
12,9,0.689269
12,10,0.692159
12,11,0.696229
12,12,0.700855
12,13,0.705306
12,14,0.70891
12,15,0.711183
12,16,0.711916
12,17,0.711155
12,18,0.709154
12,19,0.706274
12,20,0.702916
12,21,0.699475
12,22,0.696324
12,23,0.693806
12,24,0.692205
12,25,0.691714
12,26,0.692375
12,27,0.694051
12,28,0.696438
12,29,0.699123
12,30,0.701673
12,31,0.703721
12,32,0.705017
12,33,0.705462
12,34,0.705073
12,35,0.703973
12,36,0.702349
12,37,0.700434
12,38,0.698485
12,39,0.696761
12,40,0.69547
12,41,0.694749
12,42,0.694629
12,43,0.695034
12,44,0.695801
12,45,0.696735
12,46,0.697647
12,47,0.698402
12,48,0.69894
12,49,0.699282
12,50,0.699516
12,51,0.699783
12,52,0.700241
12,53,0.701034
12,54,0.702268
12,55,0.703973
12,56,0.706097
12,57,0.708502
12,58,0.710981
12,59,0.713303
12,60,0.715251
12,61,0.716666
12,62,0.717473
12,63,0.717672
12,64,0.717318
12,65,0.716496
12,66,0.715295
12,67,0.713797
12,68,0.712082
12,69,0.710238
12,70,0.708355
12,71,0.706521
12,72,0.704802
12,73,0.70324
12,74,0.701844
12,75,0.700612
12,76,0.69954
12,77,0.698628
12,78,0.697873
12,79,0.697264
12,80,0.696769
12,81,0.696344
12,82,0.695942
12,83,0.695544
12,84,0.695161
12,85,0.694849
12,86,0.694682
12,87,0.694727
12,88,0.695022
12,89,0.695553
12,90,0.696254
12,91,0.697033
12,92,0.697784
12,93,0.698419
12,94,0.698873
12,95,0.699106
13,0,0.700235
13,1,0.699251
13,2,0.697368
13,3,0.694765
13,4,0.691747
13,5,0.688732
13,6,0.686224
13,7,0.684734
13,8,0.684674
13,9,0.686244
13,10,0.689349
13,11,0.693593
13,12,0.698347
13,13,0.702883
13,14,0.706529
13,15,0.708812
13,16,0.709534
13,17,0.708765
13,18,0.706784
13,19,0.703987
13,20,0.700805
13,21,0.697651
13,22,0.694898
13,23,0.692863
13,24,0.691783
13,25,0.691793
13,26,0.692874
13,27,0.694841
13,28,0.697373
13,29,0.700065
13,30,0.702516
13,31,0.704408
13,32,0.705545
13,33,0.705873
13,34,0.705445
13,35,0.704399
13,36,0.702921
13,37,0.701229
13,38,0.699553
13,39,0.698117
13,40,0.697095
13,41,0.696593
13,42,0.696615
13,43,0.697076
13,44,0.697815
13,45,0.698648
13,46,0.699408
13,47,0.699985
13,48,0.700337
13,49,0.700498
13,50,0.700559
13,51,0.700654
13,52,0.700927
13,53,0.701507
13,54,0.702491
13,55,0.703915
13,56,0.705745
13,57,0.707877
13,58,0.710142
13,59,0.712341
13,60,0.714278
13,61,0.715789
13,62,0.716778
13,63,0.717209
13,64,0.717095
13,65,0.716481
13,66,0.715429
13,67,0.714008
13,68,0.712304
13,69,0.710419
13,70,0.708468
13,71,0.706552
13,72,0.704745
13,73,0.703082
13,74,0.701558
13,75,0.700154
13,76,0.698855
13,77,0.697665
13,78,0.696603
13,79,0.695694
13,80,0.694951
13,81,0.694379
13,82,0.693975
13,83,0.693745
13,84,0.693707
13,85,0.693895
13,86,0.694343
13,87,0.695066
13,88,0.696049
13,89,0.697232
13,90,0.698524
13,91,0.699817
13,92,0.700995
13,93,0.701964
13,94,0.70265
13,95,0.703002
14,0,0.695686
14,1,0.694763
14,2,0.693005
14,3,0.690592
14,4,0.687824
14,5,0.685109
14,6,0.682929
14,7,0.681765
14,8,0.681999
14,9,0.683807
14,10,0.687079
14,11,0.691417
14,12,0.696203
14,13,0.700723
14,14,0.704328
14,15,0.706563
14,16,0.707247
14,17,0.70647
14,18,0.704531
14,19,0.701848
14,20,0.698869
14,21,0.696018
14,22,0.693659
14,23,0.692081
14,24,0.691473
14,25,0.691911
14,26,0.693323
14,27,0.695491
14,28,0.698084
14,29,0.70072
14,30,0.703043
14,31,0.704786
14,32,0.705809
14,33,0.706098
14,34,0.705725
14,35,0.70483
14,36,0.70358
14,37,0.702161
14,38,0.700765
14,39,0.699574
14,40,0.698729
14,41,0.698308
14,42,0.698305
14,43,0.698637
14,44,0.699162
14,45,0.699725
14,46,0.700194
14,47,0.700492
14,48,0.700605
14,49,0.700579
14,50,0.700507
14,51,0.700505
14,52,0.700693
14,53,0.701174
14,54,0.702021
14,55,0.70326
14,56,0.704869
14,57,0.70677
14,58,0.70883
14,59,0.710888
14,60,0.712776
14,61,0.71434
14,62,0.715479
14,63,0.71613
14,64,0.716271
14,65,0.71591
14,66,0.715071
14,67,0.713804
14,68,0.712185
14,69,0.71032
14,70,0.708338
14,71,0.706357
14,72,0.704458
14,73,0.702681
14,74,0.701014
14,75,0.699432
14,76,0.697919
14,77,0.696484
14,78,0.695169
14,79,0.694035
14,80,0.693141
14,81,0.692538
14,82,0.692261
14,83,0.692335
14,84,0.692766
14,85,0.69355
14,86,0.694659
14,87,0.69604
14,88,0.697618
14,89,0.699298
14,90,0.700972
14,91,0.702543
14,92,0.703916
14,93,0.705017
14,94,0.705786
14,95,0.70618
15,0,0.69184
15,1,0.691005
15,2,0.68942
15,3,0.687262
15,4,0.684817
15,5,0.682468
15,6,0.680662
15,7,0.679841
15,8,0.680349
15,9,0.682333
15,10,0.685673
15,11,0.689979
15,12,0.694656
15,13,0.699025
15,14,0.702472
15,15,0.704572
15,16,0.70517
15,17,0.704371
15,18,0.702488
15,19,0.699945
15,20,0.697195
15,21,0.694659
15,22,0.692683
15,23,0.691521
15,24,0.691315
15,25,0.69209
15,26,0.69373
15,27,0.695995
15,28,0.698562
15,29,0.701082
15,30,0.703251
15,31,0.70486
15,32,0.705818
15,33,0.706138
15,34,0.705902
15,35,0.705231
15,36,0.704261
15,37,0.703132
15,38,0.701992
15,39,0.70098
15,40,0.700209
15,41,0.69974
15,42,0.699566
15,43,0.699619
15,44,0.699783
15,45,0.699942
15,46,0.700004
15,47,0.699933
15,48,0.699747
15,49,0.699509
15,50,0.699314
15,51,0.699259
15,52,0.699437
15,53,0.699914
15,54,0.700732
15,55,0.701898
15,56,0.703386
15,57,0.705135
15,58,0.70704
15,59,0.708978
15,60,0.710812
15,61,0.712412
15,62,0.713679
15,63,0.71454
15,64,0.714948
15,65,0.714874
15,66,0.71431
15,67,0.713274
15,68,0.711823
15,69,0.710057
15,70,0.708106
15,71,0.706099
15,72,0.704128
15,73,0.702238
15,74,0.700423
15,75,0.698663
15,76,0.696945
15,77,0.695293
15,78,0.693774
15,79,0.692482
15,80,0.691521
15,81,0.690984
15,82,0.690937
15,83,0.69141
15,84,0.692388
15,85,0.693812
15,86,0.69558
15,87,0.697561
15,88,0.69962
15,89,0.701629
15,90,0.703484
15,91,0.705118
15,92,0.706478
15,93,0.707532
15,94,0.708255
15,95,0.708621
16,0,0.689323
16,1,0.68859
16,2,0.687206
16,3,0.685336
16,4,0.683243
16,5,0.681277
16,6,0.679841
16,7,0.679327
16,8,0.680035
16,9,0.682085
16,10,0.68535
16,11,0.68946
16,12,0.693856
16,13,0.69791
16,14,0.70106
16,15,0.702924
16,16,0.703376
16,17,0.702536
16,18,0.70072
16,19,0.698347
16,20,0.695858
16,21,0.693652
16,22,0.692049
16,23,0.69126
16,24,0.691382
16,25,0.692394
16,26,0.694151
16,27,0.696406
16,28,0.698859
16,29,0.701206
16,30,0.7032
16,31,0.704689
16,32,0.705623
16,33,0.706033
16,34,0.705993
16,35,0.705596
16,36,0.70493
16,37,0.704085
16,38,0.70316
16,39,0.702258
16,40,0.70147
16,41,0.700851
16,42,0.700402
16,43,0.700074
16,44,0.699786
16,45,0.699455
16,46,0.699034
16,47,0.698527
16,48,0.697986
16,49,0.6975
16,50,0.697166
16,51,0.697071
16,52,0.697278
16,53,0.697819
16,54,0.698697
16,55,0.699891
16,56,0.701362
16,57,0.703053
16,58,0.704878
16,59,0.706744
16,60,0.708545
16,61,0.710175
16,62,0.711552
16,63,0.712605
16,64,0.71327
16,65,0.713497
16,66,0.713243
16,67,0.712499
16,68,0.711294
16,69,0.709711
16,70,0.707874
16,71,0.705907
16,72,0.703911
16,73,0.701937
16,74,0.699991
16,75,0.698062
16,76,0.696156
16,77,0.694314
16,78,0.692632
16,79,0.69124
16,80,0.690278
16,81,0.689877
16,82,0.690123
16,83,0.691043
16,84,0.692587
16,85,0.694632
16,86,0.696999
16,87,0.699479
16,88,0.701882
16,89,0.704059
16,90,0.70592
16,91,0.707441
16,92,0.708628
16,93,0.709503
16,94,0.710083
16,95,0.710372
17,0,0.6885
17,1,0.687875
17,2,0.686701
17,3,0.685125
17,4,0.683384
17,5,0.681784
17,6,0.680674
17,7,0.680391
17,8,0.681189
17,9,0.68316
17,10,0.686179
17,11,0.689905
17,12,0.693831
17,13,0.697397
17,14,0.700104
17,15,0.701626
17,16,0.70187
17,17,0.700971
17,18,0.699238
17,19,0.697072
17,20,0.694884
17,21,0.693036
17,22,0.691804
17,23,0.691352
17,24,0.691733
17,25,0.692888
17,26,0.694656
17,27,0.696801
17,28,0.699057
17,29,0.701176
17,30,0.702972
17,31,0.704346
17,32,0.705281
17,33,0.705819
17,34,0.706013
17,35,0.705915
17,36,0.705561
17,37,0.704986
17,38,0.704242
17,39,0.703399
17,40,0.702535
17,41,0.701707
17,42,0.700933
17,43,0.700185
17,44,0.699411
17,45,0.698561
17,46,0.697626
17,47,0.696646
17,48,0.695715
17,49,0.694943
17,50,0.694443
17,51,0.694294
17,52,0.694537
17,53,0.69517
17,54,0.696162
17,55,0.697458
17,56,0.698999
17,57,0.700719
17,58,0.702541
17,59,0.704389
17,60,0.706183
17,61,0.707844
17,62,0.709308
17,63,0.710515
17,64,0.711401
17,65,0.711902
17,66,0.711959
17,67,0.711535
17,68,0.710633
17,69,0.709314
17,70,0.707679
17,71,0.705842
17,72,0.703894
17,73,0.701892
17,74,0.699852
17,75,0.697783
17,76,0.695712
17,77,0.69371
17,78,0.691903
17,79,0.690456
17,80,0.689543
17,81,0.689318
17,82,0.689878
17,83,0.691235
17,84,0.693298
17,85,0.69588
17,86,0.698729
17,87,0.701569
17,88,0.704167
17,89,0.706363
17,90,0.708095
17,91,0.709388
17,92,0.710307
17,93,0.71093
17,94,0.71132
17,95,0.711507
18,0,0.689398
18,1,0.688882
18,2,0.687917
18,3,0.68663
18,4,0.685222
18,5,0.683948
18,6,0.683099
18,7,0.682951
18,8,0.68371
18,9,0.685446
18,10,0.688041
18,11,0.691194
18,12,0.694467
18,13,0.697375
18,14,0.6995
18,15,0.700579
18,16,0.700559
18,17,0.699587
18,18,0.69796
18,19,0.696044
18,20,0.694206
18,21,0.692753
18,22,0.691904
18,23,0.69177
18,24,0.692357
18,25,0.693581
18,26,0.695275
18,27,0.697227
18,28,0.699219
18,29,0.701062
18,30,0.702634
18,31,0.703886
18,32,0.704828
18,33,0.705503
18,34,0.705942
18,35,0.706152
18,36,0.706112
18,37,0.705801
18,38,0.705227
18,39,0.704429
18,40,0.703479
18,41,0.702441
18,42,0.70135
18,43,0.700201
18,44,0.698966
18,45,0.697622
18,46,0.696187
18,47,0.69474
18,48,0.693405
18,49,0.692326
18,50,0.691629
18,51,0.691397
18,52,0.691655
18,53,0.692375
18,54,0.693492
18,55,0.694923
18,56,0.696582
18,57,0.698389
18,58,0.700263
18,59,0.702136
18,60,0.703943
18,61,0.705625
18,62,0.707139
18,63,0.708443
18,64,0.709483
18,65,0.710197
18,66,0.710521
18,67,0.710406
18,68,0.709836
18,69,0.708841
18,70,0.707495
18,71,0.705881
18,72,0.704074
18,73,0.702121
18,74,0.700047
18,75,0.697882
18,76,0.695682
18,77,0.693553
18,78,0.691657
18,79,0.690189
18,80,0.689351
18,81,0.68931
18,82,0.69016
18,83,0.69189
18,84,0.694365
18,85,0.697342
18,86,0.700508
18,87,0.703542
18,88,0.706184
18,89,0.708281
18,90,0.7098
18,91,0.710813
18,92,0.71144
18,93,0.711805
18,94,0.712006
18,95,0.712093
19,0,0.691715
19,1,0.691308
19,2,0.690549
19,3,0.689539
19,4,0.688439
19,5,0.687447
19,6,0.68679
19,7,0.686681
19,8,0.687278
19,9,0.688631
19,10,0.69064
19,11,0.693053
19,12,0.69551
19,13,0.697615
19,14,0.69904
19,15,0.699592
19,16,0.699262
19,17,0.698209
19,18,0.696712
19,19,0.695094
19,20,0.693661
19,21,0.69265
19,22,0.692212
19,23,0.692397
19,24,0.693166
19,25,0.694415
19,26,0.695983
19,27,0.697689
19,28,0.699369
19,29,0.700899
19,30,0.702217
19,31,0.703322
19,32,0.70425
19,33,0.705046
19,34,0.705716
19,35,0.706225
19,36,0.706499
19,37,0.706464
19,38,0.706081
19,39,0.705363
19,40,0.704372
19,41,0.703179
19,42,0.701837
19,43,0.700358
19,44,0.698734
19,45,0.696962
19,46,0.695086
19,47,0.69321
19,48,0.691493
19,49,0.690105
19,50,0.689194
19,51,0.688848
19,52,0.689085
19,53,0.689858
19,54,0.691077
19,55,0.69263
19,56,0.69441
19,57,0.696318
19,58,0.698262
19,59,0.700172
19,60,0.701989
19,61,0.703667
19,62,0.70518
19,63,0.706504
19,64,0.707606
19,65,0.708441
19,66,0.708957
19,67,0.709106
19,68,0.70886
19,69,0.708225
19,70,0.707235
19,71,0.705935
19,72,0.704362
19,73,0.702548
19,74,0.700516
19,75,0.698317
19,76,0.696039
19,77,0.693824
19,78,0.691872
19,79,0.690406
19,80,0.689646
19,81,0.689762
19,82,0.690834
19,83,0.692823
19,84,0.695556
19,85,0.698744
19,86,0.702038
19,87,0.705094
19,88,0.707648
19,89,0.709564
19,90,0.71084
19,91,0.711589
19,92,0.711965
19,93,0.712123
19,94,0.712176
19,95,0.712189
20,0,0.694921
20,1,0.694621
20,2,0.694063
20,3,0.693319
20,4,0.692503
20,5,0.691753
20,6,0.691227
20,7,0.691074
20,8,0.691408
20,9,0.692265
20,10,0.693565
20,11,0.695115
20,12,0.696637
20,13,0.697835
20,14,0.698473
20,15,0.698437
20,16,0.697763
20,17,0.696626
20,18,0.695281
20,19,0.694003
20,20,0.693024
20,21,0.692505
20,22,0.692516
20,23,0.693042
20,24,0.694
20,25,0.695267
20,26,0.696692
20,27,0.698135
20,28,0.699485
20,29,0.70068
20,30,0.701716
20,31,0.702641
20,32,0.703515
20,33,0.704389
20,34,0.705253
20,35,0.706036
20,36,0.706622
20,37,0.706883
20,38,0.706738
20,39,0.706169
20,40,0.705224
20,41,0.703975
20,42,0.702483
20,43,0.700778
20,44,0.698867
20,45,0.696762
20,46,0.694528
20,47,0.692292
20,48,0.69024
20,49,0.688571
20,50,0.687449
20,51,0.686972
20,52,0.687153
20,53,0.687934
20,54,0.689205
20,55,0.690836
20,56,0.6927
20,57,0.694679
20,58,0.696671
20,59,0.698597
20,60,0.700395
20,61,0.702025
20,62,0.703473
20,63,0.704732
20,64,0.705796
20,65,0.706648
20,66,0.70726
20,67,0.707603
20,68,0.707646
20,69,0.707373
20,70,0.706779
20,71,0.705858
20,72,0.704604
20,73,0.703016
20,74,0.701112
20,75,0.698954
20,76,0.696663
20,77,0.694414
20,78,0.692442
20,79,0.690993
20,80,0.690295
20,81,0.690513
20,82,0.691708
20,83,0.693811
20,84,0.696621
20,85,0.699823
20,86,0.703058
20,87,0.705982
20,88,0.708349
20,89,0.710049
20,90,0.711107
20,91,0.711659
20,92,0.711875
20,93,0.711916
20,94,0.711896
20,95,0.711873
21,0,0.698412
21,1,0.698217
21,2,0.697853
21,3,0.69736
21,4,0.696804
21,5,0.696259
21,6,0.695817
21,7,0.695563
21,8,0.695571
21,9,0.695864
21,10,0.696389
21,11,0.697012
21,12,0.697542
21,13,0.69778
21,14,0.697588
21,15,0.696931
21,16,0.695896
21,17,0.694672
21,18,0.693493
21,19,0.692581
21,20,0.692093
21,21,0.692105
21,22,0.692602
21,23,0.693503
21,24,0.694678
21,25,0.695987
21,26,0.697293
21,27,0.69849
21,28,0.69952
21,29,0.70038
21,30,0.701119
21,31,0.701828
21,32,0.702597
21,33,0.703489
21,34,0.704488
21,35,0.705502
21,36,0.70638
21,37,0.706954
21,38,0.707098
21,39,0.706759
21,40,0.705962
21,41,0.70477
21,42,0.703245
21,43,0.701427
21,44,0.699336
21,45,0.697002
21,46,0.694507
21,47,0.691999
21,48,0.689687
21,49,0.687791
21,50,0.686489
21,51,0.685886
21,52,0.685993
21,53,0.686742
21,54,0.688012
21,55,0.689659
21,56,0.691543
21,57,0.693534
21,58,0.695519
21,59,0.697408
21,60,0.699136
21,61,0.70066
21,62,0.701974
21,63,0.703088
21,64,0.704021
21,65,0.704792
21,66,0.705409
21,67,0.705867
21,68,0.706144
21,69,0.706207
21,70,0.706012
21,71,0.705504
21,72,0.704624
21,73,0.703336
21,74,0.701644
21,75,0.699613
21,76,0.697387
21,77,0.69517
21,78,0.69322
21,79,0.691799
21,80,0.691138
21,81,0.691386
21,82,0.692587
21,83,0.69465
21,84,0.697356
21,85,0.700392
21,86,0.703408
21,87,0.706088
21,88,0.708215
21,89,0.709708
21,90,0.710614
21,91,0.711072
21,92,0.711246
21,93,0.711281
21,94,0.71127
21,95,0.711257
22,0,0.701693
22,1,0.701594
22,2,0.701409
22,3,0.701144
22,4,0.700816
22,5,0.700441
22,6,0.700045
22,7,0.699659
22,8,0.699318
22,9,0.699037
22,10,0.698787
22,11,0.698491
22,12,0.698039
22,13,0.697328
22,14,0.696312
22,15,0.695034
22,16,0.693634
22,17,0.692317
22,18,0.691301
22,19,0.690757
22,20,0.690768
22,21,0.691326
22,22,0.692333
22,23,0.693638
22,24,0.695069
22,25,0.696466
22,26,0.697702
22,27,0.698703
22,28,0.699456
22,29,0.700007
22,30,0.700454
22,31,0.700926
22,32,0.701544
22,33,0.702385
22,34,0.703443
22,35,0.704617
22,36,0.705738
22,37,0.706608
22,38,0.707063
22,39,0.70701
22,40,0.706443
22,41,0.705404
22,42,0.703947
22,43,0.702117
22,44,0.699945
22,45,0.697478
22,46,0.694818
22,47,0.692133
22,48,0.68965
22,49,0.687602
22,50,0.686177
22,51,0.68548
22,52,0.685519
22,53,0.686219
22,54,0.687447
22,55,0.689054
22,56,0.690893
22,57,0.692826
22,58,0.694735
22,59,0.696521
22,60,0.698115
22,61,0.69947
22,62,0.700585
22,63,0.701486
22,64,0.702219
22,65,0.702837
22,66,0.703385
22,67,0.703888
22,68,0.704336
22,69,0.704686
22,70,0.70486
22,71,0.704759
22,72,0.704278
22,73,0.703341
22,74,0.701931
22,75,0.700113
22,76,0.698037
22,77,0.695926
22,78,0.694048
22,79,0.692671
22,80,0.692017
22,81,0.692225
22,82,0.69332
22,83,0.695203
22,84,0.697658
22,85,0.700387
22,86,0.703076
22,87,0.705449
22,88,0.70733
22,89,0.708663
22,90,0.709505
22,91,0.709981
22,92,0.710231
22,93,0.710362
22,94,0.710437
22,95,0.710473
23,0,0.704491
23,1,0.704474
23,2,0.704439
23,3,0.704361
23,4,0.704217
23,5,0.70397
23,6,0.703591
23,7,0.703064
23,8,0.702392
23,9,0.701581
23,10,0.700622
23,11,0.699487
23,12,0.698136
23,13,0.696547
23,14,0.694761
23,15,0.692894
23,16,0.691136
23,17,0.689714
23,18,0.688833
23,19,0.688621
23,20,0.689098
23,21,0.690177
23,22,0.691685
23,23,0.693405
23,24,0.69512
23,25,0.696654
23,26,0.697884
23,27,0.698761
23,28,0.699308
23,29,0.699609
23,30,0.699799
23,31,0.700038
23,32,0.700471
23,33,0.7012
23,34,0.702229
23,35,0.703468
23,36,0.704744
23,37,0.705844
23,38,0.706576
23,39,0.706813
23,40,0.706509
23,41,0.705676
23,42,0.704351
23,43,0.702578
23,44,0.700397
23,45,0.697875
23,46,0.695135
23,47,0.692363
23,48,0.689801
23,49,0.687689
23,50,0.686217
23,51,0.685484
23,52,0.685489
23,53,0.686148
23,54,0.687323
23,55,0.688859
23,56,0.690605
23,57,0.692422
23,58,0.694191
23,59,0.69581
23,60,0.697206
23,61,0.698334
23,62,0.6992
23,63,0.699842
23,64,0.700334
23,65,0.700757
23,66,0.701193
23,67,0.701689
23,68,0.70225
23,69,0.702825
23,70,0.703315
23,71,0.703582
23,72,0.703486
23,73,0.702919
23,74,0.701841
23,75,0.700307
23,76,0.698464
23,77,0.696532
23,78,0.69478
23,79,0.693464
23,80,0.6928
23,81,0.69291
23,82,0.693815
23,83,0.695418
23,84,0.69752
23,85,0.699862
23,86,0.702174
23,87,0.704231
23,88,0.705897
23,89,0.707137
23,90,0.708003
23,91,0.708596
23,92,0.709012
23,93,0.709317
23,94,0.709531
23,95,0.709645
24,0,0.706806
24,1,0.706847
24,2,0.706915
24,3,0.706965
24,4,0.706942
24,5,0.706771
24,6,0.706381
24,7,0.705721
24,8,0.704768
24,9,0.703518
24,10,0.701975
24,11,0.700142
24,12,0.698033
24,13,0.695695
24,14,0.693236
24,15,0.690838
24,16,0.688737
24,17,0.687186
24,18,0.686383
24,19,0.686427
24,20,0.687288
24,21,0.688815
24,22,0.690768
24,23,0.692875
24,24,0.69488
24,25,0.696586
24,26,0.697873
24,27,0.698709
24,28,0.699139
24,29,0.699276
24,30,0.699277
24,31,0.699319
24,32,0.699565
24,33,0.700131
24,34,0.701043
24,35,0.702229
24,36,0.703533
24,37,0.704745
24,38,0.705659
24,39,0.706121
24,40,0.70605
24,41,0.705421
24,42,0.704247
24,43,0.702562
24,44,0.700415
24,45,0.697891
24,46,0.695135
24,47,0.692352
24,48,0.689795
24,49,0.687706
24,50,0.686266
24,51,0.685566
24,52,0.685592
24,53,0.686248
24,54,0.687388
24,55,0.688853
24,56,0.690492
24,57,0.692166
24,58,0.693756
24,59,0.695162
24,60,0.696313
24,61,0.697172
24,62,0.697755
24,63,0.698118
24,64,0.698356
24,65,0.698578
24,66,0.698886
24,67,0.699349
24,68,0.699977
24,69,0.700716
24,70,0.701449
24,71,0.702021
24,72,0.702265
24,73,0.70205
24,74,0.701321
24,75,0.700114
24,76,0.69856
24,77,0.696868
24,78,0.695284
24,79,0.694053
24,80,0.69337
24,81,0.693352
24,82,0.694019
24,83,0.695291
24,84,0.697002
24,85,0.698937
24,86,0.700879
24,87,0.702653
24,88,0.704157
24,89,0.70537
24,90,0.706332
24,91,0.707106
24,92,0.707744
24,93,0.708262
24,94,0.70864
24,95,0.708843
25,0,0.708842
25,1,0.708907
25,2,0.709018
25,3,0.709121
25,4,0.709141
25,5,0.708984
25,6,0.708557
25,7,0.707784
25,8,0.706623
25,9,0.705057
25,10,0.70309
25,11,0.700742
25,12,0.69806
25,13,0.695135
25,14,0.69213
25,15,0.689277
25,16,0.686855
25,17,0.68514
25,18,0.684335
25,19,0.684522
25,20,0.685638
25,21,0.687487
25,22,0.689781
25,23,0.692203
25,24,0.694465
25,25,0.696352
25,26,0.697743
25,27,0.698616
25,28,0.69903
25,29,0.699108
25,30,0.699014
25,31,0.698926
25,32,0.699008
25,33,0.699386
25,34,0.700102
25,35,0.701115
25,36,0.702297
25,37,0.703464
25,38,0.704417
25,39,0.704987
25,40,0.705065
25,41,0.704589
25,42,0.703542
25,43,0.701944
25,44,0.699847
25,45,0.69735
25,46,0.69462
25,47,0.69188
25,48,0.68939
25,49,0.687391
25,50,0.686053
25,51,0.685452
25,52,0.685558
25,53,0.686263
25,54,0.687411
25,55,0.688839
25,56,0.690391
25,57,0.69193
25,58,0.693337
25,59,0.694515
25,60,0.695403
25,61,0.695975
25,62,0.696264
25,63,0.696349
25,64,0.696345
25,65,0.696381
25,66,0.696573
25,67,0.696996
25,68,0.697662
25,69,0.698508
25,70,0.699413
25,71,0.700211
25,72,0.700725
25,73,0.700815
25,74,0.70041
25,75,0.699531
25,76,0.698287
25,77,0.696859
25,78,0.695468
25,79,0.694333
25,80,0.693633
25,81,0.69348
25,82,0.693904
25,83,0.694848
25,84,0.696184
25,85,0.697746
25,86,0.699367
25,87,0.700916
25,88,0.702318
25,89,0.703558
25,90,0.704656
25,91,0.705639
25,92,0.706513
25,93,0.707248
25,94,0.70779
25,95,0.70808
26,0,0.710882
26,1,0.710934
26,2,0.711022
26,3,0.711091
26,4,0.711072
26,5,0.710867
26,6,0.710381
26,7,0.709524
26,8,0.708239
26,9,0.706493
26,10,0.704277
26,11,0.70161
26,12,0.698551
26,13,0.695217
26,14,0.691804
26,15,0.688584
26,16,0.685865
26,17,0.683947
26,18,0.683044
26,19,0.683236
26,20,0.684447
26,21,0.686453
26,22,0.688941
26,23,0.691563
26,24,0.694008
26,25,0.696052
26,26,0.69757
26,27,0.698544
26,28,0.699036
26,29,0.699166
26,30,0.699084
26,31,0.698953
26,32,0.69892
26,33,0.699107
26,34,0.699572
26,35,0.700305
26,36,0.701224
26,37,0.702186
26,38,0.703018
26,39,0.703557
26,40,0.703673
26,41,0.703274
26,42,0.70231
26,43,0.70078
26,44,0.698729
26,45,0.696269
26,46,0.693583
26,47,0.690909
26,48,0.688515
26,49,0.686639
26,50,0.685442
26,51,0.684982
26,52,0.685215
26,53,0.686018
26,54,0.687226
26,55,0.688668
26,56,0.690184
26,57,0.69163
26,58,0.692888
26,59,0.693863
26,60,0.694504
26,61,0.694803
26,62,0.694816
26,63,0.694646
26,64,0.694431
26,65,0.694312
26,66,0.694412
26,67,0.694802
26,68,0.695487
26,69,0.696398
26,70,0.697407
26,71,0.698348
26,72,0.699048
26,73,0.699364
26,74,0.699222
26,75,0.698626
26,76,0.697662
26,77,0.696482
26,78,0.695276
26,79,0.694234
26,80,0.693523
26,81,0.69325
26,82,0.693459
26,83,0.69412
26,84,0.695142
26,85,0.696402
26,86,0.697775
26,87,0.699164
26,88,0.700514
26,89,0.70181
26,90,0.703055
26,91,0.704241
26,92,0.705333
26,93,0.706264
26,94,0.706952
26,95,0.707318
27,0,0.713136
27,1,0.71314
27,2,0.713139
27,3,0.713098
27,4,0.712965
27,5,0.712662
27,6,0.712103
27,7,0.711198
27,8,0.709874
27,9,0.708078
27,10,0.705776
27,11,0.702973
27,12,0.69972
27,13,0.696147
27,14,0.692463
27,15,0.688962
27,16,0.685977
27,17,0.683825
27,18,0.682735
27,19,0.682795
27,20,0.683931
27,21,0.685915
27,22,0.688424
27,23,0.691099
27,24,0.693623
27,25,0.695764
27,26,0.6974
27,27,0.698513
27,28,0.699157
27,29,0.699437
27,30,0.699471
27,31,0.699387
27,32,0.699302
27,33,0.69932
27,34,0.699509
27,35,0.699894
27,36,0.700446
27,37,0.701075
27,38,0.701655
27,39,0.70204
27,40,0.702096
27,41,0.701703
27,42,0.700778
27,43,0.699294
27,44,0.697282
27,45,0.694854
27,46,0.692207
27,47,0.689591
27,48,0.687284
27,49,0.685524
27,50,0.684464
27,51,0.684152
27,52,0.684528
27,53,0.685461
27,54,0.686772
27,55,0.688284
27,56,0.689826
27,57,0.691245
27,58,0.692418
27,59,0.693249
27,60,0.693696
27,61,0.693771
27,62,0.693555
27,63,0.693175
27,64,0.69279
27,65,0.692553
27,66,0.692587
27,67,0.692954
27,68,0.693646
27,69,0.694585
27,70,0.695639
27,71,0.696646
27,72,0.69744
27,73,0.697886
27,74,0.697912
27,75,0.697512
27,76,0.696755
27,77,0.695765
27,78,0.694704
27,79,0.693737
27,80,0.693017
27,81,0.692652
27,82,0.692699
27,83,0.693151
27,84,0.693945
27,85,0.694991
27,86,0.696193
27,87,0.69748
27,88,0.698809
27,89,0.700168
27,90,0.701543
27,91,0.702903
27,92,0.704179
27,93,0.705276
27,94,0.706087
27,95,0.706517
28,0,0.715647
28,1,0.715572
28,2,0.71543
28,3,0.715216
28,4,0.714915
28,5,0.714481
28,6,0.713849
28,7,0.712934
28,8,0.711647
28,9,0.709909
28,10,0.707654
28,11,0.704863
28,12,0.70157
28,13,0.6979
28,14,0.694067
28,15,0.690377
28,16,0.68717
28,17,0.684776
28,18,0.683436
28,19,0.683253
28,20,0.684165
28,21,0.685957
28,22,0.688316
28,23,0.690888
28,24,0.693365
28,25,0.69552
28,26,0.697237
28,27,0.698496
28,28,0.699337
28,29,0.699836
28,30,0.700068
28,31,0.700109
28,32,0.700035
28,33,0.699925
28,34,0.699851
28,35,0.699873
28,36,0.700014
28,37,0.700251
28,38,0.700506
28,39,0.700668
28,40,0.700604
28,41,0.700174
28,42,0.699265
28,43,0.697816
28,44,0.695835
28,45,0.693428
28,46,0.690796
28,47,0.688202
28,48,0.685933
28,49,0.684236
28,50,0.683266
28,51,0.683064
28,52,0.683565
28,53,0.684627
28,54,0.686065
28,55,0.68769
28,56,0.68932
28,57,0.690788
28,58,0.691959
28,59,0.692734
28,60,0.693076
28,61,0.693011
28,62,0.692642
28,63,0.69212
28,64,0.691619
28,65,0.691301
28,66,0.691288
28,67,0.691632
28,68,0.692313
28,69,0.693242
28,70,0.694285
28,71,0.695283
28,72,0.696079
28,73,0.696551
28,74,0.696633
28,75,0.69632
28,76,0.695668
28,77,0.694784
28,78,0.693807
28,79,0.692886
28,80,0.692163
28,81,0.691746
28,82,0.6917
28,83,0.692029
28,84,0.692691
28,85,0.69361
28,86,0.694709
28,87,0.695933
28,88,0.697252
28,89,0.698657
28,90,0.70013
28,91,0.701623
28,92,0.703047
28,93,0.70428
28,94,0.705195
28,95,0.705681
29,0,0.718244
29,1,0.718069
29,2,0.717749
29,3,0.717323
29,4,0.716822
29,5,0.716246
29,6,0.715554
29,7,0.714665
29,8,0.713476
29,9,0.711875
29,10,0.709761
29,11,0.707086
29,12,0.703865
29,13,0.700214
29,14,0.696344
29,15,0.692558
29,16,0.689196
29,17,0.686588
29,18,0.684982
29,19,0.684493
29,20,0.685078
29,21,0.686546
29,22,0.688606
29,23,0.690931
29,24,0.693234
29,25,0.695307
29,26,0.697046
29,27,0.698429
29,28,0.699478
29,29,0.70023
29,30,0.700708
29,31,0.700929
29,32,0.700922
29,33,0.700737
29,34,0.700449
29,35,0.700146
29,36,0.699907
29,37,0.699766
29,38,0.699703
29,39,0.699639
29,40,0.699451
29,41,0.698984
29,42,0.698094
29,43,0.696684
29,44,0.694733
29,45,0.692331
29,46,0.689675
29,47,0.687043
29,48,0.684735
29,49,0.683016
29,50,0.68205
29,51,0.681886
29,52,0.682458
29,53,0.683621
29,54,0.685183
29,55,0.686945
29,56,0.688711
29,57,0.690298
29,58,0.691558
29,59,0.692382
29,60,0.692732
29,61,0.692641
29,62,0.692223
29,63,0.691644
29,64,0.691088
29,65,0.690723
29,66,0.69067
29,67,0.690974
29,68,0.691609
29,69,0.69248
29,70,0.69345
29,71,0.694362
29,72,0.695072
29,73,0.695468
29,74,0.695495
29,75,0.695155
29,76,0.694503
29,77,0.693639
29,78,0.69269
29,79,0.691794
29,80,0.691085
29,81,0.690667
29,82,0.690606
29,83,0.690908
29,84,0.69153
29,85,0.692399
29,86,0.693445
29,87,0.694625
29,88,0.695921
29,89,0.697337
29,90,0.698863
29,91,0.700445
29,92,0.70198
29,93,0.703326
29,94,0.704332
29,95,0.704869
30,0,0.720598
30,1,0.72031
30,2,0.719793
30,3,0.719135
30,4,0.718425
30,5,0.71771
30,6,0.716977
30,7,0.716149
30,8,0.715099
30,9,0.713683
30,10,0.711767
30,11,0.709273
30,12,0.706204
30,13,0.702665
30,14,0.69886
30,15,0.695082
30,16,0.69166
30,17,0.688909
30,18,0.687075
30,19,0.686278
30,20,0.686494
30,21,0.687556
30,22,0.689214
30,23,0.691177
30,24,0.693196
30,25,0.695094
30,26,0.696787
30,27,0.698253
30,28,0.69949
30,29,0.700494
30,30,0.701229
30,31,0.701657
30,32,0.701756
30,33,0.701553
30,34,0.701122
30,35,0.700581
30,36,0.700051
30,37,0.699619
30,38,0.699311
30,39,0.699081
30,40,0.698814
30,41,0.698346
30,42,0.697503
30,43,0.696149
30,44,0.69423
30,45,0.691813
30,46,0.689092
30,47,0.686351
30,48,0.683916
30,49,0.682073
30,50,0.681012
30,51,0.680795
30,52,0.681367
30,53,0.682582
30,54,0.684246
30,55,0.686149
30,56,0.68808
30,57,0.689844
30,58,0.691275
30,59,0.692254
30,60,0.692734
30,61,0.692744
30,62,0.692396
30,63,0.691857
30,64,0.69131
30,65,0.690925
30,66,0.690822
30,67,0.691049
30,68,0.691581
30,69,0.692324
30,70,0.693146
30,71,0.693894
30,72,0.694432
30,73,0.694661
30,74,0.69454
30,75,0.694082
30,76,0.69335
30,77,0.692446
30,78,0.691494
30,79,0.690626
30,80,0.68997
30,81,0.689622
30,82,0.689636
30,83,0.690004
30,84,0.690669
30,85,0.691549
30,86,0.692571
30,87,0.693701
30,88,0.694942
30,89,0.69632
30,90,0.697843
30,91,0.699466
30,92,0.701077
30,93,0.702515
30,94,0.703602
30,95,0.704187
31,0,0.722321
31,1,0.721913
31,2,0.721191
31,3,0.720297
31,4,0.71938
31,5,0.718538
31,6,0.717785
31,7,0.71704
31,8,0.716153
31,9,0.714949
31,10,0.71326
31,11,0.710991
31,12,0.708133
31,13,0.704788
31,14,0.701151
31,15,0.697499
31,16,0.694136
31,17,0.691356
31,18,0.689383
31,19,0.688332
31,20,0.688193
31,21,0.688828
31,22,0.690029
31,23,0.691556
31,24,0.693211
31,25,0.694861
31,26,0.696446
31,27,0.697945
31,28,0.699333
31,29,0.70056
31,30,0.701537
31,31,0.702168
31,32,0.702394
31,33,0.702223
31,34,0.701732
31,35,0.701061
31,36,0.700367
31,37,0.699773
31,38,0.699339
31,39,0.699042
31,40,0.698775
31,41,0.698361
31,42,0.697601
31,43,0.696324
31,44,0.694441
31,45,0.691994
31,46,0.689167
31,47,0.686258
31,48,0.683615
31,49,0.68156
31,50,0.680313
31,51,0.679961
31,52,0.680465
31,53,0.681683
31,54,0.683416
31,55,0.685445
31,56,0.687552
31,57,0.689525
31,58,0.691189
31,59,0.692411
31,60,0.693131
31,61,0.693363
31,62,0.693202
31,63,0.692797
31,64,0.69232
31,65,0.691931
31,66,0.691754
31,67,0.691847
31,68,0.692195
31,69,0.692721
31,70,0.693304
31,71,0.693802
31,72,0.69409
31,73,0.694083
31,74,0.693751
31,75,0.693124
31,76,0.692278
31,77,0.691319
31,78,0.690378
31,79,0.689581
31,80,0.689046
31,81,0.688856
31,82,0.689039
31,83,0.689561
31,84,0.690338
31,85,0.691267
31,86,0.692272
31,87,0.693327
31,88,0.694464
31,89,0.695742
31,90,0.697199
31,91,0.698807
31,92,0.700454
31,93,0.701958
31,94,0.703114
31,95,0.703742
32,0,0.723069
32,1,0.722541
32,2,0.721612
32,3,0.720484
32,4,0.719368
32,5,0.718411
32,6,0.717651
32,7,0.717003
32,8,0.716292
32,9,0.715311
32,10,0.71387
32,11,0.71186
32,12,0.709269
32,13,0.706199
32,14,0.702836
32,15,0.699436
32,16,0.696271
32,17,0.693597
32,18,0.691606
32,19,0.690398
32,20,0.689965
32,21,0.690198
32,22,0.690936
32,23,0.691999
32,24,0.693251
32,25,0.694609
32,26,0.696042
32,27,0.697532
32,28,0.699029
32,29,0.700437
32,30,0.701617
32,31,0.702429
32,32,0.702786
32,33,0.702684
32,34,0.702211
32,35,0.701523
32,36,0.700798
32,37,0.700182
32,38,0.699754
32,39,0.699499
32,40,0.699313
32,41,0.699008
32,42,0.698363
32,43,0.697178
32,44,0.695332
32,45,0.692843
32,46,0.689887
32,47,0.686775
32,48,0.683881
32,49,0.681563
32,50,0.680079
32,51,0.679546
32,52,0.679939
32,53,0.681123
32,54,0.682897
32,55,0.685033
32,56,0.687304
32,57,0.689492
32,58,0.691416
32,59,0.692933
32,60,0.693967
32,61,0.694511
32,62,0.694625
32,63,0.694429
32,64,0.694065
32,65,0.693678
32,66,0.693391
32,67,0.693278
32,68,0.693348
32,69,0.693552
32,70,0.693795
32,71,0.693955
32,72,0.693924
32,73,0.693631
32,74,0.693064
32,75,0.692265
32,76,0.691321
32,77,0.690349
32,78,0.689479
32,79,0.688833
32,80,0.688515
32,81,0.688581
32,82,0.689027
32,83,0.689779
32,84,0.690719
32,85,0.691717
32,86,0.692693
32,87,0.693637
32,88,0.694613
32,89,0.695724
32,90,0.697047
32,91,0.698579
32,92,0.700211
32,93,0.701746
32,94,0.702949
32,95,0.703609
33,0,0.722652
33,1,0.722004
33,2,0.720871
33,3,0.719513
33,4,0.718204
33,5,0.71714
33,6,0.71638
33,7,0.715832
33,8,0.715302
33,9,0.714553
33,10,0.713378
33,11,0.711662
33,12,0.709395
33,13,0.706681
33,14,0.703696
33,15,0.700671
33,16,0.69784
33,17,0.69541
33,18,0.693533
33,19,0.692279
33,20,0.691641
33,21,0.691533
33,22,0.691844
33,23,0.692458
33,24,0.69331
33,25,0.694369
33,26,0.695638
33,27,0.697097
33,28,0.698669
33,29,0.700219
33,30,0.70156
33,31,0.702518
33,32,0.702993
33,33,0.702982
33,34,0.702583
33,35,0.701969
33,36,0.701328
33,37,0.700812
33,38,0.700501
33,39,0.700379
33,40,0.700335
33,41,0.700175
33,42,0.699661
33,43,0.69857
33,44,0.696758
33,45,0.694226
33,46,0.691145
33,47,0.687835
33,48,0.684697
33,49,0.682126
33,50,0.680413
33,51,0.679704
33,52,0.679988
33,53,0.681133
33,54,0.682933
33,55,0.685151
33,56,0.687558
33,57,0.689936
33,58,0.692104
33,59,0.693917
33,60,0.695286
33,61,0.696176
33,62,0.696609
33,63,0.696657
33,64,0.696423
33,65,0.696027
33,66,0.695587
33,67,0.695193
33,68,0.694889
33,69,0.694665
33,70,0.694466
33,71,0.694205
33,72,0.6938
33,73,0.693201
33,74,0.69241
33,75,0.691477
33,76,0.690501
33,77,0.689599
33,78,0.688899
33,79,0.688511
33,80,0.688515
33,81,0.688935
33,82,0.689724
33,83,0.690762
33,84,0.691891
33,85,0.69296
33,86,0.693884
33,87,0.694674
33,88,0.695435
33,89,0.696317
33,90,0.69744
33,91,0.698834
33,92,0.700395
33,93,0.701915
33,94,0.703132
33,95,0.703809
34,0,0.721055
34,1,0.720291
34,2,0.718961
34,3,0.717381
34,4,0.715887
34,5,0.71472
34,6,0.71396
34,7,0.713513
34,8,0.713165
34,9,0.712657
34,10,0.711769
34,11,0.710383
34,12,0.708495
34,13,0.706208
34,14,0.70369
34,15,0.701143
34,16,0.698757
34,17,0.696688
34,18,0.695038
34,19,0.693848
34,20,0.693099
34,21,0.692731
34,22,0.692682
34,23,0.692903
34,24,0.693398
34,25,0.694194
34,26,0.695318
34,27,0.69675
34,28,0.698384
34,29,0.700043
34,30,0.701503
34,31,0.70257
34,32,0.703138
34,33,0.703218
34,34,0.702926
34,35,0.702443
34,36,0.701964
34,37,0.701631
34,38,0.701513
34,39,0.701582
34,40,0.701716
34,41,0.701711
34,42,0.701323
34,43,0.700314
34,44,0.698533
34,45,0.695969
34,46,0.692792
34,47,0.689334
34,48,0.686018
34,49,0.683266
34,50,0.681397
34,51,0.680576
34,52,0.680801
34,53,0.681935
34,54,0.683764
34,55,0.686044
34,56,0.688545
34,57,0.691055
34,58,0.693405
34,59,0.695457
34,60,0.697116
34,61,0.698321
34,62,0.699053
34,63,0.699332
34,64,0.699213
34,65,0.698779
34,66,0.698141
34,67,0.697401
34,68,0.696641
34,69,0.695899
34,70,0.695175
34,71,0.694429
34,72,0.693616
34,73,0.692712
34,74,0.691733
34,75,0.690738
34,76,0.689822
34,77,0.689099
34,78,0.688683
34,79,0.688663
34,80,0.689087
34,81,0.689939
34,82,0.691124
34,83,0.692476
34,84,0.6938
34,85,0.694926
34,86,0.695773
34,87,0.696377
34,88,0.696884
34,89,0.697494
34,90,0.69837
34,91,0.699571
34,92,0.701008
34,93,0.702464
34,94,0.703656
34,95,0.704328
35,0,0.718454
35,1,0.717583
35,2,0.716069
35,3,0.714283
35,4,0.712616
35,5,0.711351
35,6,0.710591
35,7,0.710241
35,8,0.710073
35,9,0.709811
35,10,0.709226
35,11,0.708199
35,12,0.706727
35,13,0.704916
35,14,0.70292
35,15,0.700912
35,16,0.69904
35,17,0.697408
35,18,0.696068
35,19,0.695028
35,20,0.694258
35,21,0.693719
35,22,0.693398
35,23,0.693312
35,24,0.693529
35,25,0.694128
35,26,0.695159
35,27,0.696594
35,28,0.698294
35,29,0.700044
35,30,0.70159
35,31,0.702726
35,32,0.703355
35,33,0.703509
35,34,0.703325
35,35,0.702997
35,36,0.702715
35,37,0.702607
35,38,0.702718
35,39,0.703
35,40,0.703316
35,41,0.703455
35,42,0.703172
35,43,0.702229
35,44,0.700475
35,45,0.697903
35,46,0.694687
35,47,0.69117
35,48,0.687788
35,49,0.684981
35,50,0.683081
35,51,0.682261
35,52,0.682516
35,53,0.683697
35,54,0.685575
35,55,0.6879
35,56,0.69044
35,57,0.693
35,58,0.69543
35,59,0.697611
35,60,0.699451
35,61,0.700875
35,62,0.701824
35,63,0.702271
35,64,0.702217
35,65,0.701706
35,66,0.700828
35,67,0.699698
35,68,0.698431
35,69,0.697118
35,70,0.695819
35,71,0.694553
35,72,0.693322
35,73,0.692134
35,74,0.69102
35,75,0.690041
35,76,0.689283
35,77,0.688843
35,78,0.688811
35,79,0.689248
35,80,0.690161
35,81,0.691489
35,82,0.693091
35,83,0.694757
35,84,0.696263
35,85,0.697427
35,86,0.698181
35,87,0.698587
35,88,0.698832
35,89,0.699157
35,90,0.699765
35,91,0.700743
35,92,0.702013
35,93,0.70336
35,94,0.704491
35,95,0.705136
36,0,0.715159
36,1,0.714196
36,2,0.712524
36,3,0.710559
36,4,0.70874
36,5,0.70739
36,6,0.70663
36,7,0.706371
36,8,0.706373
36,9,0.70635
36,10,0.706066
36,11,0.705399
36,12,0.704349
36,13,0.703019
36,14,0.701551
36,15,0.700092
36,16,0.69875
36,17,0.697582
36,18,0.696596
36,19,0.695764
36,20,0.695049
36,21,0.69443
36,22,0.693937
36,23,0.693647
36,24,0.69369
36,25,0.694185
36,26,0.695196
36,27,0.69668
36,28,0.698465
36,29,0.700298
36,30,0.701903
36,31,0.703072
36,32,0.703724
36,33,0.703922
36,34,0.703826
36,35,0.703644
36,36,0.70356
36,37,0.703682
36,38,0.704026
36,39,0.704519
36,40,0.705005
36,41,0.705268
36,42,0.705064
36,43,0.704169
36,44,0.702446
36,45,0.699901
36,46,0.696719
36,47,0.693252
36,48,0.689943
36,49,0.687234
36,50,0.685457
36,51,0.684777
36,52,0.685171
36,53,0.686472
36,54,0.68843
36,55,0.690781
36,56,0.6933
36,57,0.69581
36,58,0.69819
36,59,0.700349
36,60,0.702213
36,61,0.703705
36,62,0.704741
36,63,0.705251
36,64,0.705186
36,65,0.704549
36,66,0.703407
36,67,0.701874
36,68,0.700094
36,69,0.698207
36,70,0.696334
36,71,0.694557
36,72,0.69293
36,73,0.691496
36,74,0.690302
36,75,0.689407
36,76,0.688882
36,77,0.688797
36,78,0.689213
36,79,0.690151
36,80,0.691578
36,81,0.693387
36,82,0.695391
36,83,0.697347
36,84,0.699011
36,85,0.700202
36,86,0.700865
36,87,0.701091
36,88,0.701101
36,89,0.701166
36,90,0.701518
36,91,0.702267
36,92,0.703348
36,93,0.704554
36,94,0.705592
36,95,0.706193
37,0,0.711569
37,1,0.710536
37,2,0.708744
37,3,0.706642
37,4,0.704705
37,5,0.703287
37,6,0.702528
37,7,0.702343
37,8,0.70249
37,9,0.702675
37,10,0.702658
37,11,0.702314
37,12,0.701646
37,13,0.70075
37,14,0.699762
37,15,0.698807
37,16,0.69796
37,17,0.69724
37,18,0.696613
37,19,0.696024
37,20,0.695425
37,21,0.69481
37,22,0.694249
37,23,0.693869
37,24,0.69385
37,25,0.694342
37,26,0.695411
37,27,0.696995
37,28,0.698887
37,29,0.700801
37,30,0.702444
37,31,0.703611
37,32,0.70425
37,33,0.704454
37,34,0.704412
37,35,0.704347
37,36,0.704438
37,37,0.704771
37,38,0.705334
37,39,0.706024
37,40,0.706663
37,41,0.70703
37,42,0.706888
37,43,0.706033
37,44,0.704353
37,45,0.701876
37,46,0.698805
37,47,0.695498
37,48,0.692398
37,49,0.689937
37,50,0.688433
37,51,0.688024
37,52,0.688663
37,53,0.69015
37,54,0.692212
37,55,0.694571
37,56,0.697004
37,57,0.699356
37,58,0.701542
37,59,0.703512
37,60,0.70522
37,61,0.706602
37,62,0.707566
37,63,0.70801
37,64,0.707848
37,65,0.707043
37,66,0.705631
37,67,0.703723
37,68,0.701479
37,69,0.699078
37,70,0.696694
37,71,0.694467
37,72,0.6925
37,73,0.690872
37,74,0.689646
37,75,0.688875
37,76,0.688614
37,77,0.688906
37,78,0.689775
37,79,0.691206
37,80,0.693122
37,81,0.695373
37,82,0.697738
37,83,0.699948
37,84,0.70175
37,85,0.702969
37,86,0.70357
37,87,0.703666
37,88,0.7035
37,89,0.703363
37,90,0.703501
37,91,0.704037
37,92,0.704925
37,93,0.705967
37,94,0.706889
37,95,0.707428
38,0,0.708101
38,1,0.707026
38,2,0.705162
38,3,0.702976
38,4,0.700964
38,5,0.6995
38,6,0.698738
38,7,0.698599
38,8,0.698843
38,9,0.699173
38,10,0.699348
38,11,0.699245
38,12,0.698866
38,13,0.69831
38,14,0.697706
38,15,0.697166
38,16,0.696741
38,17,0.696419
38,18,0.696133
38,19,0.695801
38,20,0.695365
38,21,0.69483
38,22,0.694296
38,23,0.693932
38,24,0.693954
38,25,0.694531
38,26,0.695727
38,27,0.697452
38,28,0.699467
38,29,0.701456
38,30,0.703116
38,31,0.704255
38,32,0.704847
38,33,0.705022
38,34,0.704998
38,35,0.705014
38,36,0.705245
38,37,0.70576
38,38,0.70652
38,39,0.70739
38,40,0.708171
38,41,0.708634
38,42,0.708552
38,43,0.707742
38,44,0.706124
38,45,0.703756
38,46,0.700862
38,47,0.697807
38,48,0.695028
38,49,0.692936
38,50,0.691819
38,51,0.691784
38,52,0.692741
38,53,0.694457
38,54,0.69663
38,55,0.698965
38,56,0.701242
38,57,0.70333
38,58,0.705185
38,59,0.706802
38,60,0.708177
38,61,0.709273
38,62,0.710005
38,63,0.710259
38,64,0.70992
38,65,0.70892
38,66,0.707268
38,67,0.70506
38,68,0.70246
38,69,0.699671
38,70,0.696903
38,71,0.69434
38,72,0.692126
38,73,0.690368
38,74,0.689141
38,75,0.6885
38,76,0.688483
38,77,0.68911
38,78,0.690376
38,79,0.692231
38,80,0.694563
38,81,0.697187
38,82,0.699854
38,83,0.702281
38,84,0.70421
38,85,0.70548
38,86,0.706071
38,87,0.706111
38,88,0.705852
38,89,0.705587
38,90,0.705566
38,91,0.705919
38,92,0.706614
38,93,0.707478
38,94,0.70826
38,95,0.708723
39,0,0.705155
39,1,0.70407
39,2,0.702187
39,3,0.699975
39,4,0.697934
39,5,0.696445
39,6,0.695666
39,7,0.695526
39,8,0.695792
39,9,0.69617
39,10,0.696426
39,11,0.69644
39,12,0.69622
39,13,0.695869
39,14,0.695519
39,15,0.695275
39,16,0.695175
39,17,0.695181
39,18,0.695198
39,19,0.69512
39,20,0.694876
39,21,0.694478
39,22,0.694046
39,23,0.693781
39,24,0.693922
39,25,0.69465
39,26,0.696015
39,27,0.697903
39,28,0.700042
39,29,0.702096
39,30,0.703758
39,31,0.70485
39,32,0.705376
39,33,0.705497
39,34,0.705464
39,35,0.705527
39,36,0.705864
39,37,0.706531
39,38,0.707462
39,39,0.708498
39,40,0.709417
39,41,0.709981
39,42,0.709968
39,43,0.70922
39,44,0.70769
39,45,0.705467
39,46,0.702799
39,47,0.700059
39,48,0.697672
39,49,0.696022
39,50,0.695359
39,51,0.695745
39,52,0.69705
39,53,0.698997
39,54,0.701256
39,55,0.703515
39,56,0.705559
39,57,0.707284
39,58,0.708685
39,59,0.709808
39,60,0.710698
39,61,0.71136
39,62,0.711727
39,63,0.711689
39,64,0.711121
39,65,0.709931
39,66,0.708106
39,67,0.705721
39,68,0.702932
39,69,0.699944
39,70,0.696982
39,71,0.694248
39,72,0.691912
39,73,0.690097
39,74,0.68889
39,75,0.688349
39,76,0.688505
39,77,0.689367
39,78,0.690914
39,79,0.693073
39,80,0.695708
39,81,0.698611
39,82,0.701513
39,83,0.704122
39,84,0.706184
39,85,0.707544
39,86,0.708193
39,87,0.708262
39,88,0.707997
39,89,0.707681
39,90,0.707553
39,91,0.707746
39,92,0.708245
39,93,0.708911
39,94,0.709531
39,95,0.709904
40,0,0.703064
40,1,0.702003
40,2,0.700155
40,3,0.697975
40,4,0.69595
40,5,0.69445
40,6,0.693633
40,7,0.693433
40,8,0.693626
40,9,0.693934
40,10,0.694132
40,11,0.694113
40,12,0.693896
40,13,0.693597
40,14,0.693355
40,15,0.693276
40,16,0.693389
40,17,0.693637
40,18,0.693901
40,19,0.694052
40,20,0.694004
40,21,0.69377
40,22,0.693484
40,23,0.693367
40,24,0.693672
40,25,0.694581
40,26,0.696129
40,27,0.698178
40,28,0.700432
40,29,0.702538
40,30,0.704191
40,31,0.705231
40,32,0.705687
40,33,0.705749
40,34,0.70569
40,35,0.705777
40,36,0.706191
40,37,0.706977
40,38,0.708056
40,39,0.709244
40,40,0.7103
40,41,0.710974
40,42,0.711049
40,43,0.710385
40,44,0.708968
40,45,0.706918
40,46,0.704506
40,47,0.702111
40,48,0.700144
40,49,0.698959
40,50,0.698762
40,51,0.699567
40,52,0.701196
40,53,0.703332
40,54,0.705617
40,55,0.707728
40,56,0.709456
40,57,0.710724
40,58,0.71157
40,59,0.712093
40,60,0.712391
40,61,0.712514
40,62,0.712428
40,63,0.712042
40,64,0.711232
40,65,0.709897
40,66,0.708006
40,67,0.705611
40,68,0.702845
40,69,0.699893
40,70,0.696968
40,71,0.694267
40,72,0.691956
40,73,0.690166
40,74,0.68899
40,75,0.688492
40,76,0.688712
40,77,0.689664
40,78,0.69133
40,79,0.693634
40,80,0.696432
40,81,0.699503
40,82,0.70257
40,83,0.705334
40,84,0.707541
40,85,0.709039
40,86,0.709815
40,87,0.709992
40,88,0.709796
40,89,0.709485
40,90,0.709283
40,91,0.709322
40,92,0.709612
40,93,0.710053
40,94,0.710485
40,95,0.71075
41,0,0.702075
41,1,0.701066
41,2,0.699304
41,3,0.697212
41,4,0.695243
41,5,0.693744
41,6,0.692861
41,7,0.692535
41,8,0.692557
41,9,0.692668
41,10,0.692666
41,11,0.692461
41,12,0.692094
41,13,0.691694
41,14,0.691412
41,15,0.691362
41,16,0.691566
41,17,0.691953
41,18,0.692385
41,19,0.692709
41,20,0.692826
41,21,0.692748
41,22,0.692613
41,23,0.692655
41,24,0.693131
41,25,0.69422
41,26,0.69594
41,27,0.69813
41,28,0.700478
41,29,0.702624
41,30,0.704268
41,31,0.705265
41,32,0.705664
41,33,0.705678
41,34,0.705595
41,35,0.705693
41,36,0.706158
41,37,0.707035
41,38,0.708233
41,39,0.709555
41,40,0.710742
41,41,0.711534
41,42,0.711713
41,43,0.711155
41,44,0.709871
41,45,0.70801
41,46,0.705865
41,47,0.70382
41,48,0.702269
41,49,0.701533
41,50,0.701771
41,51,0.702947
41,52,0.704835
41,53,0.707083
41,54,0.709306
41,55,0.711176
41,56,0.712498
41,57,0.713225
41,58,0.713439
41,59,0.713293
41,60,0.712938
41,61,0.712471
41,62,0.711901
41,63,0.711162
41,64,0.710146
41,65,0.708755
41,66,0.706941
41,67,0.704732
41,68,0.702226
41,69,0.699568
41,70,0.696929
41,71,0.694473
41,72,0.692345
41,73,0.690663
41,74,0.689522
41,75,0.689
41,76,0.689157
41,77,0.690033
41,78,0.691633
41,79,0.693902
41,80,0.696705
41,81,0.699826
41,82,0.702983
41,83,0.705872
41,84,0.708233
41,85,0.709906
41,86,0.710863
41,87,0.711202
41,88,0.711119
41,89,0.710842
41,90,0.710572
41,91,0.710447
41,92,0.710502
41,93,0.710689
41,94,0.710905
41,95,0.711047
42,0,0.702318
42,1,0.701389
42,2,0.699758
42,3,0.697803
42,4,0.695927
42,5,0.69444
42,6,0.693471
42,7,0.692964
42,8,0.692729
42,9,0.692536
42,10,0.692212
42,11,0.691693
42,12,0.691041
42,13,0.690405
42,14,0.689949
42,15,0.689791
42,16,0.689953
42,17,0.690353
42,18,0.690837
42,19,0.691237
42,20,0.691444
42,21,0.691469
42,22,0.691451
42,23,0.691628
42,24,0.692256
42,25,0.6935
42,26,0.695365
42,27,0.69767
42,28,0.700093
42,29,0.702271
42,30,0.703915
42,31,0.704891
42,32,0.705262
42,33,0.705251
42,34,0.705156
42,35,0.705261
42,36,0.705757
42,37,0.706692
42,38,0.707977
42,39,0.709406
42,40,0.710708
42,41,0.711614
42,42,0.711904
42,43,0.711464
42,44,0.710325
42,45,0.70866
42,46,0.70678
42,47,0.705069
42,48,0.703908
42,49,0.70358
42,50,0.704198
42,51,0.705673
42,52,0.707735
42,53,0.709996
42,54,0.712057
42,55,0.71359
42,56,0.71442
42,57,0.714535
42,58,0.714066
42,59,0.713216
42,60,0.712191
42,61,0.711137
42,62,0.710105
42,63,0.709063
42,64,0.707926
42,65,0.706601
42,66,0.705032
42,67,0.703215
42,68,0.701201
42,69,0.699077
42,70,0.696954
42,71,0.69494
42,72,0.693138
42,73,0.691643
42,74,0.690545
42,75,0.689937
42,76,0.689912
42,77,0.690551
42,78,0.691906
42,79,0.693962
42,80,0.696614
42,81,0.699662
42,82,0.702827
42,83,0.705799
42,84,0.708306
42,85,0.710165
42,86,0.711322
42,87,0.71184
42,88,0.711878
42,89,0.711627
42,90,0.711274
42,91,0.710959
42,92,0.710752
42,93,0.710658
42,94,0.71064
42,95,0.710648
43,0,0.703786
43,1,0.702959
43,2,0.701498
43,3,0.699723
43,4,0.697977
43,5,0.696521
43,6,0.695458
43,7,0.694739
43,8,0.694194
43,9,0.693627
43,10,0.692901
43,11,0.691981
43,12,0.690952
43,13,0.689977
43,14,0.689229
43,15,0.688833
43,16,0.688806
43,17,0.689067
43,18,0.689451
43,19,0.68979
43,20,0.689972
43,21,0.69001
43,22,0.690045
43,23,0.690311
43,24,0.691054
43,25,0.692423
43,26,0.694402
43,27,0.696796
43,28,0.699279
43,29,0.701488
43,30,0.703145
43,31,0.704128
43,32,0.704503
43,33,0.704496
43,34,0.704405
43,35,0.704516
43,36,0.705025
43,37,0.705989
43,38,0.707323
43,39,0.708822
43,40,0.710212
43,41,0.711215
43,42,0.71161
43,43,0.711289
43,44,0.710297
43,45,0.708828
43,46,0.707202
43,47,0.705805
43,48,0.704999
43,49,0.70503
43,50,0.705963
43,51,0.707661
43,52,0.709808
43,53,0.711991
43,54,0.713797
43,55,0.71491
43,56,0.71518
43,57,0.714638
43,58,0.713463
43,59,0.711911
43,60,0.710241
43,61,0.708646
43,62,0.707222
43,63,0.705971
43,64,0.704833
43,65,0.70372
43,66,0.702563
43,67,0.701324
43,68,0.699997
43,69,0.698599
43,70,0.697168
43,71,0.695743
43,72,0.694376
43,73,0.693128
43,74,0.69208
43,75,0.691344
43,76,0.691047
43,77,0.691326
43,78,0.692291
43,79,0.693985
43,80,0.696346
43,81,0.699203
43,82,0.702285
43,83,0.705277
43,84,0.707886
43,85,0.709902
43,86,0.711234
43,87,0.711903
43,88,0.712028
43,89,0.71177
43,90,0.711301
43,91,0.710771
43,92,0.710286
43,93,0.709905
43,94,0.70965
43,95,0.709526
44,0,0.706325
44,1,0.705618
44,2,0.704359
44,3,0.702803
44,4,0.701223
44,5,0.699825
44,6,0.698684
44,7,0.697751
44,8,0.696883
44,9,0.695922
44,10,0.694766
44,11,0.693411
44,12,0.691958
44,13,0.69058
44,14,0.689453
44,15,0.688698
44,16,0.688336
44,17,0.688289
44,18,0.688401
44,19,0.688514
44,20,0.688532
44,21,0.688474
44,22,0.688484
44,23,0.688786
44,24,0.689606
44,25,0.691071
44,26,0.69314
44,27,0.695605
44,28,0.698135
44,29,0.700377
44,30,0.702062
44,31,0.703074
44,32,0.703482
44,33,0.703503
44,34,0.70343
44,35,0.703547
44,36,0.704053
44,37,0.705014
44,38,0.706358
44,39,0.707886
44,40,0.709325
44,41,0.710397
44,42,0.710879
44,43,0.710669
44,44,0.709821
44,45,0.708541
44,46,0.707159
44,47,0.706055
44,48,0.705569
44,49,0.705911
44,50,0.707099
44,51,0.70895
44,52,0.71111
44,53,0.713141
44,54,0.714627
44,55,0.715269
44,56,0.714947
44,57,0.713736
44,58,0.711866
44,59,0.709649
44,60,0.707393
44,61,0.705341
44,62,0.70363
44,63,0.702293
44,64,0.701291
44,65,0.700537
44,66,0.69994
44,67,0.699419
44,68,0.698908
44,69,0.698348
44,70,0.697701
44,71,0.696939
44,72,0.69606
44,73,0.695091
44,74,0.694105
44,75,0.693225
44,76,0.692617
44,77,0.692471
44,78,0.692961
44,79,0.694193
44,80,0.696159
44,81,0.698721
44,82,0.701624
44,83,0.704549
44,84,0.707181
44,85,0.709278
44,86,0.710708
44,87,0.711453
44,88,0.711597
44,89,0.711274
44,90,0.710651
44,91,0.709891
44,92,0.709133
44,93,0.708483
44,94,0.708014
44,95,0.70777
45,0,0.709649
45,1,0.709075
45,2,0.708041
45,3,0.706735
45,4,0.705355
45,5,0.704048
45,6,0.702857
45,7,0.701737
45,8,0.70057
45,9,0.699238
45,10,0.697674
45,11,0.6959
45,12,0.694028
45,13,0.692228
45,14,0.690667
45,15,0.689462
45,16,0.688636
45,17,0.688125
45,18,0.687799
45,19,0.68753
45,20,0.687248
45,21,0.686991
45,22,0.686905
45,23,0.687199
45,24,0.688069
45,25,0.68961
45,26,0.691753
45,27,0.694275
45,28,0.696845
45,29,0.699117
45,30,0.700835
45,31,0.701888
45,32,0.702343
45,33,0.702407
45,34,0.70236
45,35,0.70248
45,36,0.702967
45,37,0.703899
45,38,0.705215
45,39,0.70673
45,40,0.708177
45,41,0.709283
45,42,0.709828
45,43,0.709713
45,44,0.709003
45,45,0.707908
45,46,0.706761
45,47,0.70593
45,48,0.705731
45,49,0.706339
45,50,0.707728
45,51,0.709672
45,52,0.711789
45,53,0.713625
45,54,0.714765
45,55,0.714928
45,56,0.714028
45,57,0.712183
45,58,0.709672
45,59,0.706861
45,60,0.70411
45,61,0.701709
45,62,0.699834
45,63,0.698546
45,64,0.697813
45,65,0.697542
45,66,0.69761
45,67,0.697884
45,68,0.698232
45,69,0.698527
45,70,0.698662
45,71,0.698551
45,72,0.69815
45,73,0.697458
45,74,0.696542
45,75,0.695535
45,76,0.694631
45,77,0.694066
45,78,0.69407
45,79,0.694808
45,80,0.696323
45,81,0.698515
45,82,0.701147
45,83,0.703898
45,84,0.706438
45,85,0.708495
45,86,0.709903
45,87,0.710611
45,88,0.710675
45,89,0.710217
45,90,0.709403
45,91,0.708411
45,92,0.707408
45,93,0.706532
45,94,0.705891
45,95,0.705553
46,0,0.713358
46,1,0.712924
46,2,0.712131
46,3,0.711096
46,4,0.709942
46,5,0.708757
46,6,0.707553
46,7,0.706286
46,8,0.704866
46,9,0.703214
46,10,0.701299
46,11,0.699161
46,12,0.696914
46,13,0.694715
46,14,0.692712
46,15,0.691011
46,16,0.689641
46,17,0.688559
46,18,0.687677
46,19,0.686911
46,20,0.686234
46,21,0.68571
46,22,0.685484
46,23,0.685745
46,24,0.686653
46,25,0.68826
46,26,0.690469
46,27,0.693038
46,28,0.695636
46,29,0.69793
46,30,0.699675
46,31,0.700769
46,32,0.701274
46,33,0.701383
46,34,0.701364
46,35,0.701481
46,36,0.701937
46,37,0.702815
46,38,0.70407
46,39,0.70553
46,40,0.706945
46,41,0.708047
46,42,0.708629
46,43,0.708596
46,44,0.708017
46,45,0.707106
46,46,0.706186
46,47,0.705611
46,48,0.705667
46,49,0.706492
46,50,0.708025
46,51,0.710008
46,52,0.712039
46,53,0.713658
46,54,0.714459
46,55,0.714179
46,56,0.712762
46,57,0.710363
46,58,0.707308
46,59,0.704009
46,60,0.70088
46,61,0.698254
46,62,0.696343
46,63,0.695228
46,64,0.694877
46,65,0.695174
46,66,0.695952
46,67,0.697023
46,68,0.698189
46,69,0.699265
46,70,0.700089
46,71,0.70054
46,72,0.700548
46,73,0.7001
46,74,0.699261
46,75,0.698168
46,76,0.697037
46,77,0.696129
46,78,0.695713
46,79,0.695996
46,80,0.697063
46,81,0.698844
46,82,0.701125
46,83,0.703589
46,84,0.705899
46,85,0.707762
46,86,0.708995
46,87,0.709525
46,88,0.709394
46,89,0.708723
46,90,0.707684
46,91,0.706469
46,92,0.705262
46,93,0.704219
46,94,0.703459
46,95,0.703061
47,0,0.717001
47,1,0.71671
47,2,0.716161
47,3,0.715405
47,4,0.714492
47,5,0.713449
47,6,0.712261
47,7,0.710886
47,8,0.709264
47,9,0.707354
47,10,0.705159
47,11,0.702733
47,12,0.700184
47,13,0.697646
47,14,0.695242
47,15,0.693062
47,16,0.691138
47,17,0.689459
47,18,0.687984
47,19,0.686687
47,20,0.68559
47,21,0.684783
47,22,0.684412
47,23,0.684642
47,24,0.685588
47,25,0.687262
47,26,0.68953
47,27,0.692136
47,28,0.694751
47,29,0.697054
47,30,0.698817
47,31,0.699944
47,32,0.700493
47,33,0.700644
47,34,0.700649
47,35,0.700758
47,36,0.701169
47,37,0.701972
47,38,0.703133
47,39,0.704501
47,40,0.705842
47,41,0.706907
47,42,0.7075
47,43,0.707538
47,44,0.707088
47,45,0.706359
47,46,0.705661
47,47,0.705318
47,48,0.705586
47,49,0.706568
47,50,0.708175
47,51,0.710132
47,52,0.712031
47,53,0.713421
47,54,0.713908
47,55,0.713251
47,56,0.711415
47,57,0.708584
47,58,0.705115
47,59,0.701466
47,60,0.698092
47,61,0.695371
47,62,0.693546
47,63,0.692707
47,64,0.692811
47,65,0.693709
47,66,0.695181
47,67,0.696979
47,68,0.698849
47,69,0.700558
47,70,0.701914
47,71,0.702782
47,72,0.703089
47,73,0.702828
47,74,0.702068
47,75,0.700952
47,76,0.6997
47,77,0.698581
47,78,0.697875
47,79,0.697806
47,80,0.698481
47,81,0.699855
47,82,0.70173
47,83,0.703802
47,84,0.705739
47,85,0.707249
47,86,0.708141
47,87,0.708343
47,88,0.707898
47,89,0.706935
47,90,0.705639
47,91,0.704213
47,92,0.702846
47,93,0.701692
47,94,0.700865
47,95,0.700436
48,0,0.72014
48,1,0.719988
48,2,0.719678
48,3,0.719196
48,4,0.718522
48,5,0.717628
48,6,0.716471
48,7,0.715017
48,8,0.713234
48,9,0.711123
48,10,0.708716
48,11,0.706081
48,12,0.703316
48,13,0.700528
48,14,0.697809
48,15,0.695231
48,16,0.69283
48,17,0.690622
48,18,0.688618
48,19,0.686847
48,20,0.685381
48,21,0.684335
48,22,0.683854
48,23,0.684076
48,24,0.685075
48,25,0.686817
48,26,0.689141
48,27,0.691776
48,28,0.694399
48,29,0.696705
48,30,0.698479
48,31,0.699634
48,32,0.700224
48,33,0.700417
48,34,0.700443
48,35,0.700538
48,36,0.70089
48,37,0.701594
48,38,0.702629
48,39,0.703866
48,40,0.705094
48,41,0.70609
48,42,0.706672
48,43,0.706769
48,44,0.706446
48,45,0.705896
48,46,0.705402
48,47,0.705257
48,48,0.705677
48,49,0.706735
48,50,0.708324
48,51,0.710168
48,52,0.711875
48,53,0.713015
48,54,0.713217
48,55,0.71226
48,56,0.710122
48,57,0.707001
48,58,0.703275
48,59,0.699428
48,60,0.695955
48,61,0.693265
48,62,0.691628
48,63,0.691135
48,64,0.691725
48,65,0.693203
48,66,0.695296
48,67,0.697698
48,68,0.700106
48,69,0.702258
48,70,0.703954
48,71,0.705066
48,72,0.705543
48,73,0.705399
48,74,0.704719
48,75,0.703649
48,76,0.702401
48,77,0.70123
48,78,0.700402
48,79,0.700127
48,80,0.700513
48,81,0.70152
48,82,0.702968
48,83,0.70457
48,84,0.706013
48,85,0.707023
48,86,0.707425
48,87,0.707161
48,88,0.706293
48,89,0.704967
48,90,0.703383
48,91,0.701749
48,92,0.700249
48,93,0.699023
48,94,0.698166
48,95,0.697727
49,0,0.722418
49,1,0.722396
49,2,0.722309
49,3,0.722085
49,4,0.721637
49,5,0.720885
49,6,0.719765
49,7,0.718248
49,8,0.716336
49,9,0.714067
49,10,0.711506
49,11,0.708735
49,12,0.705842
49,13,0.702909
49,14,0.699997
49,15,0.697158
49,16,0.694426
49,17,0.691842
49,18,0.689459
49,19,0.687352
49,20,0.685634
49,21,0.684442
49,22,0.683915
49,23,0.684168
49,24,0.685236
49,25,0.687052
49,26,0.68943
49,27,0.692092
49,28,0.694725
49,29,0.697037
49,30,0.698832
49,31,0.700026
49,32,0.700668
49,33,0.700909
49,34,0.700957
49,35,0.70103
49,36,0.701308
49,37,0.701885
49,38,0.702757
49,39,0.70382
49,40,0.704894
49,41,0.705785
49,42,0.706333
49,43,0.706476
49,44,0.706269
49,45,0.705885
49,46,0.705568
49,47,0.705566
49,48,0.706057
49,49,0.707087
49,50,0.708543
49,51,0.710166
49,52,0.7116
49,53,0.712451
49,54,0.712385
49,55,0.711197
49,56,0.708872
49,57,0.705607
49,58,0.701783
49,59,0.697897
49,60,0.694467
49,61,0.691925
49,62,0.690555
49,63,0.690447
49,64,0.691508
49,65,0.693502
49,66,0.6961
49,67,0.698945
49,68,0.701703
49,69,0.704096
49,70,0.705936
49,71,0.707124
49,72,0.707644
49,73,0.707549
49,74,0.706944
49,75,0.705982
49,76,0.704857
49,77,0.703794
49,78,0.703016
49,79,0.702697
49,80,0.702919
49,81,0.703635
49,82,0.704673
49,83,0.70577
49,84,0.706643
49,85,0.70705
49,86,0.70685
49,87,0.706017
49,88,0.704643
49,89,0.702898
49,90,0.700995
49,91,0.699143
49,92,0.697515
49,93,0.696228
49,94,0.69535
49,95,0.694907
50,0,0.723619
50,1,0.723713
50,2,0.723828
50,3,0.723835
50,4,0.723591
50,5,0.722968
50,6,0.721884
50,7,0.720319
50,8,0.718304
50,9,0.715916
50,10,0.713253
50,11,0.710411
50,12,0.707475
50,13,0.704506
50,14,0.701539
50,15,0.698604
50,16,0.695731
50,17,0.692973
50,18,0.690409
50,19,0.688149
50,20,0.686332
50,21,0.685106
50,22,0.684608
50,23,0.684933
50,24,0.686088
50,25,0.687982
50,26,0.690417
50,27,0.693116
50,28,0.695776
50,29,0.698122
50,30,0.699966
50,31,0.701229
50,32,0.701948
50,33,0.702252
50,34,0.702327
50,35,0.702371
50,36,0.702551
50,37,0.702966
50,38,0.703632
50,39,0.704472
50,40,0.705346
50,41,0.706092
50,42,0.706575
50,43,0.70674
50,44,0.706629
50,45,0.706381
50,46,0.706195
50,47,0.706268
50,48,0.706735
50,49,0.70762
50,50,0.708818
50,51,0.710104
50,52,0.711171
50,53,0.711683
50,54,0.711348
50,55,0.709982
50,56,0.707568
50,57,0.704291
50,58,0.700517
50,59,0.696739
50,60,0.693479
50,61,0.691182
50,62,0.690135
50,63,0.690416
50,64,0.691903
50,65,0.694315
50,66,0.697277
50,67,0.700395
50,68,0.703314
50,69,0.705762
50,70,0.707572
50,71,0.708689
50,72,0.709145
50,73,0.709034
50,74,0.708492
50,75,0.707678
50,76,0.706766
50,77,0.705936
50,78,0.705353
50,79,0.705137
50,80,0.705324
50,81,0.705845
50,82,0.706532
50,83,0.707142
50,84,0.707431
50,85,0.707198
50,86,0.706348
50,87,0.704898
50,88,0.702975
50,89,0.700776
50,90,0.698526
50,91,0.696432
50,92,0.694653
50,93,0.693284
50,94,0.692369
50,95,0.691913
51,0,0.72369
51,1,0.723883
51,2,0.724168
51,3,0.724371
51,4,0.724302
51,5,0.723794
51,6,0.722751
51,7,0.721159
51,8,0.719077
51,9,0.716616
51,10,0.713905
51,11,0.711058
51,12,0.708161
51,13,0.705261
51,14,0.702375
51,15,0.699511
51,16,0.69669
51,17,0.693964
51,18,0.691424
51,19,0.689193
51,20,0.687424
51,21,0.686271
51,22,0.685866
51,23,0.686293
51,24,0.687545
51,25,0.68952
51,26,0.692019
51,27,0.694773
51,28,0.69749
51,29,0.69991
51,30,0.701849
51,31,0.703224
51,32,0.704052
51,33,0.70444
51,34,0.704547
51,35,0.704548
51,36,0.704601
51,37,0.704813
51,38,0.705222
51,39,0.705786
51,40,0.706409
51,41,0.706964
51,42,0.707343
51,43,0.707494
51,44,0.707443
51,45,0.707287
51,46,0.707174
51,47,0.707245
51,48,0.707595
51,49,0.70823
51,50,0.70906
51,51,0.709907
51,52,0.710528
51,53,0.710653
51,54,0.710041
51,55,0.708532
51,56,0.706104
51,57,0.70292
51,58,0.699319
51,59,0.695771
51,60,0.692787
51,61,0.690809
51,62,0.690115
51,63,0.690765
51,64,0.692607
51,65,0.695324
51,66,0.698506
51,67,0.701734
51,68,0.704649
51,69,0.706993
51,70,0.708635
51,71,0.709564
51,72,0.709865
51,73,0.709679
51,74,0.709172
51,75,0.708511
51,76,0.707849
51,77,0.707321
51,78,0.707027
51,79,0.707021
51,80,0.707286
51,81,0.707719
51,82,0.708148
51,83,0.708349
51,84,0.708112
51,85,0.707282
51,86,0.705811
51,87,0.703762
51,88,0.701297
51,89,0.698637
51,90,0.696022
51,91,0.693655
51,92,0.691684
51,93,0.690189
51,94,0.689199
51,95,0.688707
52,0,0.722736
52,1,0.723003
52,2,0.723416
52,3,0.72377
52,4,0.723838
52,5,0.723429
52,6,0.722435
52,7,0.720851
52,8,0.718753
52,9,0.716283
52,10,0.713594
52,11,0.710817
52,12,0.708045
52,13,0.705315
52,14,0.70263
52,15,0.699982
52,16,0.697375
52,17,0.694851
52,18,0.692497
52,19,0.690436
52,20,0.688822
52,21,0.687812
52,22,0.687536
52,23,0.688075
52,24,0.689421
52,25,0.691474
52,26,0.694044
52,27,0.696873
52,28,0.699684
52,29,0.702224
52,30,0.704308
52,31,0.705838
52,32,0.706807
52,33,0.707294
52,34,0.707427
52,35,0.707363
52,36,0.707254
52,37,0.707218
52,38,0.707318
52,39,0.707555
52,40,0.707873
52,41,0.708188
52,42,0.708413
52,43,0.708503
52,44,0.708461
52,45,0.708344
52,46,0.708244
52,47,0.70825
52,48,0.708415
52,49,0.708732
52,50,0.709131
52,51,0.709483
52,52,0.709618
52,53,0.709334
52,54,0.708445
52,55,0.706819
52,56,0.704432
52,57,0.701417
52,58,0.69808
52,59,0.694855
52,60,0.692226
52,61,0.690615
52,62,0.690282
52,63,0.691266
52,64,0.693385
52,65,0.696296
52,66,0.699565
52,67,0.702764
52,68,0.705539
52,69,0.707658
52,70,0.709026
52,71,0.709679
52,72,0.709751
52,73,0.709426
52,74,0.708903
52,75,0.708357
52,76,0.707925
52,77,0.707701
52,78,0.707724
52,79,0.707985
52,80,0.708409
52,81,0.708861
52,82,0.709154
52,83,0.709076
52,84,0.708444
52,85,0.707141
52,86,0.705159
52,87,0.702598
52,88,0.699651
52,89,0.696563
52,90,0.69358
52,91,0.69091
52,92,0.688696
52,93,0.687019
52,94,0.685904
52,95,0.685349
53,0,0.720968
53,1,0.721275
53,2,0.72176
53,3,0.722202
53,4,0.722358
53,5,0.722025
53,6,0.721091
53,7,0.719558
53,8,0.717515
53,9,0.715123
53,10,0.712549
53,11,0.709937
53,12,0.707383
53,13,0.704921
53,14,0.702541
53,15,0.700217
53,16,0.697937
53,17,0.695723
53,18,0.69365
53,19,0.691833
53,20,0.690424
53,21,0.689579
53,22,0.689431
53,23,0.690066
53,24,0.691486
53,25,0.693603
53,26,0.696241
53,27,0.699159
53,28,0.702091
53,29,0.704787
53,30,0.70705
53,31,0.708762
53,32,0.709886
53,33,0.710467
53,34,0.710607
53,35,0.710445
53,36,0.710133
53,37,0.709802
53,38,0.709549
53,39,0.709411
53,40,0.70938
53,41,0.709405
53,42,0.709426
53,43,0.709399
53,44,0.709309
53,45,0.709177
53,46,0.709043
53,47,0.708948
53,48,0.708908
53,49,0.708902
53,50,0.70888
53,51,0.708757
53,52,0.708428
53,53,0.707761
53,54,0.706624
53,55,0.704914
53,56,0.702608
53,57,0.699816
53,58,0.696804
53,59,0.693963
53,60,0.691739
53,61,0.690521
53,62,0.690542
53,63,0.691814
53,64,0.694136
53,65,0.697142
53,66,0.700389
53,67,0.70345
53,68,0.705986
53,69,0.707793
53,70,0.70881
53,71,0.709118
53,72,0.708892
53,73,0.708357
53,74,0.70774
53,75,0.70723
53,76,0.706953
53,77,0.706971
53,78,0.707278
53,79,0.707809
53,80,0.708441
53,81,0.709005
53,82,0.709299
53,83,0.709112
53,84,0.708274
53,85,0.70669
53,86,0.704377
53,87,0.701456
53,88,0.698141
53,89,0.69469
53,90,0.691361
53,91,0.68837
53,92,0.685869
53,93,0.683952
53,94,0.682664
53,95,0.682016
54,0,0.718635
54,1,0.718942
54,2,0.719428
54,3,0.719878
54,4,0.720054
54,5,0.719759
54,6,0.718889
54,7,0.717452
54,8,0.715545
54,9,0.713333
54,10,0.710988
54,11,0.708655
54,12,0.706426
54,13,0.704328
54,14,0.702338
54,15,0.700412
54,16,0.698515
54,17,0.696654
54,18,0.694889
54,19,0.693323
54,20,0.692108
54,21,0.691401
54,22,0.691346
54,23,0.692038
54,24,0.693496
54,25,0.695649
54,26,0.698339
54,27,0.701342
54,28,0.704401
54,29,0.707263
54,30,0.709714
54,31,0.711607
54,32,0.712871
54,33,0.713518
54,34,0.713624
54,35,0.713319
54,36,0.712759
54,37,0.712094
54,38,0.711451
54,39,0.710908
54,40,0.710492
54,41,0.710188
54,42,0.709955
54,43,0.709757
54,44,0.709565
54,45,0.709372
54,46,0.709181
54,47,0.708991
54,48,0.708783
54,49,0.708525
54,50,0.708173
54,51,0.707678
54,52,0.706987
54,53,0.706023
54,54,0.704707
54,55,0.702964
54,56,0.70078
54,57,0.698249
54,58,0.695599
54,59,0.693179
54,60,0.691386
54,61,0.690567
54,62,0.690923
54,63,0.69244
54,64,0.694896
54,65,0.697918
54,66,0.701061
54,67,0.703908
54,68,0.706137
54,69,0.70757
54,70,0.708181
54,71,0.708084
54,72,0.707494
54,73,0.706668
54,74,0.705861
54,75,0.705277
54,76,0.705041
54,77,0.705199
54,78,0.70571
54,79,0.706473
54,80,0.70733
54,81,0.708083
54,82,0.708513
54,83,0.708402
54,84,0.70758
54,85,0.705951
54,86,0.703534
54,87,0.700454
54,88,0.696927
54,89,0.693216
54,90,0.689589
54,91,0.686277
54,92,0.683459
54,93,0.68126
54,94,0.679756
54,95,0.678993
55,0,0.715946
55,1,0.716208
55,2,0.716617
55,3,0.716983
55,4,0.717096
55,5,0.716787
55,6,0.715971
55,7,0.714667
55,8,0.712975
55,9,0.711052
55,10,0.709062
55,11,0.707135
55,12,0.705349
55,13,0.703711
55,14,0.70218
55,15,0.700692
55,16,0.699192
55,17,0.697672
55,18,0.69618
55,19,0.694819
55,20,0.693742
55,21,0.693117
55,22,0.693095
55,23,0.693791
55,24,0.695237
55,25,0.697383
55,26,0.700091
55,27,0.703152
55,28,0.706315
55,29,0.70932
55,30,0.711932
55,31,0.713971
55,32,0.71533
55,33,0.71599
55,34,0.716007
55,35,0.715507
55,36,0.714657
55,37,0.713629
55,38,0.712579
55,39,0.711617
55,40,0.710801
55,41,0.710142
55,42,0.709618
55,43,0.709203
55,44,0.708864
55,45,0.708583
55,46,0.708336
55,47,0.708093
55,48,0.707809
55,49,0.707433
55,50,0.706919
55,51,0.706233
55,52,0.705351
55,53,0.70424
55,54,0.702858
55,55,0.701162
55,56,0.699153
55,57,0.696916
55,58,0.694653
55,59,0.692669
55,60,0.691314
55,61,0.690887
55,62,0.691551
55,63,0.693268
55,64,0.695802
55,65,0.698779
55,66,0.70176
55,67,0.704341
55,68,0.706218
55,69,0.707236
55,70,0.707398
55,71,0.706847
55,72,0.705828
55,73,0.704629
55,74,0.703533
55,75,0.702758
55,76,0.702439
55,77,0.702615
55,78,0.703232
55,79,0.704168
55,80,0.705242
55,81,0.70624
55,82,0.706927
55,83,0.707072
55,84,0.706486
55,85,0.705058
55,86,0.702784
55,87,0.699767
55,88,0.69621
55,89,0.692369
55,90,0.68852
55,91,0.684919
55,92,0.681779
55,93,0.679274
55,94,0.677531
55,95,0.676636
56,0,0.713033
56,1,0.713206
56,2,0.713463
56,3,0.713653
56,4,0.713619
56,5,0.713234
56,6,0.712452
56,7,0.711306
56,8,0.709898
56,9,0.708369
56,10,0.706857
56,11,0.705464
56,12,0.704234
56,13,0.703145
56,14,0.702126
56,15,0.701089
56,16,0.699966
56,17,0.698736
56,18,0.69745
56,19,0.696217
56,20,0.695202
56,21,0.694586
56,22,0.694536
56,23,0.695177
56,24,0.696559
56,25,0.698648
56,26,0.701325
56,27,0.704396
56,28,0.707612
56,29,0.710708
56,30,0.713422
56,31,0.715543
56,32,0.716929
56,33,0.717534
56,34,0.7174
56,35,0.716658
56,36,0.715485
56,37,0.714081
56,38,0.712626
56,39,0.711253
56,40,0.710042
56,41,0.709021
56,42,0.708185
56,43,0.70752
56,44,0.707004
56,45,0.706618
56,46,0.706333
56,47,0.706104
56,48,0.705864
56,49,0.705541
56,50,0.705074
56,51,0.704424
56,52,0.703574
56,53,0.702509
56,54,0.701215
56,55,0.699676
56,56,0.697911
56,57,0.696008
56,58,0.694151
56,59,0.692609
56,60,0.691683
56,61,0.691627
56,62,0.692565
56,63,0.694435
56,64,0.696997
56,65,0.69988
56,66,0.702658
56,67,0.704939
56,68,0.706439
56,69,0.70702
56,70,0.706705
56,71,0.705664
56,72,0.704168
56,73,0.702533
56,74,0.701063
56,75,0.700001
56,76,0.699491
56,77,0.699579
56,78,0.70021
56,79,0.701256
56,80,0.702529
56,81,0.703805
56,82,0.704838
56,83,0.70538
56,84,0.705219
56,85,0.704207
56,86,0.702302
56,87,0.699565
56,88,0.696165
56,89,0.692341
56,90,0.688372
56,91,0.684541
56,92,0.681108
56,93,0.678306
56,94,0.676322
56,95,0.675293
57,0,0.709934
57,1,0.709987
57,2,0.710034
57,3,0.709979
57,4,0.709728
57,5,0.709217
57,6,0.708447
57,7,0.707477
57,8,0.706408
57,9,0.70536
57,10,0.704434
57,11,0.703685
57,12,0.703108
57,13,0.702635
57,14,0.702157
57,15,0.701561
57,16,0.700766
57,17,0.699755
57,18,0.69859
57,19,0.697401
57,20,0.696372
57,21,0.695702
57,22,0.69557
57,23,0.69611
57,24,0.697383
57,25,0.699367
57,26,0.701958
57,27,0.704976
57,28,0.708178
57,29,0.711288
57,30,0.714028
57,31,0.716153
57,32,0.717491
57,33,0.717975
57,34,0.71764
57,35,0.71662
57,36,0.715115
57,37,0.713343
57,38,0.711505
57,39,0.709748
57,40,0.708165
57,41,0.706793
57,42,0.705639
57,43,0.704705
57,44,0.70399
57,45,0.70349
57,46,0.703187
57,47,0.703035
57,48,0.702955
57,49,0.702854
57,50,0.702644
57,51,0.702265
57,52,0.701683
57,53,0.700881
57,54,0.699854
57,55,0.698606
57,56,0.697174
57,57,0.695655
57,58,0.694225
57,59,0.693122
57,60,0.692607
57,61,0.692889
57,62,0.694055
57,63,0.696028
57,64,0.698566
57,65,0.701309
57,66,0.703848
57,67,0.705808
57,68,0.706918
57,69,0.707055
57,70,0.70626
57,71,0.70472
57,72,0.70273
57,73,0.700629
57,74,0.698745
57,75,0.697339
57,76,0.696573
57,77,0.696505
57,78,0.697086
57,79,0.698193
57,80,0.699641
57,81,0.701204
57,82,0.70263
57,83,0.703657
57,84,0.704045
57,85,0.703606
57,86,0.702243
57,87,0.699965
57,88,0.69689
57,89,0.693232
57,90,0.689263
57,91,0.685294
57,92,0.681633
57,93,0.678578
57,94,0.67638
57,95,0.675229
58,0,0.706637
58,1,0.706557
58,2,0.70637
58,3,0.706038
58,4,0.705539
58,5,0.704878
58,6,0.704114
58,7,0.703335
58,8,0.702647
58,9,0.702146
58,10,0.701884
58,11,0.701857
58,12,0.701995
58,13,0.70217
58,14,0.70223
58,15,0.702037
58,16,0.701504
58,17,0.700627
58,18,0.699497
58,19,0.698275
58,20,0.697171
58,21,0.696401
58,22,0.696153
58,23,0.696564
58,24,0.697697
58,25,0.699536
58,26,0.70199
58,27,0.704893
58,28,0.708008
58,29,0.711057
58,30,0.713741
58,31,0.715795
58,32,0.717022
58,33,0.717338
58,34,0.716774
58,35,0.715474
58,36,0.713652
58,37,0.711545
58,38,0.709366
58,39,0.70727
58,40,0.705351
58,41,0.70365
58,42,0.702186
58,43,0.700977
58,44,0.700046
58,45,0.69942
58,46,0.699103
58,47,0.699063
58,48,0.699221
58,49,0.699466
58,50,0.699684
58,51,0.699775
58,52,0.699676
58,53,0.699344
58,54,0.698767
58,55,0.697955
58,56,0.69696
58,57,0.695888
58,58,0.69491
58,59,0.694242
58,60,0.694108
58,61,0.69468
58,62,0.696016
58,63,0.698026
58,64,0.700476
58,65,0.703027
58,66,0.705291
58,67,0.706914
58,68,0.707638
58,69,0.707349
58,70,0.706101
58,71,0.704095
58,72,0.701642
58,73,0.699099
58,74,0.696814
58,75,0.695064
58,76,0.69403
58,77,0.693782
58,78,0.694284
58,79,0.695422
58,80,0.697019
58,81,0.698853
58,82,0.700671
58,83,0.702202
58,84,0.703182
58,85,0.703385
58,86,0.702661
58,87,0.700958
58,88,0.698339
58,89,0.694981
58,90,0.691145
58,91,0.687159
58,92,0.683377
58,93,0.680154
58,94,0.677802
58,95,0.67656
59,0,0.703139
59,1,0.702935
59,2,0.702531
59,3,0.701941
59,4,0.70121
59,5,0.700416
59,6,0.699673
59,7,0.699106
59,8,0.698828
59,9,0.698909
59,10,0.699349
59,11,0.700074
59,12,0.700941
59,13,0.701752
59,14,0.702311
59,15,0.702453
59,16,0.702099
59,17,0.701272
59,18,0.700097
59,19,0.698779
59,20,0.697555
59,21,0.69666
59,22,0.696282
59,23,0.696552
59,24,0.697529
59,25,0.699199
59,26,0.701481
59,27,0.704219
59,28,0.707187
59,29,0.710107
59,30,0.712673
59,31,0.714602
59,32,0.715683
59,33,0.715818
59,34,0.715036
59,35,0.713488
59,36,0.711398
59,37,0.709013
59,38,0.706551
59,39,0.704168
59,40,0.701957
59,41,0.699959
59,42,0.698199
59,43,0.696714
59,44,0.695554
59,45,0.694779
59,46,0.694428
59,47,0.694493
59,48,0.694907
59,49,0.695556
59,50,0.696296
59,51,0.696992
59,52,0.697535
59,53,0.697845
59,54,0.697883
59,55,0.697651
59,56,0.697202
59,57,0.696645
59,58,0.696148
59,59,0.695907
59,60,0.696115
59,61,0.696913
59,62,0.698337
59,63,0.700299
59,64,0.702582
59,65,0.704875
59,66,0.706825
59,67,0.7081
59,68,0.708458
59,69,0.707793
59,70,0.706163
59,71,0.703775
59,72,0.700946
59,73,0.698045
59,74,0.69543
59,75,0.693393
59,76,0.692127
59,77,0.691716
59,78,0.69214
59,79,0.693292
59,80,0.695004
59,81,0.697063
59,82,0.699221
59,83,0.701203
59,84,0.702731
59,85,0.703553
59,86,0.703473
59,87,0.702386
59,88,0.700301
59,89,0.697352
59,90,0.693783
59,91,0.689927
59,92,0.68617
59,93,0.682908
59,94,0.680498
59,95,0.679217
60,0,0.699497
60,1,0.6992
60,2,0.698632
60,3,0.697849
60,4,0.696953
60,5,0.69608
60,6,0.695399
60,7,0.695072
60,8,0.695217
60,9,0.695883
60,10,0.697017
60,11,0.698472
60,12,0.700027
60,13,0.701417
60,14,0.702397
60,15,0.702789
60,16,0.702526
60,17,0.701665
60,18,0.700381
60,19,0.698919
60,20,0.697549
60,21,0.696514
60,22,0.696001
60,23,0.696127
60,24,0.696943
60,25,0.698431
60,26,0.700518
60,27,0.703059
60,28,0.70584
60,29,0.708589
60,30,0.711001
60,31,0.712784
60,32,0.713719
60,33,0.7137
60,34,0.712754
60,35,0.711028
60,36,0.708749
60,37,0.706164
60,38,0.703489
60,39,0.700878
60,40,0.698422
60,41,0.696161
60,42,0.694126
60,43,0.69237
60,44,0.690967
60,45,0.690011
60,46,0.68958
60,47,0.689699
60,48,0.690328
60,49,0.691358
60,50,0.692633
60,51,0.693983
60,52,0.695253
60,53,0.696316
60,54,0.697094
60,55,0.697563
60,56,0.697761
60,57,0.697789
60,58,0.697802
60,59,0.697975
60,60,0.698475
60,61,0.699419
60,62,0.700832
60,63,0.702639
60,64,0.704657
60,65,0.706616
60,66,0.708208
60,67,0.709132
60,68,0.709166
60,69,0.70821
60,70,0.706315
60,71,0.703681
60,72,0.70062
60,73,0.697497
60,74,0.694671
60,75,0.692442
60,76,0.691013
60,77,0.690481
60,78,0.690836
60,79,0.691984
60,80,0.693765
60,81,0.695974
60,82,0.698369
60,83,0.700685
60,84,0.702642
60,85,0.703974
60,86,0.704461
60,87,0.703956
60,88,0.702425
60,89,0.699962
60,90,0.696788
60,91,0.693226
60,92,0.68967
60,93,0.686533
60,94,0.684193
60,95,0.682943
61,0,0.695862
61,1,0.695516
61,2,0.694864
61,3,0.693987
61,4,0.693023
61,5,0.692155
61,6,0.691593
61,7,0.69153
61,8,0.692093
61,9,0.693309
61,10,0.695078
61,11,0.697188
61,12,0.699341
61,13,0.701212
61,14,0.702514
61,15,0.703061
61,16,0.702806
61,17,0.701848
61,18,0.700406
61,19,0.698771
61,20,0.697235
61,21,0.696051
61,22,0.695394
61,23,0.695371
61,24,0.696018
61,25,0.697316
61,26,0.699196
61,27,0.701525
61,28,0.704103
61,29,0.706668
61,30,0.708919
61,31,0.710569
61,32,0.711395
61,33,0.711285
61,34,0.710259
61,35,0.708455
61,36,0.706087
61,37,0.703394
61,38,0.700584
61,39,0.697806
61,40,0.695151
61,41,0.692662
61,42,0.690377
61,43,0.688361
61,44,0.686709
61,45,0.685542
61,46,0.684974
61,47,0.685071
61,48,0.685828
61,49,0.687154
61,50,0.688899
61,51,0.690869
61,52,0.692871
61,53,0.694728
61,54,0.696315
61,55,0.697566
61,56,0.698489
61,57,0.69916
61,58,0.699706
61,59,0.700277
61,60,0.70101
61,61,0.702007
61,62,0.703296
61,63,0.704828
61,64,0.706468
61,65,0.708009
61,66,0.709199
61,67,0.709781
61,68,0.709556
61,69,0.708422
61,70,0.706415
61,71,0.703713
61,72,0.700601
61,73,0.697424
61,74,0.694532
61,75,0.692223
61,76,0.690707
61,77,0.690094
61,78,0.690386
61,79,0.691498
61,80,0.693278
61,81,0.695529
61,82,0.698023
61,83,0.700507
61,84,0.702715
61,85,0.704388
61,86,0.705299
61,87,0.705283
61,88,0.704277
61,89,0.702345
61,90,0.699677
61,91,0.696573
61,92,0.693409
61,93,0.690584
61,94,0.68846
61,95,0.687321
62,0,0.692461
62,1,0.692115
62,2,0.691466
62,3,0.690603
62,4,0.689683
62,5,0.68891
62,6,0.688524
62,7,0.688738
62,8,0.689687
62,9,0.691383
62,10,0.693687
62,11,0.696332
62,12,0.698959
62,13,0.701189
62,14,0.70271
62,15,0.703329
62,16,0.703024
62,17,0.70193
62,18,0.70031
62,19,0.698488
62,20,0.696775
62,21,0.695426
62,22,0.694608
62,23,0.694414
62,24,0.694873
62,25,0.695964
62,26,0.697626
62,27,0.699738
62,28,0.702111
62,29,0.704497
62,30,0.706606
62,31,0.708159
62,32,0.708935
62,33,0.70882
62,34,0.707818
62,35,0.70605
62,36,0.703705
62,37,0.701002
62,38,0.698137
62,39,0.695253
62,40,0.692446
62,41,0.689768
62,42,0.687266
62,43,0.685014
62,44,0.683119
62,45,0.681725
62,46,0.680974
62,47,0.68097
62,48,0.68175
62,49,0.683255
62,50,0.685351
62,51,0.68784
62,52,0.690501
62,53,0.693117
62,54,0.695513
62,55,0.697574
62,56,0.699262
62,57,0.700608
62,58,0.701697
62,59,0.702641
62,60,0.703547
62,61,0.704503
62,62,0.705551
62,63,0.706686
62,64,0.707839
62,65,0.70888
62,66,0.709632
62,67,0.709893
62,68,0.709486
62,69,0.708307
62,70,0.706362
62,71,0.703785
62,72,0.700815
62,73,0.697759
62,74,0.694943
62,75,0.692658
62,76,0.691119
62,77,0.690448
62,78,0.69066
62,79,0.69168
62,80,0.693366
62,81,0.695528
62,82,0.697955
62,83,0.700416
62,84,0.702671
62,85,0.704484
62,86,0.705644
62,87,0.705989
62,88,0.705446
62,89,0.704058
62,90,0.701984
62,91,0.699487
62,92,0.696897
62,93,0.694563
62,94,0.6928
62,95,0.691853
63,0,0.68954
63,1,0.689236
63,2,0.688667
63,3,0.687917
63,4,0.687138
63,5,0.686541
63,6,0.686374
63,7,0.686861
63,8,0.688143
63,9,0.69022
63,10,0.692929
63,11,0.695964
63,12,0.698924
63,13,0.701395
63,14,0.703044
63,15,0.703681
63,16,0.703303
63,17,0.702072
63,18,0.700283
63,19,0.69828
63,20,0.696385
63,21,0.694849
63,22,0.693836
63,23,0.693431
63,24,0.693664
63,25,0.694518
63,26,0.695941
63,27,0.697824
63,28,0.699992
63,29,0.70221
63,30,0.704203
63,31,0.705703
63,32,0.706496
63,33,0.706463
63,34,0.705591
63,35,0.70397
63,36,0.701757
63,37,0.69914
63,38,0.696297
63,39,0.69337
63,40,0.690463
63,41,0.687641
63,42,0.684965
63,43,0.682516
63,44,0.680409
63,45,0.678797
63,46,0.677845
63,47,0.677688
63,48,0.678399
63,49,0.679961
63,50,0.682267
63,51,0.685128
63,52,0.688316
63,53,0.691586
63,54,0.694721
63,55,0.697556
63,56,0.699996
63,57,0.702013
63,58,0.703635
63,59,0.704919
63,60,0.70594
63,61,0.706772
63,62,0.70748
63,63,0.708113
63,64,0.708686
63,65,0.709162
63,66,0.709453
63,67,0.709419
63,68,0.708911
63,69,0.707816
63,70,0.706096
63,71,0.703822
63,72,0.701167
63,73,0.698385
63,74,0.695764
63,75,0.693582
63,76,0.69206
63,77,0.691331
63,78,0.691425
63,79,0.692281
63,80,0.693763
63,81,0.695695
63,82,0.697886
63,83,0.700131
63,84,0.702231
63,85,0.703987
63,86,0.70522
63,87,0.70579
63,88,0.705633
63,89,0.704778
63,90,0.703354
63,91,0.701574
63,92,0.6997
63,93,0.698002
63,94,0.696719
63,95,0.69603
64,0,0.687299
64,1,0.68707
64,2,0.686639
64,3,0.686073
64,4,0.685511
64,5,0.685145
64,6,0.685221
64,7,0.685961
64,8,0.687506
64,9,0.689853
64,10,0.692828
64,11,0.696107
64,12,0.699268
64,13,0.701879
64,14,0.703597
64,15,0.704234
64,16,0.703798
64,17,0.702467
64,18,0.700546
64,19,0.698388
64,20,0.696312
64,21,0.694569
64,22,0.693319
64,23,0.692651
64,24,0.692603
64,25,0.693171
64,26,0.694315
64,27,0.695942
64,28,0.69789
64,29,0.699939
64,30,0.70183
64,31,0.70331
64,32,0.704173
64,33,0.704295
64,34,0.703641
64,35,0.702263
64,36,0.700276
64,37,0.697833
64,38,0.695089
64,39,0.692184
64,40,0.689233
64,41,0.686322
64,42,0.683526
64,43,0.680936
64,44,0.678671
64,45,0.676886
64,46,0.675754
64,47,0.675431
64,48,0.676022
64,49,0.677544
64,50,0.679922
64,51,0.682995
64,52,0.686538
64,53,0.690302
64,54,0.69404
64,55,0.697545
64,56,0.700664
64,57,0.703302
64,58,0.705416
64,59,0.707001
64,60,0.708084
64,61,0.70873
64,62,0.709025
64,63,0.709086
64,64,0.709016
64,65,0.708887
64,66,0.708706
64,67,0.708405
64,68,0.707865
64,69,0.706956
64,70,0.705587
64,71,0.703751
64,72,0.701541
64,73,0.699141
64,74,0.696797
64,75,0.69477
64,76,0.693282
64,77,0.692481
64,78,0.692412
64,79,0.693025
64,80,0.694197
64,81,0.695767
64,82,0.697567
64,83,0.69943
64,84,0.701202
64,85,0.702732
64,86,0.703889
64,87,0.704567
64,88,0.704719
64,89,0.704368
64,90,0.703613
64,91,0.702606
64,92,0.701527
64,93,0.70055
64,94,0.699814
64,95,0.699421
65,0,0.685852
65,1,0.685714
65,2,0.685454
65,3,0.685117
65,4,0.684813
65,5,0.684712
65,6,0.685037
65,7,0.686
65,8,0.687739
65,9,0.690251
65,10,0.693367
65,11,0.696765
65,12,0.700019
65,13,0.702699
65,14,0.70446
65,15,0.705113
65,16,0.704668
65,17,0.703299
65,18,0.701306
65,19,0.699033
65,20,0.696791
65,21,0.694826
65,22,0.693303
65,23,0.692319
65,24,0.69193
65,25,0.692152
65,26,0.692962
65,27,0.694286
65,28,0.695975
65,29,0.697829
65,30,0.699607
65,31,0.701073
65,32,0.702033
65,33,0.702353
65,34,0.701975
65,35,0.700909
65,36,0.699224
65,37,0.69703
65,38,0.694457
65,39,0.691641
65,40,0.68871
65,41,0.685772
65,42,0.682921
65,43,0.68026
65,44,0.67791
65,45,0.676023
65,46,0.674771
65,47,0.674315
65,48,0.674778
65,49,0.676201
65,50,0.678542
65,51,0.68167
65,52,0.685383
65,53,0.689443
65,54,0.693597
65,55,0.697609
65,56,0.701277
65,57,0.704436
65,58,0.70697
65,59,0.708801
65,60,0.709905
65,61,0.710326
65,62,0.710177
65,63,0.709634
65,64,0.7089
65,65,0.708151
65,66,0.707501
65,67,0.706955
65,68,0.706424
65,69,0.705762
65,70,0.704816
65,71,0.703495
65,72,0.701801
65,73,0.699845
65,74,0.697825
65,75,0.695983
65,76,0.694539
65,77,0.693655
65,78,0.693388
65,79,0.693699
65,80,0.694478
65,81,0.69558
65,82,0.696871
65,83,0.698225
65,84,0.699541
65,85,0.700727
65,86,0.701702
65,87,0.702401
65,88,0.702796
65,89,0.702906
65,90,0.702796
65,91,0.702552
65,92,0.702268
65,93,0.702013
65,94,0.701828
65,95,0.701733
66,0,0.685211
66,1,0.68517
66,2,0.685091
66,3,0.684996
66,4,0.684967
66,5,0.685139
66,6,0.685708
66,7,0.686865
66,8,0.688742
66,9,0.691341
66,10,0.694506
66,11,0.697932
66,12,0.701211
66,13,0.703922
66,14,0.705727
66,15,0.706434
66,16,0.706041
66,17,0.704706
66,18,0.702706
66,19,0.700366
66,20,0.697983
66,21,0.695796
66,22,0.693976
66,23,0.692638
66,24,0.691859
66,25,0.691678
66,26,0.692094
66,27,0.693052
66,28,0.694424
66,29,0.696033
66,30,0.69766
66,31,0.69909
66,32,0.70014
66,33,0.700668
66,34,0.700593
66,35,0.699881
66,36,0.698551
66,37,0.696667
66,38,0.694331
66,39,0.691671
66,40,0.688826
66,41,0.685925
66,42,0.683087
66,43,0.680429
66,44,0.678076
66,45,0.676175
66,46,0.674886
66,47,0.674363
66,48,0.674728
66,49,0.676036
66,50,0.678266
66,51,0.681317
66,52,0.685022
66,53,0.689171
66,54,0.693524
66,55,0.697837
66,56,0.701872
66,57,0.705407
66,58,0.708253
66,59,0.710259
66,60,0.711343
66,61,0.711526
66,62,0.710933
66,63,0.709798
66,64,0.708412
66,65,0.707059
66,66,0.705951
66,67,0.70517
66,68,0.704659
66,69,0.704255
66,70,0.703746
66,71,0.702954
66,72,0.701794
66,73,0.700302
66,74,0.698627
66,75,0.69699
66,76,0.69561
66,77,0.694652
66,78,0.694182
66,79,0.694166
66,80,0.694507
66,81,0.695083
66,82,0.695795
66,83,0.696568
66,84,0.697359
66,85,0.698136
66,86,0.698871
66,87,0.699539
66,88,0.700125
66,89,0.70064
66,90,0.701107
66,91,0.701551
66,92,0.701978
66,93,0.702367
66,94,0.702669
66,95,0.702836
67,0,0.685317
67,1,0.685367
67,2,0.685459
67,3,0.685598
67,4,0.685834
67,5,0.68627
67,6,0.68707
67,7,0.688399
67,8,0.690378
67,9,0.693018
67,10,0.696181
67,11,0.699589
67,12,0.70286
67,13,0.705594
67,14,0.70746
67,15,0.708261
67,16,0.707976
67,17,0.706736
67,18,0.704787
67,19,0.702426
67,20,0.699932
67,21,0.697538
67,22,0.695424
67,23,0.693721
67,24,0.692528
67,25,0.691907
67,26,0.69188
67,27,0.692414
67,28,0.693406
67,29,0.694707
67,30,0.696126
67,31,0.697475
67,32,0.698581
67,33,0.6993
67,34,0.699525
67,35,0.699181
67,36,0.698237
67,37,0.696708
67,38,0.694665
67,39,0.692221
67,40,0.689522
67,41,0.686719
67,42,0.683953
67,43,0.681363
67,44,0.679081
67,45,0.677249
67,46,0.67601
67,47,0.675498
67,48,0.675821
67,49,0.677026
67,50,0.679106
67,51,0.681982
67,52,0.685528
67,53,0.689571
67,54,0.693902
67,55,0.698289
67,56,0.70248
67,57,0.706211
67,58,0.709232
67,59,0.711324
67,60,0.712347
67,61,0.71229
67,62,0.711279
67,63,0.709592
67,64,0.707596
67,65,0.705669
67,66,0.704119
67,67,0.703101
67,68,0.702591
67,69,0.702415
67,70,0.702308
67,71,0.702014
67,72,0.701366
67,73,0.70033
67,74,0.699012
67,75,0.697609
67,76,0.696329
67,77,0.695338
67,78,0.694696
67,79,0.694375
67,80,0.694284
67,81,0.694327
67,82,0.694445
67,83,0.69462
67,84,0.694872
67,85,0.695228
67,86,0.695711
67,87,0.696323
67,88,0.69706
67,89,0.697909
67,90,0.698851
67,91,0.699847
67,92,0.700834
67,93,0.701718
67,94,0.702389
67,95,0.702752
68,0,0.686091
68,1,0.686217
68,2,0.686457
68,3,0.686798
68,4,0.687269
68,5,0.687942
68,6,0.688948
68,7,0.69043
68,8,0.692496
68,9,0.695159
68,10,0.698306
68,11,0.701684
68,12,0.704943
68,13,0.707706
68,14,0.709651
68,15,0.710573
68,16,0.710429
68,17,0.709319
68,18,0.707456
68,19,0.705107
68,20,0.702533
68,21,0.699963
68,22,0.697584
68,23,0.695539
68,24,0.693945
68,25,0.692882
68,26,0.692393
68,27,0.692468
68,28,0.693034
68,29,0.693973
68,30,0.695131
68,31,0.696345
68,32,0.697461
68,33,0.698334
68,34,0.698836
68,35,0.698853
68,36,0.698303
68,37,0.697157
68,38,0.695447
68,39,0.693265
68,40,0.690759
68,41,0.688097
68,42,0.685448
68,43,0.68297
68,44,0.680811
68,45,0.679108
68,46,0.677986
68,47,0.677553
68,48,0.677888
68,49,0.679019
68,50,0.680935
68,51,0.683576
68,52,0.686849
68,53,0.690624
68,54,0.694736
68,55,0.698981
68,56,0.703111
68,57,0.706845
68,58,0.709887
68,59,0.711962
68,60,0.712876
68,61,0.712578
68,62,0.711186
68,63,0.709002
68,64,0.706451
68,65,0.703992
68,66,0.702018
68,67,0.700752
68,68,0.700207
68,69,0.700204
68,70,0.700435
68,71,0.700581
68,72,0.700403
68,73,0.699808
68,74,0.698858
68,75,0.697727
68,76,0.696607
68,77,0.695648
68,78,0.694902
68,79,0.694334
68,80,0.693862
68,81,0.693415
68,82,0.692979
68,83,0.692592
68,84,0.692339
68,85,0.692305
68,86,0.692554
68,87,0.69311
68,88,0.693961
68,89,0.695064
68,90,0.696352
68,91,0.697729
68,92,0.69908
68,93,0.700268
68,94,0.701155
68,95,0.70163
69,0,0.687465
69,1,0.687648
69,2,0.687995
69,3,0.68849
69,4,0.689142
69,5,0.690003
69,6,0.691178
69,7,0.692787
69,8,0.694926
69,9,0.697614
69,10,0.70075
69,11,0.70411
69,12,0.707368
69,13,0.710171
69,14,0.712202
69,15,0.71325
69,16,0.713251
69,17,0.712276
69,18,0.710507
69,19,0.708186
69,20,0.705562
69,21,0.702857
69,22,0.700262
69,23,0.697929
69,24,0.695984
69,25,0.694519
69,26,0.69359
69,27,0.693212
69,28,0.693339
69,29,0.693893
69,30,0.694754
69,31,0.695792
69,32,0.696874
69,33,0.697856
69,34,0.698596
69,35,0.698946
69,36,0.698781
69,37,0.698022
69,38,0.69666
69,39,0.694765
69,40,0.692479
69,41,0.689982
69,42,0.687468
69,43,0.685122
69,44,0.683106
69,45,0.68156
69,46,0.680591
69,47,0.680277
69,48,0.68066
69,49,0.681744
69,50,0.6835
69,51,0.685877
69,52,0.688806
69,53,0.692199
69,54,0.695938
69,55,0.699858
69,56,0.703735
69,57,0.707288
69,58,0.710199
69,59,0.712151
69,60,0.712903
69,61,0.712364
69,62,0.710627
69,63,0.708005
69,64,0.70496
69,65,0.702014
69,66,0.699635
69,67,0.698108
69,68,0.697486
69,69,0.697594
69,70,0.698095
69,71,0.698617
69,72,0.698864
69,73,0.698695
69,74,0.69813
69,75,0.697316
69,76,0.696419
69,77,0.695569
69,78,0.694801
69,79,0.694069
69,80,0.693298
69,81,0.692441
69,82,0.691528
69,83,0.690656
69,84,0.689969
69,85,0.689606
69,86,0.689663
69,87,0.690173
69,88,0.691105
69,89,0.692379
69,90,0.693876
69,91,0.695453
69,92,0.696964
69,93,0.698259
69,94,0.699204
69,95,0.699704
70,0,0.689408
70,1,0.689619
70,2,0.690024
70,3,0.690602
70,4,0.691358
70,5,0.692332
70,6,0.693613
70,7,0.695305
70,8,0.697496
70,9,0.700203
70,10,0.703338
70,11,0.706693
70,12,0.709962
70,13,0.712807
70,14,0.714915
70,15,0.716073
70,16,0.716197
70,17,0.715335
70,18,0.713648
70,19,0.71136
70,20,0.70871
70,21,0.705918
70,22,0.703174
70,23,0.700632
70,24,0.698417
70,25,0.696625
70,26,0.695322
70,27,0.69454
70,28,0.694263
70,29,0.694446
70,30,0.695008
70,31,0.695851
70,32,0.696864
70,33,0.69791
70,34,0.698839
70,35,0.699478
70,36,0.699663
70,37,0.699269
70,38,0.698248
70,39,0.696639
70,40,0.694574
70,41,0.692244
70,42,0.689861
70,43,0.68764
70,44,0.685761
70,45,0.684365
70,46,0.683549
70,47,0.68336
70,48,0.683806
70,49,0.684858
70,50,0.686465
70,51,0.688572
70,52,0.691127
70,53,0.694075
70,54,0.697341
70,55,0.700805
70,56,0.704279
70,57,0.707501
70,58,0.71015
70,59,0.711885
70,60,0.712429
70,61,0.711647
70,62,0.709604
70,63,0.706602
70,64,0.703127
70,65,0.699747
70,66,0.696989
70,67,0.695198
70,68,0.694467
70,69,0.694631
70,70,0.695339
70,71,0.696181
70,72,0.696816
70,73,0.697057
70,74,0.696889
70,75,0.696424
70,76,0.695801
70,77,0.695123
70,78,0.694404
70,79,0.693588
70,80,0.692606
70,81,0.691436
70,82,0.690148
70,83,0.688892
70,84,0.687866
70,85,0.687251
70,86,0.68717
70,87,0.687652
70,88,0.688642
70,89,0.690011
70,90,0.691595
70,91,0.693213
70,92,0.694705
70,93,0.695936
70,94,0.696807
70,95,0.697257
71,0,0.691893
71,1,0.6921
71,2,0.6925
71,3,0.693077
71,4,0.693839
71,5,0.694827
71,6,0.696125
71,7,0.697831
71,8,0.700029
71,9,0.702736
71,10,0.705866
71,11,0.709219
71,12,0.7125
71,13,0.715376
71,14,0.71754
71,15,0.718773
71,16,0.718981
71,17,0.718199
71,18,0.716573
71,19,0.714318
71,20,0.711668
71,21,0.708839
71,22,0.70602
71,23,0.703358
71,24,0.700974
71,25,0.698956
71,26,0.697375
71,27,0.696278
71,28,0.69567
71,29,0.695537
71,30,0.695832
71,31,0.696484
71,32,0.697405
71,33,0.698472
71,34,0.699531
71,35,0.700395
71,36,0.700869
71,37,0.700791
71,38,0.700073
71,39,0.698723
71,40,0.696861
71,41,0.69468
71,42,0.692413
71,43,0.690294
71,44,0.688526
71,45,0.687256
71,46,0.686567
71,47,0.686484
71,48,0.686984
71,49,0.688005
71,50,0.689472
71,51,0.69132
71,52,0.693502
71,53,0.695986
71,54,0.698735
71,55,0.70167
71,56,0.704649
71,57,0.707439
71,58,0.709736
71,59,0.711191
71,60,0.711497
71,61,0.710484
71,62,0.70818
71,63,0.704867
71,64,0.701035
71,65,0.697283
71,66,0.694187
71,67,0.692144
71,68,0.691286
71,69,0.691469
71,70,0.692335
71,71,0.69345
71,72,0.694436
71,73,0.695066
71,74,0.695286
71,75,0.695174
71,76,0.694837
71,77,0.694352
71,78,0.693715
71,79,0.692867
71,80,0.691744
71,81,0.69035
71,82,0.68879
71,83,0.68726
71,84,0.685998
71,85,0.68522
71,86,0.685061
71,87,0.685544
71,88,0.686578
71,89,0.687993
71,90,0.689576
71,91,0.691123
71,92,0.692474
71,93,0.693527
71,94,0.694234
71,95,0.694586
72,0,0.694841
72,1,0.695011
72,2,0.695342
72,3,0.695828
72,4,0.696489
72,5,0.697377
72,6,0.698585
72,7,0.700216
72,8,0.702356
72,9,0.705021
72,10,0.708122
72,11,0.711458
72,12,0.714734
72,13,0.71762
72,14,0.719809
72,15,0.721079
72,16,0.721334
72,17,0.720601
72,18,0.719023
72,19,0.716809
72,20,0.714191
72,21,0.711381
72,22,0.708563
72,23,0.705872
72,24,0.703418
72,25,0.701283
72,26,0.699536
72,27,0.698231
72,28,0.697391
72,29,0.697024
72,30,0.697105
72,31,0.697589
72,32,0.698406
72,33,0.699447
72,34,0.700566
72,35,0.701571
72,36,0.70225
72,37,0.702411
72,38,0.701933
72,39,0.700797
72,40,0.699104
72,41,0.697049
72,42,0.694875
72,43,0.692838
72,44,0.691155
72,45,0.689977
72,46,0.689382
72,47,0.689376
72,48,0.689907
72,49,0.690888
72,50,0.692222
72,51,0.693826
72,52,0.695655
72,53,0.697688
72,54,0.699917
72,55,0.702304
72,56,0.70475
72,57,0.707064
72,58,0.708967
72,59,0.710116
72,60,0.710189
72,61,0.708981
72,62,0.706484
72,63,0.702949
72,64,0.698856
72,65,0.694821
72,66,0.691451
72,67,0.689189
72,68,0.688207
72,69,0.688385
72,70,0.689369
72,71,0.690709
72,72,0.691998
72,73,0.692971
72,74,0.693535
72,75,0.693731
72,76,0.693636
72,77,0.693306
72,78,0.69273
72,79,0.691849
72,80,0.690617
72,81,0.689062
72,82,0.687318
72,83,0.685614
72,84,0.684218
72,85,0.683365
72,86,0.683198
72,87,0.683721
72,88,0.684814
72,89,0.68626
72,90,0.687812
72,91,0.689245
72,92,0.69041
72,93,0.691244
72,94,0.691756
72,95,0.691994
73,0,0.69809
73,1,0.698194
73,2,0.698399
73,3,0.698714
73,4,0.699174
73,5,0.699853
73,6,0.700862
73,7,0.702322
73,8,0.704326
73,9,0.706889
73,10,0.709919
73,11,0.713206
73,12,0.716449
73,13,0.719314
73,14,0.721494
73,15,0.722771
73,16,0.723046
73,17,0.72235
73,18,0.720825
73,19,0.718676
73,20,0.716134
73,21,0.713403
73,22,0.710659
73,23,0.708023
73,24,0.705593
73,25,0.70344
73,26,0.701633
73,27,0.700228
73,28,0.69926
73,29,0.698748
73,30,0.69868
73,31,0.699025
73,32,0.699726
73,33,0.700692
73,34,0.70179
73,35,0.702835
73,36,0.703612
73,37,0.703914
73,38,0.703595
73,39,0.702614
73,40,0.701055
73,41,0.699105
73,42,0.697015
73,43,0.695051
73,44,0.693441
73,45,0.692338
73,46,0.691813
73,47,0.691856
73,48,0.692397
73,49,0.693326
73,50,0.694526
73,51,0.695902
73,52,0.697403
73,53,0.699013
73,54,0.700748
73,55,0.702602
73,56,0.704521
73,57,0.706359
73,58,0.70787
73,59,0.708731
73,60,0.708613
73,61,0.707284
73,62,0.704698
73,63,0.701065
73,64,0.696843
73,65,0.692643
73,66,0.689095
73,67,0.686672
73,68,0.685586
73,69,0.685743
73,70,0.686803
73,71,0.688309
73,72,0.689831
73,73,0.691067
73,74,0.691885
73,75,0.692288
73,76,0.69233
73,77,0.692054
73,78,0.691453
73,79,0.690486
73,80,0.689128
73,81,0.687434
73,82,0.685563
73,83,0.683764
73,84,0.682322
73,85,0.68148
73,86,0.681375
73,87,0.681994
73,88,0.683185
73,89,0.684695
73,90,0.686245
73,91,0.687594
73,92,0.688608
73,93,0.689258
73,94,0.689606
73,95,0.689746
74,0,0.701374
74,1,0.701395
74,2,0.701437
74,3,0.701525
74,4,0.701713
74,5,0.7021
74,6,0.702824
74,7,0.704026
74,8,0.705817
74,9,0.708215
74,10,0.71112
74,11,0.714313
74,12,0.717484
74,13,0.720294
74,14,0.722438
74,15,0.7237
74,16,0.723989
74,17,0.723341
74,18,0.721897
74,19,0.719858
74,20,0.717449
74,21,0.714863
74,22,0.712261
74,23,0.709753
74,24,0.707424
74,25,0.705338
74,26,0.70356
74,27,0.702151
74,28,0.701148
74,29,0.700572
74,30,0.700415
74,31,0.700646
74,32,0.70122
74,33,0.702059
74,34,0.703049
74,35,0.704025
74,36,0.704785
74,37,0.705121
74,38,0.704879
74,39,0.703996
74,40,0.702541
74,41,0.700692
74,42,0.698696
74,43,0.696821
74,44,0.695295
74,45,0.694269
74,46,0.693807
74,47,0.693885
74,48,0.694418
74,49,0.695281
74,50,0.696342
74,51,0.697495
74,52,0.698686
74,53,0.699903
74,54,0.701175
74,55,0.702529
74,56,0.703952
74,57,0.705343
74,58,0.706501
74,59,0.707125
74,60,0.706894
74,61,0.705552
74,62,0.703016
74,63,0.699449
74,64,0.695267
74,65,0.691061
74,66,0.687458
74,67,0.684955
74,68,0.683795
74,69,0.683916
74,70,0.685
74,71,0.686592
74,72,0.688245
74,73,0.689627
74,74,0.690563
74,75,0.691027
74,76,0.69105
74,77,0.690677
74,78,0.689918
74,79,0.688761
74,80,0.687217
74,81,0.685367
74,82,0.683391
74,83,0.681551
74,84,0.680134
74,85,0.679377
74,86,0.679407
74,87,0.680189
74,88,0.681544
74,89,0.683188
74,90,0.684816
74,91,0.686176
74,92,0.68714
74,93,0.687705
74,94,0.687966
74,95,0.688053
75,0,0.704369
75,1,0.704303
75,2,0.704175
75,3,0.704019
75,4,0.703905
75,5,0.703958
75,6,0.704343
75,7,0.705231
75,8,0.706748
75,9,0.708921
75,10,0.711645
75,11,0.714695
75,12,0.71775
75,13,0.72047
75,14,0.722553
75,15,0.723794
75,16,0.72411
75,17,0.723541
75,18,0.722227
75,19,0.720361
75,20,0.718153
75,21,0.715781
75,22,0.71339
75,23,0.711075
75,24,0.708911
75,25,0.706959
75,26,0.705284
75,27,0.703946
75,28,0.702982
75,29,0.702407
75,30,0.702206
75,31,0.702343
75,32,0.702775
75,33,0.703435
75,34,0.704236
75,35,0.705043
75,36,0.705679
75,37,0.705952
75,38,0.705711
75,39,0.704885
75,40,0.703524
75,41,0.701792
75,42,0.699922
75,43,0.698174
75,44,0.696766
75,45,0.695841
75,46,0.695451
75,47,0.69556
75,48,0.696071
75,49,0.69685
75,50,0.697757
75,51,0.698681
75,52,0.699567
75,53,0.700405
75,54,0.701242
75,55,0.702129
75,56,0.703092
75,57,0.704079
75,58,0.704934
75,59,0.705393
75,60,0.705147
75,61,0.703926
75,62,0.701608
75,63,0.6983
75,64,0.694359
75,65,0.690332
75,66,0.686825
75,67,0.684338
75,68,0.683139
75,69,0.683203
75,70,0.684243
75,71,0.685817
75,72,0.687472
75,73,0.688849
75,74,0.689741
75,75,0.690089
75,76,0.689914
75,77,0.689269
75,78,0.688196
75,79,0.686723
75,80,0.684905
75,81,0.682855
75,82,0.680771
75,83,0.678918
75,84,0.677575
75,85,0.676965
75,86,0.677196
75,87,0.678212
75,88,0.679808
75,89,0.681676
75,90,0.683492
75,91,0.684994
75,92,0.686048
75,93,0.686661
75,94,0.686943
75,95,0.687035
76,0,0.706775
76,1,0.706633
76,2,0.706356
76,3,0.705977
76,4,0.705577
76,5,0.705299
76,6,0.705336
76,7,0.705882
76,8,0.707086
76,9,0.708985
76,10,0.711477
76,11,0.714329
76,12,0.717221
76,13,0.719814
76,14,0.721817
76,15,0.723037
76,16,0.723403
76,17,0.722957
76,18,0.721834
76,19,0.720212
76,20,0.718278
76,21,0.716191
76,22,0.714076
76,23,0.712015
76,24,0.710077
76,25,0.708319
76,26,0.706807
76,27,0.7056
76,28,0.704731
76,29,0.704205
76,30,0.703992
76,31,0.704047
76,32,0.704323
76,33,0.704767
76,34,0.705319
76,35,0.70588
76,36,0.706312
76,37,0.706455
76,38,0.706168
76,39,0.705381
76,40,0.704128
76,41,0.702549
76,42,0.700856
76,43,0.699285
76,44,0.69804
76,45,0.697243
76,46,0.696936
76,47,0.697069
76,48,0.69754
76,49,0.698209
76,50,0.698935
76,51,0.699609
76,52,0.700178
76,53,0.700641
76,54,0.701056
76,55,0.701499
76,56,0.702034
76,57,0.702658
76,58,0.703262
76,59,0.703629
76,60,0.703471
76,61,0.70251
76,62,0.700585
76,63,0.697738
76,64,0.694251
76,65,0.6906
76,66,0.687347
76,67,0.684976
76,68,0.683776
76,69,0.683756
76,70,0.684671
76,71,0.686108
76,72,0.687618
76,73,0.688829
76,74,0.689506
76,75,0.689565
76,76,0.689021
76,77,0.687944
76,78,0.686413
76,79,0.684507
76,80,0.68233
76,81,0.68003
76,82,0.677822
76,83,0.675969
76,84,0.674733
76,85,0.674316
76,86,0.6748
76,87,0.676106
76,88,0.67801
76,89,0.680187
76,90,0.682298
76,91,0.684069
76,92,0.685355
76,93,0.686152
76,94,0.686562
76,95,0.68672
77,0,0.708401
77,1,0.708207
77,2,0.70782
77,3,0.707267
77,4,0.70663
77,5,0.70606
77,6,0.70577
77,7,0.705977
77,8,0.706849
77,9,0.708437
77,10,0.710645
77,11,0.713246
77,12,0.715924
77,13,0.718352
77,14,0.720255
77,15,0.721458
77,16,0.7219
77,17,0.721624
77,18,0.720753
77,19,0.719442
77,20,0.717854
77,21,0.716119
77,22,0.714344
77,23,0.712598
77,24,0.710944
77,25,0.709438
77,26,0.708144
77,27,0.70712
77,28,0.706388
77,29,0.705941
77,30,0.705737
77,31,0.705717
77,32,0.705833
77,33,0.706044
77,34,0.706318
77,35,0.7066
77,36,0.706796
77,37,0.706784
77,38,0.706448
77,39,0.705716
77,40,0.704608
77,41,0.703234
77,42,0.701773
77,43,0.70043
77,44,0.69938
77,45,0.698726
77,46,0.698494
77,47,0.698628
77,48,0.699022
77,49,0.699538
77,50,0.700042
77,51,0.700433
77,52,0.700664
77,53,0.700744
77,54,0.700743
77,55,0.700761
77,56,0.700896
77,57,0.70119
77,58,0.70159
77,59,0.701928
77,60,0.701945
77,61,0.701365
77,62,0.699988
77,63,0.697783
77,64,0.69494
77,65,0.691846
77,66,0.688991
77,67,0.68683
77,68,0.685657
77,69,0.685522
77,70,0.686228
77,71,0.687407
77,72,0.688631
77,73,0.689526
77,74,0.68984
77,75,0.689473
77,76,0.688434
77,77,0.686812
77,78,0.68473
77,79,0.682317
77,80,0.679728
77,81,0.677149
77,82,0.674811
77,83,0.672969
77,84,0.671864
77,85,0.671669
77,86,0.672436
77,87,0.674064
77,88,0.676312
77,89,0.678847
77,90,0.68132
77,91,0.683448
77,92,0.685067
77,93,0.686148
77,94,0.686769
77,95,0.687039
78,0,0.709241
78,1,0.70902
78,2,0.708569
78,3,0.707902
78,4,0.70709
78,5,0.706284
78,6,0.705706
78,7,0.705588
78,8,0.70612
78,9,0.707365
78,10,0.709242
78,11,0.711536
78,12,0.713948
78,13,0.716171
78,14,0.717955
78,15,0.719144
78,16,0.719684
78,17,0.719619
78,18,0.719053
78,19,0.718111
78,20,0.716925
78,21,0.7156
78,22,0.714221
78,23,0.712846
78,24,0.711533
78,25,0.710335
78,26,0.709311
78,27,0.70851
78,28,0.707945
78,29,0.707596
78,30,0.70741
78,31,0.707321
78,32,0.707283
78,33,0.707269
78,34,0.707277
78,35,0.707293
78,36,0.707273
78,37,0.707134
78,38,0.706786
78,39,0.706161
78,40,0.705255
78,41,0.704144
78,42,0.702964
78,43,0.701879
78,44,0.701031
78,45,0.700501
78,46,0.700304
78,47,0.700383
78,48,0.700636
78,49,0.700938
78,50,0.701167
78,51,0.701235
78,52,0.701107
78,53,0.700799
78,54,0.700394
78,55,0.700009
78,56,0.699773
78,57,0.699773
78,58,0.70001
78,59,0.700367
78,60,0.700625
78,61,0.700512
78,62,0.699793
78,63,0.698362
78,64,0.696304
78,65,0.693901
78,66,0.691555
78,67,0.689672
78,68,0.688548
78,69,0.688266
78,70,0.688691
78,71,0.68951
78,72,0.690334
78,73,0.690802
78,74,0.690656
78,75,0.689783
78,76,0.688193
78,77,0.685991
78,78,0.683335
78,79,0.680407
78,80,0.677409
78,81,0.674564
78,82,0.672114
78,83,0.670305
78,84,0.669354
78,85,0.669396
78,86,0.670451
78,87,0.672396
78,88,0.674979
78,89,0.677864
78,90,0.680703
78,91,0.683206
78,92,0.68519
78,93,0.686598
78,94,0.687466
78,95,0.687869
79,0,0.709486
79,1,0.709258
79,2,0.70878
79,3,0.708047
79,4,0.707113
79,5,0.706119
79,6,0.705287
79,7,0.70486
79,8,0.705041
79,9,0.705912
79,10,0.70741
79,11,0.709342
79,12,0.711438
79,13,0.71342
79,14,0.715067
79,15,0.716243
79,16,0.716903
79,17,0.717081
79,18,0.716856
79,19,0.716322
79,20,0.715578
79,21,0.714701
79,22,0.713756
79,23,0.712796
79,24,0.711869
79,25,0.711024
79,26,0.710308
79,27,0.709759
79,28,0.709377
79,29,0.709132
79,30,0.708964
79,31,0.70881
79,32,0.70863
79,33,0.70842
79,34,0.708206
79,35,0.708016
79,36,0.707848
79,37,0.707657
79,38,0.707375
79,39,0.706929
79,40,0.706293
79,41,0.705496
79,42,0.704626
79,43,0.703797
79,44,0.703118
79,45,0.702652
79,46,0.70241
79,47,0.702343
79,48,0.702368
79,49,0.70238
79,50,0.70228
79,51,0.701994
79,52,0.701499
79,53,0.700819
79,54,0.700041
79,55,0.699296
79,56,0.698737
79,57,0.698489
79,58,0.698603
79,59,0.699019
79,60,0.699554
79,61,0.699947
79,62,0.699933
79,63,0.699333
79,64,0.698126
79,65,0.69648
79,66,0.694699
79,67,0.693131
79,68,0.692063
79,69,0.691615
79,70,0.691712
79,71,0.692109
79,72,0.692469
79,73,0.692457
79,74,0.691821
79,75,0.69044
79,76,0.688322
79,77,0.685585
79,78,0.682417
79,79,0.679039
79,80,0.675698
79,81,0.672646
79,82,0.670135
79,83,0.668401
79,84,0.667627
79,85,0.66791
79,86,0.669235
79,87,0.671456
79,88,0.674315
79,89,0.677481
79,90,0.680615
79,91,0.683432
79,92,0.685735
79,93,0.687436
79,94,0.688533
79,95,0.689063
80,0,0.709469
80,1,0.709243
80,2,0.708757
80,3,0.707985
80,4,0.706958
80,5,0.705803
80,6,0.704736
80,7,0.704001
80,8,0.703814
80,9,0.704274
80,10,0.705345
80,11,0.706864
80,12,0.7086
80,13,0.710311
80,14,0.711809
80,15,0.712979
80,16,0.713777
80,17,0.714222
80,18,0.714364
80,19,0.71426
80,20,0.713972
80,21,0.713555
80,22,0.713059
80,23,0.712528
80,24,0.712004
80,25,0.71153
80,26,0.711137
80,27,0.710846
80,28,0.710643
80,29,0.71049
80,30,0.710328
80,31,0.710105
80,32,0.7098
80,33,0.709433
80,34,0.709063
80,35,0.708752
80,36,0.708534
80,37,0.708393
80,38,0.708272
80,39,0.708088
80,40,0.707781
80,41,0.70733
80,42,0.706766
80,43,0.706157
80,44,0.705577
80,45,0.705077
80,46,0.704678
80,47,0.704354
80,48,0.704053
80,49,0.703703
80,50,0.703232
80,51,0.702585
80,52,0.701747
80,53,0.700743
80,54,0.699659
80,55,0.698628
80,56,0.697819
80,57,0.697389
80,58,0.697432
80,59,0.697935
80,60,0.698757
80,61,0.699647
80,62,0.700318
80,63,0.700524
80,64,0.700146
80,65,0.699241
80,66,0.698018
80,67,0.696765
80,68,0.695752
80,69,0.695132
80,70,0.694892
80,71,0.69486
80,72,0.694757
80,73,0.694285
80,74,0.693203
80,75,0.691388
80,76,0.688844
80,77,0.685691
80,78,0.682139
80,79,0.67844
80,80,0.674872
80,81,0.671714
80,82,0.669222
80,83,0.667616
80,84,0.667044
80,85,0.667564
80,86,0.669121
80,87,0.671546
80,88,0.67458
80,89,0.677904
80,90,0.681201
80,91,0.6842
80,92,0.686702
80,93,0.688598
80,94,0.689855
80,95,0.690476
81,0,0.709554
81,1,0.709331
81,2,0.708837
81,3,0.708029
81,4,0.706916
81,5,0.705604
81,6,0.704299
81,7,0.703245
81,8,0.702663
81,9,0.702675
81,10,0.703273
81,11,0.704338
81,12,0.705681
81,13,0.707106
81,14,0.708457
81,15,0.709635
81,16,0.710593
81,17,0.711326
81,18,0.711847
81,19,0.712174
81,20,0.712335
81,21,0.71236
81,22,0.71229
81,23,0.712164
81,24,0.712023
81,25,0.711897
81,26,0.711804
81,27,0.711745
81,28,0.711691
81,29,0.711599
81,30,0.711419
81,31,0.711116
81,32,0.710697
81,33,0.710211
81,34,0.70975
81,35,0.709405
81,36,0.709237
81,37,0.709246
81,38,0.709372
81,39,0.709514
81,40,0.709569
81,41,0.709464
81,42,0.709171
81,43,0.708711
81,44,0.708132
81,45,0.707485
81,46,0.706811
81,47,0.706123
81,48,0.705414
81,49,0.704656
81,50,0.703806
81,51,0.70283
81,52,0.701714
81,53,0.700476
81,54,0.699189
81,55,0.697982
81,56,0.697027
81,57,0.696501
81,58,0.696532
81,59,0.697147
81,60,0.698238
81,61,0.699572
81,62,0.700841
81,63,0.701747
81,64,0.702092
81,65,0.701838
81,66,0.701108
81,67,0.700132
81,68,0.699169
81,69,0.698396
81,70,0.697859
81,71,0.697451
81,72,0.696955
81,73,0.696111
81,74,0.694697
81,75,0.692585
81,76,0.689772
81,77,0.686377
81,78,0.682615
81,79,0.678759
81,80,0.675111
81,81,0.671965
81,82,0.669581
81,83,0.66816
81,84,0.667814
81,85,0.668557
81,86,0.670293
81,87,0.672835
81,88,0.675919
81,89,0.67925
81,90,0.682539
81,91,0.685542
81,92,0.688074
81,93,0.690023
81,94,0.691336
81,95,0.691992
82,0,0.710016
82,1,0.709789
82,2,0.709281
82,3,0.708428
82,4,0.70722
82,5,0.705743
82,6,0.704187
82,7,0.702791
82,8,0.701785
82,9,0.701312
82,10,0.701403
82,11,0.701984
82,12,0.70292
82,13,0.704061
82,14,0.705281
82,15,0.706494
82,16,0.707639
82,17,0.70868
82,18,0.709586
82,19,0.710331
82,20,0.710909
82,21,0.71133
82,22,0.711627
82,23,0.711843
82,24,0.712016
82,25,0.712173
82,26,0.712315
82,27,0.712427
82,28,0.712467
82,29,0.71239
82,30,0.712155
82,31,0.711752
82,32,0.71122
82,33,0.71064
82,34,0.710136
82,35,0.709823
82,36,0.709779
82,37,0.710006
82,38,0.710432
82,39,0.710925
82,40,0.711336
82,41,0.711536
82,42,0.711446
82,43,0.711046
82,44,0.710366
82,45,0.709467
82,46,0.708424
82,47,0.707301
82,48,0.706148
82,49,0.704985
82,50,0.703803
82,51,0.702581
82,52,0.701297
82,53,0.699955
82,54,0.698604
82,55,0.697356
82,56,0.696376
82,57,0.695852
82,58,0.69593
82,59,0.69667
82,60,0.697989
82,61,0.699669
82,62,0.701394
82,63,0.702833
82,64,0.703727
82,65,0.703969
82,66,0.703618
82,67,0.702861
82,68,0.701942
82,69,0.701061
82,70,0.700308
82,71,0.699636
82,72,0.698877
82,73,0.697811
82,74,0.696227
82,75,0.693997
82,76,0.691106
82,77,0.687661
82,78,0.683878
82,79,0.680036
82,80,0.676453
82,81,0.673434
82,82,0.671238
82,83,0.670045
82,84,0.669933
82,85,0.670873
82,86,0.67273
82,87,0.675294
82,88,0.678303
82,89,0.681486
82,90,0.684589
82,91,0.687409
82,92,0.68979
82,93,0.691633
82,94,0.692883
82,95,0.693512
83,0,0.710932
83,1,0.7107
83,2,0.710173
83,3,0.709272
83,4,0.707966
83,5,0.706318
83,6,0.704501
83,7,0.702748
83,8,0.701295
83,9,0.700313
83,10,0.699874
83,11,0.699962
83,12,0.700497
83,13,0.701375
83,14,0.702498
83,15,0.703782
83,16,0.705147
83,17,0.706512
83,18,0.7078
83,19,0.708937
83,20,0.709882
83,21,0.710629
83,22,0.711208
83,23,0.711667
83,24,0.712052
83,25,0.712389
83,26,0.712671
83,27,0.71287
83,28,0.712935
83,29,0.712816
83,30,0.712487
83,31,0.711961
83,32,0.711305
83,33,0.710638
83,34,0.710108
83,35,0.709853
83,36,0.709958
83,37,0.710419
83,38,0.711141
83,39,0.711956
83,40,0.712669
83,41,0.713099
83,42,0.713122
83,43,0.712688
83,44,0.711822
83,45,0.710603
83,46,0.709152
83,47,0.707589
83,48,0.706024
83,49,0.704528
83,50,0.703119
83,51,0.701783
83,52,0.700483
83,53,0.699194
83,54,0.697934
83,55,0.696789
83,56,0.695908
83,57,0.695476
83,58,0.695651
83,59,0.696509
83,60,0.697988
83,61,0.699884
83,62,0.701883
83,63,0.703638
83,64,0.704863
83,65,0.705411
83,66,0.705299
83,67,0.704689
83,68,0.703815
83,69,0.70289
83,70,0.702037
83,71,0.701249
83,72,0.700399
83,73,0.699291
83,74,0.697727
83,75,0.695572
83,76,0.692798
83,77,0.689493
83,78,0.685864
83,79,0.682191
83,80,0.678796
83,81,0.675991
83,82,0.674033
83,83,0.673086
83,84,0.673196
83,85,0.674294
83,86,0.676209
83,87,0.678708
83,88,0.681532
83,89,0.684432
83,90,0.687197
83,91,0.68967
83,92,0.691736
83,93,0.693327
83,94,0.694405
83,95,0.694948
84,0,0.712136
84,1,0.711907
84,2,0.711375
84,3,0.710443
84,4,0.709056
84,5,0.707252
84,6,0.705183
84,7,0.703074
84,8,0.701168
84,9,0.69967
84,10,0.698702
84,11,0.698308
84,12,0.698468
84,13,0.69912
84,14,0.700192
84,15,0.701591
84,16,0.703206
84,17,0.704909
84,18,0.706567
84,19,0.70806
84,20,0.709311
84,21,0.710301
84,22,0.711062
84,23,0.711653
84,24,0.712134
84,25,0.712537
84,26,0.712856
84,27,0.713055
84,28,0.713076
84,29,0.71287
84,30,0.712415
84,31,0.711744
84,32,0.710951
84,33,0.710182
84,34,0.709612
84,35,0.709394
84,36,0.709617
84,37,0.710265
84,38,0.711218
84,39,0.712272
84,40,0.713188
84,41,0.713745
84,42,0.713785
84,43,0.71324
84,44,0.712139
84,45,0.710592
84,46,0.708762
84,47,0.706831
84,48,0.704965
84,49,0.703275
84,50,0.701801
84,51,0.700524
84,52,0.69938
84,53,0.698311
84,54,0.697296
84,55,0.696388
84,56,0.695712
84,57,0.695444
84,58,0.695739
84,59,0.696681
84,60,0.698223
84,61,0.700176
84,62,0.70224
84,63,0.704076
84,64,0.705394
84,65,0.706039
84,66,0.706017
84,67,0.705477
84,68,0.704651
84,69,0.703756
84,70,0.702931
84,71,0.702189
84,72,0.701427
84,73,0.700463
84,74,0.699106
84,75,0.69721
84,76,0.694729
84,77,0.691732
84,78,0.688406
84,79,0.685024
84,80,0.681909
84,81,0.679374
84,82,0.677674
84,83,0.676961
84,84,0.677256
84,85,0.678459
84,86,0.680366
84,87,0.682726
84,88,0.685278
84,89,0.687796
84,90,0.69011
84,91,0.692113
84,92,0.69374
84,93,0.694968
84,94,0.695788
84,95,0.696197
85,0,0.713255
85,1,0.713047
85,2,0.712546
85,3,0.711631
85,4,0.710213
85,5,0.7083
85,6,0.706015
85,7,0.703575
85,8,0.701238
85,9,0.699243
85,10,0.697772
85,11,0.696931
85,12,0.696759
85,13,0.697239
85,14,0.69831
85,15,0.699866
85,16,0.701757
85,17,0.703802
85,18,0.705809
85,19,0.707611
85,20,0.709103
85,21,0.710254
85,22,0.711101
85,23,0.711722
85,24,0.712194
85,25,0.712565
85,26,0.712836
85,27,0.71297
85,28,0.712905
85,29,0.712587
85,30,0.711995
85,31,0.711173
85,32,0.710229
85,33,0.709332
85,34,0.708677
85,35,0.708432
85,36,0.708688
85,37,0.709422
85,38,0.710489
85,39,0.711655
85,40,0.712649
85,41,0.71322
85,42,0.713191
85,43,0.712489
85,44,0.711156
85,45,0.709333
85,46,0.70723
85,47,0.705077
85,48,0.703085
85,49,0.701394
85,50,0.700051
85,51,0.69902
85,52,0.698208
85,53,0.697515
85,54,0.696876
85,55,0.696313
85,56,0.695921
85,57,0.695855
85,58,0.696262
85,59,0.697226
85,60,0.69871
85,61,0.700545
85,62,0.702456
85,63,0.704132
85,64,0.705309
85,65,0.70585
85,66,0.705772
85,67,0.705227
85,68,0.704446
85,69,0.703644
85,70,0.702958
85,71,0.702406
85,72,0.701887
85,73,0.701227
85,74,0.700231
85,75,0.698744
85,76,0.696699
85,77,0.694143
85,78,0.691238
85,79,0.688243
85,80,0.68547
85,81,0.683232
85,82,0.681784
85,83,0.681271
85,84,0.681696
85,85,0.682939
85,86,0.684772
85,87,0.68693
85,88,0.689149
85,89,0.691224
85,90,0.69302
85,91,0.69448
85,92,0.695594
85,93,0.696388
85,94,0.696895
85,95,0.697141
86,0,0.713807
86,1,0.713653
86,2,0.713242
86,3,0.712416
86,4,0.711047
86,5,0.709098
86,6,0.706662
86,7,0.703946
86,8,0.701225
86,9,0.698781
86,10,0.696857
86,11,0.695626
86,12,0.695185
86,13,0.695553
86,14,0.696677
86,15,0.698429
86,16,0.700613
86,17,0.702991
86,18,0.705318
86,19,0.707382
86,20,0.709051
86,21,0.71029
86,22,0.711148
86,23,0.711722
86,24,0.712116
86,25,0.712395
86,26,0.712574
86,27,0.712619
86,28,0.712462
86,29,0.712043
86,30,0.711333
86,31,0.710371
86,32,0.709271
86,33,0.708213
86,34,0.707409
86,35,0.707043
86,36,0.707212
86,37,0.70789
86,38,0.708921
86,39,0.710051
86,40,0.710991
86,41,0.711473
86,42,0.711316
86,43,0.710452
86,44,0.708942
86,45,0.706954
86,46,0.704737
86,47,0.702557
86,48,0.700652
86,49,0.699175
86,50,0.698163
86,51,0.697558
86,52,0.697229
86,53,0.697035
86,54,0.696875
86,55,0.696731
86,56,0.696669
86,57,0.696815
86,58,0.697301
86,59,0.698204
86,60,0.699495
86,61,0.701033
86,62,0.702582
86,63,0.703875
86,64,0.704697
86,65,0.70495
86,66,0.70468
86,67,0.704052
86,68,0.703298
86,69,0.702621
86,70,0.702145
86,71,0.701875
86,72,0.701704
86,73,0.701453
86,74,0.700923
86,75,0.699948
86,76,0.698444
86,77,0.69643
86,78,0.694038
86,79,0.691504
86,80,0.689124
86,81,0.687201
86,82,0.68599
86,83,0.685632
86,84,0.686127
86,85,0.687342
86,86,0.689037
86,87,0.690938
86,88,0.692782
86,89,0.69438
86,90,0.695629
86,91,0.696516
86,92,0.697084
86,93,0.697411
86,94,0.697578
86,95,0.697646
87,0,0.713334
87,1,0.713273
87,2,0.713021
87,3,0.712376
87,4,0.711152
87,5,0.70926
87,6,0.706759
87,7,0.703844
87,8,0.700812
87,9,0.697992
87,10,0.69569
87,11,0.694148
87,12,0.693515
87,13,0.693839
87,14,0.695068
87,15,0.697048
87,16,0.699534
87,17,0.702232
87,18,0.704844
87,19,0.707121
87,20,0.708913
87,21,0.710187
87,22,0.711006
87,23,0.711497
87,24,0.711786
87,25,0.711961
87,26,0.712053
87,27,0.712031
87,28,0.711823
87,29,0.71135
87,30,0.710568
87,31,0.709498
87,32,0.708246
87,33,0.706998
87,34,0.705976
87,35,0.705381
87,36,0.705326
87,37,0.705794
87,38,0.706631
87,39,0.707581
87,40,0.70835
87,41,0.70867
87,42,0.708365
87,43,0.707376
87,44,0.705784
87,45,0.703781
87,46,0.701637
87,47,0.699639
87,48,0.698032
87,49,0.696964
87,50,0.696453
87,51,0.69641
87,52,0.69667
87,53,0.697057
87,54,0.697436
87,55,0.697755
87,56,0.698042
87,57,0.698392
87,58,0.698911
87,59,0.699665
87,60,0.700637
87,61,0.701717
87,62,0.70272
87,63,0.703443
87,64,0.703731
87,65,0.703542
87,66,0.702957
87,67,0.702164
87,68,0.70139
87,69,0.700826
87,70,0.70057
87,71,0.700609
87,72,0.700818
87,73,0.701013
87,74,0.700992
87,75,0.700582
87,76,0.69968
87,77,0.698279
87,78,0.696477
87,79,0.694474
87,80,0.692537
87,81,0.690957
87,82,0.689978
87,83,0.689742
87,84,0.690252
87,85,0.691377
87,86,0.692875
87,87,0.694471
87,88,0.69591
87,89,0.697014
87,90,0.697708
87,91,0.698016
87,92,0.698032
87,93,0.697888
87,94,0.697708
87,95,0.697593
88,0,0.711547
88,1,0.711617
88,2,0.711593
88,3,0.711217
88,4,0.710236
88,5,0.708498
88,6,0.706024
88,7,0.702999
88,8,0.699743
88,9,0.696637
88,10,0.694051
88,11,0.692288
88,12,0.691547
88,13,0.691899
88,14,0.693285
88,15,0.695521
88,16,0.698312
88,17,0.701313
88,18,0.704178
88,19,0.706628
88,20,0.708504
88,21,0.70978
88,22,0.710542
88,23,0.710943
88,24,0.711141
88,25,0.711245
88,26,0.711298
88,27,0.711273
88,28,0.711085
88,29,0.710634
88,30,0.709847
88,31,0.708716
88,32,0.707331
88,33,0.705869
88,34,0.704565
88,35,0.703639
88,36,0.703229
88,37,0.703342
88,38,0.703843
88,39,0.704491
88,40,0.705004
88,41,0.705126
88,42,0.704689
88,43,0.70365
88,44,0.7021
88,45,0.700244
88,46,0.698357
88,47,0.696726
88,48,0.695588
88,49,0.695072
88,50,0.695167
88,51,0.695759
88,52,0.696654
88,53,0.697652
88,54,0.698589
88,55,0.699383
88,56,0.700023
88,57,0.700564
88,58,0.701077
88,59,0.701614
88,60,0.702169
88,61,0.702672
88,62,0.702999
88,63,0.703015
88,64,0.70264
88,65,0.701888
88,66,0.700885
88,67,0.699835
88,68,0.698967
88,69,0.698451
88,70,0.698362
88,71,0.69866
88,72,0.699208
88,73,0.699818
88,74,0.700288
88,75,0.700443
88,76,0.700169
88,77,0.699429
88,78,0.69828
88,79,0.696879
88,80,0.695452
88,81,0.694259
88,82,0.693531
88,83,0.693407
88,84,0.693897
88,85,0.694881
88,86,0.696131
88,87,0.697381
88,88,0.698385
88,89,0.698982
88,90,0.699118
88,91,0.698854
88,92,0.698325
88,93,0.697712
88,94,0.697189
88,95,0.696892
89,0,0.708418
89,1,0.708648
89,2,0.708905
89,3,0.708868
89,4,0.708207
89,5,0.706704
89,6,0.704339
89,7,0.701289
89,8,0.6979
89,9,0.694604
89,10,0.691831
89,11,0.689943
89,12,0.689179
89,13,0.689627
89,14,0.691218
89,15,0.693733
89,16,0.696833
89,17,0.700123
89,18,0.703218
89,19,0.705814
89,20,0.707751
89,21,0.709018
89,22,0.709726
89,23,0.71006
89,24,0.710206
89,25,0.710296
89,26,0.710384
89,27,0.710439
89,28,0.71036
89,29,0.710017
89,30,0.709298
89,31,0.70816
89,32,0.706664
89,33,0.704977
89,34,0.703342
89,35,0.702003
89,36,0.701133
89,37,0.700776
89,38,0.700833
89,39,0.701096
89,40,0.701308
89,41,0.701233
89,42,0.700716
89,43,0.699723
89,44,0.698346
89,45,0.696785
89,46,0.695304
89,47,0.694174
89,48,0.693608
89,49,0.693707
89,50,0.694436
89,51,0.695658
89,52,0.697168
89,53,0.698751
89,54,0.700228
89,55,0.701486
89,56,0.702473
89,57,0.703196
89,58,0.703686
89,59,0.703975
89,60,0.704067
89,61,0.703935
89,62,0.703519
89,63,0.70276
89,64,0.70165
89,65,0.700261
89,66,0.698757
89,67,0.697362
89,68,0.696301
89,69,0.695727
89,70,0.695694
89,71,0.696143
89,72,0.696927
89,73,0.697861
89,74,0.698753
89,75,0.699434
89,76,0.699779
89,77,0.699726
89,78,0.699285
89,79,0.698559
89,80,0.697718
89,81,0.696978
89,82,0.696545
89,83,0.696549
89,84,0.697009
89,85,0.697824
89,86,0.698787
89,87,0.699655
89,88,0.700199
89,89,0.700275
89,90,0.699852
89,91,0.69902
89,92,0.697953
89,93,0.696879
89,94,0.696016
89,95,0.695539
90,0,0.704193
90,1,0.704598
90,2,0.705165
90,3,0.705503
90,4,0.705207
90,5,0.703992
90,6,0.701795
90,7,0.698791
90,8,0.695349
90,9,0.691951
90,10,0.689084
90,11,0.687158
90,12,0.686448
90,13,0.68705
90,14,0.688883
90,15,0.691697
90,16,0.695108
90,17,0.698678
90,18,0.701987
90,19,0.704718
90,20,0.706709
90,21,0.70797
90,22,0.708641
90,23,0.708942
90,24,0.709085
90,25,0.709223
90,26,0.70942
90,27,0.709636
90,28,0.709748
90,29,0.709589
90,30,0.709003
90,31,0.707905
90,32,0.706324
90,33,0.704413
90,34,0.702421
90,35,0.700621
90,36,0.699224
90,37,0.698326
90,38,0.697876
90,39,0.697713
90,40,0.697616
90,41,0.697377
90,42,0.696852
90,43,0.696004
90,44,0.694916
90,45,0.693766
90,46,0.692789
90,47,0.692226
90,48,0.692254
90,49,0.692949
90,50,0.694257
90,51,0.696035
90,52,0.698077
90,53,0.700173
90,54,0.702133
90,55,0.703824
90,56,0.705145
90,57,0.706052
90,58,0.706527
90,59,0.70658
90,60,0.706222
90,61,0.705468
90,62,0.704319
90,63,0.702789
90,64,0.700935
90,65,0.698882
90,66,0.696827
90,67,0.695009
90,68,0.693651
90,69,0.692896
90,70,0.69278
90,71,0.693236
90,72,0.694119
90,73,0.695254
90,74,0.696468
90,75,0.697604
90,76,0.698534
90,77,0.699169
90,78,0.699471
90,79,0.69948
90,80,0.699298
90,81,0.699085
90,82,0.699005
90,83,0.699174
90,84,0.699616
90,85,0.700252
90,86,0.700909
90,87,0.701371
90,88,0.701437
90,89,0.700983
90,90,0.699999
90,91,0.698603
90,92,0.697006
90,93,0.695477
90,94,0.694279
90,95,0.693625
91,0,0.699358
91,1,0.699935
91,2,0.700807
91,3,0.70152
91,4,0.701594
91,5,0.70068
91,6,0.69868
91,7,0.695765
91,8,0.69233
91,9,0.688899
91,10,0.686011
91,11,0.684115
91,12,0.683514
91,13,0.684311
91,14,0.686408
91,15,0.689527
91,16,0.693246
91,17,0.697089
91,18,0.700606
91,19,0.703468
91,20,0.705519
91,21,0.706788
91,22,0.707445
91,23,0.707744
91,24,0.707926
91,25,0.708163
91,26,0.708523
91,27,0.708957
91,28,0.709315
91,29,0.70939
91,30,0.70898
91,31,0.707956
91,32,0.706313
91,33,0.70419
91,34,0.701843
91,35,0.699571
91,36,0.69763
91,37,0.696171
91,38,0.695202
91,39,0.694615
91,40,0.694235
91,41,0.693879
91,42,0.693416
91,43,0.692798
91,44,0.692082
91,45,0.691408
91,46,0.690971
91,47,0.690969
91,48,0.691545
91,49,0.69275
91,50,0.694523
91,51,0.69673
91,52,0.699179
91,53,0.70168
91,54,0.704043
91,55,0.706112
91,56,0.707746
91,57,0.708841
91,58,0.709332
91,59,0.709198
91,60,0.708456
91,61,0.707155
91,62,0.705351
91,63,0.703121
91,64,0.700577
91,65,0.697887
91,66,0.695272
91,67,0.692983
91,68,0.691245
91,69,0.690194
91,70,0.689864
91,71,0.690186
91,72,0.691027
91,73,0.692235
91,74,0.69366
91,75,0.695165
91,76,0.696622
91,77,0.697918
91,78,0.698967
91,79,0.699739
91,80,0.700265
91,81,0.700632
91,82,0.700957
91,83,0.70133
91,84,0.701779
91,85,0.702249
91,86,0.7026
91,87,0.702654
91,88,0.702239
91,89,0.701259
91,90,0.699724
91,91,0.697777
91,92,0.695664
91,93,0.693693
91,94,0.692171
91,95,0.691344
92,0,0.694511
92,1,0.695242
92,2,0.696388
92,3,0.697438
92,4,0.697846
92,5,0.697212
92,6,0.695406
92,7,0.692598
92,8,0.689204
92,9,0.685787
92,10,0.682925
92,11,0.681102
92,12,0.68064
92,13,0.681647
92,14,0.684009
92,15,0.687422
92,16,0.691433
92,17,0.695533
92,18,0.699249
92,19,0.702242
92,20,0.70436
92,21,0.70565
92,22,0.706314
92,23,0.706634
92,24,0.706879
92,25,0.707239
92,26,0.707786
92,27,0.708459
92,28,0.709079
92,29,0.709402
92,30,0.709181
92,31,0.708246
92,32,0.70656
92,33,0.70425
92,34,0.701576
92,35,0.698863
92,36,0.696411
92,37,0.694425
92,38,0.692971
92,39,0.692
92,40,0.691381
92,41,0.690962
92,42,0.690613
92,43,0.690271
92,44,0.689958
92,45,0.689768
92,46,0.689846
92,47,0.690344
92,48,0.691371
92,49,0.692961
92,50,0.695058
92,51,0.697547
92,52,0.700267
92,53,0.703051
92,54,0.705719
92,55,0.7081
92,56,0.710009
92,57,0.711292
92,58,0.711833
92,59,0.711582
92,60,0.710553
92,61,0.708822
92,62,0.706491
92,63,0.703682
92,64,0.700552
92,65,0.697297
92,66,0.694158
92,67,0.691396
92,68,0.689238
92,69,0.687822
92,70,0.687185
92,71,0.68727
92,72,0.687962
92,73,0.689137
92,74,0.690674
92,75,0.692457
92,76,0.694363
92,77,0.696258
92,78,0.69801
92,79,0.699523
92,80,0.700749
92,81,0.701707
92,82,0.702458
92,83,0.703062
92,84,0.703545
92,85,0.703873
92,86,0.703942
92,87,0.703612
92,88,0.702744
92,89,0.701269
92,90,0.699218
92,91,0.696758
92,92,0.694165
92,93,0.691784
92,94,0.689959
92,95,0.688971
93,0,0.690265
93,1,0.691119
93,2,0.692485
93,3,0.693805
93,4,0.694485
93,5,0.694079
93,6,0.692438
93,7,0.689729
93,8,0.686387
93,9,0.683004
93,10,0.680189
93,11,0.678453
93,12,0.67813
93,13,0.679329
93,14,0.681926
93,15,0.685597
93,16,0.689862
93,17,0.694187
93,18,0.69808
93,19,0.701193
93,20,0.703379
93,21,0.704701
93,22,0.705382
93,23,0.705734
93,24,0.706047
93,25,0.706528
93,26,0.707252
93,27,0.708144
93,28,0.709004
93,29,0.709552
93,30,0.709504
93,31,0.708654
93,32,0.706942
93,33,0.704479
93,34,0.701534
93,35,0.698451
93,36,0.695568
93,37,0.693135
93,38,0.691275
93,39,0.689991
93,40,0.68919
93,41,0.688746
93,42,0.688532
93,43,0.688464
93,44,0.688528
93,45,0.68877
93,46,0.689283
93,47,0.690178
93,48,0.691537
93,49,0.693383
93,50,0.695671
93,51,0.698312
93,52,0.701181
93,53,0.704138
93,54,0.707014
93,55,0.709629
93,56,0.711763
93,57,0.713217
93,58,0.71383
93,59,0.713525
93,60,0.712312
93,61,0.710283
93,62,0.70757
93,63,0.70433
93,64,0.700749
93,65,0.697043
93,66,0.693463
93,67,0.69028
93,68,0.687723
93,69,0.685936
93,70,0.684969
93,71,0.684777
93,72,0.685269
93,73,0.68635
93,74,0.687926
93,75,0.689903
93,76,0.692163
93,77,0.694555
93,78,0.696909
93,79,0.699069
93,80,0.70092
93,81,0.702414
93,82,0.703561
93,83,0.704389
93,84,0.704922
93,85,0.705142
93,86,0.704976
93,87,0.704318
93,88,0.703062
93,89,0.701162
93,90,0.698668
93,91,0.695769
93,92,0.692764
93,93,0.690031
93,94,0.687947
93,95,0.686821
94,0,0.687131
94,1,0.688071
94,2,0.689588
94,3,0.691095
94,4,0.691963
94,5,0.691718
94,6,0.690194
94,7,0.68756
94,8,0.684261
94,9,0.680912
94,10,0.678143
94,11,0.67648
94,12,0.676267
94,13,0.677615
94,14,0.68039
94,15,0.684253
94,16,0.688708
94,17,0.693203
94,18,0.697233
94,19,0.700441
94,20,0.702684
94,21,0.704036
94,22,0.704737
94,23,0.705117
94,24,0.705487
94,25,0.706062
94,26,0.706921
94,27,0.707981
94,28,0.709021
94,29,0.709738
94,30,0.70982
94,31,0.709036
94,32,0.707307
94,33,0.704738
94,34,0.701598
94,35,0.698249
94,36,0.695054
94,37,0.6923
94,38,0.690148
94,39,0.688642
94,40,0.687721
94,41,0.687276
94,42,0.68718
94,43,0.687332
94,44,0.687688
94,45,0.688252
94,46,0.68908
94,47,0.690248
94,48,0.691818
94,49,0.693809
94,50,0.696188
94,51,0.698892
94,52,0.701822
94,53,0.704867
94,54,0.707867
94,55,0.710635
94,56,0.712928
94,57,0.714513
94,58,0.715197
94,59,0.714881
94,60,0.713568
94,61,0.711361
94,62,0.708409
94,63,0.70489
94,64,0.701008
94,65,0.696988
94,66,0.693092
94,67,0.689591
94,68,0.686722
94,69,0.684635
94,70,0.68339
94,71,0.682958
94,72,0.683267
94,73,0.684245
94,74,0.68582
94,75,0.687917
94,76,0.690421
94,77,0.693171
94,78,0.695967
94,79,0.69861
94,80,0.700933
94,81,0.702838
94,82,0.704292
94,83,0.705301
94,84,0.705882
94,85,0.70603
94,86,0.705695
94,87,0.704799
94,88,0.703257
94,89,0.701042
94,90,0.698222
94,91,0.694998
94,92,0.69169
94,93,0.688697
94,94,0.686421
94,95,0.685193
95,0,0.685472
95,1,0.686455
95,2,0.688049
95,3,0.689651
95,4,0.690614
95,5,0.690451
95,6,0.688988
95,7,0.686394
95,8,0.68312
95,9,0.679792
95,10,0.67705
95,11,0.675428
95,12,0.675276
95,13,0.676704
95,14,0.679575
95,15,0.683542
95,16,0.6881
95,17,0.692687
95,18,0.69679
95,19,0.700051
95,20,0.702327
95,21,0.703697
95,22,0.704411
95,23,0.704808
95,24,0.705209
95,25,0.705836
95,26,0.706767
95,27,0.707917
95,28,0.709054
95,29,0.709861
95,30,0.710013
95,31,0.709265
95,32,0.707527
95,33,0.704903
95,34,0.701662
95,35,0.698174
95,36,0.694815
95,37,0.691892
95,38,0.689589
95,39,0.687968
95,40,0.686986
95,41,0.686546
95,42,0.686518
95,43,0.686793
95,44,0.687307
95,45,0.688044
95,46,0.689036
95,47,0.690343
95,48,0.692014
95,49,0.694069
95,50,0.69648
95,51,0.6992
95,52,0.702148
95,53,0.705226
95,54,0.708283
95,55,0.711126
95,56,0.713501
95,57,0.715158
95,58,0.715885
95,59,0.715573
95,60,0.714219
95,61,0.711931
95,62,0.708867
95,63,0.705213
95,64,0.70118
95,65,0.697002
95,66,0.692939
95,67,0.689268
95,68,0.686227
95,69,0.683972
95,70,0.682568
95,71,0.681997
95,72,0.682197
95,73,0.68311
95,74,0.684677
95,75,0.68683
95,76,0.689459
95,77,0.692397
95,78,0.695427
95,79,0.698329
95,80,0.700907
95,81,0.703035
95,82,0.704657
95,83,0.705767
95,84,0.706377
95,85,0.70649
95,86,0.706067
95,87,0.705044
95,88,0.703349
95,89,0.700968
95,90,0.697973
95,91,0.694577
95,92,0.691107
95,93,0.687975
95,94,0.685597
95,95,0.684314
