path_id,endpoint,clock_domain,slack_ns,delay_ns,inst_ids
0,u_seq_core.addr_q[17]$_DFFE_PN0P_,clk_core,4.28,-1.08,23460;23656;23670;23672;23677;40511;41355;41369;41370;41373;48110;48190;48196;48286;48290;50125;77987;117666;117668;117669;117670;117671;117672;117673;117674;117675;117676;117677;117678;117679;117680;117681
1,u_seq_core.addr_q[21]$_DFFE_PN0P_,clk_core,4.28,-1.08,23460;23656;23670;23672;23677;40511;41355;41369;41370;41373;48110;48190;48196;48286;48290;50125;77987;117666;117668;117669;117670;117671;117672;117673;117674;117675;117676;117677;117678;117679;117680;117681
2,u_seq_core.addr_q[28]$_DFFE_PN0P_,clk_core,4.28,-1.08,23460;23656;23670;23672;23677;40511;41355;41369;41370;41373;48110;48190;48196;48286;48290;50125;77987;117666;117668;117669;117670;117671;117672;117673;117674;117675;117676;117677;117678;117679;117680;117681
3,u_seq_core.addr_q[23]$_DFFE_PN0P_,clk_core,4.28,-1.08,23460;23656;23670;23672;23677;40477;41355;41369;41370;41373;48110;48190;48196;48286;48290;50125;77987;117666;117668;117669;117670;117671;117672;117673;117674;117675;117676;117677;117678;117679;117680;117681
4,u_seq_core.addr_q[4]$_DFFE_PN0P_,clk_core,4.28,-1.08,23460;23656;23670;23672;23677;40477;41355;41369;41370;41373;48110;48190;48196;48286;48290;50125;77987;117666;117668;117669;117670;117671;117672;117673;117674;117675;117676;117677;117678;117679;117680;117681
5,u_seq_core.addr_q[5]$_DFFE_PN0P_,clk_core,4.28,-1.08,23460;23656;23670;23672;23677;40477;41355;41369;41370;41373;48110;48190;48196;48286;48290;50125;77987;117666;117668;117669;117670;117671;117672;117673;117674;117675;117676;117677;117678;117679;117680;117681
6,u_seq_core.addr_q[6]$_DFFE_PN0P_,clk_core,4.28,-1.08,23460;23656;23670;23672;23677;40477;41355;41369;41370;41373;48110;48190;48196;48286;48290;50125;77987;117666;117668;117669;117670;117671;117672;117673;117674;117675;117676;117677;117678;117679;117680;117681
7,u_seq_core.addr_q[31]$_DFFE_PN0P_,clk_core,4.28,-1.08,23457;23656;23670;23672;23677;40478;41355;41369;41370;41373;48110;48190;48196;48286;48290;50125;77987;117666;117668;117669;117670;117671;117672;117673;117674;117675;117676;117677;117678;117679;117680;117681
8,u_seq_core.addr_q[22]$_DFFE_PN0P_,clk_core,4.28,-1.08,23459;23656;23670;23672;23677;40500;41355;41369;41370;41373;48110;48190;48196;48286;48290;50125;77987;117666;117668;117669;117670;117671;117672;117673;117674;117675;117676;117677;117678;117679;117680;117681
9,u_seq_core.addr_q[14]$_DFFE_PN0P_,clk_core,4.39,-0.97,23480;23656;23670;23672;23677;40675;41355;41369;41370;41373;48184;48198;48286;48290;50125;77987;117666;117668;117669;117670;117671;117672;117673;117674;117675;117676;117677;117678;117679;117680;117681
10,u_seq_core.op_q[0]$_DFFE_PN0P_,clk_core,4.39,-0.97,23444;23631;23670;23672;23677;40797;41355;41369;41370;41373;48184;48198;48286;48290;50125;77987;117666;117668;117669;117670;117671;117672;117673;117674;117675;117676;117677;117678;117679;117680;117681
11,u_seq_core.op_q[4]$_DFFE_PN0P_,clk_core,4.39,-0.97,23444;23631;23670;23672;23677;40797;41355;41369;41370;41373;48184;48198;48286;48290;50125;77987;117666;117668;117669;117670;117671;117672;117673;117674;117675;117676;117677;117678;117679;117680;117681
12,u_seq_core.op_q[1]$_DFFE_PN0P_,clk_core,4.39,-0.97,23444;23631;23670;23672;23677;39972;41355;41369;41370;41373;48184;48198;48286;48290;50125;77987;117666;117668;117669;117670;117671;117672;117673;117674;117675;117676;117677;117678;117679;117680;117681
13,u_seq_core.op_q[3]$_DFFE_PN0P_,clk_core,4.39,-0.97,23444;23631;23670;23672;23677;39972;41355;41369;41370;41373;48184;48198;48286;48290;50125;77987;117666;117668;117669;117670;117671;117672;117673;117674;117675;117676;117677;117678;117679;117680;117681
14,g_chan[1].u_cdc_chr.rbin[1]$_DFF_PN0_,clk_core,4.39,-0.97,22705;23584;23662;23671;23677;29236;41355;41369;41370;41373;48185;48187;48188;48200;48201;50125;77987;117666;117668;117669;117670;117671;117672;117673;117674;117675;117676;117677;117678;117679;117680;117681
15,g_chan[1].u_cdc_chr.rgray[3]$_DFF_PN0_,clk_core,4.39,-0.97,22705;23584;23662;23671;23677;29236;41355;41369;41370;41373;48185;48187;48188;48200;48201;50125;77987;117666;117668;117669;117670;117671;117672;117673;117674;117675;117676;117677;117678;117679;117680;117681
16,u_seq_core.op_q[5]$_DFFE_PN0P_,clk_core,4.39,-0.97,23444;23631;23670;23672;23677;40799;41355;41369;41370;41373;48184;48198;48286;48290;50125;77987;117666;117668;117669;117670;117671;117672;117673;117674;117675;117676;117677;117678;117679;117680;117681
17,u_seq_core.op_q[6]$_DFFE_PN0P_,clk_core,4.39,-0.97,23444;23631;23670;23672;23677;40799;41355;41369;41370;41373;48184;48198;48286;48290;50125;77987;117666;117668;117669;117670;117671;117672;117673;117674;117675;117676;117677;117678;117679;117680;117681
18,u_dma_fabric.rbeat_data[28]$_DFFE_PN0P_,clk_core,4.4,-0.97,22705;23584;23662;23671;23677;29076;41355;41369;41370;41373;48185;48187;48188;48200;48201;50125;77987;117666;117668;117669;117670;117671;117672;117673;117674;117675;117676;117677;117678;117679;117680;117681
19,u_dma_fabric.rbeat_data[39]$_DFFE_PN0P_,clk_core,4.4,-0.97,22705;23584;23662;23671;23677;29076;41355;41369;41370;41373;48185;48187;48188;48200;48201;50125;77987;117666;117668;117669;117670;117671;117672;117673;117674;117675;117676;117677;117678;117679;117680;117681
20,u_dma_fabric.rbeat_data[41]$_DFFE_PN0P_,clk_core,4.4,-0.97,22705;23584;23662;23671;23677;29076;41355;41369;41370;41373;48185;48187;48188;48200;48201;50125;77987;117666;117668;117669;117670;117671;117672;117673;117674;117675;117676;117677;117678;117679;117680;117681
21,u_dma_fabric.rbeat_data[44]$_DFFE_PN0P_,clk_core,4.4,-0.97,22705;23584;23662;23671;23677;29076;41355;41369;41370;41373;48185;48187;48188;48200;48201;50125;77987;117666;117668;117669;117670;117671;117672;117673;117674;117675;117676;117677;117678;117679;117680;117681
22,u_dma_fabric.rbeat_data[45]$_DFFE_PN0P_,clk_core,4.4,-0.97,22705;23584;23662;23671;23677;29076;41355;41369;41370;41373;48185;48187;48188;48200;48201;50125;77987;117666;117668;117669;117670;117671;117672;117673;117674;117675;117676;117677;117678;117679;117680;117681
23,g_chan[1].u_cdc_chr.rgray[4]$_DFF_PN0_,clk_core,4.4,-0.97,22699;23584;23662;23671;23677;29067;41355;41369;41370;41373;48185;48187;48188;48200;48201;50125;77987;117666;117668;117669;117670;117671;117672;117673;117674;117675;117676;117677;117678;117679;117680;117681
24,g_chan[1].u_cdc_chr.rq1_wgray[0]$_DFF_PN0_,clk_core,4.4,-0.97,22699;23584;23662;23671;23677;29067;41355;41369;41370;41373;48185;48187;48188;48200;48201;50125;77987;117666;117668;117669;117670;117671;117672;117673;117674;117675;117676;117677;117678;117679;117680;117681
25,g_chan[1].u_cdc_chr.rq1_wgray[2]$_DFF_PN0_,clk_core,4.4,-0.97,22699;23584;23662;23671;23677;29067;41355;41369;41370;41373;48185;48187;48188;48200;48201;50125;77987;117666;117668;117669;117670;117671;117672;117673;117674;117675;117676;117677;117678;117679;117680;117681
26,g_chan[1].u_cdc_chr.rq1_wgray[4]$_DFF_PN0_,clk_core,4.4,-0.97,22699;23584;23662;23671;23677;29067;41355;41369;41370;41373;48185;48187;48188;48200;48201;50125;77987;117666;117668;117669;117670;117671;117672;117673;117674;117675;117676;117677;117678;117679;117680;117681
27,g_chan[1].u_cdc_chr.rq2_wgray[0]$_DFF_PN0_,clk_core,4.4,-0.97,22699;23584;23662;23671;23677;29067;41355;41369;41370;41373;48185;48187;48188;48200;48201;50125;77987;117666;117668;117669;117670;117671;117672;117673;117674;117675;117676;117677;117678;117679;117680;117681
28,g_chan[1].u_cdc_chr.rq2_wgray[4]$_DFF_PN0_,clk_core,4.4,-0.97,22699;23584;23662;23671;23677;29067;41355;41369;41370;41373;48185;48187;48188;48200;48201;50125;77987;117666;117668;117669;117670;117671;117672;117673;117674;117675;117676;117677;117678;117679;117680;117681
29,g_chan[1].u_cdc_chr.rbin[0]$_DFF_PN0_,clk_core,4.4,-0.97,22699;23584;23662;23671;23677;29063;41355;41369;41370;41373;48185;48187;48188;48200;48201;50125;77987;117666;117668;117669;117670;117671;117672;117673;117674;117675;117676;117677;117678;117679;117680;117681
30,g_chan[1].u_cdc_chr.rbin[2]$_DFF_PN0_,clk_core,4.4,-0.97,22699;23584;23662;23671;23677;29063;41355;41369;41370;41373;48185;48187;48188;48200;48201;50125;77987;117666;117668;117669;117670;117671;117672;117673;117674;117675;117676;117677;117678;117679;117680;117681
31,g_chan[1].u_cdc_chr.rbin[3]$_DFF_PN0_,clk_core,4.4,-0.97,22699;23584;23662;23671;23677;29063;41355;41369;41370;41373;48185;48187;48188;48200;48201;50125;77987;117666;117668;117669;117670;117671;117672;117673;117674;117675;117676;117677;117678;117679;117680;117681
32,g_chan[1].u_cdc_chr.rbin[4]$_DFF_PN0_,clk_core,4.4,-0.97,22699;23584;23662;23671;23677;29063;41355;41369;41370;41373;48185;48187;48188;48200;48201;50125;77987;117666;117668;117669;117670;117671;117672;117673;117674;117675;117676;117677;117678;117679;117680;117681
33,g_chan[1].u_cdc_chr.rbin[5]$_DFF_PN0_,clk_core,4.4,-0.97,22699;23584;23662;23671;23677;29061;41355;41369;41370;41373;48185;48187;48188;48200;48201;50125;77987;117666;117668;117669;117670;117671;117672;117673;117674;117675;117676;117677;117678;117679;117680;117681
34,g_chan[1].u_cdc_chr.rgray[0]$_DFF_PN0_,clk_core,4.4,-0.97,22699;23584;23662;23671;23677;29063;41355;41369;41370;41373;48185;48187;48188;48200;48201;50125;77987;117666;117668;117669;117670;117671;117672;117673;117674;117675;117676;117677;117678;117679;117680;117681
35,g_chan[1].u_cdc_chr.rgray[1]$_DFF_PN0_,clk_core,4.4,-0.97,22699;23584;23662;23671;23677;29063;41355;41369;41370;41373;48185;48187;48188;48200;48201;50125;77987;117666;117668;117669;117670;117671;117672;117673;117674;117675;117676;117677;117678;117679;117680;117681
36,g_chan[1].u_cdc_chr.rgray[2]$_DFF_PN0_,clk_core,4.4,-0.97,22699;23584;23662;23671;23677;29063;41355;41369;41370;41373;48185;48187;48188;48200;48201;50125;77987;117666;117668;117669;117670;117671;117672;117673;117674;117675;117676;117677;117678;117679;117680;117681
37,g_chan[1].u_cdc_chr.rq1_wgray[1]$_DFF_PN0_,clk_core,4.4,-0.97,22699;23584;23662;23671;23677;29061;41355;41369;41370;41373;48185;48187;48188;48200;48201;50125;77987;117666;117668;117669;117670;117671;117672;117673;117674;117675;117676;117677;117678;117679;117680;117681
38,g_chan[1].u_cdc_chr.rq1_wgray[3]$_DFF_PN0_,clk_core,4.4,-0.97,22699;23584;23662;23671;23677;29061;41355;41369;41370;41373;48185;48187;48188;48200;48201;50125;77987;117666;117668;117669;117670;117671;117672;117673;117674;117675;117676;117677;117678;117679;117680;117681
39,g_chan[1].u_cdc_chr.rq1_wgray[5]$_DFF_PN0_,clk_core,4.4,-0.97,22699;23584;23662;23671;23677;29061;41355;41369;41370;41373;48185;48187;48188;48200;48201;50125;77987;117666;117668;117669;117670;117671;117672;117673;117674;117675;117676;117677;117678;117679;117680;117681
40,g_chan[1].u_cdc_chr.rq2_wgray[1]$_DFF_PN0_,clk_core,4.4,-0.97,22699;23584;23662;23671;23677;29061;41355;41369;41370;41373;48185;48187;48188;48200;48201;50125;77987;117666;117668;117669;117670;117671;117672;117673;117674;117675;117676;117677;117678;117679;117680;117681
41,g_chan[1].u_cdc_chr.rq2_wgray[3]$_DFF_PN0_,clk_core,4.4,-0.97,22699;23584;23662;23671;23677;29061;41355;41369;41370;41373;48185;48187;48188;48200;48201;50125;77987;117666;117668;117669;117670;117671;117672;117673;117674;117675;117676;117677;117678;117679;117680;117681
42,g_chan[1].u_cdc_chr.rq2_wgray[5]$_DFF_PN0_,clk_core,4.4,-0.97,22699;23584;23662;23671;23677;29061;41355;41369;41370;41373;48185;48187;48188;48200;48201;50125;77987;117666;117668;117669;117670;117671;117672;117673;117674;117675;117676;117677;117678;117679;117680;117681
43,g_chan[1].u_cdc_chr.rq2_wgray[2]$_DFF_PN0_,clk_core,4.4,-0.97,22703;23584;23662;23671;23677;29070;41355;41369;41370;41373;48185;48187;48188;48200;48201;50125;77987;117666;117668;117669;117670;117671;117672;117673;117674;117675;117676;117677;117678;117679;117680;117681
44,g_chan[1].u_cdc_chw.wq1_rgray[0]$_DFF_PN0_,clk_core,4.41,-0.95,22651;23583;23662;23671;23677;33412;41355;41369;41370;41373;48286;48426;48442;48486;50125;77987;117666;117668;117669;117670;117671;117672;117673;117674;117675;117676;117677;117678;117679;117680;117681
45,g_chan[1].u_cdc_chw.wq2_rgray[1]$_DFF_PN0_,clk_core,4.41,-0.95,22651;23583;23662;23671;23677;33412;41355;41369;41370;41373;48286;48426;48442;48486;50125;77987;117666;117668;117669;117670;117671;117672;117673;117674;117675;117676;117677;117678;117679;117680;117681
46,g_chan[1].u_cdc_chw.wbin[5]$_DFF_PN0_,clk_core,4.41,-0.95,22651;23583;23662;23671;23677;33231;41355;41369;41370;41373;48286;48426;48442;48486;50125;77987;117666;117668;117669;117670;117671;117672;117673;117674;117675;117676;117677;117678;117679;117680;117681
47,g_chan[1].u_cdc_chw.wgray[3]$_DFF_PN0_,clk_core,4.41,-0.95,22651;23583;23662;23671;23677;33231;41355;41369;41370;41373;48286;48426;48442;48486;50125;77987;117666;117668;117669;117670;117671;117672;117673;117674;117675;117676;117677;117678;117679;117680;117681
48,g_chan[1].u_cdc_chw.wq1_rgray[5]$_DFF_PN0_,clk_core,4.41,-0.95,22651;23583;23662;23671;23677;33231;41355;41369;41370;41373;48286;48426;48442;48486;50125;77987;117666;117668;117669;117670;117671;117672;117673;117674;117675;117676;117677;117678;117679;117680;117681
49,g_chan[1].u_cdc_chw.wq2_rgray[2]$_DFF_PN0_,clk_core,4.41,-0.95,22651;23583;23662;23671;23677;33231;41355;41369;41370;41373;48286;48426;48442;48486;50125;77987;117666;117668;117669;117670;117671;117672;117673;117674;117675;117676;117677;117678;117679;117680;117681
50,g_chan[1].u_cdc_chw.wq2_rgray[5]$_DFF_PN0_,clk_core,4.41,-0.95,22651;23583;23662;23671;23677;33231;41355;41369;41370;41373;48286;48426;48442;48486;50125;77987;117666;117668;117669;117670;117671;117672;117673;117674;117675;117676;117677;117678;117679;117680;117681
51,g_chan[1].u_cdc_chw.wbin[0]$_DFF_PN0_,clk_core,4.41,-0.95,22651;23583;23662;23671;23677;33569;41355;41369;41370;41373;48286;48426;48442;48486;50125;77987;117666;117668;117669;117670;117671;117672;117673;117674;117675;117676;117677;117678;117679;117680;117681
52,g_chan[1].u_cdc_chw.wbin[2]$_DFF_PN0_,clk_core,4.41,-0.95,22651;23583;23662;23671;23677;33569;41355;41369;41370;41373;48286;48426;48442;48486;50125;77987;117666;117668;117669;117670;117671;117672;117673;117674;117675;117676;117677;117678;117679;117680;117681
53,g_chan[1].u_cdc_chw.wbin[4]$_DFF_PN0_,clk_core,4.41,-0.95,22651;23583;23662;23671;23677;33569;41355;41369;41370;41373;48286;48426;48442;48486;50125;77987;117666;117668;117669;117670;117671;117672;117673;117674;117675;117676;117677;117678;117679;117680;117681
54,g_chan[1].u_cdc_chw.wgray[0]$_DFF_PN0_,clk_core,4.41,-0.95,22651;23583;23662;23671;23677;33569;41355;41369;41370;41373;48286;48426;48442;48486;50125;77987;117666;117668;117669;117670;117671;117672;117673;117674;117675;117676;117677;117678;117679;117680;117681
55,g_chan[1].u_cdc_chw.wgray[1]$_DFF_PN0_,clk_core,4.41,-0.95,22651;23583;23662;23671;23677;33569;41355;41369;41370;41373;48286;48426;48442;48486;50125;77987;117666;117668;117669;117670;117671;117672;117673;117674;117675;117676;117677;117678;117679;117680;117681
56,u_seq_core.addr_q[20]$_DFFE_PN0P_,clk_core,4.41,-0.95,23460;23656;23670;23672;23677;40477;41355;41369;41370;41373;48110;48196;48286;48290;50125;77987;117666;117668;117669;117670;117671;117672;117673;117674;117675;117676;117677;117678;117679;117680;117681
57,u_seq_core.addr_q[7]$_DFFE_PN0P_,clk_core,4.41,-0.95,23460;23656;23670;23672;23677;40477;41355;41369;41370;41373;48110;48196;48286;48290;50125;77987;117666;117668;117669;117670;117671;117672;117673;117674;117675;117676;117677;117678;117679;117680;117681
58,g_chan[1].u_cdc_chw.wq1_rgray[3]$_DFF_PN0_,clk_core,4.41,-0.95,22651;23583;23662;23671;23677;33411;41355;41369;41370;41373;48286;48426;48442;48486;50125;77987;117666;117668;117669;117670;117671;117672;117673;117674;117675;117676;117677;117678;117679;117680;117681
59,g_chan[1].u_cdc_chw.wq1_rgray[4]$_DFF_PN0_,clk_core,4.41,-0.95,22651;23583;23662;23671;23677;33411;41355;41369;41370;41373;48286;48426;48442;48486;50125;77987;117666;117668;117669;117670;117671;117672;117673;117674;117675;117676;117677;117678;117679;117680;117681
60,g_chan[1].u_cdc_chw.wq2_rgray[3]$_DFF_PN0_,clk_core,4.41,-0.95,22651;23583;23662;23671;23677;33411;41355;41369;41370;41373;48286;48426;48442;48486;50125;77987;117666;117668;117669;117670;117671;117672;117673;117674;117675;117676;117677;117678;117679;117680;117681
61,u_seq_core.addr_q[25]$_DFFE_PN0P_,clk_core,4.41,-0.95,23457;23656;23670;23672;23677;40478;41355;41369;41370;41373;48110;48196;48286;48290;50125;77987;117666;117668;117669;117670;117671;117672;117673;117674;117675;117676;117677;117678;117679;117680;117681
62,u_seq_core.beats_left[25]$_DFFE_PN0P_,clk_core,4.41,-0.95,23457;23656;23670;23672;23677;40478;41355;41369;41370;41373;48110;48196;48286;48290;50125;77987;117666;117668;117669;117670;117671;117672;117673;117674;117675;117676;117677;117678;117679;117680;117681
63,u_seq_core.beats_left[26]$_DFFE_PN0P_,clk_core,4.41,-0.95,23457;23656;23670;23672;23677;40478;41355;41369;41370;41373;48110;48196;48286;48290;50125;77987;117666;117668;117669;117670;117671;117672;117673;117674;117675;117676;117677;117678;117679;117680;117681
64,u_seq_core.beats_left[27]$_DFFE_PN0P_,clk_core,4.41,-0.95,23457;23656;23670;23672;23677;40478;41355;41369;41370;41373;48110;48196;48286;48290;50125;77987;117666;117668;117669;117670;117671;117672;117673;117674;117675;117676;117677;117678;117679;117680;117681
65,u_seq_core.beats_left[29]$_DFFE_PN0P_,clk_core,4.41,-0.95,23457;23656;23670;23672;23677;40478;41355;41369;41370;41373;48110;48196;48286;48290;50125;77987;117666;117668;117669;117670;117671;117672;117673;117674;117675;117676;117677;117678;117679;117680;117681
66,g_chan[1].u_cdc_chw.wbin[1]$_DFF_PN0_,clk_core,4.41,-0.95,22651;23583;23662;23671;23677;33568;41355;41369;41370;41373;48286;48426;48442;48486;50125;77987;117666;117668;117669;117670;117671;117672;117673;117674;117675;117676;117677;117678;117679;117680;117681
67,g_chan[1].u_cdc_chw.wbin[3]$_DFF_PN0_,clk_core,4.41,-0.95,22651;23583;23662;23671;23677;33568;41355;41369;41370;41373;48286;48426;48442;48486;50125;77987;117666;117668;117669;117670;117671;117672;117673;117674;117675;117676;117677;117678;117679;117680;117681
68,g_chan[1].u_cdc_chw.wq1_rgray[1]$_DFF_PN0_,clk_core,4.41,-0.95,22651;23583;23662;23671;23677;33413;41355;41369;41370;41373;48286;48426;48442;48486;50125;77987;117666;117668;117669;117670;117671;117672;117673;117674;117675;117676;117677;117678;117679;117680;117681
69,g_chan[1].u_cdc_chw.wq2_rgray[0]$_DFF_PN0_,clk_core,4.41,-0.95,22651;23583;23662;23671;23677;33413;41355;41369;41370;41373;48286;48426;48442;48486;50125;77987;117666;117668;117669;117670;117671;117672;117673;117674;117675;117676;117677;117678;117679;117680;117681
70,u_seq_core.beats_left[31]$_DFFE_PN0P_,clk_core,4.41,-0.95,23457;23656;23670;23672;23677;40635;41355;41369;41370;41373;48110;48196;48286;48290;50125;77987;117666;117668;117669;117670;117671;117672;117673;117674;117675;117676;117677;117678;117679;117680;117681
71,u_seq_core.addr_q[10]$_DFFE_PN0P_,clk_core,4.41,-0.95,23459;23656;23670;23672;23677;40500;41355;41369;41370;41373;48110;48196;48286;48290;50125;77987;117666;117668;117669;117670;117671;117672;117673;117674;117675;117676;117677;117678;117679;117680;117681
72,u_seq_core.addr_q[12]$_DFFE_PN0P_,clk_core,4.41,-0.95,23459;23656;23670;23672;23677;40500;41355;41369;41370;41373;48110;48196;48286;48290;50125;77987;117666;117668;117669;117670;117671;117672;117673;117674;117675;117676;117677;117678;117679;117680;117681
73,u_seq_core.addr_q[24]$_DFFE_PN0P_,clk_core,4.41,-0.95,23459;23656;23670;23672;23677;40500;41355;41369;41370;41373;48110;48196;48286;48290;50125;77987;117666;117668;117669;117670;117671;117672;117673;117674;117675;117676;117677;117678;117679;117680;117681
74,u_seq_core.addr_q[27]$_DFFE_PN0P_,clk_core,4.41,-0.95,23459;23656;23670;23672;23677;40500;41355;41369;41370;41373;48110;48196;48286;48290;50125;77987;117666;117668;117669;117670;117671;117672;117673;117674;117675;117676;117677;117678;117679;117680;117681
75,u_seq_core.addr_q[30]$_DFFE_PN0P_,clk_core,4.41,-0.95,23459;23656;23670;23672;23677;40500;41355;41369;41370;41373;48110;48196;48286;48290;50125;77987;117666;117668;117669;117670;117671;117672;117673;117674;117675;117676;117677;117678;117679;117680;117681
76,u_seq_core.addr_q[9]$_DFFE_PN0P_,clk_core,4.41,-0.95,23459;23656;23670;23672;23677;40500;41355;41369;41370;41373;48110;48196;48286;48290;50125;77987;117666;117668;117669;117670;117671;117672;117673;117674;117675;117676;117677;117678;117679;117680;117681
77,u_seq_core.addr_q[3]$_DFFE_PN0P_,clk_core,4.41,-0.95,23457;23656;23670;23672;23677;40489;41355;41369;41370;41373;48110;48196;48286;48290;50125;77987;117666;117668;117669;117670;117671;117672;117673;117674;117675;117676;117677;117678;117679;117680;117681
78,g_chan[1].u_cdc_chw.wgray[2]$_DFF_PN0_,clk_core,4.41,-0.95,22724;23589;23662;23671;23677;33242;41355;41369;41370;41373;48286;48426;48442;48486;50125;77987;117666;117668;117669;117670;117671;117672;117673;117674;117675;117676;117677;117678;117679;117680;117681
79,g_chan[1].u_cdc_chw.wgray[4]$_DFF_PN0_,clk_core,4.41,-0.95,22724;23589;23662;23671;23677;33242;41355;41369;41370;41373;48286;48426;48442;48486;50125;77987;117666;117668;117669;117670;117671;117672;117673;117674;117675;117676;117677;117678;117679;117680;117681
80,g_chan[1].u_cdc_chw.wq1_rgray[2]$_DFF_PN0_,clk_core,4.41,-0.95,22724;23589;23662;23671;23677;33242;41355;41369;41370;41373;48286;48426;48442;48486;50125;77987;117666;117668;117669;117670;117671;117672;117673;117674;117675;117676;117677;117678;117679;117680;117681
81,g_chan[1].u_cdc_chw.wq2_rgray[4]$_DFF_PN0_,clk_core,4.41,-0.95,22724;23589;23662;23671;23677;33242;41355;41369;41370;41373;48286;48426;48442;48486;50125;77987;117666;117668;117669;117670;117671;117672;117673;117674;117675;117676;117677;117678;117679;117680;117681
82,c_cmd_addr[12]$_DFFE_PN0N_,clk_core,4.44,-1.08,41355;41363;41369;48110;48190;48196;48286;48290;50125;117666;117668;117669;117670;117671;117672;117673;117674;117675;117676;117677;117678;117679;117680;117681
83,c_cmd_addr[23]$_DFFE_PN0N_,clk_core,4.44,-1.08,41355;41363;41369;48110;48190;48196;48286;48290;50125;117666;117668;117669;117670;117671;117672;117673;117674;117675;117676;117677;117678;117679;117680;117681
84,c_cmd_addr[24]$_DFFE_PN0N_,clk_core,4.44,-1.08,41355;41363;41369;48110;48190;48196;48286;48290;50125;117666;117668;117669;117670;117671;117672;117673;117674;117675;117676;117677;117678;117679;117680;117681
85,c_cmd_addr[28]$_DFFE_PN0N_,clk_core,4.44,-1.08,41355;41363;41369;48110;48190;48196;48286;48290;50125;117666;117668;117669;117670;117671;117672;117673;117674;117675;117676;117677;117678;117679;117680;117681
86,c_cmd_addr[30]$_DFFE_PN0N_,clk_core,4.44,-1.08,41355;41363;41369;48110;48190;48196;48286;48290;50125;117666;117668;117669;117670;117671;117672;117673;117674;117675;117676;117677;117678;117679;117680;117681
87,c_cmd_addr[4]$_DFFE_PN0N_,clk_core,4.44,-1.08,41355;41363;41369;48110;48190;48196;48286;48290;50125;117666;117668;117669;117670;117671;117672;117673;117674;117675;117676;117677;117678;117679;117680;117681
88,c_cmd_addr[5]$_DFFE_PN0N_,clk_core,4.44,-1.08,41355;41363;41369;48110;48190;48196;48286;48290;50125;117666;117668;117669;117670;117671;117672;117673;117674;117675;117676;117677;117678;117679;117680;117681
89,c_cmd_addr[6]$_DFFE_PN0N_,clk_core,4.44,-1.08,41355;41363;41369;48110;48190;48196;48286;48290;50125;117666;117668;117669;117670;117671;117672;117673;117674;117675;117676;117677;117678;117679;117680;117681
90,c_cmd_addr[7]$_DFFE_PN0N_,clk_core,4.44,-1.08,41355;41363;41369;48110;48190;48196;48286;48290;50125;117666;117668;117669;117670;117671;117672;117673;117674;117675;117676;117677;117678;117679;117680;117681
91,c_cmd_addr[10]$_DFFE_PN0N_,clk_core,4.44,-1.08,41355;41362;41369;48110;48190;48196;48286;48290;50125;117666;117668;117669;117670;117671;117672;117673;117674;117675;117676;117677;117678;117679;117680;117681
92,c_cmd_addr[25]$_DFFE_PN0N_,clk_core,4.44,-1.08,41355;41362;41369;48110;48190;48196;48286;48290;50125;117666;117668;117669;117670;117671;117672;117673;117674;117675;117676;117677;117678;117679;117680;117681
93,c_cmd_addr[27]$_DFFE_PN0N_,clk_core,4.44,-1.08,41355;41362;41369;48110;48190;48196;48286;48290;50125;117666;117668;117669;117670;117671;117672;117673;117674;117675;117676;117677;117678;117679;117680;117681
94,c_cmd_addr[31]$_DFFE_PN0N_,clk_core,4.44,-1.08,41355;41362;41369;48110;48190;48196;48286;48290;50125;117666;117668;117669;117670;117671;117672;117673;117674;117675;117676;117677;117678;117679;117680;117681
95,c_cmd_addr[9]$_DFFE_PN0N_,clk_core,4.44,-1.08,41355;41362;41369;48110;48190;48196;48286;48290;50125;117666;117668;117669;117670;117671;117672;117673;117674;117675;117676;117677;117678;117679;117680;117681
96,g_chan[0].u_cdc_chw.wgray[4]$_DFF_PN0_,clk_core,4.46,-0.9,22895;23620;23663;23671;23677;36999;41355;41369;41370;41373;48283;48286;48442;48486;50125;77987;117666;117668;117669;117670;117671;117672;117673;117674;117675;117676;117677;117678;117679;117680;117681
97,g_chan[0].u_cdc_chw.wq1_rgray[0]$_DFF_PN0_,clk_core,4.46,-0.9,22895;23620;23663;23671;23677;36999;41355;41369;41370;41373;48283;48286;48442;48486;50125;77987;117666;117668;117669;117670;117671;117672;117673;117674;117675;117676;117677;117678;117679;117680;117681
98,g_chan[0].u_cdc_chw.wq1_rgray[5]$_DFF_PN0_,clk_core,4.46,-0.9,22895;23620;23663;23671;23677;36999;41355;41369;41370;41373;48283;48286;48442;48486;50125;77987;117666;117668;117669;117670;117671;117672;117673;117674;117675;117676;117677;117678;117679;117680;117681
99,g_chan[0].u_cdc_chw.wq2_rgray[0]$_DFF_PN0_,clk_core,4.46,-0.9,22895;23620;23663;23671;23677;36999;41355;41369;41370;41373;48283;48286;48442;48486;50125;77987;117666;117668;117669;117670;117671;117672;117673;117674;117675;117676;117677;117678;117679;117680;117681
100,g_chan[0].u_cdc_chw.wq2_rgray[3]$_DFF_PN0_,clk_core,4.46,-0.9,22895;23620;23663;23671;23677;36999;41355;41369;41370;41373;48283;48286;48442;48486;50125;77987;117666;117668;117669;117670;117671;117672;117673;117674;117675;117676;117677;117678;117679;117680;117681
101,g_chan[0].u_cdc_chw.wr_full$_DFF_PN0_,clk_core,4.46,-0.9,22895;23620;23663;23671;23677;36999;41355;41369;41370;41373;48283;48286;48442;48486;50125;77987;117666;117668;117669;117670;117671;117672;117673;117674;117675;117676;117677;117678;117679;117680;117681
102,g_chan[0].u_cdc_chw.wq1_rgray[2]$_DFF_PN0_,clk_core,4.47,-0.9,23037;23620;23663;23671;23677;36928;41355;41369;41370;41373;48283;48286;48442;48486;50125;77987;117666;117668;117669;117670;117671;117672;117673;117674;117675;117676;117677;117678;117679;117680;117681
103,g_chan[0].u_cdc_chw.wq2_rgray[2]$_DFF_PN0_,clk_core,4.47,-0.9,23037;23620;23663;23671;23677;36928;41355;41369;41370;41373;48283;48286;48442;48486;50125;77987;117666;117668;117669;117670;117671;117672;117673;117674;117675;117676;117677;117678;117679;117680;117681
104,g_chan[0].u_cdc_chw.wq1_rgray[4]$_DFF_PN0_,clk_core,4.47,-0.9,23036;23620;23663;23671;23677;37010;41355;41369;41370;41373;48283;48286;48442;48486;50125;77987;117666;117668;117669;117670;117671;117672;117673;117674;117675;117676;117677;117678;117679;117680;117681
105,g_chan[0].u_cdc_chw.wq2_rgray[4]$_DFF_PN0_,clk_core,4.47,-0.9,23036;23620;23663;23671;23677;37010;41355;41369;41370;41373;48283;48286;48442;48486;50125;77987;117666;117668;117669;117670;117671;117672;117673;117674;117675;117676;117677;117678;117679;117680;117681
106,g_chan[0].u_cdc_chw.wq2_rgray[5]$_DFF_PN0_,clk_core,4.47,-0.9,23036;23620;23663;23671;23677;37010;41355;41369;41370;41373;48283;48286;48442;48486;50125;77987;117666;117668;117669;117670;117671;117672;117673;117674;117675;117676;117677;117678;117679;117680;117681
107,u_dma_fabric.rbeat_data[25]$_DFFE_PN0P_,clk_core,4.48,-0.88,23334;23625;23664;23672;23677;28947;41355;41369;41370;41373;48185;48188;48200;48201;50125;77987;117666;117668;117669;117670;117671;117672;117673;117674;117675;117676;117677;117678;117679;117680;117681
108,u_dma_fabric.rbeat_data[37]$_DFFE_PN0P_,clk_core,4.48,-0.88,23334;23625;23664;23672;23677;28947;41355;41369;41370;41373;48185;48188;48200;48201;50125;77987;117666;117668;117669;117670;117671;117672;117673;117674;117675;117676;117677;117678;117679;117680;117681
109,u_dma_fabric.rbeat_data[40]$_DFFE_PN0P_,clk_core,4.48,-0.88,23334;23625;23664;23672;23677;28365;41355;41369;41370;41373;48185;48188;48200;48201;50125;77987;117666;117668;117669;117670;117671;117672;117673;117674;117675;117676;117677;117678;117679;117680;117681
110,u_dma_fabric.rbeat_data[8]$_DFFE_PN0P_,clk_core,4.48,-0.88,23322;23625;23664;23672;23677;28943;41355;41369;41370;41373;48185;48188;48200;48201;50125;77987;117666;117668;117669;117670;117671;117672;117673;117674;117675;117676;117677;117678;117679;117680;117681
111,u_dma_fabric.rbeat_data[15]$_DFFE_PN0P_,clk_core,4.48,-0.88,23322;23625;23664;23672;23677;28916;41355;41369;41370;41373;48185;48188;48200;48201;50125;77987;117666;117668;117669;117670;117671;117672;117673;117674;117675;117676;117677;117678;117679;117680;117681
112,u_dma_fabric.rbeat_data[12]$_DFFE_PN0P_,clk_core,4.48,-0.88,22712;23584;23662;23671;23677;29078;41355;41369;41370;41373;48185;48188;48200;48201;50125;77987;117666;117668;117669;117670;117671;117672;117673;117674;117675;117676;117677;117678;117679;117680;117681
113,u_dma_fabric.rbeat_data[35]$_DFFE_PN0P_,clk_core,4.48,-0.88,22712;23584;23662;23671;23677;29078;41355;41369;41370;41373;48185;48188;48200;48201;50125;77987;117666;117668;117669;117670;117671;117672;117673;117674;117675;117676;117677;117678;117679;117680;117681
114,u_dma_fabric.rbeat_data[13]$_DFFE_PN0P_,clk_core,4.48,-0.88,23315;23625;23664;23672;23677;28924;41355;41369;41370;41373;48185;48188;48200;48201;50125;77987;117666;117668;117669;117670;117671;117672;117673;117674;117675;117676;117677;117678;117679;117680;117681
115,u_dma_fabric.rbeat_data[36]$_DFFE_PN0P_,clk_core,4.48,-0.88,23315;23625;23664;23672;23677;28924;41355;41369;41370;41373;48185;48188;48200;48201;50125;77987;117666;117668;117669;117670;117671;117672;117673;117674;117675;117676;117677;117678;117679;117680;117681
116,u_dma_fabric.rbeat_data[38]$_DFFE_PN0P_,clk_core,4.48,-0.88,23315;23625;23664;23672;23677;28924;41355;41369;41370;41373;48185;48188;48200;48201;50125;77987;117666;117668;117669;117670;117671;117672;117673;117674;117675;117676;117677;117678;117679;117680;117681
117,u_dma_fabric.rbeat_data[3]$_DFFE_PN0P_,clk_core,4.48,-0.88,23315;23625;23664;23672;23677;28924;41355;41369;41370;41373;48185;48188;48200;48201;50125;77987;117666;117668;117669;117670;117671;117672;117673;117674;117675;117676;117677;117678;117679;117680;117681
118,u_dma_fabric.rbeat_data[46]$_DFFE_PN0P_,clk_core,4.48,-0.88,23315;23625;23664;23672;23677;28924;41355;41369;41370;41373;48185;48188;48200;48201;50125;77987;117666;117668;117669;117670;117671;117672;117673;117674;117675;117676;117677;117678;117679;117680;117681
119,u_dma_fabric.rbeat_data[32]$_DFFE_PN0P_,clk_core,4.48,-0.88,23315;23625;23664;23672;23677;28938;41355;41369;41370;41373;48185;48188;48200;48201;50125;77987;117666;117668;117669;117670;117671;117672;117673;117674;117675;117676;117677;117678;117679;117680;117681
120,u_dma_fabric.rbeat_data[33]$_DFFE_PN0P_,clk_core,4.48,-0.88,23315;23625;23664;23672;23677;28938;41355;41369;41370;41373;48185;48188;48200;48201;50125;77987;117666;117668;117669;117670;117671;117672;117673;117674;117675;117676;117677;117678;117679;117680;117681
121,u_dma_fabric.rbeat_data[34]$_DFFE_PN0P_,clk_core,4.48,-0.88,23315;23625;23664;23672;23677;28938;41355;41369;41370;41373;48185;48188;48200;48201;50125;77987;117666;117668;117669;117670;117671;117672;117673;117674;117675;117676;117677;117678;117679;117680;117681
122,u_dma_fabric.rbeat_data[9]$_DFFE_PN0P_,clk_core,4.48,-0.88,23315;23625;23664;23672;23677;28938;41355;41369;41370;41373;48185;48188;48200;48201;50125;77987;117666;117668;117669;117670;117671;117672;117673;117674;117675;117676;117677;117678;117679;117680;117681
123,u_dma_fabric.rbeat_data[42]$_DFFE_PN0P_,clk_core,4.48,-0.88,22705;23584;23662;23671;23677;29076;41355;41369;41370;41373;48185;48188;48200;48201;50125;77987;117666;117668;117669;117670;117671;117672;117673;117674;117675;117676;117677;117678;117679;117680;117681
124,u_dma_fabric.rbeat_data[52]$_DFFE_PN0P_,clk_core,4.49,-0.88,22703;23584;23662;23671;23677;29095;41355;41369;41370;41373;48185;48188;48200;48201;50125;77987;117666;117668;117669;117670;117671;117672;117673;117674;117675;117676;117677;117678;117679;117680;117681
125,u_dma_fabric.rbeat_data[63]$_DFFE_PN0P_,clk_core,4.49,-0.88,22703;23584;23662;23671;23677;29095;41355;41369;41370;41373;48185;48188;48200;48201;50125;77987;117666;117668;117669;117670;117671;117672;117673;117674;117675;117676;117677;117678;117679;117680;117681
126,u_seq_core.done$_DFFE_PN0P_,clk_core,4.49,-0.87,23446;23656;23670;23672;23677;40708;41355;41369;41370;41373;48184;48286;48290;50125;77987;111082;117666;117668;117669;117670;117671;117672;117673;117674;117675;117676;117677;117678;117679;117680;117681
127,u_seq_core.ecc_en_q$_DFFE_PN0P_,clk_core,4.49,-0.87,23446;23656;23670;23672;23677;40708;41355;41369;41370;41373;48184;48286;48290;50125;77987;111083;117666;117668;117669;117670;117671;117672;117673;117674;117675;117676;117677;117678;117679;117680;117681
128,u_seq_core.state[2]$_DFFE_PN0P_,clk_core,4.49,-0.87,23446;23656;23670;23672;23677;40708;41355;41369;41370;41373;48184;48286;48290;50125;77987;117666;117668;117669;117670;117671;117672;117673;117674;117675;117676;117677;117678;117679;117680;117681
129,u_seq_core.addr_q[11]$_DFFE_PN0P_,clk_core,4.49,-0.87,23480;23656;23670;23672;23677;40675;41355;41369;41370;41373;48184;48286;48290;50125;77987;117666;117668;117669;117670;117671;117672;117673;117674;117675;117676;117677;117678;117679;117680;117681
130,u_seq_core.addr_q[2]$_DFFE_PN0P_,clk_core,4.49,-0.87,23480;23656;23670;23672;23677;40675;41355;41369;41370;41373;48184;48286;48290;50125;77987;117666;117668;117669;117670;117671;117672;117673;117674;117675;117676;117677;117678;117679;117680;117681
131,u_seq_core.op_q[7]$_DFFE_PN0P_,clk_core,4.49,-0.87,23480;23656;23670;23672;23677;40675;41355;41369;41370;41373;48184;48286;48290;50125;77987;117666;117668;117669;117670;117671;117672;117673;117674;117675;117676;117677;117678;117679;117680;117681
132,u_seq_core.addr_q[8]$_DFFE_PN0P_,clk_core,4.49,-0.87,23444;23631;23670;23672;23677;40797;41355;41369;41370;41373;48184;48286;48290;50125;77987;117666;117668;117669;117670;117671;117672;117673;117674;117675;117676;117677;117678;117679;117680;117681
133,u_ecc_engine.vpipe[0]$_DFF_PN0_,clk_core,4.5,-0.87,23449;23656;23670;23672;23677;40697;41355;41369;41370;41373;48184;48286;48290;50125;77987;117666;117668;117669;117670;117671;117672;117673;117674;117675;117676;117677;117678;117679;117680;117681
134,u_ecc_engine.vpipe[1]$_DFF_PN0_,clk_core,4.5,-0.87,23449;23656;23670;23672;23677;40697;41355;41369;41370;41373;48184;48286;48290;50125;77987;117666;117668;117669;117670;117671;117672;117673;117674;117675;117676;117677;117678;117679;117680;117681
135,u_ecc_engine.vpipe[2]$_DFF_PN0_,clk_core,4.5,-0.87,23449;23656;23670;23672;23677;40697;41355;41369;41370;41373;48184;48286;48290;50125;77987;117666;117668;117669;117670;117671;117672;117673;117674;117675;117676;117677;117678;117679;117680;117681
136,u_ecc_engine.vpipe[3]$_DFF_PN0_,clk_core,4.5,-0.87,23449;23656;23670;23672;23677;40697;41355;41369;41370;41373;48184;48286;48290;50125;77987;117666;117668;117669;117670;117671;117672;117673;117674;117675;117676;117677;117678;117679;117680;117681
137,u_seq_core.addr_q[13]$_DFFE_PN0P_,clk_core,4.5,-0.87,23449;23656;23670;23672;23677;40686;41355;41369;41370;41373;48184;48286;48290;50125;77987;117666;117668;117669;117670;117671;117672;117673;117674;117675;117676;117677;117678;117679;117680;117681
138,u_seq_core.ch_cmd_valid$_DFF_PN0_,clk_core,4.5,-0.87,23449;23656;23670;23672;23677;40686;41355;41369;41370;41373;48184;48286;48290;50125;77987;111079;117666;117668;117669;117670;117671;117672;117673;117674;117675;117676;117677;117678;117679;117680;117681
139,u_seq_core.beats_left[21]$_DFFE_PN0P_,clk_core,4.5,-0.86,23449;23656;23670;23672;23677;40448;41355;41369;41370;41373;48110;48286;48290;50125;77987;117666;117668;117669;117670;117671;117672;117673;117674;117675;117676;117677;117678;117679;117680;117681
140,u_seq_core.beats_left[22]$_DFFE_PN0P_,clk_core,4.5,-0.86,23449;23656;23670;23672;23677;40448;41355;41369;41370;41373;48110;48286;48290;50125;77987;117666;117668;117669;117670;117671;117672;117673;117674;117675;117676;117677;117678;117679;117680;117681
141,u_seq_core.beats_left[23]$_DFFE_PN0P_,clk_core,4.5,-0.86,23449;23656;23670;23672;23677;40448;41355;41369;41370;41373;48110;48286;48290;50125;77987;117666;117668;117669;117670;117671;117672;117673;117674;117675;117676;117677;117678;117679;117680;117681
142,u_seq_core.beats_left[19]$_DFFE_PN0P_,clk_core,4.5,-0.86,23449;23656;23670;23672;23677;40646;41355;41369;41370;41373;48110;48286;48290;50125;77987;117666;117668;117669;117670;117671;117672;117673;117674;117675;117676;117677;117678;117679;117680;117681
143,u_seq_core.beats_left[20]$_DFFE_PN0P_,clk_core,4.5,-0.86,23449;23656;23670;23672;23677;40646;41355;41369;41370;41373;48110;48286;48290;50125;77987;117666;117668;117669;117670;117671;117672;117673;117674;117675;117676;117677;117678;117679;117680;117681
144,u_seq_core.beats_left[24]$_DFFE_PN0P_,clk_core,4.5,-0.86,23449;23656;23670;23672;23677;40646;41355;41369;41370;41373;48110;48286;48290;50125;77987;117666;117668;117669;117670;117671;117672;117673;117674;117675;117676;117677;117678;117679;117680;117681
145,u_seq_core.beats_left[28]$_DFFE_PN0P_,clk_core,4.5,-0.86,23449;23656;23670;23672;23677;40646;41355;41369;41370;41373;48110;48286;48290;50125;77987;117666;117668;117669;117670;117671;117672;117673;117674;117675;117676;117677;117678;117679;117680;117681
146,u_seq_core.beats_left[3]$_DFFE_PN0P_,clk_core,4.5,-0.86,23449;23656;23670;23672;23677;40624;41355;41369;41370;41373;48110;48286;48290;50125;77987;117666;117668;117669;117670;117671;117672;117673;117674;117675;117676;117677;117678;117679;117680;117681
147,u_seq_core.beats_left[9]$_DFFE_PN0P_,clk_core,4.5,-0.86,23449;23656;23670;23672;23677;40624;41355;41369;41370;41373;48110;48286;48290;50125;77987;117666;117668;117669;117670;117671;117672;117673;117674;117675;117676;117677;117678;117679;117680;117681
148,u_seq_core.beats_left[30]$_DFFE_PN0P_,clk_core,4.5,-0.86,23457;23656;23670;23672;23677;40635;41355;41369;41370;41373;48110;48286;48290;50125;77987;117666;117668;117669;117670;117671;117672;117673;117674;117675;117676;117677;117678;117679;117680;117681
149,u_seq_core.beats_left[10]$_DFFE_PN0P_,clk_core,4.51,-0.86,23446;23656;23670;23672;23677;40664;41355;41369;41370;41373;48234;48286;48290;50125;77987;117666;117668;117669;117670;117671;117672;117673;117674;117675;117676;117677;117678;117679;117680;117681
150,u_seq_core.beats_left[13]$_DFFE_PN0P_,clk_core,4.51,-0.86,23446;23656;23670;23672;23677;40664;41355;41369;41370;41373;48234;48286;48290;50125;77987;117666;117668;117669;117670;117671;117672;117673;117674;117675;117676;117677;117678;117679;117680;117681
151,u_seq_core.beats_left[14]$_DFFE_PN0P_,clk_core,4.51,-0.86,23449;23656;23670;23672;23677;40663;41355;41369;41370;41373;48234;48286;48290;50125;77987;117666;117668;117669;117670;117671;117672;117673;117674;117675;117676;117677;117678;117679;117680;117681
152,u_seq_core.beats_left[16]$_DFFE_PN0P_,clk_core,4.51,-0.86,23449;23656;23670;23672;23677;40663;41355;41369;41370;41373;48234;48286;48290;50125;77987;117666;117668;117669;117670;117671;117672;117673;117674;117675;117676;117677;117678;117679;117680;117681
153,u_seq_core.beats_left[17]$_DFFE_PN0P_,clk_core,4.51,-0.86,23449;23656;23670;23672;23677;40663;41355;41369;41370;41373;48234;48286;48290;50125;77987;117666;117668;117669;117670;117671;117672;117673;117674;117675;117676;117677;117678;117679;117680;117681
154,u_seq_core.beats_left[18]$_DFFE_PN0P_,clk_core,4.51,-0.86,23449;23656;23670;23672;23677;40663;41355;41369;41370;41373;48234;48286;48290;50125;77987;117666;117668;117669;117670;117671;117672;117673;117674;117675;117676;117677;117678;117679;117680;117681
155,g_chan[0].u_cdc_chr.rd_empty$_DFF_PN1_,clk_core,4.51,-0.84,23317;23625;23664;23672;23677;28972;41355;41369;41370;41373;48193;48201;48209;50125;77987;117666;117668;117669;117670;117671;117672;117673;117674;117675;117676;117677;117678;117679;117680;117681
156,g_chan[1].u_cdc_chr.rd_empty$_DFF_PN1_,clk_core,4.51,-0.84,23317;23625;23664;23672;23677;28972;41355;41369;41370;41373;48193;48201;48209;50125;77987;117666;117668;117669;117670;117671;117672;117673;117674;117675;117676;117677;117678;117679;117680;117681
157,g_chan[2].u_cdc_chr.rd_empty$_DFF_PN1_,clk_core,4.51,-0.84,23317;23625;23664;23672;23677;28972;41355;41369;41370;41373;48193;48201;48209;50125;77987;117666;117668;117669;117670;117671;117672;117673;117674;117675;117676;117677;117678;117679;117680;117681
158,g_chan[3].u_cdc_chr.rd_empty$_DFF_PN1_,clk_core,4.51,-0.84,23317;23625;23664;23672;23677;28972;41355;41369;41370;41373;48193;48201;48209;50125;77987;117666;117668;117669;117670;117671;117672;117673;117674;117675;117676;117677;117678;117679;117680;117681
159,u_cdc_rbeat.wq1_rgray[4]$_DFF_PN0_,clk_core,4.51,-0.85,23402;23628;23664;23672;23677;27786;41355;41369;41370;41373;48200;48201;48212;50125;77987;117666;117668;117669;117670;117671;117672;117673;117674;117675;117676;117677;117678;117679;117680;117681
160,u_cdc_rbeat.wq2_rgray[4]$_DFF_PN0_,clk_core,4.51,-0.85,23402;23628;23664;23672;23677;27786;41355;41369;41370;41373;48200;48201;48212;50125;77987;117666;117668;117669;117670;117671;117672;117673;117674;117675;117676;117677;117678;117679;117680;117681
161,u_cdc_rbeat.wr_full$_DFF_PN0_,clk_core,4.51,-0.85,23402;23628;23664;23672;23677;27786;41355;41369;41370;41373;48200;48201;48212;50125;77987;109612;117666;117668;117669;117670;117671;117672;117673;117674;117675;117676;117677;117678;117679;117680;117681
162,u_dma_fabric.rr_ptr[0]$_DFFE_PN0P_,clk_core,4.52,-0.84,23317;23625;23664;23672;23677;28972;41355;41369;41370;41373;48193;48201;48209;50125;77987;117666;117668;117669;117670;117671;117672;117673;117674;117675;117676;117677;117678;117679;117680;117681
163,u_dma_fabric.rr_ptr[1]$_DFFE_PN0P_,clk_core,4.52,-0.84,23317;23625;23664;23672;23677;28972;41355;41369;41370;41373;48193;48201;48209;50125;77987;117666;117668;117669;117670;117671;117672;117673;117674;117675;117676;117677;117678;117679;117680;117681
164,u_dma_fabric.rbeat_data[27]$_DFFE_PN0P_,clk_core,4.52,-0.85,23362;23628;23664;23672;23677;27489;41355;41369;41370;41373;48200;48201;48212;50125;77987;117666;117668;117669;117670;117671;117672;117673;117674;117675;117676;117677;117678;117679;117680;117681
165,u_dma_fabric.rbeat_data[30]$_DFFE_PN0P_,clk_core,4.52,-0.85,23362;23628;23664;23672;23677;27489;41355;41369;41370;41373;48200;48201;48212;50125;77987;117666;117668;117669;117670;117671;117672;117673;117674;117675;117676;117677;117678;117679;117680;117681
166,u_dma_fabric.rbeat_data[49]$_DFFE_PN0P_,clk_core,4.52,-0.85,23362;23628;23664;23672;23677;27489;41355;41369;41370;41373;48200;48201;48212;50125;77987;117666;117668;117669;117670;117671;117672;117673;117674;117675;117676;117677;117678;117679;117680;117681
167,g_chan[2].u_cdc_chr.rgray[4]$_DFF_PN0_,clk_core,4.52,-0.84,23317;23625;23664;23672;23677;28988;41355;41369;41370;41373;48193;48201;48209;50125;77987;117666;117668;117669;117670;117671;117672;117673;117674;117675;117676;117677;117678;117679;117680;117681
168,g_chan[2].u_cdc_chr.rq1_wgray[1]$_DFF_PN0_,clk_core,4.52,-0.84,23317;23625;23664;23672;23677;28988;41355;41369;41370;41373;48193;48201;48209;50125;77987;117666;117668;117669;117670;117671;117672;117673;117674;117675;117676;117677;117678;117679;117680;117681
169,g_chan[2].u_cdc_chr.rq1_wgray[2]$_DFF_PN0_,clk_core,4.52,-0.84,23317;23625;23664;23672;23677;28988;41355;41369;41370;41373;48193;48201;48209;50125;77987;117666;117668;117669;117670;117671;117672;117673;117674;117675;117676;117677;117678;117679;117680;117681
170,g_chan[2].u_cdc_chr.rq1_wgray[5]$_DFF_PN0_,clk_core,4.52,-0.84,23317;23625;23664;23672;23677;28988;41355;41369;41370;41373;48193;48201;48209;50125;77987;117666;117668;117669;117670;117671;117672;117673;117674;117675;117676;117677;117678;117679;117680;117681
171,g_chan[2].u_cdc_chr.rq2_wgray[1]$_DFF_PN0_,clk_core,4.52,-0.84,23317;23625;23664;23672;23677;28988;41355;41369;41370;41373;48193;48201;48209;50125;77987;117666;117668;117669;117670;117671;117672;117673;117674;117675;117676;117677;117678;117679;117680;117681
172,g_chan[2].u_cdc_chr.rbin[1]$_DFF_PN0_,clk_core,4.52,-0.84,23317;23625;23664;23672;23677;28973;41355;41369;41370;41373;48193;48201;48209;50125;77987;117666;117668;117669;117670;117671;117672;117673;117674;117675;117676;117677;117678;117679;117680;117681
173,g_chan[2].u_cdc_chr.rbin[2]$_DFF_PN0_,clk_core,4.52,-0.84,23317;23625;23664;23672;23677;28973;41355;41369;41370;41373;48193;48201;48209;50125;77987;117666;117668;117669;117670;117671;117672;117673;117674;117675;117676;117677;117678;117679;117680;117681
174,g_chan[2].u_cdc_chr.rbin[3]$_DFF_PN0_,clk_core,4.52,-0.84,23317;23625;23664;23672;23677;28986;41355;41369;41370;41373;48193;48201;48209;50125;77987;117666;117668;117669;117670;117671;117672;117673;117674;117675;117676;117677;117678;117679;117680;117681
175,g_chan[2].u_cdc_chr.rbin[4]$_DFF_PN0_,clk_core,4.52,-0.84,23317;23625;23664;23672;23677;28986;41355;41369;41370;41373;48193;48201;48209;50125;77987;117666;117668;117669;117670;117671;117672;117673;117674;117675;117676;117677;117678;117679;117680;117681
176,g_chan[2].u_cdc_chr.rq1_wgray[4]$_DFF_PN0_,clk_core,4.52,-0.84,23317;23625;23664;23672;23677;28986;41355;41369;41370;41373;48193;48201;48209;50125;77987;117666;117668;117669;117670;117671;117672;117673;117674;117675;117676;117677;117678;117679;117680;117681
177,g_chan[2].u_cdc_chr.rq2_wgray[0]$_DFF_PN0_,clk_core,4.52,-0.84,23317;23625;23664;23672;23677;28973;41355;41369;41370;41373;48193;48201;48209;50125;77987;117666;117668;117669;117670;117671;117672;117673;117674;117675;117676;117677;117678;117679;117680;117681
178,g_chan[2].u_cdc_chr.rq2_wgray[2]$_DFF_PN0_,clk_core,4.52,-0.84,23317;23625;23664;23672;23677;28986;41355;41369;41370;41373;48193;48201;48209;50125;77987;117666;117668;117669;117670;117671;117672;117673;117674;117675;117676;117677;117678;117679;117680;117681
179,g_chan[2].u_cdc_chr.rq2_wgray[4]$_DFF_PN0_,clk_core,4.52,-0.84,23317;23625;23664;23672;23677;28986;41355;41369;41370;41373;48193;48201;48209;50125;77987;117666;117668;117669;117670;117671;117672;117673;117674;117675;117676;117677;117678;117679;117680;117681
180,g_chan[2].u_cdc_chr.rq2_wgray[5]$_DFF_PN0_,clk_core,4.52,-0.84,23317;23625;23664;23672;23677;28986;41355;41369;41370;41373;48193;48201;48209;50125;77987;117666;117668;117669;117670;117671;117672;117673;117674;117675;117676;117677;117678;117679;117680;117681
181,u_cdc_rbeat.wq1_rgray[3]$_DFF_PN0_,clk_core,4.52,-0.85,23396;23628;23664;23672;23677;27481;41355;41369;41370;41373;48200;48201;48212;50125;77987;117666;117668;117669;117670;117671;117672;117673;117674;117675;117676;117677;117678;117679;117680;117681
182,u_dma_fabric.rbeat_data[18]$_DFFE_PN0P_,clk_core,4.52,-0.85,23396;23628;23664;23672;23677;27481;41355;41369;41370;41373;48200;48201;48212;50125;77987;117666;117668;117669;117670;117671;117672;117673;117674;117675;117676;117677;117678;117679;117680;117681
183,u_dma_fabric.rbeat_data[19]$_DFFE_PN0P_,clk_core,4.52,-0.85,23362;23628;23664;23672;23677;27702;41355;41369;41370;41373;48200;48201;48212;50125;77987;117666;117668;117669;117670;117671;117672;117673;117674;117675;117676;117677;117678;117679;117680;117681
184,u_dma_fabric.rbeat_data[24]$_DFFE_PN0P_,clk_core,4.52,-0.85,23396;23628;23664;23672;23677;27481;41355;41369;41370;41373;48200;48201;48212;50125;77987;117666;117668;117669;117670;117671;117672;117673;117674;117675;117676;117677;117678;117679;117680;117681
185,u_dma_fabric.rbeat_data[57]$_DFFE_PN0P_,clk_core,4.52,-0.85,23396;23628;23664;23672;23677;27481;41355;41369;41370;41373;48200;48201;48212;50125;77987;117666;117668;117669;117670;117671;117672;117673;117674;117675;117676;117677;117678;117679;117680;117681
186,u_dma_fabric.rbeat_data[59]$_DFFE_PN0P_,clk_core,4.52,-0.85,23396;23628;23664;23672;23677;27481;41355;41369;41370;41373;48200;48201;48212;50125;77987;117666;117668;117669;117670;117671;117672;117673;117674;117675;117676;117677;117678;117679;117680;117681
187,u_dma_fabric.rbeat_data[5]$_DFFE_PN0P_,clk_core,4.52,-0.85,23396;23628;23664;23672;23677;27481;41355;41369;41370;41373;48200;48201;48212;50125;77987;117666;117668;117669;117670;117671;117672;117673;117674;117675;117676;117677;117678;117679;117680;117681
188,u_dma_fabric.rbeat_data[11]$_DFFE_PN0P_,clk_core,4.52,-0.85,23362;23628;23664;23672;23677;27741;41355;41369;41370;41373;48200;48201;48212;50125;77987;117666;117668;117669;117670;117671;117672;117673;117674;117675;117676;117677;117678;117679;117680;117681
189,u_dma_fabric.rbeat_data[20]$_DFFE_PN0P_,clk_core,4.52,-0.85,23362;23628;23664;23672;23677;27741;41355;41369;41370;41373;48200;48201;48212;50125;77987;117666;117668;117669;117670;117671;117672;117673;117674;117675;117676;117677;117678;117679;117680;117681
190,u_dma_fabric.rbeat_data[2]$_DFFE_PN0P_,clk_core,4.52,-0.85,23362;23628;23664;23672;23677;27741;41355;41369;41370;41373;48200;48201;48212;50125;77987;117666;117668;117669;117670;117671;117672;117673;117674;117675;117676;117677;117678;117679;117680;117681
191,u_dma_fabric.rbeat_data[4]$_DFFE_PN0P_,clk_core,4.52,-0.85,23362;23628;23664;23672;23677;27741;41355;41369;41370;41373;48200;48201;48212;50125;77987;117666;117668;117669;117670;117671;117672;117673;117674;117675;117676;117677;117678;117679;117680;117681
192,u_cdc_rbeat.wq2_rgray[2]$_DFF_PN0_,clk_core,4.52,-0.85,23367;23628;23664;23672;23677;27480;41355;41369;41370;41373;48200;48201;48212;50125;77987;117666;117668;117669;117670;117671;117672;117673;117674;117675;117676;117677;117678;117679;117680;117681
193,u_dma_fabric.rbeat_data[26]$_DFFE_PN0P_,clk_core,4.52,-0.85,23367;23628;23664;23672;23677;27480;41355;41369;41370;41373;48200;48201;48212;50125;77987;117666;117668;117669;117670;117671;117672;117673;117674;117675;117676;117677;117678;117679;117680;117681
194,u_dma_fabric.rbeat_valid$_DFFE_PN0P_,clk_core,4.52,-0.85,23367;23628;23664;23672;23677;27480;41355;41369;41370;41373;48200;48201;48212;50125;77987;110741;117666;117668;117669;117670;117671;117672;117673;117674;117675;117676;117677;117678;117679;117680;117681
195,u_dma_fabric.rbeat_data[16]$_DFFE_PN0P_,clk_core,4.52,-0.85,23367;23628;23664;23672;23677;27474;41355;41369;41370;41373;48200;48201;48212;50125;77987;117666;117668;117669;117670;117671;117672;117673;117674;117675;117676;117677;117678;117679;117680;117681
196,u_dma_fabric.rbeat_data[29]$_DFFE_PN0P_,clk_core,4.52,-0.85,23367;23628;23664;23672;23677;27474;41355;41369;41370;41373;48200;48201;48212;50125;77987;117666;117668;117669;117670;117671;117672;117673;117674;117675;117676;117677;117678;117679;117680;117681
197,u_cdc_rbeat.wgray[2]$_DFF_PN0_,clk_core,4.52,-0.85,23392;23628;23664;23672;23677;27776;41355;41369;41370;41373;48200;48201;48212;50125;77987;117666;117668;117669;117670;117671;117672;117673;117674;117675;117676;117677;117678;117679;117680;117681
198,u_cdc_rbeat.wgray[3]$_DFF_PN0_,clk_core,4.52,-0.85,23392;23628;23664;23672;23677;27776;41355;41369;41370;41373;48200;48201;48212;50125;77987;117666;117668;117669;117670;117671;117672;117673;117674;117675;117676;117677;117678;117679;117680;117681
199,u_cdc_rbeat.wq2_rgray[3]$_DFF_PN0_,clk_core,4.52,-0.85,23392;23628;23664;23672;23677;27776;41355;41369;41370;41373;48200;48201;48212;50125;77987;117666;117668;117669;117670;117671;117672;117673;117674;117675;117676;117677;117678;117679;117680;117681
200,u_dma_fabric.rbeat_data[17]$_DFFE_PN0P_,clk_core,4.52,-0.85,23392;23628;23664;23672;23677;27776;41355;41369;41370;41373;48200;48201;48212;50125;77987;117666;117668;117669;117670;117671;117672;117673;117674;117675;117676;117677;117678;117679;117680;117681
201,g_chan[2].u_cdc_chw.wq1_rgray[5]$_DFF_PN0_,clk_core,4.52,-0.84,23092;23621;23664;23672;23677;38350;41355;41369;41370;41373;48286;48382;48497;50125;77987;117666;117668;117669;117670;117671;117672;117673;117674;117675;117676;117677;117678;117679;117680;117681
202,g_chan[2].u_cdc_chw.wbin[4]$_DFF_PN0_,clk_core,4.52,-0.84,23092;23621;23664;23672;23677;38421;41355;41369;41370;41373;48286;48382;48497;50125;77987;117666;117668;117669;117670;117671;117672;117673;117674;117675;117676;117677;117678;117679;117680;117681
203,g_chan[2].u_cdc_chw.wq2_rgray[0]$_DFF_PN0_,clk_core,4.52,-0.84,23092;23621;23664;23672;23677;38421;41355;41369;41370;41373;48286;48382;48497;50125;77987;117666;117668;117669;117670;117671;117672;117673;117674;117675;117676;117677;117678;117679;117680;117681
204,g_chan[2].u_cdc_chw.wbin[0]$_DFF_PN0_,clk_core,4.52,-0.84,23108;23621;23664;23672;23677;38423;41355;41369;41370;41373;48286;48382;48497;50125;77987;117666;117668;117669;117670;117671;117672;117673;117674;117675;117676;117677;117678;117679;117680;117681
205,g_chan[2].u_cdc_chw.wbin[1]$_DFF_PN0_,clk_core,4.52,-0.84,23108;23621;23664;23672;23677;38423;41355;41369;41370;41373;48286;48382;48497;50125;77987;117666;117668;117669;117670;117671;117672;117673;117674;117675;117676;117677;117678;117679;117680;117681
206,g_chan[2].u_cdc_chw.wq1_rgray[2]$_DFF_PN0_,clk_core,4.52,-0.84,23108;23621;23664;23672;23677;38383;41355;41369;41370;41373;48286;48382;48497;50125;77987;117666;117668;117669;117670;117671;117672;117673;117674;117675;117676;117677;117678;117679;117680;117681
207,g_chan[2].u_cdc_chw.wq1_rgray[4]$_DFF_PN0_,clk_core,4.52,-0.84,23108;23621;23664;23672;23677;38383;41355;41369;41370;41373;48286;48382;48497;50125;77987;117666;117668;117669;117670;117671;117672;117673;117674;117675;117676;117677;117678;117679;117680;117681
208,g_chan[2].u_cdc_chw.wq2_rgray[4]$_DFF_PN0_,clk_core,4.52,-0.84,23108;23621;23664;23672;23677;38383;41355;41369;41370;41373;48286;48382;48497;50125;77987;117666;117668;117669;117670;117671;117672;117673;117674;117675;117676;117677;117678;117679;117680;117681
209,g_chan[2].u_cdc_chw.wgray[2]$_DFF_PN0_,clk_core,4.52,-0.84,23108;23621;23664;23672;23677;38405;41355;41369;41370;41373;48286;48382;48497;50125;77987;117666;117668;117669;117670;117671;117672;117673;117674;117675;117676;117677;117678;117679;117680;117681
210,g_chan[2].u_cdc_chw.wgray[3]$_DFF_PN0_,clk_core,4.52,-0.84,23108;23621;23664;23672;23677;38405;41355;41369;41370;41373;48286;48382;48497;50125;77987;117666;117668;117669;117670;117671;117672;117673;117674;117675;117676;117677;117678;117679;117680;117681
211,g_chan[2].u_cdc_chw.wgray[4]$_DFF_PN0_,clk_core,4.52,-0.84,23108;23621;23664;23672;23677;38405;41355;41369;41370;41373;48286;48382;48497;50125;77987;117666;117668;117669;117670;117671;117672;117673;117674;117675;117676;117677;117678;117679;117680;117681
212,g_chan[2].u_cdc_chw.wq1_rgray[3]$_DFF_PN0_,clk_core,4.52,-0.84,23108;23621;23664;23672;23677;38405;41355;41369;41370;41373;48286;48382;48497;50125;77987;117666;117668;117669;117670;117671;117672;117673;117674;117675;117676;117677;117678;117679;117680;117681
213,g_chan[2].u_cdc_chw.wbin[2]$_DFF_PN0_,clk_core,4.52,-0.84,23108;23621;23664;23672;23677;38419;41355;41369;41370;41373;48286;48382;48497;50125;77987;117666;117668;117669;117670;117671;117672;117673;117674;117675;117676;117677;117678;117679;117680;117681
214,g_chan[2].u_cdc_chw.wgray[1]$_DFF_PN0_,clk_core,4.52,-0.84,23108;23621;23664;23672;23677;38419;41355;41369;41370;41373;48286;48382;48497;50125;77987;117666;117668;117669;117670;117671;117672;117673;117674;117675;117676;117677;117678;117679;117680;117681
215,g_chan[2].u_cdc_chw.wq1_rgray[1]$_DFF_PN0_,clk_core,4.52,-0.84,23108;23621;23664;23672;23677;38419;41355;41369;41370;41373;48286;48382;48497;50125;77987;117666;117668;117669;117670;117671;117672;117673;117674;117675;117676;117677;117678;117679;117680;117681
216,g_chan[2].u_cdc_chw.wq2_rgray[1]$_DFF_PN0_,clk_core,4.52,-0.84,23108;23621;23664;23672;23677;38419;41355;41369;41370;41373;48286;48382;48497;50125;77987;117666;117668;117669;117670;117671;117672;117673;117674;117675;117676;117677;117678;117679;117680;117681
217,g_chan[2].u_cdc_chw.wq2_rgray[3]$_DFF_PN0_,clk_core,4.52,-0.84,23108;23621;23664;23672;23677;38419;41355;41369;41370;41373;48286;48382;48497;50125;77987;117666;117668;117669;117670;117671;117672;117673;117674;117675;117676;117677;117678;117679;117680;117681
218,g_chan[2].u_cdc_chw.wr_full$_DFF_PN0_,clk_core,4.52,-0.84,23108;23621;23664;23672;23677;38419;41355;41369;41370;41373;48286;48382;48497;50125;77987;117666;117668;117669;117670;117671;117672;117673;117674;117675;117676;117677;117678;117679;117680;117681
219,g_chan[2].u_cdc_chw.wq2_rgray[2]$_DFF_PN0_,clk_core,4.52,-0.84,23081;23621;23664;23672;23677;38372;41355;41369;41370;41373;48286;48382;48497;50125;77987;117666;117668;117669;117670;117671;117672;117673;117674;117675;117676;117677;117678;117679;117680;117681
220,g_chan[2].u_cdc_chw.wq2_rgray[5]$_DFF_PN0_,clk_core,4.52,-0.84,23081;23621;23664;23672;23677;38372;41355;41369;41370;41373;48286;48382;48497;50125;77987;117666;117668;117669;117670;117671;117672;117673;117674;117675;117676;117677;117678;117679;117680;117681
221,g_chan[2].u_cdc_chw.wbin[3]$_DFF_PN0_,clk_core,4.52,-0.84,23092;23621;23664;23672;23677;38422;41355;41369;41370;41373;48286;48382;48497;50125;77987;117666;117668;117669;117670;117671;117672;117673;117674;117675;117676;117677;117678;117679;117680;117681
222,g_chan[2].u_cdc_chw.wbin[5]$_DFF_PN0_,clk_core,4.52,-0.84,23108;23621;23664;23672;23677;38420;41355;41369;41370;41373;48286;48382;48497;50125;77987;117666;117668;117669;117670;117671;117672;117673;117674;117675;117676;117677;117678;117679;117680;117681
223,g_chan[2].u_cdc_chw.wgray[0]$_DFF_PN0_,clk_core,4.52,-0.84,23108;23621;23664;23672;23677;38420;41355;41369;41370;41373;48286;48382;48497;50125;77987;117666;117668;117669;117670;117671;117672;117673;117674;117675;117676;117677;117678;117679;117680;117681
224,g_chan[2].u_cdc_chw.wq1_rgray[0]$_DFF_PN0_,clk_core,4.52,-0.84,23108;23621;23664;23672;23677;38420;41355;41369;41370;41373;48286;48382;48497;50125;77987;117666;117668;117669;117670;117671;117672;117673;117674;117675;117676;117677;117678;117679;117680;117681
225,c_cmd_len[21]$_DFFE_PN0N_,clk_core,4.54,-0.99,41355;41359;41369;48110;48182;48286;48290;50125;117666;117668;117669;117670;117671;117672;117673;117674;117675;117676;117677;117678;117679;117680;117681
226,u_cdc_cmd.rbin[1]$_DFF_PN0_,clk_core,4.54,-0.99,41355;41366;41369;48110;48182;48286;48290;50125;117666;117668;117669;117670;117671;117672;117673;117674;117675;117676;117677;117678;117679;117680;117681
227,u_cdc_cmd.rbin[2]$_DFF_PN0_,clk_core,4.54,-0.99,41355;41366;41369;48110;48182;48286;48290;50125;117666;117668;117669;117670;117671;117672;117673;117674;117675;117676;117677;117678;117679;117680;117681
228,u_cdc_cmd.rgray[0]$_DFF_PN0_,clk_core,4.54,-0.99,41355;41366;41369;48110;48182;48286;48290;50125;117666;117668;117669;117670;117671;117672;117673;117674;117675;117676;117677;117678;117679;117680;117681
229,u_cdc_cmd.rgray[1]$_DFF_PN0_,clk_core,4.54,-0.99,41355;41366;41369;48110;48182;48286;48290;50125;117666;117668;117669;117670;117671;117672;117673;117674;117675;117676;117677;117678;117679;117680;117681
230,u_cdc_cmd.rq1_wgray[0]$_DFF_PN0_,clk_core,4.54,-0.99,41355;41366;41369;48110;48182;48286;48290;50125;117666;117668;117669;117670;117671;117672;117673;117674;117675;117676;117677;117678;117679;117680;117681
231,u_cdc_cmd.rq1_wgray[1]$_DFF_PN0_,clk_core,4.54,-0.99,41355;41366;41369;48110;48182;48286;48290;50125;117666;117668;117669;117670;117671;117672;117673;117674;117675;117676;117677;117678;117679;117680;117681
232,u_cdc_cmd.rq2_wgray[0]$_DFF_PN0_,clk_core,4.54,-0.99,41355;41366;41369;48110;48182;48286;48290;50125;117666;117668;117669;117670;117671;117672;117673;117674;117675;117676;117677;117678;117679;117680;117681
233,u_cdc_cmd.rq2_wgray[1]$_DFF_PN0_,clk_core,4.54,-0.99,41355;41366;41369;48110;48182;48286;48290;50125;117666;117668;117669;117670;117671;117672;117673;117674;117675;117676;117677;117678;117679;117680;117681
234,u_cdc_cmd.rq2_wgray[4]$_DFF_PN0_,clk_core,4.54,-0.99,41355;41366;41369;48110;48182;48286;48290;50125;117666;117668;117669;117670;117671;117672;117673;117674;117675;117676;117677;117678;117679;117680;117681
235,c_cmd_len[10]$_DFFE_PN0N_,clk_core,4.54,-0.99,41355;41367;41369;48110;48182;48286;48290;50125;117666;117668;117669;117670;117671;117672;117673;117674;117675;117676;117677;117678;117679;117680;117681
236,c_cmd_len[22]$_DFFE_PN0N_,clk_core,4.54,-0.99,41355;41367;41369;48110;48182;48286;48290;50125;117666;117668;117669;117670;117671;117672;117673;117674;117675;117676;117677;117678;117679;117680;117681
237,c_cmd_len[23]$_DFFE_PN0N_,clk_core,4.54,-0.99,41355;41367;41369;48110;48182;48286;48290;50125;117666;117668;117669;117670;117671;117672;117673;117674;117675;117676;117677;117678;117679;117680;117681
238,c_cmd_len[27]$_DFFE_PN0N_,clk_core,4.54,-0.99,41355;41367;41369;48110;48182;48286;48290;50125;117666;117668;117669;117670;117671;117672;117673;117674;117675;117676;117677;117678;117679;117680;117681
239,c_cmd_len[4]$_DFFE_PN0N_,clk_core,4.54,-0.99,41355;41367;41369;48110;48182;48286;48290;50125;117666;117668;117669;117670;117671;117672;117673;117674;117675;117676;117677;117678;117679;117680;117681
240,c_cmd_len[5]$_DFFE_PN0N_,clk_core,4.54,-0.99,41355;41367;41369;48110;48182;48286;48290;50125;117666;117668;117669;117670;117671;117672;117673;117674;117675;117676;117677;117678;117679;117680;117681
241,c_cmd_len[6]$_DFFE_PN0N_,clk_core,4.54,-0.99,41355;41367;41369;48110;48182;48286;48290;50125;117666;117668;117669;117670;117671;117672;117673;117674;117675;117676;117677;117678;117679;117680;117681
242,u_cdc_cmd.rbin[4]$_DFF_PN0_,clk_core,4.54,-0.99,41355;41367;41369;48110;48182;48286;48290;50125;117666;117668;117669;117670;117671;117672;117673;117674;117675;117676;117677;117678;117679;117680;117681
243,u_cdc_cmd.rgray[2]$_DFF_PN0_,clk_core,4.54,-0.99,41355;41367;41369;48110;48182;48286;48290;50125;117666;117668;117669;117670;117671;117672;117673;117674;117675;117676;117677;117678;117679;117680;117681
244,u_cdc_cmd.rq1_wgray[2]$_DFF_PN0_,clk_core,4.54,-0.99,41355;41367;41369;48110;48182;48286;48290;50125;117666;117668;117669;117670;117671;117672;117673;117674;117675;117676;117677;117678;117679;117680;117681
245,u_cdc_cmd.rq1_wgray[4]$_DFF_PN0_,clk_core,4.54,-0.99,41355;41367;41369;48110;48182;48286;48290;50125;117666;117668;117669;117670;117671;117672;117673;117674;117675;117676;117677;117678;117679;117680;117681
246,u_cdc_cmd.rq2_wgray[2]$_DFF_PN0_,clk_core,4.54,-0.99,41355;41367;41369;48110;48182;48286;48290;50125;117666;117668;117669;117670;117671;117672;117673;117674;117675;117676;117677;117678;117679;117680;117681
247,g_chan[0].u_cdc_chw.wbin[3]$_DFF_PN0_,clk_core,4.54,-0.83,22906;23620;23663;23671;23677;36983;41355;41369;41370;41373;48286;48442;48486;50125;77987;117666;117668;117669;117670;117671;117672;117673;117674;117675;117676;117677;117678;117679;117680;117681
248,g_chan[0].u_cdc_chw.wbin[4]$_DFF_PN0_,clk_core,4.54,-0.83,22906;23620;23663;23671;23677;36983;41355;41369;41370;41373;48286;48442;48486;50125;77987;117666;117668;117669;117670;117671;117672;117673;117674;117675;117676;117677;117678;117679;117680;117681
249,g_chan[0].u_cdc_chw.wbin[5]$_DFF_PN0_,clk_core,4.54,-0.83,22906;23620;23663;23671;23677;36983;41355;41369;41370;41373;48286;48442;48486;50125;77987;117666;117668;117669;117670;117671;117672;117673;117674;117675;117676;117677;117678;117679;117680;117681
250,g_chan[0].u_cdc_chw.wgray[0]$_DFF_PN0_,clk_core,4.54,-0.83,22906;23620;23663;23671;23677;36983;41355;41369;41370;41373;48286;48442;48486;50125;77987;117666;117668;117669;117670;117671;117672;117673;117674;117675;117676;117677;117678;117679;117680;117681
251,g_chan[0].u_cdc_chw.wgray[1]$_DFF_PN0_,clk_core,4.54,-0.83,22906;23620;23663;23671;23677;36983;41355;41369;41370;41373;48286;48442;48486;50125;77987;117666;117668;117669;117670;117671;117672;117673;117674;117675;117676;117677;117678;117679;117680;117681
252,g_chan[0].u_cdc_chw.wq2_rgray[1]$_DFF_PN0_,clk_core,4.54,-0.83,22906;23620;23663;23671;23677;36983;41355;41369;41370;41373;48286;48442;48486;50125;77987;117666;117668;117669;117670;117671;117672;117673;117674;117675;117676;117677;117678;117679;117680;117681
253,g_chan[0].u_cdc_chw.wbin[0]$_DFF_PN0_,clk_core,4.54,-0.83,22906;23620;23663;23671;23677;36972;41355;41369;41370;41373;48286;48442;48486;50125;77987;117666;117668;117669;117670;117671;117672;117673;117674;117675;117676;117677;117678;117679;117680;117681
254,g_chan[0].u_cdc_chw.wbin[1]$_DFF_PN0_,clk_core,4.54,-0.83,22906;23620;23663;23671;23677;36972;41355;41369;41370;41373;48286;48442;48486;50125;77987;117666;117668;117669;117670;117671;117672;117673;117674;117675;117676;117677;117678;117679;117680;117681
255,g_chan[0].u_cdc_chw.wbin[2]$_DFF_PN0_,clk_core,4.54,-0.83,22906;23620;23663;23671;23677;36972;41355;41369;41370;41373;48286;48442;48486;50125;77987;117666;117668;117669;117670;117671;117672;117673;117674;117675;117676;117677;117678;117679;117680;117681
256,g_chan[0].u_cdc_chw.wgray[2]$_DFF_PN0_,clk_core,4.54,-0.83,22906;23620;23663;23671;23677;36961;41355;41369;41370;41373;48286;48442;48486;50125;77987;117666;117668;117669;117670;117671;117672;117673;117674;117675;117676;117677;117678;117679;117680;117681
257,g_chan[0].u_cdc_chw.wgray[3]$_DFF_PN0_,clk_core,4.54,-0.83,22906;23620;23663;23671;23677;36961;41355;41369;41370;41373;48286;48442;48486;50125;77987;117666;117668;117669;117670;117671;117672;117673;117674;117675;117676;117677;117678;117679;117680;117681
258,g_chan[0].u_cdc_chw.wq1_rgray[3]$_DFF_PN0_,clk_core,4.54,-0.83,23037;23620;23663;23671;23677;36928;41355;41369;41370;41373;48286;48442;48486;50125;77987;117666;117668;117669;117670;117671;117672;117673;117674;117675;117676;117677;117678;117679;117680;117681
259,g_chan[0].u_cdc_chw.wq1_rgray[1]$_DFF_PN0_,clk_core,4.54,-0.83,22795;23593;23663;23671;23677;36144;41355;41369;41370;41373;48286;48442;48486;50125;77987;117666;117668;117669;117670;117671;117672;117673;117674;117675;117676;117677;117678;117679;117680;117681
260,u_dma_fabric.rbeat_data[10]$_DFFE_PN0P_,clk_core,4.55,-0.82,23362;23628;23664;23672;23677;27489;41355;41369;41370;41373;48185;48200;48201;50125;77987;117666;117668;117669;117670;117671;117672;117673;117674;117675;117676;117677;117678;117679;117680;117681
261,u_dma_fabric.rbeat_data[58]$_DFFE_PN0P_,clk_core,4.55,-0.82,23362;23628;23664;23672;23677;27702;41355;41369;41370;41373;48185;48200;48201;50125;77987;117666;117668;117669;117670;117671;117672;117673;117674;117675;117676;117677;117678;117679;117680;117681
262,u_dma_fabric.rbeat_data[31]$_DFFE_PN0P_,clk_core,4.55,-0.82,23379;23628;23664;23672;23677;27604;41355;41369;41370;41373;48185;48200;48201;50125;77987;117666;117668;117669;117670;117671;117672;117673;117674;117675;117676;117677;117678;117679;117680;117681
263,g_chan[1].u_cdc_chw.wr_full$_DFF_PN0_,clk_core,4.55,-0.83,22651;23583;23662;23671;23677;33411;41355;41369;41370;41373;48286;48442;48486;50125;77987;117666;117668;117669;117670;117671;117672;117673;117674;117675;117676;117677;117678;117679;117680;117681
264,u_dma_fabric.rbeat_data[43]$_DFFE_PN0P_,clk_core,4.55,-0.82,23334;23625;23664;23672;23677;28947;41355;41369;41370;41373;48185;48200;48201;50125;77987;117666;117668;117669;117670;117671;117672;117673;117674;117675;117676;117677;117678;117679;117680;117681
265,u_dma_fabric.rbeat_data[55]$_DFFE_PN0P_,clk_core,4.55,-0.82,23376;23628;23664;23672;23677;27511;41355;41369;41370;41373;48185;48200;48201;50125;77987;117666;117668;117669;117670;117671;117672;117673;117674;117675;117676;117677;117678;117679;117680;117681
266,u_dma_fabric.rbeat_data[23]$_DFFE_PN0P_,clk_core,4.55,-0.82,23350;23625;23664;23672;23677;28959;41355;41369;41370;41373;48185;48200;48201;50125;77987;117666;117668;117669;117670;117671;117672;117673;117674;117675;117676;117677;117678;117679;117680;117681
267,u_dma_fabric.rbeat_data[47]$_DFFE_PN0P_,clk_core,4.55,-0.82,23350;23625;23664;23672;23677;28959;41355;41369;41370;41373;48185;48200;48201;50125;77987;117666;117668;117669;117670;117671;117672;117673;117674;117675;117676;117677;117678;117679;117680;117681
268,u_dma_fabric.rbeat_data[50]$_DFFE_PN0P_,clk_core,4.55,-0.82,23350;23625;23664;23672;23677;28959;41355;41369;41370;41373;48185;48200;48201;50125;77987;117666;117668;117669;117670;117671;117672;117673;117674;117675;117676;117677;117678;117679;117680;117681
269,u_dma_fabric.rbeat_data[6]$_DFFE_PN0P_,clk_core,4.55,-0.82,23350;23625;23664;23672;23677;28959;41355;41369;41370;41373;48185;48200;48201;50125;77987;117666;117668;117669;117670;117671;117672;117673;117674;117675;117676;117677;117678;117679;117680;117681
270,u_dma_fabric.rbeat_data[14]$_DFFE_PN0P_,clk_core,4.55,-0.82,23350;23625;23664;23672;23677;28341;41355;41369;41370;41373;48185;48200;48201;50125;77987;117666;117668;117669;117670;117671;117672;117673;117674;117675;117676;117677;117678;117679;117680;117681
271,u_dma_fabric.rbeat_data[21]$_DFFE_PN0P_,clk_core,4.55,-0.82,23350;23625;23664;23672;23677;28341;41355;41369;41370;41373;48185;48200;48201;50125;77987;117666;117668;117669;117670;117671;117672;117673;117674;117675;117676;117677;117678;117679;117680;117681
272,u_dma_fabric.rbeat_data[51]$_DFFE_PN0P_,clk_core,4.55,-0.82,23350;23625;23664;23672;23677;28341;41355;41369;41370;41373;48185;48200;48201;50125;77987;117666;117668;117669;117670;117671;117672;117673;117674;117675;117676;117677;117678;117679;117680;117681
273,g_chan[0].u_cdc_chr.rgray[3]$_DFF_PN0_,clk_core,4.56,-0.81,22699;23584;23662;23671;23677;29052;41355;41369;41370;41373;48191;48201;48209;50125;77987;117666;117668;117669;117670;117671;117672;117673;117674;117675;117676;117677;117678;117679;117680;117681
274,g_chan[0].u_cdc_chr.rq1_wgray[0]$_DFF_PN0_,clk_core,4.56,-0.81,22699;23584;23662;23671;23677;29052;41355;41369;41370;41373;48191;48201;48209;50125;77987;117666;117668;117669;117670;117671;117672;117673;117674;117675;117676;117677;117678;117679;117680;117681
275,g_chan[0].u_cdc_chr.rq1_wgray[3]$_DFF_PN0_,clk_core,4.56,-0.81,22699;23584;23662;23671;23677;29052;41355;41369;41370;41373;48191;48201;48209;50125;77987;117666;117668;117669;117670;117671;117672;117673;117674;117675;117676;117677;117678;117679;117680;117681
276,g_chan[0].u_cdc_chr.rq2_wgray[3]$_DFF_PN0_,clk_core,4.56,-0.81,22699;23584;23662;23671;23677;29052;41355;41369;41370;41373;48191;48201;48209;50125;77987;117666;117668;117669;117670;117671;117672;117673;117674;117675;117676;117677;117678;117679;117680;117681
277,c_cmd_opcode[5]$_DFFE_PN0N_,clk_core,4.56,-0.97,41354;41355;41369;48184;48198;48286;48290;50125;117666;117668;117669;117670;117671;117672;117673;117674;117675;117676;117677;117678;117679;117680;117681
278,g_chan[0].u_cdc_chr.rbin[0]$_DFF_PN0_,clk_core,4.56,-0.81,22699;23584;23662;23671;23677;29056;41355;41369;41370;41373;48191;48201;48209;50125;77987;117666;117668;117669;117670;117671;117672;117673;117674;117675;117676;117677;117678;117679;117680;117681
279,g_chan[0].u_cdc_chr.rbin[1]$_DFF_PN0_,clk_core,4.56,-0.81,22699;23584;23662;23671;23677;29056;41355;41369;41370;41373;48191;48201;48209;50125;77987;117666;117668;117669;117670;117671;117672;117673;117674;117675;117676;117677;117678;117679;117680;117681
280,g_chan[0].u_cdc_chr.rbin[2]$_DFF_PN0_,clk_core,4.56,-0.81,22699;23584;23662;23671;23677;29056;41355;41369;41370;41373;48191;48201;48209;50125;77987;117666;117668;117669;117670;117671;117672;117673;117674;117675;117676;117677;117678;117679;117680;117681
281,g_chan[0].u_cdc_chr.rbin[3]$_DFF_PN0_,clk_core,4.56,-0.81,22699;23584;23662;23671;23677;29056;41355;41369;41370;41373;48191;48201;48209;50125;77987;117666;117668;117669;117670;117671;117672;117673;117674;117675;117676;117677;117678;117679;117680;117681
282,g_chan[0].u_cdc_chr.rbin[4]$_DFF_PN0_,clk_core,4.56,-0.81,22699;23584;23662;23671;23677;29056;41355;41369;41370;41373;48191;48201;48209;50125;77987;117666;117668;117669;117670;117671;117672;117673;117674;117675;117676;117677;117678;117679;117680;117681
283,g_chan[0].u_cdc_chr.rbin[5]$_DFF_PN0_,clk_core,4.56,-0.81,22699;23584;23662;23671;23677;29056;41355;41369;41370;41373;48191;48201;48209;50125;77987;117666;117668;117669;117670;117671;117672;117673;117674;117675;117676;117677;117678;117679;117680;117681
284,g_chan[0].u_cdc_chr.rq1_wgray[5]$_DFF_PN0_,clk_core,4.56,-0.81,22699;23584;23662;23671;23677;29056;41355;41369;41370;41373;48191;48201;48209;50125;77987;117666;117668;117669;117670;117671;117672;117673;117674;117675;117676;117677;117678;117679;117680;117681
285,g_chan[0].u_cdc_chr.rq2_wgray[5]$_DFF_PN0_,clk_core,4.56,-0.81,22699;23584;23662;23671;23677;29056;41355;41369;41370;41373;48191;48201;48209;50125;77987;117666;117668;117669;117670;117671;117672;117673;117674;117675;117676;117677;117678;117679;117680;117681
286,c_cmd_addr[0]$_DFFE_PN0N_,clk_core,4.56,-0.97,41355;41369;48184;48198;48286;48290;50125;117666;117668;117669;117670;117671;117672;117673;117674;117675;117676;117677;117678;117679;117680;117681
287,c_cmd_addr[14]$_DFFE_PN0N_,clk_core,4.56,-0.97,41355;41369;48184;48198;48286;48290;50125;117666;117668;117669;117670;117671;117672;117673;117674;117675;117676;117677;117678;117679;117680;117681
288,c_cmd_addr[2]$_DFFE_PN0N_,clk_core,4.56,-0.97,41355;41369;48184;48198;48286;48290;50125;117666;117668;117669;117670;117671;117672;117673;117674;117675;117676;117677;117678;117679;117680;117681
289,c_cmd_addr[8]$_DFFE_PN0N_,clk_core,4.56,-0.97,41355;41369;48184;48198;48286;48290;50125;117666;117668;117669;117670;117671;117672;117673;117674;117675;117676;117677;117678;117679;117680;117681
290,c_cmd_opcode[0]$_DFFE_PN0N_,clk_core,4.56,-0.97,41355;41369;48184;48198;48286;48290;50125;117666;117668;117669;117670;117671;117672;117673;117674;117675;117676;117677;117678;117679;117680;117681
291,c_cmd_opcode[3]$_DFFE_PN0N_,clk_core,4.56,-0.97,41355;41369;48184;48198;48286;48290;50125;117666;117668;117669;117670;117671;117672;117673;117674;117675;117676;117677;117678;117679;117680;117681
292,c_cmd_opcode[4]$_DFFE_PN0N_,clk_core,4.56,-0.97,41355;41369;48184;48198;48286;48290;50125;117666;117668;117669;117670;117671;117672;117673;117674;117675;117676;117677;117678;117679;117680;117681
293,c_cmd_opcode[6]$_DFFE_PN0N_,clk_core,4.56,-0.97,41355;41369;48184;48198;48286;48290;50125;117666;117668;117669;117670;117671;117672;117673;117674;117675;117676;117677;117678;117679;117680;117681
294,c_cmd_opcode[7]$_DFFE_PN0N_,clk_core,4.56,-0.97,41355;41369;48184;48198;48286;48290;50125;117666;117668;117669;117670;117671;117672;117673;117674;117675;117676;117677;117678;117679;117680;117681
295,g_chan[0].u_cdc_chr.rgray[0]$_DFF_PN0_,clk_core,4.56,-0.81,22707;23584;23662;23671;23677;29047;41355;41369;41370;41373;48191;48201;48209;50125;77987;117666;117668;117669;117670;117671;117672;117673;117674;117675;117676;117677;117678;117679;117680;117681
296,g_chan[0].u_cdc_chr.rgray[2]$_DFF_PN0_,clk_core,4.56,-0.81,22707;23584;23662;23671;23677;29047;41355;41369;41370;41373;48191;48201;48209;50125;77987;117666;117668;117669;117670;117671;117672;117673;117674;117675;117676;117677;117678;117679;117680;117681
297,g_chan[0].u_cdc_chr.rgray[4]$_DFF_PN0_,clk_core,4.56,-0.81,22707;23584;23662;23671;23677;29047;41355;41369;41370;41373;48191;48201;48209;50125;77987;117666;117668;117669;117670;117671;117672;117673;117674;117675;117676;117677;117678;117679;117680;117681
298,g_chan[0].u_cdc_chr.rq1_wgray[2]$_DFF_PN0_,clk_core,4.56,-0.81,22707;23584;23662;23671;23677;29047;41355;41369;41370;41373;48191;48201;48209;50125;77987;117666;117668;117669;117670;117671;117672;117673;117674;117675;117676;117677;117678;117679;117680;117681
299,g_chan[0].u_cdc_chr.rq1_wgray[4]$_DFF_PN0_,clk_core,4.56,-0.81,22707;23584;23662;23671;23677;29047;41355;41369;41370;41373;48191;48201;48209;50125;77987;117666;117668;117669;117670;117671;117672;117673;117674;117675;117676;117677;117678;117679;117680;117681
300,g_chan[0].u_cdc_chr.rq2_wgray[0]$_DFF_PN0_,clk_core,4.56,-0.81,22707;23584;23662;23671;23677;29047;41355;41369;41370;41373;48191;48201;48209;50125;77987;117666;117668;117669;117670;117671;117672;117673;117674;117675;117676;117677;117678;117679;117680;117681
301,g_chan[0].u_cdc_chr.rq2_wgray[2]$_DFF_PN0_,clk_core,4.56,-0.81,22707;23584;23662;23671;23677;29047;41355;41369;41370;41373;48191;48201;48209;50125;77987;117666;117668;117669;117670;117671;117672;117673;117674;117675;117676;117677;117678;117679;117680;117681
302,g_chan[0].u_cdc_chr.rq2_wgray[4]$_DFF_PN0_,clk_core,4.56,-0.81,22707;23584;23662;23671;23677;29047;41355;41369;41370;41373;48191;48201;48209;50125;77987;117666;117668;117669;117670;117671;117672;117673;117674;117675;117676;117677;117678;117679;117680;117681
303,g_chan[0].u_cdc_chr.rgray[1]$_DFF_PN0_,clk_core,4.56,-0.81,22699;23584;23662;23671;23677;29043;41355;41369;41370;41373;48191;48201;48209;50125;77987;117666;117668;117669;117670;117671;117672;117673;117674;117675;117676;117677;117678;117679;117680;117681
304,g_chan[0].u_cdc_chr.rq1_wgray[1]$_DFF_PN0_,clk_core,4.56,-0.81,22699;23584;23662;23671;23677;29043;41355;41369;41370;41373;48191;48201;48209;50125;77987;117666;117668;117669;117670;117671;117672;117673;117674;117675;117676;117677;117678;117679;117680;117681
305,g_chan[0].u_cdc_chr.rq2_wgray[1]$_DFF_PN0_,clk_core,4.56,-0.81,22699;23584;23662;23671;23677;29043;41355;41369;41370;41373;48191;48201;48209;50125;77987;117666;117668;117669;117670;117671;117672;117673;117674;117675;117676;117677;117678;117679;117680;117681
306,u_cdc_cmd.rd_empty$_DFF_PN1_,clk_core,4.57,-0.95,41355;41367;41369;48110;48196;48286;48290;50125;108514;117666;117668;117669;117670;117671;117672;117673;117674;117675;117676;117677;117678;117679;117680;117681
307,c_cmd_addr[20]$_DFFE_PN0N_,clk_core,4.58,-0.95,41355;41362;41369;48110;48196;48286;48290;50125;117666;117668;117669;117670;117671;117672;117673;117674;117675;117676;117677;117678;117679;117680;117681
308,c_cmd_addr[3]$_DFFE_PN0N_,clk_core,4.58,-0.95,41355;41362;41369;48110;48196;48286;48290;50125;117666;117668;117669;117670;117671;117672;117673;117674;117675;117676;117677;117678;117679;117680;117681
309,c_cmd_len[24]$_DFFE_PN0N_,clk_core,4.58,-0.95,41355;41362;41369;48110;48196;48286;48290;50125;117666;117668;117669;117670;117671;117672;117673;117674;117675;117676;117677;117678;117679;117680;117681
310,c_cmd_len[25]$_DFFE_PN0N_,clk_core,4.58,-0.95,41355;41362;41369;48110;48196;48286;48290;50125;117666;117668;117669;117670;117671;117672;117673;117674;117675;117676;117677;117678;117679;117680;117681
311,c_cmd_len[29]$_DFFE_PN0N_,clk_core,4.58,-0.95,41355;41362;41369;48110;48196;48286;48290;50125;117666;117668;117669;117670;117671;117672;117673;117674;117675;117676;117677;117678;117679;117680;117681
312,c_cmd_len[31]$_DFFE_PN0N_,clk_core,4.58,-0.95,41355;41362;41369;48110;48196;48286;48290;50125;117666;117668;117669;117670;117671;117672;117673;117674;117675;117676;117677;117678;117679;117680;117681
313,u_cdc_cmd.rbin[3]$_DFF_PN0_,clk_core,4.58,-0.95,41355;41362;41369;48110;48196;48286;48290;50125;117666;117668;117669;117670;117671;117672;117673;117674;117675;117676;117677;117678;117679;117680;117681
314,u_cdc_cmd.rq1_wgray[3]$_DFF_PN0_,clk_core,4.58,-0.95,41355;41362;41369;48110;48196;48286;48290;50125;117666;117668;117669;117670;117671;117672;117673;117674;117675;117676;117677;117678;117679;117680;117681
315,c_cmd_len[28]$_DFFE_PN0N_,clk_core,4.58,-0.95,41355;41366;41369;48110;48196;48286;48290;50125;117666;117668;117669;117670;117671;117672;117673;117674;117675;117676;117677;117678;117679;117680;117681
316,c_cmd_len[30]$_DFFE_PN0N_,clk_core,4.58,-0.95,41355;41366;41369;48110;48196;48286;48290;50125;117666;117668;117669;117670;117671;117672;117673;117674;117675;117676;117677;117678;117679;117680;117681
317,c_cmd_addr[11]$_DFFE_PN0N_,clk_core,4.58,-0.95,41355;41367;41369;48110;48196;48286;48290;50125;117666;117668;117669;117670;117671;117672;117673;117674;117675;117676;117677;117678;117679;117680;117681
318,u_cdc_cmd.rgray[3]$_DFF_PN0_,clk_core,4.58,-0.95,41355;41367;41369;48110;48196;48286;48290;50125;117666;117668;117669;117670;117671;117672;117673;117674;117675;117676;117677;117678;117679;117680;117681
319,u_cdc_cmd.rq2_wgray[3]$_DFF_PN0_,clk_core,4.58,-0.95,41355;41367;41369;48110;48196;48286;48290;50125;117666;117668;117669;117670;117671;117672;117673;117674;117675;117676;117677;117678;117679;117680;117681
320,g_chan[2].u_cdc_chcmd.wq2_rgray[4]$_DFF_PN0_,clk_core,4.59,-0.77,23487;23658;23670;23672;23677;25691;41355;41369;41370;41373;48194;48197;50125;77987;117666;117668;117669;117670;117671;117672;117673;117674;117675;117676;117677;117678;117679;117680;117681
321,g_chan[2].u_cdc_chcmd.wbin[1]$_DFF_PN0_,clk_core,4.59,-0.77,23489;23658;23670;23672;23677;24937;41355;41369;41370;41373;48194;48197;50125;77987;117666;117668;117669;117670;117671;117672;117673;117674;117675;117676;117677;117678;117679;117680;117681
322,g_chan[2].u_cdc_chcmd.wbin[2]$_DFF_PN0_,clk_core,4.59,-0.77,23489;23658;23670;23672;23677;24937;41355;41369;41370;41373;48194;48197;50125;77987;117666;117668;117669;117670;117671;117672;117673;117674;117675;117676;117677;117678;117679;117680;117681
323,g_chan[2].u_cdc_chcmd.wbin[4]$_DFF_PN0_,clk_core,4.59,-0.77,23489;23658;23670;23672;23677;24937;41355;41369;41370;41373;48194;48197;50125;77987;117666;117668;117669;117670;117671;117672;117673;117674;117675;117676;117677;117678;117679;117680;117681
324,g_chan[2].u_cdc_chcmd.wq1_rgray[2]$_DFF_PN0_,clk_core,4.59,-0.77,23489;23658;23670;23672;23677;24937;41355;41369;41370;41373;48194;48197;50125;77987;117666;117668;117669;117670;117671;117672;117673;117674;117675;117676;117677;117678;117679;117680;117681
325,g_chan[2].u_cdc_chcmd.wq2_rgray[2]$_DFF_PN0_,clk_core,4.59,-0.77,23489;23658;23670;23672;23677;24937;41355;41369;41370;41373;48194;48197;50125;77987;117666;117668;117669;117670;117671;117672;117673;117674;117675;117676;117677;117678;117679;117680;117681
326,g_chan[2].u_cdc_chcmd.wq2_rgray[3]$_DFF_PN0_,clk_core,4.59,-0.77,23489;23658;23670;23672;23677;24937;41355;41369;41370;41373;48194;48197;50125;77987;117666;117668;117669;117670;117671;117672;117673;117674;117675;117676;117677;117678;117679;117680;117681
327,g_chan[2].u_cdc_chcmd.wr_full$_DFF_PN0_,clk_core,4.59,-0.77,23489;23658;23670;23672;23677;24937;41355;41369;41370;41373;48194;48197;50125;77987;117666;117668;117669;117670;117671;117672;117673;117674;117675;117676;117677;117678;117679;117680;117681
328,u_cdc_wbeat.rd_empty$_DFF_PN1_,clk_core,4.59,-0.77,23446;23656;23670;23672;23677;40437;41355;41369;41370;41373;48286;48486;50125;77987;110642;117666;117668;117669;117670;117671;117672;117673;117674;117675;117676;117677;117678;117679;117680;117681
329,g_chan[2].u_cdc_chcmd.wgray[0]$_DFF_PN0_,clk_core,4.59,-0.77,23489;23658;23670;23672;23677;24940;41355;41369;41370;41373;48194;48197;50125;77987;117666;117668;117669;117670;117671;117672;117673;117674;117675;117676;117677;117678;117679;117680;117681
330,g_chan[2].u_cdc_chcmd.wgray[1]$_DFF_PN0_,clk_core,4.59,-0.77,23489;23658;23670;23672;23677;24940;41355;41369;41370;41373;48194;48197;50125;77987;117666;117668;117669;117670;117671;117672;117673;117674;117675;117676;117677;117678;117679;117680;117681
331,g_chan[2].u_cdc_chcmd.wgray[2]$_DFF_PN0_,clk_core,4.59,-0.77,23489;23658;23670;23672;23677;24940;41355;41369;41370;41373;48194;48197;50125;77987;117666;117668;117669;117670;117671;117672;117673;117674;117675;117676;117677;117678;117679;117680;117681
332,g_chan[2].u_cdc_chcmd.wq1_rgray[0]$_DFF_PN0_,clk_core,4.59,-0.77,23489;23658;23670;23672;23677;24940;41355;41369;41370;41373;48194;48197;50125;77987;117666;117668;117669;117670;117671;117672;117673;117674;117675;117676;117677;117678;117679;117680;117681
333,g_chan[2].u_cdc_chcmd.wq1_rgray[1]$_DFF_PN0_,clk_core,4.59,-0.77,23489;23658;23670;23672;23677;24940;41355;41369;41370;41373;48194;48197;50125;77987;117666;117668;117669;117670;117671;117672;117673;117674;117675;117676;117677;117678;117679;117680;117681
334,g_chan[2].u_cdc_chcmd.wq1_rgray[4]$_DFF_PN0_,clk_core,4.59,-0.77,23489;23658;23670;23672;23677;24940;41355;41369;41370;41373;48194;48197;50125;77987;117666;117668;117669;117670;117671;117672;117673;117674;117675;117676;117677;117678;117679;117680;117681
335,g_chan[2].u_cdc_chcmd.wq2_rgray[0]$_DFF_PN0_,clk_core,4.59,-0.77,23489;23658;23670;23672;23677;24940;41355;41369;41370;41373;48194;48197;50125;77987;117666;117668;117669;117670;117671;117672;117673;117674;117675;117676;117677;117678;117679;117680;117681
336,g_chan[2].u_cdc_chcmd.wq2_rgray[1]$_DFF_PN0_,clk_core,4.59,-0.77,23489;23658;23670;23672;23677;24940;41355;41369;41370;41373;48194;48197;50125;77987;117666;117668;117669;117670;117671;117672;117673;117674;117675;117676;117677;117678;117679;117680;117681
337,g_chan[2].u_cdc_chcmd.wbin[0]$_DFF_PN0_,clk_core,4.59,-0.77,23489;23658;23670;23672;23677;24945;41355;41369;41370;41373;48194;48197;50125;77987;117666;117668;117669;117670;117671;117672;117673;117674;117675;117676;117677;117678;117679;117680;117681
338,g_chan[2].u_cdc_chcmd.wbin[3]$_DFF_PN0_,clk_core,4.59,-0.77,23489;23658;23670;23672;23677;24934;41355;41369;41370;41373;48194;48197;50125;77987;117666;117668;117669;117670;117671;117672;117673;117674;117675;117676;117677;117678;117679;117680;117681
339,g_chan[2].u_cdc_chcmd.wgray[3]$_DFF_PN0_,clk_core,4.59,-0.77,23489;23658;23670;23672;23677;24935;41355;41369;41370;41373;48194;48197;50125;77987;117666;117668;117669;117670;117671;117672;117673;117674;117675;117676;117677;117678;117679;117680;117681
340,g_chan[2].u_cdc_chcmd.wq1_rgray[3]$_DFF_PN0_,clk_core,4.59,-0.77,23489;23658;23670;23672;23677;24935;41355;41369;41370;41373;48194;48197;50125;77987;117666;117668;117669;117670;117671;117672;117673;117674;117675;117676;117677;117678;117679;117680;117681
341,g_chan[1].u_cdc_chcmd.wbin[0]$_DFF_PN0_,clk_core,4.59,-0.77,23423;23631;23670;23672;23677;26186;41355;41369;41370;41373;48286;48287;50125;77987;117666;117668;117669;117670;117671;117672;117673;117674;117675;117676;117677;117678;117679;117680;117681
342,u_seq_core.mask_q[1]$_DFFE_PN0P_,clk_core,4.59,-0.77,23435;23631;23670;23672;23677;39998;41355;41369;41370;41373;48286;48287;50125;77987;117666;117668;117669;117670;117671;117672;117673;117674;117675;117676;117677;117678;117679;117680;117681
343,u_seq_core.beats_left[0]$_DFFE_PN0P_,clk_core,4.59,-0.77,23446;23656;23670;23672;23677;40664;41355;41369;41370;41373;48286;48290;50125;77987;117666;117668;117669;117670;117671;117672;117673;117674;117675;117676;117677;117678;117679;117680;117681
344,u_seq_core.beats_left[11]$_DFFE_PN0P_,clk_core,4.59,-0.77,23446;23656;23670;23672;23677;40664;41355;41369;41370;41373;48286;48290;50125;77987;117666;117668;117669;117670;117671;117672;117673;117674;117675;117676;117677;117678;117679;117680;117681
345,u_seq_core.beats_left[12]$_DFFE_PN0P_,clk_core,4.59,-0.77,23446;23656;23670;23672;23677;40664;41355;41369;41370;41373;48286;48290;50125;77987;117666;117668;117669;117670;117671;117672;117673;117674;117675;117676;117677;117678;117679;117680;117681
346,u_seq_core.beats_left[15]$_DFFE_PN0P_,clk_core,4.59,-0.77,23446;23656;23670;23672;23677;40664;41355;41369;41370;41373;48286;48290;50125;77987;117666;117668;117669;117670;117671;117672;117673;117674;117675;117676;117677;117678;117679;117680;117681
347,u_seq_core.addr_q[1]$_DFFE_PN0P_,clk_core,4.59,-0.77,23446;23656;23670;23672;23677;40708;41355;41369;41370;41373;48286;48290;50125;77987;117666;117668;117669;117670;117671;117672;117673;117674;117675;117676;117677;117678;117679;117680;117681
348,u_seq_core.beats_left[2]$_DFFE_PN0P_,clk_core,4.59,-0.77,23446;23656;23670;23672;23677;40708;41355;41369;41370;41373;48286;48290;50125;77987;117666;117668;117669;117670;117671;117672;117673;117674;117675;117676;117677;117678;117679;117680;117681
349,u_seq_core.state[1]$_DFFE_PN0P_,clk_core,4.59,-0.77,23446;23656;23670;23672;23677;40708;41355;41369;41370;41373;48286;48290;50125;77987;117666;117668;117669;117670;117671;117672;117673;117674;117675;117676;117677;117678;117679;117680;117681
350,u_cdc_rbeat.wbin[1]$_DFF_PN0_,clk_core,4.6,-0.76,23402;23628;23664;23672;23677;27786;41355;41369;41370;41373;48200;48201;50125;77987;117666;117668;117669;117670;117671;117672;117673;117674;117675;117676;117677;117678;117679;117680;117681
351,u_cdc_rbeat.wgray[1]$_DFF_PN0_,clk_core,4.6,-0.76,23402;23628;23664;23672;23677;27786;41355;41369;41370;41373;48200;48201;50125;77987;117666;117668;117669;117670;117671;117672;117673;117674;117675;117676;117677;117678;117679;117680;117681
352,u_cdc_rbeat.wq2_rgray[0]$_DFF_PN0_,clk_core,4.6,-0.76,23402;23628;23664;23672;23677;27786;41355;41369;41370;41373;48200;48201;50125;77987;117666;117668;117669;117670;117671;117672;117673;117674;117675;117676;117677;117678;117679;117680;117681
353,u_cdc_rbeat.wq2_rgray[1]$_DFF_PN0_,clk_core,4.6,-0.76,23402;23628;23664;23672;23677;27786;41355;41369;41370;41373;48200;48201;50125;77987;117666;117668;117669;117670;117671;117672;117673;117674;117675;117676;117677;117678;117679;117680;117681
354,u_seq_core.addr_q[0]$_DFFE_PN0P_,clk_core,4.6,-0.77,23444;23631;23670;23672;23677;40797;41355;41369;41370;41373;48286;48290;50125;77987;117666;117668;117669;117670;117671;117672;117673;117674;117675;117676;117677;117678;117679;117680;117681
355,u_seq_core.op_q[2]$_DFFE_PN0P_,clk_core,4.6,-0.77,23444;23631;23670;23672;23677;39972;41355;41369;41370;41373;48286;48290;50125;77987;117666;117668;117669;117670;117671;117672;117673;117674;117675;117676;117677;117678;117679;117680;117681
356,u_seq_core.beats_left[7]$_DFFE_PN0P_,clk_core,4.6,-0.77,23457;23656;23670;23672;23677;40602;41355;41369;41370;41373;48286;48290;50125;77987;117666;117668;117669;117670;117671;117672;117673;117674;117675;117676;117677;117678;117679;117680;117681
357,u_seq_core.addr_q[19]$_DFFE_PN0P_,clk_core,4.6,-0.77,23449;23656;23670;23672;23677;40697;41355;41369;41370;41373;48286;48290;50125;77987;117666;117668;117669;117670;117671;117672;117673;117674;117675;117676;117677;117678;117679;117680;117681
358,u_seq_core.beats_left[1]$_DFFE_PN0P_,clk_core,4.6,-0.77,23449;23656;23670;23672;23677;40624;41355;41369;41370;41373;48286;48290;50125;77987;117666;117668;117669;117670;117671;117672;117673;117674;117675;117676;117677;117678;117679;117680;117681
359,u_seq_core.beats_left[4]$_DFFE_PN0P_,clk_core,4.6,-0.77,23449;23656;23670;23672;23677;40624;41355;41369;41370;41373;48286;48290;50125;77987;117666;117668;117669;117670;117671;117672;117673;117674;117675;117676;117677;117678;117679;117680;117681
360,u_seq_core.beats_left[5]$_DFFE_PN0P_,clk_core,4.6,-0.77,23449;23656;23670;23672;23677;40624;41355;41369;41370;41373;48286;48290;50125;77987;117666;117668;117669;117670;117671;117672;117673;117674;117675;117676;117677;117678;117679;117680;117681
361,u_seq_core.beats_left[8]$_DFFE_PN0P_,clk_core,4.6,-0.77,23449;23656;23670;23672;23677;40646;41355;41369;41370;41373;48286;48290;50125;77987;117666;117668;117669;117670;117671;117672;117673;117674;117675;117676;117677;117678;117679;117680;117681
362,u_seq_core.addr_q[15]$_DFFE_PN0P_,clk_core,4.6,-0.77,23457;23656;23670;23672;23677;40635;41355;41369;41370;41373;48286;48290;50125;77987;117666;117668;117669;117670;117671;117672;117673;117674;117675;117676;117677;117678;117679;117680;117681
363,u_seq_core.addr_q[16]$_DFFE_PN0P_,clk_core,4.6,-0.77,23457;23656;23670;23672;23677;40635;41355;41369;41370;41373;48286;48290;50125;77987;117666;117668;117669;117670;117671;117672;117673;117674;117675;117676;117677;117678;117679;117680;117681
364,u_seq_core.beats_left[6]$_DFFE_PN0P_,clk_core,4.6,-0.77,23457;23656;23670;23672;23677;40635;41355;41369;41370;41373;48286;48290;50125;77987;117666;117668;117669;117670;117671;117672;117673;117674;117675;117676;117677;117678;117679;117680;117681
365,u_seq_core.addr_q[18]$_DFFE_PN0P_,clk_core,4.6,-0.77,23449;23656;23670;23672;23677;40613;41355;41369;41370;41373;48286;48290;50125;77987;117666;117668;117669;117670;117671;117672;117673;117674;117675;117676;117677;117678;117679;117680;117681
366,u_seq_core.addr_q[26]$_DFFE_PN0P_,clk_core,4.6,-0.77,23449;23656;23670;23672;23677;40686;41355;41369;41370;41373;48286;48290;50125;77987;117666;117668;117669;117670;117671;117672;117673;117674;117675;117676;117677;117678;117679;117680;117681
367,u_seq_core.addr_q[29]$_DFFE_PN0P_,clk_core,4.6,-0.77,23449;23656;23670;23672;23677;40613;41355;41369;41370;41373;48286;48290;50125;77987;117666;117668;117669;117670;117671;117672;117673;117674;117675;117676;117677;117678;117679;117680;117681
368,u_seq_core.state[0]$_DFFE_PN0P_,clk_core,4.6,-0.77,23449;23656;23670;23672;23677;40613;41355;41369;41370;41373;48286;48290;50125;77987;117666;117668;117669;117670;117671;117672;117673;117674;117675;117676;117677;117678;117679;117680;117681
369,g_chan[0].u_cdc_chcmd.wq1_rgray[1]$_DFF_PN0_,clk_core,4.6,-0.77,23444;23631;23670;23672;23677;40799;41355;41369;41370;41373;48286;48290;50125;77987;117666;117668;117669;117670;117671;117672;117673;117674;117675;117676;117677;117678;117679;117680;117681
370,u_cdc_rbeat.wq1_rgray[0]$_DFF_PN0_,clk_core,4.6,-0.76,23367;23628;23664;23672;23677;27480;41355;41369;41370;41373;48200;48201;50125;77987;117666;117668;117669;117670;117671;117672;117673;117674;117675;117676;117677;117678;117679;117680;117681
371,u_cdc_rbeat.wq1_rgray[1]$_DFF_PN0_,clk_core,4.6,-0.76,23367;23628;23664;23672;23677;27480;41355;41369;41370;41373;48200;48201;50125;77987;117666;117668;117669;117670;117671;117672;117673;117674;117675;117676;117677;117678;117679;117680;117681
372,u_cdc_rbeat.wq1_rgray[2]$_DFF_PN0_,clk_core,4.6,-0.76,23367;23628;23664;23672;23677;27480;41355;41369;41370;41373;48200;48201;50125;77987;117666;117668;117669;117670;117671;117672;117673;117674;117675;117676;117677;117678;117679;117680;117681
373,u_dma_fabric.rbeat_data[62]$_DFFE_PN0P_,clk_core,4.6,-0.76,23367;23628;23664;23672;23677;27480;41355;41369;41370;41373;48200;48201;50125;77987;117666;117668;117669;117670;117671;117672;117673;117674;117675;117676;117677;117678;117679;117680;117681
374,g_chan[1].u_cdc_chcmd.wgray[2]$_DFF_PN0_,clk_core,4.6,-0.77,23308;23624;23664;23672;23677;26394;41355;41369;41370;41373;48286;48287;50125;77987;117666;117668;117669;117670;117671;117672;117673;117674;117675;117676;117677;117678;117679;117680;117681
375,g_chan[1].u_cdc_chcmd.wgray[0]$_DFF_PN0_,clk_core,4.6,-0.77,23308;23624;23664;23672;23677;26201;41355;41369;41370;41373;48286;48287;50125;77987;117666;117668;117669;117670;117671;117672;117673;117674;117675;117676;117677;117678;117679;117680;117681
376,g_chan[1].u_cdc_chcmd.wgray[1]$_DFF_PN0_,clk_core,4.6,-0.77,23308;23624;23664;23672;23677;26201;41355;41369;41370;41373;48286;48287;50125;77987;117666;117668;117669;117670;117671;117672;117673;117674;117675;117676;117677;117678;117679;117680;117681
377,g_chan[1].u_cdc_chcmd.wq1_rgray[0]$_DFF_PN0_,clk_core,4.6,-0.77,23308;23624;23664;23672;23677;26201;41355;41369;41370;41373;48286;48287;50125;77987;117666;117668;117669;117670;117671;117672;117673;117674;117675;117676;117677;117678;117679;117680;117681
378,g_chan[1].u_cdc_chcmd.wq2_rgray[0]$_DFF_PN0_,clk_core,4.6,-0.77,23308;23624;23664;23672;23677;26201;41355;41369;41370;41373;48286;48287;50125;77987;117666;117668;117669;117670;117671;117672;117673;117674;117675;117676;117677;117678;117679;117680;117681
379,u_cdc_wbeat.rbin[0]$_DFF_PN0_,clk_core,4.6,-0.77,23446;23656;23670;23672;23677;40415;41355;41369;41370;41373;48286;48486;50125;77987;117666;117668;117669;117670;117671;117672;117673;117674;117675;117676;117677;117678;117679;117680;117681
380,u_cdc_wbeat.rbin[2]$_DFF_PN0_,clk_core,4.6,-0.77,23446;23656;23670;23672;23677;40415;41355;41369;41370;41373;48286;48486;50125;77987;117666;117668;117669;117670;117671;117672;117673;117674;117675;117676;117677;117678;117679;117680;117681
381,u_cdc_wbeat.rbin[3]$_DFF_PN0_,clk_core,4.6,-0.77,23446;23656;23670;23672;23677;40415;41355;41369;41370;41373;48286;48486;50125;77987;117666;117668;117669;117670;117671;117672;117673;117674;117675;117676;117677;117678;117679;117680;117681
382,u_cdc_wbeat.rbin[4]$_DFF_PN0_,clk_core,4.6,-0.77,23446;23656;23670;23672;23677;40415;41355;41369;41370;41373;48286;48486;50125;77987;117666;117668;117669;117670;117671;117672;117673;117674;117675;117676;117677;117678;117679;117680;117681
383,u_dma_fabric.rbeat_data[61]$_DFFE_PN0P_,clk_core,4.6,-0.76,23367;23628;23664;23672;23677;27474;41355;41369;41370;41373;48200;48201;50125;77987;117666;117668;117669;117670;117671;117672;117673;117674;117675;117676;117677;117678;117679;117680;117681
384,g_chan[1].u_cdc_chcmd.wbin[1]$_DFF_PN0_,clk_core,4.6,-0.77,23308;23624;23664;23672;23677;26198;41355;41369;41370;41373;48286;48287;50125;77987;117666;117668;117669;117670;117671;117672;117673;117674;117675;117676;117677;117678;117679;117680;117681
385,g_chan[1].u_cdc_chcmd.wbin[2]$_DFF_PN0_,clk_core,4.6,-0.77,23308;23624;23664;23672;23677;26198;41355;41369;41370;41373;48286;48287;50125;77987;117666;117668;117669;117670;117671;117672;117673;117674;117675;117676;117677;117678;117679;117680;117681
386,g_chan[1].u_cdc_chcmd.wbin[3]$_DFF_PN0_,clk_core,4.6,-0.77,23308;23624;23664;23672;23677;26198;41355;41369;41370;41373;48286;48287;50125;77987;117666;117668;117669;117670;117671;117672;117673;117674;117675;117676;117677;117678;117679;117680;117681
387,g_chan[1].u_cdc_chcmd.wbin[4]$_DFF_PN0_,clk_core,4.6,-0.77,23308;23624;23664;23672;23677;26198;41355;41369;41370;41373;48286;48287;50125;77987;117666;117668;117669;117670;117671;117672;117673;117674;117675;117676;117677;117678;117679;117680;117681
388,g_chan[1].u_cdc_chcmd.wgray[3]$_DFF_PN0_,clk_core,4.6,-0.77,23308;23624;23664;23672;23677;26198;41355;41369;41370;41373;48286;48287;50125;77987;117666;117668;117669;117670;117671;117672;117673;117674;117675;117676;117677;117678;117679;117680;117681
389,g_chan[1].u_cdc_chcmd.wr_full$_DFF_PN0_,clk_core,4.6,-0.77,23308;23624;23664;23672;23677;26198;41355;41369;41370;41373;48286;48287;50125;77987;117666;117668;117669;117670;117671;117672;117673;117674;117675;117676;117677;117678;117679;117680;117681
390,u_cdc_rbeat.wbin[0]$_DFF_PN0_,clk_core,4.6,-0.76,23367;23628;23664;23672;23677;27468;41355;41369;41370;41373;48200;48201;50125;77987;117666;117668;117669;117670;117671;117672;117673;117674;117675;117676;117677;117678;117679;117680;117681
391,u_cdc_rbeat.wgray[0]$_DFF_PN0_,clk_core,4.6,-0.76,23367;23628;23664;23672;23677;27468;41355;41369;41370;41373;48200;48201;50125;77987;117666;117668;117669;117670;117671;117672;117673;117674;117675;117676;117677;117678;117679;117680;117681
392,g_chan[3].u_cdc_chw.wgray[0]$_DFF_PN0_,clk_core,4.6,-0.77,23257;23624;23664;23672;23677;39999;41355;41369;41370;41373;48286;48287;50125;77987;117666;117668;117669;117670;117671;117672;117673;117674;117675;117676;117677;117678;117679;117680;117681
393,g_chan[3].u_cdc_chw.wgray[1]$_DFF_PN0_,clk_core,4.6,-0.77,23257;23624;23664;23672;23677;39999;41355;41369;41370;41373;48286;48287;50125;77987;117666;117668;117669;117670;117671;117672;117673;117674;117675;117676;117677;117678;117679;117680;117681
394,g_chan[3].u_cdc_chw.wq2_rgray[0]$_DFF_PN0_,clk_core,4.6,-0.77,23257;23624;23664;23672;23677;39999;41355;41369;41370;41373;48286;48287;50125;77987;117666;117668;117669;117670;117671;117672;117673;117674;117675;117676;117677;117678;117679;117680;117681
395,u_seq_core.mask_q[2]$_DFFE_PN0P_,clk_core,4.6,-0.77,23257;23624;23664;23672;23677;39999;41355;41369;41370;41373;48286;48287;50125;77987;117666;117668;117669;117670;117671;117672;117673;117674;117675;117676;117677;117678;117679;117680;117681
396,u_cdc_rbeat.wbin[4]$_DFF_PN0_,clk_core,4.6,-0.76,23392;23628;23664;23672;23677;27776;41355;41369;41370;41373;48200;48201;50125;77987;117666;117668;117669;117670;117671;117672;117673;117674;117675;117676;117677;117678;117679;117680;117681
397,u_cdc_wbeat.rbin[1]$_DFF_PN0_,clk_core,4.6,-0.77,23446;23656;23670;23672;23677;40426;41355;41369;41370;41373;48286;48486;50125;77987;117666;117668;117669;117670;117671;117672;117673;117674;117675;117676;117677;117678;117679;117680;117681
398,u_cdc_wbeat.rgray[2]$_DFF_PN0_,clk_core,4.6,-0.77,23446;23656;23670;23672;23677;40426;41355;41369;41370;41373;48286;48486;50125;77987;117666;117668;117669;117670;117671;117672;117673;117674;117675;117676;117677;117678;117679;117680;117681
399,u_cdc_wbeat.rgray[3]$_DFF_PN0_,clk_core,4.6,-0.77,23446;23656;23670;23672;23677;40426;41355;41369;41370;41373;48286;48486;50125;77987;117666;117668;117669;117670;117671;117672;117673;117674;117675;117676;117677;117678;117679;117680;117681
400,_188841_,clk_core,2.01,-3.06,41360;41369;41370;41373;50125;77987;107244;117666;117668;117669;117670;117671;117672;117673;117674;117675;117676;117677;117678;117679;117680;117681
401,g_clkgate.u_cg_core.en_latched$_DLATCH_N_,clk_core,2.32,-0.67,41360;41367;41369;50125;77988;107244;108514;117666;117668;117669;117670;117671;117672;117673;117674;117675;117676;117677;117678;117679;117680;117681
402,u_dma_fabric.rbeat_data[15]$_DFFE_PN0P_,clk_core,3.63,-1.65,22699;23322;23584;23625;23662;23664;23671;23672;23677;28916;29063;30741;30742;30744;30753;30771;30772;30810;30811;41370;41373;43166;48113;48782;52102;52152;52207;52221;52247;52258;77987;117666
403,u_dma_fabric.rbeat_data[13]$_DFFE_PN0P_,clk_core,3.63,-1.65,22699;23315;23584;23625;23662;23664;23671;23672;23677;28924;29063;31060;31062;31063;31064;31084;31085;31129;31130;41370;41373;48113;48782;52102;52152;52207;52221;52247;52258;77987;117666;117685
404,u_dma_fabric.rbeat_data[28]$_DFFE_PN0P_,clk_core,3.65,-1.62,22699;22705;23584;23662;23671;23677;28781;28782;28786;28787;28788;28789;28828;28830;29063;29076;41370;41373;48113;48782;52102;52152;52207;52221;52247;52258;77987;117666
405,u_dma_fabric.rbeat_data[60]$_DFFE_PN0P_,clk_core,3.7,-1.57,22699;23317;23584;23625;23662;23664;23671;23672;23677;23737;23738;23739;23740;23741;23774;23808;23856;23857;28988;29056;41370;41373;50644;50648;50714;50724;51490;51561;77987;117666
406,u_dma_fabric.rbeat_data[54]$_DFFE_PN0P_,clk_core,3.71,-1.56,22699;23396;23584;23628;23662;23664;23671;23672;23677;24622;24623;24624;24625;24626;24627;24660;24696;24697;28998;29056;41370;41373;50644;50648;50714;50724;51490;51561;75046;77987;117666
407,u_dma_fabric.rbeat_data[55]$_DFFE_PN0P_,clk_core,3.74,-1.53,22699;23376;23584;23628;23662;23664;23671;23672;23677;24472;24473;24474;24482;24483;24484;24485;24559;24560;27511;29056;41370;41373;50644;50648;50714;50724;51490;51561;75035;77987;117666
408,u_dma_fabric.rbeat_data[41]$_DFFE_PN0P_,clk_core,3.75,-1.52,22699;22705;23584;23662;23671;23677;26781;26782;26784;26785;26803;26804;26845;26846;29063;29076;41370;41373;48113;48782;52102;52152;52207;52221;52224;77987;117666
409,u_dma_fabric.rbeat_data[44]$_DFFE_PN0P_,clk_core,3.75,-1.52,22699;22705;23584;23662;23671;23677;26329;26330;26331;26332;26348;26349;26392;26393;29063;29076;41370;41373;48113;48782;52102;52152;52207;52221;52224;77987;117666
410,u_dma_fabric.rbeat_data[52]$_DFFE_PN0P_,clk_core,3.76,-1.51,22699;22703;23584;23662;23671;23677;25083;25084;25085;25086;25087;25088;25132;25133;29063;29095;41370;41373;48113;48782;52102;52152;52207;52221;52258;77987;117666
411,u_dma_fabric.rbeat_data[33]$_DFFE_PN0P_,clk_core,3.8,-1.47,22699;23315;23584;23625;23662;23664;23671;23672;23677;27982;27983;27984;27986;28005;28042;28084;28085;28938;29063;41370;41373;43190;48113;48782;52102;52152;52207;52221;77987;117666;117687
412,u_dma_fabric.rbeat_data[43]$_DFFE_PN0P_,clk_core,3.82,-1.45,22699;23334;23584;23625;23662;23664;23671;23672;23677;26449;26450;26451;26452;26468;26501;26543;26544;28947;29063;41370;41373;48113;48782;52102;52152;52207;52221;77987;117666;117690
413,u_dma_fabric.rbeat_data[23]$_DFFE_PN0P_,clk_core,3.83,-1.44,22699;23350;23584;23625;23662;23664;23671;23672;23677;28959;29056;29543;29544;29545;29547;29548;29580;29622;29623;41370;41373;50438;50456;50460;50461;50502;50520;75166;77987;117666
414,u_dma_fabric.rbeat_data[21]$_DFFE_PN0P_,clk_core,3.83,-1.44,22699;23350;23584;23625;23662;23664;23671;23672;23677;28341;29056;29822;29823;29824;29825;29841;29874;29916;29917;41370;41373;50438;50456;50460;50461;50502;50520;75170;77987;117666
415,u_dma_fabric.rbeat_data[38]$_DFFE_PN0P_,clk_core,3.85,-1.43,22699;23315;23584;23625;23662;23664;23671;23672;23677;27206;27207;27208;27219;27242;27287;27326;27328;28924;29056;41370;41373;43192;50644;50648;50710;51537;51561;77987;117666;117689
416,u_dma_fabric.rbeat_data[9]$_DFFE_PN0P_,clk_core,3.85,-1.42,22699;23315;23584;23625;23662;23664;23671;23672;23677;28938;29056;31642;31643;31647;31648;31664;31697;31737;31738;41370;41373;50438;50456;50460;50461;50502;50520;77987;117666
417,u_dma_fabric.rbeat_data[61]$_DFFE_PN0P_,clk_core,3.85,-1.42,22699;23367;23584;23608;23609;23610;23618;23619;23628;23659;23660;23662;23664;23671;23672;23677;23708;23709;27474;29056;41370;41373;50644;50648;50714;50724;51561;77987;117666
418,u_dma_fabric.rbeat_data[25]$_DFFE_PN0P_,clk_core,3.86,-1.41,22699;23334;23584;23625;23662;23664;23671;23672;23677;28947;29063;29240;29241;29242;29243;29244;29280;29320;29321;41370;41373;50738;50769;50881;50916;50923;77987;117666;117686
419,u_dma_fabric.rbeat_data[20]$_DFFE_PN0P_,clk_core,3.87,-1.41,22699;23362;23584;23628;23662;23664;23671;23672;23677;27741;29056;29985;29986;29987;29988;29989;30023;30061;30062;41370;41373;50644;50648;50693;51514;51561;75172;77987;117666
420,u_dma_fabric.rbeat_data[49]$_DFFE_PN0P_,clk_core,3.87,-1.4,22699;23362;23584;23628;23662;23664;23671;23672;23677;25550;25552;25556;25564;25580;25581;25623;25624;27489;29056;41370;41373;50644;50648;50714;50724;51561;75097;77987;117666
421,u_dma_fabric.rbeat_data[30]$_DFFE_PN0P_,clk_core,3.87,-1.4,22699;23362;23584;23628;23662;23664;23671;23672;23677;27489;28486;28487;28488;28489;28490;28491;28529;28530;29063;41370;41373;43169;50738;50743;50881;50916;50923;77987;117666
422,u_dma_fabric.rbeat_data[48]$_DFFE_PN0P_,clk_core,3.87,-1.4,22699;23396;23584;23628;23662;23664;23671;23672;23677;25733;25734;25735;25736;25738;25739;25779;25781;28992;29056;41370;41373;50644;50648;50710;51537;51561;75098;77987;117666
423,u_dma_fabric.rbeat_data[51]$_DFFE_PN0P_,clk_core,3.87,-1.4,22699;23350;23584;23625;23662;23664;23671;23672;23677;25267;25269;25271;25285;25287;25289;25332;25333;28341;29056;41370;41373;50644;50648;50714;50724;51561;75079;77987;117666
424,u_dma_fabric.rbeat_data[57]$_DFFE_PN0P_,clk_core,3.88,-1.39,22699;23396;23584;23628;23662;23664;23671;23672;23677;24159;24160;24161;24162;24178;24210;24247;24281;24282;27481;29056;41370;41373;50703;51257;51397;51464;77987;117666;117693
425,u_dma_fabric.rbeat_data[62]$_DFFE_PN0P_,clk_core,3.88,-1.39,22699;23354;23355;23356;23357;23358;23367;23407;23463;23521;23522;23584;23628;23662;23664;23671;23672;23677;27480;29056;41370;41373;43167;50644;50648;50714;51561;77987;117666
426,u_dma_fabric.rbeat_data[56]$_DFFE_PN0P_,clk_core,3.88,-1.39,22699;23367;23584;23628;23662;23664;23671;23672;23677;24310;24311;24312;24313;24314;24346;24379;24416;24417;27474;29056;41370;41373;43179;50644;50648;50714;51561;77987;117666
427,u_dma_fabric.rbeat_data[14]$_DFFE_PN0P_,clk_core,3.88,-1.39,22699;23350;23584;23625;23662;23664;23671;23672;23677;28341;29063;30913;30914;30915;30916;30917;30918;30963;30964;41370;41373;50738;50769;50881;50916;50923;77987;117666
428,u_dma_fabric.rbeat_data[11]$_DFFE_PN0P_,clk_core,3.88,-1.39,22699;23362;23584;23628;23662;23664;23671;23672;23677;27741;29063;31397;31398;31399;31400;31401;31402;31445;31446;41370;41373;43183;50774;50899;50916;50944;50947;77987;117666
429,u_dma_fabric.rbeat_data[29]$_DFFE_PN0P_,clk_core,3.88,-1.39,22699;23367;23584;23628;23662;23664;23671;23672;23677;27474;28618;28619;28621;28622;28640;28641;28681;28682;29063;41370;41373;43177;50774;50899;50916;50944;50947;77987;117666
430,u_dma_fabric.rbeat_data[3]$_DFFE_PN0P_,clk_core,3.89,-1.39,22699;23315;23584;23625;23662;23664;23671;23672;23677;28924;29056;32515;32516;32520;32521;32522;32554;32592;32593;41370;41373;50644;50648;50693;51514;51561;77987;117666
431,u_dma_fabric.rbeat_data[10]$_DFFE_PN0P_,clk_core,3.91,-1.36,22699;23362;23584;23628;23662;23664;23671;23672;23677;27489;29063;31544;31545;31546;31547;31548;31549;31588;31589;41370;41373;50774;50899;50916;50944;50947;77987;117666
432,u_dma_fabric.rbeat_data[42]$_DFFE_PN0P_,clk_core,3.91,-1.37,22699;22705;23584;23662;23671;23677;26614;26615;26616;26617;26618;26655;26697;26698;29063;29076;41370;41373;50738;50743;50881;50916;50923;77987;117666
433,u_dma_fabric.rbeat_data[35]$_DFFE_PN0P_,clk_core,3.91,-1.37,22699;22712;23584;23662;23671;23677;27721;27722;27723;27731;27732;27733;27773;27774;29063;29078;41370;41373;48782;50749;50886;51304;52671;77987;117666
434,u_dma_fabric.rbeat_data[19]$_DFFE_PN0P_,clk_core,3.91,-1.36,22699;23362;23584;23628;23662;23664;23671;23672;23677;27702;29056;30147;30148;30149;30150;30166;30167;30207;30208;41370;41373;50456;50460;50461;50502;50520;75173;77987;117666
435,u_dma_fabric.rbeat_data[45]$_DFFE_PN0P_,clk_core,3.91,-1.36,22705;23402;23584;23628;23662;23664;23671;23672;23677;26119;26121;26122;26126;26128;26129;26241;26242;27270;29076;41370;41373;44517;47451;53297;54273;71368;71390;77987;117666
436,g_chan[1].u_cdc_chw.mem[16][54]$_DFFE_PP_,clk_core,3.92,-1.36,22547;23446;23583;23656;23662;23670;23671;23672;23677;34570;40415;41370;41373;45626;45627;45628;45629;53429;53432;54105;55567;59759;59781;59797;64715;64722;77987;117666
437,g_chan[1].u_cdc_chw.mem[17][54]$_DFFE_PP_,clk_core,3.92,-1.36,22547;23446;23583;23656;23662;23670;23671;23672;23677;34570;40415;41370;41373;45626;45627;45628;45629;53429;53432;54105;55638;59759;59781;59797;64715;64722;77987;117666
438,g_chan[1].u_cdc_chw.mem[18][54]$_DFFE_PP_,clk_core,3.92,-1.36,22547;23446;23583;23656;23662;23670;23671;23672;23677;34570;40415;41370;41373;45626;45627;45628;45629;53429;53432;54105;55718;59759;59781;59797;64715;64722;77987;117666
439,g_chan[1].u_cdc_chw.mem[19][54]$_DFFE_PP_,clk_core,3.92,-1.36,22547;23446;23583;23656;23662;23670;23671;23672;23677;34570;40415;41370;41373;45626;45627;45628;45629;53429;53432;54105;55843;59759;59781;59797;64715;64722;77987;117666
440,g_chan[1].u_cdc_chw.mem[1][54]$_DFFE_PP_,clk_core,3.92,-1.36,22547;23446;23583;23656;23662;23670;23671;23672;23677;34570;40415;41370;41373;45626;45627;45628;45629;53429;53432;54105;54432;59759;59781;59797;64715;64722;77987;117666
441,g_chan[1].u_cdc_chw.mem[20][54]$_DFFE_PP_,clk_core,3.92,-1.36,22547;23446;23583;23656;23662;23670;23671;23672;23677;34597;40415;41370;41373;45626;45627;45628;45629;53429;53432;54105;55915;59759;59781;59797;64715;64722;77987;117666
442,g_chan[1].u_cdc_chw.mem[21][54]$_DFFE_PP_,clk_core,3.92,-1.36,22547;23446;23583;23656;23662;23670;23671;23672;23677;34605;40415;41370;41373;45626;45627;45628;45629;53429;53432;54105;55986;59759;59781;59797;64715;64722;77987;117666
443,g_chan[1].u_cdc_chw.mem[22][54]$_DFFE_PP_,clk_core,3.92,-1.36,22547;23446;23583;23656;23662;23670;23671;23672;23677;34597;40415;41370;41373;45626;45627;45628;45629;53429;53432;54105;56057;59759;59781;59797;64715;64722;77987;117666
444,g_chan[1].u_cdc_chw.mem[23][54]$_DFFE_PP_,clk_core,3.92,-1.36,22547;23446;23583;23656;23662;23670;23671;23672;23677;34605;40415;41370;41373;45626;45627;45628;45629;53429;53432;54105;56128;59759;59781;59797;64715;64722;77987;117666
445,g_chan[1].u_cdc_chw.mem[24][54]$_DFFE_PP_,clk_core,3.92,-1.36,22547;23446;23583;23656;23662;23670;23671;23672;23677;34605;40415;41370;41373;45626;45627;45628;45629;53429;53432;54105;56200;59759;59781;59797;64715;64722;77987;117666
446,g_chan[1].u_cdc_chw.mem[3][54]$_DFFE_PP_,clk_core,3.92,-1.36,22547;23446;23583;23656;23662;23670;23671;23672;23677;34570;40415;41370;41373;45626;45627;45628;45629;53429;53432;54105;54576;59759;59781;59797;64715;64722;77987;117666
447,g_chan[1].u_cdc_chw.mem[4][54]$_DFFE_PP_,clk_core,3.92,-1.36,22547;23446;23583;23656;23662;23670;23671;23672;23677;34597;40415;41370;41373;45626;45627;45628;45629;53429;53432;54105;54649;59759;59781;59797;64715;64722;77987;117666
448,g_chan[1].u_cdc_chw.mem[5][54]$_DFFE_PP_,clk_core,3.92,-1.36,22547;23446;23583;23656;23662;23670;23671;23672;23677;34605;40415;41370;41373;45626;45627;45628;45629;53429;53432;54105;54720;59759;59781;59797;64715;64722;77987;117666
449,g_chan[1].u_cdc_chw.mem[7][54]$_DFFE_PP_,clk_core,3.92,-1.36,22547;23446;23583;23656;23662;23670;23671;23672;23677;34605;40415;41370;41373;45626;45627;45628;45629;53429;53432;54105;54862;59759;59781;59797;64715;64722;77987;117666
450,g_chan[1].u_cdc_chw.mem[31][54]$_DFFE_PP_,clk_core,3.92,-1.36,22558;23446;23583;23656;23662;23670;23671;23672;23677;34419;40415;41370;41373;45626;45627;45628;45629;53429;53432;54105;56761;59759;59781;59797;64715;64722;77987;117666
451,g_chan[1].u_cdc_chw.mem[12][54]$_DFFE_PP_,clk_core,3.92,-1.36,22509;23446;23583;23656;23662;23670;23671;23672;23677;34336;40415;41370;41373;45626;45627;45628;45629;53429;53432;54105;55282;59759;59781;59797;64715;64722;77987;117666
452,g_chan[1].u_cdc_chw.mem[13][54]$_DFFE_PP_,clk_core,3.92,-1.36,22509;23446;23583;23656;23662;23670;23671;23672;23677;34335;40415;41370;41373;45626;45627;45628;45629;53429;53432;54105;55353;59759;59781;59797;64715;64722;77987;117666
453,g_chan[1].u_cdc_chw.mem[14][54]$_DFFE_PP_,clk_core,3.92,-1.36,22509;23446;23583;23656;23662;23670;23671;23672;23677;34336;40415;41370;41373;45626;45627;45628;45629;53429;53432;54105;55424;59759;59781;59797;64715;64722;77987;117666
454,g_chan[1].u_cdc_chw.mem[15][54]$_DFFE_PP_,clk_core,3.92,-1.36,22509;23446;23583;23656;23662;23670;23671;23672;23677;34335;40415;41370;41373;45626;45627;45628;45629;53429;53432;54105;55495;59759;59781;59797;64715;64722;77987;117666
455,g_chan[1].u_cdc_chw.mem[28][54]$_DFFE_PP_,clk_core,3.92,-1.36,22509;23446;23583;23656;23662;23670;23671;23672;23677;34335;40415;41370;41373;45626;45627;45628;45629;53429;53432;54105;56494;59759;59781;59797;64715;64722;77987;117666
456,g_chan[1].u_cdc_chw.mem[29][54]$_DFFE_PP_,clk_core,3.92,-1.36,22509;23446;23583;23656;23662;23670;23671;23672;23677;34336;40415;41370;41373;45626;45627;45628;45629;53429;53432;54105;56619;59759;59781;59797;64715;64722;77987;117666
457,g_chan[1].u_cdc_chw.mem[30][54]$_DFFE_PP_,clk_core,3.92,-1.36,22509;23446;23583;23656;23662;23670;23671;23672;23677;34336;40415;41370;41373;45626;45627;45628;45629;53429;53432;54105;56690;59759;59781;59797;64715;64722;77987;117666
458,g_chan[1].u_cdc_chw.mem[6][54]$_DFFE_PP_,clk_core,3.92,-1.36,22558;23446;23583;23656;23662;23670;23671;23672;23677;34546;40415;41370;41373;45626;45627;45628;45629;53429;53432;54105;54791;59759;59781;59797;64715;64722;77987;117666
459,g_chan[1].u_cdc_chw.mem[10][54]$_DFFE_PP_,clk_core,3.92,-1.36,22546;23446;23583;23656;23662;23670;23671;23672;23677;34608;40415;41370;41373;45626;45627;45628;45629;53429;53432;54105;55139;59759;59781;59797;64715;64722;77987;117666
460,g_chan[1].u_cdc_chw.mem[11][54]$_DFFE_PP_,clk_core,3.92,-1.36,22546;23446;23583;23656;23662;23670;23671;23672;23677;34608;40415;41370;41373;45626;45627;45628;45629;53429;53432;54105;55210;59759;59781;59797;64715;64722;77987;117666
461,g_chan[1].u_cdc_chw.mem[25][54]$_DFFE_PP_,clk_core,3.92,-1.36,22546;23446;23583;23656;23662;23670;23671;23672;23677;34608;40415;41370;41373;45626;45627;45628;45629;53429;53432;54105;56271;59759;59781;59797;64715;64722;77987;117666
462,g_chan[1].u_cdc_chw.mem[26][54]$_DFFE_PP_,clk_core,3.92,-1.36,22546;23446;23583;23656;23662;23670;23671;23672;23677;34608;40415;41370;41373;45626;45627;45628;45629;53429;53432;54105;56342;59759;59781;59797;64715;64722;77987;117666
463,g_chan[1].u_cdc_chw.mem[27][54]$_DFFE_PP_,clk_core,3.92,-1.36,22546;23446;23583;23656;23662;23670;23671;23672;23677;34608;40415;41370;41373;45626;45627;45628;45629;53429;53432;54105;56413;59759;59781;59797;64715;64722;77987;117666
464,g_chan[1].u_cdc_chw.mem[8][54]$_DFFE_PP_,clk_core,3.92,-1.36,22546;23446;23583;23656;23662;23670;23671;23672;23677;34608;40415;41370;41373;45626;45627;45628;45629;53429;53432;54105;54943;59759;59781;59797;64715;64722;77987;117666
465,g_chan[1].u_cdc_chw.mem[9][54]$_DFFE_PP_,clk_core,3.92,-1.36,22546;23446;23583;23656;23662;23670;23671;23672;23677;34608;40415;41370;41373;45626;45627;45628;45629;53429;53432;54105;55068;59759;59781;59797;64715;64722;77987;117666
466,g_chan[1].u_cdc_chw.mem[16][58]$_DFFE_PP_,clk_core,3.93,-1.35,22602;23446;23583;23656;23662;23670;23671;23672;23677;33600;40415;41370;41373;45548;45549;45550;45551;53429;53432;54105;55563;59403;59428;60468;64715;64722;77987;117666
467,g_chan[1].u_cdc_chw.mem[18][58]$_DFFE_PP_,clk_core,3.93,-1.35,22602;23446;23583;23656;23662;23670;23671;23672;23677;33599;40415;41370;41373;45548;45549;45550;45551;53429;53432;54105;55710;59403;59428;60468;64715;64722;77987;117666
468,g_chan[1].u_cdc_chw.mem[19][58]$_DFFE_PP_,clk_core,3.93,-1.35,22602;23446;23583;23656;23662;23670;23671;23672;23677;33599;40415;41370;41373;45548;45549;45550;45551;53429;53432;54105;55839;59403;59428;60468;64715;64722;77987;117666
469,g_chan[1].u_cdc_chw.mem[25][58]$_DFFE_PP_,clk_core,3.93,-1.35,22602;23446;23583;23656;23662;23670;23671;23672;23677;33602;40415;41370;41373;45548;45549;45550;45551;53429;53432;54105;56267;59403;59428;60468;64715;64722;77987;117666
470,g_chan[1].u_cdc_chw.mem[27][58]$_DFFE_PP_,clk_core,3.93,-1.35,22602;23446;23583;23656;23662;23670;23671;23672;23677;33602;40415;41370;41373;45548;45549;45550;45551;53429;53432;54105;56409;59403;59428;60468;64715;64722;77987;117666
471,g_chan[1].u_cdc_chw.mem[2][58]$_DFFE_PP_,clk_core,3.93,-1.35,22602;23446;23583;23656;23662;23670;23671;23672;23677;33593;40415;41370;41373;45548;45549;45550;45551;53429;53432;54105;54500;59403;59428;60468;64715;64722;77987;117666
472,g_chan[1].u_cdc_chw.mem[12][58]$_DFFE_PP_,clk_core,3.93,-1.35,22602;23446;23583;23656;23662;23670;23671;23672;23677;33667;40415;41370;41373;45548;45549;45550;45551;53429;53432;54105;55278;59403;59428;60468;64715;64722;77987;117666
473,g_chan[1].u_cdc_chw.mem[14][58]$_DFFE_PP_,clk_core,3.93,-1.35,22602;23446;23583;23656;23662;23670;23671;23672;23677;33667;40415;41370;41373;45548;45549;45550;45551;53429;53432;54105;55420;59403;59428;60468;64715;64722;77987;117666
474,g_chan[1].u_cdc_chw.mem[15][58]$_DFFE_PP_,clk_core,3.93,-1.35,22602;23446;23583;23656;23662;23670;23671;23672;23677;33667;40415;41370;41373;45548;45549;45550;45551;53429;53432;54105;55491;59403;59428;60468;64715;64722;77987;117666
475,g_chan[1].u_cdc_chw.mem[17][58]$_DFFE_PP_,clk_core,3.93,-1.35,22602;23446;23583;23656;23662;23670;23671;23672;23677;33604;40415;41370;41373;45548;45549;45550;45551;53429;53432;54105;55634;59403;59428;60468;64715;64722;77987;117666
476,u_dma_fabric.rbeat_data[17]$_DFFE_PN0P_,clk_core,3.93,-1.34,22699;23392;23584;23628;23662;23664;23671;23672;23677;27776;29063;30466;30467;30468;30469;30471;30472;30516;30517;41370;41373;43188;50758;50774;50899;50916;77987;117666
477,g_chan[1].u_cdc_chw.mem[10][58]$_DFFE_PP_,clk_core,3.93,-1.35,22580;23446;23583;23656;23662;23670;23671;23672;23677;33719;40415;41370;41373;45548;45549;45550;45551;53429;53432;54105;55135;59403;59428;60468;64715;64722;77987;117666
478,g_chan[1].u_cdc_chw.mem[13][58]$_DFFE_PP_,clk_core,3.93,-1.35,22580;23446;23583;23656;23662;23670;23671;23672;23677;33669;40415;41370;41373;45548;45549;45550;45551;53429;53432;54105;55349;59403;59428;60468;64715;64722;77987;117666
479,g_chan[1].u_cdc_chw.mem[1][58]$_DFFE_PP_,clk_core,3.93,-1.35,22580;23446;23583;23656;23662;23670;23671;23672;23677;33669;40415;41370;41373;45548;45549;45550;45551;53429;53432;54105;54428;59403;59428;60468;64715;64722;77987;117666
480,g_chan[1].u_cdc_chw.mem[3][58]$_DFFE_PP_,clk_core,3.93,-1.35,22580;23446;23583;23656;23662;23670;23671;23672;23677;33669;40415;41370;41373;45548;45549;45550;45551;53429;53432;54105;54572;59403;59428;60468;64715;64722;77987;117666
481,g_chan[1].u_cdc_chw.mem[4][58]$_DFFE_PP_,clk_core,3.93,-1.35,22580;23446;23583;23656;23662;23670;23671;23672;23677;33669;40415;41370;41373;45548;45549;45550;45551;53429;53432;54105;54645;59403;59428;60468;64715;64722;77987;117666
482,g_chan[1].u_cdc_chw.mem[5][58]$_DFFE_PP_,clk_core,3.93,-1.35,22580;23446;23583;23656;23662;23670;23671;23672;23677;33669;40415;41370;41373;45548;45549;45550;45551;53429;53432;54105;54716;59403;59428;60468;64715;64722;77987;117666
483,g_chan[1].u_cdc_chw.mem[6][58]$_DFFE_PP_,clk_core,3.93,-1.35,22580;23446;23583;23656;23662;23670;23671;23672;23677;33669;40415;41370;41373;45548;45549;45550;45551;53429;53432;54105;54787;59403;59428;60468;64715;64722;77987;117666
484,g_chan[1].u_cdc_chw.mem[7][58]$_DFFE_PP_,clk_core,3.93,-1.35,22580;23446;23583;23656;23662;23670;23671;23672;23677;33669;40415;41370;41373;45548;45549;45550;45551;53429;53432;54105;54858;59403;59428;60468;64715;64722;77987;117666
485,g_chan[1].u_cdc_chw.mem[8][58]$_DFFE_PP_,clk_core,3.93,-1.35,22580;23446;23583;23656;23662;23670;23671;23672;23677;33719;40415;41370;41373;45548;45549;45550;45551;53429;53432;54105;54935;59403;59428;60468;64715;64722;77987;117666
486,g_chan[1].u_cdc_chw.mem[9][58]$_DFFE_PP_,clk_core,3.93,-1.35,22580;23446;23583;23656;23662;23670;23671;23672;23677;33719;40415;41370;41373;45548;45549;45550;45551;53429;53432;54105;55064;59403;59428;60468;64715;64722;77987;117666
487,u_dma_fabric.rbeat_data[39]$_DFFE_PN0P_,clk_core,3.93,-1.34,22699;22705;23584;23662;23671;23677;27086;27088;27089;27090;27110;27111;27153;27154;29063;29076;41370;41373;48113;48782;52102;52152;52207;77987;117666
488,g_chan[1].u_cdc_chw.mem[11][58]$_DFFE_PP_,clk_core,3.93,-1.35,22580;23446;23583;23656;23662;23670;23671;23672;23677;33671;40415;41370;41373;45548;45549;45550;45551;53429;53432;54105;55206;59403;59428;60468;64715;64722;77987;117666
489,g_chan[1].u_cdc_chw.mem[0][58]$_DFFE_PP_,clk_core,3.93,-1.35,22617;23446;23583;23656;23662;23670;23671;23672;23677;33592;40415;41370;41373;45548;45549;45550;45551;53429;53432;54105;54356;59403;59428;60468;64715;64722;77987;117666
490,u_dma_fabric.rbeat_data[32]$_DFFE_PN0P_,clk_core,3.94,-1.35,23315;23402;23625;23628;23664;23672;23677;27270;28097;28098;28099;28105;28106;28125;28232;28233;28938;41370;41373;44517;47451;53341;54273;71368;71390;77987;117666
491,g_chan[2].u_cdc_chw.mem[16][55]$_DFFE_PP_,clk_core,3.94,-1.34,23070;23446;23621;23656;23664;23670;23672;23677;27245;40415;41370;41373;45607;45608;45609;45610;53429;53432;54105;59725;59726;63291;64715;64722;77987;117666
492,g_chan[2].u_cdc_chw.mem[17][55]$_DFFE_PP_,clk_core,3.94,-1.34,23070;23446;23621;23656;23664;23670;23672;23677;27245;40415;41370;41373;45607;45608;45609;45610;53429;53432;54105;59725;59726;63417;64715;64722;77987;117666
493,u_dma_fabric.rbeat_data[2]$_DFFE_PN0P_,clk_core,3.94,-1.34,22699;23362;23584;23628;23662;23664;23671;23672;23677;27741;29063;32651;32652;32653;32661;32662;32694;32732;32733;41370;41373;43187;50758;50774;50899;50916;77987;117666
494,u_dma_fabric.rbeat_data[12]$_DFFE_PN0P_,clk_core,3.94,-1.34,22699;22712;23584;23662;23671;23677;29056;29078;31175;31176;31181;31191;31213;31258;31300;31301;41370;41373;50456;50460;50461;50502;50520;77987;117666
495,g_chan[2].u_cdc_chw.mem[20][55]$_DFFE_PP_,clk_core,3.94,-1.34,23081;23446;23621;23656;23664;23670;23672;23677;38323;40415;41370;41373;45607;45608;45609;45610;53429;53432;54105;59725;59726;63631;64715;64722;77987;117666
496,g_chan[2].u_cdc_chw.mem[21][55]$_DFFE_PP_,clk_core,3.94,-1.34,23081;23446;23621;23656;23664;23670;23672;23677;38312;40415;41370;41373;45607;45608;45609;45610;53429;53432;54105;59725;59726;63702;64715;64722;77987;117666
497,g_chan[2].u_cdc_chw.mem[22][55]$_DFFE_PP_,clk_core,3.94,-1.34,23081;23446;23621;23656;23664;23670;23672;23677;38301;40415;41370;41373;45607;45608;45609;45610;53429;53432;54105;59725;59726;63773;64715;64722;77987;117666
498,g_chan[2].u_cdc_chw.mem[25][55]$_DFFE_PP_,clk_core,3.94,-1.34,23081;23446;23621;23656;23664;23670;23672;23677;38323;40415;41370;41373;45607;45608;45609;45610;53429;53432;54105;59725;59726;63987;64715;64722;77987;117666
499,g_chan[2].u_cdc_chw.mem[28][55]$_DFFE_PP_,clk_core,3.94,-1.34,23081;23446;23621;23656;23664;23670;23672;23677;38323;40415;41370;41373;45607;45608;45609;45610;53429;53432;54105;59725;59726;64264;64715;64722;77987;117666
500,g_chan[2].u_cdc_chw.mem[29][55]$_DFFE_PP_,clk_core,3.94,-1.34,23081;23446;23621;23656;23664;23670;23672;23677;38312;40415;41370;41373;45607;45608;45609;45610;53429;53432;54105;59725;59726;64335;64715;64722;77987;117666
501,g_chan[2].u_cdc_chw.mem[30][55]$_DFFE_PP_,clk_core,3.94,-1.34,23081;23446;23621;23656;23664;23670;23672;23677;38323;40415;41370;41373;45607;45608;45609;45610;53429;53432;54105;59725;59726;64406;64715;64722;77987;117666
502,g_chan[2].u_cdc_chw.mem[31][55]$_DFFE_PP_,clk_core,3.94,-1.34,23081;23446;23621;23656;23664;23670;23672;23677;38312;40415;41370;41373;45607;45608;45609;45610;53429;53432;54105;59725;59726;64477;64715;64722;77987;117666
503,g_chan[2].u_cdc_chw.mem[23][55]$_DFFE_PP_,clk_core,3.94,-1.34,23092;23446;23621;23656;23664;23670;23672;23677;38334;40415;41370;41373;45607;45608;45609;45610;53429;53432;54105;59725;59726;63844;64715;64722;77987;117666
504,u_dma_fabric.rbeat_data[59]$_DFFE_PN0P_,clk_core,3.94,-1.33,22699;23396;23584;23628;23662;23664;23671;23672;23677;23875;23876;23877;23878;23894;23929;23973;24008;24009;27481;29056;41370;41373;50703;51257;51397;51464;74997;77987;117666
505,g_chan[2].u_cdc_chw.mem[10][55]$_DFFE_PP_,clk_core,3.94,-1.34,22735;23446;23589;23656;23662;23670;23671;23672;23677;31123;40415;41370;41373;45607;45608;45609;45610;53429;53432;54105;59725;59726;62855;64715;64722;77987;117666
506,g_chan[2].u_cdc_chw.mem[11][55]$_DFFE_PP_,clk_core,3.94,-1.34,22735;23446;23589;23656;23662;23670;23671;23672;23677;31123;40415;41370;41373;45607;45608;45609;45610;53429;53432;54105;59725;59726;62926;64715;64722;77987;117666
507,g_chan[2].u_cdc_chw.mem[14][55]$_DFFE_PP_,clk_core,3.94,-1.34,22735;23446;23589;23656;23662;23670;23671;23672;23677;31131;40415;41370;41373;45607;45608;45609;45610;53429;53432;54105;59725;59726;63140;64715;64722;77987;117666
508,g_chan[2].u_cdc_chw.mem[1][55]$_DFFE_PP_,clk_core,3.94,-1.34,22735;23446;23589;23656;23662;23670;23671;23672;23677;31089;40415;41370;41373;45607;45608;45609;45610;53429;53432;54105;59725;59726;62148;64715;64722;77987;117666
509,g_chan[2].u_cdc_chw.mem[4][55]$_DFFE_PP_,clk_core,3.94,-1.34,22735;23446;23589;23656;23662;23670;23671;23672;23677;31089;40415;41370;41373;45607;45608;45609;45610;53429;53432;54105;59725;59726;62365;64715;64722;77987;117666
510,g_chan[2].u_cdc_chw.mem[5][55]$_DFFE_PP_,clk_core,3.94,-1.34,22735;23446;23589;23656;23662;23670;23671;23672;23677;31089;40415;41370;41373;45607;45608;45609;45610;53429;53432;54105;59725;59726;62436;64715;64722;77987;117666
511,g_chan[2].u_cdc_chw.mem[6][55]$_DFFE_PP_,clk_core,3.94,-1.34,22735;23446;23589;23656;23662;23670;23671;23672;23677;31123;40415;41370;41373;45607;45608;45609;45610;53429;53432;54105;59725;59726;62515;64715;64722;77987;117666
512,g_chan[2].u_cdc_chw.mem[7][55]$_DFFE_PP_,clk_core,3.94,-1.34,22735;23446;23589;23656;23662;23670;23671;23672;23677;31123;40415;41370;41373;45607;45608;45609;45610;53429;53432;54105;59725;59726;62641;64715;64722;77987;117666
513,g_chan[2].u_cdc_chw.mem[8][55]$_DFFE_PP_,clk_core,3.94,-1.34,22735;23446;23589;23656;23662;23670;23671;23672;23677;31131;40415;41370;41373;45607;45608;45609;45610;53429;53432;54105;59725;59726;62713;64715;64722;77987;117666
514,g_chan[2].u_cdc_chw.mem[9][55]$_DFFE_PP_,clk_core,3.94,-1.34,22735;23446;23589;23656;23662;23670;23671;23672;23677;31131;40415;41370;41373;45607;45608;45609;45610;53429;53432;54105;59725;59726;62784;64715;64722;77987;117666
515,u_dma_fabric.rbeat_data[46]$_DFFE_PN0P_,clk_core,3.94,-1.34,23315;23402;23625;23628;23664;23672;23677;25948;25949;25950;25955;25956;25976;26087;26088;27270;28924;41370;41373;44517;47451;53297;54273;71368;71390;77987;117666
516,g_chan[2].u_cdc_chw.mem[0][55]$_DFFE_PP_,clk_core,3.94,-1.34,22735;23446;23589;23656;23662;23670;23671;23672;23677;31087;40415;41370;41373;45607;45608;45609;45610;53429;53432;54105;59725;59726;62076;64715;64722;77987;117666
517,g_chan[2].u_cdc_chw.mem[12][55]$_DFFE_PP_,clk_core,3.94,-1.34,22735;23446;23589;23656;23662;23670;23671;23672;23677;31087;40415;41370;41373;45607;45608;45609;45610;53429;53432;54105;59725;59726;62998;64715;64722;77987;117666
518,g_chan[2].u_cdc_chw.mem[13][55]$_DFFE_PP_,clk_core,3.94,-1.34,22735;23446;23589;23656;23662;23670;23671;23672;23677;31087;40415;41370;41373;45607;45608;45609;45610;53429;53432;54105;59725;59726;63069;64715;64722;77987;117666
519,g_chan[2].u_cdc_chw.mem[15][55]$_DFFE_PP_,clk_core,3.94,-1.34,22735;23446;23589;23656;23662;23670;23671;23672;23677;31087;40415;41370;41373;45607;45608;45609;45610;53429;53432;54105;59725;59726;63211;64715;64722;77987;117666
520,g_chan[2].u_cdc_chw.mem[2][55]$_DFFE_PP_,clk_core,3.94,-1.34,22735;23446;23589;23656;23662;23670;23671;23672;23677;31087;40415;41370;41373;45607;45608;45609;45610;53429;53432;54105;59725;59726;62220;64715;64722;77987;117666
521,g_chan[2].u_cdc_chw.mem[3][55]$_DFFE_PP_,clk_core,3.94,-1.34,22735;23446;23589;23656;23662;23670;23671;23672;23677;31087;40415;41370;41373;45607;45608;45609;45610;53429;53432;54105;59725;59726;62292;64715;64722;77987;117666
522,g_chan[1].u_cdc_chw.mem[12][53]$_DFFE_PP_,clk_core,3.94,-1.34,22405;23446;23582;23656;23662;23670;23671;23672;23677;33990;40415;41370;41373;45644;45646;45648;45649;53429;53432;54105;55283;59831;59853;64715;64722;77987;117666
523,g_chan[1].u_cdc_chw.mem[13][53]$_DFFE_PP_,clk_core,3.94,-1.34,22405;23446;23582;23656;23662;23670;23671;23672;23677;33990;40415;41370;41373;45644;45646;45648;45649;53429;53432;54105;55354;59831;59853;64715;64722;77987;117666
524,g_chan[1].u_cdc_chw.mem[14][53]$_DFFE_PP_,clk_core,3.94,-1.34,22405;23446;23582;23656;23662;23670;23671;23672;23677;33969;40415;41370;41373;45644;45646;45648;45649;53429;53432;54105;55425;59831;59853;64715;64722;77987;117666
525,g_chan[1].u_cdc_chw.mem[20][53]$_DFFE_PP_,clk_core,3.94,-1.34,22405;23446;23582;23656;23662;23670;23671;23672;23677;33997;40415;41370;41373;45644;45646;45648;45649;53429;53432;54105;55916;59831;59853;64715;64722;77987;117666
526,g_chan[1].u_cdc_chw.mem[21][53]$_DFFE_PP_,clk_core,3.94,-1.34,22405;23446;23582;23656;23662;23670;23671;23672;23677;33997;40415;41370;41373;45644;45646;45648;45649;53429;53432;54105;55987;59831;59853;64715;64722;77987;117666
527,g_chan[1].u_cdc_chw.mem[25][53]$_DFFE_PP_,clk_core,3.94,-1.34,22405;23446;23582;23656;23662;23670;23671;23672;23677;33997;40415;41370;41373;45644;45646;45648;45649;53429;53432;54105;56272;59831;59853;64715;64722;77987;117666
528,g_chan[1].u_cdc_chw.mem[26][53]$_DFFE_PP_,clk_core,3.94,-1.34,22405;23446;23582;23656;23662;23670;23671;23672;23677;33997;40415;41370;41373;45644;45646;45648;45649;53429;53432;54105;56343;59831;59853;64715;64722;77987;117666
529,g_chan[1].u_cdc_chw.mem[27][53]$_DFFE_PP_,clk_core,3.94,-1.34,22405;23446;23582;23656;23662;23670;23671;23672;23677;33997;40415;41370;41373;45644;45646;45648;45649;53429;53432;54105;56414;59831;59853;64715;64722;77987;117666
530,g_chan[1].u_cdc_chw.mem[5][53]$_DFFE_PP_,clk_core,3.94,-1.34,22405;23446;23582;23656;23662;23670;23671;23672;23677;33969;40415;41370;41373;45644;45646;45648;45649;53429;53432;54105;54721;59831;59853;64715;64722;77987;117666
531,g_chan[1].u_cdc_chw.mem[24][53]$_DFFE_PP_,clk_core,3.94,-1.34,22405;23446;23582;23656;23662;23670;23671;23672;23677;34007;40415;41370;41373;45644;45646;45648;45649;53429;53432;54105;56201;59831;59853;64715;64722;77987;117666
532,g_chan[1].u_cdc_chw.mem[17][53]$_DFFE_PP_,clk_core,3.94,-1.34,22405;23446;23582;23656;23662;23670;23671;23672;23677;34030;40415;41370;41373;45644;45646;45648;45649;53429;53432;54105;55639;59831;59853;64715;64722;77987;117666
533,g_chan[1].u_cdc_chw.mem[19][53]$_DFFE_PP_,clk_core,3.94,-1.34,22405;23446;23582;23656;23662;23670;23671;23672;23677;34030;40415;41370;41373;45644;45646;45648;45649;53429;53432;54105;55844;59831;59853;64715;64722;77987;117666
534,g_chan[1].u_cdc_chw.mem[0][53]$_DFFE_PP_,clk_core,3.94,-1.34,22367;23446;23582;23656;23662;23670;23671;23672;23677;33973;40415;41370;41373;45644;45646;45648;45649;53429;53432;54105;54361;59831;59853;64715;64722;77987;117666
535,g_chan[1].u_cdc_chw.mem[10][53]$_DFFE_PP_,clk_core,3.94,-1.34,22367;23446;23582;23656;23662;23670;23671;23672;23677;33973;40415;41370;41373;45644;45646;45648;45649;53429;53432;54105;55140;59831;59853;64715;64722;77987;117666
536,g_chan[1].u_cdc_chw.mem[11][53]$_DFFE_PP_,clk_core,3.94,-1.34,22367;23446;23582;23656;23662;23670;23671;23672;23677;33973;40415;41370;41373;45644;45646;45648;45649;53429;53432;54105;55211;59831;59853;64715;64722;77987;117666
537,g_chan[1].u_cdc_chw.mem[15][53]$_DFFE_PP_,clk_core,3.94,-1.34,22367;23446;23582;23656;23662;23670;23671;23672;23677;33973;40415;41370;41373;45644;45646;45648;45649;53429;53432;54105;55496;59831;59853;64715;64722;77987;117666
538,g_chan[1].u_cdc_chw.mem[1][53]$_DFFE_PP_,clk_core,3.94,-1.34,22367;23446;23582;23656;23662;23670;23671;23672;23677;29484;40415;41370;41373;45644;45646;45648;45649;53429;53432;54105;54433;59831;59853;64715;64722;77987;117666
539,g_chan[1].u_cdc_chw.mem[22][53]$_DFFE_PP_,clk_core,3.94,-1.34,22378;23446;23582;23656;23662;23670;23671;23672;23677;34065;40415;41370;41373;45644;45646;45648;45649;53429;53432;54105;56058;59831;59853;64715;64722;77987;117666
540,g_chan[1].u_cdc_chw.mem[23][53]$_DFFE_PP_,clk_core,3.94,-1.34,22378;23446;23582;23656;23662;23670;23671;23672;23677;34065;40415;41370;41373;45644;45646;45648;45649;53429;53432;54105;56129;59831;59853;64715;64722;77987;117666
541,g_chan[1].u_cdc_chw.mem[28][53]$_DFFE_PP_,clk_core,3.94,-1.34,22378;23446;23582;23656;23662;23670;23671;23672;23677;34050;40415;41370;41373;45644;45646;45648;45649;53429;53432;54105;56496;59831;59853;64715;64722;77987;117666
542,g_chan[1].u_cdc_chw.mem[29][53]$_DFFE_PP_,clk_core,3.94,-1.34,22378;23446;23582;23656;23662;23670;23671;23672;23677;34065;40415;41370;41373;45644;45646;45648;45649;53429;53432;54105;56620;59831;59853;64715;64722;77987;117666
543,g_chan[1].u_cdc_chw.mem[2][53]$_DFFE_PP_,clk_core,3.94,-1.34,22367;23446;23582;23656;23662;23670;23671;23672;23677;33971;40415;41370;41373;45644;45646;45648;45649;53429;53432;54105;54505;59831;59853;64715;64722;77987;117666
544,g_chan[1].u_cdc_chw.mem[30][53]$_DFFE_PP_,clk_core,3.94,-1.34,22378;23446;23582;23656;23662;23670;23671;23672;23677;34050;40415;41370;41373;45644;45646;45648;45649;53429;53432;54105;56691;59831;59853;64715;64722;77987;117666
545,g_chan[1].u_cdc_chw.mem[3][53]$_DFFE_PP_,clk_core,3.94,-1.34,22367;23446;23582;23656;23662;23670;23671;23672;23677;29484;40415;41370;41373;45644;45646;45648;45649;53429;53432;54105;54577;59831;59853;64715;64722;77987;117666
546,g_chan[1].u_cdc_chw.mem[4][53]$_DFFE_PP_,clk_core,3.94,-1.34,22367;23446;23582;23656;23662;23670;23671;23672;23677;33971;40415;41370;41373;45644;45646;45648;45649;53429;53432;54105;54650;59831;59853;64715;64722;77987;117666
547,g_chan[1].u_cdc_chw.mem[6][53]$_DFFE_PP_,clk_core,3.94,-1.34,22367;23446;23582;23656;23662;23670;23671;23672;23677;33971;40415;41370;41373;45644;45646;45648;45649;53429;53432;54105;54792;59831;59853;64715;64722;77987;117666
548,g_chan[1].u_cdc_chw.mem[7][53]$_DFFE_PP_,clk_core,3.94,-1.34,22367;23446;23582;23656;23662;23670;23671;23672;23677;33971;40415;41370;41373;45644;45646;45648;45649;53429;53432;54105;54863;59831;59853;64715;64722;77987;117666
549,g_chan[1].u_cdc_chw.mem[8][53]$_DFFE_PP_,clk_core,3.94,-1.34,22367;23446;23582;23656;23662;23670;23671;23672;23677;33973;40415;41370;41373;45644;45646;45648;45649;53429;53432;54105;54945;59831;59853;64715;64722;77987;117666
550,g_chan[1].u_cdc_chw.mem[9][53]$_DFFE_PP_,clk_core,3.94,-1.34,22367;23446;23582;23656;23662;23670;23671;23672;23677;29474;40415;41370;41373;45644;45646;45648;45649;53429;53432;54105;55069;59831;59853;64715;64722;77987;117666
551,g_chan[1].u_cdc_chw.mem[31][53]$_DFFE_PP_,clk_core,3.94,-1.34,22378;23446;23582;23656;23662;23670;23671;23672;23677;34053;40415;41370;41373;45644;45646;45648;45649;53429;53432;54105;56762;59831;59853;64715;64722;77987;117666
552,g_chan[1].u_cdc_chw.mem[11][55]$_DFFE_PP_,clk_core,3.95,-1.33,22580;23446;23583;23656;23662;23670;23671;23672;23677;33718;40415;41370;41373;45607;45608;45609;45610;53429;53432;54105;55209;59737;59748;64715;64722;77987;117666
553,g_chan[1].u_cdc_chw.mem[16][55]$_DFFE_PP_,clk_core,3.95,-1.33,22580;23446;23583;23656;23662;23670;23671;23672;23677;33722;40415;41370;41373;45607;45608;45609;45610;53429;53432;54105;55566;59737;59748;64715;64722;77987;117666
554,g_chan[1].u_cdc_chw.mem[17][55]$_DFFE_PP_,clk_core,3.95,-1.33,22580;23446;23583;23656;23662;23670;23671;23672;23677;33718;40415;41370;41373;45607;45608;45609;45610;53429;53432;54105;55637;59737;59748;64715;64722;77987;117666
555,g_chan[1].u_cdc_chw.mem[18][55]$_DFFE_PP_,clk_core,3.95,-1.33,22580;23446;23583;23656;23662;23670;23671;23672;23677;33722;40415;41370;41373;45607;45608;45609;45610;53429;53432;54105;55716;59737;59748;64715;64722;77987;117666
556,g_chan[1].u_cdc_chw.mem[19][55]$_DFFE_PP_,clk_core,3.95,-1.33,22580;23446;23583;23656;23662;23670;23671;23672;23677;33722;40415;41370;41373;45607;45608;45609;45610;53429;53432;54105;55842;59737;59748;64715;64722;77987;117666
557,g_chan[1].u_cdc_chw.mem[25][55]$_DFFE_PP_,clk_core,3.95,-1.33,22580;23446;23583;23656;23662;23670;23671;23672;23677;33722;40415;41370;41373;45607;45608;45609;45610;53429;53432;54105;56270;59737;59748;64715;64722;77987;117666
558,g_chan[1].u_cdc_chw.mem[27][55]$_DFFE_PP_,clk_core,3.95,-1.33,22580;23446;23583;23656;23662;23670;23671;23672;23677;33718;40415;41370;41373;45607;45608;45609;45610;53429;53432;54105;56412;59737;59748;64715;64722;77987;117666
559,g_chan[1].u_cdc_chw.mem[10][55]$_DFFE_PP_,clk_core,3.95,-1.33,22580;23446;23583;23656;23662;23670;23671;23672;23677;33732;40415;41370;41373;45607;45608;45609;45610;53429;53432;54105;55138;59737;59748;64715;64722;77987;117666
560,g_chan[1].u_cdc_chw.mem[12][55]$_DFFE_PP_,clk_core,3.95,-1.33,22580;23446;23583;23656;23662;23670;23671;23672;23677;33732;40415;41370;41373;45607;45608;45609;45610;53429;53432;54105;55281;59737;59748;64715;64722;77987;117666
561,g_chan[1].u_cdc_chw.mem[13][55]$_DFFE_PP_,clk_core,3.95,-1.33,22580;23446;23583;23656;23662;23670;23671;23672;23677;33732;40415;41370;41373;45607;45608;45609;45610;53429;53432;54105;55352;59737;59748;64715;64722;77987;117666
562,g_chan[1].u_cdc_chw.mem[1][55]$_DFFE_PP_,clk_core,3.95,-1.33,22580;23446;23583;23656;23662;23670;23671;23672;23677;33719;40415;41370;41373;45607;45608;45609;45610;53429;53432;54105;54431;59737;59748;64715;64722;77987;117666
563,g_chan[1].u_cdc_chw.mem[20][55]$_DFFE_PP_,clk_core,3.95,-1.33,22591;23446;23583;23656;23662;23670;23671;23672;23677;33728;40415;41370;41373;45607;45608;45609;45610;53429;53432;54105;55914;59737;59748;64715;64722;77987;117666
564,g_chan[1].u_cdc_chw.mem[21][55]$_DFFE_PP_,clk_core,3.95,-1.33,22591;23446;23583;23656;23662;23670;23671;23672;23677;33728;40415;41370;41373;45607;45608;45609;45610;53429;53432;54105;55985;59737;59748;64715;64722;77987;117666
565,g_chan[1].u_cdc_chw.mem[22][55]$_DFFE_PP_,clk_core,3.95,-1.33,22591;23446;23583;23656;23662;23670;23671;23672;23677;33728;40415;41370;41373;45607;45608;45609;45610;53429;53432;54105;56056;59737;59748;64715;64722;77987;117666
566,g_chan[1].u_cdc_chw.mem[23][55]$_DFFE_PP_,clk_core,3.95,-1.33,22591;23446;23583;23656;23662;23670;23671;23672;23677;33729;40415;41370;41373;45607;45608;45609;45610;53429;53432;54105;56127;59737;59748;64715;64722;77987;117666
567,g_chan[1].u_cdc_chw.mem[24][55]$_DFFE_PP_,clk_core,3.95,-1.33,22591;23446;23583;23656;23662;23670;23671;23672;23677;33728;40415;41370;41373;45607;45608;45609;45610;53429;53432;54105;56199;59737;59748;64715;64722;77987;117666
568,g_chan[1].u_cdc_chw.mem[26][55]$_DFFE_PP_,clk_core,3.95,-1.33,22591;23446;23583;23656;23662;23670;23671;23672;23677;33728;40415;41370;41373;45607;45608;45609;45610;53429;53432;54105;56341;59737;59748;64715;64722;77987;117666
569,g_chan[1].u_cdc_chw.mem[28][55]$_DFFE_PP_,clk_core,3.95,-1.33,22580;23446;23583;23656;23662;23670;23671;23672;23677;33732;40415;41370;41373;45607;45608;45609;45610;53429;53432;54105;56492;59737;59748;64715;64722;77987;117666
570,g_chan[1].u_cdc_chw.mem[29][55]$_DFFE_PP_,clk_core,3.95,-1.33,22580;23446;23583;23656;23662;23670;23671;23672;23677;33732;40415;41370;41373;45607;45608;45609;45610;53429;53432;54105;56618;59737;59748;64715;64722;77987;117666
571,g_chan[1].u_cdc_chw.mem[30][55]$_DFFE_PP_,clk_core,3.95,-1.33,22580;23446;23583;23656;23662;23670;23671;23672;23677;33732;40415;41370;41373;45607;45608;45609;45610;53429;53432;54105;56689;59737;59748;64715;64722;77987;117666
572,g_chan[1].u_cdc_chw.mem[31][55]$_DFFE_PP_,clk_core,3.95,-1.33,22580;23446;23583;23656;23662;23670;23671;23672;23677;33732;40415;41370;41373;45607;45608;45609;45610;53429;53432;54105;56760;59737;59748;64715;64722;77987;117666
573,g_chan[1].u_cdc_chw.mem[3][55]$_DFFE_PP_,clk_core,3.95,-1.33,22591;23446;23583;23656;23662;23670;23671;23672;23677;33487;40415;41370;41373;45607;45608;45609;45610;53429;53432;54105;54575;59737;59748;64715;64722;77987;117666
574,g_chan[1].u_cdc_chw.mem[4][55]$_DFFE_PP_,clk_core,3.95,-1.33,22591;23446;23583;23656;23662;23670;23671;23672;23677;33729;40415;41370;41373;45607;45608;45609;45610;53429;53432;54105;54648;59737;59748;64715;64722;77987;117666
575,g_chan[1].u_cdc_chw.mem[5][55]$_DFFE_PP_,clk_core,3.95,-1.33,22591;23446;23583;23656;23662;23670;23671;23672;23677;33729;40415;41370;41373;45607;45608;45609;45610;53429;53432;54105;54719;59737;59748;64715;64722;77987;117666
576,g_chan[1].u_cdc_chw.mem[6][55]$_DFFE_PP_,clk_core,3.95,-1.33,22591;23446;23583;23656;23662;23670;23671;23672;23677;33729;40415;41370;41373;45607;45608;45609;45610;53429;53432;54105;54790;59737;59748;64715;64722;77987;117666
577,g_chan[1].u_cdc_chw.mem[7][55]$_DFFE_PP_,clk_core,3.95,-1.33,22591;23446;23583;23656;23662;23670;23671;23672;23677;33729;40415;41370;41373;45607;45608;45609;45610;53429;53432;54105;54861;59737;59748;64715;64722;77987;117666
578,g_chan[1].u_cdc_chw.mem[8][55]$_DFFE_PP_,clk_core,3.95,-1.33,22591;23446;23583;23656;23662;23670;23671;23672;23677;33728;40415;41370;41373;45607;45608;45609;45610;53429;53432;54105;54941;59737;59748;64715;64722;77987;117666
579,g_chan[1].u_cdc_chw.mem[14][55]$_DFFE_PP_,clk_core,3.95,-1.33,22580;23446;23583;23656;23662;23670;23671;23672;23677;33737;40415;41370;41373;45607;45608;45609;45610;53429;53432;54105;55423;59737;59748;64715;64722;77987;117666
580,g_chan[1].u_cdc_chw.mem[15][55]$_DFFE_PP_,clk_core,3.95,-1.33,22580;23446;23583;23656;23662;23670;23671;23672;23677;33707;40415;41370;41373;45607;45608;45609;45610;53429;53432;54105;55494;59737;59748;64715;64722;77987;117666
581,g_chan[1].u_cdc_chw.mem[9][55]$_DFFE_PP_,clk_core,3.95,-1.33,22580;23446;23583;23656;23662;23670;23671;23672;23677;33707;40415;41370;41373;45607;45608;45609;45610;53429;53432;54105;55067;59737;59748;64715;64722;77987;117666
582,u_dma_fabric.rbeat_data[27]$_DFFE_PN0P_,clk_core,3.95,-1.32,22699;23362;23584;23628;23662;23664;23671;23672;23677;27489;28927;28929;28930;28931;28951;28952;28996;28997;29063;41370;41373;48782;52091;52236;52295;75158;77987;117666
583,u_dma_fabric.rbeat_data[26]$_DFFE_PN0P_,clk_core,3.96,-1.32,22699;23367;23584;23628;23662;23664;23671;23672;23677;27480;29063;29110;29113;29114;29126;29127;29128;29168;29169;41370;41373;48782;52091;52236;52295;75162;77987;117666
584,u_dma_fabric.rbeat_data[5]$_DFFE_PN0P_,clk_core,3.97,-1.3,23396;23402;23628;23664;23672;23677;27270;27481;32191;32193;32194;32206;32208;32209;32312;32313;41370;41373;42413;42533;43286;43292;44505;77987;117666
585,u_dma_fabric.rbeat_data[31]$_DFFE_PN0P_,clk_core,3.97,-1.3,22699;23379;23584;23628;23662;23664;23671;23672;23677;27604;28320;28321;28322;28323;28342;28343;28387;28388;29063;41370;41373;43181;50767;50774;50916;50970;77987;117666
586,u_dma_fabric.rbeat_data[37]$_DFFE_PN0P_,clk_core,3.97,-1.3,22699;23334;23584;23625;23662;23664;23671;23672;23677;27414;27415;27416;27417;27433;27434;27478;27479;28947;29063;41370;41373;48782;50749;50786;52671;77987;117666;117688
587,u_dma_fabric.rbeat_data[53]$_DFFE_PN0P_,clk_core,3.97,-1.3,22699;23396;23584;23628;23662;23664;23671;23672;23677;24816;24818;24824;24825;24827;24897;24972;24973;28998;29056;41370;41373;50644;50648;51514;51561;75068;77987;117666
588,u_dma_fabric.rbeat_data[8]$_DFFE_PN0P_,clk_core,3.97,-1.3,22699;23322;23584;23625;23662;23664;23671;23672;23677;28943;29056;31816;31817;31825;31841;31842;31881;31883;41370;41373;50656;50699;50702;50706;50732;77987;117666
589,u_dma_fabric.rbeat_data[47]$_DFFE_PN0P_,clk_core,3.97,-1.3,22699;23350;23584;23625;23662;23664;23671;23672;23677;25837;25838;25839;25840;25857;25890;25934;25935;28959;29056;41370;41373;50644;50648;51514;51561;75133;77987;117666
590,u_dma_fabric.rbeat_data[36]$_DFFE_PN0P_,clk_core,3.97,-1.3,22699;23315;23584;23625;23662;23664;23671;23672;23677;27572;27573;27574;27582;27583;27584;27624;27625;28924;29063;41370;41373;48782;52091;52236;52295;77987;117666
591,u_dma_fabric.rbeat_data[16]$_DFFE_PN0P_,clk_core,3.97,-1.3,22699;23367;23584;23628;23662;23664;23671;23672;23677;27474;29063;30610;30611;30612;30620;30621;30622;30662;30663;41370;41373;50774;50899;50916;50947;75179;77987;117666
592,u_dma_fabric.rbeat_data[7]$_DFFE_PN0P_,clk_core,3.98,-1.29,22699;23396;23584;23628;23662;23664;23671;23672;23677;28992;29063;31955;31956;31960;31969;31985;31986;32024;32025;41370;41373;43259;50776;50881;50916;50923;77987;117666
593,g_chan[2].u_cdc_chw.mem[5][27]$_DFFE_PP_,clk_core,3.98,-1.3,22701;23446;23584;23656;23662;23670;23671;23672;23677;30943;40415;41370;41373;46157;46158;46159;46160;49030;53432;54060;60575;60586;60597;62467;64715;64722;77987;117666
594,g_chan[2].u_cdc_chw.mem[6][27]$_DFFE_PP_,clk_core,3.98,-1.3,22701;23446;23584;23656;23662;23670;23671;23672;23677;30943;40415;41370;41373;46157;46158;46159;46160;49030;53432;54060;60575;60586;60597;62574;64715;64722;77987;117666
595,g_chan[2].u_cdc_chw.mem[7][27]$_DFFE_PP_,clk_core,3.98,-1.3,22701;23446;23584;23656;23662;23670;23671;23672;23677;30943;40415;41370;41373;46157;46158;46159;46160;49030;53432;54060;60575;60586;60597;62672;64715;64722;77987;117666
596,g_chan[2].u_cdc_chw.mem[4][27]$_DFFE_PP_,clk_core,3.98,-1.3,22701;23446;23584;23656;23662;23670;23671;23672;23677;30945;40415;41370;41373;46157;46158;46159;46160;49030;53432;54060;60575;60586;60597;62396;64715;64722;77987;117666
597,g_chan[2].u_cdc_chw.mem[20][58]$_DFFE_PP_,clk_core,3.98,-1.3,23092;23446;23621;23656;23664;23670;23672;23677;38350;40415;41370;41373;45548;45549;45550;45551;53429;53432;54105;59452;60468;63628;64715;64722;77987;117666
598,g_chan[2].u_cdc_chw.mem[22][58]$_DFFE_PP_,clk_core,3.98,-1.3,23081;23446;23621;23656;23664;23670;23672;23677;38323;40415;41370;41373;45548;45549;45550;45551;53429;53432;54105;59452;60468;63770;64715;64722;77987;117666
599,g_chan[2].u_cdc_chw.mem[28][58]$_DFFE_PP_,clk_core,3.98,-1.3,23081;23446;23621;23656;23664;23670;23672;23677;38323;40415;41370;41373;45548;45549;45550;45551;53429;53432;54105;59452;60468;64261;64715;64722;77987;117666
600,g_chan[2].u_cdc_chw.mem[29][58]$_DFFE_PP_,clk_core,3.98,-1.3,23081;23446;23621;23656;23664;23670;23672;23677;38323;40415;41370;41373;45548;45549;45550;45551;53429;53432;54105;59452;60468;64332;64715;64722;77987;117666
601,g_chan[2].u_cdc_chw.mem[21][58]$_DFFE_PP_,clk_core,3.98,-1.3,23092;23446;23621;23656;23664;23670;23672;23677;38349;40415;41370;41373;45548;45549;45550;45551;53429;53432;54105;59452;60468;63699;64715;64722;77987;117666
602,g_chan[2].u_cdc_chw.mem[23][58]$_DFFE_PP_,clk_core,3.98,-1.3,23092;23446;23621;23656;23664;23670;23672;23677;38334;40415;41370;41373;45548;45549;45550;45551;53429;53432;54105;59452;60468;63841;64715;64722;77987;117666
603,g_chan[2].u_cdc_chw.mem[31][58]$_DFFE_PP_,clk_core,3.98,-1.3,23081;23446;23621;23656;23664;23670;23672;23677;38361;40415;41370;41373;45548;45549;45550;45551;53429;53432;54105;59452;60468;64474;64715;64722;77987;117666
604,g_chan[2].u_cdc_chw.mem[10][50]$_DFFE_PP_,clk_core,3.98,-1.3,22806;23446;23594;23656;23663;23670;23671;23672;23677;33406;40415;41370;41373;45707;45708;45709;45710;53429;53432;54105;59986;60188;62861;64715;64722;77987;117666
605,g_chan[2].u_cdc_chw.mem[11][50]$_DFFE_PP_,clk_core,3.98,-1.3,22806;23446;23594;23656;23663;23670;23671;23672;23677;33406;40415;41370;41373;45707;45708;45709;45710;53429;53432;54105;59986;60188;62932;64715;64722;77987;117666
606,g_chan[2].u_cdc_chw.mem[15][50]$_DFFE_PP_,clk_core,3.98,-1.3,22806;23446;23594;23656;23663;23670;23671;23672;23677;33406;40415;41370;41373;45707;45708;45709;45710;53429;53432;54105;59986;60188;63217;64715;64722;77987;117666
607,g_chan[2].u_cdc_chw.mem[8][50]$_DFFE_PP_,clk_core,3.98,-1.3,22806;23446;23594;23656;23663;23670;23671;23672;23677;33406;40415;41370;41373;45707;45708;45709;45710;53429;53432;54105;59986;60188;62719;64715;64722;77987;117666
608,g_chan[2].u_cdc_chw.mem[9][50]$_DFFE_PP_,clk_core,3.98,-1.3,22806;23446;23594;23656;23663;23670;23671;23672;23677;33406;40415;41370;41373;45707;45708;45709;45710;53429;53432;54105;59986;60188;62790;64715;64722;77987;117666
609,g_chan[2].u_cdc_chw.mem[14][50]$_DFFE_PP_,clk_core,3.98,-1.3,22806;23446;23594;23656;23663;23670;23671;23672;23677;33380;40415;41370;41373;45707;45708;45709;45710;53429;53432;54105;59986;60188;63146;64715;64722;77987;117666
610,g_chan[2].u_cdc_chw.mem[16][27]$_DFFE_PP_,clk_core,3.98,-1.3,22690;23446;23584;23656;23662;23670;23671;23672;23677;30983;40415;41370;41373;46157;46158;46159;46160;49030;53432;54060;60575;60586;60597;63350;64715;64722;77987;117666
611,g_chan[2].u_cdc_chw.mem[17][27]$_DFFE_PP_,clk_core,3.98,-1.3,22690;23446;23584;23656;23662;23670;23671;23672;23677;30983;40415;41370;41373;46157;46158;46159;46160;49030;53432;54060;60575;60586;60597;63448;64715;64722;77987;117666
612,g_chan[2].u_cdc_chw.mem[18][27]$_DFFE_PP_,clk_core,3.98,-1.3,22690;23446;23584;23656;23662;23670;23671;23672;23677;30983;40415;41370;41373;46157;46158;46159;46160;49030;53432;54060;60575;60586;60597;63519;64715;64722;77987;117666
613,g_chan[2].u_cdc_chw.mem[19][27]$_DFFE_PP_,clk_core,3.98,-1.3,22690;23446;23584;23656;23662;23670;23671;23672;23677;30983;40415;41370;41373;46157;46158;46159;46160;49030;53432;54060;60575;60586;60597;63590;64715;64722;77987;117666
614,g_chan[2].u_cdc_chw.mem[29][27]$_DFFE_PP_,clk_core,3.98,-1.3,22690;23446;23584;23656;23662;23670;23671;23672;23677;30983;40415;41370;41373;46157;46158;46159;46160;49030;53432;54060;60575;60586;60597;64366;64715;64722;77987;117666
615,g_chan[2].u_cdc_chw.mem[26][27]$_DFFE_PP_,clk_core,3.98,-1.3,22673;23446;23584;23656;23662;23670;23671;23672;23677;31202;40415;41370;41373;46157;46158;46159;46160;49030;53432;54060;60575;60586;60597;64125;64715;64722;77987;117666
616,g_chan[1].u_cdc_chw.mem[10][17]$_DFFE_PP_,clk_core,3.98,-1.3,22404;23446;23582;23656;23662;23670;23671;23672;23677;33936;40415;41370;41373;46353;46354;46355;46356;53412;53432;55180;61095;61106;61117;64715;64722;77987;117666
617,g_chan[1].u_cdc_chw.mem[11][17]$_DFFE_PP_,clk_core,3.98,-1.3,22367;23446;23582;23656;23662;23670;23671;23672;23677;33946;40415;41370;41373;46353;46354;46355;46356;53412;53432;55251;61095;61106;61117;64715;64722;77987;117666
618,g_chan[1].u_cdc_chw.mem[17][17]$_DFFE_PP_,clk_core,3.98,-1.3,22367;23446;23582;23656;23662;23670;23671;23672;23677;29460;40415;41370;41373;46353;46354;46355;46356;53412;53432;55679;61095;61106;61117;64715;64722;77987;117666
619,g_chan[1].u_cdc_chw.mem[20][17]$_DFFE_PP_,clk_core,3.98,-1.3,22367;23446;23582;23656;23662;23670;23671;23672;23677;29484;40415;41370;41373;46353;46354;46355;46356;53412;53432;55956;61095;61106;61117;64715;64722;77987;117666
620,g_chan[1].u_cdc_chw.mem[21][17]$_DFFE_PP_,clk_core,3.98,-1.3,22367;23446;23582;23656;23662;23670;23671;23672;23677;29460;40415;41370;41373;46353;46354;46355;46356;53412;53432;56027;61095;61106;61117;64715;64722;77987;117666
621,g_chan[1].u_cdc_chw.mem[22][17]$_DFFE_PP_,clk_core,3.98,-1.3,22367;23446;23582;23656;23662;23670;23671;23672;23677;29484;40415;41370;41373;46353;46354;46355;46356;53412;53432;56098;61095;61106;61117;64715;64722;77987;117666
622,g_chan[1].u_cdc_chw.mem[28][17]$_DFFE_PP_,clk_core,3.98,-1.3,22367;23446;23582;23656;23662;23670;23671;23672;23677;33956;40415;41370;41373;46353;46354;46355;46356;53412;53432;56572;61095;61106;61117;64715;64722;77987;117666
623,g_chan[1].u_cdc_chw.mem[29][17]$_DFFE_PP_,clk_core,3.98,-1.3,22367;23446;23582;23656;23662;23670;23671;23672;23677;33946;40415;41370;41373;46353;46354;46355;46356;53412;53432;56660;61095;61106;61117;64715;64722;77987;117666
624,g_chan[1].u_cdc_chw.mem[30][17]$_DFFE_PP_,clk_core,3.98,-1.3,22367;23446;23582;23656;23662;23670;23671;23672;23677;33946;40415;41370;41373;46353;46354;46355;46356;53412;53432;56731;61095;61106;61117;64715;64722;77987;117666
625,g_chan[1].u_cdc_chw.mem[4][17]$_DFFE_PP_,clk_core,3.98,-1.3,22367;23446;23582;23656;23662;23670;23671;23672;23677;29460;40415;41370;41373;46353;46354;46355;46356;53412;53432;54690;61095;61106;61117;64715;64722;77987;117666
626,g_chan[1].u_cdc_chw.mem[5][17]$_DFFE_PP_,clk_core,3.98,-1.3,22367;23446;23582;23656;23662;23670;23671;23672;23677;29460;40415;41370;41373;46353;46354;46355;46356;53412;53432;54761;61095;61106;61117;64715;64722;77987;117666
627,g_chan[1].u_cdc_chw.mem[6][17]$_DFFE_PP_,clk_core,3.98,-1.3,22367;23446;23582;23656;23662;23670;23671;23672;23677;29460;40415;41370;41373;46353;46354;46355;46356;53412;53432;54832;61095;61106;61117;64715;64722;77987;117666
628,g_chan[1].u_cdc_chw.mem[7][17]$_DFFE_PP_,clk_core,3.98,-1.3,22367;23446;23582;23656;23662;23670;23671;23672;23677;29460;40415;41370;41373;46353;46354;46355;46356;53412;53432;54903;61095;61106;61117;64715;64722;77987;117666
629,g_chan[1].u_cdc_chw.mem[8][17]$_DFFE_PP_,clk_core,3.98,-1.3,22404;23446;23582;23656;23662;23670;23671;23672;23677;33936;40415;41370;41373;46353;46354;46355;46356;53412;53432;55021;61095;61106;61117;64715;64722;77987;117666
630,g_chan[1].u_cdc_chw.mem[9][17]$_DFFE_PP_,clk_core,3.98,-1.3,22367;23446;23582;23656;23662;23670;23671;23672;23677;33946;40415;41370;41373;46353;46354;46355;46356;53412;53432;55109;61095;61106;61117;64715;64722;77987;117666
631,g_chan[1].u_cdc_chw.mem[23][17]$_DFFE_PP_,clk_core,3.98,-1.3,22367;23446;23582;23656;23662;23670;23671;23672;23677;29470;40415;41370;41373;46353;46354;46355;46356;53412;53432;56169;61095;61106;61117;64715;64722;77987;117666
632,g_chan[1].u_cdc_chw.mem[0][17]$_DFFE_PP_,clk_core,3.98,-1.3,22427;23446;23582;23656;23662;23670;23671;23672;23677;29492;40415;41370;41373;46353;46354;46355;46356;53412;53432;54401;61095;61106;61117;64715;64722;77987;117666
633,g_chan[1].u_cdc_chw.mem[16][17]$_DFFE_PP_,clk_core,3.98,-1.3,22427;23446;23582;23656;23662;23670;23671;23672;23677;29492;40415;41370;41373;46353;46354;46355;46356;53412;53432;55608;61095;61106;61117;64715;64722;77987;117666
634,g_chan[1].u_cdc_chw.mem[18][17]$_DFFE_PP_,clk_core,3.98,-1.3,22427;23446;23582;23656;23662;23670;23671;23672;23677;29492;40415;41370;41373;46353;46354;46355;46356;53412;53432;55796;61095;61106;61117;64715;64722;77987;117666
635,g_chan[1].u_cdc_chw.mem[1][17]$_DFFE_PP_,clk_core,3.98,-1.3,22427;23446;23582;23656;23662;23670;23671;23672;23677;29492;40415;41370;41373;46353;46354;46355;46356;53412;53432;54473;61095;61106;61117;64715;64722;77987;117666
636,g_chan[1].u_cdc_chw.mem[2][17]$_DFFE_PP_,clk_core,3.98,-1.3,22427;23446;23582;23656;23662;23670;23671;23672;23677;29492;40415;41370;41373;46353;46354;46355;46356;53412;53432;54545;61095;61106;61117;64715;64722;77987;117666
637,g_chan[1].u_cdc_chw.mem[31][17]$_DFFE_PP_,clk_core,3.98,-1.3,22427;23446;23582;23656;23662;23670;23671;23672;23677;29501;40415;41370;41373;46353;46354;46355;46356;53412;53432;56802;61095;61106;61117;64715;64722;77987;117666
638,g_chan[1].u_cdc_chw.mem[3][17]$_DFFE_PP_,clk_core,3.98,-1.3,22427;23446;23582;23656;23662;23670;23671;23672;23677;29492;40415;41370;41373;46353;46354;46355;46356;53412;53432;54617;61095;61106;61117;64715;64722;77987;117666
639,g_chan[1].u_cdc_chw.mem[18][50]$_DFFE_PP_,clk_core,3.98,-1.3,22558;23446;23583;23656;23662;23670;23671;23672;23677;34478;40415;41370;41373;45707;45708;45709;45710;53429;53432;54105;55727;59964;60188;64715;64722;77987;117666
640,g_chan[1].u_cdc_chw.mem[19][50]$_DFFE_PP_,clk_core,3.98,-1.3,22558;23446;23583;23656;23662;23670;23671;23672;23677;34478;40415;41370;41373;45707;45708;45709;45710;53429;53432;54105;55848;59964;60188;64715;64722;77987;117666
641,g_chan[1].u_cdc_chw.mem[20][50]$_DFFE_PP_,clk_core,3.98,-1.3,22558;23446;23583;23656;23662;23670;23671;23672;23677;34456;40415;41370;41373;45707;45708;45709;45710;53429;53432;54105;55920;59964;60188;64715;64722;77987;117666
642,g_chan[2].u_cdc_chw.mem[22][50]$_DFFE_PP_,clk_core,3.98,-1.3,22812;23446;23594;23656;23663;23670;23671;23672;23677;37141;40415;41370;41373;45707;45708;45709;45710;53429;53432;54105;59986;60188;63779;64715;64722;77987;117666
643,g_chan[1].u_cdc_chw.mem[19][17]$_DFFE_PP_,clk_core,3.98,-1.3,22356;23446;23582;23656;23662;23670;23671;23672;23677;29457;40415;41370;41373;46353;46354;46355;46356;53412;53432;55884;61095;61106;61117;64715;64722;77987;117666
644,g_chan[2].u_cdc_chw.mem[23][50]$_DFFE_PP_,clk_core,3.98,-1.3,22808;23446;23594;23656;23663;23670;23671;23672;23677;37114;40415;41370;41373;45707;45708;45709;45710;53429;53432;54105;59986;60188;63850;64715;64722;77987;117666
645,g_chan[2].u_cdc_chw.mem[0][50]$_DFFE_PP_,clk_core,3.98,-1.3,22808;23446;23594;23656;23663;23670;23671;23672;23677;33404;40415;41370;41373;45707;45708;45709;45710;53429;53432;54105;59986;60188;62082;64715;64722;77987;117666
646,g_chan[2].u_cdc_chw.mem[1][50]$_DFFE_PP_,clk_core,3.98,-1.3,22808;23446;23594;23656;23663;23670;23671;23672;23677;33404;40415;41370;41373;45707;45708;45709;45710;53429;53432;54105;59986;60188;62154;64715;64722;77987;117666
647,g_chan[2].u_cdc_chw.mem[20][50]$_DFFE_PP_,clk_core,3.98,-1.3,22808;23446;23594;23656;23663;23670;23671;23672;23677;37125;40415;41370;41373;45707;45708;45709;45710;53429;53432;54105;59986;60188;63637;64715;64722;77987;117666
648,g_chan[2].u_cdc_chw.mem[21][50]$_DFFE_PP_,clk_core,3.98,-1.3,22808;23446;23594;23656;23663;23670;23671;23672;23677;37125;40415;41370;41373;45707;45708;45709;45710;53429;53432;54105;59986;60188;63708;64715;64722;77987;117666
649,g_chan[2].u_cdc_chw.mem[3][50]$_DFFE_PP_,clk_core,3.98,-1.3,22808;23446;23594;23656;23663;23670;23671;23672;23677;33404;40415;41370;41373;45707;45708;45709;45710;53429;53432;54105;59986;60188;62298;64715;64722;77987;117666
650,g_chan[2].u_cdc_chw.mem[2][50]$_DFFE_PP_,clk_core,3.98,-1.3,22808;23446;23594;23656;23663;23670;23671;23672;23677;33402;40415;41370;41373;45707;45708;45709;45710;53429;53432;54105;59986;60188;62226;64715;64722;77987;117666
651,g_chan[3].u_cdc_chw.mem[0][50]$_DFFE_PP_,clk_core,3.98,-1.29,22977;23446;23620;23656;23663;23670;23671;23672;23677;36819;40415;41370;41373;45707;45708;45709;45710;53429;53432;54105;60012;60188;64715;64722;70019;77987;117666
652,g_chan[3].u_cdc_chw.mem[1][50]$_DFFE_PP_,clk_core,3.98,-1.29,22977;23446;23620;23656;23663;23670;23671;23672;23677;36819;40415;41370;41373;45707;45708;45709;45710;53429;53432;54105;60012;60188;64715;64722;70091;77987;117666
653,g_chan[2].u_cdc_chw.mem[12][50]$_DFFE_PP_,clk_core,3.98,-1.3,22724;23446;23589;23656;23662;23670;23671;23672;23677;33376;40415;41370;41373;45707;45708;45709;45710;53429;53432;54105;59986;60188;63004;64715;64722;77987;117666
654,g_chan[2].u_cdc_chw.mem[13][50]$_DFFE_PP_,clk_core,3.98,-1.3,22724;23446;23589;23656;23662;23670;23671;23672;23677;33376;40415;41370;41373;45707;45708;45709;45710;53429;53432;54105;59986;60188;63075;64715;64722;77987;117666
655,g_chan[2].u_cdc_chw.mem[4][50]$_DFFE_PP_,clk_core,3.98,-1.3,22724;23446;23589;23656;23662;23670;23671;23672;23677;33376;40415;41370;41373;45707;45708;45709;45710;53429;53432;54105;59986;60188;62371;64715;64722;77987;117666
656,g_chan[2].u_cdc_chw.mem[5][50]$_DFFE_PP_,clk_core,3.98,-1.3,22724;23446;23589;23656;23662;23670;23671;23672;23677;33376;40415;41370;41373;45707;45708;45709;45710;53429;53432;54105;59986;60188;62442;64715;64722;77987;117666
657,g_chan[2].u_cdc_chw.mem[6][50]$_DFFE_PP_,clk_core,3.98,-1.3,22724;23446;23589;23656;23662;23670;23671;23672;23677;33407;40415;41370;41373;45707;45708;45709;45710;53429;53432;54105;59986;60188;62526;64715;64722;77987;117666
658,g_chan[2].u_cdc_chw.mem[7][50]$_DFFE_PP_,clk_core,3.98,-1.3,22724;23446;23589;23656;23662;23670;23671;23672;23677;33407;40415;41370;41373;45707;45708;45709;45710;53429;53432;54105;59986;60188;62647;64715;64722;77987;117666
659,g_chan[2].u_cdc_chw.mem[10][58]$_DFFE_PP_,clk_core,3.98,-1.3,22735;23446;23589;23656;23662;23670;23671;23672;23677;38208;40415;41370;41373;45548;45549;45550;45551;53429;53432;54105;59452;60468;62852;64715;64722;77987;117666
660,g_chan[2].u_cdc_chw.mem[11][58]$_DFFE_PP_,clk_core,3.98,-1.3,22735;23446;23589;23656;23662;23670;23671;23672;23677;38208;40415;41370;41373;45548;45549;45550;45551;53429;53432;54105;59452;60468;62923;64715;64722;77987;117666
661,g_chan[2].u_cdc_chw.mem[12][58]$_DFFE_PP_,clk_core,3.98,-1.3,22735;23446;23589;23656;23662;23670;23671;23672;23677;38208;40415;41370;41373;45548;45549;45550;45551;53429;53432;54105;59452;60468;62995;64715;64722;77987;117666
662,g_chan[2].u_cdc_chw.mem[13][58]$_DFFE_PP_,clk_core,3.98,-1.3,22735;23446;23589;23656;23662;23670;23671;23672;23677;38208;40415;41370;41373;45548;45549;45550;45551;53429;53432;54105;59452;60468;63066;64715;64722;77987;117666
663,g_chan[2].u_cdc_chw.mem[15][58]$_DFFE_PP_,clk_core,3.98,-1.3,22735;23446;23589;23656;23662;23670;23671;23672;23677;38208;40415;41370;41373;45548;45549;45550;45551;53429;53432;54105;59452;60468;63208;64715;64722;77987;117666
664,g_chan[2].u_cdc_chw.mem[4][58]$_DFFE_PP_,clk_core,3.98,-1.3,22735;23446;23589;23656;23662;23670;23671;23672;23677;31131;40415;41370;41373;45548;45549;45550;45551;53429;53432;54105;59452;60468;62362;64715;64722;77987;117666
665,g_chan[2].u_cdc_chw.mem[5][58]$_DFFE_PP_,clk_core,3.98,-1.3,22735;23446;23589;23656;23662;23670;23671;23672;23677;38208;40415;41370;41373;45548;45549;45550;45551;53429;53432;54105;59452;60468;62433;64715;64722;77987;117666
666,g_chan[2].u_cdc_chw.mem[6][58]$_DFFE_PP_,clk_core,3.98,-1.3,22735;23446;23589;23656;23662;23670;23671;23672;23677;31131;40415;41370;41373;45548;45549;45550;45551;53429;53432;54105;59452;60468;62509;64715;64722;77987;117666
667,g_chan[2].u_cdc_chw.mem[7][58]$_DFFE_PP_,clk_core,3.98,-1.3,22735;23446;23589;23656;23662;23670;23671;23672;23677;31131;40415;41370;41373;45548;45549;45550;45551;53429;53432;54105;59452;60468;62638;64715;64722;77987;117666
668,u_dma_fabric.rbeat_data[58]$_DFFE_PN0P_,clk_core,3.98,-1.29,22699;23362;23584;23628;23662;23664;23671;23672;23677;24012;24013;24017;24025;24041;24073;24106;24144;24146;27702;29056;41370;41373;50635;50648;50671;75008;77987;117666
669,g_chan[1].u_cdc_chw.mem[25][50]$_DFFE_PP_,clk_core,3.98,-1.3,22520;23446;23583;23656;23662;23670;23671;23672;23677;33813;40415;41370;41373;45707;45708;45709;45710;53429;53432;54105;56276;59964;60188;64715;64722;77987;117666
670,g_chan[1].u_cdc_chw.mem[28][50]$_DFFE_PP_,clk_core,3.98,-1.3,22520;23446;23583;23656;23662;23670;23671;23672;23677;33813;40415;41370;41373;45707;45708;45709;45710;53429;53432;54105;56503;59964;60188;64715;64722;77987;117666
671,g_chan[1].u_cdc_chw.mem[30][50]$_DFFE_PP_,clk_core,3.98,-1.3,22520;23446;23583;23656;23662;23670;23671;23672;23677;33813;40415;41370;41373;45707;45708;45709;45710;53429;53432;54105;56695;59964;60188;64715;64722;77987;117666
672,g_chan[1].u_cdc_chw.mem[31][50]$_DFFE_PP_,clk_core,3.98,-1.3,22520;23446;23583;23656;23662;23670;23671;23672;23677;33813;40415;41370;41373;45707;45708;45709;45710;53429;53432;54105;56766;59964;60188;64715;64722;77987;117666
673,g_chan[1].u_cdc_chw.mem[10][50]$_DFFE_PP_,clk_core,3.98,-1.3,22531;23446;23583;23656;23662;23670;23671;23672;23677;34459;40415;41370;41373;45707;45708;45709;45710;53429;53432;54105;55144;59964;60188;64715;64722;77987;117666
674,g_chan[1].u_cdc_chw.mem[11][50]$_DFFE_PP_,clk_core,3.98,-1.3,22531;23446;23583;23656;23662;23670;23671;23672;23677;34471;40415;41370;41373;45707;45708;45709;45710;53429;53432;54105;55215;59964;60188;64715;64722;77987;117666
675,g_chan[1].u_cdc_chw.mem[12][50]$_DFFE_PP_,clk_core,3.98,-1.3,22520;23446;23583;23656;23662;23670;23671;23672;23677;33844;40415;41370;41373;45707;45708;45709;45710;53429;53432;54105;55287;59964;60188;64715;64722;77987;117666
676,g_chan[1].u_cdc_chw.mem[14][50]$_DFFE_PP_,clk_core,3.98,-1.3,22520;23446;23583;23656;23662;23670;23671;23672;23677;33844;40415;41370;41373;45707;45708;45709;45710;53429;53432;54105;55429;59964;60188;64715;64722;77987;117666
677,g_chan[1].u_cdc_chw.mem[17][50]$_DFFE_PP_,clk_core,3.98,-1.3,22531;23446;23583;23656;23662;23670;23671;23672;23677;34471;40415;41370;41373;45707;45708;45709;45710;53429;53432;54105;55643;59964;60188;64715;64722;77987;117666
678,g_chan[1].u_cdc_chw.mem[22][50]$_DFFE_PP_,clk_core,3.98,-1.3,22531;23446;23583;23656;23662;23670;23671;23672;23677;34471;40415;41370;41373;45707;45708;45709;45710;53429;53432;54105;56062;59964;60188;64715;64722;77987;117666
679,g_chan[1].u_cdc_chw.mem[29][50]$_DFFE_PP_,clk_core,3.98,-1.3,22520;23446;23583;23656;23662;23670;23671;23672;23677;33844;40415;41370;41373;45707;45708;45709;45710;53429;53432;54105;56624;59964;60188;64715;64722;77987;117666
680,g_chan[1].u_cdc_chw.mem[8][50]$_DFFE_PP_,clk_core,3.98,-1.3,22531;23446;23583;23656;23662;23670;23671;23672;23677;34459;40415;41370;41373;45707;45708;45709;45710;53429;53432;54105;54952;59964;60188;64715;64722;77987;117666
681,g_chan[1].u_cdc_chw.mem[9][50]$_DFFE_PP_,clk_core,3.98,-1.3,22531;23446;23583;23656;23662;23670;23671;23672;23677;34471;40415;41370;41373;45707;45708;45709;45710;53429;53432;54105;55073;59964;60188;64715;64722;77987;117666
682,g_chan[1].u_cdc_chw.mem[13][50]$_DFFE_PP_,clk_core,3.98,-1.3,22520;23446;23583;23656;23662;23670;23671;23672;23677;33807;40415;41370;41373;45707;45708;45709;45710;53429;53432;54105;55358;59964;60188;64715;64722;77987;117666
683,g_chan[1].u_cdc_chw.mem[15][50]$_DFFE_PP_,clk_core,3.98,-1.3,22520;23446;23583;23656;23662;23670;23671;23672;23677;33807;40415;41370;41373;45707;45708;45709;45710;53429;53432;54105;55500;59964;60188;64715;64722;77987;117666
684,g_chan[1].u_cdc_chw.mem[24][50]$_DFFE_PP_,clk_core,3.98,-1.3,22520;23446;23583;23656;23662;23670;23671;23672;23677;33807;40415;41370;41373;45707;45708;45709;45710;53429;53432;54105;56205;59964;60188;64715;64722;77987;117666
685,g_chan[1].u_cdc_chw.mem[26][50]$_DFFE_PP_,clk_core,3.98,-1.3,22520;23446;23583;23656;23662;23670;23671;23672;23677;33807;40415;41370;41373;45707;45708;45709;45710;53429;53432;54105;56347;59964;60188;64715;64722;77987;117666
686,g_chan[1].u_cdc_chw.mem[27][50]$_DFFE_PP_,clk_core,3.98,-1.3,22520;23446;23583;23656;23662;23670;23671;23672;23677;33807;40415;41370;41373;45707;45708;45709;45710;53429;53432;54105;56418;59964;60188;64715;64722;77987;117666
687,g_chan[2].u_cdc_chw.mem[27][27]$_DFFE_PP_,clk_core,3.98,-1.3,22732;23446;23589;23656;23662;23670;23671;23672;23677;31198;40415;41370;41373;46157;46158;46159;46160;49030;53432;54060;60575;60586;60597;64223;64715;64722;77987;117666
688,g_chan[2].u_cdc_chw.mem[21][27]$_DFFE_PP_,clk_core,3.98,-1.3,22732;23446;23589;23656;23662;23670;23671;23672;23677;31174;40415;41370;41373;46157;46158;46159;46160;49030;53432;54060;60575;60586;60597;63733;64715;64722;77987;117666
689,g_chan[2].u_cdc_chw.mem[22][27]$_DFFE_PP_,clk_core,3.98,-1.3,22732;23446;23589;23656;23662;23670;23671;23672;23677;31194;40415;41370;41373;46157;46158;46159;46160;49030;53432;54060;60575;60586;60597;63804;64715;64722;77987;117666
690,g_chan[2].u_cdc_chw.mem[23][27]$_DFFE_PP_,clk_core,3.98,-1.3,22732;23446;23589;23656;23662;23670;23671;23672;23677;31174;40415;41370;41373;46157;46158;46159;46160;49030;53432;54060;60575;60586;60597;63875;64715;64722;77987;117666
691,g_chan[2].u_cdc_chw.mem[24][27]$_DFFE_PP_,clk_core,3.98,-1.3,22732;23446;23589;23656;23662;23670;23671;23672;23677;31192;40415;41370;41373;46157;46158;46159;46160;49030;53432;54060;60575;60586;60597;63947;64715;64722;77987;117666
692,g_chan[2].u_cdc_chw.mem[25][27]$_DFFE_PP_,clk_core,3.98,-1.3,22732;23446;23589;23656;23662;23670;23671;23672;23677;31192;40415;41370;41373;46157;46158;46159;46160;49030;53432;54060;60575;60586;60597;64018;64715;64722;77987;117666
693,g_chan[2].u_cdc_chw.mem[28][27]$_DFFE_PP_,clk_core,3.98,-1.3,22732;23446;23589;23656;23662;23670;23671;23672;23677;31192;40415;41370;41373;46157;46158;46159;46160;49030;53432;54060;60575;60586;60597;64295;64715;64722;77987;117666
694,g_chan[2].u_cdc_chw.mem[30][27]$_DFFE_PP_,clk_core,3.98,-1.3,22732;23446;23589;23656;23662;23670;23671;23672;23677;31192;40415;41370;41373;46157;46158;46159;46160;49030;53432;54060;60575;60586;60597;64437;64715;64722;77987;117666
695,g_chan[2].u_cdc_chw.mem[31][27]$_DFFE_PP_,clk_core,3.98,-1.3,22732;23446;23589;23656;23662;23670;23671;23672;23677;31194;40415;41370;41373;46157;46158;46159;46160;49030;53432;54060;60575;60586;60597;64508;64715;64722;77987;117666
696,g_chan[2].u_cdc_chw.mem[14][58]$_DFFE_PP_,clk_core,3.98,-1.3,22741;23446;23589;23656;23662;23670;23671;23672;23677;38219;40415;41370;41373;45548;45549;45550;45551;53429;53432;54105;59452;60468;63137;64715;64722;77987;117666
697,g_chan[2].u_cdc_chw.mem[9][58]$_DFFE_PP_,clk_core,3.98,-1.3,22741;23446;23589;23656;23662;23670;23671;23672;23677;38207;40415;41370;41373;45548;45549;45550;45551;53429;53432;54105;59452;60468;62781;64715;64722;77987;117666
698,g_chan[2].u_cdc_chw.mem[20][27]$_DFFE_PP_,clk_core,3.98,-1.3,22732;23446;23589;23656;23662;23670;23671;23672;23677;31178;40415;41370;41373;46157;46158;46159;46160;49030;53432;54060;60575;60586;60597;63662;64715;64722;77987;117666
699,g_chan[2].u_cdc_chw.mem[11][54]$_DFFE_PP_,clk_core,3.99,-1.29,22806;23446;23594;23656;23663;23670;23671;23672;23677;33401;40415;41370;41373;45626;45627;45628;45629;53429;53432;54105;59759;59781;62927;64715;64722;77987;117666
700,g_chan[2].u_cdc_chw.mem[14][54]$_DFFE_PP_,clk_core,3.99,-1.29,22806;23446;23594;23656;23663;23670;23671;23672;23677;33401;40415;41370;41373;45626;45627;45628;45629;53429;53432;54105;59759;59781;63141;64715;64722;77987;117666
701,g_chan[2].u_cdc_chw.mem[15][54]$_DFFE_PP_,clk_core,3.99,-1.29,22806;23446;23594;23656;23663;23670;23671;23672;23677;33401;40415;41370;41373;45626;45627;45628;45629;53429;53432;54105;59759;59781;63212;64715;64722;77987;117666
702,g_chan[2].u_cdc_chw.mem[12][54]$_DFFE_PP_,clk_core,3.99,-1.29,22806;23446;23594;23656;23663;23670;23671;23672;23677;33380;40415;41370;41373;45626;45627;45628;45629;53429;53432;54105;59759;59781;62999;64715;64722;77987;117666
703,g_chan[2].u_cdc_chw.mem[13][54]$_DFFE_PP_,clk_core,3.99,-1.29,22806;23446;23594;23656;23663;23670;23671;23672;23677;33380;40415;41370;41373;45626;45627;45628;45629;53429;53432;54105;59759;59781;63070;64715;64722;77987;117666
704,g_chan[1].u_cdc_chw.mem[0][22]$_DFFE_PP_,clk_core,3.99,-1.29,22416;23446;23582;23656;23662;23670;23671;23672;23677;29582;40415;41370;41373;46246;46247;46248;46258;53432;54105;54396;60832;60843;60871;64715;64722;77987;117666
705,g_chan[1].u_cdc_chw.mem[23][22]$_DFFE_PP_,clk_core,3.99,-1.29,22416;23446;23582;23656;23662;23670;23671;23672;23677;29741;40415;41370;41373;46246;46247;46248;46258;53432;54105;56164;60832;60843;60871;64715;64722;77987;117666
706,g_chan[1].u_cdc_chw.mem[7][22]$_DFFE_PP_,clk_core,3.99,-1.29,22416;23446;23582;23656;23662;23670;23671;23672;23677;29741;40415;41370;41373;46246;46247;46248;46258;53432;54105;54898;60832;60843;60871;64715;64722;77987;117666
707,g_chan[1].u_cdc_chw.mem[20][22]$_DFFE_PP_,clk_core,3.99,-1.29,22416;23446;23582;23656;23662;23670;23671;23672;23677;29631;40415;41370;41373;46246;46247;46248;46258;53432;54105;55951;60832;60843;60871;64715;64722;77987;117666
708,g_chan[1].u_cdc_chw.mem[21][22]$_DFFE_PP_,clk_core,3.99,-1.29,22416;23446;23582;23656;23662;23670;23671;23672;23677;29624;40415;41370;41373;46246;46247;46248;46258;53432;54105;56022;60832;60843;60871;64715;64722;77987;117666
709,g_chan[1].u_cdc_chw.mem[22][22]$_DFFE_PP_,clk_core,3.99,-1.29,22416;23446;23582;23656;23662;23670;23671;23672;23677;29631;40415;41370;41373;46246;46247;46248;46258;53432;54105;56093;60832;60843;60871;64715;64722;77987;117666
710,g_chan[1].u_cdc_chw.mem[3][22]$_DFFE_PP_,clk_core,3.99,-1.29,22416;23446;23582;23656;23662;23670;23671;23672;23677;29631;40415;41370;41373;46246;46247;46248;46258;53432;54105;54612;60832;60843;60871;64715;64722;77987;117666
711,g_chan[1].u_cdc_chw.mem[4][22]$_DFFE_PP_,clk_core,3.99,-1.29,22416;23446;23582;23656;23662;23670;23671;23672;23677;29624;40415;41370;41373;46246;46247;46248;46258;53432;54105;54685;60832;60843;60871;64715;64722;77987;117666
712,u_dma_fabric.rbeat_data[63]$_DFFE_PN0P_,clk_core,3.99,-1.29,22699;22703;23584;23662;23671;23677;29056;29095;41370;41373;50436;50454;50703;51233;77441;77442;77446;77447;77463;77495;77533;77534;77987;117666
713,g_chan[2].u_cdc_chw.mem[2][58]$_DFFE_PP_,clk_core,3.99,-1.29,22741;23446;23589;23656;23662;23670;23671;23672;23677;38192;40415;41370;41373;45548;45549;45550;45551;53429;53432;54105;59403;60468;62217;64715;64722;77987;117666
714,g_chan[2].u_cdc_chw.mem[8][58]$_DFFE_PP_,clk_core,3.99,-1.29,22741;23446;23589;23656;23662;23670;23671;23672;23677;38207;40415;41370;41373;45548;45549;45550;45551;53429;53432;54105;59403;60468;62710;64715;64722;77987;117666
715,g_chan[2].u_cdc_chw.mem[10][54]$_DFFE_PP_,clk_core,3.99,-1.29,22808;23446;23594;23656;23663;23670;23671;23672;23677;33402;40415;41370;41373;45626;45627;45628;45629;53429;53432;54105;59759;59781;62856;64715;64722;77987;117666
716,g_chan[2].u_cdc_chw.mem[2][54]$_DFFE_PP_,clk_core,3.99,-1.29,22808;23446;23594;23656;23663;23670;23671;23672;23677;33402;40415;41370;41373;45626;45627;45628;45629;53429;53432;54105;59759;59781;62221;64715;64722;77987;117666
717,g_chan[2].u_cdc_chw.mem[3][54]$_DFFE_PP_,clk_core,3.99,-1.29,22808;23446;23594;23656;23663;23670;23671;23672;23677;33402;40415;41370;41373;45626;45627;45628;45629;53429;53432;54105;59759;59781;62293;64715;64722;77987;117666
718,g_chan[2].u_cdc_chw.mem[31][50]$_DFFE_PP_,clk_core,3.99,-1.29,22814;23446;23594;23656;23663;23670;23671;23672;23677;37197;40415;41370;41373;45707;45708;45709;45710;53429;53432;54105;60012;60188;64483;64715;64722;77987;117666
719,g_chan[2].u_cdc_chw.mem[19][50]$_DFFE_PP_,clk_core,3.99,-1.29,22814;23446;23594;23656;23663;23670;23671;23672;23677;37212;40415;41370;41373;45707;45708;45709;45710;53429;53432;54105;60012;60188;63565;64715;64722;77987;117666
720,g_chan[2].u_cdc_chw.mem[24][50]$_DFFE_PP_,clk_core,3.99,-1.29,22814;23446;23594;23656;23663;23670;23671;23672;23677;37175;40415;41370;41373;45707;45708;45709;45710;53429;53432;54105;60012;60188;63922;64715;64722;77987;117666
721,g_chan[2].u_cdc_chw.mem[25][50]$_DFFE_PP_,clk_core,3.99,-1.29,22814;23446;23594;23656;23663;23670;23671;23672;23677;37175;40415;41370;41373;45707;45708;45709;45710;53429;53432;54105;60012;60188;63993;64715;64722;77987;117666
722,g_chan[2].u_cdc_chw.mem[26][50]$_DFFE_PP_,clk_core,3.99,-1.29,22814;23446;23594;23656;23663;23670;23671;23672;23677;37212;40415;41370;41373;45707;45708;45709;45710;53429;53432;54105;60012;60188;64077;64715;64722;77987;117666
723,g_chan[2].u_cdc_chw.mem[27][50]$_DFFE_PP_,clk_core,3.99,-1.29,22814;23446;23594;23656;23663;23670;23671;23672;23677;37212;40415;41370;41373;45707;45708;45709;45710;53429;53432;54105;60012;60188;64198;64715;64722;77987;117666
724,u_dma_fabric.rbeat_data[24]$_DFFE_PN0P_,clk_core,3.99,-1.28,22699;23396;23584;23628;23662;23664;23671;23672;23677;27481;29056;29390;29392;29393;29394;29395;29427;29472;29473;41370;41373;50502;50510;50515;50520;75164;77987;117666
725,g_chan[2].u_cdc_chw.mem[4][54]$_DFFE_PP_,clk_core,3.99,-1.29,22724;23446;23589;23656;23662;23670;23671;23672;23677;33410;40415;41370;41373;45626;45627;45628;45629;53429;53432;54105;59759;59781;62366;64715;64722;77987;117666
726,g_chan[2].u_cdc_chw.mem[5][54]$_DFFE_PP_,clk_core,3.99,-1.29,22724;23446;23589;23656;23662;23670;23671;23672;23677;33410;40415;41370;41373;45626;45627;45628;45629;53429;53432;54105;59759;59781;62437;64715;64722;77987;117666
727,g_chan[2].u_cdc_chw.mem[6][54]$_DFFE_PP_,clk_core,3.99,-1.29,22724;23446;23589;23656;23662;23670;23671;23672;23677;33410;40415;41370;41373;45626;45627;45628;45629;53429;53432;54105;59759;59781;62517;64715;64722;77987;117666
728,g_chan[2].u_cdc_chw.mem[7][54]$_DFFE_PP_,clk_core,3.99,-1.29,22724;23446;23589;23656;23662;23670;23671;23672;23677;33410;40415;41370;41373;45626;45627;45628;45629;53429;53432;54105;59759;59781;62642;64715;64722;77987;117666
729,u_dma_fabric.rbeat_data[34]$_DFFE_PN0P_,clk_core,3.99,-1.29,22699;23315;23584;23625;23662;23664;23671;23672;23677;27821;27822;27823;27832;27848;27882;27926;27927;28938;29056;41370;41373;50703;51257;51397;51464;77987;117666
730,g_chan[1].u_cdc_chw.mem[11][22]$_DFFE_PP_,clk_core,3.99,-1.29,22475;23446;23582;23656;23662;23670;23671;23672;23677;33688;40415;41370;41373;46246;46247;46248;46258;53432;54105;55246;60832;60843;60871;64715;64722;77987;117666
731,g_chan[1].u_cdc_chw.mem[13][22]$_DFFE_PP_,clk_core,3.99,-1.29,22475;23446;23582;23656;23662;23670;23671;23672;23677;33688;40415;41370;41373;46246;46247;46248;46258;53432;54105;55389;60832;60843;60871;64715;64722;77987;117666
732,g_chan[2].u_cdc_chw.mem[0][58]$_DFFE_PP_,clk_core,3.99,-1.29,22730;23446;23589;23656;23662;23670;23671;23672;23677;31147;40415;41370;41373;45548;45549;45550;45551;53429;53432;54105;59403;60468;62073;64715;64722;77987;117666
733,g_chan[2].u_cdc_chw.mem[1][58]$_DFFE_PP_,clk_core,3.99,-1.29,22730;23446;23589;23656;23662;23670;23671;23672;23677;31147;40415;41370;41373;45548;45549;45550;45551;53429;53432;54105;59403;60468;62145;64715;64722;77987;117666
734,g_chan[2].u_cdc_chw.mem[3][58]$_DFFE_PP_,clk_core,3.99,-1.29,22730;23446;23589;23656;23662;23670;23671;23672;23677;31147;40415;41370;41373;45548;45549;45550;45551;53429;53432;54105;59403;60468;62289;64715;64722;77987;117666
735,g_chan[2].u_cdc_chw.mem[16][50]$_DFFE_PP_,clk_core,3.99,-1.29,22816;23446;23594;23656;23663;23670;23671;23672;23677;37235;40415;41370;41373;45707;45708;45709;45710;53429;53432;54105;60012;60188;63302;64715;64722;77987;117666
736,g_chan[2].u_cdc_chw.mem[17][50]$_DFFE_PP_,clk_core,3.99,-1.29,22816;23446;23594;23656;23663;23670;23671;23672;23677;37235;40415;41370;41373;45707;45708;45709;45710;53429;53432;54105;60012;60188;63423;64715;64722;77987;117666
737,g_chan[3].u_cdc_chw.mem[2][50]$_DFFE_PP_,clk_core,3.99,-1.29,22816;23446;23594;23656;23663;23670;23671;23672;23677;37257;40415;41370;41373;45707;45708;45709;45710;53429;53432;54105;60012;60188;64715;64722;70163;77987;117666
738,g_chan[3].u_cdc_chw.mem[3][50]$_DFFE_PP_,clk_core,3.99,-1.29,22816;23446;23594;23656;23663;23670;23671;23672;23677;37257;40415;41370;41373;45707;45708;45709;45710;53429;53432;54105;60012;60188;64715;64722;70235;77987;117666
739,g_chan[1].u_cdc_chw.mem[24][22]$_DFFE_PP_,clk_core,3.99,-1.29,22367;23446;23582;23656;23662;23670;23671;23672;23677;33946;40415;41370;41373;46246;46247;46248;46258;53432;54105;56236;60832;60843;60871;64715;64722;77987;117666
740,g_chan[1].u_cdc_chw.mem[25][22]$_DFFE_PP_,clk_core,3.99,-1.29,22367;23446;23582;23656;23662;23670;23671;23672;23677;33946;40415;41370;41373;46246;46247;46248;46258;53432;54105;56307;60832;60843;60871;64715;64722;77987;117666
741,g_chan[1].u_cdc_chw.mem[27][22]$_DFFE_PP_,clk_core,3.99,-1.29,22367;23446;23582;23656;23662;23670;23671;23672;23677;33946;40415;41370;41373;46246;46247;46248;46258;53432;54105;56449;60832;60843;60871;64715;64722;77987;117666
742,g_chan[1].u_cdc_chw.mem[28][58]$_DFFE_PP_,clk_core,3.99,-1.29,22602;23446;23583;23656;23662;23670;23671;23672;23677;33088;40415;41370;41373;45548;45549;45550;45551;53429;53432;54105;56486;59403;60468;64715;64722;77987;117666
743,g_chan[1].u_cdc_chw.mem[30][58]$_DFFE_PP_,clk_core,3.99,-1.29,22602;23446;23583;23656;23662;23670;23671;23672;23677;33088;40415;41370;41373;45548;45549;45550;45551;53429;53432;54105;56686;59403;60468;64715;64722;77987;117666
744,g_chan[0].u_cdc_chw.mem[0][53]$_DFFE_PP_,clk_core,3.99,-1.29,22785;23446;23593;23656;23663;23670;23671;23672;23677;36242;40415;41370;41373;45644;45646;45648;45649;45652;53429;53432;54105;59842;64715;64722;77987;117666
745,g_chan[0].u_cdc_chw.mem[1][53]$_DFFE_PP_,clk_core,3.99,-1.29,22785;23446;23593;23656;23663;23670;23671;23672;23677;36242;40415;41370;41373;45644;45646;45648;45649;46693;53429;53432;54105;59842;64715;64722;77987;117666
746,g_chan[0].u_cdc_chw.mem[2][53]$_DFFE_PP_,clk_core,3.99,-1.29,22785;23446;23593;23656;23663;23670;23671;23672;23677;36242;40415;41370;41373;45644;45646;45648;45649;46765;53429;53432;54105;59842;64715;64722;77987;117666
747,g_chan[0].u_cdc_chw.mem[3][53]$_DFFE_PP_,clk_core,3.99,-1.29,22785;23446;23593;23656;23663;23670;23671;23672;23677;36242;40415;41370;41373;45644;45646;45648;45649;46837;53429;53432;54105;59842;64715;64722;77987;117666
748,g_chan[0].u_cdc_chw.mem[5][53]$_DFFE_PP_,clk_core,3.99,-1.29,22785;23446;23593;23656;23663;23670;23671;23672;23677;36253;40415;41370;41373;45644;45646;45648;45649;46981;53429;53432;54105;59842;64715;64722;77987;117666
749,g_chan[0].u_cdc_chw.mem[9][53]$_DFFE_PP_,clk_core,3.99,-1.29,22785;23446;23593;23656;23663;23670;23671;23672;23677;36242;40415;41370;41373;45644;45646;45648;45649;47266;53429;53432;54105;59842;64715;64722;77987;117666
750,g_chan[2].u_cdc_chw.mem[18][50]$_DFFE_PP_,clk_core,3.99,-1.29,22816;23446;23594;23656;23663;23670;23671;23672;23677;37224;40415;41370;41373;45707;45708;45709;45710;53429;53432;54105;60012;60188;63494;64715;64722;77987;117666
751,g_chan[2].u_cdc_chw.mem[28][50]$_DFFE_PP_,clk_core,3.99,-1.29,22812;23446;23594;23656;23663;23670;23671;23672;23677;37186;40415;41370;41373;45707;45708;45709;45710;53429;53432;54105;60012;60188;64270;64715;64722;77987;117666
752,g_chan[2].u_cdc_chw.mem[30][50]$_DFFE_PP_,clk_core,3.99,-1.29,22812;23446;23594;23656;23663;23670;23671;23672;23677;37186;40415;41370;41373;45707;45708;45709;45710;53429;53432;54105;60012;60188;64412;64715;64722;77987;117666
753,g_chan[1].u_cdc_chw.mem[20][58]$_DFFE_PP_,clk_core,3.99,-1.29,22602;23446;23583;23656;23662;23670;23671;23672;23677;33602;40415;41370;41373;45548;45549;45550;45551;53429;53432;54105;55911;59403;60468;64715;64722;77987;117666
754,g_chan[1].u_cdc_chw.mem[21][58]$_DFFE_PP_,clk_core,3.99,-1.29,22602;23446;23583;23656;23662;23670;23671;23672;23677;33602;40415;41370;41373;45548;45549;45550;45551;53429;53432;54105;55982;59403;60468;64715;64722;77987;117666
755,g_chan[1].u_cdc_chw.mem[22][58]$_DFFE_PP_,clk_core,3.99,-1.29,22602;23446;23583;23656;23662;23670;23671;23672;23677;33602;40415;41370;41373;45548;45549;45550;45551;53429;53432;54105;56053;59403;60468;64715;64722;77987;117666
756,g_chan[1].u_cdc_chw.mem[23][58]$_DFFE_PP_,clk_core,3.99,-1.29,22602;23446;23583;23656;23662;23670;23671;23672;23677;33602;40415;41370;41373;45548;45549;45550;45551;53429;53432;54105;56124;59403;60468;64715;64722;77987;117666
757,g_chan[1].u_cdc_chw.mem[24][58]$_DFFE_PP_,clk_core,3.99,-1.29,22602;23446;23583;23656;23662;23670;23671;23672;23677;33600;40415;41370;41373;45548;45549;45550;45551;53429;53432;54105;56196;59403;60468;64715;64722;77987;117666
758,g_chan[1].u_cdc_chw.mem[26][58]$_DFFE_PP_,clk_core,3.99,-1.29,22602;23446;23583;23656;23662;23670;23671;23672;23677;33602;40415;41370;41373;45548;45549;45550;45551;53429;53432;54105;56338;59403;60468;64715;64722;77987;117666
759,g_chan[1].u_cdc_chw.mem[29][58]$_DFFE_PP_,clk_core,3.99,-1.29,22602;23446;23583;23656;23662;23670;23671;23672;23677;33072;40415;41370;41373;45548;45549;45550;45551;53429;53432;54105;56615;59403;60468;64715;64722;77987;117666
760,g_chan[1].u_cdc_chw.mem[31][58]$_DFFE_PP_,clk_core,3.99,-1.29,22602;23446;23583;23656;23662;23670;23671;23672;23677;33072;40415;41370;41373;45548;45549;45550;45551;53429;53432;54105;56757;59403;60468;64715;64722;77987;117666
761,g_chan[0].u_cdc_chw.mem[8][54]$_DFFE_PP_,clk_core,3.99,-1.29,22785;23446;23593;23656;23663;23670;23671;23672;23677;35072;40415;41370;41373;45626;45627;45628;45629;47194;53429;53432;54105;59809;64715;64722;77987;117666
762,g_chan[0].u_cdc_chw.mem[9][54]$_DFFE_PP_,clk_core,3.99,-1.29,22785;23446;23593;23656;23663;23670;23671;23672;23677;35072;40415;41370;41373;45626;45627;45628;45629;47265;53429;53432;54105;59809;64715;64722;77987;117666
763,g_chan[1].u_cdc_chw.mem[15][22]$_DFFE_PP_,clk_core,3.99,-1.29,22460;23446;23582;23656;23662;23670;23671;23672;23677;33684;40415;41370;41373;46246;46247;46248;46258;53432;54105;55531;60832;60843;60871;64715;64722;77987;117666
764,g_chan[1].u_cdc_chw.mem[10][22]$_DFFE_PP_,clk_core,3.99,-1.29,22460;23446;23582;23656;23662;23670;23671;23672;23677;33686;40415;41370;41373;46246;46247;46248;46258;53432;54105;55175;60832;60843;60871;64715;64722;77987;117666
765,g_chan[1].u_cdc_chw.mem[26][22]$_DFFE_PP_,clk_core,3.99,-1.29,22427;23446;23582;23656;23662;23670;23671;23672;23677;29501;40415;41370;41373;46246;46247;46248;46258;53432;54105;56378;60832;60843;60871;64715;64722;77987;117666
766,g_chan[1].u_cdc_chw.mem[28][22]$_DFFE_PP_,clk_core,3.99,-1.29,22427;23446;23582;23656;23662;23670;23671;23672;23677;29529;40415;41370;41373;46246;46247;46248;46258;53432;54105;56562;60832;60843;60871;64715;64722;77987;117666
767,g_chan[1].u_cdc_chw.mem[31][22]$_DFFE_PP_,clk_core,3.99,-1.29,22427;23446;23582;23656;23662;23670;23671;23672;23677;29529;40415;41370;41373;46246;46247;46248;46258;53432;54105;56797;60832;60843;60871;64715;64722;77987;117666
768,g_chan[1].u_cdc_chw.mem[8][22]$_DFFE_PP_,clk_core,3.99,-1.29,22460;23446;23582;23656;23662;23670;23671;23672;23677;33686;40415;41370;41373;46246;46247;46248;46258;53432;54105;55011;60832;60843;60871;64715;64722;77987;117666
769,g_chan[1].u_cdc_chw.mem[9][22]$_DFFE_PP_,clk_core,3.99,-1.29,22460;23446;23582;23656;23662;23670;23671;23672;23677;33686;40415;41370;41373;46246;46247;46248;46258;53432;54105;55104;60832;60843;60871;64715;64722;77987;117666
770,g_chan[0].u_cdc_chw.mem[14][54]$_DFFE_PP_,clk_core,3.99,-1.29,22785;23446;23593;23656;23663;23670;23671;23672;23677;35107;40415;41370;41373;45626;45627;45628;45629;47684;53429;53432;54105;59809;64715;64722;77987;117666
771,g_chan[0].u_cdc_chw.mem[15][54]$_DFFE_PP_,clk_core,3.99,-1.29,22785;23446;23593;23656;23663;23670;23671;23672;23677;35107;40415;41370;41373;45626;45627;45628;45629;47755;53429;53432;54105;59809;64715;64722;77987;117666
772,g_chan[1].u_cdc_chw.mem[18][22]$_DFFE_PP_,clk_core,3.99,-1.29,22356;23446;23582;23656;23662;23670;23671;23672;23677;29457;40415;41370;41373;46246;46247;46248;46258;53432;54105;55786;60832;60843;60871;64715;64722;77987;117666
773,g_chan[1].u_cdc_chw.mem[29][22]$_DFFE_PP_,clk_core,3.99,-1.29,22427;23446;23582;23656;23662;23670;23671;23672;23677;29972;40415;41370;41373;46246;46247;46248;46258;53432;54105;56655;60832;60843;60871;64715;64722;77987;117666
774,g_chan[1].u_cdc_chw.mem[30][22]$_DFFE_PP_,clk_core,3.99,-1.29,22427;23446;23582;23656;23662;23670;23671;23672;23677;29972;40415;41370;41373;46246;46247;46248;46258;53432;54105;56726;60832;60843;60871;64715;64722;77987;117666
775,g_chan[1].u_cdc_chw.mem[0][54]$_DFFE_PP_,clk_core,3.99,-1.29,22569;23446;23583;23656;23662;23670;23671;23672;23677;34554;40415;41370;41373;45626;45627;45628;45629;53429;53432;54105;54360;59759;59781;64715;64722;77987;117666
776,g_chan[1].u_cdc_chw.mem[2][54]$_DFFE_PP_,clk_core,3.99,-1.29,22569;23446;23583;23656;23662;23670;23671;23672;23677;34554;40415;41370;41373;45626;45627;45628;45629;53429;53432;54105;54504;59759;59781;64715;64722;77987;117666
777,g_chan[1].u_cdc_chw.mem[16][22]$_DFFE_PP_,clk_core,3.99,-1.29,22356;23446;23582;23656;23662;23670;23671;23672;23677;29640;40415;41370;41373;46246;46247;46248;46258;53432;54105;55603;60832;60843;60871;64715;64722;77987;117666
778,g_chan[1].u_cdc_chw.mem[17][22]$_DFFE_PP_,clk_core,3.99,-1.29,22356;23446;23582;23656;23662;23670;23671;23672;23677;29640;40415;41370;41373;46246;46247;46248;46258;53432;54105;55674;60832;60843;60871;64715;64722;77987;117666
779,g_chan[1].u_cdc_chw.mem[19][22]$_DFFE_PP_,clk_core,3.99,-1.29,22356;23446;23582;23656;23662;23670;23671;23672;23677;29640;40415;41370;41373;46246;46247;46248;46258;53432;54105;55879;60832;60843;60871;64715;64722;77987;117666
780,g_chan[1].u_cdc_chw.mem[1][22]$_DFFE_PP_,clk_core,3.99,-1.29,22356;23446;23582;23656;23662;23670;23671;23672;23677;29640;40415;41370;41373;46246;46247;46248;46258;53432;54105;54468;60832;60843;60871;64715;64722;77987;117666
781,g_chan[1].u_cdc_chw.mem[2][22]$_DFFE_PP_,clk_core,3.99,-1.29,22356;23446;23582;23656;23662;23670;23671;23672;23677;29640;40415;41370;41373;46246;46247;46248;46258;53432;54105;54540;60832;60843;60871;64715;64722;77987;117666
782,g_chan[1].u_cdc_chw.mem[5][22]$_DFFE_PP_,clk_core,3.99,-1.29,22356;23446;23582;23656;23662;23670;23671;23672;23677;29734;40415;41370;41373;46246;46247;46248;46258;53432;54105;54756;60832;60843;60871;64715;64722;77987;117666
783,g_chan[1].u_cdc_chw.mem[6][22]$_DFFE_PP_,clk_core,3.99,-1.29,22356;23446;23582;23656;23662;23670;23671;23672;23677;29734;40415;41370;41373;46246;46247;46248;46258;53432;54105;54827;60832;60843;60871;64715;64722;77987;117666
784,g_chan[0].u_cdc_chw.mem[28][53]$_DFFE_PP_,clk_core,3.99,-1.29,22779;23446;23593;23656;23663;23670;23671;23672;23677;35217;40415;41370;41373;45644;45646;45648;45649;48809;53429;53432;54105;59842;64715;64722;77987;117666
785,g_chan[0].u_cdc_chw.mem[30][53]$_DFFE_PP_,clk_core,3.99,-1.29,22779;23446;23593;23656;23663;23670;23671;23672;23677;35217;40415;41370;41373;45644;45646;45648;45649;48961;53429;53432;54105;59842;64715;64722;77987;117666
786,g_chan[1].u_cdc_chw.mem[11][38]$_DFFE_PP_,clk_core,3.99,-1.29,22558;23446;23583;23656;23662;23670;23671;23672;23677;34419;40415;41370;41373;45940;45941;45942;45943;53432;54105;55228;60411;60416;60418;64715;64722;77987;117666
787,g_chan[1].u_cdc_chw.mem[8][38]$_DFFE_PP_,clk_core,3.99,-1.29,22558;23446;23583;23656;23662;23670;23671;23672;23677;34419;40415;41370;41373;45940;45941;45942;45943;53432;54105;54977;60411;60416;60418;64715;64722;77987;117666
788,g_chan[1].u_cdc_chw.mem[0][38]$_DFFE_PP_,clk_core,3.99,-1.29,22558;23446;23583;23656;23662;23670;23671;23672;23677;34456;40415;41370;41373;45940;45941;45942;45943;53432;54105;54378;60411;60416;60418;64715;64722;77987;117666
789,g_chan[1].u_cdc_chw.mem[1][38]$_DFFE_PP_,clk_core,3.99,-1.29,22558;23446;23583;23656;23662;23670;23671;23672;23677;34456;40415;41370;41373;45940;45941;45942;45943;53432;54105;54450;60411;60416;60418;64715;64722;77987;117666
790,g_chan[1].u_cdc_chw.mem[3][38]$_DFFE_PP_,clk_core,3.99,-1.29,22558;23446;23583;23656;23662;23670;23671;23672;23677;34456;40415;41370;41373;45940;45941;45942;45943;53432;54105;54594;60411;60416;60418;64715;64722;77987;117666
791,g_chan[1].u_cdc_chw.mem[9][38]$_DFFE_PP_,clk_core,3.99,-1.29,22558;23446;23583;23656;23662;23670;23671;23672;23677;34456;40415;41370;41373;45940;45941;45942;45943;53432;54105;55086;60411;60416;60418;64715;64722;77987;117666
792,g_chan[0].u_cdc_chw.mem[10][53]$_DFFE_PP_,clk_core,3.99,-1.29,22787;23446;23593;23656;23663;23670;23671;23672;23677;36293;40415;41370;41373;45644;45646;45648;45649;47347;53429;53432;54105;59842;64715;64722;77987;117666
793,g_chan[0].u_cdc_chw.mem[11][53]$_DFFE_PP_,clk_core,3.99,-1.29,22787;23446;23593;23656;23663;23670;23671;23672;23677;36293;40415;41370;41373;45644;45646;45648;45649;47471;53429;53432;54105;59842;64715;64722;77987;117666
794,g_chan[0].u_cdc_chw.mem[13][53]$_DFFE_PP_,clk_core,3.99,-1.29,22787;23446;23593;23656;23663;23670;23671;23672;23677;36293;40415;41370;41373;45644;45646;45648;45649;47614;53429;53432;54105;59842;64715;64722;77987;117666
795,g_chan[0].u_cdc_chw.mem[4][53]$_DFFE_PP_,clk_core,3.99,-1.29,22787;23446;23593;23656;23663;23670;23671;23672;23677;36275;40415;41370;41373;45644;45646;45648;45649;46910;53429;53432;54105;59842;64715;64722;77987;117666
796,g_chan[0].u_cdc_chw.mem[6][53]$_DFFE_PP_,clk_core,3.99,-1.29,22787;23446;23593;23656;23663;23670;23671;23672;23677;36293;40415;41370;41373;45644;45646;45648;45649;47052;53429;53432;54105;59842;64715;64722;77987;117666
797,g_chan[0].u_cdc_chw.mem[7][53]$_DFFE_PP_,clk_core,3.99,-1.29,22787;23446;23593;23656;23663;23670;23671;23672;23677;36275;40415;41370;41373;45644;45646;45648;45649;47123;53429;53432;54105;59842;64715;64722;77987;117666
798,g_chan[0].u_cdc_chw.mem[8][53]$_DFFE_PP_,clk_core,3.99,-1.29,22787;23446;23593;23656;23663;23670;23671;23672;23677;36293;40415;41370;41373;45644;45646;45648;45649;47195;53429;53432;54105;59842;64715;64722;77987;117666
799,g_chan[0].u_cdc_chw.mem[0][54]$_DFFE_PP_,clk_core,3.99,-1.29,22774;23446;23590;23656;23663;23670;23671;23672;23677;35032;40415;41370;41373;45626;45627;45628;45629;45632;53429;53432;54105;59809;64715;64722;77987;117666
800,g_chan[0].u_cdc_chw.mem[10][54]$_DFFE_PP_,clk_core,3.99,-1.29,22774;23446;23590;23656;23663;23670;23671;23672;23677;35026;40415;41370;41373;45626;45627;45628;45629;47345;53429;53432;54105;59809;64715;64722;77987;117666
801,u_host_if.repack_q[9]$_DFFE_PN0P_,clk_core,6.63,-3.55,2475;2483;7521;7632;7634;7788;46429;52682;54351;56901;56951;57313;57465;57957;64711;76587;117665
802,u_host_if.repack_q[35]$_DFFE_PN0P_,clk_core,6.63,-3.55,2475;2483;7521;7632;7634;7709;46429;52720;54351;56901;56951;57313;57465;57930;63562;76587;117665
803,u_host_if.repack_q[40]$_DFFE_PN0P_,clk_core,6.63,-3.55,2475;2483;7521;7632;7634;7699;46429;52720;54351;56901;56951;57313;57465;57930;63562;76587;117665
804,u_host_if.repack_q[36]$_DFFE_PN0P_,clk_core,6.63,-3.55,2475;2483;7521;7632;7634;7707;46429;52705;54351;56901;56951;57328;57465;57754;63286;76587;117665
805,u_host_if.repack_q[37]$_DFFE_PN0P_,clk_core,6.63,-3.55,2475;2483;7521;7632;7634;7705;46429;52705;54351;56901;56951;57328;57465;57754;63286;76587;117665
806,u_host_if.repack_q[41]$_DFFE_PN0P_,clk_core,6.63,-3.55,2475;2483;7521;7632;7634;7697;46429;52705;54351;56901;56951;57328;57465;57754;63286;76587;117665
807,u_host_if.repack_q[10]$_DFFE_PN0P_,clk_core,6.63,-3.55,2475;2483;7521;7632;7634;7785;46429;54351;54961;56901;56951;57328;57465;57929;63584;76587;117665
808,u_host_if.repack_q[1]$_DFFE_PN0P_,clk_core,6.63,-3.55,2475;2483;7521;7632;7634;7812;46429;54351;55016;56901;56951;57359;57465;58001;68181;76587;117665
809,u_host_if.repack_q[8]$_DFFE_PN0P_,clk_core,6.63,-3.55,2475;2483;7521;7632;7634;7791;46429;54351;55016;56901;56951;57359;57465;58001;68181;76587;117665
810,u_host_if.repack_q[33]$_DFFE_PN0P_,clk_core,6.63,-3.55,2475;2483;7521;7632;7634;7714;46429;52665;54351;56901;56951;57313;57465;57952;64648;76587;117665
811,u_host_if.repack_q[3]$_DFFE_PN0P_,clk_core,6.63,-3.55,2475;2483;7521;7632;7634;7806;46429;52665;54351;56901;56951;57313;57465;57952;64648;76587;117665
812,u_host_if.repack_q[5]$_DFFE_PN0P_,clk_core,6.63,-3.55,2475;2483;7521;7632;7634;7800;46429;52665;54351;56901;56951;57313;57465;57952;64648;76587;117665
813,u_host_if.repack_q[14]$_DFFE_PN0P_,clk_core,6.63,-3.55,2475;2483;7521;7632;7634;7773;46429;54351;56246;56901;56951;57357;57465;58036;68346;76587;117665
814,u_host_if.repack_q[34]$_DFFE_PN0P_,clk_core,6.63,-3.55,2475;2483;7521;7632;7634;7712;46429;54351;56190;56901;56951;57357;57465;58036;68346;76587;117665
815,u_host_if.repack_q[2]$_DFFE_PN0P_,clk_core,6.63,-3.55,2475;2483;7521;7632;7634;7809;46429;54351;56295;56901;56951;57357;57465;58040;68298;76587;117665
816,u_host_if.repack_q[15]$_DFFE_PN0P_,clk_core,6.64,-3.54,2475;2483;7521;7632;7634;7769;46429;54351;55344;56901;56951;57359;57505;57987;68148;76587;117665
817,u_host_if.repack_q[16]$_DFFE_PN0P_,clk_core,6.64,-3.54,2475;2483;7521;7632;7634;7766;46429;54351;55103;56901;56951;57359;57505;58012;68233;76587;117665
818,u_host_if.repack_q[21]$_DFFE_PN0P_,clk_core,6.64,-3.54,2475;2483;7521;7632;7634;7751;46429;54351;55613;56901;56951;57359;57505;58002;68173;76587;117665
819,u_host_if.repack_q[24]$_DFFE_PN0P_,clk_core,6.64,-3.54,2475;2483;7521;7632;7634;7742;46429;54351;55388;56901;56951;57359;57505;57987;68000;76587;117665
820,u_host_if.repack_q[29]$_DFFE_PN0P_,clk_core,6.64,-3.54,2475;2483;7521;7632;7634;7726;46429;54351;55306;56901;56951;57359;57505;57983;68026;76587;117665
821,u_host_if.repack_q[32]$_DFFE_PN0P_,clk_core,6.64,-3.54,2475;2483;7521;7632;7634;7716;46429;54351;55705;56901;56951;57359;57505;58007;68210;76587;117665
822,u_host_if.repack_q[0]$_DFFE_PN0P_,clk_core,6.64,-3.54,2475;2483;7521;7632;7634;7815;46429;54351;55732;56901;56951;57359;57505;58011;68216;76587;117665
823,u_host_if.repack_q[22]$_DFFE_PN0P_,clk_core,6.64,-3.54,2475;2483;7521;7632;7634;7748;46429;54351;54733;56901;56951;57359;57505;57977;67993;76587;117665
824,u_host_if.repack_q[23]$_DFFE_PN0P_,clk_core,6.64,-3.54,2475;2483;7521;7632;7634;7745;46429;54351;55732;56901;56951;57359;57505;58011;68216;76587;117665
825,u_host_if.repack_q[52]$_DFFE_PN0P_,clk_core,6.64,-3.54,2475;2483;7521;7632;7634;7674;46429;54351;54733;56901;56951;57359;57505;57977;67993;76587;117665
826,u_host_if.repack_q[46]$_DFFE_PN0P_,clk_core,6.64,-3.54,2475;2483;7521;7632;7634;7686;46429;54351;54980;56901;56951;57359;57505;57995;68165;76587;117665
827,u_host_if.repack_q[4]$_DFFE_PN0P_,clk_core,6.64,-3.54,2475;2483;7521;7632;7634;7803;46429;54351;54980;56901;56951;57359;57505;57995;68165;76587;117665
828,u_host_if.repack_q[17]$_DFFE_PN0P_,clk_core,6.64,-3.54,2475;2483;7521;7632;7634;7763;46429;54351;55591;56901;56951;57359;57505;58002;68196;76587;117665
829,u_host_if.repack_q[50]$_DFFE_PN0P_,clk_core,6.64,-3.54,2475;2483;7521;7632;7634;7678;46429;54351;54826;56901;56951;57359;57505;57982;68073;76587;117665
830,u_host_if.repack_q[47]$_DFFE_PN0P_,clk_core,6.64,-3.54,2475;2483;7521;7632;7634;7684;46429;54351;54852;56901;56951;57359;57505;57982;67920;76587;117665
831,u_host_if.repack_q[51]$_DFFE_PN0P_,clk_core,6.64,-3.54,2475;2483;7521;7632;7634;7676;46429;54351;54852;56901;56951;57359;57505;57982;67920;76587;117665
832,u_host_if.repack_q[13]$_DFFE_PN0P_,clk_core,6.64,-3.54,2475;2483;7521;7632;7634;7776;46429;54351;56202;56901;56951;57359;57505;58023;68257;76587;117665
833,u_host_if.repack_q[18]$_DFFE_PN0P_,clk_core,6.64,-3.54,2475;2483;7521;7632;7634;7760;46429;54351;54782;56901;56951;57359;57505;57982;67920;76587;117665
834,u_host_if.repack_q[48]$_DFFE_PN0P_,clk_core,6.64,-3.54,2475;2483;7521;7632;7634;7682;46429;54351;54782;56901;56951;57359;57505;57982;67920;76587;117665
835,u_host_if.repack_q[11]$_DFFE_PN0P_,clk_core,6.64,-3.54,2475;2483;7521;7632;7634;7782;46429;54351;55709;56901;56951;57359;57505;58002;68196;76587;117665
836,u_host_if.repack_q[26]$_DFFE_PN0P_,clk_core,6.64,-3.54,2475;2483;7521;7632;7634;7735;46429;54351;55709;56901;56951;57359;57505;58002;68196;76587;117665
837,u_host_if.repack_q[27]$_DFFE_PN0P_,clk_core,6.64,-3.54,2475;2483;7521;7632;7634;7732;46429;54351;55709;56901;56951;57359;57505;58002;68196;76587;117665
838,u_host_if.repack_q[12]$_DFFE_PN0P_,clk_core,6.64,-3.54,2475;2483;7521;7632;7634;7779;46429;54351;55039;56901;56951;57359;57505;57988;68079;76587;117665
839,u_host_if.repack_q[20]$_DFFE_PN0P_,clk_core,6.64,-3.54,2475;2483;7521;7632;7634;7754;46429;54351;55212;56901;56951;57359;57505;58006;68190;76587;117665
840,u_host_if.repack_q[45]$_DFFE_PN0P_,clk_core,6.64,-3.54,2475;2483;7521;7632;7634;7688;46429;54351;54974;56901;56951;57359;57505;57988;68151;76587;117665
841,u_host_if.repack_q[6]$_DFFE_PN0P_,clk_core,6.64,-3.54,2475;2483;7521;7632;7634;7797;46429;54351;54974;56901;56951;57359;57505;57988;68151;76587;117665
842,u_host_if.repack_q[7]$_DFFE_PN0P_,clk_core,6.64,-3.54,2475;2483;7521;7632;7634;7794;46429;54351;54974;56901;56951;57359;57505;57988;68151;76587;117665
843,u_host_if.repack_q[19]$_DFFE_PN0P_,clk_core,6.64,-3.54,2475;2483;7521;7632;7634;7757;46429;54351;54963;56901;56951;57359;57505;57988;68151;76587;117665
844,s_rdata[29],clk_core,6.65,-0.35,42241;56609;56901;57338;57351;58265;75345;117665
845,s_bvalid,clk_core,6.65,-0.35,41812;50553;56901;57338;57344;59600;75560;110971;117665
846,s_rdata[10],clk_core,6.66,-0.34,42265;56569;56901;57338;57351;58265;75544;117665
847,s_rdata[15],clk_core,6.66,-0.34,42265;56569;56901;57338;57351;58265;75489;117665
848,s_rdata[7],clk_core,6.66,-0.34,42265;56569;56901;57338;57351;58265;75257;117665
849,s_rdata[8],clk_core,6.66,-0.34,42265;56569;56901;57338;57351;58265;75246;117665
850,s_rdata[13],clk_core,6.66,-0.34,42265;56546;56901;57338;57351;58265;75511;117665
851,s_rdata[4],clk_core,6.66,-0.34,42265;56546;56901;57338;57351;58265;75285;117665
852,s_rdata[5],clk_core,6.66,-0.34,42265;56546;56901;57338;57351;58265;75274;117665
853,s_rdata[6],clk_core,6.66,-0.34,42265;56546;56901;57338;57351;58265;75273;117665
854,s_rdata[9],clk_core,6.66,-0.34,42265;56546;56901;57338;57351;58265;75235;117665
855,s_rdata[12],clk_core,6.66,-0.34,56535;56901;57338;57351;58236;72129;75522;117665
856,s_rdata[2],clk_core,6.66,-0.34,56535;56901;57338;57351;58236;72129;75329;117665
857,s_rdata[3],clk_core,6.66,-0.34,56535;56901;57338;57351;58236;72129;75296;117665
858,s_rdata[0],clk_core,6.66,-0.34,56535;56901;57338;57351;58236;72129;75559;117665
859,s_rdata[1],clk_core,6.66,-0.34,56535;56901;57338;57351;58236;72129;75440;117665
860,s_rdata[16],clk_core,6.66,-0.34,56643;56901;57338;57351;58233;71986;75488;117665
861,s_rdata[18],clk_core,6.66,-0.34,42283;56600;56901;57338;57351;58246;75462;117665
862,s_rdata[19],clk_core,6.66,-0.34,56643;56901;57338;57351;58233;71986;75451;117665
863,s_rdata[23],clk_core,6.66,-0.34,56643;56901;57338;57351;58233;71986;75401;117665
864,s_rdata[26],clk_core,6.66,-0.34,56643;56901;57338;57351;58233;71986;75368;117665
865,s_rdata[27],clk_core,6.66,-0.34,42283;56600;56901;57338;57351;58246;75357;117665
866,s_rdata[28],clk_core,6.66,-0.34,42283;56600;56901;57338;57351;58246;75346;117665
867,s_rdata[30],clk_core,6.66,-0.34,42283;56600;56901;57338;57351;58246;75318;117665
868,s_rdata[31],clk_core,6.66,-0.34,42283;56600;56901;57338;57351;58246;75307;117665
869,s_rdata[14],clk_core,6.66,-0.34,42291;56577;56901;57338;57351;58250;75500;117665
870,s_rdata[11],clk_core,6.66,-0.34,42269;56592;56901;57338;57351;58246;75533;117665
871,s_rdata[21],clk_core,6.66,-0.34,42269;56592;56901;57338;57351;58246;75418;117665
872,s_rdata[25],clk_core,6.66,-0.34,42269;56592;56901;57338;57351;58246;75379;117665
873,s_rvalid,clk_core,6.66,-0.34,56681;56901;57338;57351;58219;71927;75224;111004;117665
874,s_rdata[17],clk_core,6.66,-0.34,56681;56901;57338;57351;58219;71927;75473;117665
875,s_rdata[20],clk_core,6.66,-0.34,56681;56901;57338;57351;58219;71927;75429;117665
876,s_rdata[22],clk_core,6.66,-0.34,56681;56901;57338;57351;58219;71927;75417;117665
877,s_rdata[24],clk_core,6.66,-0.34,56681;56901;57338;57351;58219;71927;75390;117665
878,s_awready,clk_core,6.68,-0.32,41812;50553;56901;57338;57344;59600;75571;110971;117665
879,s_wready,clk_core,6.68,-0.32,41812;50553;56901;57338;57344;59600;75213;110971;117665
880,s_arready,clk_core,6.69,-0.31,56681;56901;57338;57351;58219;71927;75582;111004;117665
881,u_host_if.reg_len[0]$_DFFE_PN0P_,clk_core,6.7,-3.48,2475;2483;7521;7642;7826;7890;50629;54351;56901;57338;57353;57476;58191;69325;76587;117665
882,u_host_if.reg_len[2]$_DFFE_PN0P_,clk_core,6.7,-3.48,2475;2483;7521;7642;7826;7886;50570;54351;56901;57338;57353;57476;58191;69297;76587;117665
883,u_host_if.reg_len[8]$_DFFE_PN0P_,clk_core,6.7,-3.48,2475;2483;7521;7642;7826;7874;41721;50595;54351;56901;57338;57344;57476;62962;76587;117665
884,u_host_if.reg_len[1]$_DFFE_PN0P_,clk_core,6.7,-3.48,2475;2483;7521;7642;7826;7888;50604;54351;56901;57338;57353;57476;58182;69226;76587;117665
885,u_host_if.reg_len[16]$_DFFE_PN0P_,clk_core,6.7,-3.48,2475;2483;7521;7642;7826;7857;54274;54351;56901;56951;57328;57504;57611;63045;76587;117665
886,u_host_if.reg_len[17]$_DFFE_PN0P_,clk_core,6.7,-3.48,2475;2483;7521;7642;7826;7855;54274;54351;56901;56951;57328;57504;57611;63045;76587;117665
887,u_host_if.reg_len[5]$_DFFE_PN0P_,clk_core,6.7,-3.48,2475;2483;7521;7642;7826;7880;41898;50320;54351;56901;57338;57347;57476;58905;76587;117665
888,u_host_if.reg_len[6]$_DFFE_PN0P_,clk_core,6.7,-3.48,2475;2483;7521;7642;7826;7878;41898;50320;54351;56901;57338;57347;57476;58905;76587;117665
889,u_host_if.reg_len[9]$_DFFE_PN0P_,clk_core,6.7,-3.48,2475;2483;7521;7642;7826;7872;51491;54351;56901;57338;57353;57476;58133;69058;76587;117665
890,u_host_if.reg_len[19]$_DFFE_PN0P_,clk_core,6.7,-3.48,2475;2483;7521;7642;7826;7851;52715;54351;56901;56951;57328;57476;57692;63276;76587;117665
891,u_host_if.reg_len[13]$_DFFE_PN0P_,clk_core,6.7,-3.48,2475;2483;7521;7642;7826;7863;41709;52732;54351;56901;57338;57344;57476;63012;76587;117665
892,u_host_if.reg_len[3]$_DFFE_PN0P_,clk_core,6.7,-3.48,2475;2483;7521;7642;7826;7884;51112;54351;56901;57338;57353;57476;58125;69024;76587;117665
893,u_host_if.reg_len[7]$_DFFE_PN0P_,clk_core,6.7,-3.48,2475;2483;7521;7642;7826;7876;41751;50600;54351;56901;57338;57344;57476;61421;76587;117665
894,u_host_if.reg_len[18]$_DFFE_PN0P_,clk_core,6.7,-3.48,2475;2483;7521;7642;7826;7853;52663;54351;56901;56951;57328;57504;57652;63214;76587;117665
895,u_host_if.reg_len[30]$_DFFE_PN0P_,clk_core,6.7,-3.48,2475;2483;7521;7642;7826;7828;41936;50259;54351;56901;57338;57347;57504;58477;76587;117665
896,u_host_if.reg_len[20]$_DFFE_PN0P_,clk_core,6.7,-3.48,2475;2483;7521;7642;7826;7849;53083;54351;56901;56951;57328;57504;57611;63094;76587;117665
897,u_host_if.reg_len[14]$_DFFE_PN0P_,clk_core,6.71,-3.48,2475;2483;7521;7642;7826;7861;52657;54351;56901;56951;57328;57504;57714;63258;76587;117665
898,u_host_if.reg_len[15]$_DFFE_PN0P_,clk_core,6.71,-3.48,2475;2483;7521;7642;7826;7859;52657;54351;56901;56951;57328;57504;57714;63258;76587;117665
899,u_host_if.reg_len[23]$_DFFE_PN0P_,clk_core,6.71,-3.48,2475;2483;7521;7642;7826;7842;41919;50344;54351;56901;57338;57347;57504;58706;76587;117665
900,u_host_if.reg_len[4]$_DFFE_PN0P_,clk_core,6.71,-3.48,2475;2483;7521;7642;7826;7882;41933;50334;54351;56901;57338;57347;57504;58732;76587;117665
901,u_host_if.reg_len[11]$_DFFE_PN0P_,clk_core,6.71,-3.48,2475;2483;7521;7642;7826;7867;41791;50598;54351;56901;57338;57344;57504;60399;76587;117665
902,u_host_if.reg_len[12]$_DFFE_PN0P_,clk_core,6.71,-3.48,2475;2483;7521;7642;7826;7865;41899;50349;54351;56901;57338;57347;57504;58881;76587;117665
903,u_host_if.reg_len[25]$_DFFE_PN0P_,clk_core,6.71,-3.48,2475;2483;7521;7642;7826;7838;42016;50265;54351;56901;57338;57347;57504;58336;76587;117665
904,u_host_if.reg_len[31]$_DFFE_PN0P_,clk_core,6.71,-3.48,2475;2483;7521;7642;7826;42016;50265;54351;56901;57338;57347;57504;58336;76587;76797;117665
905,u_host_if.reg_len[22]$_DFFE_PN0P_,clk_core,6.71,-3.48,2475;2483;7521;7642;7826;7844;41815;50558;54351;56901;57338;57344;57504;59600;76587;117665
906,u_host_if.reg_len[26]$_DFFE_PN0P_,clk_core,6.71,-3.48,2475;2483;7521;7642;7826;7836;41815;50558;54351;56901;57338;57344;57504;59600;76587;117665
907,u_host_if.reg_len[28]$_DFFE_PN0P_,clk_core,6.71,-3.48,2475;2483;7521;7642;7826;7832;41940;50342;54351;56901;57338;57347;57504;58477;76587;117665
908,u_host_if.reg_len[10]$_DFFE_PN0P_,clk_core,6.71,-3.48,2475;2483;7521;7642;7826;7870;41819;50350;54351;56901;57338;57344;57504;59478;76587;117665
909,u_host_if.reg_len[21]$_DFFE_PN0P_,clk_core,6.71,-3.48,2475;2483;7521;7642;7826;7846;41827;50564;54351;56901;57338;57344;57504;59305;76587;117665
910,u_host_if.reg_len[24]$_DFFE_PN0P_,clk_core,6.71,-3.48,2475;2483;7521;7642;7826;7840;42028;50267;54351;56901;57338;57347;57504;58310;76587;117665
911,u_host_if.reg_len[27]$_DFFE_PN0P_,clk_core,6.71,-3.48,2475;2483;7521;7642;7826;7834;41839;50358;54351;56901;57338;57344;57504;59305;76587;117665
912,u_host_if.reg_len[29]$_DFFE_PN0P_,clk_core,6.71,-3.48,2475;2483;7521;7642;7826;7830;41817;50567;54351;56901;57338;57344;57504;59478;76587;117665
913,u_host_if.reg_addr[9]$_DFFE_PN0P_,clk_core,6.71,-3.47,2475;2483;7521;7632;9082;9128;41723;50610;54351;56901;57338;57344;57516;62929;76587;117665
914,u_host_if.reg_addr[4]$_DFFE_PN0P_,clk_core,6.71,-3.47,2475;2483;7521;7632;9082;9138;41856;50323;54351;56901;57338;57347;57516;59015;76587;117665
915,u_host_if.reg_addr[11]$_DFFE_PN0P_,clk_core,6.71,-3.47,2475;2483;7521;7632;9082;9123;41766;50583;54351;56901;57338;57344;57516;61443;76587;117665
916,u_host_if.reg_addr[23]$_DFFE_PN0P_,clk_core,6.71,-3.47,2475;2483;7521;7632;9082;9098;41896;50315;54351;56901;57338;57347;57516;58905;76587;117665
917,u_host_if.reg_addr[8]$_DFFE_PN0P_,clk_core,6.71,-3.47,2475;2483;7521;7632;9082;9130;50604;54351;56901;57338;57353;57516;58182;69226;76587;117665
918,u_host_if.reg_addr[7]$_DFFE_PN0P_,clk_core,6.71,-3.47,2475;2483;7521;7632;9082;9132;41854;50312;54351;56901;57338;57347;57516;59015;76587;117665
919,u_host_if.reg_addr[20]$_DFFE_PN0P_,clk_core,6.71,-3.47,2475;2483;7521;7632;9082;9105;52663;54351;56901;56951;57328;57516;57652;63214;76587;117665
920,u_host_if.rpop_q[0]$_DFFE_PN0P_,clk_core,6.71,-3.47,7554;7555;7562;7919;9079;49034;49578;54423;56510;56901;57338;57351;58226;72009;77212;117665
921,u_host_if.rpop_q[14]$_DFFE_PN0P_,clk_core,6.71,-3.47,7554;7555;7562;7919;8829;49034;49578;54423;56510;56901;57338;57351;58226;72009;77212;117665
922,u_host_if.rpop_q[1]$_DFFE_PN0P_,clk_core,6.71,-3.47,7554;7555;7562;7919;9062;49034;49578;54423;56510;56901;57338;57351;58226;72009;77212;117665
923,u_host_if.rpop_q[3]$_DFFE_PN0P_,clk_core,6.71,-3.47,7554;7555;7562;7919;9028;49034;49578;54423;56510;56901;57338;57351;58226;72009;77212;117665
924,u_host_if.rpop_q[6]$_DFFE_PN0P_,clk_core,6.71,-3.47,7554;7555;7562;7919;8977;49034;49578;54423;56510;56901;57338;57351;58226;72009;77212;117665
925,u_host_if.reg_addr[1]$_DFFE_PN0P_,clk_core,6.71,-3.47,2475;2483;7521;7632;9082;9144;51065;54351;56901;57338;57353;57516;58180;69147;76587;117665
926,u_host_if.reg_addr[21]$_DFFE_PN0P_,clk_core,6.71,-3.47,2475;2483;7521;7632;9082;9102;41770;50573;54351;56901;57338;57344;57516;61432;76587;117665
927,u_host_if.reg_addr[3]$_DFFE_PN0P_,clk_core,6.71,-3.47,2475;2483;7521;7632;9082;9140;41752;50607;54351;56901;57338;57344;57516;61421;76587;117665
928,u_host_if.reg_addr[5]$_DFFE_PN0P_,clk_core,6.71,-3.47,2475;2483;7521;7632;9082;9136;41963;50327;54351;56901;57338;57347;57516;58379;76587;117665
929,u_host_if.reg_addr[6]$_DFFE_PN0P_,clk_core,6.71,-3.47,2475;2483;7521;7632;9082;9134;41963;50327;54351;56901;57338;57347;57516;58379;76587;117665
930,u_host_if.reg_addr[17]$_DFFE_PN0P_,clk_core,6.71,-3.47,2475;2483;7521;7632;9082;9111;53083;54351;56901;56951;57328;57516;57611;63094;76587;117665
931,u_host_if.rpop_q[40]$_DFFE_PN0P_,clk_core,6.71,-3.46,7554;7555;7562;7919;8346;8347;49034;49578;54423;56481;56901;56951;57313;57967;67760;77212;117665
932,u_host_if.rpop_q[12]$_DFFE_PN0P_,clk_core,6.71,-3.47,7554;7555;7562;7919;8868;49034;49578;54423;56514;56901;57338;57351;58242;72069;77212;117665
933,u_host_if.rpop_q[13]$_DFFE_PN0P_,clk_core,6.71,-3.47,7554;7555;7562;7919;8849;49034;49578;54423;56514;56901;57338;57351;58242;72069;77212;117665
934,u_host_if.rpop_q[25]$_DFFE_PN0P_,clk_core,6.71,-3.47,7554;7555;7562;7919;8624;49034;49578;54423;56529;56901;57338;57351;58236;72102;77212;117665
935,u_host_if.rpop_q[28]$_DFFE_PN0P_,clk_core,6.71,-3.47,7554;7555;7562;7919;8567;49034;49578;54423;56514;56901;57338;57351;58242;72069;77212;117665
936,u_host_if.rpop_q[8]$_DFFE_PN0P_,clk_core,6.71,-3.47,7554;7555;7562;7919;8941;49034;49578;54423;56514;56901;57338;57351;58242;72069;77212;117665
937,u_host_if.reg_addr[2]$_DFFE_PN0P_,clk_core,6.71,-3.47,2475;2483;7521;7632;9082;9142;51090;54351;56901;57338;57353;57516;58125;69024;76587;117665
938,u_host_if.reg_addr[31]$_DFFE_PN0P_,clk_core,6.71,-3.47,2475;2483;7521;7632;9082;41935;50328;54351;56901;57338;57347;57516;58732;76587;76818;117665
939,u_host_if.reg_addr[24]$_DFFE_PN0P_,clk_core,6.71,-3.47,2475;2483;7521;7632;9082;9096;42016;50279;54351;56901;57338;57347;57516;58336;76587;117665
940,u_host_if.reg_addr[30]$_DFFE_PN0P_,clk_core,6.71,-3.47,2475;2483;7521;7632;9082;9084;42016;50279;54351;56901;57338;57347;57516;58336;76587;117665
941,u_host_if.reg_addr[10]$_DFFE_PN0P_,clk_core,6.71,-3.47,2475;2483;7521;7632;9082;9126;41800;50341;54351;56901;57338;57344;57516;60407;76587;117665
942,u_host_if.reg_addr[12]$_DFFE_PN0P_,clk_core,6.71,-3.47,2475;2483;7521;7632;9082;9121;41907;50331;54351;56901;57338;57347;57516;58881;76587;117665
943,u_host_if.reg_addr[0]$_DFFE_PN0P_,clk_core,6.71,-3.47,2475;2483;7521;7632;9082;9146;50504;54351;56901;57338;57353;57516;58204;71724;76587;117665
944,u_host_if.reg_addr[26]$_DFFE_PN0P_,clk_core,6.71,-3.47,2475;2483;7521;7632;9082;9092;41791;50598;54351;56901;57338;57344;57516;60399;76587;117665
945,u_host_if.reg_addr[27]$_DFFE_PN0P_,clk_core,6.71,-3.47,2475;2483;7521;7632;9082;9090;41899;50349;54351;56901;57338;57347;57516;58881;76587;117665
946,u_host_if.reg_addr[28]$_DFFE_PN0P_,clk_core,6.71,-3.47,2475;2483;7521;7632;9082;9088;42016;50265;54351;56901;57338;57347;57516;58336;76587;117665
947,u_host_if.rpop_q[32]$_DFFE_PN0P_,clk_core,6.72,-3.46,7554;7555;7562;7919;8483;8484;49034;49578;54423;56491;56901;56951;57313;57943;63809;77212;117665
948,u_host_if.rpop_q[36]$_DFFE_PN0P_,clk_core,6.72,-3.46,7554;7555;7562;7919;8415;8416;49034;49578;54423;56491;56901;56951;57313;57943;63809;77212;117665
949,u_host_if.rpop_q[42]$_DFFE_PN0P_,clk_core,6.72,-3.46,7554;7555;7562;7919;8309;8310;49034;49578;54423;56491;56901;56951;57313;57943;63809;77212;117665
950,u_host_if.rpop_q[60]$_DFFE_PN0P_,clk_core,6.72,-3.46,7554;7555;7562;7919;7971;7972;49034;49578;54423;56491;56901;56951;57313;57943;63809;77212;117665
951,u_host_if.rpop_q[10]$_DFFE_PN0P_,clk_core,6.72,-3.47,7554;7555;7562;7919;8906;49034;49578;54423;56500;56901;57338;57351;58226;72031;77212;117665
952,u_host_if.rpop_q[15]$_DFFE_PN0P_,clk_core,6.72,-3.47,7554;7555;7562;7919;8811;49034;49578;54423;56500;56901;57338;57351;58226;72031;77212;117665
953,u_host_if.rpop_q[21]$_DFFE_PN0P_,clk_core,6.72,-3.47,7554;7555;7562;7919;8701;49034;49578;54423;56521;56901;57338;57351;58219;71915;77212;117665
954,u_host_if.rpop_q[23]$_DFFE_PN0P_,clk_core,6.72,-3.47,7554;7555;7562;7919;8662;49034;49578;54423;56521;56901;57338;57351;58219;71915;77212;117665
955,u_host_if.rpop_q[2]$_DFFE_PN0P_,clk_core,6.72,-3.47,7554;7555;7562;7919;9045;49034;49578;54423;56500;56901;57338;57351;58226;72031;77212;117665
956,u_host_if.rpop_q[31]$_DFFE_PN0P_,clk_core,6.72,-3.47,7554;7555;7562;7919;8514;49034;49578;54423;56521;56901;57338;57351;58219;71915;77212;117665
957,u_host_if.rpop_q[4]$_DFFE_PN0P_,clk_core,6.72,-3.47,7554;7555;7562;7919;9011;49034;49578;54423;56521;56901;57338;57351;58219;71915;77212;117665
958,u_host_if.rpop_q[7]$_DFFE_PN0P_,clk_core,6.72,-3.47,7554;7555;7562;7919;8958;49034;49578;54423;56500;56901;57338;57351;58226;72031;77212;117665
959,u_host_if.rpop_q[9]$_DFFE_PN0P_,clk_core,6.72,-3.47,7554;7555;7562;7919;8924;49034;49578;54423;56500;56901;57338;57351;58226;72031;77212;117665
960,u_host_if.reg_addr[25]$_DFFE_PN0P_,clk_core,6.72,-3.47,2475;2483;7521;7632;9082;9094;41974;50274;54351;56901;57338;57347;57516;58379;76587;117665
961,u_host_if.reg_addr[22]$_DFFE_PN0P_,clk_core,6.72,-3.47,2475;2483;7521;7632;9082;9100;41803;50541;54351;56901;57338;57344;57516;59869;76587;117665
962,u_host_if.reg_addr[29]$_DFFE_PN0P_,clk_core,6.72,-3.47,2475;2483;7521;7632;9082;9086;41817;50303;54351;56901;57338;57344;57516;59478;76587;117665
963,u_host_if.rpop_q[5]$_DFFE_PN0P_,clk_core,6.72,-3.47,7554;7555;7562;7919;8994;49034;49578;54423;56535;56901;57338;57351;58236;72129;77212;117665
964,u_host_if.rpop_q[57]$_DFFE_PN0P_,clk_core,6.72,-3.46,7554;7555;7562;7919;8026;8027;49034;49578;54423;56529;56901;57338;57351;58236;72102;77212;117665
965,u_host_if.rpop_q[37]$_DFFE_PN0P_,clk_core,6.72,-3.46,7554;7555;7562;7919;8398;8399;49034;49578;54423;56500;56901;57338;57351;58226;72031;77212;117665
966,u_host_if.rpop_q[47]$_DFFE_PN0P_,clk_core,6.72,-3.46,7554;7555;7562;7919;8213;8214;49034;49578;54423;56500;56901;57338;57351;58226;72031;77212;117665
967,u_host_if.rpop_q[52]$_DFFE_PN0P_,clk_core,6.72,-3.46,7554;7555;7562;7919;8121;8122;49034;49578;54423;56521;56901;57338;57351;58219;71915;77212;117665
968,u_host_if.rpop_q[55]$_DFFE_PN0P_,clk_core,6.72,-3.46,7554;7555;7562;7919;8064;8065;49034;49578;54423;56521;56901;57338;57351;58219;71915;77212;117665
969,u_host_if.repack_q[59]$_DFFE_PN0P_,clk_core,6.73,-3.45,2475;2483;7521;7632;7634;7659;46429;54274;54351;56901;56951;57328;57611;63045;76587;117665
970,u_host_if.repack_q[25]$_DFFE_PN0P_,clk_core,6.73,-3.45,2475;2483;7521;7632;7634;7738;46429;54351;54934;56901;56951;57328;57860;63378;76587;117665
971,u_host_if.repack_q[30]$_DFFE_PN0P_,clk_core,6.73,-3.45,2475;2483;7521;7632;7634;7723;46429;54351;54947;56901;56951;57328;57925;63383;76587;117665
972,u_host_if.repack_q[31]$_DFFE_PN0P_,clk_core,6.73,-3.45,2475;2483;7521;7632;7634;7720;46429;54351;54947;56901;56951;57328;57925;63383;76587;117665
973,u_host_if.repack_q[28]$_DFFE_PN0P_,clk_core,6.73,-3.45,2475;2483;7521;7632;7634;7729;46429;54351;54925;56901;56951;57328;57860;63368;76587;117665
974,u_host_if.repack_q[42]$_DFFE_PN0P_,clk_core,6.73,-3.45,2475;2483;7521;7632;7634;7695;46429;52703;54351;56901;56951;57328;57754;63299;76587;117665
975,u_host_if.repack_q[43]$_DFFE_PN0P_,clk_core,6.73,-3.45,2475;2483;7521;7632;7634;7693;46429;52676;54351;56901;56951;57328;57674;63165;76587;117665
976,u_host_if.repack_q[55]$_DFFE_PN0P_,clk_core,6.73,-3.45,2475;2483;7521;7632;7634;7667;46429;52676;54351;56901;56951;57328;57674;63165;76587;117665
977,u_host_if.repack_q[58]$_DFFE_PN0P_,clk_core,6.73,-3.45,2475;2483;7521;7632;7634;7661;46429;52676;54351;56901;56951;57328;57674;63165;76587;117665
978,u_host_if.repack_q[60]$_DFFE_PN0P_,clk_core,6.73,-3.45,2475;2483;7521;7632;7634;7657;46429;52676;54351;56901;56951;57328;57674;63165;76587;117665
979,u_host_if.repack_q[61]$_DFFE_PN0P_,clk_core,6.73,-3.45,2475;2483;7521;7632;7634;7655;46429;52676;54351;56901;56951;57328;57674;63165;76587;117665
980,u_host_if.repack_q[54]$_DFFE_PN0P_,clk_core,6.73,-3.45,2475;2483;7521;7632;7634;7670;46429;54351;54539;56901;56951;57328;57816;63359;76587;117665
981,u_host_if.repack_q[49]$_DFFE_PN0P_,clk_core,6.73,-3.45,2475;2483;7521;7632;7634;7680;46429;54351;54506;56901;56951;57359;57977;67968;76587;117665
982,u_host_if.repack_q[53]$_DFFE_PN0P_,clk_core,6.73,-3.45,2475;2483;7521;7632;7634;7672;46429;54351;54506;56901;56951;57359;57977;67968;76587;117665
983,u_host_if.repack_q[44]$_DFFE_PN0P_,clk_core,6.73,-3.45,2475;2483;7521;7632;7634;7691;46429;52657;54351;56901;56951;57328;57714;63258;76587;117665
984,u_host_if.repack_q[56]$_DFFE_PN0P_,clk_core,6.73,-3.45,2475;2483;7521;7632;7634;7665;46429;52657;54351;56901;56951;57328;57714;63258;76587;117665
985,u_host_if.repack_q[57]$_DFFE_PN0P_,clk_core,6.73,-3.45,2475;2483;7521;7632;7634;7663;46429;52657;54351;56901;56951;57328;57714;63258;76587;117665
986,u_host_if.repack_q[63]$_DFFE_PN0P_,clk_core,6.73,-3.45,2475;2483;7521;7632;7634;46429;52657;54351;56901;56951;57328;57714;63258;76587;76793;117665
987,u_host_if.repack_q[62]$_DFFE_PN0P_,clk_core,6.73,-3.45,2475;2483;7521;7632;7634;7653;46429;52674;54351;56901;56951;57328;57714;63258;76587;117665
988,u_host_if.g_repackN.repack_cnt[1]$_DFFE_PN0P_,clk_core,6.73,-3.45,2475;2483;7521;7632;7634;46429;52686;54351;56901;56951;57328;57798;63311;76587;76791;117665
989,u_host_if.repack_q[38]$_DFFE_PN0P_,clk_core,6.73,-3.45,2475;2483;7521;7632;7634;7703;46429;52686;54351;56901;56951;57328;57798;63311;76587;117665
990,u_host_if.repack_q[39]$_DFFE_PN0P_,clk_core,6.73,-3.45,2475;2483;7521;7632;7634;7701;46429;52686;54351;56901;56951;57328;57798;63311;76587;117665
991,u_host_if.reg_addr[13]$_DFFE_PN0P_,clk_core,6.74,-3.44,2475;2483;7521;7632;9082;9119;52705;54351;56901;56951;57328;57538;57754;63286;76587;117665
992,u_host_if.reg_addr[14]$_DFFE_PN0P_,clk_core,6.74,-3.44,2475;2483;7521;7632;9082;9117;52705;54351;56901;56951;57328;57538;57754;63286;76587;117665
993,u_host_if.reg_addr[18]$_DFFE_PN0P_,clk_core,6.74,-3.44,2475;2483;7521;7632;9082;9109;52705;54351;56901;56951;57328;57538;57754;63286;76587;117665
994,u_host_if.reg_addr[16]$_DFFE_PN0P_,clk_core,6.75,-3.44,2475;2483;7521;7632;9082;9113;52715;54351;56901;56951;57328;57538;57692;63276;76587;117665
995,u_host_if.reg_addr[19]$_DFFE_PN0P_,clk_core,6.75,-3.44,2475;2483;7521;7632;9082;9107;52715;54351;56901;56951;57328;57538;57692;63276;76587;117665
996,u_host_if.reg_addr[15]$_DFFE_PN0P_,clk_core,6.75,-3.44,2475;2483;7521;7632;9082;9115;52657;54351;56901;56951;57328;57538;57714;63258;76587;117665
997,u_host_if.g_repackN.repack_cnt[0]$_DFFE_PN0P_,clk_core,6.75,-3.44,2475;2483;7521;7632;7634;7637;7639;46429;52715;54351;56901;56951;57328;57692;63276;76587;117665
998,u_host_if.s_rdata[0]$_DFFE_PN0P_,clk_core,6.76,-3.43,7554;7555;7562;7629;7630;49007;49034;56535;56901;57338;57351;58236;72129;77212;117665
999,u_host_if.s_rdata[1]$_DFFE_PN0P_,clk_core,6.76,-3.43,7554;7555;7562;7627;7628;49007;49034;56535;56901;57338;57351;58236;72129;77212;117665
1000,u_host_if.s_rdata[11]$_DFFE_PN0P_,clk_core,6.76,-3.42,7554;7555;7562;7605;7606;42269;49007;49034;56592;56901;57338;57351;58246;77212;117665
1001,u_host_if.s_rdata[14]$_DFFE_PN0P_,clk_core,6.76,-3.42,7554;7555;7562;7598;7599;42291;49007;49034;56577;56901;57338;57351;58250;77212;117665
1002,u_host_if.s_rdata[12]$_DFFE_PN0P_,clk_core,6.76,-3.42,7554;7555;7562;7602;7603;49007;49034;56535;56901;57338;57351;58236;72129;77212;117665
1003,u_host_if.s_rdata[2]$_DFFE_PN0P_,clk_core,6.76,-3.42,7554;7555;7562;7624;7625;49007;49034;56535;56901;57338;57351;58236;72129;77212;117665
1004,u_host_if.s_rdata[3]$_DFFE_PN0P_,clk_core,6.76,-3.42,7554;7555;7562;7622;7623;49007;49034;56535;56901;57338;57351;58236;72129;77212;117665
1005,u_host_if.s_rdata[13]$_DFFE_PN0P_,clk_core,6.76,-3.42,7554;7555;7562;7600;7601;42265;49007;49034;56546;56901;57338;57351;58265;77212;117665
1006,u_host_if.s_rdata[4]$_DFFE_PN0P_,clk_core,6.76,-3.42,7554;7555;7562;7620;7621;42265;49007;49034;56546;56901;57338;57351;58265;77212;117665
1007,u_host_if.s_rdata[5]$_DFFE_PN0P_,clk_core,6.76,-3.42,7554;7555;7562;7618;7619;42265;49007;49034;56546;56901;57338;57351;58265;77212;117665
1008,u_host_if.s_rdata[6]$_DFFE_PN0P_,clk_core,6.76,-3.42,7554;7555;7562;7616;7617;42265;49007;49034;56546;56901;57338;57351;58265;77212;117665
1009,u_host_if.s_rdata[9]$_DFFE_PN0P_,clk_core,6.76,-3.42,7554;7555;7562;7610;7611;42265;49007;49034;56546;56901;57338;57351;58265;77212;117665
1010,u_host_if.s_rdata[10]$_DFFE_PN0P_,clk_core,6.76,-3.42,7554;7555;7562;7608;7609;42265;49007;49034;56569;56901;57338;57351;58265;77212;117665
1011,u_host_if.s_rdata[15]$_DFFE_PN0P_,clk_core,6.76,-3.42,7554;7555;7562;7596;7597;42265;49007;49034;56569;56901;57338;57351;58265;77212;117665
1012,u_host_if.s_rdata[7]$_DFFE_PN0P_,clk_core,6.76,-3.42,7554;7555;7562;7614;7615;42265;49007;49034;56569;56901;57338;57351;58265;77212;117665
1013,u_host_if.s_rdata[8]$_DFFE_PN0P_,clk_core,6.76,-3.42,7554;7555;7562;7612;7613;42265;49007;49034;56569;56901;57338;57351;58265;77212;117665
1014,u_host_if.g_rpopN.rpop_cnt[1]$_DFFE_PN0P_,clk_core,6.77,-3.42,7554;7555;7562;7820;7821;42241;49034;56609;56901;57338;57351;58265;76795;76796;77212;117665
1015,u_host_if.s_rdata[21]$_DFFE_PN0P_,clk_core,6.77,-3.42,7554;7555;7562;7584;7585;42269;49007;49034;56592;56901;57338;57351;58246;77212;117665
1016,u_host_if.s_rdata[25]$_DFFE_PN0P_,clk_core,6.77,-3.42,7554;7555;7562;7576;7577;42269;49007;49034;56592;56901;57338;57351;58246;77212;117665
1017,u_host_if.reg_chmask[0]$_DFFE_PN0P_,clk_core,6.77,-3.41,2475;2483;7521;7642;7643;7644;7651;50512;54351;56901;57338;57353;58204;71773;76587;117665
1018,u_host_if.reg_chmask[2]$_DFFE_PN0P_,clk_core,6.77,-3.41,2475;2483;7521;7642;7643;7644;7645;52030;54351;56901;57338;57353;58204;71773;76587;117665
1019,u_host_if.reg_chmask[1]$_DFFE_PN0P_,clk_core,6.77,-3.41,2475;2483;7521;7642;7643;7644;7648;51842;54351;56901;57338;57353;58204;71724;76587;117665
1020,u_host_if.reg_chmask[3]$_DFFE_PN0P_,clk_core,6.77,-3.41,2475;2483;7521;7642;7643;7644;52079;54351;56901;57338;57353;58212;71806;76587;76792;117665
1021,u_host_if.s_rdata[28]$_DFFE_PN0P_,clk_core,6.77,-3.42,7554;7555;7562;7570;7571;42283;49007;49034;56600;56901;57338;57351;58246;77212;117665
1022,u_host_if.s_rdata[31]$_DFFE_PN0P_,clk_core,6.77,-3.42,7554;7555;7562;42283;49007;49034;56600;56901;57338;57351;58246;77212;77985;77986;117665
1023,u_host_if.rpop_q[34]$_DFFE_PN0P_,clk_core,6.77,-3.41,7554;7555;7562;7919;8449;8450;49034;54362;56481;56901;56951;57313;57967;67760;77212;117665
1024,u_host_if.rpop_q[38]$_DFFE_PN0P_,clk_core,6.77,-3.41,7554;7555;7562;7919;8381;8382;49034;54362;56481;56901;56951;57313;57967;67760;77212;117665
1025,u_host_if.rpop_q[63]$_DFFE_PN0P_,clk_core,6.77,-3.41,7554;7555;7562;7919;49034;54362;56481;56901;56951;57313;57967;67760;76816;76817;77212;117665
1026,u_host_if.rpop_q[35]$_DFFE_PN0P_,clk_core,6.77,-3.41,7554;7555;7562;7919;8432;8433;49034;54362;56485;56901;56951;57357;58047;68533;77212;117665
1027,u_host_if.rpop_q[39]$_DFFE_PN0P_,clk_core,6.77,-3.41,7554;7555;7562;7919;8363;8364;49034;54362;56485;56901;56951;57357;58047;68533;77212;117665
1028,u_host_if.rpop_q[41]$_DFFE_PN0P_,clk_core,6.77,-3.41,7554;7555;7562;7919;8328;8329;49034;54362;56485;56901;56951;57357;58047;68533;77212;117665
1029,u_host_if.rpop_q[44]$_DFFE_PN0P_,clk_core,6.77,-3.41,7554;7555;7562;7919;8270;8271;49034;54362;56485;56901;56951;57357;58047;68533;77212;117665
1030,u_host_if.rpop_q[45]$_DFFE_PN0P_,clk_core,6.77,-3.41,7554;7555;7562;7919;8252;8253;49034;54362;56485;56901;56951;57357;58047;68533;77212;117665
1031,u_host_if.rpop_q[46]$_DFFE_PN0P_,clk_core,6.77,-3.41,7554;7555;7562;7919;8234;8235;49034;54362;56491;56901;56951;57313;57943;63809;77212;117665
1032,u_host_if.rpop_q[24]$_DFFE_PN0P_,clk_core,6.77,-3.41,7554;7555;7562;7919;8642;49034;54362;56643;56901;57338;57351;58233;71986;77212;117665
1033,u_host_if.rpop_q[62]$_DFFE_PN0P_,clk_core,6.77,-3.41,7554;7555;7562;7919;7922;7923;42241;49034;54362;56609;56901;57338;57351;58265;77212;117665
1034,u_host_if.rpop_q[33]$_DFFE_PN0P_,clk_core,6.77,-3.41,7554;7555;7562;7919;8466;8467;49034;54362;56514;56901;57338;57351;58242;72069;77212;117665
1035,u_host_if.rpop_q[49]$_DFFE_PN0P_,clk_core,6.77,-3.41,7554;7555;7562;7919;8176;8177;42269;49034;54362;56592;56901;57338;57351;58246;77212;117665
1036,u_host_if.rpop_q[51]$_DFFE_PN0P_,clk_core,6.77,-3.41,7554;7555;7562;7919;8140;8141;49034;54362;56529;56901;57338;57351;58236;72102;77212;117665
1037,u_host_if.rpop_q[53]$_DFFE_PN0P_,clk_core,6.77,-3.41,7554;7555;7562;7919;8102;8103;49034;54362;56514;56901;57338;57351;58242;72069;77212;117665
1038,u_host_if.rpop_q[54]$_DFFE_PN0P_,clk_core,6.77,-3.41,7554;7555;7562;7919;8082;8083;49034;54362;56529;56901;57338;57351;58236;72102;77212;117665
1039,u_host_if.rpop_q[56]$_DFFE_PN0P_,clk_core,6.77,-3.41,7554;7555;7562;7919;8046;8047;42269;49034;54362;56592;56901;57338;57351;58246;77212;117665
1040,u_host_if.rpop_q[58]$_DFFE_PN0P_,clk_core,6.77,-3.41,7554;7555;7562;7919;8008;8009;49034;54362;56529;56901;57338;57351;58236;72102;77212;117665
1041,u_host_if.rpop_q[43]$_DFFE_PN0P_,clk_core,6.78,-3.41,7554;7555;7562;7919;8290;8291;49034;54362;56521;56901;57338;57351;58219;71915;77212;117665
1042,u_host_if.rpop_q[17]$_DFFE_PN0P_,clk_core,6.78,-3.41,7554;7555;7562;7919;8772;42241;49034;54362;56609;56901;57338;57351;58265;77212;117665
1043,u_host_if.rpop_q[29]$_DFFE_PN0P_,clk_core,6.78,-3.41,7554;7555;7562;7919;8550;42241;49034;54362;56609;56901;57338;57351;58265;77212;117665
1044,u_host_if.rpop_q[50]$_DFFE_PN0P_,clk_core,6.78,-3.41,7554;7555;7562;7919;8158;8159;49034;54362;56535;56901;57338;57351;58236;72129;77212;117665
1045,u_host_if.rpop_q[61]$_DFFE_PN0P_,clk_core,6.78,-3.41,7554;7555;7562;7919;7953;7954;49034;54362;56643;56901;57338;57351;58233;71986;77212;117665
1046,u_host_if.rpop_q[59]$_DFFE_PN0P_,clk_core,6.78,-3.41,7554;7555;7562;7919;7989;7990;42265;49034;54362;56569;56901;57338;57351;58265;77212;117665
1047,u_host_if.rpop_q[48]$_DFFE_PN0P_,clk_core,6.78,-3.41,7554;7555;7562;7919;8195;8196;42241;49034;54362;56609;56901;57338;57351;58265;77212;117665
1048,u_host_if.rpop_q[19]$_DFFE_PN0P_,clk_core,6.78,-3.4,7554;7555;7562;7919;8737;42269;49034;49578;56592;56901;57338;57351;58246;77212;117665
1049,u_host_if.rpop_q[11]$_DFFE_PN0P_,clk_core,6.78,-3.4,7554;7555;7562;7919;8888;49034;49578;56535;56901;57338;57351;58236;72129;77212;117665
1050,u_host_if.rpop_q[18]$_DFFE_PN0P_,clk_core,6.78,-3.4,7554;7555;7562;7919;8754;42283;49034;49578;56600;56901;57338;57351;58246;77212;117665
1051,u_host_if.rpop_q[22]$_DFFE_PN0P_,clk_core,6.78,-3.4,7554;7555;7562;7919;8681;49034;49578;56643;56901;57338;57351;58233;71986;77212;117665
1052,u_host_if.rpop_q[30]$_DFFE_PN0P_,clk_core,6.78,-3.4,7554;7555;7562;7919;8532;42283;49034;49578;56600;56901;57338;57351;58246;77212;117665
1053,u_host_if.rpop_q[26]$_DFFE_PN0P_,clk_core,6.78,-3.4,7554;7555;7562;7919;8606;42265;49034;49578;56569;56901;57338;57351;58265;77212;117665
1054,u_host_if.rpop_q[27]$_DFFE_PN0P_,clk_core,6.78,-3.4,7554;7555;7562;7919;8585;42265;49034;49578;56569;56901;57338;57351;58265;77212;117665
1055,u_host_if.rpop_q[20]$_DFFE_PN0P_,clk_core,6.79,-3.4,7554;7555;7562;7919;8719;42241;49034;49578;56609;56901;57338;57351;58265;77212;117665
1056,u_host_if.done_sticky$_DFF_PN0_,clk_core,6.8,-3.38,2475;2483;7521;7642;7643;50297;54351;56901;57338;57353;58165;69076;76587;78046;78047;78048;110757;117665
1057,u_host_if.reg_opcode[7]$_DFFE_PN0P_,clk_core,6.8,-3.38,2475;2483;7521;7528;51180;54351;56901;57338;57353;58113;69000;76587;78003;117665
1058,u_host_if.reg_opcode[6]$_DFFE_PN0P_,clk_core,6.8,-3.38,2475;2483;7521;7528;7532;42202;52003;54351;56901;57338;57351;58271;76587;117665
1059,u_host_if.reg_opcode[5]$_DFFE_PN0P_,clk_core,6.8,-3.38,2475;2483;7521;7528;7535;51491;54351;56901;57338;57353;58133;69058;76587;117665
1060,u_host_if.reg_opcode[1]$_DFFE_PN0P_,clk_core,6.8,-3.38,2475;2483;7521;7528;7548;42145;52007;54351;56901;57338;57351;58284;76587;117665
1061,u_host_if.reg_opcode[2]$_DFFE_PN0P_,clk_core,6.8,-3.38,2475;2483;7521;7528;7544;42145;52007;54351;56901;57338;57351;58284;76587;117665
1062,u_host_if.reg_opcode[3]$_DFFE_PN0P_,clk_core,6.8,-3.38,2475;2483;7521;7528;7541;42145;52007;54351;56901;57338;57351;58284;76587;117665
1063,u_host_if.reg_opcode[4]$_DFFE_PN0P_,clk_core,6.8,-3.38,2475;2483;7521;7528;7538;51608;54351;56901;57338;57353;58180;69147;76587;117665
1064,u_host_if.reg_chan[1]$_DFFE_PN0P_,clk_core,6.8,-3.38,2475;2483;7521;7528;50574;54351;56901;57338;57353;58212;71845;76587;78044;117665
1065,u_host_if.reg_chan[0]$_DFFE_PN0P_,clk_core,6.8,-3.38,2475;2483;7521;7528;7529;50589;54351;56901;57338;57353;58212;71845;76587;117665
1066,u_host_if.reg_opcode[0]$_DFFE_PN0P_,clk_core,6.8,-3.38,2475;2483;7521;7528;7551;50504;54351;56901;57338;57353;58204;71724;76587;117665
1067,u_host_if.g_rpopN.rpop_cnt[0]$_DFFE_PN0P_,clk_core,6.81,-3.37,7554;7555;7562;7820;7821;7822;7824;42241;49034;56609;56901;57338;57351;58265;77212;117665
1068,u_host_if.reg_ecc_en$_DFFE_PN0P_,clk_core,6.83,-3.35,2475;2483;7521;7642;41718;50627;54351;56901;57338;57344;62962;76587;77932;77933;77934;110800;117665
1069,u_host_if.rpop_q[16]$_DFFE_PN0P_,clk_core,6.83,-3.35,7554;7555;7562;7919;8793;49034;56643;56901;57338;57351;58233;71986;77212;117665
1070,u_host_if.repack_emit$_DFF_PN0_,clk_core,6.84,-3.34,2475;2483;7521;7632;52703;54351;56901;56951;57328;57754;63299;76587;78041;110841;117665
1071,u_host_if.start_pulse$_DFF_PN0_,clk_core,6.86,-3.33,2475;2483;7521;7642;41752;50607;54351;56901;57338;57344;61421;76587;77932;78045;111005;117665
1072,u_host_if.rpop_loaded$_DFFE_PN0P_,clk_core,6.86,-3.32,7554;7555;7562;42283;49034;56600;56901;57338;57351;58246;76798;76799;76800;77212;110906;117665
1073,u_host_if.s_rdata[17]$_DFFE_PN0P_,clk_core,6.87,-3.32,7554;7555;7562;7592;7593;49034;56681;56901;57338;57351;58219;71927;77212;117665
1074,u_host_if.s_rdata[20]$_DFFE_PN0P_,clk_core,6.87,-3.32,7554;7555;7562;7586;7587;49034;56681;56901;57338;57351;58219;71927;77212;117665
1075,u_host_if.s_rdata[22]$_DFFE_PN0P_,clk_core,6.87,-3.32,7554;7555;7562;7582;7583;49034;56681;56901;57338;57351;58219;71927;77212;117665
1076,u_host_if.s_rdata[24]$_DFFE_PN0P_,clk_core,6.87,-3.32,7554;7555;7562;7578;7579;49034;56681;56901;57338;57351;58219;71927;77212;117665
1077,u_host_if.s_rdata[29]$_DFFE_PN0P_,clk_core,6.87,-3.32,7554;7555;7562;7568;7569;42241;49034;56609;56901;57338;57351;58265;77212;117665
1078,u_host_if.s_rdata[18]$_DFFE_PN0P_,clk_core,6.88,-3.31,7554;7555;7562;7590;7591;42283;49034;56600;56901;57338;57351;58246;77212;117665
1079,u_host_if.s_rdata[16]$_DFFE_PN0P_,clk_core,6.88,-3.31,7554;7555;7562;7594;7595;49034;56643;56901;57338;57351;58233;71986;77212;117665
1080,u_host_if.s_rdata[19]$_DFFE_PN0P_,clk_core,6.88,-3.31,7554;7555;7562;7588;7589;49034;56643;56901;57338;57351;58233;71986;77212;117665
1081,u_host_if.s_rdata[23]$_DFFE_PN0P_,clk_core,6.88,-3.31,7554;7555;7562;7580;7581;49034;56643;56901;57338;57351;58233;71986;77212;117665
1082,u_host_if.s_rdata[26]$_DFFE_PN0P_,clk_core,6.88,-3.31,7554;7555;7562;7574;7575;49034;56643;56901;57338;57351;58233;71986;77212;117665
1083,u_host_if.s_rdata[27]$_DFFE_PN0P_,clk_core,6.88,-3.31,7554;7555;7562;7572;7573;42283;49034;56600;56901;57338;57351;58246;77212;117665
1084,u_host_if.s_rdata[30]$_DFFE_PN0P_,clk_core,6.88,-3.31,7554;7555;7562;7564;7565;42283;49034;56600;56901;57338;57351;58246;77212;117665
1085,u_host_if.awaddr_q[4]$_DFFE_PN0P_,clk_core,7.03,-3.15,2475;2478;41815;50558;56901;57338;57344;59600;76587;117665
1086,u_host_if.awaddr_q[2]$_DFFE_PN0P_,clk_core,7.03,-3.15,2475;2480;41815;50558;56901;57338;57344;59600;76587;117665
1087,u_host_if.awaddr_q[3]$_DFFE_PN0P_,clk_core,7.03,-3.15,2475;2479;41815;50561;56901;57338;57344;59600;76587;117665
1088,u_host_if.awaddr_q[6]$_DFFE_PN0P_,clk_core,7.04,-3.14,2475;2476;41812;50553;56901;57338;57344;59600;76587;117665
1089,u_host_if.awaddr_q[7]$_DFFE_PN0P_,clk_core,7.04,-3.14,2475;2483;41815;50558;56901;57338;57344;59600;76587;117665
1090,u_host_if.awaddr_q[5]$_DFFE_PN0P_,clk_core,7.04,-3.14,2475;2477;41815;50558;56901;57338;57344;59600;76587;117665
1091,u_host_if.awaddr_q[1]$_DFFE_PN0P_,clk_core,7.05,-3.14,2475;2481;41815;50561;56901;57338;57344;59600;76587;117665
1092,u_host_if.awaddr_q[0]$_DFFE_PN0P_,clk_core,7.05,-3.14,2475;2482;41827;50564;56901;57338;57344;59305;76587;117665
1093,u_host_if.s_rvalid$_DFFE_PN0P_,clk_core,7.06,-3.12,7552;56681;56901;57338;57351;58219;71927;76751;77880;111004;117665
1094,u_host_if.s_bvalid$_DFFE_PN0P_,clk_core,7.12,-3.06,7520;41812;50553;56901;57338;57344;59600;76174;77828;110971;117665
1095,u_cdc_rbeat.rd_empty$_DFF_PN1_,clk_core,9.4,-0.78,2448;2450;42291;47959;56577;56901;57338;57351;58250;78014;78015;78017;78102;109578;117665
1096,u_cdc_wbeat.mem[1][18]$_DFFE_PP_,clk_core,9.42,-0.76,52703;55785;56901;56951;57036;57271;57321;57328;57357;57754;58071;63299;68770;75093;75199;75200;75251;110841;117665
1097,u_cdc_wbeat.mem[1][0]$_DFFE_PP_,clk_core,9.42,-0.76,52703;55715;56901;56951;57036;57271;57321;57328;57357;57754;58071;63299;68791;75093;75199;75200;75270;110841;117665
1098,u_cdc_wbeat.mem[1][26]$_DFFE_PP_,clk_core,9.42,-0.76,52703;55778;56901;56951;57036;57271;57321;57328;57357;57754;58060;63299;68712;75093;75199;75200;75242;110841;117665
1099,u_cdc_wbeat.mem[1][30]$_DFFE_PP_,clk_core,9.42,-0.76,52703;55778;56901;56951;57036;57271;57321;57328;57357;57754;58060;63299;68712;75093;75199;75200;75238;110841;117665
1100,u_cdc_wbeat.mem[1][15]$_DFFE_PP_,clk_core,9.42,-0.76,52703;55726;56901;56951;57036;57271;57321;57328;57359;57754;58011;63299;68216;75093;75199;75200;75254;110841;117665
1101,u_cdc_wbeat.mem[1][20]$_DFFE_PP_,clk_core,9.42,-0.76,52703;56081;56901;56951;57036;57271;57321;57328;57359;57754;58030;63299;68264;75093;75199;75200;75249;110841;117665
1102,u_cdc_wbeat.mem[1][45]$_DFFE_PP_,clk_core,9.42,-0.76,52703;55114;56901;56951;57036;57271;57321;57328;57359;57754;58012;63299;68241;75093;75199;75200;75221;110841;117665
1103,u_cdc_wbeat.mem[1][23]$_DFFE_PP_,clk_core,9.42,-0.76,52703;55732;56901;56951;57036;57271;57321;57328;57359;57754;58011;63299;68216;75093;75199;75200;75245;110841;117665
1104,u_cdc_wbeat.mem[1][16]$_DFFE_PP_,clk_core,9.42,-0.76,52703;55759;56901;56951;57036;57271;57321;57328;57359;57754;58026;63299;68276;75093;75199;75200;75253;110841;117665
1105,u_cdc_wbeat.mem[1][24]$_DFFE_PP_,clk_core,9.42,-0.76,52703;55234;56901;56951;57036;57271;57321;57328;57359;57754;58030;63299;68272;75093;75199;75200;75244;110841;117665
1106,u_cdc_wbeat.mem[0][18]$_DFFE_PP_,clk_core,9.42,-0.76,52703;55785;56901;56951;57014;57317;57328;57332;57357;57754;58071;63299;68770;75093;75094;75096;75161;110841;117665
1107,u_cdc_wbeat.mem[1][11]$_DFFE_PP_,clk_core,9.42,-0.76,52703;55753;56901;56951;57036;57271;57321;57328;57359;57754;58011;63299;68227;75093;75199;75200;75259;110841;117665
1108,u_cdc_wbeat.mem[1][19]$_DFFE_PP_,clk_core,9.42,-0.76,52703;55753;56901;56951;57036;57271;57321;57328;57359;57754;58011;63299;68227;75093;75199;75200;75250;110841;117665
1109,u_cdc_wbeat.mem[1][29]$_DFFE_PP_,clk_core,9.42,-0.76,52703;55749;56901;56951;57036;57271;57321;57328;57359;57754;58011;63299;68227;75093;75199;75200;75239;110841;117665
1110,u_cdc_wbeat.mem[0][0]$_DFFE_PP_,clk_core,9.42,-0.76,52703;55715;56901;56951;57014;57317;57328;57332;57357;57754;58071;63299;68791;75093;75094;75096;75198;110841;117665
1111,u_cdc_wbeat.mem[0][15]$_DFFE_PP_,clk_core,9.42,-0.76,52703;55715;56901;56951;57014;57317;57328;57332;57357;57754;58071;63299;68791;75093;75094;75096;75167;110841;117665
1112,u_cdc_wbeat.mem[0][26]$_DFFE_PP_,clk_core,9.42,-0.76,52703;55715;56901;56951;57014;57317;57328;57332;57357;57754;58071;63299;68791;75093;75094;75096;75144;110841;117665
1113,u_cdc_wbeat.mem[1][21]$_DFFE_PP_,clk_core,9.42,-0.76,52703;55212;56901;56951;57036;57271;57321;57328;57359;57754;58006;63299;68190;75093;75199;75200;75248;110841;117665
1114,u_cdc_wbeat.mem[1][48]$_DFFE_PP_,clk_core,9.42,-0.76,52703;55284;56901;56951;57036;57271;57321;57328;57359;57754;58006;63299;68198;75093;75199;75200;75218;110841;117665
1115,u_cdc_wbeat.mem[0][30]$_DFFE_PP_,clk_core,9.42,-0.76,52703;55778;56901;56951;57014;57317;57328;57332;57357;57754;58060;63299;68712;75093;75094;75096;75136;110841;117665
1116,u_cdc_wbeat.mem[0][23]$_DFFE_PP_,clk_core,9.43,-0.76,52703;55726;56901;56951;57014;57317;57328;57332;57359;57754;58011;63299;68216;75093;75094;75096;75150;110841;117665
1117,u_cdc_wbeat.mem[0][45]$_DFFE_PP_,clk_core,9.43,-0.76,52703;55114;56901;56951;57014;57317;57328;57332;57359;57754;58012;63299;68241;75093;75094;75096;75117;110841;117665
1118,u_cdc_wbeat.mem[0][24]$_DFFE_PP_,clk_core,9.43,-0.76,52703;55103;56901;56951;57014;57317;57328;57332;57359;57754;58012;63299;68233;75093;75094;75096;75148;110841;117665
1119,u_cdc_wbeat.mem[0][16]$_DFFE_PP_,clk_core,9.43,-0.76,52703;55759;56901;56951;57014;57317;57328;57332;57359;57754;58026;63299;68276;75093;75094;75096;75165;110841;117665
1120,u_cdc_wbeat.mem[0][21]$_DFFE_PP_,clk_core,9.43,-0.76,52703;55234;56901;56951;57014;57317;57328;57332;57359;57754;58030;63299;68272;75093;75094;75096;75155;110841;117665
1121,u_cdc_wbeat.mem[0][11]$_DFFE_PP_,clk_core,9.43,-0.76,52703;55753;56901;56951;57014;57317;57328;57332;57359;57754;58011;63299;68227;75093;75094;75096;75176;110841;117665
1122,u_cdc_wbeat.mem[0][19]$_DFFE_PP_,clk_core,9.43,-0.76,52703;55753;56901;56951;57014;57317;57328;57332;57359;57754;58011;63299;68227;75093;75094;75096;75159;110841;117665
1123,u_cdc_wbeat.mem[0][20]$_DFFE_PP_,clk_core,9.43,-0.76,52703;55749;56901;56951;57014;57317;57328;57332;57359;57754;58011;63299;68227;75093;75094;75096;75157;110841;117665
1124,u_cdc_wbeat.mem[0][29]$_DFFE_PP_,clk_core,9.43,-0.76,52703;55749;56901;56951;57014;57317;57328;57332;57359;57754;58011;63299;68227;75093;75094;75096;75138;110841;117665
1125,u_cdc_wbeat.mem[0][48]$_DFFE_PP_,clk_core,9.43,-0.76,52703;55212;56901;56951;57014;57317;57328;57332;57359;57754;58006;63299;68190;75093;75094;75096;75114;110841;117665
1126,u_cdc_wbeat.mem[1][49]$_DFFE_PP_,clk_core,9.43,-0.75,52703;55519;56901;56951;57047;57271;57321;57328;57359;57754;57987;63299;68000;75093;75199;75200;75217;110841;117665
1127,u_cdc_wbeat.mem[1][54]$_DFFE_PP_,clk_core,9.43,-0.75,52703;54506;56901;56951;57047;57271;57321;57328;57359;57754;57977;63299;67968;75093;75199;75200;75211;110841;117665
1128,u_cdc_wbeat.mem[1][55]$_DFFE_PP_,clk_core,9.43,-0.75,52703;54755;56901;56951;57047;57271;57321;57328;57359;57754;57977;63299;67968;75093;75199;75200;75210;110841;117665
1129,u_cdc_wbeat.mem[1][22]$_DFFE_PP_,clk_core,9.43,-0.75,52703;55613;56901;56951;57047;57271;57321;57328;57359;57754;58002;63299;68173;75093;75199;75200;75247;110841;117665
1130,u_cdc_wbeat.mem[1][27]$_DFFE_PP_,clk_core,9.43,-0.75,52703;55705;56901;56951;57047;57271;57321;57328;57359;57754;58007;63299;68210;75093;75199;75200;75241;110841;117665
1131,u_cdc_wbeat.mem[1][32]$_DFFE_PP_,clk_core,9.43,-0.75,52703;55705;56901;56951;57047;57271;57321;57328;57359;57754;58007;63299;68210;75093;75199;75200;75236;110841;117665
1132,u_cdc_wbeat.mem[1][44]$_DFFE_PP_,clk_core,9.43,-0.75,52703;55388;56901;56951;57047;57271;57321;57328;57359;57754;57987;63299;68000;75093;75199;75200;75222;110841;117665
1133,u_cdc_wbeat.mem[1][47]$_DFFE_PP_,clk_core,9.43,-0.75,52703;55306;56901;56951;57047;57271;57321;57328;57359;57754;57983;63299;68026;75093;75199;75200;75219;110841;117665
1134,u_cdc_wbeat.mem[1][43]$_DFFE_PP_,clk_core,9.43,-0.75,52703;55558;56901;56951;57047;57271;57321;57328;57359;57754;58002;63299;68173;75093;75199;75200;75223;110841;117665
1135,u_cdc_wbeat.mem[1][53]$_DFFE_PP_,clk_core,9.43,-0.75,52703;55558;56901;56951;57047;57271;57321;57328;57359;57754;58002;63299;68173;75093;75199;75200;75212;110841;117665
1136,u_cdc_wbeat.mem[1][50]$_DFFE_PP_,clk_core,9.43,-0.75,52703;54852;56901;56951;57047;57271;57321;57328;57359;57754;57982;63299;67920;75093;75199;75200;75216;110841;117665
1137,u_cdc_wbeat.mem[0][55]$_DFFE_PP_,clk_core,9.43,-0.75,52703;54710;56901;56951;57025;57317;57328;57332;57754;57849;63299;63360;75093;75094;75096;75106;110841;117665
1138,u_cdc_wbeat.mem[1][52]$_DFFE_PP_,clk_core,9.43,-0.75,52703;55212;56901;56951;57047;57271;57321;57328;57359;57754;58006;63299;68190;75093;75199;75200;75214;110841;117665
1139,u_cdc_wbeat.mem[1][17]$_DFFE_PP_,clk_core,9.43,-0.75,52703;55662;56901;56951;57047;57271;57321;57328;57359;57754;58006;63299;68190;75093;75199;75200;75252;110841;117665
1140,u_cdc_wbeat.mem[0][32]$_DFFE_PP_,clk_core,9.43,-0.75,52703;55719;56901;56951;57025;57317;57328;57332;57359;57754;58007;63299;68210;75093;75094;75096;75132;110841;117665
1141,u_cdc_wbeat.mem[0][49]$_DFFE_PP_,clk_core,9.43,-0.75,52703;55519;56901;56951;57025;57317;57328;57332;57359;57754;57987;63299;68000;75093;75094;75096;75113;110841;117665
1142,u_cdc_wbeat.mem[0][53]$_DFFE_PP_,clk_core,9.43,-0.75,52703;54506;56901;56951;57025;57317;57328;57332;57359;57754;57977;63299;67968;75093;75094;75096;75108;110841;117665
1143,u_cdc_wbeat.mem[0][54]$_DFFE_PP_,clk_core,9.43,-0.75,52703;54506;56901;56951;57025;57317;57328;57332;57359;57754;57977;63299;67968;75093;75094;75096;75107;110841;117665
1144,u_cdc_wbeat.mem[0][27]$_DFFE_PP_,clk_core,9.43,-0.75,52703;55705;56901;56951;57025;57317;57328;57332;57359;57754;58007;63299;68210;75093;75094;75096;75142;110841;117665
1145,u_cdc_wbeat.mem[0][44]$_DFFE_PP_,clk_core,9.43,-0.75,52703;55388;56901;56951;57025;57317;57328;57332;57359;57754;57987;63299;68000;75093;75094;75096;75118;110841;117665
1146,u_cdc_wbeat.mem[0][47]$_DFFE_PP_,clk_core,9.43,-0.75,52703;55306;56901;56951;57025;57317;57328;57332;57359;57754;57983;63299;68026;75093;75094;75096;75115;110841;117665
1147,u_cdc_wbeat.mem[0][43]$_DFFE_PP_,clk_core,9.44,-0.75,52703;55558;56901;56951;57025;57317;57328;57332;57359;57754;58002;63299;68173;75093;75094;75096;75119;110841;117665
1148,u_cdc_wbeat.mem[0][22]$_DFFE_PP_,clk_core,9.44,-0.75,52703;55591;56901;56951;57025;57317;57328;57332;57359;57754;58002;63299;68196;75093;75094;75096;75153;110841;117665
1149,u_cdc_wbeat.mem[0][50]$_DFFE_PP_,clk_core,9.44,-0.75,52703;54852;56901;56951;57025;57317;57328;57332;57359;57754;57982;63299;67920;75093;75094;75096;75112;110841;117665
1150,u_cdc_wbeat.mem[0][52]$_DFFE_PP_,clk_core,9.44,-0.75,52703;55212;56901;56951;57025;57317;57328;57332;57359;57754;58006;63299;68190;75093;75094;75096;75110;110841;117665
1151,u_cdc_wbeat.mem[0][17]$_DFFE_PP_,clk_core,9.44,-0.75,52703;55662;56901;56951;57025;57317;57328;57332;57359;57754;58006;63299;68190;75093;75094;75096;75163;110841;117665
1152,u_cdc_cmd.mem[7][42]$_DFFE_PP_,clk_core,9.44,-0.74,41752;46641;49889;50539;50602;56714;56901;57338;57344;57353;58182;61421;69225;72414;72750;73100;73141;110756;117665
1153,u_cdc_cmd.mem[12][20]$_DFFE_PP_,clk_core,9.44,-0.74,41752;41896;49777;50315;50602;56890;56901;57304;57338;57344;57347;58905;61421;72414;72415;73537;73602;110756;117665
1154,u_cdc_cmd.mem[7][0]$_DFFE_PP_,clk_core,9.44,-0.74,41752;42092;46641;49889;50602;51957;56714;56901;57338;57344;57351;58290;61421;72414;72750;73100;73186;110756;117665
1155,u_cdc_cmd.mem[7][1]$_DFFE_PP_,clk_core,9.44,-0.74,41752;42117;46641;49889;50602;51980;56714;56901;57338;57344;57351;58296;61421;72414;72750;73100;73185;110756;117665
1156,u_cdc_cmd.mem[7][76]$_DFFE_PP_,clk_core,9.44,-0.74,41752;46641;49889;50602;52063;56714;56901;57338;57344;57353;58215;61421;71757;72414;72750;73100;73104;110756;117665
1157,u_cdc_cmd.mem[7][77]$_DFFE_PP_,clk_core,9.44,-0.74,41752;46641;49889;50602;52052;56714;56901;57338;57344;57353;58223;61421;71856;72414;72750;73100;73103;110756;117665
1158,u_cdc_cmd.mem[7][9]$_DFFE_PP_,clk_core,9.44,-0.74,41752;46641;49889;50602;52052;56714;56901;57338;57344;57353;58223;61421;71856;72414;72750;73100;73177;110756;117665
1159,u_cdc_cmd.mem[7][10]$_DFFE_PP_,clk_core,9.44,-0.74,41752;46641;49889;50602;51065;56714;56901;57338;57344;57353;58180;61421;69147;72414;72750;73100;73176;110756;117665
1160,u_cdc_cmd.mem[13][40]$_DFFE_PP_,clk_core,9.44,-0.74,41752;42046;49737;50275;50602;56901;56934;57323;57338;57344;57347;58323;61421;72414;72574;73624;73667;110756;117665
1161,u_cdc_cmd.mem[13][70]$_DFFE_PP_,clk_core,9.44,-0.74,41752;41936;49737;50259;50602;56901;56934;57323;57338;57344;57347;58477;61421;72414;72574;73624;73634;110756;117665
1162,u_cdc_cmd.mem[7][12]$_DFFE_PP_,clk_core,9.44,-0.74,41752;46641;49889;50490;50602;56714;56901;57338;57344;57353;58138;61421;69063;72414;72750;73100;73174;110756;117665
1163,u_cdc_cmd.mem[7][44]$_DFFE_PP_,clk_core,9.44,-0.74,41752;46641;49889;50574;50602;56714;56901;57338;57344;57353;58212;61421;71845;72414;72750;73100;73139;110756;117665
1164,u_cdc_cmd.mem[12][33]$_DFFE_PP_,clk_core,9.44,-0.74,41752;42046;49777;50275;50602;56890;56901;57304;57338;57344;57347;58323;61421;72414;72415;73537;73588;110756;117665
1165,u_cdc_cmd.mem[12][34]$_DFFE_PP_,clk_core,9.44,-0.74,41752;42046;49777;50290;50602;56890;56901;57304;57338;57344;57347;58323;61421;72414;72415;73537;73587;110756;117665
1166,u_cdc_cmd.mem[12][41]$_DFFE_PP_,clk_core,9.44,-0.74,41752;42046;49777;50275;50602;56890;56901;57304;57338;57344;57347;58323;61421;72414;72415;73537;73579;110756;117665
1167,u_cdc_cmd.mem[7][78]$_DFFE_PP_,clk_core,9.44,-0.74,41752;46641;49889;50602;50624;56714;56901;57338;57344;57353;58202;61421;71631;72414;72750;73100;76326;110756;117665
1168,u_cdc_cmd.mem[7][74]$_DFFE_PP_,clk_core,9.44,-0.74,41752;46641;49889;50602;52030;56714;56901;57338;57344;57353;58204;61421;71773;72414;72750;73100;73106;110756;117665
1169,u_cdc_cmd.mem[13][38]$_DFFE_PP_,clk_core,9.44,-0.74,41752;42018;49737;50257;50602;56901;56934;57323;57338;57344;57347;58336;61421;72414;72574;73624;73669;110756;117665
1170,u_cdc_cmd.mem[13][20]$_DFFE_PP_,clk_core,9.44,-0.74,41752;41935;49737;50324;50602;56901;56934;57323;57338;57344;57347;58732;61421;72414;72574;73624;73689;110756;117665
1171,u_cdc_cmd.mem[13][22]$_DFFE_PP_,clk_core,9.44,-0.74,41752;41935;49737;50324;50602;56901;56934;57323;57338;57344;57347;58732;61421;72414;72574;73624;73687;110756;117665
1172,u_cdc_cmd.mem[13][33]$_DFFE_PP_,clk_core,9.44,-0.74,41752;42063;49737;50134;50602;56901;56934;57323;57338;57344;57347;58323;61421;72414;72574;73624;73675;110756;117665
1173,u_cdc_cmd.mem[13][34]$_DFFE_PP_,clk_core,9.44,-0.74,41752;42063;49737;50134;50602;56901;56934;57323;57338;57344;57347;58323;61421;72414;72574;73624;73674;110756;117665
1174,u_cdc_cmd.mem[13][37]$_DFFE_PP_,clk_core,9.44,-0.74,41752;41935;49737;50324;50602;56901;56934;57323;57338;57344;57347;58732;61421;72414;72574;73624;73671;110756;117665
1175,u_cdc_cmd.mem[13][41]$_DFFE_PP_,clk_core,9.44,-0.74,41752;42018;49737;50281;50602;56901;56934;57323;57338;57344;57347;58336;61421;72414;72574;73624;73666;110756;117665
1176,u_cdc_cmd.mem[13][46]$_DFFE_PP_,clk_core,9.44,-0.74,41752;42016;49737;50265;50602;56901;56934;57323;57338;57344;57347;58336;61421;72414;72574;73624;73661;110756;117665
1177,u_cdc_cmd.mem[12][40]$_DFFE_PP_,clk_core,9.44,-0.74,41752;42018;49777;50257;50602;56890;56901;57304;57338;57344;57347;58336;61421;72414;72415;73537;73580;110756;117665
1178,u_cdc_cmd.mem[7][75]$_DFFE_PP_,clk_core,9.45,-0.74,41752;46641;49889;50602;51842;56714;56901;57338;57344;57353;58204;61421;71724;72414;72750;73100;73105;110756;117665
1179,u_cdc_cmd.mem[12][22]$_DFFE_PP_,clk_core,9.45,-0.74,41752;41935;49777;50324;50602;56890;56901;57304;57338;57344;57347;58732;61421;72414;72415;73537;73600;110756;117665
1180,u_cdc_cmd.mem[12][65]$_DFFE_PP_,clk_core,9.45,-0.74,41752;41919;49777;50344;50602;56890;56901;57304;57338;57344;57347;58706;61421;72414;72415;73537;73553;110756;117665
1181,u_cdc_cmd.mem[12][46]$_DFFE_PP_,clk_core,9.45,-0.74,41752;42016;49777;50265;50602;56890;56901;57304;57338;57344;57347;58336;61421;72414;72415;73537;73574;110756;117665
1182,u_cdc_cmd.mem[13][65]$_DFFE_PP_,clk_core,9.45,-0.74,41752;41919;49737;50338;50602;56901;56934;57323;57338;57344;57347;58706;61421;72414;72574;73624;73640;110756;117665
1183,u_cdc_cmd.mem[13][67]$_DFFE_PP_,clk_core,9.45,-0.74,41752;42040;49737;50258;50602;56901;56934;57323;57338;57344;57347;58310;61421;72414;72574;73624;73638;110756;117665
1184,u_cdc_cmd.mem[13][72]$_DFFE_PP_,clk_core,9.45,-0.74,41752;42040;49737;50227;50602;56901;56934;57323;57338;57344;57347;58310;61421;72414;72574;73624;73632;110756;117665
1185,u_cdc_cmd.mem[13][73]$_DFFE_PP_,clk_core,9.45,-0.74,41752;42040;49737;50258;50602;56901;56934;57323;57338;57344;57347;58310;61421;72414;72574;73624;73631;110756;117665
1186,u_cdc_cmd.mem[8][58]$_DFFE_PP_,clk_core,9.45,-0.74,41752;41812;46694;50553;50602;56752;56901;57338;57344;59600;61421;72414;72415;73188;73211;110756;117665
1187,u_cdc_cmd.mem[8][68]$_DFFE_PP_,clk_core,9.45,-0.74,41752;41812;46694;50553;50602;56752;56901;57338;57344;59600;61421;72414;72415;73188;73200;110756;117665
1188,u_cdc_cmd.mem[8][33]$_DFFE_PP_,clk_core,9.45,-0.74,41752;42046;46694;50275;50602;56752;56901;57338;57344;57347;58323;61421;72414;72415;73188;73239;110756;117665
1189,u_cdc_cmd.mem[8][34]$_DFFE_PP_,clk_core,9.45,-0.74,41752;42046;46694;50275;50602;56752;56901;57338;57344;57347;58323;61421;72414;72415;73188;73238;110756;117665
1190,u_cdc_cmd.mem[12][37]$_DFFE_PP_,clk_core,9.45,-0.74,41752;41940;49777;50335;50602;56890;56901;57304;57338;57344;57347;58477;61421;72414;72415;73537;73584;110756;117665
1191,u_cdc_cmd.mem[8][43]$_DFFE_PP_,clk_core,9.45,-0.73,41752;50602;50629;56774;56785;56901;57338;57344;57353;58191;61421;69325;72414;72415;73188;73228;110756;117665
1192,u_cdc_cmd.mem[12][67]$_DFFE_PP_,clk_core,9.45,-0.74,41752;42040;49777;50258;50602;56890;56901;57304;57338;57344;57347;58310;61421;72414;72415;73537;73551;110756;117665
1193,u_cdc_cmd.mem[12][73]$_DFFE_PP_,clk_core,9.45,-0.74,41752;42040;49777;50258;50602;56890;56901;57304;57338;57344;57347;58310;61421;72414;72415;73537;73544;110756;117665
1194,u_cdc_cmd.mem[12][70]$_DFFE_PP_,clk_core,9.45,-0.74,41752;41940;49777;50342;50602;56890;56901;57304;57338;57344;57347;58477;61421;72414;72415;73537;73547;110756;117665
1195,u_cdc_cmd.mem[13][66]$_DFFE_PP_,clk_core,9.45,-0.74,41752;42028;49737;50267;50602;56901;56934;57323;57338;57344;57347;58310;61421;72414;72574;73624;73639;110756;117665
1196,u_cdc_cmd.mem[8][20]$_DFFE_PP_,clk_core,9.45,-0.74,41752;41907;46694;50345;50602;56752;56901;57338;57344;57347;58881;61421;72414;72415;73188;73253;110756;117665
1197,u_cdc_cmd.mem[8][40]$_DFFE_PP_,clk_core,9.45,-0.74,41752;42063;46694;50216;50602;56752;56901;57338;57344;57347;58323;61421;72414;72415;73188;73231;110756;117665
1198,u_cdc_cmd.mem[8][52]$_DFFE_PP_,clk_core,9.45,-0.74,41752;41907;46694;50345;50602;56752;56901;57338;57344;57347;58881;61421;72414;72415;73188;73218;110756;117665
1199,u_cdc_cmd.mem[8][22]$_DFFE_PP_,clk_core,9.45,-0.74,41752;41935;46694;50328;50602;56752;56901;57338;57344;57347;58732;61421;72414;72415;73188;73251;110756;117665
1200,u_cdc_cmd.mem[8][41]$_DFFE_PP_,clk_core,9.45,-0.74,41752;42018;46694;50281;50602;56752;56901;57338;57344;57347;58336;61421;72414;72415;73188;73230;110756;117665
1201,nand_dq_oe[2],clk_core,11.64,-0.36,75686;115396;115442;115443;115445;115453;115489;117667
1202,nand_re_n[0],clk_core,11.64,-0.36,11033;43999;75664;115442;115443;115446;115458;115527;117667
1203,nand_dq_oe[3],clk_core,11.64,-0.36,75675;115435;115442;115443;115445;115453;115485;117667
1204,nand_dq_o[18],clk_core,11.64,-0.36,75938;115397;115442;115443;115445;115453;115489;117667
1205,nand_dq_o[19],clk_core,11.64,-0.36,75927;115397;115442;115443;115445;115453;115489;117667
1206,nand_dq_o[20],clk_core,11.64,-0.36,75915;115397;115442;115443;115445;115453;115489;117667
1207,nand_dq_o[21],clk_core,11.64,-0.36,75900;115397;115442;115443;115445;115453;115489;117667
1208,nand_dq_o[16],clk_core,11.64,-0.36,75960;115398;115442;115443;115445;115453;115489;117667
1209,nand_dq_o[17],clk_core,11.64,-0.36,75949;115398;115442;115443;115445;115453;115489;117667
1210,nand_dq_o[22],clk_core,11.64,-0.36,75889;115398;115442;115443;115445;115453;115489;117667
1211,nand_dq_o[23],clk_core,11.64,-0.36,75878;115398;115442;115443;115445;115453;115489;117667
1212,nand_dq_o[24],clk_core,11.64,-0.36,75867;115436;115442;115443;115445;115453;115485;117667
1213,nand_dq_o[25],clk_core,11.64,-0.36,75856;115437;115442;115443;115445;115453;115485;117667
1214,nand_dq_o[27],clk_core,11.64,-0.36,75844;115437;115442;115443;115445;115453;115485;117667
1215,nand_dq_o[28],clk_core,11.64,-0.36,75829;115437;115442;115443;115445;115453;115485;117667
1216,nand_dq_o[30],clk_core,11.64,-0.36,75796;115437;115442;115443;115445;115453;115485;117667
1217,nand_dq_o[31],clk_core,11.64,-0.36,75785;115437;115442;115443;115445;115453;115485;117667
1218,nand_dq_oe[0],clk_core,11.65,-0.35,11059;75703;115442;115443;115446;115458;115525;117667
1219,nand_dq_o[10],clk_core,11.65,-0.35,76021;115425;115442;115443;115445;115453;115488;117667
1220,nand_dq_o[13],clk_core,11.65,-0.35,75988;115425;115442;115443;115445;115453;115488;117667
1221,nand_dq_o[26],clk_core,11.65,-0.35,75845;115438;115442;115443;115445;115453;115485;117667
1222,nand_dq_o[29],clk_core,11.65,-0.35,75818;115438;115442;115443;115445;115453;115485;117667
1223,nand_dq_o[0],clk_core,11.65,-0.35,11049;76032;115442;115443;115446;115458;115525;117667
1224,nand_dq_o[2],clk_core,11.65,-0.35,11049;75807;115442;115443;115446;115458;115525;117667
1225,nand_dq_oe[1],clk_core,11.65,-0.35,75702;115423;115442;115443;115445;115454;115494;117667
1226,nand_we_n[0],clk_core,11.65,-0.35,11030;43883;75630;115442;115443;115446;115458;115526;117667
1227,nand_ale[2],clk_core,11.65,-0.35,76130;115396;115442;115443;115445;115453;115489;117667
1228,nand_cle[0],clk_core,11.65,-0.35,76070;115437;115442;115443;115445;115453;115485;117667
1229,nand_cle[3],clk_core,11.65,-0.35,76043;115437;115442;115443;115445;115453;115485;117667
1230,nand_cle[2],clk_core,11.65,-0.35,76058;115397;115442;115443;115445;115453;115489;117667
1231,nand_ale[1],clk_core,11.65,-0.35,76141;115398;115442;115443;115445;115453;115489;117667
1232,nand_cle[1],clk_core,11.65,-0.35,76059;115398;115442;115443;115445;115453;115489;117667
1233,nand_dq_o[3],clk_core,11.65,-0.35,11036;75774;115442;115443;115445;115454;115493;117667
1234,nand_dq_o[4],clk_core,11.65,-0.35,11037;75773;115442;115443;115445;115454;115493;117667
1235,nand_dq_o[5],clk_core,11.65,-0.35,11037;75758;115442;115443;115445;115454;115493;117667
1236,nand_dq_o[6],clk_core,11.65,-0.35,11037;75747;115442;115443;115445;115454;115493;117667
1237,nand_dq_o[7],clk_core,11.65,-0.35,11037;75736;115442;115443;115445;115454;115493;117667
1238,nand_ale[3],clk_core,11.65,-0.35,76129;115438;115442;115443;115445;115453;115485;117667
1239,nand_dq_o[9],clk_core,11.65,-0.35,75714;115423;115442;115443;115445;115454;115494;117667
1240,nand_dq_o[11],clk_core,11.65,-0.35,76010;115426;115442;115443;115445;115454;115494;117667
1241,nand_dq_o[12],clk_core,11.65,-0.35,75999;115426;115442;115443;115445;115454;115494;117667
1242,nand_dq_o[14],clk_core,11.65,-0.35,75987;115426;115442;115443;115445;115454;115494;117667
1243,nand_dq_o[15],clk_core,11.65,-0.35,75971;115426;115442;115443;115445;115454;115494;117667
1244,nand_dq_o[8],clk_core,11.65,-0.35,75725;115426;115442;115443;115445;115454;115494;117667
1245,nand_dq_o[1],clk_core,11.65,-0.35,11037;75916;115442;115443;115445;115454;115493;117667
1246,nand_ale[0],clk_core,11.65,-0.35,11036;76152;115442;115443;115445;115454;115493;117667
1247,nand_ce_n[3],clk_core,11.66,-0.34,76081;115435;115442;115443;115445;115453;115485;117667
1248,nand_ce_n[2],clk_core,11.66,-0.34,76092;115393;115442;115443;115445;115453;115489;117667
1249,nand_ce_n[0],clk_core,11.66,-0.34,11049;76114;115442;115443;115446;115458;115525;117667
1250,nand_we_n[3],clk_core,11.66,-0.34,75593;115435;115442;115443;115445;115453;115485;117667
1251,nand_re_n[3],clk_core,11.66,-0.34,75631;115397;115442;115443;115445;115453;115489;117667
1252,nand_we_n[2],clk_core,11.66,-0.34,75604;115397;115442;115443;115445;115453;115489;117667
1253,nand_ce_n[1],clk_core,11.66,-0.34,76103;115423;115442;115443;115445;115454;115494;117667
1254,nand_re_n[2],clk_core,11.66,-0.34,75642;115367;115442;115443;115445;115453;115490;117667
1255,nand_we_n[1],clk_core,11.66,-0.34,75615;115423;115442;115443;115445;115454;115494;117667
1256,nand_re_n[1],clk_core,11.67,-0.33,75653;114969;115442;115443;115447;115462;115558;117667
1257,g_chan[3].u_cdc_chr.mem[24][32]$_DFFE_PP_,clk_core,11.88,-8.31,43175;47483;65992;66645;69416;70735;78226;114899;115442;115443;115445;115456;115515;117667
1258,g_chan[3].u_cdc_chr.mem[25][32]$_DFFE_PP_,clk_core,11.88,-8.31,43175;47483;65992;66645;69494;70735;78226;114899;115442;115443;115445;115456;115515;117667
1259,g_chan[3].u_cdc_chr.mem[4][32]$_DFFE_PP_,clk_core,11.88,-8.31,43175;47483;65992;66645;67719;70735;78226;114905;115442;115443;115445;115456;115515;117667
1260,g_chan[3].u_cdc_chr.mem[5][32]$_DFFE_PP_,clk_core,11.88,-8.31,43175;47483;65992;66645;67797;70735;78226;114905;115442;115443;115445;115456;115515;117667
1261,g_chan[3].u_cdc_chr.mem[9][32]$_DFFE_PP_,clk_core,11.88,-8.31,43175;47483;65992;66645;68112;70735;78226;115027;115442;115443;115446;115459;115539;117667
1262,g_chan[3].u_cdc_chr.mem[20][32]$_DFFE_PP_,clk_core,11.88,-8.31,43175;47483;65992;66645;69071;70735;78226;115020;115442;115443;115446;115459;115538;117667
1263,g_chan[3].u_cdc_chr.mem[21][32]$_DFFE_PP_,clk_core,11.88,-8.31,43175;47483;65992;66645;69181;70735;78226;115020;115442;115443;115446;115459;115538;117667
1264,g_chan[3].u_cdc_chr.mem[30][32]$_DFFE_PP_,clk_core,11.88,-8.31,43175;47483;65992;66645;69884;70735;78226;115020;115442;115443;115446;115459;115538;117667
1265,g_chan[3].u_cdc_chr.mem[31][32]$_DFFE_PP_,clk_core,11.88,-8.31,43175;47483;65992;66645;69962;70735;78226;115020;115442;115443;115446;115459;115538;117667
1266,g_chan[3].u_cdc_chr.mem[22][32]$_DFFE_PP_,clk_core,11.88,-8.31,43175;47483;65992;66645;69259;70735;78226;115021;115442;115443;115446;115459;115538;117667
1267,g_chan[3].u_cdc_chr.mem[23][32]$_DFFE_PP_,clk_core,11.88,-8.31,43175;47483;65992;66645;69337;70735;78226;115021;115442;115443;115446;115459;115538;117667
1268,g_chan[3].u_cdc_chr.mem[26][32]$_DFFE_PP_,clk_core,11.88,-8.31,43175;47483;65992;66645;69572;70735;78226;114906;115442;115443;115446;115459;115538;117667
1269,g_chan[3].u_cdc_chr.mem[27][32]$_DFFE_PP_,clk_core,11.88,-8.31,43175;47483;65992;66645;69650;70735;78226;114906;115442;115443;115446;115459;115538;117667
1270,g_chan[3].u_cdc_chr.mem[6][32]$_DFFE_PP_,clk_core,11.88,-8.31,43175;47483;65992;66645;67875;70735;78226;114906;115442;115443;115446;115459;115538;117667
1271,g_chan[3].u_cdc_chr.mem[7][32]$_DFFE_PP_,clk_core,11.88,-8.31,43175;47483;65992;66645;67954;70735;78226;114906;115442;115443;115446;115459;115538;117667
1272,g_chan[3].u_cdc_chr.mem[31][37]$_DFFE_PP_,clk_core,11.88,-8.31,45807;56556;65756;66133;66521;69956;78218;78221;114760;115442;115443;115447;115464;115573;117667
1273,g_chan[3].u_cdc_chr.mem[11][37]$_DFFE_PP_,clk_core,11.88,-8.31,45807;56556;65756;66133;66521;68326;78218;78221;114764;115442;115443;115447;115464;115573;117667
1274,g_chan[3].u_cdc_chr.mem[8][37]$_DFFE_PP_,clk_core,11.88,-8.31,45807;56556;65756;66133;66521;68027;78218;78221;114764;115442;115443;115447;115464;115573;117667
1275,g_chan[3].u_cdc_chr.mem[9][37]$_DFFE_PP_,clk_core,11.88,-8.31,45807;56556;65756;66133;66521;68106;78218;78221;114764;115442;115443;115447;115464;115573;117667
1276,g_chan[3].u_cdc_chr.mem[10][32]$_DFFE_PP_,clk_core,11.88,-8.31,43175;47483;65992;66645;68222;70735;78226;115028;115442;115443;115446;115459;115537;117667
1277,g_chan[3].u_cdc_chr.mem[11][32]$_DFFE_PP_,clk_core,11.88,-8.31,43175;47483;65992;66645;68332;70735;78226;115028;115442;115443;115446;115459;115537;117667
1278,g_chan[3].u_cdc_chr.mem[12][32]$_DFFE_PP_,clk_core,11.88,-8.31,43175;47483;65992;66645;68411;70735;78226;115029;115442;115443;115446;115459;115537;117667
1279,g_chan[3].u_cdc_chr.mem[13][32]$_DFFE_PP_,clk_core,11.88,-8.31,43175;47483;65992;66645;68489;70735;78226;115029;115442;115443;115446;115459;115537;117667
1280,g_chan[3].u_cdc_chr.mem[15][32]$_DFFE_PP_,clk_core,11.88,-8.31,43175;47483;65992;66645;68645;70735;78226;115029;115442;115443;115446;115459;115537;117667
1281,g_chan[3].u_cdc_chr.mem[8][32]$_DFFE_PP_,clk_core,11.88,-8.31,43175;47483;65992;66645;68033;70735;78226;115031;115442;115443;115446;115459;115537;117667
1282,g_chan[3].u_cdc_chr.mem[14][32]$_DFFE_PP_,clk_core,11.88,-8.31,43175;47483;65992;66645;68567;70735;78226;115030;115442;115443;115446;115459;115537;117667
1283,g_chan[3].u_cdc_chr.mem[2][53]$_DFFE_PP_,clk_core,11.88,-8.31,45553;56556;65756;66065;66107;67536;78218;78221;114783;115442;115443;115447;115463;115567;117667
1284,g_chan[3].u_cdc_chr.mem[3][53]$_DFFE_PP_,clk_core,11.88,-8.31,45553;56556;65756;66065;66107;67615;78218;78221;114783;115442;115443;115447;115463;115567;117667
1285,g_chan[3].u_cdc_chr.mem[8][53]$_DFFE_PP_,clk_core,11.88,-8.31,45553;56556;65756;66065;66107;68008;78218;78221;114782;115442;115443;115447;115463;115567;117667
1286,g_chan[3].u_cdc_chr.mem[9][53]$_DFFE_PP_,clk_core,11.88,-8.31,45553;56556;65756;66065;66107;68087;78218;78221;114782;115442;115443;115447;115463;115567;117667
1287,g_chan[3].u_cdc_chr.mem[10][37]$_DFFE_PP_,clk_core,11.88,-8.31,45807;56556;65756;66133;66521;68211;78218;78221;114765;115442;115443;115447;115462;115564;117667
1288,g_chan[3].u_cdc_chr.mem[0][53]$_DFFE_PP_,clk_core,11.88,-8.31,45553;56556;65756;66065;66107;66109;78218;78221;114750;115442;115443;115447;115463;115568;117667
1289,g_chan[3].u_cdc_chr.mem[1][53]$_DFFE_PP_,clk_core,11.88,-8.31,45553;56556;65756;66065;66107;67457;78218;78221;114750;115442;115443;115447;115463;115568;117667
1290,g_chan[3].u_cdc_chr.mem[30][53]$_DFFE_PP_,clk_core,11.88,-8.31,45553;56556;65756;66065;66107;69859;78218;78221;114750;115442;115443;115447;115463;115568;117667
1291,g_chan[3].u_cdc_chr.mem[31][53]$_DFFE_PP_,clk_core,11.88,-8.31,45553;56556;65756;66065;66107;69937;78218;78221;114750;115442;115443;115447;115463;115568;117667
1292,g_chan[3].u_cdc_chr.mem[18][53]$_DFFE_PP_,clk_core,11.88,-8.31,45553;56556;65756;66065;66107;68856;78218;78221;114748;115442;115443;115447;115463;115568;117667
1293,g_chan[3].u_cdc_chr.mem[19][53]$_DFFE_PP_,clk_core,11.88,-8.31,45553;56556;65756;66065;66107;68935;78218;78221;114748;115442;115443;115447;115463;115568;117667
1294,g_chan[3].u_cdc_chr.mem[12][37]$_DFFE_PP_,clk_core,11.88,-8.31,45807;56556;65756;66133;66521;68405;78218;78221;114763;115442;115443;115447;115462;115562;117667
1295,g_chan[3].u_cdc_chr.mem[13][37]$_DFFE_PP_,clk_core,11.88,-8.31,45807;56556;65756;66133;66521;68483;78218;78221;114763;115442;115443;115447;115462;115562;117667
1296,g_chan[3].u_cdc_chr.mem[14][37]$_DFFE_PP_,clk_core,11.88,-8.31,45807;56556;65756;66133;66521;68561;78218;78221;114763;115442;115443;115447;115462;115562;117667
1297,g_chan[3].u_cdc_chr.mem[15][37]$_DFFE_PP_,clk_core,11.88,-8.31,45807;56556;65756;66133;66521;68639;78218;78221;114763;115442;115443;115447;115462;115562;117667
1298,g_chan[3].u_cdc_chr.mem[28][37]$_DFFE_PP_,clk_core,11.88,-8.31,45807;56556;65756;66133;66521;69722;78218;78221;114763;115442;115443;115447;115462;115562;117667
1299,g_chan[3].u_cdc_chr.mem[29][37]$_DFFE_PP_,clk_core,11.88,-8.31,45807;56556;65756;66133;66521;69800;78218;78221;114763;115442;115443;115447;115462;115562;117667
1300,g_chan[3].u_cdc_chr.mem[30][37]$_DFFE_PP_,clk_core,11.88,-8.31,45807;56556;65756;66133;66521;69878;78218;78221;114761;115442;115443;115447;115462;115562;117667
1301,g_chan[3].u_cdc_chr.mem[4][37]$_DFFE_PP_,clk_core,11.88,-8.31,45807;56556;65756;66133;66521;67713;78218;78221;114762;115442;115443;115447;115462;115562;117667
1302,g_chan[3].u_cdc_chr.mem[5][37]$_DFFE_PP_,clk_core,11.88,-8.31,45807;56556;65756;66133;66521;67791;78218;78221;114762;115442;115443;115447;115462;115562;117667
1303,g_chan[3].u_cdc_chr.mem[6][37]$_DFFE_PP_,clk_core,11.88,-8.31,45807;56556;65756;66133;66521;67869;78218;78221;114762;115442;115443;115447;115462;115562;117667
1304,g_chan[3].u_cdc_chr.mem[7][37]$_DFFE_PP_,clk_core,11.88,-8.31,45807;56556;65756;66133;66521;67948;78218;78221;114762;115442;115443;115447;115462;115562;117667
1305,g_chan[3].u_cdc_chr.mem[6][17]$_DFFE_PP_,clk_core,11.88,-8.3,48228;56565;65960;66272;67016;67891;78225;114743;115442;115443;115447;115463;115571;117667;117703
1306,g_chan[3].u_cdc_chr.mem[16][53]$_DFFE_PP_,clk_core,11.88,-8.31,45553;56556;65756;66065;66107;68699;78218;78221;114751;115442;115443;115447;115463;115568;117667
1307,g_chan[3].u_cdc_chr.mem[17][53]$_DFFE_PP_,clk_core,11.88,-8.31,45553;56556;65756;66065;66107;68778;78218;78221;114751;115442;115443;115447;115463;115568;117667
1308,g_chan[3].u_cdc_chr.mem[20][53]$_DFFE_PP_,clk_core,11.88,-8.31,45553;56556;65756;66065;66107;69025;78218;78221;114747;115442;115443;115447;115463;115568;117667
1309,g_chan[3].u_cdc_chr.mem[21][53]$_DFFE_PP_,clk_core,11.88,-8.31,45553;56556;65756;66065;66107;69156;78218;78221;114747;115442;115443;115447;115463;115568;117667
1310,g_chan[3].u_cdc_chr.mem[22][53]$_DFFE_PP_,clk_core,11.88,-8.31,45553;56556;65756;66065;66107;69234;78218;78221;114751;115442;115443;115447;115463;115568;117667
1311,g_chan[3].u_cdc_chr.mem[23][53]$_DFFE_PP_,clk_core,11.88,-8.31,45553;56556;65756;66065;66107;69312;78218;78221;114747;115442;115443;115447;115463;115568;117667
1312,g_chan[3].u_cdc_chr.mem[28][53]$_DFFE_PP_,clk_core,11.88,-8.31,45553;56556;65756;66065;66107;69703;78218;78221;114747;115442;115443;115447;115463;115568;117667
1313,g_chan[3].u_cdc_chr.mem[29][53]$_DFFE_PP_,clk_core,11.88,-8.31,45553;56556;65756;66065;66107;69781;78218;78221;114747;115442;115443;115447;115463;115568;117667
1314,g_chan[3].u_cdc_chr.mem[24][17]$_DFFE_PP_,clk_core,11.88,-8.3,48228;56565;65960;66272;67016;69432;78225;114703;115442;115443;115447;115464;115578;117667;117703
1315,g_chan[3].u_cdc_chr.mem[27][17]$_DFFE_PP_,clk_core,11.88,-8.3,48228;56565;65960;66272;67016;69666;78225;114703;115442;115443;115447;115464;115578;117667;117703
1316,g_chan[3].u_cdc_chr.mem[12][17]$_DFFE_PP_,clk_core,11.89,-8.3,48228;56565;65960;66272;67016;68427;78225;114740;115442;115443;115447;115464;115578;117667;117703
1317,g_chan[3].u_cdc_chr.mem[14][17]$_DFFE_PP_,clk_core,11.89,-8.3,48228;56565;65960;66272;67016;68583;78225;114740;115442;115443;115447;115464;115578;117667;117703
1318,g_chan[3].u_cdc_chr.mem[15][17]$_DFFE_PP_,clk_core,11.89,-8.3,48228;56565;65960;66272;67016;68661;78225;114740;115442;115443;115447;115464;115578;117667;117703
1319,g_chan[3].u_cdc_chr.mem[0][17]$_DFFE_PP_,clk_core,11.89,-8.3,48228;56565;65960;66272;67016;67018;78225;114741;115442;115443;115447;115464;115578;117667;117703
1320,g_chan[3].u_cdc_chr.mem[10][17]$_DFFE_PP_,clk_core,11.89,-8.3,48228;56565;65960;66272;67016;68253;78225;114741;115442;115443;115447;115464;115578;117667;117703
1321,g_chan[3].u_cdc_chr.mem[11][17]$_DFFE_PP_,clk_core,11.89,-8.3,48228;56565;65960;66272;67016;68348;78225;114741;115442;115443;115447;115464;115578;117667;117703
1322,g_chan[3].u_cdc_chr.mem[17][17]$_DFFE_PP_,clk_core,11.89,-8.3,48228;56565;65960;66272;67016;68819;78225;114702;115442;115443;115447;115464;115578;117667;117703
1323,g_chan[3].u_cdc_chr.mem[18][17]$_DFFE_PP_,clk_core,11.89,-8.3,48228;56565;65960;66272;67016;68897;78225;114702;115442;115443;115447;115464;115578;117667;117703
1324,g_chan[3].u_cdc_chr.mem[19][17]$_DFFE_PP_,clk_core,11.89,-8.3,48228;56565;65960;66272;67016;68976;78225;114702;115442;115443;115447;115464;115578;117667;117703
1325,g_chan[3].u_cdc_chr.mem[1][17]$_DFFE_PP_,clk_core,11.89,-8.3,48228;56565;65960;66272;67016;67498;78225;114741;115442;115443;115447;115464;115578;117667;117703
1326,g_chan[3].u_cdc_chr.mem[22][17]$_DFFE_PP_,clk_core,11.89,-8.3,48228;56565;65960;66272;67016;69275;78225;114702;115442;115443;115447;115464;115578;117667;117703
1327,g_chan[3].u_cdc_chr.mem[25][17]$_DFFE_PP_,clk_core,11.89,-8.3,48228;56565;65960;66272;67016;69510;78225;114701;115442;115443;115447;115464;115578;117667;117703
1328,g_chan[3].u_cdc_chr.mem[26][17]$_DFFE_PP_,clk_core,11.89,-8.3,48228;56565;65960;66272;67016;69588;78225;114702;115442;115443;115447;115464;115578;117667;117703
1329,g_chan[3].u_cdc_chr.mem[28][17]$_DFFE_PP_,clk_core,11.89,-8.3,48228;56565;65960;66272;67016;69744;78225;114701;115442;115443;115447;115464;115578;117667;117703
1330,g_chan[3].u_cdc_chr.mem[29][17]$_DFFE_PP_,clk_core,11.89,-8.3,48228;56565;65960;66272;67016;69822;78225;114741;115442;115443;115447;115464;115578;117667;117703
1331,g_chan[3].u_cdc_chr.mem[2][17]$_DFFE_PP_,clk_core,11.89,-8.3,48228;56565;65960;66272;67016;67577;78225;114741;115442;115443;115447;115464;115578;117667;117703
1332,g_chan[3].u_cdc_chr.mem[30][17]$_DFFE_PP_,clk_core,11.89,-8.3,48228;56565;65960;66272;67016;69900;78225;114702;115442;115443;115447;115464;115578;117667;117703
1333,g_chan[3].u_cdc_chr.mem[31][17]$_DFFE_PP_,clk_core,11.89,-8.3,48228;56565;65960;66272;67016;69978;78225;114702;115442;115443;115447;115464;115578;117667;117703
1334,g_chan[3].u_cdc_chr.mem[3][17]$_DFFE_PP_,clk_core,11.89,-8.3,48228;56565;65960;66272;67016;67656;78225;114741;115442;115443;115447;115464;115578;117667;117703
1335,g_chan[3].u_cdc_chr.mem[16][17]$_DFFE_PP_,clk_core,11.89,-8.3,48228;56565;65960;66272;67016;68740;78225;114739;115442;115443;115447;115464;115578;117667;117703
1336,g_chan[3].u_cdc_chr.mem[20][17]$_DFFE_PP_,clk_core,11.89,-8.3,48228;56565;65960;66272;67016;69102;78225;114739;115442;115443;115447;115464;115578;117667;117703
1337,g_chan[3].u_cdc_chr.mem[21][17]$_DFFE_PP_,clk_core,11.89,-8.3,48228;56565;65960;66272;67016;69197;78225;114739;115442;115443;115447;115464;115578;117667;117703
1338,g_chan[3].u_cdc_chr.mem[23][17]$_DFFE_PP_,clk_core,11.89,-8.3,48228;56565;65960;66272;67016;69353;78225;114739;115442;115443;115447;115464;115578;117667;117703
1339,g_chan[3].u_cdc_chr.mem[7][17]$_DFFE_PP_,clk_core,11.89,-8.3,48228;56565;65960;66272;67016;67970;78225;114756;115442;115443;115447;115464;115574;117667;117703
1340,g_chan[3].u_cdc_chr.mem[13][17]$_DFFE_PP_,clk_core,11.89,-8.3,48228;56565;65960;66272;67016;68505;78225;114742;115442;115443;115447;115464;115574;117667;117703
1341,g_chan[3].u_cdc_chr.mem[8][17]$_DFFE_PP_,clk_core,11.89,-8.3,48228;56565;65960;66272;67016;68049;78225;114742;115442;115443;115447;115464;115574;117667;117703
1342,g_chan[3].u_cdc_chr.mem[9][17]$_DFFE_PP_,clk_core,11.89,-8.3,48228;56565;65960;66272;67016;68128;78225;114742;115442;115443;115447;115464;115574;117667;117703
1343,g_chan[3].u_cdc_chr.mem[8][44]$_DFFE_PP_,clk_core,11.89,-8.31,56558;65816;66098;66346;68018;78219;78222;115038;115442;115443;115446;115459;115539;117667
1344,g_chan[3].u_cdc_chr.mem[10][44]$_DFFE_PP_,clk_core,11.89,-8.31,56558;65816;66098;66346;68195;78219;78222;115046;115442;115443;115446;115459;115535;117667
1345,g_chan[3].u_cdc_chr.mem[3][44]$_DFFE_PP_,clk_core,11.89,-8.31,56558;65816;66098;66346;67625;78219;78222;115042;115442;115443;115446;115459;115540;117667
1346,g_chan[3].u_cdc_chr.mem[20][44]$_DFFE_PP_,clk_core,11.89,-8.31,56558;65816;66098;66346;69044;78219;78222;115037;115442;115443;115446;115459;115539;117667
1347,g_chan[3].u_cdc_chr.mem[21][44]$_DFFE_PP_,clk_core,11.89,-8.31,56558;65816;66098;66346;69166;78219;78222;115038;115442;115443;115446;115459;115539;117667
1348,g_chan[3].u_cdc_chr.mem[22][44]$_DFFE_PP_,clk_core,11.89,-8.31,56558;65816;66098;66346;69244;78219;78222;115037;115442;115443;115446;115459;115539;117667
1349,g_chan[3].u_cdc_chr.mem[23][44]$_DFFE_PP_,clk_core,11.89,-8.31,56558;65816;66098;66346;69322;78219;78222;115037;115442;115443;115446;115459;115539;117667
1350,g_chan[3].u_cdc_chr.mem[12][44]$_DFFE_PP_,clk_core,11.89,-8.31,56558;65816;66098;66346;68396;78219;78222;115039;115442;115443;115446;115459;115540;117667
1351,g_chan[3].u_cdc_chr.mem[13][44]$_DFFE_PP_,clk_core,11.89,-8.31,56558;65816;66098;66346;68474;78219;78222;115039;115442;115443;115446;115459;115540;117667
1352,g_chan[3].u_cdc_chr.mem[1][44]$_DFFE_PP_,clk_core,11.89,-8.31,56558;65816;66098;66346;67467;78219;78222;115045;115442;115443;115446;115459;115535;117667
1353,g_chan[3].u_cdc_chr.mem[0][44]$_DFFE_PP_,clk_core,11.89,-8.31,56558;65816;66098;66346;66348;78219;78222;115045;115442;115443;115446;115459;115535;117667
1354,g_chan[3].u_cdc_chr.mem[11][44]$_DFFE_PP_,clk_core,11.89,-8.31,56558;65816;66098;66346;68317;78219;78222;115046;115442;115443;115446;115459;115535;117667
1355,g_chan[3].u_cdc_chr.mem[14][44]$_DFFE_PP_,clk_core,11.89,-8.31,56558;65816;66098;66346;68552;78219;78222;115041;115442;115443;115446;115459;115540;117667
1356,g_chan[3].u_cdc_chr.mem[15][44]$_DFFE_PP_,clk_core,11.89,-8.31,56558;65816;66098;66346;68630;78219;78222;115041;115442;115443;115446;115459;115540;117667
1357,g_chan[3].u_cdc_chr.mem[9][44]$_DFFE_PP_,clk_core,11.89,-8.31,56558;65816;66098;66346;68097;78219;78222;115039;115442;115443;115446;115459;115540;117667
1358,g_chan[3].u_cdc_chr.mem[2][44]$_DFFE_PP_,clk_core,11.89,-8.31,56558;65816;66098;66346;67546;78219;78222;115042;115442;115443;115446;115459;115540;117667
1359,g_chan[3].u_cdc_chr.mem[7][61]$_DFFE_PP_,clk_core,11.89,-8.3,44885;56556;65756;65811;66034;67918;78218;78221;114800;115442;115443;115445;115455;115506;117667
1360,g_chan[3].u_cdc_chr.mem[2][61]$_DFFE_PP_,clk_core,11.89,-8.3,44885;56556;65756;65811;66034;67525;78218;78221;114800;115442;115443;115445;115455;115506;117667
1361,g_chan[3].u_cdc_chr.mem[13][61]$_DFFE_PP_,clk_core,11.89,-8.3,44885;56556;65756;65811;66034;68453;78218;78221;114832;115442;115443;115445;115455;115506;117667
1362,g_chan[3].u_cdc_chr.mem[20][61]$_DFFE_PP_,clk_core,11.89,-8.3,44885;56556;65756;65811;66034;69006;78218;78221;114832;115442;115443;115445;115455;115506;117667
1363,g_chan[3].u_cdc_chr.mem[22][61]$_DFFE_PP_,clk_core,11.89,-8.3,44885;56556;65756;65811;66034;69223;78218;78221;114832;115442;115443;115445;115455;115506;117667
1364,g_chan[3].u_cdc_chr.mem[23][61]$_DFFE_PP_,clk_core,11.89,-8.3,44885;56556;65756;65811;66034;69301;78218;78221;114832;115442;115443;115445;115455;115506;117667
1365,g_chan[3].u_cdc_chr.mem[8][61]$_DFFE_PP_,clk_core,11.89,-8.3,44885;56556;65756;65811;66034;67997;78218;78221;114799;115442;115443;115445;115455;115506;117667
1366,g_chan[3].u_cdc_chr.mem[3][61]$_DFFE_PP_,clk_core,11.89,-8.3,44885;56556;65756;65811;66034;67604;78218;78221;114801;115442;115443;115445;115455;115506;117667
1367,g_chan[3].u_cdc_chr.mem[14][61]$_DFFE_PP_,clk_core,11.89,-8.3,44885;56556;65756;65811;66034;68531;78218;78221;114831;115442;115443;115445;115455;115506;117667
1368,g_chan[3].u_cdc_chr.mem[12][61]$_DFFE_PP_,clk_core,11.89,-8.3,44885;56556;65756;65811;66034;68375;78218;78221;114831;115442;115443;115445;115455;115506;117667
1369,g_chan[3].u_cdc_chr.mem[9][61]$_DFFE_PP_,clk_core,11.89,-8.3,44885;56556;65756;65811;66034;68076;78218;78221;114799;115442;115443;115445;115455;115506;117667
1370,g_chan[3].u_cdc_chr.mem[5][61]$_DFFE_PP_,clk_core,11.89,-8.3,44885;56556;65756;65811;66034;67761;78218;78221;114799;115442;115443;115445;115455;115506;117667
1371,g_chan[3].u_cdc_chr.mem[6][61]$_DFFE_PP_,clk_core,11.89,-8.3,44885;56556;65756;65811;66034;67839;78218;78221;114799;115442;115443;115445;115455;115506;117667
1372,g_chan[3].u_cdc_chr.mem[15][61]$_DFFE_PP_,clk_core,11.89,-8.3,44885;56556;65756;65811;66034;68609;78218;78221;114833;115442;115443;115445;115455;115506;117667
1373,g_chan[3].u_cdc_chr.mem[0][61]$_DFFE_PP_,clk_core,11.89,-8.3,44885;56556;65756;65811;65815;66034;78218;78221;114833;115442;115443;115445;115455;115506;117667
1374,g_chan[3].u_cdc_chr.mem[17][61]$_DFFE_PP_,clk_core,11.89,-8.3,44885;56556;65756;65811;66034;68767;78218;78221;114799;115442;115443;115445;115455;115506;117667
1375,g_chan[3].u_cdc_chr.mem[1][61]$_DFFE_PP_,clk_core,11.89,-8.3,44885;56556;65756;65811;66034;67446;78218;78221;114833;115442;115443;115445;115455;115506;117667
1376,g_chan[3].u_cdc_chr.mem[21][61]$_DFFE_PP_,clk_core,11.89,-8.3,44885;56556;65756;65811;66034;69145;78218;78221;114833;115442;115443;115445;115455;115506;117667
1377,g_chan[3].u_cdc_chr.mem[4][61]$_DFFE_PP_,clk_core,11.89,-8.3,44885;56556;65756;65811;66034;67683;78218;78221;114799;115442;115443;115445;115455;115506;117667
1378,g_chan[3].u_cdc_chr.mem[11][61]$_DFFE_PP_,clk_core,11.89,-8.3,44885;56556;65756;65811;66034;68296;78218;78221;114929;115442;115443;115445;115455;115508;117667
1379,g_chan[3].u_cdc_chr.mem[10][61]$_DFFE_PP_,clk_core,11.89,-8.3,44885;56556;65756;65811;66034;68157;78218;78221;114929;115442;115443;115445;115455;115508;117667
1380,g_chan[3].u_cdc_chr.mem[16][61]$_DFFE_PP_,clk_core,11.89,-8.3,44885;56556;65756;65811;66034;68688;78218;78221;114929;115442;115443;115445;115455;115508;117667
1381,g_chan[3].u_cdc_chr.mem[18][61]$_DFFE_PP_,clk_core,11.89,-8.3,44885;56556;65756;65811;66034;68845;78218;78221;114929;115442;115443;115445;115455;115508;117667
1382,g_chan[3].u_cdc_chr.mem[19][61]$_DFFE_PP_,clk_core,11.89,-8.3,44885;56556;65756;65811;66034;68924;78218;78221;114929;115442;115443;115445;115455;115508;117667
1383,g_chan[3].u_cdc_chr.mem[12][25]$_DFFE_PP_,clk_core,11.89,-8.3,48228;56565;65960;66184;66818;68418;78225;114946;115442;115443;115447;115462;115560;117667
1384,g_chan[3].u_cdc_chr.mem[25][25]$_DFFE_PP_,clk_core,11.89,-8.3,48228;56565;65960;66184;66818;69501;78225;114956;115442;115443;115447;115462;115561;117667
1385,g_chan[3].u_cdc_chr.mem[26][25]$_DFFE_PP_,clk_core,11.89,-8.3,48228;56565;65960;66184;66818;69579;78225;114950;115442;115443;115447;115462;115561;117667
1386,g_chan[3].u_cdc_chr.mem[27][25]$_DFFE_PP_,clk_core,11.89,-8.3,48228;56565;65960;66184;66818;69657;78225;114956;115442;115443;115447;115462;115561;117667
1387,g_chan[3].u_cdc_chr.mem[24][25]$_DFFE_PP_,clk_core,11.89,-8.3,48228;56565;65960;66184;66818;69423;78225;114950;115442;115443;115447;115462;115561;117667
1388,g_chan[3].u_cdc_chr.mem[16][4]$_DFFE_PP_,clk_core,11.89,-8.29,56558;65816;66461;66573;67338;68755;78219;78222;114827;115442;115443;115447;115461;115549;117667
1389,g_chan[3].u_cdc_chr.mem[17][25]$_DFFE_PP_,clk_core,11.89,-8.3,48228;56565;65960;66184;66818;68810;78225;114951;115442;115443;115447;115462;115557;117667
1390,g_chan[3].u_cdc_chr.mem[17][4]$_DFFE_PP_,clk_core,11.89,-8.29,56558;65816;66461;66573;67338;68834;78219;78222;114827;115442;115443;115447;115461;115549;117667
1391,g_chan[3].u_cdc_chr.mem[18][4]$_DFFE_PP_,clk_core,11.89,-8.29,56558;65816;66461;66573;67338;68912;78219;78222;114827;115442;115443;115447;115461;115549;117667
1392,g_chan[3].u_cdc_chr.mem[19][4]$_DFFE_PP_,clk_core,11.89,-8.29,56558;65816;66461;66573;67338;68991;78219;78222;114827;115442;115443;115447;115461;115549;117667
1393,g_chan[3].u_cdc_chr.mem[16][25]$_DFFE_PP_,clk_core,11.89,-8.3,48228;56565;65960;66184;66818;68731;78225;114952;115442;115443;115447;115462;115557;117667
1394,g_chan[3].u_cdc_chr.mem[18][25]$_DFFE_PP_,clk_core,11.89,-8.3,48228;56565;65960;66184;66818;68888;78225;114952;115442;115443;115447;115462;115557;117667
1395,g_chan[3].u_cdc_chr.mem[19][25]$_DFFE_PP_,clk_core,11.89,-8.3,48228;56565;65960;66184;66818;68967;78225;114952;115442;115443;115447;115462;115557;117667
1396,g_chan[3].u_cdc_chr.mem[0][4]$_DFFE_PP_,clk_core,11.89,-8.29,56558;65816;66461;66573;67338;67340;78219;78222;114806;115442;115443;115447;115461;115549;117667
1397,g_chan[3].u_cdc_chr.mem[10][4]$_DFFE_PP_,clk_core,11.89,-8.29,56558;65816;66461;66573;67338;68281;78219;78222;114806;115442;115443;115447;115461;115549;117667
1398,g_chan[3].u_cdc_chr.mem[11][4]$_DFFE_PP_,clk_core,11.89,-8.29,56558;65816;66461;66573;67338;68363;78219;78222;114806;115442;115443;115447;115461;115549;117667
1399,g_chan[3].u_cdc_chr.mem[20][25]$_DFFE_PP_,clk_core,11.89,-8.3,48228;56565;65960;66184;66818;69085;78225;114948;115442;115443;115447;115462;115557;117667
1400,g_chan[3].u_cdc_chr.mem[21][25]$_DFFE_PP_,clk_core,11.89,-8.3,48228;56565;65960;66184;66818;69188;78225;114948;115442;115443;115447;115462;115557;117667
1401,g_chan[3].u_cdc_chr.mem[22][25]$_DFFE_PP_,clk_core,11.89,-8.3,48228;56565;65960;66184;66818;69266;78225;114948;115442;115443;115447;115462;115557;117667
1402,g_chan[3].u_cdc_chr.mem[23][25]$_DFFE_PP_,clk_core,11.89,-8.3,48228;56565;65960;66184;66818;69344;78225;114949;115442;115443;115447;115462;115557;117667
1403,g_chan[3].u_cdc_chr.mem[28][4]$_DFFE_PP_,clk_core,11.89,-8.29,56558;65816;66461;66573;67338;69759;78219;78222;114806;115442;115443;115447;115461;115549;117667
1404,g_chan[3].u_cdc_chr.mem[30][4]$_DFFE_PP_,clk_core,11.89,-8.29,56558;65816;66461;66573;67338;69915;78219;78222;114829;115442;115443;115447;115461;115549;117667
1405,g_chan[3].u_cdc_chr.mem[9][4]$_DFFE_PP_,clk_core,11.89,-8.29,56558;65816;66461;66573;67338;68143;78219;78222;114806;115442;115443;115447;115461;115549;117667
1406,g_chan[3].u_cdc_chr.mem[28][25]$_DFFE_PP_,clk_core,11.89,-8.3,48228;56565;65960;66184;66818;69735;78225;114951;115442;115443;115447;115462;115557;117667
1407,g_chan[3].u_cdc_chr.mem[29][25]$_DFFE_PP_,clk_core,11.89,-8.3,48228;56565;65960;66184;66818;69813;78225;114951;115442;115443;115447;115462;115557;117667
1408,g_chan[3].u_cdc_chr.mem[8][4]$_DFFE_PP_,clk_core,11.9,-8.29,56558;65816;66461;66573;67338;68064;78219;78222;114805;115442;115443;115447;115461;115551;117667
1409,g_chan[3].u_cdc_chr.mem[1][4]$_DFFE_PP_,clk_core,11.9,-8.29,56558;65816;66461;66573;67338;67513;78219;78222;114822;115442;115443;115447;115461;115550;117667
1410,g_chan[3].u_cdc_chr.mem[20][4]$_DFFE_PP_,clk_core,11.9,-8.29,56558;65816;66461;66573;67338;69130;78219;78222;114822;115442;115443;115447;115461;115550;117667
1411,g_chan[3].u_cdc_chr.mem[21][4]$_DFFE_PP_,clk_core,11.9,-8.29,56558;65816;66461;66573;67338;69212;78219;78222;114822;115442;115443;115447;115461;115550;117667
1412,g_chan[3].u_cdc_chr.mem[22][4]$_DFFE_PP_,clk_core,11.9,-8.29,56558;65816;66461;66573;67338;69290;78219;78222;114822;115442;115443;115447;115461;115550;117667
1413,g_chan[3].u_cdc_chr.mem[23][4]$_DFFE_PP_,clk_core,11.9,-8.29,56558;65816;66461;66573;67338;69368;78219;78222;114822;115442;115443;115447;115461;115550;117667
1414,g_chan[3].u_cdc_chr.mem[29][4]$_DFFE_PP_,clk_core,11.9,-8.29,56558;65816;66461;66573;67338;69837;78219;78222;114822;115442;115443;115447;115461;115550;117667
1415,g_chan[3].u_cdc_chr.mem[24][4]$_DFFE_PP_,clk_core,11.9,-8.29,56558;65816;66461;66573;67338;69447;78219;78222;114823;115442;115443;115447;115461;115550;117667
1416,g_chan[3].u_cdc_chr.mem[25][4]$_DFFE_PP_,clk_core,11.9,-8.29,56558;65816;66461;66573;67338;69525;78219;78222;114823;115442;115443;115447;115461;115550;117667
1417,g_chan[3].u_cdc_chr.mem[26][4]$_DFFE_PP_,clk_core,11.9,-8.29,56558;65816;66461;66573;67338;69603;78219;78222;114823;115442;115443;115447;115461;115550;117667
1418,g_chan[3].u_cdc_chr.mem[27][4]$_DFFE_PP_,clk_core,11.9,-8.29,56558;65816;66461;66573;67338;69681;78219;78222;114823;115442;115443;115447;115461;115550;117667
1419,g_chan[3].u_cdc_chr.mem[31][4]$_DFFE_PP_,clk_core,11.9,-8.29,56558;65816;66461;66573;67338;69993;78219;78222;114823;115442;115443;115447;115461;115550;117667
1420,g_chan[3].u_cdc_chr.mem[0][56]$_DFFE_PP_,clk_core,11.9,-8.29,43175;45180;47483;65992;66021;66023;66055;78226;114795;115442;115443;115447;115461;115553;117667
1421,g_chan[3].u_cdc_chr.mem[10][56]$_DFFE_PP_,clk_core,11.9,-8.29,43175;45180;47483;65992;66021;66055;68170;78226;114795;115442;115443;115447;115461;115553;117667
1422,g_chan[3].u_cdc_chr.mem[11][56]$_DFFE_PP_,clk_core,11.9,-8.29,43175;45180;47483;65992;66021;66055;68304;78226;114794;115442;115443;115447;115461;115553;117667
1423,g_chan[3].u_cdc_chr.mem[1][56]$_DFFE_PP_,clk_core,11.9,-8.29,43175;45180;47483;65992;66021;66055;67454;78226;114795;115442;115443;115447;115461;115553;117667
1424,g_chan[3].u_cdc_chr.mem[26][56]$_DFFE_PP_,clk_core,11.9,-8.29,43175;45180;47483;65992;66021;66055;69544;78226;114795;115442;115443;115447;115461;115553;117667
1425,g_chan[3].u_cdc_chr.mem[3][56]$_DFFE_PP_,clk_core,11.9,-8.29,43175;45180;47483;65992;66021;66055;67612;78226;114795;115442;115443;115447;115461;115553;117667
1426,g_chan[3].u_cdc_chr.mem[8][56]$_DFFE_PP_,clk_core,11.9,-8.29,43175;45180;47483;65992;66021;66055;68005;78226;114793;115442;115443;115447;115461;115553;117667
1427,g_chan[3].u_cdc_chr.mem[9][56]$_DFFE_PP_,clk_core,11.9,-8.29,43175;45180;47483;65992;66021;66055;68084;78226;114793;115442;115443;115447;115461;115553;117667
1428,g_chan[3].u_cdc_chr.mem[14][25]$_DFFE_PP_,clk_core,11.9,-8.3,48228;56565;65960;66184;66818;68574;78225;114943;115442;115443;115445;115456;115516;117667
1429,g_chan[3].u_cdc_chr.mem[15][25]$_DFFE_PP_,clk_core,11.9,-8.3,48228;56565;65960;66184;66818;68652;78225;114943;115442;115443;115445;115456;115516;117667
1430,g_chan[3].u_cdc_chr.mem[3][25]$_DFFE_PP_,clk_core,11.9,-8.3,48228;56565;65960;66184;66818;67647;78225;114944;115442;115443;115445;115456;115516;117667
1431,g_chan[3].u_cdc_chr.mem[13][25]$_DFFE_PP_,clk_core,11.9,-8.3,48228;56565;65960;66184;66818;68496;78225;114947;115442;115443;115445;115456;115516;117667
1432,g_chan[3].u_cdc_chr.mem[22][24]$_DFFE_PP_,clk_core,11.9,-8.29,43175;45415;47483;65992;66194;66843;69267;78226;114735;115442;115443;115447;115463;115572;117667
1433,g_chan[3].u_cdc_chr.mem[14][28]$_DFFE_PP_,clk_core,11.9,-8.29,56558;65816;66158;66207;66745;68571;78219;78222;114980;115442;115443;115447;115462;115560;117667
1434,g_chan[3].u_cdc_chr.mem[15][28]$_DFFE_PP_,clk_core,11.9,-8.29,56558;65816;66158;66207;66745;68649;78219;78222;114980;115442;115443;115447;115462;115560;117667
1435,g_chan[3].u_cdc_chr.mem[1][24]$_DFFE_PP_,clk_core,11.9,-8.29,43175;45415;47483;65992;66194;66843;67490;78226;114737;115442;115443;115447;115463;115572;117667
1436,g_chan[3].u_cdc_chr.mem[2][24]$_DFFE_PP_,clk_core,11.9,-8.29,43175;45415;47483;65992;66194;66843;67569;78226;114737;115442;115443;115447;115463;115572;117667
1437,g_chan[3].u_cdc_chr.mem[3][24]$_DFFE_PP_,clk_core,11.9,-8.29,43175;45415;47483;65992;66194;66843;67648;78226;114737;115442;115443;115447;115463;115572;117667
1438,g_chan[3].u_cdc_chr.mem[30][25]$_DFFE_PP_,clk_core,11.9,-8.3,48228;56565;65960;66184;66818;69891;78225;114947;115442;115443;115445;115456;115516;117667
1439,g_chan[3].u_cdc_chr.mem[31][25]$_DFFE_PP_,clk_core,11.9,-8.3,48228;56565;65960;66184;66818;69969;78225;114943;115442;115443;115445;115456;115516;117667
1440,g_chan[3].u_cdc_chr.mem[24][24]$_DFFE_PP_,clk_core,11.9,-8.29,43175;45415;47483;65992;66194;66843;69424;78226;114735;115442;115443;115447;115463;115572;117667
1441,g_chan[3].u_cdc_chr.mem[13][24]$_DFFE_PP_,clk_core,11.9,-8.29,43175;45415;47483;65992;66194;66843;68497;78226;114744;115442;115443;115447;115463;115571;117667
1442,g_chan[3].u_cdc_chr.mem[14][24]$_DFFE_PP_,clk_core,11.9,-8.29,43175;45415;47483;65992;66194;66843;68575;78226;114744;115442;115443;115447;115463;115571;117667
1443,g_chan[3].u_cdc_chr.mem[15][24]$_DFFE_PP_,clk_core,11.9,-8.29,43175;45415;47483;65992;66194;66843;68653;78226;114744;115442;115443;115447;115463;115571;117667
1444,g_chan[3].u_cdc_chr.mem[6][24]$_DFFE_PP_,clk_core,11.9,-8.29,43175;45415;47483;65992;66194;66843;67883;78226;114745;115442;115443;115447;115463;115571;117667
1445,g_chan[3].u_cdc_chr.mem[7][24]$_DFFE_PP_,clk_core,11.9,-8.29,43175;45415;47483;65992;66194;66843;67962;78226;114745;115442;115443;115447;115463;115571;117667
1446,g_chan[3].u_cdc_chr.mem[9][24]$_DFFE_PP_,clk_core,11.9,-8.29,43175;45415;47483;65992;66194;66843;68120;78226;114744;115442;115443;115447;115463;115571;117667
1447,g_chan[3].u_cdc_chr.mem[12][28]$_DFFE_PP_,clk_core,11.9,-8.29,56558;65816;66158;66207;66745;68415;78219;78222;115012;115442;115443;115447;115462;115559;117667
1448,g_chan[3].u_cdc_chr.mem[13][28]$_DFFE_PP_,clk_core,11.9,-8.29,56558;65816;66158;66207;66745;68493;78219;78222;115012;115442;115443;115447;115462;115559;117667
1449,g_chan[3].u_cdc_chr.mem[26][24]$_DFFE_PP_,clk_core,11.9,-8.29,43175;45415;47483;65992;66194;66843;69580;78226;114734;115442;115443;115447;115463;115572;117667
1450,g_chan[3].u_cdc_chr.mem[6][28]$_DFFE_PP_,clk_core,11.9,-8.29,56558;65816;66158;66207;66745;67879;78219;78222;115013;115442;115443;115447;115462;115559;117667
1451,g_chan[3].u_cdc_chr.mem[18][24]$_DFFE_PP_,clk_core,11.9,-8.29,43175;45415;47483;65992;66194;66843;68889;78226;114734;115442;115443;115447;115463;115572;117667
1452,g_chan[3].u_cdc_chr.mem[19][24]$_DFFE_PP_,clk_core,11.9,-8.29,43175;45415;47483;65992;66194;66843;68968;78226;114734;115442;115443;115447;115463;115572;117667
1453,g_chan[3].u_cdc_chr.mem[27][24]$_DFFE_PP_,clk_core,11.9,-8.29,43175;45415;47483;65992;66194;66843;69658;78226;114734;115442;115443;115447;115463;115572;117667
1454,g_chan[3].u_cdc_chr.mem[29][24]$_DFFE_PP_,clk_core,11.9,-8.29,43175;45415;47483;65992;66194;66843;69814;78226;114738;115442;115443;115447;115463;115572;117667
1455,g_chan[3].u_cdc_chr.mem[23][24]$_DFFE_PP_,clk_core,11.9,-8.29,43175;45415;47483;65992;66194;66843;69345;78226;114734;115442;115443;115447;115463;115572;117667
1456,g_chan[3].u_cdc_chr.mem[28][24]$_DFFE_PP_,clk_core,11.9,-8.29,43175;45415;47483;65992;66194;66843;69736;78226;114738;115442;115443;115447;115463;115572;117667
1457,g_chan[3].u_cdc_chr.mem[16][24]$_DFFE_PP_,clk_core,11.9,-8.29,43175;45415;47483;65992;66194;66843;68732;78226;114734;115442;115443;115447;115463;115572;117667
1458,g_chan[3].u_cdc_chr.mem[25][24]$_DFFE_PP_,clk_core,11.9,-8.29,43175;45415;47483;65992;66194;66843;69502;78226;114734;115442;115443;115447;115463;115572;117667
1459,g_chan[3].u_cdc_chr.mem[24][56]$_DFFE_PP_,clk_core,11.9,-8.29,43175;45180;47483;65992;66021;66055;69388;78226;114797;115442;115443;115447;115461;115553;117667
1460,g_chan[3].u_cdc_chr.mem[25][56]$_DFFE_PP_,clk_core,11.9,-8.29,43175;45180;47483;65992;66021;66055;69466;78226;114797;115442;115443;115447;115461;115553;117667
1461,g_chan[3].u_cdc_chr.mem[30][24]$_DFFE_PP_,clk_core,11.9,-8.29,43175;45415;47483;65992;66194;66843;69892;78226;114738;115442;115443;115447;115463;115572;117667
1462,g_chan[3].u_cdc_chr.mem[0][24]$_DFFE_PP_,clk_core,11.9,-8.29,43175;45415;47483;65992;66194;66843;66845;78226;114737;115442;115443;115447;115463;115572;117667
1463,g_chan[3].u_cdc_chr.mem[20][24]$_DFFE_PP_,clk_core,11.9,-8.29,43175;45415;47483;65992;66194;66843;69087;78226;114737;115442;115443;115447;115463;115572;117667
1464,g_chan[3].u_cdc_chr.mem[21][24]$_DFFE_PP_,clk_core,11.9,-8.29,43175;45415;47483;65992;66194;66843;69189;78226;114738;115442;115443;115447;115463;115572;117667
1465,g_chan[3].u_cdc_chr.mem[11][24]$_DFFE_PP_,clk_core,11.9,-8.29,43175;45415;47483;65992;66194;66843;68340;78226;114745;115442;115443;115447;115463;115571;117667
1466,g_chan[3].u_cdc_chr.mem[10][28]$_DFFE_PP_,clk_core,11.9,-8.29,56558;65816;66158;66207;66745;68230;78219;78222;115014;115442;115443;115447;115462;115559;117667
1467,g_chan[3].u_cdc_chr.mem[11][28]$_DFFE_PP_,clk_core,11.9,-8.29,56558;65816;66158;66207;66745;68336;78219;78222;115014;115442;115443;115447;115462;115559;117667
1468,g_chan[3].u_cdc_chr.mem[2][28]$_DFFE_PP_,clk_core,11.9,-8.29,56558;65816;66158;66207;66745;67565;78219;78222;115014;115442;115443;115447;115462;115559;117667
1469,g_chan[3].u_cdc_chr.mem[3][28]$_DFFE_PP_,clk_core,11.9,-8.29,56558;65816;66158;66207;66745;67644;78219;78222;115014;115442;115443;115447;115462;115559;117667
1470,g_chan[3].u_cdc_chr.mem[8][24]$_DFFE_PP_,clk_core,11.9,-8.29,43175;45415;47483;65992;66194;66843;68041;78226;114744;115442;115443;115447;115463;115571;117667
1471,g_chan[3].u_cdc_chr.mem[8][28]$_DFFE_PP_,clk_core,11.9,-8.29,56558;65816;66158;66207;66745;68037;78219;78222;115014;115442;115443;115447;115462;115559;117667
1472,g_chan[3].u_cdc_chr.mem[9][28]$_DFFE_PP_,clk_core,11.9,-8.29,56558;65816;66158;66207;66745;68116;78219;78222;115014;115442;115443;115447;115462;115559;117667
1473,g_chan[3].u_cdc_chr.mem[10][24]$_DFFE_PP_,clk_core,11.9,-8.29,43175;45415;47483;65992;66194;66843;68238;78226;114745;115442;115443;115447;115463;115571;117667
1474,g_chan[3].u_cdc_chr.mem[12][24]$_DFFE_PP_,clk_core,11.9,-8.29,43175;45415;47483;65992;66194;66843;68419;78226;114744;115442;115443;115447;115463;115571;117667
1475,g_chan[3].u_cdc_chr.mem[16][56]$_DFFE_PP_,clk_core,11.9,-8.29,43175;45180;47483;65992;66021;66055;68696;78226;114790;115442;115443;115447;115461;115554;117667
1476,g_chan[3].u_cdc_chr.mem[17][56]$_DFFE_PP_,clk_core,11.9,-8.29,43175;45180;47483;65992;66021;66055;68775;78226;114786;115442;115443;115447;115461;115554;117667
1477,g_chan[3].u_cdc_chr.mem[22][56]$_DFFE_PP_,clk_core,11.9,-8.29,43175;45180;47483;65992;66021;66055;69231;78226;114787;115442;115443;115447;115461;115554;117667
1478,g_chan[3].u_cdc_chr.mem[27][56]$_DFFE_PP_,clk_core,11.9,-8.29,43175;45180;47483;65992;66021;66055;69622;78226;114796;115442;115443;115447;115461;115554;117667
1479,g_chan[3].u_cdc_chr.mem[2][56]$_DFFE_PP_,clk_core,11.9,-8.29,43175;45180;47483;65992;66021;66055;67533;78226;114796;115442;115443;115447;115461;115554;117667
1480,g_chan[3].u_cdc_chr.mem[4][56]$_DFFE_PP_,clk_core,11.9,-8.29,43175;45180;47483;65992;66021;66055;67691;78226;114796;115442;115443;115447;115461;115554;117667
1481,g_chan[3].u_cdc_chr.mem[5][56]$_DFFE_PP_,clk_core,11.9,-8.29,43175;45180;47483;65992;66021;66055;67769;78226;114796;115442;115443;115447;115461;115554;117667
1482,g_chan[3].u_cdc_chr.mem[7][56]$_DFFE_PP_,clk_core,11.9,-8.29,43175;45180;47483;65992;66021;66055;67926;78226;114796;115442;115443;115447;115461;115554;117667
1483,g_chan[3].u_cdc_chr.mem[18][56]$_DFFE_PP_,clk_core,11.9,-8.29,43175;45180;47483;65992;66021;66055;68853;78226;114789;115442;115443;115447;115461;115554;117667
1484,g_chan[3].u_cdc_chr.mem[19][56]$_DFFE_PP_,clk_core,11.9,-8.29,43175;45180;47483;65992;66021;66055;68932;78226;114789;115442;115443;115447;115461;115554;117667
1485,g_chan[3].u_cdc_chr.mem[20][56]$_DFFE_PP_,clk_core,11.9,-8.29,43175;45180;47483;65992;66021;66055;69019;78226;114788;115442;115443;115447;115461;115554;117667
1486,g_chan[3].u_cdc_chr.mem[21][56]$_DFFE_PP_,clk_core,11.9,-8.29,43175;45180;47483;65992;66021;66055;69153;78226;114788;115442;115443;115447;115461;115554;117667
1487,g_chan[3].u_cdc_chr.mem[23][56]$_DFFE_PP_,clk_core,11.9,-8.29,43175;45180;47483;65992;66021;66055;69309;78226;114788;115442;115443;115447;115461;115554;117667
1488,g_chan[3].u_cdc_chr.mem[6][56]$_DFFE_PP_,clk_core,11.9,-8.29,43175;45180;47483;65992;66021;66055;67847;78226;114789;115442;115443;115447;115461;115554;117667
1489,g_chan[3].u_cdc_chr.mem[17][24]$_DFFE_PP_,clk_core,11.9,-8.29,43175;45415;47483;65992;66194;66843;68811;78226;114703;115442;115443;115447;115464;115578;117667
1490,g_chan[3].u_cdc_chr.mem[31][24]$_DFFE_PP_,clk_core,11.9,-8.29,43175;45415;47483;65992;66194;66843;69970;78226;114739;115442;115443;115447;115464;115578;117667
1491,g_chan[3].u_cdc_chr.mem[16][40]$_DFFE_PP_,clk_core,11.9,-8.28,43175;45692;47483;65992;66119;66446;68714;78226;114696;115442;115443;115447;115464;115579;117667
1492,g_chan[3].u_cdc_chr.mem[17][40]$_DFFE_PP_,clk_core,11.9,-8.28,43175;45692;47483;65992;66119;66446;68793;78226;114696;115442;115443;115447;115464;115579;117667
1493,g_chan[3].u_cdc_chr.mem[0][40]$_DFFE_PP_,clk_core,11.9,-8.28,43175;45692;47483;65992;66119;66446;66448;78226;114690;115442;115443;115447;115464;115579;117667
1494,g_chan[3].u_cdc_chr.mem[2][40]$_DFFE_PP_,clk_core,11.9,-8.28,43175;45692;47483;65992;66119;66446;67551;78226;114690;115442;115443;115447;115464;115579;117667
1495,g_chan[3].u_cdc_chr.mem[3][40]$_DFFE_PP_,clk_core,11.9,-8.28,43175;45692;47483;65992;66119;66446;67630;78226;114690;115442;115443;115447;115464;115579;117667
1496,g_chan[3].u_cdc_chr.mem[11][40]$_DFFE_PP_,clk_core,11.9,-8.28,43175;45692;47483;65992;66119;66446;68322;78226;114687;115442;115443;115447;115464;115573;117667
1497,g_chan[3].u_cdc_chr.mem[12][40]$_DFFE_PP_,clk_core,11.9,-8.28,43175;45692;47483;65992;66119;66446;68401;78226;114759;115442;115443;115447;115464;115573;117667
1498,g_chan[3].u_cdc_chr.mem[13][40]$_DFFE_PP_,clk_core,11.9,-8.28,43175;45692;47483;65992;66119;66446;68479;78226;114759;115442;115443;115447;115464;115573;117667
1499,g_chan[3].u_cdc_chr.mem[14][40]$_DFFE_PP_,clk_core,11.9,-8.28,43175;45692;47483;65992;66119;66446;68557;78226;114693;115442;115443;115447;115464;115577;117667
1500,g_chan[3].u_cdc_chr.mem[15][40]$_DFFE_PP_,clk_core,11.9,-8.28,43175;45692;47483;65992;66119;66446;68635;78226;114759;115442;115443;115447;115464;115573;117667
1501,g_chan[3].u_cdc_chr.mem[20][40]$_DFFE_PP_,clk_core,11.9,-8.28,43175;45692;47483;65992;66119;66446;69053;78226;114693;115442;115443;115447;115464;115577;117667
1502,g_chan[3].u_cdc_chr.mem[21][40]$_DFFE_PP_,clk_core,11.9,-8.28,43175;45692;47483;65992;66119;66446;69171;78226;114693;115442;115443;115447;115464;115577;117667
1503,g_chan[3].u_cdc_chr.mem[22][40]$_DFFE_PP_,clk_core,11.9,-8.28,43175;45692;47483;65992;66119;66446;69249;78226;114693;115442;115443;115447;115464;115577;117667
1504,g_chan[3].u_cdc_chr.mem[23][40]$_DFFE_PP_,clk_core,11.9,-8.28,43175;45692;47483;65992;66119;66446;69327;78226;114693;115442;115443;115447;115464;115577;117667
1505,g_chan[3].u_cdc_chr.mem[26][40]$_DFFE_PP_,clk_core,11.9,-8.28,43175;45692;47483;65992;66119;66446;69562;78226;114698;115442;115443;115447;115464;115577;117667
1506,g_chan[3].u_cdc_chr.mem[27][40]$_DFFE_PP_,clk_core,11.9,-8.28,43175;45692;47483;65992;66119;66446;69640;78226;114698;115442;115443;115447;115464;115577;117667
1507,g_chan[3].u_cdc_chr.mem[28][40]$_DFFE_PP_,clk_core,11.9,-8.28,43175;45692;47483;65992;66119;66446;69718;78226;114692;115442;115443;115447;115464;115577;117667
1508,g_chan[3].u_cdc_chr.mem[30][40]$_DFFE_PP_,clk_core,11.9,-8.28,43175;45692;47483;65992;66119;66446;69874;78226;114694;115442;115443;115447;115464;115577;117667
1509,g_chan[3].u_cdc_chr.mem[31][40]$_DFFE_PP_,clk_core,11.9,-8.28,43175;45692;47483;65992;66119;66446;69952;78226;114694;115442;115443;115447;115464;115577;117667
1510,g_chan[3].u_cdc_chr.mem[18][40]$_DFFE_PP_,clk_core,11.9,-8.28,43175;45692;47483;65992;66119;66446;68871;78226;114695;115442;115443;115447;115464;115577;117667
1511,g_chan[3].u_cdc_chr.mem[19][40]$_DFFE_PP_,clk_core,11.9,-8.28,43175;45692;47483;65992;66119;66446;68950;78226;114695;115442;115443;115447;115464;115577;117667
1512,g_chan[3].u_cdc_chr.mem[29][40]$_DFFE_PP_,clk_core,11.9,-8.28,43175;45692;47483;65992;66119;66446;69796;78226;114695;115442;115443;115447;115464;115577;117667
1513,g_chan[3].u_cdc_chr.mem[24][1]$_DFFE_PP_,clk_core,11.9,-8.28,48228;56565;65960;66498;67411;69450;78225;114827;115442;115443;115447;115461;115549;117667
1514,g_chan[3].u_cdc_chr.mem[16][1]$_DFFE_PP_,clk_core,11.9,-8.28,48228;56565;65960;66498;67411;68758;78225;114828;115442;115443;115447;115461;115549;117667
1515,g_chan[3].u_cdc_chr.mem[17][1]$_DFFE_PP_,clk_core,11.9,-8.28,48228;56565;65960;66498;67411;68837;78225;114828;115442;115443;115447;115461;115549;117667
1516,g_chan[3].u_cdc_chr.mem[18][1]$_DFFE_PP_,clk_core,11.9,-8.28,48228;56565;65960;66498;67411;68915;78225;114828;115442;115443;115447;115461;115549;117667
1517,g_chan[3].u_cdc_chr.mem[19][1]$_DFFE_PP_,clk_core,11.9,-8.28,48228;56565;65960;66498;67411;68994;78225;114828;115442;115443;115447;115461;115549;117667
1518,g_chan[3].u_cdc_chr.mem[26][1]$_DFFE_PP_,clk_core,11.9,-8.28,48228;56565;65960;66498;67411;69606;78225;114828;115442;115443;115447;115461;115549;117667
1519,g_chan[3].u_cdc_chr.mem[27][1]$_DFFE_PP_,clk_core,11.9,-8.28,48228;56565;65960;66498;67411;69684;78225;114828;115442;115443;115447;115461;115549;117667
1520,g_chan[3].u_cdc_chr.mem[22][1]$_DFFE_PP_,clk_core,11.9,-8.28,48228;56565;65960;66498;67411;69293;78225;114829;115442;115443;115447;115461;115549;117667
1521,g_chan[3].u_cdc_chr.mem[23][1]$_DFFE_PP_,clk_core,11.9,-8.28,48228;56565;65960;66498;67411;69371;78225;114829;115442;115443;115447;115461;115549;117667
1522,g_chan[3].u_cdc_chr.mem[25][1]$_DFFE_PP_,clk_core,11.9,-8.28,48228;56565;65960;66498;67411;69528;78225;114829;115442;115443;115447;115461;115549;117667
1523,g_chan[3].u_cdc_chr.mem[28][1]$_DFFE_PP_,clk_core,11.9,-8.28,48228;56565;65960;66498;67411;69762;78225;114829;115442;115443;115447;115461;115549;117667
1524,g_chan[3].u_cdc_chr.mem[29][1]$_DFFE_PP_,clk_core,11.9,-8.28,48228;56565;65960;66498;67411;69840;78225;114829;115442;115443;115447;115461;115549;117667
1525,g_chan[3].u_cdc_chr.mem[30][1]$_DFFE_PP_,clk_core,11.9,-8.28,48228;56565;65960;66498;67411;69918;78225;114806;115442;115443;115447;115461;115549;117667
1526,g_chan[3].u_cdc_chr.mem[31][1]$_DFFE_PP_,clk_core,11.9,-8.28,48228;56565;65960;66498;67411;69996;78225;114806;115442;115443;115447;115461;115549;117667
1527,g_chan[3].u_cdc_chr.mem[8][1]$_DFFE_PP_,clk_core,11.9,-8.28,48228;56565;65960;66498;67411;68067;78225;114829;115442;115443;115447;115461;115549;117667
1528,g_chan[3].u_cdc_chr.mem[2][52]$_DFFE_PP_,clk_core,11.9,-8.29,45543;56558;65816;66067;66138;67537;78219;78222;114899;115442;115443;115445;115456;115515;117667
1529,g_chan[3].u_cdc_chr.mem[3][52]$_DFFE_PP_,clk_core,11.9,-8.29,45543;56558;65816;66067;66138;67616;78219;78222;114899;115442;115443;115445;115456;115515;117667
1530,g_chan[3].u_cdc_chr.mem[4][52]$_DFFE_PP_,clk_core,11.9,-8.29,45543;56558;65816;66067;66138;67695;78219;78222;114899;115442;115443;115445;115456;115515;117667
1531,g_chan[3].u_cdc_chr.mem[5][52]$_DFFE_PP_,clk_core,11.9,-8.29,45543;56558;65816;66067;66138;67773;78219;78222;114899;115442;115443;115445;115456;115515;117667
1532,g_chan[3].u_cdc_chr.mem[22][52]$_DFFE_PP_,clk_core,11.9,-8.29,45543;56558;65816;66067;66138;69235;78219;78222;114904;115442;115443;115445;115456;115515;117667
1533,g_chan[3].u_cdc_chr.mem[23][52]$_DFFE_PP_,clk_core,11.9,-8.29,45543;56558;65816;66067;66138;69313;78219;78222;114904;115442;115443;115445;115456;115515;117667
1534,g_chan[3].u_cdc_chr.mem[20][52]$_DFFE_PP_,clk_core,11.9,-8.29,45543;56558;65816;66067;66138;69027;78219;78222;114903;115442;115443;115445;115456;115515;117667
1535,g_chan[3].u_cdc_chr.mem[21][52]$_DFFE_PP_,clk_core,11.9,-8.29,45543;56558;65816;66067;66138;69157;78219;78222;114903;115442;115443;115445;115456;115515;117667
1536,g_chan[3].u_cdc_chr.mem[24][40]$_DFFE_PP_,clk_core,11.9,-8.28,43175;45692;47483;65992;66119;66446;69406;78226;114699;115442;115443;115447;115464;115578;117667
1537,g_chan[3].u_cdc_chr.mem[25][40]$_DFFE_PP_,clk_core,11.9,-8.28,43175;45692;47483;65992;66119;66446;69484;78226;114699;115442;115443;115447;115464;115578;117667
1538,g_chan[3].u_cdc_chr.mem[10][40]$_DFFE_PP_,clk_core,11.9,-8.28,43175;45692;47483;65992;66119;66446;68204;78226;114691;115442;115443;115447;115464;115574;117667
1539,g_chan[3].u_cdc_chr.mem[1][40]$_DFFE_PP_,clk_core,11.9,-8.28,43175;45692;47483;65992;66119;66446;67472;78226;114691;115442;115443;115447;115464;115574;117667
1540,g_chan[3].u_cdc_chr.mem[6][40]$_DFFE_PP_,clk_core,11.9,-8.28,43175;45692;47483;65992;66119;66446;67865;78226;114758;115442;115443;115447;115464;115574;117667
1541,g_chan[3].u_cdc_chr.mem[7][40]$_DFFE_PP_,clk_core,11.9,-8.28,43175;45692;47483;65992;66119;66446;67944;78226;114758;115442;115443;115447;115464;115574;117667
1542,g_chan[3].u_cdc_chr.mem[8][40]$_DFFE_PP_,clk_core,11.9,-8.28,43175;45692;47483;65992;66119;66446;68023;78226;114691;115442;115443;115447;115464;115574;117667
1543,g_chan[3].u_cdc_chr.mem[9][40]$_DFFE_PP_,clk_core,11.9,-8.28,43175;45692;47483;65992;66119;66446;68102;78226;114691;115442;115443;115447;115464;115574;117667
1544,g_chan[3].u_cdc_chr.mem[10][5]$_DFFE_PP_,clk_core,11.91,-8.28,56556;65756;66447;67314;68279;78218;78221;114820;115442;115443;115447;115461;115552;117667
1545,g_chan[3].u_cdc_chr.mem[11][5]$_DFFE_PP_,clk_core,11.91,-8.28,56556;65756;66447;67314;68362;78218;78221;114820;115442;115443;115447;115461;115552;117667
1546,g_chan[3].u_cdc_chr.mem[12][5]$_DFFE_PP_,clk_core,11.91,-8.28,56556;65756;66447;67314;68441;78218;78221;114820;115442;115443;115447;115461;115552;117667
1547,g_chan[3].u_cdc_chr.mem[13][5]$_DFFE_PP_,clk_core,11.91,-8.28,56556;65756;66447;67314;68519;78218;78221;114820;115442;115443;115447;115461;115552;117667
1548,g_chan[3].u_cdc_chr.mem[14][5]$_DFFE_PP_,clk_core,11.91,-8.28,56556;65756;66447;67314;68597;78218;78221;114820;115442;115443;115447;115461;115552;117667
1549,g_chan[3].u_cdc_chr.mem[2][5]$_DFFE_PP_,clk_core,11.91,-8.28,56556;65756;66447;67314;67591;78218;78221;114820;115442;115443;115447;115461;115552;117667
1550,g_chan[3].u_cdc_chr.mem[3][5]$_DFFE_PP_,clk_core,11.91,-8.28,56556;65756;66447;67314;67670;78218;78221;114820;115442;115443;115447;115461;115552;117667
1551,g_chan[3].u_cdc_chr.mem[6][5]$_DFFE_PP_,clk_core,11.91,-8.28,56556;65756;66447;67314;67905;78218;78221;114807;115442;115443;115447;115461;115551;117667
1552,g_chan[3].u_cdc_chr.mem[7][5]$_DFFE_PP_,clk_core,11.91,-8.28,56556;65756;66447;67314;67984;78218;78221;114807;115442;115443;115447;115461;115551;117667
1553,g_chan[3].u_cdc_chr.mem[17][60]$_DFFE_PP_,clk_core,11.91,-8.29,56558;65816;65857;66048;66160;68768;78219;78222;114924;115442;115443;115445;115456;115514;117667
1554,g_chan[3].u_cdc_chr.mem[12][1]$_DFFE_PP_,clk_core,11.91,-8.28,48228;56565;65960;66498;67411;68445;78225;114804;115442;115443;115447;115461;115551;117667
1555,g_chan[3].u_cdc_chr.mem[14][1]$_DFFE_PP_,clk_core,11.91,-8.28,48228;56565;65960;66498;67411;68601;78225;114805;115442;115443;115447;115461;115551;117667
1556,g_chan[3].u_cdc_chr.mem[15][1]$_DFFE_PP_,clk_core,11.91,-8.28,48228;56565;65960;66498;67411;68679;78225;114805;115442;115443;115447;115461;115551;117667
1557,g_chan[3].u_cdc_chr.mem[2][1]$_DFFE_PP_,clk_core,11.91,-8.28,48228;56565;65960;66498;67411;67595;78225;114804;115442;115443;115447;115461;115551;117667
1558,g_chan[3].u_cdc_chr.mem[3][1]$_DFFE_PP_,clk_core,11.91,-8.28,48228;56565;65960;66498;67411;67674;78225;114804;115442;115443;115447;115461;115551;117667
1559,g_chan[3].u_cdc_chr.mem[6][1]$_DFFE_PP_,clk_core,11.91,-8.28,48228;56565;65960;66498;67411;67909;78225;114804;115442;115443;115447;115461;115551;117667
1560,g_chan[3].u_cdc_chr.mem[9][1]$_DFFE_PP_,clk_core,11.91,-8.28,48228;56565;65960;66498;67411;68146;78225;114805;115442;115443;115447;115461;115551;117667
1561,g_chan[3].u_cdc_chr.mem[24][60]$_DFFE_PP_,clk_core,11.91,-8.29,56558;65816;65857;66048;66160;69381;78219;78222;114921;115442;115443;115445;115456;115513;117667
1562,g_chan[3].u_cdc_chr.mem[15][5]$_DFFE_PP_,clk_core,11.91,-8.28,56556;65756;66447;67314;68675;78218;78221;114816;115442;115443;115447;115461;115552;117667
1563,g_chan[3].u_cdc_chr.mem[26][60]$_DFFE_PP_,clk_core,11.91,-8.29,56558;65816;65857;66048;66160;69537;78219;78222;114921;115442;115443;115445;115456;115513;117667
1564,g_chan[3].u_cdc_chr.mem[27][60]$_DFFE_PP_,clk_core,11.91,-8.29,56558;65816;65857;66048;66160;69615;78219;78222;114921;115442;115443;115445;115456;115513;117667
1565,g_chan[3].u_cdc_chr.mem[0][5]$_DFFE_PP_,clk_core,11.91,-8.28,56556;65756;66447;67314;67316;78218;78221;114819;115442;115443;115447;115461;115550;117667
1566,g_chan[3].u_cdc_chr.mem[16][5]$_DFFE_PP_,clk_core,11.91,-8.28,56556;65756;66447;67314;68754;78218;78221;114824;115442;115443;115447;115461;115550;117667
1567,g_chan[3].u_cdc_chr.mem[17][5]$_DFFE_PP_,clk_core,11.91,-8.28,56556;65756;66447;67314;68833;78218;78221;114824;115442;115443;115447;115461;115550;117667
1568,g_chan[3].u_cdc_chr.mem[18][5]$_DFFE_PP_,clk_core,11.91,-8.28,56556;65756;66447;67314;68911;78218;78221;114823;115442;115443;115447;115461;115550;117667
1569,g_chan[3].u_cdc_chr.mem[19][5]$_DFFE_PP_,clk_core,11.91,-8.28,56556;65756;66447;67314;68990;78218;78221;114824;115442;115443;115447;115461;115550;117667
1570,g_chan[3].u_cdc_chr.mem[1][5]$_DFFE_PP_,clk_core,11.91,-8.28,56556;65756;66447;67314;67512;78218;78221;114819;115442;115443;115447;115461;115550;117667
1571,g_chan[3].u_cdc_chr.mem[24][5]$_DFFE_PP_,clk_core,11.91,-8.28,56556;65756;66447;67314;69446;78218;78221;114824;115442;115443;115447;115461;115550;117667
1572,g_chan[3].u_cdc_chr.mem[25][5]$_DFFE_PP_,clk_core,11.91,-8.28,56556;65756;66447;67314;69524;78218;78221;114824;115442;115443;115447;115461;115550;117667
1573,g_chan[3].u_cdc_chr.mem[26][5]$_DFFE_PP_,clk_core,11.91,-8.28,56556;65756;66447;67314;69602;78218;78221;114824;115442;115443;115447;115461;115550;117667
1574,g_chan[3].u_cdc_chr.mem[28][5]$_DFFE_PP_,clk_core,11.91,-8.28,56556;65756;66447;67314;69758;78218;78221;114819;115442;115443;115447;115461;115550;117667
1575,g_chan[3].u_cdc_chr.mem[29][5]$_DFFE_PP_,clk_core,11.91,-8.28,56556;65756;66447;67314;69836;78218;78221;114819;115442;115443;115447;115461;115550;117667
1576,g_chan[3].u_cdc_chr.mem[30][5]$_DFFE_PP_,clk_core,11.91,-8.28,56556;65756;66447;67314;69914;78218;78221;114823;115442;115443;115447;115461;115550;117667
1577,g_chan[3].u_cdc_chr.mem[31][5]$_DFFE_PP_,clk_core,11.91,-8.28,56556;65756;66447;67314;69992;78218;78221;114824;115442;115443;115447;115461;115550;117667
1578,g_chan[3].u_cdc_chr.mem[10][60]$_DFFE_PP_,clk_core,11.91,-8.29,56558;65816;65857;66048;66160;68159;78219;78222;114922;115442;115443;115445;115456;115513;117667
1579,g_chan[3].u_cdc_chr.mem[11][60]$_DFFE_PP_,clk_core,11.91,-8.29,56558;65816;65857;66048;66160;68297;78219;78222;114922;115442;115443;115445;115456;115513;117667
1580,g_chan[3].u_cdc_chr.mem[20][60]$_DFFE_PP_,clk_core,11.91,-8.29,56558;65816;65857;66048;66160;69008;78219;78222;114922;115442;115443;115445;115456;115513;117667
1581,g_chan[3].u_cdc_chr.mem[22][60]$_DFFE_PP_,clk_core,11.91,-8.29,56558;65816;65857;66048;66160;69224;78219;78222;114922;115442;115443;115445;115456;115513;117667
1582,g_chan[3].u_cdc_chr.mem[23][60]$_DFFE_PP_,clk_core,11.91,-8.29,56558;65816;65857;66048;66160;69302;78219;78222;114922;115442;115443;115445;115456;115513;117667
1583,g_chan[3].u_cdc_chr.mem[25][60]$_DFFE_PP_,clk_core,11.91,-8.29,56558;65816;65857;66048;66160;69459;78219;78222;114922;115442;115443;115445;115456;115513;117667
1584,g_chan[3].u_cdc_chr.mem[8][60]$_DFFE_PP_,clk_core,11.91,-8.29,56558;65816;65857;66048;66160;67998;78219;78222;114922;115442;115443;115445;115456;115513;117667
1585,g_chan[3].u_cdc_chr.mem[20][5]$_DFFE_PP_,clk_core,11.91,-8.28,56556;65756;66447;67314;69128;78218;78221;114821;115442;115443;115447;115461;115550;117667
1586,g_chan[3].u_cdc_chr.mem[21][5]$_DFFE_PP_,clk_core,11.91,-8.28,56556;65756;66447;67314;69211;78218;78221;114821;115442;115443;115447;115461;115550;117667
1587,g_chan[3].u_cdc_chr.mem[22][5]$_DFFE_PP_,clk_core,11.91,-8.28,56556;65756;66447;67314;69289;78218;78221;114821;115442;115443;115447;115461;115550;117667
1588,g_chan[3].u_cdc_chr.mem[23][5]$_DFFE_PP_,clk_core,11.91,-8.28,56556;65756;66447;67314;69367;78218;78221;114821;115442;115443;115447;115461;115550;117667
1589,g_chan[3].u_cdc_chr.mem[8][5]$_DFFE_PP_,clk_core,11.91,-8.28,56556;65756;66447;67314;68063;78218;78221;114821;115442;115443;115447;115461;115550;117667
1590,g_chan[3].u_cdc_chr.mem[9][5]$_DFFE_PP_,clk_core,11.91,-8.28,56556;65756;66447;67314;68142;78218;78221;114821;115442;115443;115447;115461;115550;117667
1591,g_chan[3].u_cdc_chr.mem[30][60]$_DFFE_PP_,clk_core,11.91,-8.29,56558;65816;65857;66048;66160;69849;78219;78222;114925;115442;115443;115445;115456;115514;117667
1592,g_chan[3].u_cdc_chr.mem[16][60]$_DFFE_PP_,clk_core,11.91,-8.29,56558;65816;65857;66048;66160;68689;78219;78222;114924;115442;115443;115445;115456;115514;117667
1593,g_chan[3].u_cdc_chr.mem[18][60]$_DFFE_PP_,clk_core,11.91,-8.29,56558;65816;65857;66048;66160;68846;78219;78222;114924;115442;115443;115445;115456;115514;117667
1594,g_chan[3].u_cdc_chr.mem[21][60]$_DFFE_PP_,clk_core,11.91,-8.29,56558;65816;65857;66048;66160;69146;78219;78222;114926;115442;115443;115445;115456;115514;117667
1595,g_chan[3].u_cdc_chr.mem[28][60]$_DFFE_PP_,clk_core,11.91,-8.29,56558;65816;65857;66048;66160;69693;78219;78222;114924;115442;115443;115445;115456;115514;117667
1596,g_chan[3].u_cdc_chr.mem[2][60]$_DFFE_PP_,clk_core,11.91,-8.29,56558;65816;65857;66048;66160;67526;78219;78222;114923;115442;115443;115445;115456;115514;117667
1597,g_chan[3].u_cdc_chr.mem[31][60]$_DFFE_PP_,clk_core,11.91,-8.29,56558;65816;65857;66048;66160;69927;78219;78222;114924;115442;115443;115445;115456;115514;117667
1598,g_chan[3].u_cdc_chr.mem[3][60]$_DFFE_PP_,clk_core,11.91,-8.29,56558;65816;65857;66048;66160;67605;78219;78222;114923;115442;115443;115445;115456;115514;117667
1599,g_chan[3].u_cdc_chr.mem[9][60]$_DFFE_PP_,clk_core,11.91,-8.29,56558;65816;65857;66048;66160;68077;78219;78222;114923;115442;115443;115445;115456;115514;117667
1600,g_chan[3].u_cdc_chr.mem[0][49]$_DFFE_PP_,clk_core,11.91,-8.28,48228;56565;65960;66080;66219;66221;78225;114809;115442;115443;115447;115461;115551;117667
