fy,fx,density
0,0,0.693916
0,1,0.694073
0,2,0.694531
0,3,0.69551
0,4,0.697184
0,5,0.699588
0,6,0.702544
0,7,0.705675
0,8,0.708475
0,9,0.710421
0,10,0.71109
0,11,0.710241
0,12,0.707856
0,13,0.704132
0,14,0.699441
0,15,0.694295
0,16,0.689279
0,17,0.684984
0,18,0.681915
0,19,0.680414
0,20,0.68057
0,21,0.68222
0,22,0.684979
0,23,0.688356
0,24,0.691872
0,25,0.695166
0,26,0.698034
0,27,0.700407
0,28,0.702281
0,29,0.703664
0,30,0.704549
0,31,0.704924
0,32,0.704826
0,33,0.704352
0,34,0.703659
0,35,0.702934
0,36,0.702342
0,37,0.702005
0,38,0.701979
0,39,0.702273
0,40,0.70286
0,41,0.703677
0,42,0.704597
0,43,0.705434
0,44,0.705942
0,45,0.705879
0,46,0.705097
0,47,0.703626
0,48,0.70169
0,49,0.699682
0,50,0.698027
0,51,0.697051
0,52,0.696873
0,53,0.697395
0,54,0.698367
0,55,0.699518
0,56,0.700654
0,57,0.701719
0,58,0.702765
0,59,0.703886
0,60,0.705133
0,61,0.706476
0,62,0.707776
0,63,0.708825
0,64,0.709375
0,65,0.709177
0,66,0.708044
0,67,0.705899
0,68,0.702824
0,69,0.69911
0,70,0.695242
0,71,0.691854
0,72,0.6896
0,73,0.689008
0,74,0.690346
0,75,0.69354
0,76,0.698162
0,77,0.703536
0,78,0.708865
0,79,0.713423
0,80,0.716681
0,81,0.718399
0,82,0.718627
0,83,0.717636
0,84,0.715827
0,85,0.713612
0,86,0.711333
0,87,0.709229
0,88,0.707413
0,89,0.705919
0,90,0.704727
0,91,0.703801
0,92,0.703104
0,93,0.702608
0,94,0.702289
0,95,0.702135
1,0,0.694729
1,1,0.694891
1,2,0.695352
1,3,0.696316
1,4,0.697947
1,5,0.700274
1,6,0.70312
1,7,0.70612
1,8,0.708785
1,9,0.710608
1,10,0.711181
1,11,0.710272
1,12,0.707866
1,13,0.704157
1,14,0.699515
1,15,0.694444
1,16,0.689518
1,17,0.685313
1,18,0.682318
1,19,0.680858
1,20,0.68101
1,21,0.682604
1,22,0.685258
1,23,0.688489
1,24,0.691837
1,25,0.694956
1,26,0.697656
1,27,0.699882
1,28,0.701639
1,29,0.702943
1,30,0.703789
1,31,0.704166
1,32,0.704105
1,33,0.703698
1,34,0.703091
1,35,0.702463
1,36,0.701974
1,37,0.70174
1,38,0.701814
1,39,0.702203
1,40,0.702873
1,41,0.703752
1,42,0.704706
1,43,0.705546
1,44,0.706028
1,45,0.70592
1,46,0.705087
1,47,0.703573
1,48,0.701614
1,49,0.699604
1,50,0.697967
1,51,0.697021
1,52,0.69688
1,53,0.697442
1,54,0.698457
1,55,0.699655
1,56,0.700842
1,57,0.701958
1,58,0.703049
1,59,0.704202
1,60,0.705463
1,61,0.7068
1,62,0.70808
1,63,0.709103
1,64,0.709637
1,65,0.709447
1,66,0.708356
1,67,0.706294
1,68,0.703339
1,69,0.699764
1,70,0.696033
1,71,0.692753
1,72,0.690555
1,73,0.689951
1,74,0.691208
1,75,0.694262
1,76,0.698706
1,77,0.703887
1,78,0.709035
1,79,0.71344
1,80,0.716584
1,81,0.718231
1,82,0.718428
1,83,0.717439
1,84,0.715658
1,85,0.713484
1,86,0.711248
1,87,0.709174
1,88,0.707365
1,89,0.705847
1,90,0.704601
1,91,0.703595
1,92,0.702807
1,93,0.702221
1,94,0.701832
1,95,0.70164
2,0,0.696126
2,1,0.696301
2,2,0.696773
2,3,0.69772
2,4,0.699282
2,5,0.701473
2,6,0.704124
2,7,0.706888
2,8,0.709307
2,9,0.710909
2,10,0.711309
2,11,0.710294
2,12,0.707854
2,13,0.704182
2,14,0.69964
2,15,0.694718
2,16,0.689968
2,17,0.68594
2,18,0.683091
2,19,0.681712
2,20,0.681858
2,21,0.683346
2,22,0.685801
2,23,0.688761
2,24,0.691792
2,25,0.694581
2,26,0.696969
2,27,0.698924
2,28,0.700469
2,29,0.701633
2,30,0.702417
2,31,0.702808
2,32,0.702829
2,33,0.702554
2,34,0.702114
2,35,0.70167
2,36,0.701368
2,37,0.701318
2,38,0.70157
2,39,0.702121
2,40,0.702929
2,41,0.703907
2,42,0.704909
2,43,0.70574
2,44,0.706163
2,45,0.705965
2,46,0.705037
2,47,0.703449
2,48,0.701452
2,49,0.699447
2,50,0.697847
2,51,0.696957
2,52,0.696877
2,53,0.697501
2,54,0.698577
2,55,0.699838
2,56,0.701094
2,57,0.702282
2,58,0.703439
2,59,0.704639
2,60,0.70592
2,61,0.707247
2,62,0.708495
2,63,0.709481
2,64,0.709996
2,65,0.709833
2,66,0.708837
2,67,0.706945
2,68,0.704226
2,69,0.700928
2,70,0.697469
2,71,0.694407
2,72,0.692328
2,73,0.691714
2,74,0.692828
2,75,0.695625
2,76,0.699735
2,77,0.704554
2,78,0.709356
2,79,0.713467
2,80,0.71639
2,81,0.717898
2,82,0.718032
2,83,0.717049
2,84,0.715323
2,85,0.713235
2,86,0.71109
2,87,0.709088
2,88,0.707309
2,89,0.705766
2,90,0.704437
2,91,0.703303
2,92,0.70236
2,93,0.701624
2,94,0.701115
2,95,0.700856
3,0,0.697717
3,1,0.697917
3,2,0.698417
3,3,0.699359
3,4,0.700848
3,5,0.702882
3,6,0.705292
3,7,0.707762
3,8,0.709872
3,9,0.711194
3,10,0.711379
3,11,0.710237
3,12,0.707768
3,13,0.704164
3,14,0.699777
3,15,0.695075
3,16,0.690583
3,17,0.686811
3,18,0.684172
3,19,0.682911
3,20,0.683052
3,21,0.684399
3,22,0.686585
3,23,0.689176
3,24,0.69178
3,25,0.694127
3,26,0.6961
3,27,0.6977
3,28,0.698976
3,29,0.699974
3,30,0.700699
3,31,0.701136
3,32,0.701291
3,33,0.701214
3,34,0.701009
3,35,0.700811
3,36,0.700752
3,37,0.700931
3,38,0.701392
3,39,0.702127
3,40,0.703082
3,41,0.704154
3,42,0.705185
3,43,0.705973
3,44,0.706294
3,45,0.705961
3,46,0.704904
3,47,0.703224
3,48,0.701193
3,49,0.699209
3,50,0.69767
3,51,0.696855
3,52,0.696843
3,53,0.697517
3,54,0.698629
3,55,0.699922
3,56,0.701214
3,57,0.702444
3,58,0.703645
3,59,0.704879
3,60,0.706174
3,61,0.707491
3,62,0.708712
3,63,0.709674
3,64,0.710196
3,65,0.710103
3,66,0.709267
3,67,0.707635
3,68,0.705267
3,69,0.702372
3,70,0.699312
3,71,0.696576
3,72,0.694687
3,73,0.694088
3,74,0.695032
3,75,0.697495
3,76,0.701159
3,77,0.705484
3,78,0.709807
3,79,0.713506
3,80,0.716116
3,81,0.717422
3,82,0.717467
3,83,0.716492
3,84,0.71485
3,85,0.712893
3,86,0.710894
3,87,0.709018
3,88,0.707316
3,89,0.705781
3,90,0.704386
3,91,0.703123
3,92,0.702014
3,93,0.701108
3,94,0.700462
3,95,0.700126
4,0,0.699048
4,1,0.699288
4,2,0.69984
4,3,0.700803
4,4,0.702243
4,5,0.704133
4,6,0.706308
4,7,0.708478
4,8,0.710271
4,9,0.711306
4,10,0.711278
4,11,0.710021
4,12,0.707551
4,13,0.704058
4,14,0.699882
4,15,0.695469
4,16,0.691306
4,17,0.687857
4,18,0.68548
4,19,0.684371
4,20,0.684515
4,21,0.685703
4,22,0.687579
4,23,0.689744
4,24,0.691858
4,25,0.693703
4,26,0.695211
4,27,0.696425
4,28,0.697423
4,29,0.698268
4,30,0.69897
4,31,0.699505
4,32,0.699853
4,33,0.700034
4,34,0.700113
4,35,0.700197
4,36,0.700398
4,37,0.700805
4,38,0.701459
4,39,0.702348
4,40,0.703409
4,41,0.704526
4,42,0.705528
4,43,0.706216
4,44,0.706382
4,45,0.705875
4,46,0.704666
4,47,0.702893
4,48,0.700846
4,49,0.69891
4,50,0.697455
4,51,0.696723
4,52,0.696763
4,53,0.697443
4,54,0.698522
4,55,0.699761
4,56,0.701
4,57,0.702192
4,58,0.703372
4,59,0.7046
4,60,0.705894
4,61,0.707208
4,62,0.70843
4,63,0.709411
4,64,0.709996
4,65,0.71004
4,66,0.709443
4,67,0.708164
4,68,0.706248
4,69,0.703866
4,70,0.701314
4,71,0.699002
4,72,0.697379
4,73,0.696839
4,74,0.697618
4,75,0.699717
4,76,0.702873
4,77,0.706619
4,78,0.71037
4,79,0.713568
4,80,0.715791
4,81,0.716848
4,82,0.71678
4,83,0.715817
4,84,0.714285
4,85,0.712506
4,86,0.710714
4,87,0.709033
4,88,0.70748
4,89,0.706021
4,90,0.70462
4,91,0.703278
4,92,0.702041
4,93,0.70099
4,94,0.700222
4,95,0.699816
5,0,0.699724
5,1,0.700016
5,2,0.700644
5,3,0.701663
5,4,0.703093
5,5,0.704882
5,6,0.706866
5,7,0.708782
5,8,0.710303
5,9,0.711097
5,10,0.7109
5,11,0.709578
5,12,0.707158
5,13,0.70383
5,14,0.699925
5,15,0.695861
5,16,0.692087
5,17,0.689013
5,18,0.68694
5,19,0.68601
5,20,0.686171
5,21,0.6872
5,22,0.688759
5,23,0.690486
5,24,0.692098
5,25,0.693435
5,26,0.694484
5,27,0.69533
5,28,0.696083
5,29,0.696824
5,30,0.697562
5,31,0.698257
5,32,0.698858
5,33,0.699343
5,34,0.699734
5,35,0.700105
5,36,0.700546
5,37,0.701138
5,38,0.701924
5,39,0.702894
5,40,0.70398
5,41,0.705059
5,42,0.705954
5,43,0.70647
5,44,0.706426
5,45,0.705709
5,46,0.704337
5,47,0.702481
5,48,0.700442
5,49,0.698586
5,50,0.697236
5,51,0.696585
5,52,0.696642
5,53,0.697258
5,54,0.698205
5,55,0.699271
5,56,0.700332
5,57,0.701371
5,58,0.702441
5,59,0.703606
5,60,0.70488
5,61,0.70621
5,62,0.707481
5,63,0.708551
5,64,0.709279
5,65,0.709546
5,66,0.709272
5,67,0.708426
5,68,0.707042
5,69,0.705251
5,70,0.703283
5,71,0.701468
5,72,0.700178
5,73,0.699749
5,74,0.700396
5,75,0.70214
5,76,0.704773
5,77,0.707907
5,78,0.711039
5,79,0.713683
5,80,0.715475
5,81,0.716247
5,82,0.716052
5,83,0.715105
5,84,0.71371
5,85,0.712152
5,86,0.710625
5,87,0.70921
5,88,0.707886
5,89,0.706589
5,90,0.70527
5,91,0.703929
5,92,0.702631
5,93,0.70149
5,94,0.700636
5,95,0.700178
6,0,0.699503
6,1,0.699856
6,2,0.700578
6,3,0.701682
6,4,0.703146
6,5,0.704891
6,6,0.706755
6,7,0.708498
6,8,0.709832
6,9,0.71047
6,10,0.710186
6,11,0.708873
6,12,0.706573
6,13,0.703475
6,14,0.699899
6,15,0.696235
6,16,0.692893
6,17,0.690228
6,18,0.688488
6,19,0.687757
6,20,0.687951
6,21,0.68884
6,22,0.690102
6,23,0.69142
6,24,0.692563
6,25,0.693433
6,26,0.694072
6,27,0.694608
6,28,0.695182
6,29,0.695887
6,30,0.69673
6,31,0.697648
6,32,0.69855
6,33,0.699366
6,34,0.700071
6,35,0.700704
6,36,0.701334
6,37,0.70204
6,38,0.702871
6,39,0.703825
6,40,0.704838
6,41,0.705783
6,42,0.706486
6,43,0.706761
6,44,0.706456
6,45,0.705502
6,46,0.703961
6,47,0.702035
6,48,0.700029
6,49,0.698276
6,50,0.697044
6,51,0.696463
6,52,0.696494
6,53,0.696971
6,54,0.697679
6,55,0.698447
6,56,0.699202
6,57,0.699971
6,58,0.700841
6,59,0.701891
6,60,0.703137
6,61,0.704515
6,62,0.7059
6,63,0.707144
6,64,0.708109
6,65,0.708685
6,66,0.708808
6,67,0.708453
6,68,0.707645
6,69,0.706481
6,70,0.70513
6,71,0.703847
6,72,0.702928
6,73,0.702653
6,74,0.703212
6,75,0.704636
6,76,0.706771
6,77,0.709301
6,78,0.711808
6,79,0.713885
6,80,0.715226
6,81,0.7157
6,82,0.715372
6,83,0.714449
6,84,0.713209
6,85,0.711904
6,86,0.710688
6,87,0.709598
6,88,0.708575
6,89,0.707521
6,90,0.706366
6,91,0.705107
6,92,0.70382
6,93,0.702645
6,94,0.701743
6,95,0.701252
7,0,0.698345
7,1,0.69876
7,2,0.699583
7,3,0.700789
7,4,0.702321
7,5,0.70408
7,6,0.7059
7,7,0.707563
7,8,0.708815
7,9,0.709402
7,10,0.709133
7,11,0.70792
7,12,0.705818
7,13,0.703016
7,14,0.699821
7,15,0.696598
7,16,0.693716
7,17,0.69148
7,18,0.690083
7,19,0.689564
7,20,0.689811
7,21,0.690586
7,22,0.691594
7,23,0.692554
7,24,0.693293
7,25,0.693768
7,26,0.694072
7,27,0.694374
7,28,0.694842
7,29,0.695581
7,30,0.696589
7,31,0.697773
7,32,0.699001
7,33,0.700148
7,34,0.701145
7,35,0.701993
7,36,0.702746
7,37,0.703484
7,38,0.704269
7,39,0.705113
7,40,0.705961
7,41,0.70669
7,42,0.707132
7,43,0.707114
7,44,0.706515
7,45,0.705307
7,46,0.703597
7,47,0.701612
7,48,0.699654
7,49,0.698016
7,50,0.696904
7,51,0.696377
7,52,0.696345
7,53,0.696622
7,54,0.697012
7,55,0.69739
7,56,0.697743
7,57,0.698157
7,58,0.698765
7,59,0.699671
7,60,0.700895
7,61,0.702363
7,62,0.70393
7,63,0.705429
7,64,0.706711
7,65,0.707665
7,66,0.708231
7,67,0.70839
7,68,0.708156
7,69,0.707601
7,70,0.706846
7,71,0.706081
7,72,0.705535
7,73,0.705434
7,74,0.70594
7,75,0.707092
7,76,0.708777
7,77,0.710743
7,78,0.712657
7,79,0.714185
7,80,0.715086
7,81,0.715268
7,82,0.714812
7,83,0.713919
7,84,0.712844
7,85,0.711808
7,86,0.710924
7,87,0.71019
7,88,0.709506
7,89,0.708743
7,90,0.707805
7,91,0.706679
7,92,0.705447
7,93,0.704273
7,94,0.703346
7,95,0.702833
8,0,0.696413
8,1,0.696883
8,2,0.697799
8,3,0.699108
8,4,0.700725
8,5,0.702537
8,6,0.704379
8,7,0.706048
8,8,0.707316
8,9,0.707957
8,10,0.707801
8,11,0.706779
8,12,0.70495
8,13,0.702504
8,14,0.699735
8,15,0.69698
8,16,0.694571
8,17,0.692767
8,18,0.691713
8,19,0.691408
8,20,0.69172
8,21,0.692413
8,22,0.693212
8,23,0.693878
8,24,0.694287
8,25,0.694445
8,26,0.694492
8,27,0.694633
8,28,0.695059
8,29,0.695881
8,30,0.697084
8,31,0.698547
8,32,0.700092
8,33,0.701545
8,34,0.702788
8,35,0.703793
8,36,0.704601
8,37,0.705299
8,38,0.705964
8,39,0.706628
8,40,0.707249
8,41,0.707711
8,42,0.707853
8,43,0.707519
8,44,0.706615
8,45,0.705155
8,46,0.703281
8,47,0.701245
8,48,0.699341
8,49,0.697819
8,50,0.696821
8,51,0.696336
8,52,0.696221
8,53,0.696273
8,54,0.696313
8,55,0.696267
8,56,0.696186
8,57,0.696221
8,58,0.696557
8,59,0.697325
8,60,0.698554
8,61,0.700155
8,62,0.70196
8,63,0.703773
8,64,0.70542
8,65,0.706781
8,66,0.707792
8,67,0.708435
8,68,0.708723
8,69,0.708706
8,70,0.708472
8,71,0.708161
8,72,0.707946
8,73,0.708006
8,74,0.708477
8,75,0.709398
8,76,0.710688
8,77,0.712153
8,78,0.713528
8,79,0.714553
8,80,0.715046
8,81,0.714958
8,82,0.714386
8,83,0.713527
8,84,0.712615
8,85,0.711839
8,86,0.711277
8,87,0.710888
8,88,0.710537
8,89,0.710061
8,90,0.70934
8,91,0.708348
8,92,0.707173
8,93,0.705998
8,94,0.705045
8,95,0.70451
9,0,0.694009
9,1,0.694523
9,2,0.695516
9,3,0.696914
9,4,0.698617
9,5,0.700501
9,6,0.702406
9,7,0.704143
9,8,0.705501
9,9,0.706275
9,10,0.70631
9,11,0.705547
9,12,0.704051
9,13,0.702005
9,14,0.699689
9,15,0.697416
9,16,0.695481
9,17,0.694098
9,18,0.693374
9,19,0.693275
9,20,0.693655
9,21,0.694285
9,22,0.694914
9,23,0.695341
9,24,0.695484
9,25,0.695394
9,26,0.695248
9,27,0.695279
9,28,0.695696
9,29,0.696614
9,30,0.698006
9,31,0.699721
9,32,0.701541
9,33,0.703244
9,34,0.704675
9,35,0.705777
9,36,0.706585
9,37,0.707191
9,38,0.707694
9,39,0.708143
9,40,0.708513
9,41,0.708696
9,42,0.708539
9,43,0.7079
9,44,0.70671
9,45,0.705017
9,46,0.702999
9,47,0.700922
9,48,0.699074
9,49,0.697665
9,50,0.696775
9,51,0.696331
9,52,0.696142
9,53,0.695987
9,54,0.695707
9,55,0.695275
9,56,0.694803
9,57,0.694507
9,58,0.694616
9,59,0.695292
9,60,0.696569
9,61,0.698342
9,62,0.700413
9,63,0.702557
9,64,0.704567
9,65,0.70631
9,66,0.707714
9,67,0.708761
9,68,0.709465
9,69,0.709869
9,70,0.710036
9,71,0.710072
9,72,0.710107
9,73,0.710285
9,74,0.710714
9,75,0.711433
9,76,0.712381
9,77,0.713409
9,78,0.714312
9,79,0.714895
9,80,0.715028
9,81,0.714703
9,82,0.71403
9,83,0.713204
9,84,0.712436
9,85,0.711886
9,86,0.711599
9,87,0.7115
9,88,0.711424
9,89,0.711177
9,90,0.710619
9,91,0.709713
9,92,0.708554
9,93,0.707346
9,94,0.706344
9,95,0.705773
10,0,0.691505
10,1,0.692051
10,2,0.693099
10,3,0.694566
10,4,0.69634
10,5,0.698294
10,6,0.700277
10,7,0.702109
10,8,0.703594
10,9,0.704541
10,10,0.704807
10,11,0.704339
10,12,0.703202
10,13,0.701574
10,14,0.699719
10,15,0.697923
10,16,0.696446
10,17,0.695463
10,18,0.695043
10,19,0.69513
10,20,0.695568
10,21,0.696141
10,22,0.696623
10,23,0.696849
10,24,0.696774
10,25,0.696483
10,26,0.696182
10,27,0.696123
10,28,0.696531
10,29,0.69752
10,30,0.699052
10,31,0.700954
10,32,0.702973
10,33,0.704853
10,34,0.706402
10,35,0.707546
10,36,0.708313
10,37,0.708804
10,38,0.709135
10,39,0.709373
10,40,0.709507
10,41,0.709435
10,42,0.709015
10,43,0.708114
10,44,0.706688
10,45,0.70481
10,46,0.702686
10,47,0.700595
10,48,0.698815
10,49,0.697521
10,50,0.696745
10,51,0.696356
10,52,0.696129
10,53,0.695829
10,54,0.695314
10,55,0.694598
10,56,0.693846
10,57,0.693323
10,58,0.693299
10,59,0.693958
10,60,0.695331
10,61,0.697299
10,62,0.699633
10,63,0.702076
10,64,0.704393
10,65,0.706435
10,66,0.708126
10,67,0.709451
10,68,0.71043
10,69,0.711104
10,70,0.711525
10,71,0.711776
10,72,0.711959
10,73,0.712186
10,74,0.712546
10,75,0.713073
10,76,0.713719
10,77,0.71437
10,78,0.714869
10,79,0.715071
10,80,0.714898
10,81,0.714371
10,82,0.713613
10,83,0.712811
10,84,0.712155
10,85,0.711774
10,86,0.711684
10,87,0.711782
10,88,0.711879
10,89,0.711762
10,90,0.711275
10,91,0.710378
10,92,0.709172
10,93,0.707886
10,94,0.706804
10,95,0.706185
11,0,0.689259
11,1,0.689826
11,2,0.690911
11,3,0.692424
11,4,0.69425
11,5,0.69626
11,6,0.69831
11,7,0.700231
11,8,0.70184
11,9,0.702956
11,10,0.703447
11,11,0.703264
11,12,0.702473
11,13,0.701246
11,14,0.699829
11,15,0.698483
11,16,0.69743
11,17,0.69681
11,18,0.696658
11,19,0.696898
11,20,0.697373
11,21,0.69788
11,22,0.698223
11,23,0.698269
11,24,0.698003
11,25,0.697538
11,26,0.697099
11,27,0.696949
11,28,0.697318
11,29,0.698321
11,30,0.699914
11,31,0.701909
11,32,0.70403
11,33,0.705996
11,34,0.707591
11,35,0.708726
11,36,0.709427
11,37,0.7098
11,38,0.709976
11,39,0.710034
11,40,0.709974
11,41,0.709702
11,42,0.709083
11,43,0.707995
11,44,0.70641
11,45,0.704423
11,46,0.702259
11,47,0.700205
11,48,0.698525
11,49,0.697369
11,50,0.696726
11,51,0.696427
11,52,0.696219
11,53,0.695862
11,54,0.69523
11,55,0.694369
11,56,0.693484
11,57,0.692874
11,58,0.692835
11,59,0.693558
11,60,0.695073
11,61,0.697236
11,62,0.699793
11,63,0.702459
11,64,0.704978
11,65,0.70719
11,66,0.709022
11,67,0.710469
11,68,0.71156
11,69,0.712344
11,70,0.712867
11,71,0.713199
11,72,0.713421
11,73,0.713622
11,74,0.713874
11,75,0.714204
11,76,0.714574
11,77,0.714894
11,78,0.715046
11,79,0.714927
11,80,0.714497
11,81,0.713802
11,82,0.712972
11,83,0.71218
11,84,0.711593
11,85,0.711308
11,86,0.711317
11,87,0.711498
11,88,0.711646
11,89,0.711542
11,90,0.711026
11,91,0.710057
11,92,0.70875
11,93,0.707351
11,94,0.706173
11,95,0.705497
12,0,0.687565
12,1,0.688145
12,2,0.689254
12,3,0.690795
12,4,0.692652
12,5,0.694695
12,6,0.696786
12,7,0.698765
12,8,0.700459
12,9,0.7017
12,10,0.702365
12,11,0.702413
12,12,0.701912
12,13,0.701029
12,14,0.699994
12,15,0.699041
12,16,0.698358
12,17,0.698047
12,18,0.698113
12,19,0.698464
12,20,0.698946
12,21,0.699372
12,22,0.699574
12,23,0.699452
12,24,0.699017
12,25,0.698397
12,26,0.697825
12,27,0.697566
12,28,0.697853
12,29,0.698799
12,30,0.700359
12,31,0.70234
12,32,0.704456
12,33,0.706412
12,34,0.707979
12,35,0.709059
12,36,0.709674
12,37,0.709937
12,38,0.709985
12,39,0.709908
12,40,0.709713
12,41,0.709313
12,42,0.708578
12,43,0.707398
12,44,0.705757
12,45,0.703766
12,46,0.701658
12,47,0.699718
12,48,0.698198
12,49,0.697221
12,50,0.696747
12,51,0.696581
12,52,0.696458
12,53,0.696138
12,54,0.695513
12,55,0.69465
12,56,0.693779
12,57,0.69322
12,58,0.693276
12,59,0.694136
12,60,0.695814
12,61,0.698147
12,62,0.700857
12,63,0.703637
12,64,0.70622
12,65,0.708447
12,66,0.710255
12,67,0.71166
12,68,0.712705
12,69,0.713451
12,70,0.713944
12,71,0.714242
12,72,0.714409
12,73,0.714515
12,74,0.714617
12,75,0.714736
12,76,0.714843
12,77,0.714865
12,78,0.714715
12,79,0.714324
12,80,0.713682
12,81,0.712852
12,82,0.711961
12,83,0.711165
12,84,0.710601
12,85,0.71034
12,86,0.710349
12,87,0.710497
12,88,0.71058
12,89,0.710384
12,90,0.709756
12,91,0.708666
12,92,0.707237
12,93,0.705726
12,94,0.704463
12,95,0.70374
13,0,0.686623
13,1,0.687212
13,2,0.688334
13,3,0.689889
13,4,0.691757
13,5,0.693807
13,6,0.695904
13,7,0.697893
13,8,0.699612
13,9,0.700904
13,10,0.701659
13,11,0.701849
13,12,0.701545
13,13,0.700913
13,14,0.700168
13,15,0.699521
13,16,0.699128
13,17,0.699054
13,18,0.699277
13,19,0.699691
13,20,0.700147
13,21,0.700476
13,22,0.700542
13,23,0.700269
13,24,0.699688
13,25,0.698935
13,26,0.698239
13,27,0.697858
13,28,0.69802
13,29,0.698839
13,30,0.700275
13,31,0.702139
13,32,0.704147
13,33,0.706001
13,34,0.707468
13,35,0.708445
13,36,0.708954
13,37,0.709111
13,38,0.709058
13,39,0.708891
13,40,0.708623
13,41,0.708172
13,42,0.707416
13,43,0.706253
13,44,0.704678
13,45,0.702807
13,46,0.700872
13,47,0.699149
13,48,0.697866
13,49,0.697126
13,50,0.696865
13,51,0.696877
13,52,0.696894
13,53,0.69669
13,54,0.696172
13,55,0.695424
13,56,0.694688
13,57,0.694285
13,58,0.694514
13,59,0.695549
13,60,0.697384
13,61,0.699835
13,62,0.702604
13,63,0.705372
13,64,0.707872
13,65,0.709958
13,66,0.711589
13,67,0.712805
13,68,0.713675
13,69,0.71427
13,70,0.714636
13,71,0.714819
13,72,0.714867
13,73,0.714829
13,74,0.714749
13,75,0.714643
13,76,0.714489
13,77,0.714233
13,78,0.713814
13,79,0.713191
13,80,0.712377
13,81,0.711441
13,82,0.710503
13,83,0.709694
13,84,0.709118
13,85,0.708817
13,86,0.708742
13,87,0.708764
13,88,0.708692
13,89,0.708335
13,90,0.707559
13,91,0.706347
13,92,0.704827
13,93,0.703255
13,94,0.701953
13,95,0.701213
14,0,0.686518
14,1,0.68711
14,2,0.688237
14,3,0.689793
14,4,0.691653
14,5,0.693684
14,6,0.695748
14,7,0.697696
14,8,0.699371
14,9,0.70063
14,10,0.701379
14,11,0.701601
14,12,0.70138
14,13,0.700882
14,14,0.700313
14,15,0.699862
14,16,0.699657
14,17,0.699733
14,18,0.700043
14,19,0.700471
14,20,0.700872
14,21,0.7011
14,22,0.701043
14,23,0.70065
14,24,0.699961
14,25,0.699108
14,26,0.698308
14,27,0.697802
14,28,0.697811
14,29,0.698449
14,30,0.699687
14,31,0.701349
14,32,0.703163
14,33,0.704835
14,34,0.706136
14,35,0.706963
14,36,0.707339
14,37,0.707384
14,38,0.707246
14,39,0.707024
14,40,0.706738
14,41,0.706311
14,42,0.705628
14,43,0.704596
14,44,0.703214
14,45,0.701595
14,46,0.699959
14,47,0.698559
14,48,0.697598
14,49,0.697152
14,50,0.697143
14,51,0.697366
14,52,0.697562
14,53,0.697523
14,54,0.697175
14,55,0.696614
14,56,0.696081
14,57,0.69589
14,58,0.69632
14,59,0.697524
14,60,0.699473
14,61,0.701962
14,62,0.704682
14,63,0.707312
14,64,0.709595
14,65,0.711408
14,66,0.712741
14,67,0.713667
14,68,0.71428
14,69,0.714662
14,70,0.714856
14,71,0.714891
14,72,0.714792
14,73,0.714586
14,74,0.714305
14,75,0.713963
14,76,0.713547
14,77,0.713025
14,78,0.712362
14,79,0.711541
14,80,0.710592
14,81,0.709584
14,82,0.708619
14,83,0.707797
14,84,0.707188
14,85,0.706805
14,86,0.706591
14,87,0.706427
14,88,0.706155
14,89,0.705615
14,90,0.704708
14,91,0.703428
14,92,0.7019
14,93,0.700361
14,94,0.699105
14,95,0.698395
15,0,0.687207
15,1,0.687797
15,2,0.688916
15,3,0.690458
15,4,0.69229
15,5,0.694275
15,6,0.696272
15,7,0.698131
15,8,0.699703
15,9,0.700854
15,10,0.701506
15,11,0.701659
15,12,0.701408
15,13,0.700925
15,14,0.70041
15,15,0.700038
15,16,0.699912
15,17,0.700045
15,18,0.700368
15,19,0.700761
15,20,0.701085
15,21,0.701216
15,22,0.701063
15,23,0.700592
15,24,0.699841
15,25,0.698933
15,26,0.698058
15,27,0.697438
15,28,0.697283
15,29,0.69771
15,30,0.698704
15,31,0.70011
15,32,0.70167
15,33,0.703105
15,34,0.704191
15,35,0.704826
15,36,0.705041
15,37,0.70496
15,38,0.704738
15,39,0.704484
15,40,0.704222
15,41,0.703882
15,42,0.703358
15,43,0.70256
15,44,0.701485
15,45,0.700236
15,46,0.699008
15,47,0.698023
15,48,0.69745
15,49,0.69734
15,50,0.697608
15,51,0.698054
15,52,0.698443
15,53,0.69859
15,54,0.698439
15,55,0.698093
15,56,0.697786
15,57,0.697809
15,58,0.698419
15,59,0.69974
15,60,0.701722
15,61,0.704149
15,62,0.706706
15,63,0.709083
15,64,0.711043
15,65,0.712495
15,66,0.713463
15,67,0.714056
15,68,0.71439
15,69,0.714554
15,70,0.714583
15,71,0.714481
15,72,0.714243
15,73,0.713873
15,74,0.713389
15,75,0.712807
15,76,0.71213
15,77,0.711353
15,78,0.710467
15,79,0.709481
15,80,0.708434
15,81,0.70739
15,82,0.706426
15,83,0.705606
15,84,0.704961
15,85,0.704479
15,86,0.704101
15,87,0.703731
15,88,0.703252
15,89,0.702555
15,90,0.701576
15,91,0.700325
15,92,0.698912
15,93,0.697529
15,94,0.69642
15,95,0.695798
16,0,0.688539
16,1,0.689117
16,2,0.690214
16,3,0.69172
16,4,0.693502
16,5,0.695415
16,6,0.697316
16,7,0.699054
16,8,0.700482
16,9,0.701476
16,10,0.70197
16,11,0.701981
16,12,0.701615
16,13,0.701052
16,14,0.700488
16,15,0.700091
16,16,0.699945
16,17,0.700046
16,18,0.700314
16,19,0.700627
16,20,0.700857
16,21,0.700898
16,22,0.700677
16,23,0.700166
16,24,0.6994
16,25,0.698474
16,26,0.697553
16,27,0.696836
16,28,0.696518
16,29,0.696726
16,30,0.697462
16,31,0.698592
16,32,0.699879
16,33,0.701055
16,34,0.701902
16,35,0.702325
16,36,0.702358
16,37,0.702137
16,38,0.701828
16,39,0.701551
16,40,0.701339
16,41,0.701132
16,42,0.700829
16,43,0.70034
16,44,0.699655
16,45,0.698857
16,46,0.698108
16,47,0.697592
16,48,0.697439
16,49,0.697681
16,50,0.698226
16,51,0.698893
16,52,0.699471
16,53,0.699805
16,54,0.699856
16,55,0.699725
16,56,0.699629
16,57,0.699832
16,58,0.700557
16,59,0.701905
16,60,0.703813
16,61,0.706059
16,62,0.708344
16,63,0.710374
16,64,0.711944
16,65,0.712997
16,66,0.713594
16,67,0.713873
16,68,0.713968
16,69,0.713965
16,70,0.713881
16,71,0.71369
16,72,0.71335
16,73,0.712841
16,74,0.712167
16,75,0.711349
16,76,0.710417
16,77,0.709396
16,78,0.708309
16,79,0.70719
16,80,0.706084
16,81,0.705044
16,82,0.704114
16,83,0.703319
16,84,0.702649
16,85,0.702073
16,86,0.701533
16,87,0.700967
16,88,0.70031
16,89,0.699511
16,90,0.698547
16,91,0.697441
16,92,0.696273
16,93,0.695177
16,94,0.694319
16,95,0.693843
17,0,0.690266
17,1,0.690822
17,2,0.691877
17,3,0.693323
17,4,0.695027
17,5,0.696844
17,6,0.69863
17,7,0.70023
17,8,0.701501
17,9,0.702324
17,10,0.702645
17,11,0.702489
17,12,0.701975
17,13,0.701286
17,14,0.700617
17,15,0.700127
17,16,0.699891
17,17,0.699892
17,18,0.700048
17,19,0.700241
17,20,0.700357
17,21,0.700305
17,22,0.700027
17,23,0.699498
17,24,0.698736
17,25,0.697812
17,26,0.696858
17,27,0.696052
17,28,0.69558
17,29,0.695579
17,30,0.696072
17,31,0.696946
17,32,0.697982
17,33,0.69892
17,34,0.699546
17,35,0.699767
17,36,0.699624
17,37,0.699264
17,38,0.698868
17,39,0.698571
17,40,0.698421
17,41,0.698367
17,42,0.698313
17,43,0.698167
17,44,0.697904
17,45,0.69758
17,46,0.697321
17,47,0.697269
17,48,0.697523
17,49,0.698094
17,50,0.698895
17,51,0.699766
17,52,0.700528
17,53,0.701051
17,54,0.701305
17,55,0.701383
17,56,0.701471
17,57,0.701798
17,58,0.702555
17,59,0.70382
17,60,0.705527
17,61,0.707472
17,62,0.70938
17,63,0.710994
17,64,0.712147
17,65,0.712816
17,66,0.713091
17,67,0.71313
17,68,0.713073
17,69,0.712994
17,70,0.712881
17,71,0.712671
17,72,0.712285
17,73,0.711673
17,74,0.710831
17,75,0.709795
17,76,0.708621
17,77,0.707375
17,78,0.706116
17,79,0.704901
17,80,0.703779
17,81,0.702783
17,82,0.701923
17,83,0.701177
17,84,0.700502
17,85,0.699845
17,86,0.699161
17,87,0.698424
17,88,0.697631
17,89,0.696793
17,90,0.69593
17,91,0.695072
17,92,0.694264
17,93,0.693563
17,94,0.693042
17,95,0.69276
18,0,0.692089
18,1,0.692612
18,2,0.693603
18,3,0.694962
18,4,0.696562
18,5,0.698263
18,6,0.699921
18,7,0.701385
18,8,0.702513
18,9,0.703191
18,10,0.70337
18,11,0.703081
18,12,0.702447
18,13,0.70165
18,14,0.70088
18,15,0.700286
18,16,0.699933
18,17,0.699801
18,18,0.699806
18,19,0.699842
18,20,0.699814
18,21,0.699647
18,22,0.699296
18,23,0.698733
18,24,0.697961
18,25,0.697022
18,26,0.696023
18,27,0.695121
18,28,0.694503
18,29,0.694315
18,30,0.694603
18,31,0.695275
18,32,0.696123
18,33,0.69689
18,34,0.697356
18,35,0.697427
18,36,0.697148
18,37,0.696676
18,38,0.696208
18,39,0.695898
18,40,0.695811
18,41,0.695905
18,42,0.696089
18,43,0.696265
18,44,0.696391
18,45,0.696495
18,46,0.696667
18,47,0.697014
18,48,0.697607
18,49,0.698451
18,50,0.699468
18,51,0.700526
18,52,0.701473
18,53,0.702199
18,54,0.702674
18,55,0.702963
18,56,0.703215
18,57,0.703614
18,58,0.704315
18,59,0.705385
18,60,0.70677
18,61,0.708299
18,62,0.709746
18,63,0.710902
18,64,0.711644
18,65,0.711981
18,66,0.712025
18,67,0.711935
18,68,0.711842
18,69,0.711794
18,70,0.711746
18,71,0.711592
18,72,0.711217
18,73,0.710545
18,74,0.709569
18,75,0.708341
18,76,0.706955
18,77,0.705519
18,78,0.704128
18,79,0.702862
18,80,0.701768
18,81,0.700856
18,82,0.700097
18,83,0.699425
18,84,0.69876
18,85,0.698036
18,86,0.697224
18,87,0.696342
18,88,0.695449
18,89,0.694618
18,90,0.693915
18,91,0.693374
18,92,0.692995
18,93,0.692754
18,94,0.692619
18,95,0.692558
19,0,0.693718
19,1,0.694196
19,2,0.695103
19,3,0.69635
19,4,0.69782
19,5,0.699386
19,6,0.700912
19,7,0.702253
19,8,0.703274
19,9,0.703863
19,10,0.703972
19,11,0.703635
19,12,0.702966
19,13,0.702142
19,14,0.701336
19,15,0.700684
19,16,0.700238
19,17,0.699974
19,18,0.699813
19,19,0.699664
19,20,0.699452
19,21,0.699127
19,22,0.698654
19,23,0.698006
19,24,0.697171
19,25,0.69617
19,26,0.695088
19,27,0.694072
19,28,0.693312
19,29,0.69297
19,30,0.693112
19,31,0.693661
19,32,0.694414
19,33,0.695107
19,34,0.695513
19,35,0.695523
19,36,0.695181
19,37,0.694652
19,38,0.694147
19,39,0.693839
19,40,0.693806
19,41,0.694021
19,42,0.694394
19,43,0.694822
19,44,0.695245
19,45,0.695666
19,46,0.696147
19,47,0.696768
19,48,0.69759
19,49,0.69862
19,50,0.699803
19,51,0.701031
19,52,0.70218
19,53,0.703143
19,54,0.703875
19,55,0.704401
19,56,0.704814
19,57,0.705246
19,58,0.705821
19,59,0.7066
19,60,0.707557
19,61,0.708577
19,62,0.7095
19,63,0.71018
19,64,0.710543
19,65,0.710626
19,66,0.710545
19,67,0.710446
19,68,0.710434
19,69,0.710521
19,70,0.710621
19,71,0.710588
19,72,0.710272
19,73,0.709584
19,74,0.708513
19,75,0.707138
19,76,0.705588
19,77,0.704016
19,78,0.702552
19,79,0.701292
19,80,0.700277
19,81,0.699488
19,82,0.698856
19,83,0.698271
19,84,0.697623
19,85,0.696837
19,86,0.695905
19,87,0.694889
19,88,0.693911
19,89,0.693104
19,90,0.692574
19,91,0.692358
19,92,0.692415
19,93,0.692636
19,94,0.692889
19,95,0.693049
20,0,0.694919
20,1,0.695344
20,2,0.69615
20,3,0.697263
20,4,0.698582
20,5,0.699996
20,6,0.701388
20,7,0.702624
20,8,0.70358
20,9,0.704151
20,10,0.704288
20,11,0.704016
20,12,0.703439
20,13,0.702711
20,14,0.701983
20,15,0.701364
20,16,0.700891
20,17,0.70053
20,18,0.70021
20,19,0.699858
20,20,0.699427
20,21,0.698888
20,22,0.698229
20,23,0.697424
20,24,0.696456
20,25,0.69533
20,26,0.69412
20,27,0.692969
20,28,0.692076
20,29,0.69162
20,30,0.691683
20,31,0.692199
20,32,0.692962
20,33,0.693695
20,34,0.694153
20,35,0.694209
20,36,0.693899
20,37,0.693386
20,38,0.692892
20,39,0.692604
20,40,0.692616
20,41,0.69291
20,42,0.693401
20,43,0.693976
20,44,0.694561
20,45,0.695143
20,46,0.695764
20,47,0.696497
20,48,0.697407
20,49,0.698519
20,50,0.699807
20,51,0.701193
20,52,0.702565
20,53,0.703812
20,54,0.704852
20,55,0.705652
20,56,0.70624
20,57,0.706689
20,58,0.707091
20,59,0.707512
20,60,0.707969
20,61,0.70842
20,62,0.708786
20,63,0.708997
20,64,0.709028
20,65,0.708938
20,66,0.708833
20,67,0.708831
20,68,0.708994
20,69,0.70929
20,70,0.709593
20,71,0.709719
20,72,0.709498
20,73,0.70883
20,74,0.707714
20,75,0.706252
20,76,0.704613
20,77,0.702986
20,78,0.701529
20,79,0.700348
20,80,0.699469
20,81,0.698844
20,82,0.698359
20,83,0.697867
20,84,0.697234
20,85,0.69638
20,86,0.695322
20,87,0.694165
20,88,0.693088
20,89,0.69228
20,90,0.691885
20,91,0.69194
20,92,0.692369
20,93,0.69299
20,94,0.69358
20,95,0.693933
21,0,0.69557
21,1,0.695934
21,2,0.696628
21,3,0.697588
21,4,0.698736
21,5,0.699983
21,6,0.701234
21,7,0.702379
21,8,0.70331
21,9,0.703929
21,10,0.704188
21,11,0.704099
21,12,0.703746
21,13,0.703251
21,14,0.702728
21,15,0.702255
21,16,0.701841
21,17,0.701442
21,18,0.700993
21,19,0.700441
21,20,0.699769
21,21,0.69898
21,22,0.698082
21,23,0.697063
21,24,0.695904
21,25,0.694607
21,26,0.69324
21,27,0.691951
21,28,0.69095
21,29,0.690428
21,30,0.69048
21,31,0.691044
21,32,0.691908
21,33,0.692776
21,34,0.693381
21,35,0.693575
21,36,0.693378
21,37,0.692949
21,38,0.692513
21,39,0.692266
21,40,0.692313
21,41,0.692644
21,42,0.693173
21,43,0.693783
21,44,0.694387
21,45,0.69496
21,46,0.695541
21,47,0.696211
21,48,0.697057
21,49,0.69814
21,50,0.699469
21,51,0.700992
21,52,0.702608
21,53,0.704179
21,54,0.705575
21,55,0.706688
21,56,0.707474
21,57,0.707942
21,58,0.708153
21,59,0.708187
21,60,0.708115
21,61,0.707976
21,62,0.707786
21,63,0.707554
21,64,0.707307
21,65,0.707115
21,66,0.707063
21,67,0.707227
21,68,0.707618
21,69,0.708155
21,70,0.708674
21,71,0.708967
21,72,0.708853
21,73,0.708234
21,74,0.707124
21,75,0.705652
21,76,0.704017
21,77,0.702438
21,78,0.701089
21,79,0.700074
21,80,0.699399
21,81,0.698978
21,82,0.69866
21,83,0.698263
21,84,0.697636
21,85,0.696703
21,86,0.695504
21,87,0.694185
21,88,0.692975
21,89,0.69211
21,90,0.691763
21,91,0.69198
21,92,0.692657
21,93,0.693557
21,94,0.694388
21,95,0.69488
22,0,0.695652
22,1,0.695952
22,2,0.696523
22,3,0.697318
22,4,0.698277
22,5,0.699341
22,6,0.700442
22,7,0.701499
22,8,0.702426
22,9,0.703139
22,10,0.703588
22,11,0.703774
22,12,0.703749
22,13,0.703598
22,14,0.703393
22,15,0.703167
22,16,0.7029
22,17,0.702532
22,18,0.702005
22,19,0.701287
22,20,0.700392
22,21,0.699356
22,22,0.698214
22,23,0.69697
22,24,0.695613
22,25,0.694144
22,26,0.692635
22,27,0.691239
22,28,0.690173
22,29,0.689639
22,30,0.689739
22,31,0.690407
22,32,0.691423
22,33,0.692473
22,34,0.69327
22,35,0.693645
22,36,0.693603
22,37,0.693293
22,38,0.69294
22,39,0.692745
22,40,0.692819
22,41,0.693153
22,42,0.693658
22,43,0.69421
22,44,0.69471
22,45,0.69513
22,46,0.695513
22,47,0.695964
22,48,0.696608
22,49,0.697552
22,50,0.69885
22,51,0.700477
22,52,0.702331
22,53,0.704241
22,54,0.706017
22,55,0.707469
22,56,0.708473
22,57,0.708975
22,58,0.709009
22,59,0.70867
22,60,0.708085
22,61,0.707383
22,62,0.706672
22,63,0.706043
22,64,0.705568
22,65,0.705323
22,66,0.705365
22,67,0.705719
22,68,0.706339
22,69,0.707099
22,70,0.707805
22,71,0.708238
22,72,0.70822
22,73,0.707666
22,74,0.706613
22,75,0.705213
22,76,0.703689
22,77,0.702275
22,78,0.701146
22,79,0.700393
22,80,0.699991
22,81,0.699818
22,82,0.699686
22,83,0.699389
22,84,0.698765
22,85,0.697746
22,86,0.696395
22,87,0.694893
22,88,0.693507
22,89,0.69251
22,90,0.692101
22,91,0.692335
22,92,0.693094
22,93,0.694112
22,94,0.695055
22,95,0.695616
23,0,0.695237
23,1,0.695471
23,2,0.695916
23,3,0.696537
23,4,0.697299
23,5,0.698166
23,6,0.699106
23,7,0.700067
23,8,0.700992
23,9,0.701813
23,10,0.702481
23,11,0.702981
23,12,0.703336
23,13,0.703588
23,14,0.703761
23,15,0.703846
23,16,0.703791
23,17,0.703522
23,18,0.702985
23,19,0.702171
23,20,0.701124
23,21,0.699909
23,22,0.698588
23,23,0.697183
23,24,0.69569
23,25,0.694117
23,26,0.692537
23,27,0.691106
23,28,0.690043
23,29,0.689554
23,30,0.689736
23,31,0.690523
23,32,0.691684
23,33,0.692895
23,34,0.693853
23,35,0.694379
23,36,0.694468
23,37,0.69426
23,38,0.69398
23,39,0.693829
23,40,0.693917
23,41,0.694236
23,42,0.694685
23,43,0.695127
23,44,0.695451
23,45,0.695625
23,46,0.695704
23,47,0.695824
23,48,0.696158
23,49,0.696869
23,50,0.698058
23,51,0.699731
23,52,0.701781
23,53,0.704005
23,54,0.706144
23,55,0.707932
23,56,0.709163
23,57,0.709723
23,58,0.709621
23,59,0.708965
23,60,0.707936
23,61,0.706742
23,62,0.705582
23,63,0.704616
23,64,0.703959
23,65,0.703688
23,66,0.703827
23,67,0.704346
23,68,0.705147
23,69,0.706064
23,70,0.706887
23,71,0.707399
23,72,0.70744
23,73,0.706952
23,74,0.705993
23,75,0.70474
23,76,0.703427
23,77,0.702289
23,78,0.701488
23,79,0.701086
23,80,0.701024
23,81,0.701142
23,82,0.701221
23,83,0.701036
23,84,0.700425
23,85,0.699329
23,86,0.697833
23,87,0.696143
23,88,0.694553
23,89,0.693358
23,90,0.692777
23,91,0.692876
23,92,0.693542
23,93,0.694506
23,94,0.695421
23,95,0.695972
24,0,0.694452
24,1,0.694622
24,2,0.694944
24,3,0.695397
24,4,0.695962
24,5,0.696633
24,6,0.697404
24,7,0.698259
24,8,0.699168
24,9,0.700078
24,10,0.700944
24,11,0.701739
24,12,0.702456
24,13,0.703097
24,14,0.703644
24,15,0.70405
24,16,0.704236
24,17,0.704122
24,18,0.703657
24,19,0.702851
24,20,0.701774
24,21,0.700514
24,22,0.699153
24,23,0.697725
24,24,0.696234
24,25,0.694687
24,26,0.693158
24,27,0.6918
24,28,0.690825
24,29,0.69043
24,30,0.690705
24,31,0.691578
24,32,0.692814
24,33,0.694089
24,34,0.695102
24,35,0.695674
24,36,0.6958
24,37,0.695622
24,38,0.695364
24,39,0.695227
24,40,0.695316
24,41,0.695615
24,42,0.696008
24,43,0.696337
24,44,0.696474
24,45,0.696377
24,46,0.696112
24,47,0.695847
24,48,0.695805
24,49,0.696207
24,50,0.697207
24,51,0.698842
24,52,0.701008
24,53,0.70347
24,54,0.705914
24,55,0.708001
24,56,0.709454
24,57,0.710105
24,58,0.709934
24,59,0.709057
24,60,0.707696
24,61,0.706126
24,62,0.704616
24,63,0.703388
24,64,0.70259
24,65,0.702296
24,66,0.702496
24,67,0.703115
24,68,0.704008
24,69,0.704981
24,70,0.70582
24,71,0.706325
24,72,0.706366
24,73,0.705919
24,74,0.705072
24,75,0.704016
24,76,0.702989
24,77,0.702212
24,78,0.701819
24,79,0.701838
24,80,0.702167
24,81,0.702611
24,82,0.702928
24,83,0.702882
24,84,0.702314
24,85,0.70118
24,86,0.699578
24,87,0.69773
24,88,0.695941
24,89,0.694515
24,90,0.693682
24,91,0.693522
24,92,0.693941
24,93,0.694692
24,94,0.695451
24,95,0.695919
25,0,0.693441
25,1,0.693555
25,2,0.693773
25,3,0.694079
25,4,0.694472
25,5,0.694965
25,6,0.69558
25,7,0.696326
25,8,0.697196
25,9,0.698154
25,10,0.699158
25,11,0.70017
25,12,0.701163
25,13,0.702108
25,14,0.702957
25,15,0.703638
25,16,0.704058
25,17,0.704134
25,18,0.703824
25,19,0.703153
25,20,0.702202
25,21,0.701076
25,22,0.699863
25,23,0.6986
25,24,0.697293
25,25,0.695945
25,26,0.694622
25,27,0.693463
25,28,0.692663
25,29,0.692401
25,30,0.692751
25,31,0.693636
25,32,0.694826
25,33,0.696012
25,34,0.696913
25,35,0.697369
25,36,0.697391
25,37,0.69713
25,38,0.696815
25,39,0.696646
25,40,0.696721
25,41,0.697009
25,42,0.697371
25,43,0.697625
25,44,0.697613
25,45,0.697279
25,46,0.696693
25,47,0.696045
25,48,0.695605
25,49,0.695648
25,50,0.696382
25,51,0.697878
25,52,0.700047
25,53,0.702635
25,54,0.705289
25,55,0.707614
25,56,0.709275
25,57,0.710056
25,58,0.709907
25,59,0.70894
25,60,0.707397
25,61,0.705598
25,62,0.70386
25,63,0.702452
25,64,0.701544
25,65,0.701207
25,66,0.701407
25,67,0.702029
25,68,0.702896
25,69,0.703799
25,70,0.704534
25,71,0.704929
25,72,0.704894
25,73,0.704444
25,74,0.703694
25,75,0.702849
25,76,0.702139
25,77,0.701762
25,78,0.701816
25,79,0.702284
25,80,0.703027
25,81,0.703818
25,82,0.704397
25,83,0.704528
25,84,0.704059
25,85,0.702956
25,86,0.701328
25,87,0.699396
25,88,0.697461
25,89,0.695821
25,90,0.694708
25,91,0.694216
25,92,0.694282
25,93,0.694704
25,94,0.695206
25,95,0.695534
26,0,0.692359
26,1,0.692436
26,2,0.692581
26,3,0.692786
26,4,0.693059
26,5,0.693426
26,6,0.693921
26,7,0.694573
26,8,0.695387
26,9,0.696339
26,10,0.697392
26,11,0.698504
26,12,0.699635
26,13,0.700744
26,14,0.70177
26,15,0.702635
26,16,0.703245
26,17,0.703525
26,18,0.703442
26,19,0.703026
26,20,0.702362
26,21,0.701551
26,22,0.700677
26,23,0.699773
26,24,0.698835
26,25,0.69786
26,26,0.696896
26,27,0.696059
26,28,0.695514
26,29,0.695408
26,30,0.695797
26,31,0.696598
26,32,0.697597
26,33,0.698518
26,34,0.699118
26,35,0.699278
26,36,0.69904
26,37,0.698575
26,38,0.698119
26,39,0.697872
26,40,0.697919
26,41,0.69821
26,42,0.698581
26,43,0.698813
26,44,0.69872
26,45,0.698219
26,46,0.697374
26,47,0.696389
26,48,0.695565
26,49,0.695225
26,50,0.695626
26,51,0.696884
26,52,0.698931
26,53,0.701516
26,54,0.704268
26,55,0.706758
26,56,0.708611
26,57,0.709568
26,58,0.709547
26,59,0.708639
26,60,0.707086
26,61,0.70522
26,62,0.703386
26,63,0.701877
26,64,0.700879
26,65,0.700463
26,66,0.700578
26,67,0.701089
26,68,0.7018
26,69,0.702502
26,70,0.70301
26,71,0.70319
26,72,0.702994
26,73,0.702477
26,74,0.701781
26,75,0.701118
26,76,0.700705
26,77,0.700709
26,78,0.701189
26,79,0.702087
26,80,0.703229
26,81,0.704364
26,82,0.705224
26,83,0.705577
26,84,0.705281
26,85,0.704311
26,86,0.702772
26,87,0.700875
26,88,0.698896
26,89,0.697115
26,90,0.695753
26,91,0.694917
26,92,0.694585
26,93,0.694615
26,94,0.694802
26,95,0.694954
27,0,0.691353
27,1,0.691417
27,2,0.691539
27,3,0.691712
27,4,0.691944
27,5,0.692262
27,6,0.692704
27,7,0.693297
27,8,0.694052
27,9,0.694949
27,10,0.695953
27,11,0.697027
27,12,0.698135
27,13,0.699241
27,14,0.700294
27,15,0.701227
27,16,0.701963
27,17,0.702439
27,18,0.702629
27,19,0.702559
27,20,0.702304
27,21,0.701948
27,22,0.70156
27,23,0.701158
27,24,0.700732
27,25,0.700263
27,26,0.699778
27,27,0.69936
27,28,0.69913
27,29,0.699196
27,30,0.699585
27,31,0.700211
27,32,0.700885
27,33,0.701381
27,34,0.701514
27,35,0.701222
27,36,0.700594
27,37,0.699827
27,38,0.699166
27,39,0.698806
27,40,0.698819
27,41,0.699128
27,42,0.69954
27,43,0.699804
27,44,0.699695
27,45,0.699105
27,46,0.698078
27,47,0.69682
27,48,0.695651
27,49,0.694931
27,50,0.69496
27,51,0.695897
27,52,0.697711
27,53,0.700174
27,54,0.702919
27,55,0.705508
27,56,0.707541
27,57,0.708727
27,58,0.708943
27,59,0.708247
27,60,0.706853
27,61,0.705079
27,62,0.703271
27,63,0.701727
27,64,0.700645
27,65,0.700099
27,66,0.700036
27,67,0.700317
27,68,0.700745
27,69,0.701124
27,70,0.701298
27,71,0.701168
27,72,0.700732
27,73,0.700078
27,74,0.699372
27,75,0.698825
27,76,0.698638
27,77,0.698947
27,78,0.699777
27,79,0.701032
27,80,0.702514
27,81,0.703962
27,82,0.705107
27,83,0.705726
27,84,0.705688
27,85,0.704966
27,86,0.703655
27,87,0.701937
27,88,0.700053
27,89,0.698246
27,90,0.696719
27,91,0.695588
27,92,0.694873
27,93,0.694504
27,94,0.694361
27,95,0.694325
28,0,0.690558
28,1,0.690641
28,2,0.6908
28,3,0.691023
28,4,0.691311
28,5,0.69168
28,6,0.692151
28,7,0.69274
28,8,0.693447
28,9,0.694249
28,10,0.695116
28,11,0.696022
28,12,0.696954
28,13,0.697896
28,14,0.698831
28,15,0.699719
28,16,0.70051
28,17,0.701155
28,18,0.701628
28,19,0.701942
28,20,0.702149
28,21,0.702305
28,22,0.702459
28,23,0.702619
28,24,0.702763
28,25,0.702863
28,26,0.702921
28,27,0.702979
28,28,0.703106
28,29,0.703356
28,30,0.703721
28,31,0.704114
28,32,0.704376
28,33,0.704341
28,34,0.703901
28,35,0.703063
28,36,0.701971
28,37,0.700853
28,38,0.699962
28,39,0.699481
28,40,0.699461
28,41,0.699799
28,42,0.700271
28,43,0.700593
28,44,0.700511
28,45,0.699888
28,46,0.698746
28,47,0.697282
28,48,0.695823
28,49,0.69475
28,50,0.694399
28,51,0.694974
28,52,0.696487
28,53,0.698746
28,54,0.701412
28,55,0.704055
28,56,0.706267
28,57,0.70773
28,58,0.70828
28,59,0.707926
28,60,0.706833
28,61,0.705282
28,62,0.703592
28,63,0.702057
28,64,0.700877
28,65,0.70014
28,66,0.699805
28,67,0.699745
28,68,0.699783
28,69,0.699745
28,70,0.699504
28,71,0.698999
28,72,0.698264
28,73,0.697413
28,74,0.696624
28,75,0.696105
28,76,0.696038
28,77,0.696533
28,78,0.697587
28,79,0.699084
28,80,0.700813
28,81,0.702515
28,82,0.70393
28,83,0.704846
28,84,0.705139
28,85,0.704776
28,86,0.703827
28,87,0.702436
28,88,0.700791
28,89,0.699092
28,90,0.697514
28,91,0.696176
28,92,0.695141
28,93,0.694412
28,94,0.693961
28,95,0.693748
29,0,0.690093
29,1,0.690226
29,2,0.690478
29,3,0.69083
29,4,0.691268
29,5,0.691782
29,6,0.692366
29,7,0.693009
29,8,0.693688
29,9,0.694372
29,10,0.695037
29,11,0.695679
29,12,0.696316
29,13,0.696976
29,14,0.697683
29,15,0.69844
29,16,0.699223
29,17,0.699997
29,18,0.700726
29,19,0.701399
29,20,0.702035
29,21,0.702663
29,22,0.703312
29,23,0.703986
29,24,0.704665
29,25,0.705315
29,26,0.705917
29,27,0.706468
29,28,0.706973
29,29,0.707426
29,30,0.707776
29,31,0.707929
29,32,0.707759
29,33,0.707167
29,34,0.706127
29,35,0.704727
29,36,0.703168
29,37,0.701707
29,38,0.7006
29,39,0.700014
29,40,0.69997
29,41,0.700337
29,42,0.700864
29,43,0.701242
29,44,0.701194
29,45,0.70056
29,46,0.699345
29,47,0.697732
29,48,0.696044
29,49,0.694673
29,50,0.693979
29,51,0.694204
29,52,0.695406
29,53,0.697439
29,54,0.7
29,55,0.702682
29,56,0.70508
29,57,0.706857
29,58,0.707807
29,59,0.707881
29,60,0.707182
29,61,0.705934
29,62,0.704415
29,63,0.702901
29,64,0.701595
29,65,0.700603
29,66,0.699911
29,67,0.699423
29,68,0.698993
29,69,0.69848
29,70,0.697787
29,71,0.696883
29,72,0.695823
29,73,0.694737
29,74,0.693804
29,75,0.693223
29,76,0.693157
29,77,0.693697
29,78,0.694827
29,79,0.696423
29,80,0.698282
29,81,0.700156
29,82,0.701804
29,83,0.703027
29,84,0.703699
29,85,0.703774
29,86,0.70329
29,87,0.702338
29,88,0.701053
29,89,0.699582
29,90,0.698064
29,91,0.696623
29,92,0.695356
29,93,0.694338
29,94,0.693626
29,95,0.693261
30,0,0.690032
30,1,0.690234
30,2,0.690619
30,3,0.691155
30,4,0.691806
30,5,0.69253
30,6,0.693285
30,7,0.694024
30,8,0.694694
30,9,0.695254
30,10,0.695687
30,11,0.696014
30,12,0.696298
30,13,0.696618
30,14,0.697049
30,15,0.697633
30,16,0.698372
30,17,0.699232
30,18,0.700159
30,19,0.701109
30,20,0.702068
30,21,0.70304
30,22,0.704045
30,23,0.705097
30,24,0.706192
30,25,0.707304
30,26,0.708396
30,27,0.709419
30,28,0.710311
30,29,0.710997
30,30,0.711375
30,31,0.711337
30,32,0.710787
30,33,0.709693
30,34,0.708111
30,35,0.706207
30,36,0.704239
30,37,0.702491
30,38,0.701216
30,39,0.700555
30,40,0.7005
30,41,0.700888
30,42,0.701444
30,43,0.701844
30,44,0.701803
30,45,0.701149
30,46,0.699878
30,47,0.698158
30,48,0.696307
30,49,0.694716
30,50,0.69376
30,51,0.693708
30,52,0.694657
30,53,0.696503
30,54,0.698983
30,55,0.701719
30,56,0.704315
30,57,0.706419
30,58,0.707789
30,59,0.708316
30,60,0.708037
30,61,0.707111
30,62,0.705767
30,63,0.704254
30,64,0.702781
30,65,0.701474
30,66,0.700361
30,67,0.69939
30,68,0.698457
30,69,0.697457
30,70,0.696322
30,71,0.69504
30,72,0.693675
30,73,0.692353
30,74,0.691245
30,75,0.69053
30,76,0.690359
30,77,0.69081
30,78,0.691868
30,79,0.69342
30,80,0.695286
30,81,0.697241
30,82,0.699065
30,83,0.700572
30,84,0.701631
30,85,0.702174
30,86,0.702197
30,87,0.701742
30,88,0.700883
30,89,0.699713
30,90,0.698342
30,91,0.696888
30,92,0.695479
30,93,0.694254
30,94,0.693344
30,95,0.692858
31,0,0.690387
31,1,0.690661
31,2,0.691186
31,3,0.691917
31,4,0.692792
31,5,0.69374
31,6,0.694679
31,7,0.695523
31,8,0.696191
31,9,0.69663
31,10,0.696833
31,11,0.696852
31,12,0.696795
31,13,0.696791
31,14,0.696964
31,15,0.697389
31,16,0.69808
31,17,0.698993
31,18,0.700046
31,19,0.701161
31,20,0.70229
31,21,0.703425
31,22,0.704594
31,23,0.705838
31,24,0.707185
31,25,0.708628
31,26,0.71012
31,27,0.711569
31,28,0.712846
31,29,0.713801
31,30,0.714276
31,31,0.714142
31,32,0.713325
31,33,0.711849
31,34,0.709846
31,35,0.707552
31,36,0.705277
31,37,0.703327
31,38,0.701944
31,39,0.701245
31,40,0.701185
31,41,0.701573
31,42,0.702116
31,43,0.702487
31,44,0.702403
31,45,0.701697
31,46,0.700365
31,47,0.698571
31,48,0.696624
31,49,0.694912
31,50,0.693809
31,51,0.693602
31,52,0.694409
31,53,0.696158
31,54,0.69862
31,55,0.701441
31,56,0.704237
31,57,0.706648
31,58,0.708402
31,59,0.709343
31,60,0.709443
31,61,0.708799
31,62,0.707591
31,63,0.706041
31,64,0.704358
31,65,0.702697
31,66,0.701132
31,67,0.699662
31,68,0.698235
31,69,0.696784
31,70,0.695264
31,71,0.693671
31,72,0.692063
31,73,0.690548
31,74,0.689271
31,75,0.688392
31,76,0.688043
31,77,0.688304
31,78,0.689171
31,79,0.69056
31,80,0.692323
31,81,0.694268
31,82,0.696199
31,83,0.697939
31,84,0.699346
31,85,0.700327
31,86,0.700836
31,87,0.700863
31,88,0.700427
31,89,0.699578
31,90,0.698394
31,91,0.696989
31,92,0.695515
31,93,0.694158
31,94,0.693112
31,95,0.692542
32,0,0.691095
32,1,0.691424
32,2,0.692057
32,3,0.692938
32,4,0.693989
32,5,0.695112
32,6,0.696191
32,7,0.697111
32,8,0.697765
32,9,0.698093
32,10,0.698099
32,11,0.697866
32,12,0.697541
32,13,0.697298
32,14,0.697294
32,15,0.697624
32,16,0.698298
32,17,0.699249
32,18,0.700363
32,19,0.701526
32,20,0.702668
32,21,0.703783
32,22,0.704924
32,23,0.706174
32,24,0.707608
32,25,0.709246
32,26,0.711037
32,27,0.712853
32,28,0.7145
32,29,0.715755
32,30,0.716403
32,31,0.716287
32,32,0.715345
32,33,0.713643
32,34,0.711373
32,35,0.708832
32,36,0.706369
32,37,0.704307
32,38,0.702878
32,39,0.702169
32,40,0.702102
32,41,0.702463
32,42,0.702945
32,43,0.703228
32,44,0.703043
32,45,0.702242
32,46,0.700836
32,47,0.698993
32,48,0.697018
32,49,0.695289
32,50,0.694175
32,51,0.693958
32,52,0.694764
32,53,0.696532
32,54,0.699051
32,55,0.701985
32,56,0.70496
32,57,0.707618
32,58,0.709669
32,59,0.710925
32,60,0.711309
32,61,0.710867
32,62,0.709732
32,63,0.7081
32,64,0.706182
32,65,0.704159
32,66,0.70215
32,67,0.700212
32,68,0.698346
32,69,0.696522
32,70,0.694714
32,71,0.692916
32,72,0.691165
32,73,0.689536
32,74,0.688141
32,75,0.68711
32,76,0.686562
32,77,0.686581
32,78,0.687189
32,79,0.688335
32,80,0.689913
32,81,0.69177
32,82,0.693731
32,83,0.695626
32,84,0.697302
32,85,0.698638
32,86,0.699547
32,87,0.699978
32,88,0.699904
32,89,0.699339
32,90,0.698339
32,91,0.697011
32,92,0.695525
32,93,0.694101
32,94,0.692976
32,95,0.692355
33,0,0.692002
33,1,0.692353
33,2,0.693028
33,3,0.69397
33,4,0.695095
33,5,0.69629
33,6,0.69742
33,7,0.698349
33,8,0.698959
33,9,0.699186
33,10,0.69905
33,11,0.698657
33,12,0.698185
33,13,0.697836
33,14,0.697784
33,15,0.698121
33,16,0.698839
33,17,0.699839
33,18,0.700971
33,19,0.702093
33,20,0.703127
33,21,0.704082
33,22,0.705049
33,23,0.706168
33,24,0.707561
33,25,0.709281
33,26,0.711281
33,27,0.713399
33,28,0.715387
33,29,0.716954
33,30,0.717834
33,31,0.717839
33,32,0.716907
33,33,0.715135
33,34,0.712756
33,35,0.71011
33,36,0.707576
33,37,0.705486
33,38,0.70406
33,39,0.703359
33,40,0.703277
33,41,0.70358
33,42,0.703956
33,43,0.704097
33,44,0.703759
33,45,0.702824
33,46,0.701328
33,47,0.699454
33,48,0.697508
33,49,0.695861
33,50,0.694862
33,51,0.694775
33,52,0.69571
33,53,0.6976
33,54,0.700231
33,55,0.703276
33,56,0.706374
33,57,0.709176
33,58,0.711394
33,59,0.712825
33,60,0.713367
33,61,0.713026
33,62,0.7119
33,63,0.71016
33,64,0.708013
33,65,0.705661
33,66,0.703267
33,67,0.70094
33,68,0.698731
33,69,0.696648
33,70,0.694678
33,71,0.692804
33,72,0.691034
33,73,0.6894
33,74,0.687971
33,75,0.686844
33,76,0.686127
33,77,0.68591
33,78,0.686243
33,79,0.687116
33,80,0.688466
33,81,0.690174
33,82,0.69209
33,83,0.69405
33,84,0.695887
33,85,0.697458
33,86,0.698646
33,87,0.699363
33,88,0.699553
33,89,0.699204
33,90,0.698355
33,91,0.697111
33,92,0.69565
33,93,0.694211
33,94,0.693056
33,95,0.692413
34,0,0.69291
34,1,0.693238
34,2,0.693871
34,3,0.694761
34,4,0.695827
34,5,0.696962
34,6,0.698026
34,7,0.698881
34,8,0.699405
34,9,0.699544
34,10,0.69933
34,11,0.698885
34,12,0.698406
34,13,0.698104
34,14,0.698148
34,15,0.698611
34,16,0.699451
34,17,0.700534
34,18,0.701675
34,19,0.702715
34,20,0.70358
34,21,0.704306
34,22,0.705034
34,23,0.705955
34,24,0.707243
34,25,0.70898
34,26,0.71112
34,27,0.713477
34,28,0.715758
34,29,0.717622
34,30,0.718755
34,31,0.718947
34,32,0.718131
34,33,0.716416
34,34,0.714063
34,35,0.711436
34,36,0.708931
34,37,0.706881
34,38,0.705495
34,39,0.704811
34,40,0.704704
34,41,0.704922
34,42,0.705157
34,43,0.705115
34,44,0.704585
34,45,0.703485
34,46,0.701883
34,47,0.699989
34,48,0.698115
34,49,0.696619
34,50,0.695827
34,51,0.69597
34,52,0.69712
34,53,0.699183
34,54,0.701929
34,55,0.705035
34,56,0.708153
34,57,0.710957
34,58,0.713179
34,59,0.714629
34,60,0.715196
34,61,0.714866
34,62,0.713706
34,63,0.711865
34,64,0.709539
34,65,0.706944
34,66,0.704273
34,67,0.70168
34,68,0.699263
34,69,0.69706
34,70,0.695068
34,71,0.693257
34,72,0.691598
34,73,0.690077
34,74,0.688717
34,75,0.687582
34,76,0.686765
34,77,0.686365
34,78,0.686458
34,79,0.687073
34,80,0.688183
34,81,0.689705
34,82,0.691508
34,83,0.693436
34,84,0.695317
34,85,0.696993
34,86,0.698325
34,87,0.699205
34,88,0.699555
34,89,0.69935
34,90,0.698619
34,91,0.697461
34,92,0.696055
34,93,0.694647
34,94,0.693506
34,95,0.692867
35,0,0.693609
35,1,0.693869
35,2,0.69438
35,3,0.695107
35,4,0.695991
35,5,0.696938
35,6,0.697826
35,7,0.698527
35,8,0.698931
35,9,0.698994
35,10,0.698761
35,11,0.698368
35,12,0.698012
35,13,0.697896
35,14,0.698168
35,15,0.698866
35,16,0.699909
35,17,0.701123
35,18,0.702296
35,19,0.703263
35,20,0.703965
35,21,0.704474
35,22,0.704976
35,23,0.705712
35,24,0.706893
35,25,0.708625
35,26,0.710861
35,27,0.713398
35,28,0.71591
35,29,0.718021
35,30,0.71939
35,31,0.719787
35,32,0.719141
35,33,0.717567
35,34,0.715337
35,35,0.712824
35,36,0.710426
35,37,0.708471
35,38,0.707154
35,39,0.706497
35,40,0.706357
35,41,0.706477
35,42,0.706549
35,43,0.706304
35,44,0.70556
35,45,0.704276
35,46,0.70256
35,47,0.700648
35,48,0.698862
35,49,0.69755
35,50,0.697005
35,51,0.69741
35,52,0.698787
35,53,0.701
35,54,0.703794
35,55,0.706846
35,56,0.709832
35,57,0.712463
35,58,0.714514
35,59,0.715824
35,60,0.716297
35,61,0.715911
35,62,0.71471
35,63,0.712815
35,64,0.710406
35,65,0.707697
35,66,0.704902
35,67,0.702208
35,68,0.699744
35,69,0.697578
35,70,0.69571
35,71,0.694093
35,72,0.692666
35,73,0.691368
35,74,0.690179
35,75,0.689131
35,76,0.688305
35,77,0.687804
35,78,0.687725
35,79,0.688126
35,80,0.689011
35,81,0.690325
35,82,0.691957
35,83,0.693764
35,84,0.695578
35,85,0.697238
35,86,0.698598
35,87,0.699537
35,88,0.699971
35,89,0.699865
35,90,0.699238
35,91,0.698185
35,92,0.696876
35,93,0.695549
35,94,0.694467
35,95,0.693859
36,0,0.693937
36,1,0.694101
36,2,0.694433
36,3,0.694921
36,4,0.695533
36,5,0.696207
36,6,0.696844
36,7,0.697339
36,8,0.697602
36,9,0.697606
36,10,0.697407
36,11,0.697143
36,12,0.697006
36,13,0.697177
36,14,0.69777
36,15,0.698782
36,16,0.700088
36,17,0.701481
36,18,0.702731
36,19,0.703674
36,20,0.704274
36,21,0.704636
36,22,0.704986
36,23,0.705602
36,24,0.70672
36,25,0.708458
36,26,0.710766
36,27,0.713427
36,28,0.716097
36,29,0.718384
36,30,0.719933
36,31,0.720509
36,32,0.72004
36,33,0.718643
36,34,0.716592
36,35,0.714254
36,36,0.712021
36,37,0.710206
36,38,0.708987
36,39,0.708371
36,40,0.708204
36,41,0.708225
36,42,0.708137
36,43,0.707688
36,44,0.706731
36,45,0.705262
36,46,0.703427
36,47,0.701493
36,48,0.69979
36,49,0.698652
36,50,0.698332
36,51,0.698958
36,52,0.700492
36,53,0.702749
36,54,0.705448
36,55,0.708273
36,56,0.710934
36,57,0.713198
36,58,0.714898
36,59,0.715925
36,60,0.716208
36,61,0.715726
36,62,0.714507
36,63,0.71264
36,64,0.710278
36,65,0.707622
36,66,0.704889
36,67,0.702282
36,68,0.699954
36,69,0.697985
36,70,0.696381
36,71,0.695077
36,72,0.693979
36,73,0.692992
36,74,0.692057
36,75,0.691182
36,76,0.690434
36,77,0.689918
36,78,0.689744
36,79,0.689986
36,80,0.69067
36,81,0.691762
36,82,0.693173
36,83,0.694781
36,84,0.696434
36,85,0.697982
36,86,0.699284
36,87,0.700222
36,88,0.700704
36,89,0.700691
36,90,0.700193
36,91,0.699292
36,92,0.69814
36,93,0.696958
36,94,0.695986
36,95,0.695439
37,0,0.693825
37,1,0.693883
37,2,0.694015
37,3,0.694237
37,4,0.69455
37,5,0.694922
37,6,0.695289
37,7,0.695571
37,8,0.695702
37,9,0.695671
37,10,0.695543
37,11,0.695456
37,12,0.695587
37,13,0.69609
37,14,0.697044
37,15,0.698402
37,16,0.700002
37,17,0.701608
37,18,0.702982
37,19,0.703968
37,20,0.704549
37,21,0.704862
37,22,0.705159
37,23,0.705739
37,24,0.70685
37,25,0.708612
37,26,0.710971
37,27,0.713703
37,28,0.716458
37,29,0.718838
37,30,0.720494
37,31,0.721193
37,32,0.720872
37,33,0.719649
37,34,0.717796
37,35,0.715668
37,36,0.713638
37,37,0.711998
37,38,0.710906
37,39,0.710353
37,40,0.710178
37,41,0.71012
37,42,0.709893
37,43,0.709266
37,44,0.70812
37,45,0.706488
37,46,0.704547
37,47,0.702589
37,48,0.70095
37,49,0.699943
37,50,0.699777
37,51,0.700522
37,52,0.702074
37,53,0.704202
37,54,0.706609
37,55,0.708993
37,56,0.711115
37,57,0.712813
37,58,0.713995
37,59,0.714613
37,60,0.714631
37,61,0.714038
37,62,0.71284
37,63,0.711097
37,64,0.708926
37,65,0.706502
37,66,0.704027
37,67,0.701705
37,68,0.699695
37,69,0.698081
37,70,0.696864
37,71,0.695965
37,72,0.695267
37,73,0.694645
37,74,0.694018
37,75,0.693375
37,76,0.692773
37,77,0.692315
37,78,0.69211
37,79,0.692239
37,80,0.692739
37,81,0.693595
37,82,0.694739
37,83,0.696081
37,84,0.697498
37,85,0.698866
37,86,0.700062
37,87,0.700973
37,88,0.701511
37,89,0.701627
37,90,0.701318
37,91,0.700645
37,92,0.699735
37,93,0.698775
37,94,0.697975
37,95,0.697521
38,0,0.693316
38,1,0.693276
38,2,0.693229
38,3,0.693213
38,4,0.693257
38,5,0.693364
38,6,0.693498
38,7,0.693606
38,8,0.693643
38,9,0.693611
38,10,0.69358
38,11,0.693684
38,12,0.694086
38,13,0.694913
38,14,0.696209
38,15,0.697894
38,16,0.699777
38,17,0.701603
38,18,0.703132
38,19,0.704217
38,20,0.704857
38,21,0.705209
38,22,0.705537
38,23,0.706148
38,24,0.70729
38,25,0.709083
38,26,0.711467
38,27,0.714217
38,28,0.716986
38,29,0.719384
38,30,0.721072
38,31,0.721831
38,32,0.721612
38,33,0.720538
38,34,0.718876
38,35,0.716968
38,36,0.715162
38,37,0.713724
38,38,0.712786
38,39,0.712325
38,40,0.712172
38,41,0.712072
38,42,0.71175
38,43,0.710995
38,44,0.709715
38,45,0.707967
38,46,0.705956
38,47,0.703986
38,48,0.70239
38,49,0.701456
38,50,0.701346
38,51,0.702067
38,52,0.70346
38,53,0.705256
38,54,0.70715
38,55,0.708876
38,56,0.710255
38,57,0.711211
38,58,0.711732
38,59,0.711839
38,60,0.711537
38,61,0.710823
38,62,0.709688
38,63,0.708156
38,64,0.706307
38,65,0.704276
38,66,0.702241
38,67,0.700385
38,68,0.698856
38,69,0.697731
38,70,0.696999
38,71,0.696568
38,72,0.696306
38,73,0.696073
38,74,0.695776
38,75,0.695393
38,76,0.694974
38,77,0.694615
38,78,0.694417
38,79,0.694457
38,80,0.694773
38,81,0.695364
38,82,0.696195
38,83,0.69721
38,84,0.698333
38,85,0.699477
38,86,0.700545
38,87,0.701439
38,88,0.702069
38,89,0.702378
38,90,0.702343
38,91,0.701996
38,92,0.701425
38,93,0.700776
38,94,0.700213
38,95,0.699888
39,0,0.692534
39,1,0.692425
39,2,0.692248
39,3,0.692061
39,4,0.691917
39,5,0.691844
39,6,0.691829
39,7,0.691839
39,8,0.691842
39,9,0.69185
39,10,0.691934
39,11,0.692222
39,12,0.692861
39,13,0.693959
39,14,0.695535
39,15,0.697484
39,16,0.699599
39,17,0.701618
39,18,0.703301
39,19,0.704511
39,20,0.705257
39,21,0.705698
39,22,0.7061
39,23,0.706766
39,24,0.70794
39,25,0.709738
39,26,0.712102
39,27,0.714813
39,28,0.717534
39,29,0.719887
39,30,0.721548
39,31,0.722316
39,32,0.722155
39,33,0.721198
39,34,0.719711
39,35,0.718018
39,36,0.716443
39,37,0.715222
39,38,0.714461
39,39,0.714118
39,40,0.714023
39,41,0.713926
39,42,0.713569
39,43,0.71276
39,44,0.711426
39,45,0.709642
39,46,0.707624
39,47,0.705677
39,48,0.704121
39,49,0.703207
39,50,0.703052
39,51,0.703607
39,52,0.704666
39,53,0.705937
39,54,0.707126
39,55,0.708013
39,56,0.708492
39,57,0.708576
39,58,0.708337
39,59,0.707862
39,60,0.707198
39,61,0.706352
39,62,0.705301
39,63,0.704039
39,64,0.702603
39,65,0.701087
39,66,0.699628
39,67,0.698375
39,68,0.69745
39,69,0.696908
39,70,0.696722
39,71,0.696788
39,72,0.696967
39,73,0.697118
39,74,0.697143
39,75,0.697021
39,76,0.696796
39,77,0.696548
39,78,0.696364
39,79,0.696307
39,80,0.696415
39,81,0.696701
39,82,0.697166
39,83,0.697802
39,84,0.698587
39,85,0.699479
39,86,0.700416
39,87,0.701315
39,88,0.702088
39,89,0.702662
39,90,0.70299
39,91,0.703065
39,92,0.702929
39,93,0.702675
39,94,0.702413
39,95,0.702251
40,0,0.691645
40,1,0.6915
40,2,0.691258
40,3,0.690988
40,4,0.690758
40,5,0.690613
40,6,0.690553
40,7,0.690555
40,8,0.690597
40,9,0.69069
40,10,0.690904
40,11,0.691357
40,12,0.692185
40,13,0.69348
40,14,0.695247
40,15,0.697372
40,16,0.69964
40,17,0.701792
40,18,0.703596
40,19,0.704918
40,20,0.705768
40,21,0.7063
40,22,0.706769
40,23,0.707464
40,24,0.708626
40,25,0.71037
40,26,0.71265
40,27,0.71526
40,28,0.717876
40,29,0.720136
40,30,0.721732
40,31,0.722477
40,32,0.722348
40,33,0.721488
40,34,0.72016
40,35,0.718672
40,36,0.717325
40,37,0.716323
40,38,0.715747
40,39,0.715542
40,40,0.715535
40,41,0.71549
40,42,0.715165
40,43,0.714389
40,44,0.713101
40,45,0.711384
40,46,0.709449
40,47,0.707587
40,48,0.706088
40,49,0.705165
40,50,0.704887
40,51,0.70516
40,52,0.705748
40,53,0.706354
40,54,0.70671
40,55,0.706651
40,56,0.706152
40,57,0.705307
40,58,0.704269
40,59,0.703183
40,60,0.702134
40,61,0.701141
40,62,0.700174
40,63,0.6992
40,64,0.698219
40,65,0.697277
40,66,0.696465
40,67,0.695888
40,68,0.695625
40,69,0.695703
40,70,0.696075
40,71,0.696627
40,72,0.697221
40,73,0.697726
40,74,0.698051
40,75,0.698175
40,76,0.698132
40,77,0.697986
40,78,0.697798
40,79,0.697614
40,80,0.69747
40,81,0.697399
40,82,0.697443
40,83,0.697653
40,84,0.698066
40,85,0.698692
40,86,0.699505
40,87,0.700437
40,88,0.701399
40,89,0.702301
40,90,0.703065
40,91,0.703639
40,92,0.704015
40,93,0.704221
40,94,0.704308
40,95,0.704335
41,0,0.690789
41,1,0.690641
41,2,0.690398
41,3,0.690131
41,4,0.689914
41,5,0.689799
41,6,0.689792
41,7,0.689874
41,8,0.690021
41,9,0.690242
41,10,0.690597
41,11,0.691197
41,12,0.692167
41,13,0.693587
41,14,0.695459
41,15,0.697663
41,16,0.699994
41,17,0.702202
41,18,0.704063
41,19,0.705448
41,20,0.706362
41,21,0.706942
41,22,0.707424
41,23,0.708084
41,24,0.709154
41,25,0.710761
41,26,0.712874
41,27,0.715309
41,28,0.717765
41,29,0.719896
41,30,0.721405
41,31,0.722117
41,32,0.722018
41,33,0.721253
41,34,0.720079
41,35,0.718791
41,36,0.717663
41,37,0.716872
41,38,0.716478
41,39,0.716415
41,40,0.716515
41,41,0.71656
41,42,0.716332
41,43,0.715677
41,44,0.714544
41,45,0.713009
41,46,0.711266
41,47,0.709571
41,48,0.708173
41,49,0.707242
41,50,0.706801
41,51,0.706725
41,52,0.706768
41,53,0.706645
41,54,0.70613
41,55,0.705118
41,56,0.703659
41,57,0.701917
41,58,0.700111
41,59,0.698436
41,60,0.697007
41,61,0.695858
41,62,0.694956
41,63,0.69425
41,64,0.693709
41,65,0.693334
41,66,0.693167
41,67,0.693259
41,68,0.693643
41,69,0.69431
41,70,0.695193
41,71,0.696179
41,72,0.697137
41,73,0.697952
41,74,0.698545
41,75,0.698896
41,76,0.699022
41,77,0.698958
41,78,0.698737
41,79,0.698385
41,80,0.697936
41,81,0.697453
41,82,0.697028
41,83,0.696773
41,84,0.696793
41,85,0.69715
41,86,0.697852
41,87,0.698844
41,88,0.70003
41,89,0.701301
41,90,0.702542
41,91,0.703659
41,92,0.704583
41,93,0.705281
41,94,0.705739
41,95,0.705966
42,0,0.690047
42,1,0.689924
42,2,0.689727
42,3,0.689527
42,4,0.689398
42,5,0.689387
42,6,0.689504
42,7,0.689727
42,8,0.690028
42,9,0.690407
42,10,0.690918
42,11,0.691656
42,12,0.692737
42,13,0.694233
42,14,0.696143
42,15,0.698351
42,16,0.700666
42,17,0.70285
42,18,0.704695
42,19,0.706074
42,20,0.706982
42,21,0.707539
42,22,0.707956
42,23,0.708491
42,24,0.709375
42,25,0.710746
42,26,0.712599
42,27,0.71478
42,28,0.717016
42,29,0.71898
42,30,0.72039
42,31,0.721075
42,32,0.721022
42,33,0.72037
42,34,0.719366
42,35,0.718282
42,36,0.717367
42,37,0.716775
42,38,0.716547
42,39,0.716615
42,40,0.716825
42,41,0.716984
42,42,0.716902
42,43,0.716445
42,44,0.715566
42,45,0.714326
42,46,0.712883
42,47,0.711446
42,48,0.710212
42,49,0.7093
42,50,0.708698
42,51,0.708265
42,52,0.70776
42,53,0.70693
42,54,0.7056
42,55,0.703727
42,56,0.701422
42,57,0.698906
42,58,0.696441
42,59,0.694257
42,60,0.692491
42,61,0.691192
42,62,0.69033
42,63,0.689846
42,64,0.689684
42,65,0.689807
42,66,0.690208
42,67,0.690882
42,68,0.691819
42,69,0.692975
42,70,0.694272
42,71,0.695598
42,72,0.696846
42,73,0.697919
42,74,0.69875
42,75,0.699312
42,76,0.699596
42,77,0.699602
42,78,0.699324
42,79,0.698767
42,80,0.697972
42,81,0.697035
42,82,0.696106
42,83,0.695369
42,84,0.694994
42,85,0.695092
42,86,0.695702
42,87,0.696776
42,88,0.698208
42,89,0.699863
42,90,0.701591
42,91,0.703248
42,92,0.704714
42,93,0.705894
42,94,0.706715
42,95,0.707137
43,0,0.689435
43,1,0.68935
43,2,0.689227
43,3,0.68913
43,4,0.689126
43,5,0.689259
43,6,0.689533
43,7,0.689924
43,8,0.6904
43,9,0.690954
43,10,0.691628
43,11,0.692506
43,12,0.693691
43,13,0.695245
43,14,0.697161
43,15,0.699332
43,16,0.701576
43,17,0.703674
43,18,0.705432
43,19,0.706731
43,20,0.707556
43,21,0.708008
43,22,0.708276
43,23,0.7086
43,24,0.709207
43,25,0.710249
43,26,0.711752
43,27,0.713598
43,28,0.715548
43,29,0.717306
43,30,0.718602
43,31,0.719271
43,32,0.719293
43,33,0.718791
43,34,0.717987
43,35,0.717127
43,36,0.71643
43,37,0.716024
43,38,0.715942
43,39,0.716121
43,40,0.71643
43,41,0.716707
43,42,0.716799
43,43,0.716591
43,44,0.71604
43,45,0.715182
43,46,0.71413
43,47,0.713033
43,48,0.712028
43,49,0.711184
43,50,0.710459
43,51,0.709709
43,52,0.708719
43,53,0.70728
43,54,0.705274
43,55,0.702715
43,56,0.69976
43,57,0.696666
43,58,0.693718
43,59,0.69116
43,60,0.689143
43,61,0.687726
43,62,0.686887
43,63,0.686566
43,64,0.686691
43,65,0.687194
43,66,0.688024
43,67,0.68913
43,68,0.690459
43,69,0.691947
43,70,0.69351
43,71,0.695055
43,72,0.696499
43,73,0.69777
43,74,0.698809
43,75,0.699574
43,76,0.700019
43,77,0.700093
43,78,0.699752
43,79,0.698977
43,80,0.697819
43,81,0.696418
43,82,0.694985
43,83,0.693777
43,84,0.693026
43,85,0.692894
43,86,0.693439
43,87,0.694615
43,88,0.696299
43,89,0.698326
43,90,0.70051
43,91,0.702665
43,92,0.704621
43,93,0.706232
43,94,0.707375
43,95,0.70797
44,0,0.688922
44,1,0.688881
44,2,0.688839
44,3,0.688853
44,4,0.688981
44,5,0.689261
44,6,0.689693
44,7,0.690248
44,8,0.690895
44,9,0.69162
44,10,0.692459
44,11,0.693485
44,12,0.694784
44,13,0.696406
44,14,0.698334
44,15,0.70046
44,16,0.70261
44,17,0.704583
44,18,0.706199
44,19,0.707349
44,20,0.708018
44,21,0.708292
44,22,0.708339
44,23,0.708383
44,24,0.708646
44,25,0.70929
44,26,0.710372
44,27,0.711813
44,28,0.713416
44,29,0.714922
44,30,0.716085
44,31,0.716745
44,32,0.716872
44,33,0.716561
44,34,0.716
44,35,0.715395
44,36,0.71493
44,37,0.71471
44,38,0.71476
44,39,0.715029
44,40,0.715416
44,41,0.715802
44,42,0.716069
44,43,0.716129
44,44,0.71594
44,45,0.715511
44,46,0.714904
44,47,0.714202
44,48,0.71348
44,49,0.712757
44,50,0.711971
44,51,0.710987
44,52,0.709626
44,53,0.707732
44,54,0.705245
44,55,0.702227
44,56,0.698867
44,57,0.695437
44,58,0.692223
44,59,0.689465
44,60,0.687315
44,61,0.685838
44,62,0.685021
44,63,0.684805
44,64,0.68511
44,65,0.685847
44,66,0.686931
44,67,0.688275
44,68,0.689799
44,69,0.691425
44,70,0.693083
44,71,0.694706
44,72,0.696244
44,73,0.697647
44,74,0.698863
44,75,0.699823
44,76,0.700434
44,77,0.700591
44,78,0.700202
44,79,0.699228
44,80,0.697733
44,81,0.695899
44,82,0.694004
44,83,0.692372
44,84,0.691297
44,85,0.690978
44,86,0.69149
44,87,0.692781
44,88,0.694706
44,89,0.697069
44,90,0.699648
44,91,0.702219
44,92,0.704576
44,93,0.706533
44,94,0.707932
44,95,0.708663
45,0,0.688469
45,1,0.688469
45,2,0.688503
45,3,0.68862
45,4,0.68887
45,5,0.689279
45,6,0.689846
45,7,0.690541
45,8,0.691333
45,9,0.692212
45,10,0.693207
45,11,0.694384
45,12,0.695815
45,13,0.69753
45,14,0.699496
45,15,0.701594
45,16,0.703652
45,17,0.705479
45,18,0.706912
45,19,0.707859
45,20,0.708309
45,21,0.708346
45,22,0.708125
45,23,0.707852
45,24,0.707742
45,25,0.707962
45,26,0.708589
45,27,0.709584
45,28,0.710797
45,29,0.712013
45,30,0.713019
45,31,0.713666
45,32,0.713915
45,33,0.713828
45,34,0.713548
45,35,0.713234
45,36,0.713024
45,37,0.713001
45,38,0.713181
45,39,0.713529
45,40,0.713978
45,41,0.714452
45,42,0.714876
45,43,0.715189
45,44,0.715351
45,45,0.715346
45,46,0.715187
45,47,0.714894
45,48,0.714481
45,49,0.713926
45,50,0.713153
45,51,0.712041
45,52,0.710454
45,53,0.708291
45,54,0.705545
45,55,0.702316
45,56,0.698812
45,57,0.695297
45,58,0.692043
45,59,0.689271
45,60,0.687124
45,61,0.685662
45,62,0.684876
45,63,0.684716
45,64,0.685097
45,65,0.685916
45,66,0.68707
45,67,0.688448
45,68,0.689959
45,69,0.69153
45,70,0.693112
45,71,0.694673
45,72,0.6962
45,73,0.697669
45,74,0.699021
45,75,0.70016
45,76,0.70094
45,77,0.701197
45,78,0.700794
45,79,0.699671
45,80,0.697906
45,81,0.69572
45,82,0.69345
45,83,0.69148
45,84,0.690155
45,85,0.689705
45,86,0.690214
45,87,0.691621
45,88,0.693757
45,89,0.696393
45,90,0.699278
45,91,0.702159
45,92,0.704803
45,93,0.707001
45,94,0.708576
45,95,0.7094
46,0,0.688043
46,1,0.68808
46,2,0.688183
46,3,0.688393
46,4,0.688749
46,5,0.689268
46,6,0.689945
46,7,0.69075
46,8,0.691654
46,9,0.692656
46,10,0.693788
46,11,0.695111
46,12,0.696683
46,13,0.698512
46,14,0.700542
46,15,0.702633
46,16,0.704606
46,17,0.706274
46,18,0.707493
46,19,0.70819
46,20,0.708374
46,21,0.708135
46,22,0.707626
46,23,0.70704
46,24,0.706577
46,25,0.706398
46,26,0.706594
46,27,0.70715
46,28,0.707965
46,29,0.708871
46,30,0.709698
46,31,0.710317
46,32,0.710684
46,33,0.71083
46,34,0.710849
46,35,0.710849
46,36,0.71092
46,37,0.711113
46,38,0.711438
46,39,0.71187
46,40,0.712375
46,41,0.712918
46,42,0.713464
46,43,0.713983
46,44,0.71444
46,45,0.7148
46,46,0.715035
46,47,0.715112
46,48,0.714998
46,49,0.714637
46,50,0.713945
46,51,0.712822
46,52,0.711171
46,53,0.708938
46,54,0.70616
46,55,0.702961
46,56,0.699553
46,57,0.696183
46,58,0.693096
46,59,0.690481
46,60,0.688462
46,61,0.687089
46,62,0.686355
46,63,0.68621
46,64,0.686574
46,65,0.687339
46,66,0.688395
46,67,0.689625
46,68,0.690942
46,69,0.692289
46,70,0.693647
46,71,0.695027
46,72,0.69645
46,73,0.697911
46,74,0.699347
46,75,0.700631
46,76,0.701565
46,77,0.701933
46,78,0.701555
46,79,0.700355
46,80,0.698418
46,81,0.696001
46,82,0.693482
46,83,0.691293
46,84,0.689812
46,85,0.689293
46,86,0.689824
46,87,0.691331
46,88,0.693625
46,89,0.696451
46,90,0.699533
46,91,0.702601
46,92,0.70541
46,93,0.707741
46,94,0.709409
46,95,0.710282
47,0,0.687647
47,1,0.687721
47,2,0.687894
47,3,0.688196
47,4,0.688656
47,5,0.68928
47,6,0.690052
47,7,0.690941
47,8,0.691927
47,9,0.693015
47,10,0.694249
47,11,0.695693
47,12,0.697393
47,13,0.699335
47,14,0.701434
47,15,0.703522
47,16,0.705404
47,17,0.706895
47,18,0.707865
47,19,0.708271
47,20,0.708151
47,21,0.707616
47,22,0.706829
47,23,0.705972
47,24,0.705226
47,25,0.704736
47,26,0.704584
47,27,0.704771
47,28,0.705229
47,29,0.705839
47,30,0.706475
47,31,0.70704
47,32,0.707494
47,33,0.707847
47,34,0.708151
47,35,0.708463
47,36,0.708828
47,37,0.70926
47,38,0.709755
47,39,0.710293
47,40,0.710861
47,41,0.711459
47,42,0.712088
47,43,0.712743
47,44,0.713401
47,45,0.714018
47,46,0.714539
47,47,0.714899
47,48,0.715032
47,49,0.714863
47,50,0.714309
47,51,0.713286
47,52,0.71173
47,53,0.70962
47,54,0.707019
47,55,0.704062
47,56,0.700951
47,57,0.697911
47,58,0.695148
47,59,0.692823
47,60,0.691032
47,61,0.68981
47,62,0.689145
47,63,0.68899
47,64,0.689267
47,65,0.689874
47,66,0.690705
47,67,0.691653
47,68,0.692645
47,69,0.693651
47,70,0.694687
47,71,0.695801
47,72,0.697044
47,73,0.698428
47,74,0.699882
47,75,0.701252
47,76,0.7023
47,77,0.702767
47,78,0.702442
47,79,0.701235
47,80,0.69924
47,81,0.69673
47,82,0.694108
47,83,0.691831
47,84,0.690297
47,85,0.689768
47,86,0.690333
47,87,0.691909
47,88,0.694292
47,89,0.697211
47,90,0.700378
47,91,0.703517
47,92,0.70638
47,93,0.70875
47,94,0.710443
47,95,0.711327
48,0,0.687311
48,1,0.687429
48,2,0.687683
48,3,0.688095
48,4,0.688676
48,5,0.689415
48,6,0.690285
48,7,0.691248
48,8,0.692287
48,9,0.693423
48,10,0.694713
48,11,0.69623
48,12,0.698015
48,13,0.700034
48,14,0.702173
48,15,0.704233
48,16,0.705998
48,17,0.707278
48,18,0.707962
48,19,0.70804
48,20,0.70759
48,21,0.70676
48,22,0.70573
48,23,0.704679
48,24,0.703766
48,25,0.703103
48,26,0.702747
48,27,0.702692
48,28,0.702885
48,29,0.703247
48,30,0.703695
48,31,0.704171
48,32,0.704653
48,33,0.705148
48,34,0.70568
48,35,0.706269
48,36,0.706915
48,37,0.707598
48,38,0.70829
48,39,0.708963
48,40,0.709615
48,41,0.710263
48,42,0.710934
48,43,0.711646
48,44,0.712389
48,45,0.713122
48,46,0.713785
48,47,0.714301
48,48,0.714594
48,49,0.714588
48,50,0.714207
48,51,0.713381
48,52,0.712064
48,53,0.710251
48,54,0.708008
48,55,0.705463
48,56,0.7028
48,57,0.700213
48,58,0.697878
48,59,0.695923
48,60,0.69442
48,61,0.693387
48,62,0.692804
48,63,0.692622
48,64,0.692771
48,65,0.693157
48,66,0.693691
48,67,0.694283
48,68,0.694888
48,69,0.695502
48,70,0.696174
48,71,0.696982
48,72,0.698
48,73,0.699246
48,74,0.700646
48,75,0.702024
48,76,0.703117
48,77,0.703641
48,78,0.703371
48,79,0.70221
48,80,0.700252
48,81,0.697777
48,82,0.69519
48,83,0.692952
48,84,0.691458
48,85,0.690969
48,86,0.69157
48,87,0.693174
48,88,0.695574
48,89,0.698495
48,90,0.701651
48,91,0.704768
48,92,0.707605
48,93,0.709951
48,94,0.711626
48,95,0.712502
49,0,0.687101
49,1,0.687274
49,2,0.687631
49,3,0.68818
49,4,0.688913
49,5,0.689794
49,6,0.690775
49,7,0.691808
49,8,0.692876
49,9,0.694015
49,10,0.695301
49,11,0.696821
49,12,0.698619
49,13,0.700647
49,14,0.702762
49,15,0.704739
49,16,0.706339
49,17,0.707366
49,18,0.707729
49,19,0.707453
49,20,0.706666
49,21,0.70556
49,22,0.704343
49,23,0.7032
49,24,0.702262
49,25,0.701599
49,26,0.701222
49,27,0.701094
49,28,0.701155
49,29,0.701346
49,30,0.701624
49,31,0.701972
49,32,0.702402
49,33,0.702938
49,34,0.703601
49,35,0.704389
49,36,0.70527
49,37,0.706192
49,38,0.707095
49,39,0.707931
49,40,0.708688
49,41,0.709387
49,42,0.710065
49,43,0.710755
49,44,0.711464
49,45,0.712166
49,46,0.712814
49,47,0.713343
49,48,0.713691
49,49,0.7138
49,50,0.713607
49,51,0.713052
49,52,0.712093
49,53,0.710716
49,54,0.708971
49,55,0.706962
49,56,0.704842
49,57,0.702777
49,58,0.700915
49,59,0.69936
49,60,0.698164
49,61,0.697332
49,62,0.696834
49,63,0.696618
49,64,0.696622
49,65,0.696766
49,66,0.696982
49,67,0.697209
49,68,0.697428
49,69,0.697665
49,70,0.69799
49,71,0.6985
49,72,0.699281
49,73,0.70035
49,74,0.701628
49,75,0.702928
49,76,0.703979
49,77,0.704494
49,78,0.704247
49,79,0.703146
49,80,0.701285
49,81,0.698935
49,82,0.696488
49,83,0.694385
49,84,0.693003
49,85,0.692589
49,86,0.693222
49,87,0.694817
49,88,0.697175
49,89,0.700033
49,90,0.703116
49,91,0.706164
49,92,0.708942
49,93,0.711245
49,94,0.712894
49,95,0.713756
50,0,0.687131
50,1,0.687372
50,2,0.687853
50,3,0.688567
50,4,0.689478
50,5,0.690523
50,6,0.691624
50,7,0.692716
50,8,0.693783
50,9,0.694873
50,10,0.696082
50,11,0.697518
50,12,0.699233
50,13,0.701175
50,14,0.703182
50,15,0.705005
50,16,0.706386
50,17,0.707125
50,18,0.707148
50,19,0.706516
50,20,0.705408
50,21,0.704066
50,22,0.702736
50,23,0.701608
50,24,0.700791
50,25,0.700303
50,26,0.700094
50,27,0.700072
50,28,0.700148
50,29,0.70026
50,30,0.700393
50,31,0.700573
50,32,0.700859
50,33,0.701312
50,34,0.701975
50,35,0.702848
50,36,0.703882
50,37,0.704997
50,38,0.706098
50,39,0.707106
50,40,0.707981
50,41,0.708731
50,42,0.709389
50,43,0.709995
50,44,0.710572
50,45,0.711117
50,46,0.711612
50,47,0.712026
50,48,0.712334
50,49,0.712506
50,50,0.7125
50,51,0.712265
50,52,0.711745
50,53,0.710901
50,54,0.709746
50,55,0.708342
50,56,0.706809
50,57,0.705282
50,58,0.70389
50,59,0.702722
50,60,0.701819
50,61,0.701175
50,62,0.700753
50,63,0.7005
50,64,0.700361
50,65,0.700273
50,66,0.700194
50,67,0.700094
50,68,0.699982
50,69,0.699907
50,70,0.699953
50,71,0.700222
50,72,0.700793
50,73,0.701678
50,74,0.702788
50,75,0.703937
50,76,0.704859
50,77,0.705281
50,78,0.704997
50,79,0.703927
50,80,0.702168
50,81,0.699978
50,82,0.697721
50,83,0.695805
50,84,0.694573
50,85,0.694251
50,86,0.694911
50,87,0.696476
50,88,0.698765
50,89,0.701536
50,90,0.704538
50,91,0.707524
50,92,0.710266
50,93,0.712555
50,94,0.714203
50,95,0.715069
51,0,0.687563
51,1,0.687874
51,2,0.688488
51,3,0.689373
51,4,0.690467
51,5,0.69167
51,6,0.692876
51,7,0.694
51,8,0.69502
51,9,0.695996
51,10,0.697047
51,11,0.698301
51,12,0.699829
51,13,0.701581
51,14,0.703389
51,15,0.70499
51,16,0.706112
51,17,0.706552
51,18,0.706247
51,19,0.705292
51,20,0.703909
51,21,0.702393
51,22,0.701025
51,23,0.700011
51,24,0.699436
51,25,0.699267
51,26,0.699384
51,27,0.699625
51,28,0.699847
51,29,0.699968
51,30,0.699985
51,31,0.699961
51,32,0.700011
51,33,0.700251
51,34,0.700766
51,35,0.701584
51,36,0.702655
51,37,0.70388
51,38,0.70513
51,39,0.706286
51,40,0.707274
51,41,0.708069
51,42,0.708689
51,43,0.709175
51,44,0.709559
51,45,0.709869
51,46,0.710124
51,47,0.710342
51,48,0.710545
51,49,0.710745
51,50,0.710924
51,51,0.711033
51,52,0.710995
51,53,0.710731
51,54,0.710203
51,55,0.709425
51,56,0.708474
51,57,0.707463
51,58,0.706503
51,59,0.705679
51,60,0.705027
51,61,0.704538
51,62,0.70417
51,63,0.70387
51,64,0.703591
51,65,0.703292
51,66,0.70296
51,67,0.702596
51,68,0.702238
51,69,0.701952
51,70,0.701823
51,71,0.701944
51,72,0.702375
51,73,0.703108
51,74,0.704046
51,75,0.705001
51,76,0.705727
51,77,0.705978
51,78,0.705579
51,79,0.704477
51,80,0.702775
51,81,0.700719
51,82,0.698643
51,83,0.696912
51,84,0.695831
51,85,0.6956
51,86,0.696284
51,87,0.697817
51,88,0.700044
51,89,0.702753
51,90,0.705716
51,91,0.708701
51,92,0.711478
51,93,0.713822
51,94,0.715526
51,95,0.716426
52,0,0.688584
52,1,0.688957
52,2,0.689682
52,3,0.690709
52,4,0.691946
52,5,0.693261
52,6,0.694519
52,7,0.695617
52,8,0.696526
52,9,0.697316
52,10,0.698125
52,11,0.699104
52,12,0.700346
52,13,0.701814
52,14,0.703346
52,15,0.704676
52,16,0.705527
52,17,0.705692
52,18,0.705114
52,19,0.703906
52,20,0.702328
52,21,0.700711
52,22,0.699376
52,23,0.698542
52,24,0.698283
52,25,0.698518
52,26,0.699057
52,27,0.699661
52,28,0.700122
52,29,0.700318
52,30,0.700242
52,31,0.699988
52,32,0.699724
52,33,0.699631
52,34,0.699856
52,35,0.700467
52,36,0.701435
52,37,0.702653
52,38,0.703966
52,39,0.705215
52,40,0.706283
52,41,0.70711
52,42,0.707688
52,43,0.708047
52,44,0.708231
52,45,0.70829
52,46,0.708288
52,47,0.708294
52,48,0.708379
52,49,0.708603
52,50,0.70897
52,51,0.709429
52,52,0.709878
52,53,0.710192
52,54,0.710279
52,55,0.710099
52,56,0.709692
52,57,0.709144
52,58,0.708558
52,59,0.708017
52,60,0.707558
52,61,0.707172
52,62,0.706816
52,63,0.706441
52,64,0.706014
52,65,0.705518
52,66,0.70497
52,67,0.704409
52,68,0.703898
52,69,0.703513
52,70,0.703333
52,71,0.703427
52,72,0.703822
52,73,0.704481
52,74,0.705286
52,75,0.706051
52,76,0.70655
52,77,0.706573
52,78,0.705986
52,79,0.704771
52,80,0.703046
52,81,0.70105
52,82,0.699093
52,83,0.697498
52,84,0.696534
52,85,0.696375
52,86,0.697079
52,87,0.698596
52,88,0.700798
52,89,0.703503
52,90,0.706508
52,91,0.709587
52,92,0.712498
52,93,0.714989
52,94,0.716817
52,95,0.717788
53,0,0.690367
53,1,0.690773
53,2,0.691555
53,3,0.692648
53,4,0.693936
53,5,0.695267
53,6,0.696484
53,7,0.69747
53,8,0.698192
53,9,0.698724
53,10,0.699218
53,11,0.699847
53,12,0.700725
53,13,0.701838
53,14,0.703042
53,15,0.704082
53,16,0.704683
53,17,0.704633
53,18,0.703872
53,19,0.702517
53,20,0.700841
53,21,0.699204
53,22,0.697955
53,23,0.697332
53,24,0.697402
53,25,0.698054
53,26,0.699034
53,27,0.700032
53,28,0.70077
53,29,0.701077
53,30,0.700927
53,31,0.70043
53,32,0.699802
53,33,0.699287
53,34,0.699099
53,35,0.699361
53,36,0.700079
53,37,0.701153
53,38,0.702412
53,39,0.703666
53,40,0.704759
53,41,0.705593
53,42,0.706132
53,43,0.706391
53,44,0.706416
53,45,0.706277
53,46,0.706073
53,47,0.705918
53,48,0.705932
53,49,0.70621
53,50,0.706779
53,51,0.707582
53,52,0.708493
53,53,0.709344
53,54,0.70999
53,55,0.710348
53,56,0.710418
53,57,0.710267
53,58,0.709987
53,59,0.709659
53,60,0.709323
53,61,0.708969
53,62,0.708562
53,63,0.70806
53,64,0.707451
53,65,0.706747
53,66,0.706005
53,67,0.705299
53,68,0.704717
53,69,0.704344
53,70,0.704242
53,71,0.704443
53,72,0.704932
53,73,0.705627
53,74,0.706383
53,75,0.707008
53,76,0.707293
53,77,0.707067
53,78,0.706239
53,79,0.704833
53,80,0.702993
53,81,0.700962
53,82,0.699031
53,83,0.697494
53,84,0.696588
53,85,0.696465
53,86,0.69718
53,87,0.698699
53,88,0.700919
53,89,0.70369
53,90,0.706824
53,91,0.710093
53,92,0.713234
53,93,0.715956
53,94,0.717971
53,95,0.719046
54,0,0.692998
54,1,0.69339
54,2,0.694142
54,3,0.695181
54,4,0.696387
54,5,0.697598
54,6,0.698653
54,7,0.699428
54,8,0.699888
54,9,0.700106
54,10,0.700241
54,11,0.700476
54,12,0.700947
54,13,0.701669
54,14,0.702526
54,15,0.703286
54,16,0.703682
54,17,0.703499
54,18,0.702663
54,19,0.701276
54,20,0.699607
54,21,0.698025
54,22,0.696894
54,23,0.696472
54,24,0.696832
54,25,0.697843
54,26,0.699212
54,27,0.700569
54,28,0.701571
54,29,0.701994
54,30,0.701783
54,31,0.70105
54,32,0.700042
54,33,0.699058
54,34,0.698375
54,35,0.698176
54,36,0.69851
54,37,0.699298
54,38,0.700371
54,39,0.701523
54,40,0.702568
54,41,0.703378
54,42,0.70389
54,43,0.704098
54,44,0.704043
54,45,0.703808
54,46,0.703511
54,47,0.703302
54,48,0.703332
54,49,0.703725
54,50,0.704518
54,51,0.705652
54,52,0.706979
54,53,0.708297
54,54,0.709424
54,55,0.710238
54,56,0.71071
54,57,0.710884
54,58,0.71084
54,59,0.710653
54,60,0.710361
54,61,0.709956
54,62,0.709413
54,63,0.70871
54,64,0.70786
54,65,0.706918
54,66,0.705982
54,67,0.705166
54,68,0.704583
54,69,0.704319
54,70,0.704414
54,71,0.704857
54,72,0.705575
54,73,0.706434
54,74,0.707252
54,75,0.707821
54,76,0.707943
54,77,0.707482
54,78,0.706392
54,79,0.704741
54,80,0.702706
54,81,0.700544
54,82,0.69854
54,83,0.696971
54,84,0.69605
54,85,0.695914
54,86,0.696618
54,87,0.698143
54,88,0.700413
54,89,0.703298
54,90,0.70662
54,91,0.710145
54,92,0.713576
54,93,0.716578
54,94,0.718816
54,95,0.720013
55,0,0.696413
55,1,0.696735
55,2,0.697348
55,3,0.698191
55,4,0.699156
55,5,0.700096
55,6,0.700861
55,7,0.701333
55,8,0.701476
55,9,0.701357
55,10,0.701126
55,11,0.70097
55,12,0.701038
55,13,0.701372
55,14,0.701893
55,15,0.702401
55,16,0.702646
55,17,0.702411
55,18,0.701601
55,19,0.700289
55,20,0.698719
55,21,0.697249
55,22,0.69625
55,23,0.695994
55,24,0.696566
55,25,0.697837
55,26,0.699493
55,27,0.701123
55,28,0.702337
55,29,0.70286
55,30,0.7026
55,31,0.701658
55,32,0.700294
55,33,0.698843
55,34,0.697635
55,35,0.696906
55,36,0.696754
55,37,0.697135
55,38,0.697896
55,39,0.698834
55,40,0.699752
55,41,0.700503
55,42,0.700998
55,43,0.701215
55,44,0.70118
55,45,0.700972
55,46,0.70072
55,47,0.700585
55,48,0.700735
55,49,0.701308
55,50,0.702347
55,51,0.70379
55,52,0.705476
55,53,0.707184
55,54,0.708706
55,55,0.709895
55,56,0.710695
55,57,0.71113
55,58,0.711258
55,59,0.711143
55,60,0.710814
55,61,0.710269
55,62,0.709498
55,63,0.708506
55,64,0.707349
55,65,0.706127
55,66,0.704988
55,67,0.704086
55,68,0.703557
55,69,0.703483
55,70,0.703877
55,71,0.704676
55,72,0.705746
55,73,0.70689
55,74,0.70788
55,75,0.708487
55,76,0.708518
55,77,0.707863
55,78,0.706518
55,79,0.704597
55,80,0.702314
55,81,0.699947
55,82,0.697788
55,83,0.696103
55,84,0.695094
55,85,0.694889
55,86,0.695545
55,87,0.697058
55,88,0.699372
55,89,0.702375
55,90,0.705893
55,91,0.709676
55,92,0.713396
55,93,0.716674
55,94,0.719126
55,95,0.720442
56,0,0.700375
56,1,0.700565
56,2,0.700929
56,3,0.701433
56,4,0.702004
56,5,0.702533
56,6,0.702899
56,7,0.703005
56,8,0.702813
56,9,0.702377
56,10,0.701826
56,11,0.701331
56,12,0.701046
56,13,0.701036
56,14,0.701259
56,15,0.701554
56,16,0.701696
56,17,0.70147
56,18,0.700757
56,19,0.699595
56,20,0.698189
56,21,0.69687
56,22,0.696
56,23,0.695863
56,24,0.696559
56,25,0.697974
56,26,0.699794
56,27,0.701593
56,28,0.702946
56,29,0.703539
56,30,0.703245
56,31,0.702141
56,32,0.700482
56,33,0.698618
56,34,0.696912
56,35,0.695643
56,36,0.694954
56,37,0.694844
56,38,0.695194
56,39,0.695822
56,40,0.696538
56,41,0.697189
56,42,0.697676
56,43,0.697954
56,44,0.69803
56,45,0.69797
56,46,0.697889
56,47,0.697945
56,48,0.698307
56,49,0.699112
56,50,0.700406
56,51,0.702128
56,52,0.704113
56,53,0.706135
56,54,0.707975
56,55,0.709469
56,56,0.710539
56,57,0.711181
56,58,0.711428
56,59,0.711322
56,60,0.710883
56,61,0.710115
56,62,0.709031
56,63,0.707676
56,64,0.706156
56,65,0.704627
56,66,0.703285
56,67,0.702324
56,68,0.701896
56,69,0.702077
56,70,0.702843
56,71,0.704081
56,72,0.705588
56,73,0.707106
56,74,0.708357
56,75,0.709083
56,76,0.70909
56,77,0.70829
56,78,0.706716
56,79,0.704526
56,80,0.701972
56,81,0.699358
56,82,0.696987
56,83,0.695123
56,84,0.693962
56,85,0.693631
56,86,0.69419
56,87,0.695647
56,88,0.697961
56,89,0.701034
56,90,0.70469
56,91,0.708665
56,92,0.712604
56,93,0.716089
56,94,0.718705
56,95,0.720109
57,0,0.704482
57,1,0.70449
57,2,0.704514
57,3,0.704563
57,4,0.704619
57,5,0.704635
57,6,0.704539
57,7,0.70426
57,8,0.703762
57,9,0.703076
57,10,0.702298
57,11,0.701566
57,12,0.701022
57,13,0.700746
57,14,0.700728
57,15,0.700851
57,16,0.700921
57,17,0.70073
57,18,0.700145
57,19,0.699163
57,20,0.697948
57,21,0.696794
57,22,0.696045
57,23,0.695983
57,24,0.696728
57,25,0.698186
57,26,0.700057
57,27,0.70192
57,28,0.703338
57,29,0.703972
57,30,0.703664
57,31,0.70246
57,32,0.700597
57,33,0.69842
57,34,0.696302
57,35,0.694545
57,36,0.69333
57,37,0.692701
57,38,0.692582
57,39,0.692829
57,40,0.693281
57,41,0.693796
57,42,0.69427
57,43,0.694642
57,44,0.694896
57,45,0.695069
57,46,0.69525
57,47,0.695577
57,48,0.696203
57,49,0.69726
57,50,0.698794
57,51,0.70075
57,52,0.702973
57,53,0.705244
57,54,0.707342
57,55,0.709092
57,56,0.710391
57,57,0.711204
57,58,0.71153
57,59,0.711386
57,60,0.710782
57,61,0.709733
57,62,0.708284
57,63,0.706528
57,64,0.704628
57,65,0.702798
57,66,0.701281
57,67,0.700301
57,68,0.70002
57,69,0.700499
57,70,0.701679
57,71,0.70339
57,72,0.705371
57,73,0.707299
57,74,0.708851
57,75,0.709739
57,76,0.709765
57,77,0.708858
57,78,0.707084
57,79,0.70464
57,80,0.701813
57,81,0.698935
57,82,0.696321
57,83,0.694239
57,84,0.692882
57,85,0.692376
57,86,0.692783
57,87,0.694122
57,88,0.696362
57,89,0.699412
57,90,0.703095
57,91,0.707136
57,92,0.711163
57,93,0.714737
57,94,0.717422
57,95,0.718865
58,0,0.708263
58,1,0.708056
58,2,0.70768
58,3,0.707203
58,4,0.706678
58,5,0.706136
58,6,0.705566
58,7,0.704934
58,8,0.704204
58,9,0.703378
58,10,0.702502
58,11,0.701669
58,12,0.700993
58,13,0.700552
58,14,0.700365
58,15,0.700354
58,16,0.700361
58,17,0.700199
58,18,0.699728
58,19,0.698915
58,20,0.697884
58,21,0.696889
58,22,0.696247
58,23,0.696233
58,24,0.696975
58,25,0.698401
58,26,0.700237
58,27,0.70208
58,28,0.703498
58,29,0.704147
58,30,0.703847
58,31,0.702618
58,32,0.700667
58,33,0.698313
58,34,0.695915
58,35,0.693782
58,36,0.692115
58,37,0.690997
58,38,0.690401
58,39,0.690234
58,40,0.690378
58,41,0.69072
58,42,0.691163
58,43,0.691636
58,44,0.692095
58,45,0.692542
58,46,0.693028
58,47,0.693656
58,48,0.694554
58,49,0.695844
58,50,0.697575
58,51,0.699707
58,52,0.702105
58,53,0.704566
58,54,0.706876
58,55,0.708848
58,56,0.710352
58,57,0.711314
58,58,0.711696
58,59,0.711489
58,60,0.710696
58,61,0.709349
58,62,0.707533
58,63,0.705396
58,64,0.703156
58,65,0.701081
58,66,0.69945
58,67,0.698511
58,68,0.69842
58,69,0.699221
58,70,0.700816
58,71,0.702987
58,72,0.705417
58,73,0.707734
58,74,0.709571
58,75,0.710618
58,76,0.710669
58,77,0.70967
58,78,0.707712
58,79,0.705028
58,80,0.701937
58,81,0.698795
58,82,0.69593
58,83,0.693612
58,84,0.692034
58,85,0.691318
58,86,0.691527
58,87,0.692684
58,88,0.694762
58,89,0.697673
58,90,0.701242
58,91,0.705187
58,92,0.709135
58,93,0.712646
58,94,0.715287
58,95,0.716706
59,0,0.711275
59,1,0.710841
59,2,0.710048
59,3,0.709027
59,4,0.707916
59,5,0.706831
59,6,0.705831
59,7,0.704921
59,8,0.704067
59,9,0.703232
59,10,0.702408
59,11,0.701626
59,12,0.700956
59,13,0.700464
59,14,0.700183
59,15,0.700072
59,16,0.700014
59,17,0.69985
59,18,0.699447
59,19,0.69876
59,20,0.697879
59,21,0.697021
59,22,0.696473
59,23,0.696489
59,24,0.6972
59,25,0.698549
59,26,0.70029
59,27,0.702048
59,28,0.703417
59,29,0.70406
59,30,0.703795
59,31,0.702619
59,32,0.700704
59,33,0.698333
59,34,0.695828
59,35,0.693478
59,36,0.691487
59,37,0.689966
59,38,0.688933
59,39,0.688356
59,40,0.688171
59,41,0.688309
59,42,0.688692
59,43,0.689246
59,44,0.689902
59,45,0.69062
59,46,0.691406
59,47,0.692318
59,48,0.693455
59,49,0.694923
59,50,0.696782
59,51,0.699014
59,52,0.701515
59,53,0.704108
59,54,0.706586
59,55,0.708752
59,56,0.710444
59,57,0.711545
59,58,0.711979
59,59,0.711713
59,60,0.710748
59,61,0.709141
59,62,0.70702
59,63,0.704584
59,64,0.702104
59,65,0.699887
59,66,0.698239
59,67,0.69741
59,68,0.697547
59,69,0.698667
59,70,0.70064
59,71,0.703206
59,72,0.706008
59,73,0.708635
59,74,0.710691
59,75,0.711845
59,76,0.711891
59,77,0.710784
59,78,0.708641
59,79,0.705722
59,80,0.702376
59,81,0.698977
59,82,0.695866
59,83,0.693313
59,84,0.691508
59,85,0.690567
59,86,0.690549
59,87,0.691472
59,88,0.693309
59,89,0.69597
59,90,0.69928
59,91,0.702966
59,92,0.706665
59,93,0.709958
59,94,0.712434
59,95,0.713764
60,0,0.713216
60,1,0.712566
60,2,0.711376
60,3,0.709845
60,4,0.708197
60,5,0.706636
60,6,0.705291
60,7,0.704208
60,8,0.70335
60,9,0.702643
60,10,0.702013
60,11,0.701425
60,12,0.700892
60,13,0.700456
60,14,0.700154
60,15,0.699975
60,16,0.699842
60,17,0.699637
60,18,0.699246
60,19,0.698624
60,20,0.697843
60,21,0.697088
60,22,0.696612
60,23,0.696644
60,24,0.697306
60,25,0.69855
60,26,0.700155
60,27,0.701782
60,28,0.703062
60,29,0.703687
60,30,0.703483
60,31,0.702438
60,32,0.700688
60,33,0.698467
60,34,0.696044
60,35,0.693664
60,36,0.691512
60,37,0.689711
60,38,0.688321
60,39,0.68737
60,40,0.686858
60,41,0.686769
60,42,0.687058
60,43,0.687657
60,44,0.688475
60,45,0.689432
60,46,0.690481
60,47,0.691632
60,48,0.692945
60,49,0.694515
60,50,0.696413
60,51,0.698653
60,52,0.701171
60,53,0.703822
60,54,0.706414
60,55,0.708736
60,56,0.710595
60,57,0.71183
60,58,0.71233
60,59,0.71204
60,60,0.710966
60,61,0.709193
60,62,0.706887
60,63,0.704294
60,64,0.701722
60,65,0.699504
60,66,0.697949
60,67,0.697303
60,68,0.69769
60,69,0.699102
60,70,0.70138
60,71,0.704239
60,72,0.707295
60,73,0.710114
60,74,0.712284
60,75,0.713463
60,76,0.713445
60,77,0.712196
60,78,0.709851
60,79,0.706695
60,80,0.703099
60,81,0.699454
60,82,0.696108
60,83,0.693334
60,84,0.691313
60,85,0.690152
60,86,0.689898
60,87,0.690561
60,88,0.692103
60,89,0.694427
60,90,0.697362
60,91,0.700648
60,92,0.703951
60,93,0.706889
60,94,0.709097
60,95,0.710282
61,0,0.713976
61,1,0.713136
61,2,0.7116
61,3,0.709632
61,4,0.707537
61,5,0.7056
61,6,0.704019
61,7,0.702875
61,8,0.702129
61,9,0.701665
61,10,0.701346
61,11,0.701063
61,12,0.700771
61,13,0.700477
61,14,0.700215
61,15,0.699997
61,16,0.699787
61,17,0.699508
61,18,0.699078
61,19,0.698464
61,20,0.697729
61,21,0.697034
61,22,0.696598
61,23,0.696622
61,24,0.697211
61,25,0.698321
61,26,0.699754
61,27,0.701212
61,28,0.702372
61,29,0.702969
61,30,0.702853
61,31,0.702011
61,32,0.700547
61,33,0.698637
61,34,0.69648
61,35,0.694259
61,36,0.692122
61,37,0.690185
61,38,0.688542
61,39,0.687276
61,40,0.686457
61,41,0.686131
61,42,0.686299
61,43,0.686903
61,44,0.68784
61,45,0.688991
61,46,0.690254
61,47,0.691584
61,48,0.693002
61,49,0.694588
61,50,0.696424
61,51,0.698566
61,52,0.700994
61,53,0.703607
61,54,0.70623
61,55,0.708648
61,56,0.710638
61,57,0.712001
61,58,0.712592
61,59,0.712344
61,60,0.711266
61,61,0.709467
61,62,0.707145
61,63,0.704578
61,64,0.702091
61,65,0.700023
61,66,0.698674
61,67,0.698268
61,68,0.698907
61,69,0.700559
61,70,0.703048
61,71,0.706074
61,72,0.709245
61,73,0.712122
61,74,0.714287
61,75,0.715397
61,76,0.715249
61,77,0.713817
61,78,0.711252
61,79,0.707856
61,80,0.704018
61,81,0.700141
61,82,0.69658
61,83,0.693605
61,84,0.69139
61,85,0.690029
61,86,0.689555
61,87,0.689956
61,88,0.691178
61,89,0.693115
61,90,0.695598
61,91,0.698388
61,92,0.701189
61,93,0.703674
61,94,0.705536
61,95,0.706534
62,0,0.713629
62,1,0.712637
62,2,0.710826
62,3,0.708518
62,4,0.706087
62,5,0.703894
62,6,0.702191
62,7,0.701091
62,8,0.700548
62,9,0.700407
62,10,0.70047
62,11,0.70056
62,12,0.700571
62,13,0.700477
62,14,0.700299
62,15,0.70007
62,16,0.699792
62,17,0.699425
62,18,0.698924
62,19,0.698273
62,20,0.697533
62,21,0.696845
62,22,0.696401
62,23,0.696371
62,24,0.696844
62,25,0.697777
62,26,0.698997
62,27,0.700248
62,28,0.701262
62,29,0.701827
62,30,0.701828
62,31,0.701256
62,32,0.700185
62,33,0.698727
62,34,0.697
62,35,0.695111
62,36,0.693151
62,37,0.69122
62,38,0.689432
62,39,0.687924
62,40,0.686836
62,41,0.686282
62,42,0.686312
62,43,0.686892
62,44,0.687912
62,45,0.689214
62,46,0.690644
62,47,0.692098
62,48,0.693552
62,49,0.695067
62,50,0.696739
62,51,0.698662
62,52,0.700875
62,53,0.703323
62,54,0.705866
62,55,0.70829
62,56,0.710354
62,57,0.71183
62,58,0.712548
62,59,0.712424
62,60,0.711473
62,61,0.709819
62,62,0.707675
62,63,0.705329
62,64,0.703104
62,65,0.701326
62,66,0.700273
62,67,0.700141
62,68,0.70101
62,69,0.702831
62,70,0.705424
62,71,0.708489
62,72,0.711641
62,73,0.714448
62,74,0.716499
62,75,0.717458
62,76,0.717127
62,77,0.715487
62,78,0.712699
62,79,0.709075
62,80,0.705015
62,81,0.700932
62,82,0.697182
62,83,0.694035
62,84,0.691657
62,85,0.690127
62,86,0.689458
62,87,0.689615
62,88,0.690521
62,89,0.692055
62,90,0.69405
62,91,0.696292
62,92,0.69853
62,93,0.700506
62,94,0.701977
62,95,0.702763
63,0,0.712388
63,1,0.711286
63,2,0.709279
63,3,0.706736
63,4,0.70409
63,5,0.701756
63,6,0.700036
63,7,0.699061
63,8,0.69878
63,9,0.699001
63,10,0.69947
63,11,0.699949
63,12,0.700283
63,13,0.70041
63,14,0.700343
63,15,0.70013
63,16,0.699801
63,17,0.699354
63,18,0.698772
63,19,0.698056
63,20,0.697267
63,21,0.696531
63,22,0.696014
63,23,0.695864
63,24,0.696156
63,25,0.696854
63,26,0.697812
63,27,0.698821
63,28,0.699672
63,29,0.70021
63,30,0.70036
63,31,0.70012
63,32,0.699529
63,33,0.698634
63,34,0.697465
63,35,0.696042
63,36,0.694391
63,37,0.692585
63,38,0.69075
63,39,0.689075
63,40,0.687765
63,41,0.687006
63,42,0.686901
63,43,0.687446
63,44,0.688526
63,45,0.689949
63,46,0.691508
63,47,0.693039
63,48,0.694469
63,49,0.695832
63,50,0.697237
63,51,0.698821
63,52,0.700678
63,53,0.702819
63,54,0.705143
63,55,0.70746
63,56,0.709523
63,57,0.711087
63,58,0.711961
63,59,0.712052
63,60,0.711367
63,61,0.71003
63,62,0.708252
63,63,0.706308
63,64,0.704499
63,65,0.703121
63,66,0.702421
63,67,0.702567
63,68,0.703621
63,69,0.705532
63,70,0.708122
63,71,0.711108
63,72,0.714125
63,73,0.71676
63,74,0.718618
63,75,0.719375
63,76,0.718842
63,77,0.717002
63,78,0.71402
63,79,0.710211
63,80,0.705977
63,81,0.701732
63,82,0.697833
63,83,0.694552
63,84,0.692045
63,85,0.690379
63,86,0.689545
63,87,0.689483
63,88,0.690088
63,89,0.691224
63,90,0.692725
63,91,0.694404
63,92,0.696061
63,93,0.697506
63,94,0.698571
63,95,0.699137
64,0,0.710517
64,1,0.709347
64,2,0.707225
64,3,0.704553
64,4,0.701804
64,5,0.699439
64,6,0.69779
64,7,0.696999
64,8,0.697005
64,9,0.697585
64,10,0.698439
64,11,0.699282
64,12,0.699917
64,13,0.700257
64,14,0.70031
64,15,0.700134
64,16,0.699782
64,17,0.699276
64,18,0.698621
64,19,0.697828
64,20,0.696954
64,21,0.696113
64,22,0.69545
64,23,0.6951
64,24,0.695136
64,25,0.695533
64,26,0.696181
64,27,0.696923
64,28,0.697609
64,29,0.698139
64,30,0.698475
64,31,0.698617
64,32,0.69857
64,33,0.698311
64,34,0.697779
64,35,0.696906
64,36,0.695651
64,37,0.694055
64,38,0.692253
64,39,0.690478
64,40,0.689
64,41,0.68807
64,42,0.68785
64,43,0.688363
64,44,0.689495
64,45,0.691021
64,46,0.692681
64,47,0.69425
64,48,0.695602
64,49,0.696743
64,50,0.697791
64,51,0.698919
64,52,0.700289
64,53,0.701977
64,54,0.703942
64,55,0.706028
64,56,0.708004
64,57,0.70962
64,58,0.710671
64,59,0.71105
64,60,0.71075
64,61,0.709877
64,62,0.708617
64,63,0.707212
64,64,0.705926
64,65,0.705014
64,66,0.704685
64,67,0.705085
64,68,0.706265
64,69,0.70818
64,70,0.710673
64,71,0.713486
64,72,0.716283
64,73,0.718681
64,74,0.720308
64,75,0.720857
64,76,0.720146
64,77,0.71816
64,78,0.715057
64,79,0.711145
64,80,0.706816
64,81,0.702481
64,82,0.698494
64,83,0.695123
64,84,0.692522
64,85,0.690748
64,86,0.689772
64,87,0.689509
64,88,0.689827
64,89,0.690573
64,90,0.691587
64,91,0.692707
64,92,0.693788
64,93,0.694708
64,94,0.695372
64,95,0.695719
65,0,0.708258
65,1,0.707063
65,2,0.704903
65,3,0.702202
65,4,0.699461
65,5,0.697164
65,6,0.69566
65,7,0.695093
65,8,0.695388
65,9,0.696296
65,10,0.697484
65,11,0.698633
65,12,0.699519
65,13,0.700042
65,14,0.700206
65,15,0.700079
65,16,0.699727
65,17,0.69919
65,18,0.698478
65,19,0.697605
65,20,0.696619
65,21,0.695619
65,22,0.694741
65,23,0.694115
65,24,0.693822
65,25,0.693864
65,26,0.694172
65,27,0.694642
65,28,0.69518
65,29,0.695737
65,30,0.696299
65,31,0.696864
65,32,0.697398
65,33,0.697805
65,34,0.697938
65,35,0.697647
65,36,0.696825
65,37,0.695484
65,38,0.693768
65,39,0.691947
65,40,0.69035
65,41,0.689293
65,42,0.688985
65,43,0.689481
65,44,0.690662
65,45,0.692276
65,46,0.694011
65,47,0.695581
65,48,0.696807
65,49,0.697668
65,50,0.698284
65,51,0.698868
65,52,0.699643
65,53,0.700759
65,54,0.702243
65,55,0.70399
65,56,0.705796
65,57,0.707418
65,58,0.708648
65,59,0.709357
65,60,0.709516
65,61,0.709198
65,62,0.708547
65,63,0.707759
65,64,0.707045
65,65,0.706612
65,66,0.706635
65,67,0.70724
65,68,0.708478
65,69,0.710319
65,70,0.712635
65,71,0.715206
65,72,0.717732
65,73,0.719866
65,74,0.721266
65,75,0.721644
65,76,0.720825
65,77,0.71879
65,78,0.715684
65,79,0.711791
65,80,0.707486
65,81,0.703162
65,82,0.699166
65,83,0.695764
65,84,0.693107
65,85,0.691246
65,86,0.690137
65,87,0.689672
65,88,0.689701
65,89,0.690056
65,90,0.690584
65,91,0.691155
65,92,0.691674
65,93,0.692087
65,94,0.692367
65,95,0.692507
66,0,0.70582
66,1,0.704639
66,2,0.702514
66,3,0.69988
66,4,0.697249
66,5,0.695112
66,6,0.693819
66,7,0.693507
66,8,0.694083
66,9,0.695277
66,10,0.696735
66,11,0.698117
66,12,0.69919
66,13,0.699846
66,14,0.700097
66,15,0.700015
66,16,0.699677
66,17,0.699124
66,18,0.698368
66,19,0.697411
66,20,0.696288
66,21,0.695088
66,22,0.69394
66,23,0.692979
66,24,0.69231
66,25,0.691969
66,26,0.691935
66,27,0.692157
66,28,0.692591
66,29,0.693223
66,30,0.694055
66,31,0.69507
66,32,0.696189
66,33,0.697249
66,34,0.698025
66,35,0.698293
66,36,0.697895
66,37,0.696817
66,38,0.695212
66,39,0.693384
66,40,0.691713
66,41,0.690568
66,42,0.690203
66,43,0.690694
66,44,0.691923
66,45,0.693605
66,46,0.695382
66,47,0.696914
66,48,0.697973
66,49,0.698511
66,50,0.698651
66,51,0.69864
66,52,0.698761
66,53,0.699236
66,54,0.700164
66,55,0.701495
66,56,0.703064
66,57,0.704646
66,58,0.706027
66,59,0.707063
66,60,0.707694
66,61,0.707947
66,62,0.70792
66,63,0.707749
66,64,0.70759
66,65,0.707602
66,66,0.707925
66,67,0.708672
66,68,0.709897
66,69,0.711594
66,70,0.713673
66,71,0.715955
66,72,0.718188
66,73,0.720064
66,74,0.721276
66,75,0.721557
66,76,0.720738
66,77,0.71879
66,78,0.715833
66,79,0.712118
66,80,0.707985
66,81,0.703801
66,82,0.699896
66,83,0.696531
66,84,0.693857
66,85,0.69192
66,86,0.690669
66,87,0.689984
66,88,0.689697
66,89,0.689641
66,90,0.689672
66,91,0.689696
66,92,0.68967
66,93,0.689601
66,94,0.689519
66,95,0.689464
67,0,0.703353
67,1,0.702224
67,2,0.700205
67,3,0.69773
67,4,0.69531
67,5,0.693426
67,6,0.692413
67,7,0.692389
67,8,0.693244
67,9,0.694687
67,10,0.696353
67,11,0.697897
67,12,0.699087
67,13,0.69982
67,14,0.700117
67,15,0.700056
67,16,0.69972
67,17,0.699148
67,18,0.698341
67,19,0.697288
67,20,0.696008
67,21,0.694578
67,22,0.693126
67,23,0.691805
67,24,0.690747
67,25,0.690032
67,26,0.68969
67,27,0.689718
67,28,0.690111
67,29,0.690876
67,30,0.692016
67,31,0.693487
67,32,0.695162
67,33,0.69682
67,34,0.698171
67,35,0.698932
67,36,0.698907
67,37,0.698067
67,38,0.696574
67,39,0.694761
67,40,0.693051
67,41,0.691852
67,42,0.691455
67,43,0.691949
67,44,0.693213
67,45,0.694935
67,46,0.696717
67,47,0.698171
67,48,0.699031
67,49,0.699228
67,50,0.698888
67,51,0.698287
67,52,0.69776
67,53,0.697591
67,54,0.697946
67,55,0.698831
67,56,0.700122
67,57,0.701613
67,58,0.703093
67,59,0.7044
67,60,0.70544
67,61,0.706201
67,62,0.706725
67,63,0.707094
67,64,0.707411
67,65,0.707788
67,66,0.708336
67,67,0.709152
67,68,0.7103
67,69,0.711798
67,70,0.713597
67,71,0.715567
67,72,0.717505
67,73,0.719153
67,74,0.720239
67,75,0.72052
67,76,0.719833
67,77,0.71813
67,78,0.715497
67,79,0.712137
67,80,0.708343
67,81,0.704444
67,82,0.700743
67,83,0.69749
67,84,0.694837
67,85,0.69283
67,86,0.691417
67,87,0.690471
67,88,0.689827
67,89,0.689321
67,90,0.688835
67,91,0.688311
67,92,0.687757
67,93,0.687231
67,94,0.686815
67,95,0.686584
68,0,0.700978
68,1,0.699937
68,2,0.698092
68,3,0.695868
68,4,0.693757
68,5,0.692221
68,6,0.691565
68,7,0.691875
68,8,0.693018
68,9,0.69469
68,10,0.69652
68,11,0.698168
68,12,0.699411
68,13,0.700161
68,14,0.700448
68,15,0.700363
68,16,0.699989
68,17,0.699364
68,18,0.698477
68,19,0.697302
68,20,0.695843
68,21,0.694167
68,22,0.692405
68,23,0.690728
68,24,0.689306
68,25,0.688263
68,26,0.687678
68,27,0.687588
68,28,0.688014
68,29,0.68897
68,30,0.690441
68,31,0.692349
68,32,0.694523
68,33,0.696687
68,34,0.698505
68,35,0.699657
68,36,0.699925
68,37,0.699273
68,38,0.697875
68,39,0.696086
68,40,0.694359
68,41,0.693132
68,42,0.692717
68,43,0.693214
68,44,0.694493
68,45,0.696222
68,46,0.69797
68,47,0.699315
68,48,0.699966
68,49,0.699838
68,50,0.699062
68,51,0.697936
68,52,0.696834
68,53,0.696088
68,54,0.695916
68,55,0.696371
68,56,0.697365
68,57,0.698715
68,58,0.700212
68,59,0.70168
68,60,0.703002
68,61,0.704125
68,62,0.705051
68,63,0.705816
68,64,0.706476
68,65,0.707106
68,66,0.707787
68,67,0.708602
68,68,0.709619
68,69,0.710882
68,70,0.712379
68,71,0.71403
68,72,0.71569
68,73,0.71715
68,74,0.718184
68,75,0.718572
68,76,0.718153
68,77,0.716856
68,78,0.714721
68,79,0.711895
68,80,0.708608
68,81,0.705138
68,82,0.701756
68,83,0.698692
68,84,0.696097
68,85,0.694018
68,86,0.692412
68,87,0.69116
68,88,0.690107
68,89,0.689112
68,90,0.688089
68,91,0.68702
68,92,0.685961
68,93,0.685014
68,94,0.684296
68,95,0.683908
69,0,0.69879
69,1,0.697872
69,2,0.696264
69,3,0.694376
69,4,0.692675
69,5,0.691583
69,6,0.691365
69,7,0.692068
69,8,0.69353
69,9,0.695432
69,10,0.697404
69,11,0.699116
69,12,0.70036
69,13,0.701066
69,14,0.70128
69,15,0.701102
69,16,0.700623
69,17,0.699883
69,18,0.698863
69,19,0.697527
69,20,0.695865
69,21,0.693937
69,22,0.691879
69,23,0.689881
69,24,0.688148
69,25,0.686848
69,26,0.686102
69,27,0.685979
69,28,0.686509
69,29,0.687699
69,30,0.689505
69,31,0.691808
69,32,0.694392
69,33,0.696944
69,34,0.699097
69,35,0.700515
69,36,0.700973
69,37,0.700441
69,38,0.699104
69,39,0.697334
69,40,0.695603
69,41,0.694363
69,42,0.693939
69,43,0.694432
69,44,0.695705
69,45,0.697411
69,46,0.699098
69,47,0.700326
69,48,0.70079
69,49,0.700398
69,50,0.699284
69,51,0.697759
69,52,0.696217
69,53,0.695019
69,54,0.694416
69,55,0.694493
69,56,0.695191
69,57,0.696346
69,58,0.697754
69,59,0.699235
69,60,0.700654
69,61,0.701938
69,62,0.703061
69,63,0.704027
69,64,0.704864
69,65,0.705614
69,66,0.706331
69,67,0.707082
69,68,0.707932
69,69,0.70894
69,70,0.71013
69,71,0.711473
69,72,0.712879
69,73,0.714199
69,74,0.715253
69,75,0.715847
69,76,0.715821
69,77,0.715073
69,78,0.713593
69,79,0.711457
69,80,0.708827
69,81,0.705916
69,82,0.702952
69,83,0.700143
69,84,0.697633
69,85,0.695479
69,86,0.69365
69,87,0.692048
69,88,0.690547
69,89,0.689038
69,90,0.687474
69,91,0.685882
69,92,0.684357
69,93,0.683036
69,94,0.682058
69,95,0.681536
70,0,0.69687
70,1,0.696103
70,2,0.694788
70,3,0.693312
70,4,0.692106
70,5,0.691546
70,6,0.691846
70,7,0.693005
70,8,0.694828
70,9,0.696982
70,10,0.699096
70,11,0.700853
70,12,0.702063
70,13,0.702671
70,14,0.702741
70,15,0.702391
70,16,0.701722
70,17,0.700784
70,18,0.699562
70,19,0.698014
70,20,0.696124
70,21,0.693945
70,22,0.691618
70,23,0.689351
70,24,0.687376
70,25,0.685901
70,26,0.685078
70,27,0.684997
70,28,0.685688
70,29,0.687134
70,30,0.689254
70,31,0.691884
70,32,0.694772
70,33,0.697577
70,34,0.69992
70,35,0.701466
70,36,0.702003
70,37,0.701511
70,38,0.700191
70,39,0.698424
70,40,0.69669
70,41,0.695447
70,42,0.695017
70,43,0.6955
70,44,0.696753
70,45,0.698421
70,46,0.700046
70,47,0.701182
70,48,0.701522
70,49,0.700973
70,50,0.699669
70,51,0.69792
70,52,0.696121
70,53,0.694637
70,54,0.69373
70,55,0.693502
70,56,0.693912
70,57,0.694812
70,58,0.696012
70,59,0.697333
70,60,0.698641
70,61,0.699857
70,62,0.700945
70,63,0.7019
70,64,0.702732
70,65,0.703464
70,66,0.704126
70,67,0.704762
70,68,0.705427
70,69,0.706183
70,70,0.707082
70,71,0.708138
70,72,0.709323
70,73,0.710549
70,74,0.711683
70,75,0.712564
70,76,0.713027
70,77,0.71294
70,78,0.712233
70,79,0.710907
70,80,0.709044
70,81,0.706788
70,82,0.704316
70,83,0.701808
70,84,0.699402
70,85,0.697167
70,86,0.695095
70,87,0.693119
70,88,0.691154
70,89,0.689135
70,90,0.687057
70,91,0.684989
70,92,0.683059
70,93,0.681424
70,94,0.680234
70,95,0.679606
71,0,0.695264
71,1,0.694671
71,2,0.693691
71,3,0.692683
71,4,0.692037
71,5,0.692076
71,6,0.692956
71,7,0.694627
71,8,0.696856
71,9,0.699294
71,10,0.701568
71,11,0.70337
71,12,0.704525
71,13,0.704994
71,14,0.70486
71,15,0.704258
71,16,0.703312
71,17,0.702088
71,18,0.700589
71,19,0.698777
71,20,0.696634
71,21,0.694211
71,22,0.69165
71,23,0.689169
71,24,0.687024
71,25,0.685448
71,26,0.68462
71,27,0.684634
71,28,0.685513
71,29,0.687208
71,30,0.689595
71,31,0.692469
71,32,0.695542
71,33,0.69846
71,34,0.700847
71,35,0.702385
71,36,0.702885
71,37,0.702351
71,38,0.700995
71,39,0.699208
71,40,0.697467
71,41,0.696223
71,42,0.695793
71,43,0.696269
71,44,0.697504
71,45,0.699143
71,46,0.700736
71,47,0.701844
71,48,0.702166
71,49,0.701611
71,50,0.700304
71,51,0.698538
71,52,0.696688
71,53,0.695101
71,54,0.694027
71,55,0.693571
71,56,0.693702
71,57,0.694289
71,58,0.69516
71,59,0.696151
71,60,0.697144
71,61,0.698068
71,62,0.698901
71,63,0.699642
71,64,0.700303
71,65,0.700894
71,66,0.701424
71,67,0.701914
71,68,0.702393
71,69,0.70292
71,70,0.703559
71,71,0.704364
71,72,0.705363
71,73,0.706531
71,74,0.70779
71,75,0.709006
71,76,0.710016
71,77,0.710654
71,78,0.710786
71,79,0.710335
71,80,0.709298
71,81,0.707746
71,82,0.705803
71,83,0.703619
71,84,0.701325
71,85,0.699007
71,86,0.696689
71,87,0.694346
71,88,0.69194
71,89,0.689452
71,90,0.686923
71,91,0.684453
71,92,0.682195
71,93,0.680314
71,94,0.678964
71,95,0.678259
72,0,0.693992
72,1,0.693582
72,2,0.692956
72,3,0.692442
72,4,0.692384
72,5,0.693053
72,6,0.694545
72,7,0.696758
72,8,0.699425
72,9,0.702175
72,10,0.704633
72,11,0.706495
72,12,0.707594
72,13,0.707904
72,14,0.707523
72,15,0.70661
72,16,0.705315
72,17,0.703735
72,18,0.701895
72,19,0.699776
72,20,0.697364
72,21,0.694708
72,22,0.691948
72,23,0.689309
72,24,0.687057
72,25,0.685441
72,26,0.684652
72,27,0.684787
72,28,0.685847
72,29,0.687753
72,30,0.690339
72,31,0.693358
72,32,0.696495
72,33,0.699391
72,34,0.701686
72,35,0.70309
72,36,0.703447
72,37,0.70279
72,38,0.701348
72,39,0.699515
72,40,0.69776
72,41,0.696522
72,42,0.696103
72,43,0.696587
72,44,0.697825
72,45,0.699473
72,46,0.701093
72,47,0.702268
72,48,0.702707
72,49,0.70232
72,50,0.701212
72,51,0.699646
72,52,0.697951
72,53,0.696437
72,54,0.695327
72,55,0.694713
72,56,0.694572
72,57,0.694794
72,58,0.695234
72,59,0.695754
72,60,0.696264
72,61,0.696718
72,62,0.697119
72,63,0.697487
72,64,0.697845
72,65,0.6982
72,66,0.698546
72,67,0.698875
72,68,0.699188
72,69,0.699522
72,70,0.699945
72,71,0.70054
72,72,0.701386
72,73,0.702522
72,74,0.703924
72,75,0.70549
72,76,0.707057
72,77,0.708426
72,78,0.709402
72,79,0.709827
72,80,0.709616
72,81,0.708767
72,82,0.707351
72,83,0.705488
72,84,0.703309
72,85,0.700918
72,86,0.698379
72,87,0.695711
72,88,0.692927
72,89,0.690054
72,90,0.687166
72,91,0.684389
72,92,0.681888
72,93,0.679831
72,94,0.678369
72,95,0.67761
73,0,0.693036
73,1,0.692807
73,2,0.692526
73,3,0.692492
73,4,0.693007
73,5,0.694287
73,6,0.696377
73,7,0.699127
73,8,0.702238
73,9,0.705319
73,10,0.707984
73,11,0.709929
73,12,0.710988
73,13,0.711142
73,14,0.710503
73,15,0.709252
73,16,0.707572
73,17,0.705597
73,18,0.703383
73,19,0.700935
73,20,0.69825
73,21,0.69538
73,22,0.69246
73,23,0.689711
73,24,0.6874
73,25,0.685782
73,26,0.685049
73,27,0.685292
73,28,0.686496
73,29,0.688547
73,30,0.691242
73,31,0.694299
73,32,0.697385
73,33,0.70014
73,34,0.702227
73,35,0.703392
73,36,0.703518
73,37,0.702672
73,38,0.701102
73,39,0.699204
73,40,0.697437
73,41,0.696219
73,42,0.695834
73,43,0.696355
73,44,0.697636
73,45,0.699346
73,46,0.701073
73,47,0.702422
73,48,0.70312
73,49,0.703071
73,50,0.702353
73,51,0.701179
73,52,0.69982
73,53,0.698529
73,54,0.697489
73,55,0.696777
73,56,0.696377
73,57,0.696203
73,58,0.696145
73,59,0.696105
73,60,0.696028
73,61,0.695905
73,62,0.695768
73,63,0.695667
73,64,0.695643
73,65,0.69571
73,66,0.695849
73,67,0.696022
73,68,0.696198
73,69,0.696386
73,70,0.696643
73,71,0.697072
73,72,0.697795
73,73,0.698909
73,74,0.700446
73,75,0.702335
73,76,0.704419
73,77,0.706467
73,78,0.708225
73,79,0.709463
73,80,0.710019
73,81,0.709822
73,82,0.708896
73,83,0.707338
73,84,0.705279
73,85,0.702848
73,86,0.700144
73,87,0.697233
73,88,0.694173
73,89,0.691025
73,90,0.687891
73,91,0.684908
73,92,0.682246
73,93,0.680073
73,94,0.678536
73,95,0.67774
74,0,0.69237
74,1,0.692301
74,2,0.692327
74,3,0.692719
74,4,0.693739
74,5,0.695562
74,6,0.698187
74,7,0.701427
74,8,0.704954
74,9,0.708358
74,10,0.711243
74,11,0.713295
74,12,0.714345
74,13,0.714375
74,14,0.713505
74,15,0.711937
74,16,0.709885
74,17,0.707522
74,18,0.70494
74,19,0.702173
74,20,0.699235
74,21,0.69618
74,22,0.693139
74,23,0.69032
74,24,0.687983
74,25,0.686377
74,26,0.685688
74,27,0.685998
74,28,0.687275
74,29,0.68938
74,30,0.692081
74,31,0.695068
74,32,0.697997
74,33,0.700513
74,34,0.702303
74,35,0.703153
74,36,0.70299
74,37,0.701914
74,38,0.700195
74,39,0.698231
74,40,0.696467
74,41,0.695296
74,42,0.694981
74,43,0.695582
74,44,0.696954
74,45,0.698785
74,46,0.700691
74,47,0.70231
74,48,0.703382
74,49,0.703806
74,50,0.703621
74,51,0.702982
74,52,0.70209
74,53,0.70113
74,54,0.700241
74,55,0.699481
74,56,0.698842
74,57,0.698271
74,58,0.697702
74,59,0.697079
74,60,0.696391
74,61,0.695665
74,62,0.694967
74,63,0.694374
74,64,0.693951
74,65,0.69372
74,66,0.693654
74,67,0.693694
74,68,0.69377
74,69,0.693859
74,70,0.693999
74,71,0.694303
74,72,0.694924
74,73,0.696013
74,74,0.697651
74,75,0.699804
74,76,0.702317
74,77,0.704937
74,78,0.707359
74,79,0.70929
74,80,0.710502
74,81,0.710868
74,82,0.710374
74,83,0.7091
74,84,0.707179
74,85,0.704763
74,86,0.701985
74,87,0.698946
74,88,0.695738
74,89,0.692446
74,90,0.689182
74,91,0.686088
74,92,0.683334
74,93,0.681087
74,94,0.679497
74,95,0.678674
75,0,0.691965
75,1,0.692023
75,2,0.69229
75,3,0.693014
75,4,0.69443
75,5,0.696679
75,6,0.699729
75,7,0.703367
75,8,0.707245
75,9,0.710938
75,10,0.714037
75,11,0.716216
75,12,0.717297
75,13,0.717259
75,14,0.716222
75,15,0.714406
75,16,0.712048
75,17,0.709356
75,18,0.706459
75,19,0.70342
75,20,0.700272
75,21,0.697076
75,22,0.693953
75,23,0.691099
75,24,0.688755
75,25,0.687155
75,26,0.686474
75,27,0.686785
75,28,0.688045
75,29,0.690099
75,30,0.692696
75,31,0.695512
75,32,0.698193
75,33,0.700397
75,34,0.701834
75,35,0.70233
75,36,0.701854
75,37,0.700543
75,38,0.698684
75,39,0.696679
75,40,0.694954
75,41,0.693876
75,42,0.69368
75,43,0.694409
75,44,0.695918
75,45,0.697916
75,46,0.700051
75,47,0.701993
75,48,0.703502
75,49,0.704466
75,50,0.704886
75,51,0.704852
75,52,0.70449
75,53,0.703917
75,54,0.703224
75,55,0.702453
75,56,0.701611
75,57,0.700678
75,58,0.699636
75,59,0.698477
75,60,0.697229
75,61,0.695955
75,62,0.694748
75,63,0.69371
75,64,0.692924
75,65,0.692425
75,66,0.692183
75,67,0.692118
75,68,0.692132
75,69,0.692166
75,70,0.692234
75,71,0.692449
75,72,0.692986
75,73,0.694038
75,74,0.695731
75,75,0.698061
75,76,0.700885
75,77,0.703931
75,78,0.706855
75,79,0.709316
75,80,0.711037
75,81,0.711853
75,82,0.711722
75,83,0.710713
75,84,0.708964
75,85,0.706644
75,86,0.703906
75,87,0.700877
75,88,0.697661
75,89,0.694355
75,90,0.69107
75,91,0.687945
75,92,0.685147
75,93,0.682853
75,94,0.68122
75,95,0.680371
76,0,0.691795
76,1,0.691934
76,2,0.692356
76,3,0.693293
76,4,0.694962
76,5,0.697486
76,6,0.700816
76,7,0.704729
76,8,0.708862
76,9,0.712782
76,10,0.71607
76,11,0.718388
76,12,0.719545
76,13,0.719512
76,14,0.718406
76,15,0.716452
76,16,0.713903
76,17,0.710991
76,18,0.707875
76,19,0.704645
76,20,0.701355
76,21,0.698072
76,22,0.69491
76,23,0.692048
76,24,0.689702
76,25,0.688087
76,26,0.687363
76,27,0.687596
76,28,0.688738
76,29,0.690631
76,30,0.693019
76,31,0.695572
76,32,0.697938
76,33,0.699785
76,34,0.70085
76,35,0.700993
76,36,0.700223
76,37,0.698709
76,38,0.696756
76,39,0.694763
76,40,0.693138
76,41,0.692213
76,42,0.692191
76,43,0.693093
76,44,0.694772
76,45,0.696957
76,46,0.699327
76,47,0.701589
76,48,0.703524
76,49,0.705013
76,50,0.706021
76,51,0.706577
76,52,0.706735
76,53,0.706547
76,54,0.706063
76,55,0.705311
76,56,0.704313
76,57,0.703086
76,58,0.701657
76,59,0.700062
76,60,0.698367
76,61,0.696658
76,62,0.69505
76,63,0.693659
76,64,0.692584
76,65,0.69187
76,66,0.691488
76,67,0.69135
76,68,0.691333
76,69,0.691347
76,70,0.691384
76,71,0.691545
76,72,0.692019
76,73,0.693025
76,74,0.694726
76,75,0.697144
76,76,0.700148
76,77,0.703456
76,78,0.706698
76,79,0.709506
76,80,0.711573
76,81,0.712712
76,82,0.712872
76,83,0.712117
76,84,0.710587
76,85,0.708457
76,86,0.705886
76,87,0.703005
76,88,0.699919
76,89,0.696716
76,90,0.693501
76,91,0.690404
76,92,0.687598
76,93,0.685268
76,94,0.683595
76,95,0.682719
77,0,0.691824
77,1,0.691994
77,2,0.692475
77,3,0.693492
77,4,0.695258
77,5,0.69789
77,6,0.70134
77,7,0.705382
77,8,0.709656
77,9,0.713723
77,10,0.717158
77,11,0.719615
77,12,0.720892
77,13,0.720947
77,14,0.719888
77,15,0.717934
77,16,0.71534
77,17,0.71235
77,18,0.709143
77,19,0.705829
77,20,0.702483
77,21,0.699177
77,22,0.69602
77,23,0.69317
77,24,0.690821
77,25,0.689163
77,26,0.688341
77,27,0.688417
77,28,0.689348
77,29,0.690984
77,30,0.693073
77,31,0.695294
77,32,0.697301
77,33,0.698777
77,34,0.699485
77,35,0.699314
77,36,0.698306
77,37,0.696658
77,38,0.694687
77,39,0.692786
77,40,0.691335
77,41,0.690631
77,42,0.690836
77,43,0.691944
77,44,0.693801
77,45,0.696154
77,46,0.698715
77,47,0.701231
77,48,0.703507
77,49,0.705426
77,50,0.706923
77,51,0.707977
77,52,0.708578
77,53,0.708726
77,54,0.708435
77,55,0.707723
77,56,0.706627
77,57,0.705197
77,58,0.703498
77,59,0.701602
77,60,0.699602
77,61,0.697602
77,62,0.695722
77,63,0.694089
77,64,0.692809
77,65,0.691937
77,66,0.69145
77,67,0.691259
77,68,0.69123
77,69,0.691252
77,70,0.691292
77,71,0.691437
77,72,0.691875
77,73,0.692842
77,74,0.69452
77,75,0.696951
77,76,0.700013
77,77,0.703424
77,78,0.706805
77,79,0.709777
77,80,0.712027
77,81,0.713367
77,82,0.713749
77,83,0.713239
77,84,0.711975
77,85,0.710125
77,86,0.707839
77,87,0.705232
77,88,0.70239
77,89,0.699386
77,90,0.696308
77,91,0.693284
77,92,0.690492
77,93,0.688137
77,94,0.686426
77,95,0.685523
78,0,0.691976
78,1,0.69213
78,2,0.69258
78,3,0.693552
78,4,0.695266
78,5,0.697849
78,6,0.701261
78,7,0.705291
78,8,0.709585
78,9,0.713709
78,10,0.717241
78,11,0.719828
78,12,0.72126
78,13,0.721483
78,14,0.720589
78,15,0.718778
78,16,0.716296
78,17,0.713383
78,18,0.710224
78,19,0.706946
78,20,0.703635
78,21,0.700373
78,22,0.697264
78,23,0.694448
78,24,0.692092
78,25,0.690366
78,26,0.6894
78,27,0.689258
78,28,0.689907
78,29,0.691212
78,30,0.692941
78,31,0.694786
78,32,0.696419
78,33,0.697541
78,34,0.697935
78,35,0.697519
78,36,0.69636
78,37,0.694674
78,38,0.692783
78,39,0.691066
78,40,0.68987
78,41,0.689449
78,42,0.689919
78,43,0.691242
78,44,0.693254
78,45,0.695717
78,46,0.69838
78,47,0.701031
78,48,0.703507
78,49,0.7057
78,50,0.707529
78,51,0.708935
78,52,0.709862
78,53,0.710267
78,54,0.710137
78,55,0.709484
78,56,0.708356
78,57,0.706825
78,58,0.704985
78,59,0.702931
78,60,0.700771
78,61,0.698615
78,62,0.696584
78,63,0.694804
78,64,0.693386
78,65,0.692394
78,66,0.691818
78,67,0.691579
78,68,0.691542
78,69,0.691585
78,70,0.691658
78,71,0.691829
78,72,0.692274
78,73,0.693225
78,74,0.694872
78,75,0.697267
78,76,0.700294
78,77,0.703677
78,78,0.707041
78,79,0.710017
78,80,0.712305
78,81,0.713735
78,82,0.714275
78,83,0.713996
78,84,0.713031
78,85,0.711531
78,86,0.709618
78,87,0.707375
78,88,0.70486
78,89,0.702118
78,90,0.699224
78,91,0.696303
78,92,0.693545
78,93,0.691176
78,94,0.689434
78,95,0.688508
79,0,0.692131
79,1,0.692231
79,2,0.692577
79,3,0.693406
79,4,0.694948
79,5,0.69735
79,6,0.700594
79,7,0.704488
79,8,0.708694
79,9,0.712793
79,10,0.716366
79,11,0.719067
79,12,0.720678
79,13,0.721132
79,14,0.720499
79,15,0.718957
79,16,0.716725
79,17,0.714029
79,18,0.711048
79,19,0.707916
79,20,0.704731
79,21,0.70158
79,22,0.698562
79,23,0.695803
79,24,0.693449
79,25,0.691647
79,26,0.690519
79,27,0.690128
79,28,0.690458
79,29,0.691396
79,30,0.692735
79,31,0.694192
79,32,0.69546
79,33,0.696263
79,34,0.696407
79,35,0.695832
79,36,0.694623
79,37,0.693006
79,38,0.691298
79,39,0.689856
79,40,0.688986
79,41,0.688891
79,42,0.689639
79,43,0.691156
79,44,0.693267
79,45,0.695751
79,46,0.698395
79,47,0.701033
79,48,0.703539
79,49,0.705826
79,50,0.707809
79,51,0.709406
79,52,0.710531
79,53,0.711112
79,54,0.711114
79,55,0.710544
79,56,0.709455
79,57,0.707928
79,58,0.70607
79,59,0.703985
79,60,0.701784
79,61,0.699576
79,62,0.697477
79,63,0.695608
79,64,0.694084
79,65,0.69298
79,66,0.692307
79,67,0.692002
79,68,0.691946
79,69,0.692015
79,70,0.692144
79,71,0.692382
79,72,0.692882
79,73,0.693858
79,74,0.69549
79,75,0.697827
79,76,0.70076
79,77,0.704019
79,78,0.70725
79,79,0.710105
79,80,0.712315
79,81,0.713743
79,82,0.714378
79,83,0.714304
79,84,0.713644
79,85,0.712523
79,86,0.711027
79,87,0.709195
79,88,0.707047
79,89,0.7046
79,90,0.701916
79,91,0.699119
79,92,0.696414
79,93,0.694052
79,94,0.692294
79,95,0.691354
80,0,0.692132
80,1,0.692156
80,2,0.692355
80,3,0.692975
80,4,0.694269
80,5,0.696403
80,6,0.699385
80,7,0.703051
80,8,0.707085
80,9,0.711086
80,10,0.714652
80,11,0.717441
80,12,0.719236
80,13,0.719956
80,14,0.719649
80,15,0.718459
80,16,0.716576
80,17,0.7142
80,18,0.711498
80,19,0.708603
80,20,0.705619
80,21,0.70264
80,22,0.69976
80,23,0.697095
80,24,0.694769
80,25,0.692914
80,26,0.691638
80,27,0.691011
80,28,0.691028
80,29,0.691602
80,30,0.692555
80,31,0.693636
80,32,0.694566
80,33,0.695096
80,34,0.695058
80,35,0.694409
80,36,0.693247
80,37,0.691798
80,38,0.690366
80,39,0.689271
80,40,0.688773
80,41,0.689021
80,42,0.690029
80,43,0.69169
80,44,0.693819
80,45,0.696217
80,46,0.698711
80,47,0.701185
80,48,0.703559
80,49,0.705775
80,50,0.707754
80,51,0.709405
80,52,0.710625
80,53,0.711323
80,54,0.711449
80,55,0.711002
80,56,0.710027
80,57,0.708604
80,58,0.706835
80,59,0.70482
80,60,0.702662
80,61,0.700461
80,62,0.698327
80,63,0.696381
80,64,0.694741
80,65,0.693502
80,66,0.692697
80,67,0.692291
80,68,0.692186
80,69,0.692269
80,70,0.692467
80,71,0.692804
80,72,0.693403
80,73,0.694446
80,74,0.696087
80,75,0.698366
80,76,0.701174
80,77,0.704255
80,78,0.707279
80,79,0.709933
80,80,0.711985
80,81,0.713338
80,82,0.71401
80,83,0.714096
80,84,0.713711
80,85,0.712952
80,86,0.711861
80,87,0.710436
80,88,0.708653
80,89,0.706504
80,90,0.704038
80,91,0.701382
80,92,0.698754
80,93,0.696424
80,94,0.694674
80,95,0.693734
81,0,0.691842
81,1,0.691783
81,2,0.691821
81,3,0.692212
81,4,0.693225
81,5,0.695049
81,6,0.697719
81,7,0.701099
81,8,0.704901
81,9,0.708749
81,10,0.712259
81,11,0.715103
81,12,0.717064
81,13,0.71805
81,14,0.718084
81,15,0.717279
81,16,0.715788
81,17,0.713784
81,18,0.711417
81,19,0.708817
81,20,0.706091
81,21,0.703336
81,22,0.700647
81,23,0.698127
81,24,0.695884
81,25,0.694032
81,26,0.692668
81,27,0.691858
81,28,0.691612
81,29,0.691862
81,30,0.692462
81,31,0.693197
81,32,0.693823
81,33,0.694126
81,34,0.693964
81,35,0.693312
81,36,0.692276
81,37,0.691071
81,38,0.689976
81,39,0.689271
81,40,0.689159
81,41,0.689731
81,42,0.690953
81,43,0.692683
81,44,0.694737
81,45,0.696939
81,46,0.699164
81,47,0.701351
81,48,0.703471
81,49,0.705497
81,50,0.707366
81,51,0.708989
81,52,0.71025
81,53,0.711048
81,54,0.711318
81,55,0.711046
81,56,0.710264
81,57,0.709034
81,58,0.70744
81,59,0.705564
81,60,0.703493
81,61,0.701319
81,62,0.699146
81,63,0.697098
81,64,0.695306
81,65,0.693885
81,66,0.692898
81,67,0.692342
81,68,0.69215
81,69,0.69222
81,70,0.692479
81,71,0.692926
81,72,0.693646
81,73,0.69478
81,74,0.69645
81,75,0.698675
81,76,0.701347
81,77,0.704225
81,78,0.707008
81,79,0.70942
81,80,0.711271
81,81,0.7125
81,82,0.713154
81,83,0.713338
81,84,0.713162
81,85,0.712696
81,86,0.711949
81,87,0.710876
81,88,0.709419
81,89,0.707545
81,90,0.705292
81,91,0.70279
81,92,0.700266
81,93,0.698001
81,94,0.696288
81,95,0.695365
82,0,0.691202
82,1,0.691069
82,2,0.690961
82,3,0.691137
82,4,0.691876
82,5,0.693384
82,6,0.695722
82,7,0.698782
82,8,0.702309
82,9,0.705955
82,10,0.70936
82,11,0.712211
82,12,0.714295
82,13,0.71551
82,14,0.715856
82,15,0.715413
82,16,0.714303
82,17,0.712672
82,18,0.710653
82,19,0.708371
82,20,0.705937
82,21,0.703451
82,22,0.701006
82,23,0.698697
82,24,0.696616
82,25,0.694855
82,26,0.693495
82,27,0.692596
82,28,0.692167
82,29,0.692162
82,30,0.692463
82,31,0.692894
82,32,0.693254
82,33,0.693368
82,34,0.693124
82,35,0.692515
82,36,0.691649
82,37,0.690726
82,38,0.689992
82,39,0.689676
82,40,0.689926
82,41,0.690772
82,42,0.692135
82,43,0.693849
82,44,0.695735
82,45,0.697651
82,46,0.699522
82,47,0.701347
82,48,0.703148
82,49,0.704934
82,50,0.706659
82,51,0.708236
82,52,0.709545
82,53,0.710469
82,54,0.710931
82,55,0.710898
82,56,0.710381
82,57,0.709416
82,58,0.708057
82,59,0.706361
82,60,0.704395
82,61,0.702241
82,62,0.700005
82,63,0.697818
82,64,0.695831
82,65,0.694181
82,66,0.692963
82,67,0.692209
82,68,0.691883
82,69,0.691901
82,70,0.692189
82,71,0.692725
82,72,0.693554
82,73,0.694774
82,74,0.696468
82,75,0.698635
82,76,0.701164
82,77,0.703835
82,78,0.706373
82,79,0.708539
82,80,0.710176
82,81,0.711252
82,82,0.711835
82,83,0.712041
82,84,0.711976
82,85,0.711697
82,86,0.711186
82,87,0.710371
82,88,0.709169
82,89,0.707527
82,90,0.705475
82,91,0.703139
82,92,0.700749
82,93,0.698586
82,94,0.696943
82,95,0.696056
83,0,0.690292
83,1,0.690104
83,2,0.68988
83,3,0.689876
83,4,0.690369
83,5,0.691575
83,6,0.693574
83,7,0.696289
83,8,0.699498
83,9,0.702889
83,10,0.70613
83,11,0.708924
83,12,0.711065
83,13,0.71244
83,14,0.713031
83,15,0.71289
83,16,0.712108
83,17,0.71081
83,18,0.709116
83,19,0.707146
83,20,0.705014
83,21,0.702827
83,22,0.700676
83,23,0.698646
83,24,0.696811
83,25,0.695243
83,26,0.693998
83,27,0.693117
83,28,0.692608
83,29,0.692433
83,30,0.692503
83,31,0.692683
83,32,0.69282
83,33,0.692778
83,34,0.692481
83,35,0.691937
83,36,0.691254
83,37,0.69061
83,38,0.690213
83,39,0.690243
83,40,0.690789
83,41,0.69183
83,42,0.693246
83,43,0.694859
83,44,0.696502
83,45,0.698074
83,46,0.699554
83,47,0.701002
83,48,0.702488
83,49,0.704054
83,50,0.705672
83,51,0.707251
83,52,0.70866
83,53,0.70977
83,54,0.710482
83,55,0.710745
83,56,0.710544
83,57,0.709886
83,58,0.708793
83,59,0.707292
83,60,0.705434
83,61,0.70329
83,62,0.700972
83,63,0.698623
83,64,0.696415
83,65,0.694509
83,66,0.693031
83,67,0.692044
83,68,0.69154
83,69,0.691456
83,70,0.691721
83,71,0.692293
83,72,0.693184
83,73,0.69445
83,74,0.696136
83,75,0.698223
83,76,0.700602
83,77,0.703069
83,78,0.705379
83,79,0.707317
83,80,0.708749
83,81,0.709659
83,82,0.710123
83,83,0.710267
83,84,0.710196
83,85,0.709966
83,86,0.709554
83,87,0.708877
83,88,0.707837
83,89,0.706372
83,90,0.704499
83,91,0.702341
83,92,0.700114
83,93,0.698091
83,94,0.696552
83,95,0.695721
84,0,0.689351
84,1,0.689127
84,2,0.688822
84,3,0.688674
84,4,0.688947
84,5,0.689858
84,6,0.691501
84,7,0.693832
84,8,0.696667
84,9,0.699733
84,10,0.702733
84,11,0.70539
84,12,0.707504
84,13,0.708956
84,14,0.709708
84,15,0.709787
84,16,0.709262
84,17,0.708237
84,18,0.706823
84,19,0.705138
84,20,0.703301
84,21,0.701422
84,22,0.699593
84,23,0.697893
84,24,0.696377
84,25,0.695089
84,26,0.694059
84,27,0.693301
84,28,0.692813
84,29,0.692561
84,30,0.692481
84,31,0.692479
84,32,0.692445
84,33,0.69229
84,34,0.691966
84,35,0.691495
84,36,0.69098
84,37,0.690576
84,38,0.690452
84,39,0.690741
84,40,0.691483
84,41,0.692616
84,42,0.693992
84,43,0.69543
84,44,0.696785
84,45,0.697997
84,46,0.699104
84,47,0.700219
84,48,0.701457
84,49,0.702887
84,50,0.704487
84,51,0.706156
84,52,0.707746
84,53,0.709104
84,54,0.710113
84,55,0.710699
84,56,0.710825
84,57,0.710475
84,58,0.709642
84,59,0.708333
84,60,0.706578
84,61,0.704446
84,62,0.702052
84,63,0.699554
84,64,0.69714
84,65,0.694992
84,66,0.693258
84,67,0.692025
84,68,0.691313
84,69,0.691077
84,70,0.691253
84,71,0.691788
84,72,0.692667
84,73,0.693911
84,74,0.695535
84,75,0.697507
84,76,0.699722
84,77,0.701994
84,78,0.7041
84,79,0.705841
84,80,0.707089
84,81,0.707828
84,82,0.70813
84,83,0.708123
84,84,0.707922
84,85,0.707592
84,86,0.707126
84,87,0.706449
84,88,0.705466
84,89,0.704112
84,90,0.702397
84,91,0.700424
84,92,0.698392
84,93,0.696548
84,94,0.695146
84,95,0.69439
85,0,0.688722
85,1,0.688479
85,2,0.688118
85,3,0.687847
85,4,0.687909
85,5,0.688508
85,6,0.689756
85,7,0.691638
85,8,0.694018
85,9,0.696671
85,10,0.699337
85,11,0.701766
85,12,0.703765
85,13,0.705207
85,14,0.706037
85,15,0.706261
85,16,0.705925
85,17,0.705114
85,18,0.70393
85,19,0.70249
85,20,0.700917
85,21,0.699329
85,22,0.697818
85,23,0.696459
85,24,0.69529
85,25,0.694329
85,26,0.693577
85,27,0.693021
85,28,0.692641
85,29,0.692406
85,30,0.692271
85,31,0.692177
85,32,0.692054
85,33,0.691849
85,34,0.691537
85,35,0.691149
85,36,0.690775
85,37,0.690545
85,38,0.690599
85,39,0.691029
85,40,0.691842
85,41,0.692949
85,42,0.694193
85,43,0.6954
85,44,0.696453
85,45,0.697335
85,46,0.698136
85,47,0.699014
85,48,0.700121
85,49,0.701538
85,50,0.703238
85,51,0.705099
85,52,0.706945
85,53,0.708594
85,54,0.709907
85,55,0.710795
85,56,0.711209
85,57,0.711118
85,58,0.710505
85,59,0.70936
85,60,0.707705
85,61,0.705605
85,62,0.703176
85,63,0.700585
85,64,0.698026
85,65,0.695693
85,66,0.693745
85,67,0.692288
85,68,0.691358
85,69,0.690931
85,70,0.690956
85,71,0.691376
85,72,0.69216
85,73,0.693306
85,74,0.694807
85,75,0.696625
85,76,0.698662
85,77,0.700749
85,78,0.702678
85,79,0.704255
85,80,0.705345
85,81,0.705911
85,82,0.706014
85,83,0.705774
85,84,0.705319
85,85,0.704742
85,86,0.704066
85,87,0.703248
85,88,0.702213
85,89,0.700902
85,90,0.699314
85,91,0.697534
85,92,0.695726
85,93,0.694098
85,94,0.692867
85,95,0.692204
86,0,0.688767
86,1,0.688511
86,2,0.6881
86,3,0.687705
86,4,0.687537
86,5,0.687783
86,6,0.688567
86,7,0.689913
86,8,0.691739
86,9,0.693875
86,10,0.696109
86,11,0.698218
86,12,0.70002
86,13,0.701381
86,14,0.702228
86,15,0.702541
86,16,0.702343
86,17,0.7017
86,18,0.700701
86,19,0.699461
86,20,0.698105
86,21,0.696756
86,22,0.695515
86,23,0.694452
86,24,0.693595
86,25,0.692947
86,26,0.692482
86,27,0.692163
86,28,0.691957
86,29,0.691829
86,30,0.691748
86,31,0.691677
86,32,0.691579
86,33,0.691418
86,34,0.691184
86,35,0.6909
86,36,0.690643
86,37,0.690519
86,38,0.690641
86,39,0.69108
86,40,0.691827
86,41,0.692791
86,42,0.693819
86,43,0.694759
86,44,0.695527
86,45,0.696145
86,46,0.696744
86,47,0.697517
86,48,0.698633
86,49,0.700174
86,50,0.702092
86,51,0.704233
86,52,0.706382
86,53,0.708324
86,54,0.709901
86,55,0.711015
86,56,0.711621
86,57,0.711696
86,58,0.711225
86,59,0.710201
86,60,0.708643
86,61,0.706612
86,62,0.704221
86,63,0.701629
86,64,0.699029
86,65,0.696607
86,66,0.694524
86,67,0.692891
86,68,0.691761
86,69,0.691128
86,70,0.690958
86,71,0.691199
86,72,0.691819
86,73,0.692799
86,74,0.694125
86,75,0.695757
86,76,0.697607
86,77,0.69952
86,78,0.701299
86,79,0.702745
86,80,0.703697
86,81,0.704091
86,82,0.703959
86,83,0.703414
86,84,0.702598
86,85,0.701639
86,86,0.700612
86,87,0.69952
86,88,0.698327
86,89,0.69699
86,90,0.695503
86,91,0.693921
86,92,0.692366
86,93,0.690991
86,94,0.689964
86,95,0.689414
87,0,0.689742
87,1,0.689472
87,2,0.689002
87,3,0.688463
87,4,0.688024
87,5,0.687856
87,6,0.688097
87,7,0.688812
87,8,0.689982
87,9,0.691504
87,10,0.693216
87,11,0.69493
87,12,0.696473
87,13,0.697704
87,14,0.69853
87,15,0.698903
87,16,0.698818
87,17,0.698314
87,18,0.697464
87,19,0.696372
87,20,0.695165
87,21,0.693972
87,22,0.692902
87,23,0.692032
87,24,0.691392
87,25,0.690977
87,26,0.69075
87,27,0.690662
87,28,0.690666
87,29,0.690728
87,30,0.690818
87,31,0.690911
87,32,0.690978
87,33,0.690988
87,34,0.690922
87,35,0.690787
87,36,0.690638
87,37,0.690558
87,38,0.690646
87,39,0.690968
87,40,0.691522
87,41,0.692235
87,42,0.69298
87,43,0.693637
87,44,0.694157
87,45,0.694598
87,46,0.695116
87,47,0.695925
87,48,0.697191
87,49,0.698981
87,50,0.701214
87,51,0.703688
87,52,0.706145
87,53,0.708337
87,54,0.71009
87,55,0.711312
87,56,0.711978
87,57,0.712092
87,58,0.711666
87,59,0.710709
87,60,0.709245
87,61,0.707331
87,62,0.705065
87,63,0.70259
87,64,0.700073
87,65,0.697681
87,66,0.695563
87,67,0.693826
87,68,0.692537
87,69,0.691707
87,70,0.691324
87,71,0.691351
87,72,0.69176
87,73,0.692532
87,74,0.693649
87,75,0.69508
87,76,0.696745
87,77,0.698505
87,78,0.700163
87,79,0.701507
87,80,0.702344
87,81,0.70257
87,82,0.70218
87,83,0.701273
87,84,0.700011
87,85,0.698562
87,86,0.697065
87,87,0.695588
87,88,0.694145
87,89,0.692722
87,90,0.69131
87,91,0.689934
87,92,0.688659
87,93,0.687576
87,94,0.686787
87,95,0.68637
88,0,0.691706
88,1,0.691412
88,2,0.690866
88,3,0.690154
88,4,0.689401
88,5,0.688762
88,6,0.688389
88,7,0.688399
88,8,0.688839
88,9,0.689676
88,10,0.690807
88,11,0.692078
88,12,0.69333
88,13,0.69441
88,14,0.695202
88,15,0.695626
88,16,0.695643
88,17,0.695259
88,18,0.694523
88,19,0.693525
88,20,0.692384
88,21,0.691238
88,22,0.690206
88,23,0.689383
88,24,0.688813
88,25,0.688502
88,26,0.688421
88,27,0.68852
88,28,0.688751
88,29,0.689073
88,30,0.689453
88,31,0.689856
88,32,0.690242
88,33,0.69056
88,34,0.690767
88,35,0.690842
88,36,0.69081
88,37,0.690737
88,38,0.690715
88,39,0.690821
88,40,0.691082
88,41,0.691462
88,42,0.691878
88,43,0.692252
88,44,0.692574
88,45,0.692926
88,46,0.693481
88,47,0.69445
88,48,0.695985
88,49,0.698116
88,50,0.700716
88,51,0.703533
88,52,0.706262
88,53,0.708625
88,54,0.710438
88,55,0.711629
88,56,0.712209
88,57,0.712231
88,58,0.711749
88,59,0.710804
88,60,0.709433
88,61,0.707688
88,62,0.705641
88,63,0.7034
88,64,0.701093
88,65,0.698852
88,66,0.696802
88,67,0.695046
88,68,0.693654
88,69,0.69266
88,70,0.692075
88,71,0.691882
88,72,0.692065
88,73,0.692613
88,74,0.693515
88,75,0.694747
88,76,0.696247
88,77,0.697881
88,78,0.699454
88,79,0.700729
88,80,0.701477
88,81,0.701544
88,82,0.700888
88,83,0.69959
88,84,0.697827
88,85,0.695816
88,86,0.693764
88,87,0.691817
88,88,0.690054
88,89,0.688498
88,90,0.687144
88,91,0.685984
88,92,0.685022
88,93,0.684272
88,94,0.683755
88,95,0.683492
89,0,0.694492
89,1,0.694166
89,2,0.693528
89,3,0.692617
89,4,0.691522
89,5,0.690379
89,6,0.689361
89,7,0.688634
89,8,0.688315
89,9,0.688446
89,10,0.68898
89,11,0.689802
89,12,0.690758
89,13,0.691689
89,14,0.69245
89,15,0.692925
89,16,0.693037
89,17,0.692755
89,18,0.692098
89,19,0.691132
89,20,0.689969
89,21,0.688749
89,22,0.68761
89,23,0.686671
89,24,0.686007
89,25,0.685655
89,26,0.685608
89,27,0.685835
89,28,0.68629
89,29,0.686927
89,30,0.687698
89,31,0.688541
89,32,0.689383
89,33,0.690136
89,34,0.690716
89,35,0.691062
89,36,0.691171
89,37,0.691091
89,38,0.69092
89,39,0.690755
89,40,0.690666
89,41,0.690668
89,42,0.690735
89,43,0.69084
89,44,0.691011
89,45,0.691351
89,46,0.692034
89,47,0.693254
89,48,0.69513
89,49,0.697647
89,50,0.700624
89,51,0.703753
89,52,0.706687
89,53,0.709123
89,54,0.710879
89,55,0.71191
89,56,0.712279
89,57,0.712097
89,58,0.711478
89,59,0.710504
89,60,0.709232
89,61,0.707701
89,62,0.705954
89,63,0.704049
89,64,0.70206
89,65,0.700074
89,66,0.698185
89,67,0.696484
89,68,0.695051
89,69,0.693938
89,70,0.693181
89,71,0.692785
89,72,0.692753
89,73,0.693086
89,74,0.693785
89,75,0.694844
89,76,0.69621
89,77,0.69776
89,78,0.699291
89,79,0.700539
89,80,0.701231
89,81,0.701163
89,82,0.700252
89,83,0.698559
89,84,0.696278
89,85,0.693673
89,86,0.691024
89,87,0.68856
89,88,0.686434
89,89,0.684719
89,90,0.683417
89,91,0.68249
89,92,0.681873
89,93,0.681494
89,94,0.681285
89,95,0.681195
90,0,0.697752
90,1,0.69739
90,2,0.696652
90,3,0.695538
90,4,0.6941
90,5,0.692461
90,6,0.690815
90,7,0.689378
90,8,0.688334
90,9,0.687793
90,10,0.687767
90,11,0.68817
90,12,0.688858
90,13,0.689656
90,14,0.690393
90,15,0.690919
90,16,0.691114
90,17,0.69091
90,18,0.690289
90,19,0.689294
90,20,0.688024
90,21,0.686622
90,22,0.685245
90,23,0.684045
90,24,0.683141
90,25,0.682615
90,26,0.6825
90,27,0.682792
90,28,0.683458
90,29,0.684444
90,30,0.685674
90,31,0.687047
90,32,0.68844
90,33,0.689714
90,34,0.690733
90,35,0.691398
90,36,0.691675
90,37,0.691599
90,38,0.691276
90,39,0.690831
90,40,0.690381
90,41,0.690002
90,42,0.68973
90,43,0.689592
90,44,0.689653
90,45,0.690032
90,46,0.690896
90,47,0.692412
90,48,0.694652
90,49,0.697549
90,50,0.700868
90,51,0.704249
90,52,0.707309
90,53,0.709727
90,54,0.711332
90,55,0.712112
90,56,0.712187
90,57,0.711735
90,58,0.710932
90,59,0.70991
90,60,0.708744
90,61,0.707466
90,62,0.706078
90,63,0.70458
90,64,0.702984
90,65,0.701325
90,66,0.699662
90,67,0.698075
90,68,0.696651
90,69,0.695464
90,70,0.694573
90,71,0.694006
90,72,0.693785
90,73,0.693928
90,74,0.694454
90,75,0.695374
90,76,0.696651
90,77,0.698166
90,78,0.699706
90,79,0.700975
90,80,0.701654
90,81,0.70149
90,82,0.700357
90,83,0.698297
90,84,0.695518
90,85,0.692328
90,86,0.689082
90,87,0.686094
90,88,0.683597
90,89,0.681717
90,90,0.680473
90,91,0.679796
90,92,0.679553
90,93,0.679576
90,94,0.679704
90,95,0.679805
91,0,0.701065
91,1,0.700666
91,2,0.699833
91,3,0.69853
91,4,0.696781
91,5,0.694696
91,6,0.692491
91,7,0.690425
91,8,0.688744
91,9,0.687621
91,10,0.687113
91,11,0.687161
91,12,0.687626
91,13,0.688319
91,14,0.68904
91,15,0.689607
91,16,0.689864
91,17,0.689703
91,18,0.689077
91,19,0.687999
91,20,0.686556
91,21,0.684892
91,22,0.683186
91,23,0.681627
91,24,0.680383
91,25,0.679593
91,26,0.679336
91,27,0.679647
91,28,0.680504
91,29,0.681845
91,30,0.683558
91,31,0.685493
91,32,0.687471
91,33,0.689294
91,34,0.690776
91,35,0.691776
91,36,0.692238
91,37,0.692188
91,38,0.691739
91,39,0.691044
91,40,0.690268
91,41,0.689543
91,42,0.688965
91,43,0.688618
91,44,0.6886
91,45,0.689043
91,46,0.690101
91,47,0.691908
91,48,0.694487
91,49,0.697718
91,50,0.701315
91,51,0.704874
91,52,0.707984
91,53,0.710318
91,54,0.711718
91,55,0.712208
91,56,0.711962
91,57,0.711223
91,58,0.710229
91,59,0.709162
91,60,0.708116
91,61,0.707112
91,62,0.70611
91,63,0.705051
91,64,0.703881
91,65,0.70258
91,66,0.701173
91,67,0.699731
91,68,0.69835
91,69,0.697124
91,70,0.696134
91,71,0.695429
91,72,0.695051
91,73,0.695036
91,74,0.695425
91,75,0.696248
91,76,0.697482
91,77,0.699014
91,78,0.700613
91,79,0.701953
91,80,0.702668
91,81,0.702456
91,82,0.70115
91,83,0.698775
91,84,0.69555
91,85,0.691827
91,86,0.688026
91,87,0.684546
91,88,0.681699
91,89,0.67967
91,90,0.678496
91,91,0.678082
91,92,0.678228
91,93,0.678671
91,94,0.67915
91,95,0.679448
92,0,0.704033
92,1,0.703603
92,2,0.702692
92,3,0.701234
92,4,0.699228
92,5,0.69678
92,6,0.694121
92,7,0.691548
92,8,0.689359
92,9,0.687774
92,10,0.686891
92,11,0.686668
92,12,0.686966
92,13,0.687581
92,14,0.688291
92,15,0.688885
92,16,0.689175
92,17,0.689024
92,18,0.688355
92,19,0.687158
92,20,0.685506
92,21,0.683546
92,22,0.681475
92,23,0.679521
92,24,0.677903
92,25,0.676814
92,26,0.676386
92,27,0.676688
92,28,0.677712
92,29,0.679382
92,30,0.681553
92,31,0.684022
92,32,0.686551
92,33,0.688888
92,34,0.690802
92,35,0.69212
92,36,0.692767
92,37,0.692761
92,38,0.692226
92,39,0.691337
92,40,0.690296
92,41,0.689286
92,42,0.688457
92,43,0.687938
92,44,0.687864
92,45,0.688372
92,46,0.689606
92,47,0.691663
92,48,0.694523
92,49,0.698016
92,50,0.701814
92,51,0.70548
92,52,0.708586
92,53,0.710802
92,54,0.711987
92,55,0.712198
92,56,0.711654
92,57,0.710656
92,58,0.709499
92,59,0.708404
92,60,0.707487
92,61,0.706757
92,62,0.706136
92,63,0.705504
92,64,0.704746
92,65,0.703791
92,66,0.702636
92,67,0.701343
92,68,0.700018
92,69,0.698774
92,70,0.697711
92,71,0.696899
92,72,0.696397
92,73,0.696258
92,74,0.696545
92,75,0.69731
92,76,0.698544
92,77,0.700132
92,78,0.701832
92,79,0.703282
92,80,0.704072
92,81,0.703858
92,82,0.702435
92,83,0.699812
92,84,0.696219
92,85,0.692042
92,86,0.687765
92,87,0.683858
92,88,0.680709
92,89,0.678558
92,90,0.677465
92,91,0.677312
92,92,0.677836
92,93,0.678688
92,94,0.679507
92,95,0.679998
93,0,0.706381
93,1,0.705929
93,2,0.70496
93,3,0.703389
93,4,0.701196
93,5,0.698483
93,6,0.695492
93,7,0.692551
93,8,0.689996
93,9,0.688083
93,10,0.686937
93,11,0.686528
93,12,0.686713
93,13,0.687277
93,14,0.687978
93,15,0.688582
93,16,0.688881
93,17,0.688714
93,18,0.687981
93,19,0.686656
93,20,0.684798
93,21,0.682557
93,22,0.680148
93,23,0.67783
93,24,0.675867
93,25,0.674502
93,26,0.67391
93,27,0.674192
93,28,0.675351
93,29,0.677298
93,30,0.679855
93,31,0.682772
93,32,0.68576
93,33,0.688524
93,34,0.690796
93,35,0.692381
93,36,0.69319
93,37,0.693239
93,38,0.692657
93,39,0.691635
93,40,0.690404
93,41,0.689184
93,42,0.688166
93,43,0.68752
93,44,0.687404
93,45,0.687966
93,46,0.689335
93,47,0.691582
93,48,0.694646
93,49,0.698322
93,50,0.702247
93,51,0.705965
93,52,0.709036
93,53,0.711135
93,54,0.712132
93,55,0.712112
93,56,0.711331
93,57,0.710132
93,58,0.708853
93,59,0.707752
93,60,0.706959
93,61,0.706475
93,62,0.706187
93,63,0.705925
93,64,0.705522
93,65,0.704865
93,66,0.703925
93,67,0.702761
93,68,0.701488
93,69,0.700236
93,70,0.699122
93,71,0.698229
93,72,0.697633
93,73,0.697403
93,74,0.697622
93,75,0.69836
93,76,0.699619
93,77,0.701286
93,78,0.703103
93,79,0.704678
93,80,0.705565
93,81,0.705379
93,82,0.70389
93,83,0.701091
93,84,0.69722
93,85,0.692693
93,86,0.68804
93,87,0.683797
93,88,0.680413
93,89,0.678174
93,90,0.677163
93,91,0.677244
93,92,0.678103
93,93,0.679313
93,94,0.680431
93,95,0.681092
94,0,0.707969
94,1,0.707504
94,2,0.7065
94,3,0.704858
94,4,0.702546
94,5,0.699663
94,6,0.696462
94,7,0.693288
94,8,0.690503
94,9,0.688387
94,10,0.687081
94,11,0.686561
94,12,0.686681
94,13,0.687215
94,14,0.687908
94,15,0.688513
94,16,0.688806
94,17,0.688613
94,18,0.687819
94,19,0.686385
94,20,0.684363
94,21,0.681906
94,22,0.679237
94,23,0.676642
94,24,0.674418
94,25,0.672844
94,26,0.672126
94,27,0.672391
94,28,0.673646
94,29,0.675793
94,30,0.678627
94,31,0.681864
94,32,0.685179
94,33,0.688244
94,34,0.69077
94,35,0.692544
94,36,0.693473
94,37,0.693572
94,38,0.692971
94,39,0.691872
94,40,0.690523
94,41,0.689168
94,42,0.688026
94,43,0.687295
94,44,0.687152
94,45,0.687748
94,46,0.689206
94,47,0.691575
94,48,0.694769
94,49,0.698555
94,50,0.70255
94,51,0.706285
94,52,0.709317
94,53,0.711323
94,54,0.712185
94,55,0.712005
94,56,0.711063
94,57,0.709731
94,58,0.708378
94,59,0.707284
94,60,0.706591
94,61,0.706294
94,62,0.706254
94,63,0.706266
94,64,0.706123
94,65,0.705683
94,66,0.704898
94,67,0.703827
94,68,0.702593
94,69,0.701336
94,70,0.700187
94,71,0.69924
94,72,0.69858
94,73,0.69829
94,74,0.698468
94,75,0.699197
94,76,0.700489
94,77,0.702231
94,78,0.704151
94,79,0.705835
94,80,0.706809
94,81,0.706663
94,82,0.705143
94,83,0.702235
94,84,0.69818
94,85,0.693416
94,86,0.688508
94,87,0.684035
94,88,0.68049
94,89,0.678198
94,90,0.677255
94,91,0.677514
94,92,0.678625
94,93,0.680103
94,94,0.681445
94,95,0.682232
95,0,0.708764
95,1,0.708293
95,2,0.707273
95,3,0.705596
95,4,0.703228
95,5,0.700264
95,6,0.696961
95,7,0.693676
95,8,0.690782
95,9,0.688571
95,10,0.68719
95,11,0.686619
95,12,0.68671
95,13,0.68723
95,14,0.687919
95,15,0.688521
95,16,0.688807
95,17,0.688596
95,18,0.687765
95,19,0.686268
95,20,0.684157
95,21,0.681581
95,22,0.678773
95,23,0.67603
95,24,0.673666
95,25,0.671979
95,26,0.671195
95,27,0.67145
95,28,0.672755
95,29,0.675006
95,30,0.677985
95,31,0.681387
95,32,0.684871
95,33,0.688092
95,34,0.690747
95,35,0.69262
95,36,0.693612
95,37,0.693739
95,38,0.693133
95,39,0.692
95,40,0.690595
95,41,0.689175
95,42,0.687973
95,43,0.6872
95,44,0.687042
95,45,0.687656
95,46,0.689156
95,47,0.691584
95,48,0.694839
95,49,0.698675
95,50,0.7027
95,51,0.706438
95,52,0.709445
95,53,0.711401
95,54,0.712193
95,55,0.711932
95,56,0.710911
95,57,0.709514
95,58,0.708126
95,59,0.707041
95,60,0.706405
95,61,0.706209
95,62,0.706301
95,63,0.706459
95,64,0.706453
95,65,0.706126
95,66,0.705423
95,67,0.704401
95,68,0.703186
95,69,0.701927
95,70,0.700759
95,71,0.699784
95,72,0.699093
95,73,0.698773
95,74,0.698931
95,75,0.69966
95,76,0.700974
95,77,0.702761
95,78,0.704741
95,79,0.706489
95,80,0.707516
95,81,0.707397
95,82,0.705867
95,83,0.702907
95,84,0.698762
95,85,0.693879
95,86,0.688842
95,87,0.684251
95,88,0.680626
95,89,0.678309
95,90,0.677405
95,91,0.677761
95,92,0.679007
95,93,0.68063
95,94,0.682092
95,95,0.682948
