fy,fx,density
0,0,0.679791
0,1,0.680352
0,2,0.681364
0,3,0.682651
0,4,0.684024
0,5,0.685338
0,6,0.686523
0,7,0.687579
0,8,0.688549
0,9,0.689474
0,10,0.690367
0,11,0.69122
0,12,0.692025
0,13,0.692824
0,14,0.693726
0,15,0.694905
0,16,0.696519
0,17,0.698633
0,18,0.701148
0,19,0.703799
0,20,0.706229
0,21,0.708113
0,22,0.709299
0,23,0.709864
0,24,0.710093
0,25,0.710363
0,26,0.710996
0,27,0.712141
0,28,0.713715
0,29,0.715463
0,30,0.717046
0,31,0.718149
0,32,0.718568
0,33,0.718247
0,34,0.717241
0,35,0.71571
0,36,0.713849
0,37,0.711875
0,38,0.709992
0,39,0.708374
0,40,0.707133
0,41,0.706316
0,42,0.705878
0,43,0.705697
0,44,0.705603
0,45,0.705417
0,46,0.70498
0,47,0.704189
0,48,0.703007
0,49,0.701463
0,50,0.699624
0,51,0.697583
0,52,0.69542
0,53,0.693199
0,54,0.690951
0,55,0.688705
0,56,0.686503
0,57,0.684438
0,58,0.68266
0,59,0.681347
0,60,0.68067
0,61,0.680735
0,62,0.681535
0,63,0.682952
0,64,0.684777
0,65,0.686755
0,66,0.688632
0,67,0.690189
0,68,0.691255
0,69,0.691722
0,70,0.691557
0,71,0.690809
0,72,0.689604
0,73,0.68815
0,74,0.686679
0,75,0.68541
0,76,0.684507
0,77,0.684038
0,78,0.684
0,79,0.684349
0,80,0.685043
0,81,0.686075
0,82,0.687489
0,83,0.689366
0,84,0.69177
0,85,0.694729
0,86,0.698187
0,87,0.702022
0,88,0.706051
0,89,0.710074
0,90,0.713899
0,91,0.717362
0,92,0.720326
0,93,0.722672
0,94,0.724301
0,95,0.725137
1,0,0.679311
1,1,0.679866
1,2,0.680874
1,3,0.682166
1,4,0.683563
1,5,0.684925
1,6,0.686182
1,7,0.687329
1,8,0.688401
1,9,0.689434
1,10,0.690435
1,11,0.691393
1,12,0.692293
1,13,0.693173
1,14,0.69413
1,15,0.695326
1,16,0.696912
1,17,0.698951
1,18,0.701355
1,19,0.703882
1,20,0.706197
1,21,0.708
1,22,0.709153
1,23,0.709734
1,24,0.71002
1,25,0.710368
1,26,0.711081
1,27,0.712291
1,28,0.713909
1,29,0.715679
1,30,0.717265
1,31,0.718364
1,32,0.71878
1,33,0.71846
1,34,0.717465
1,35,0.71595
1,36,0.714109
1,37,0.712151
1,38,0.710271
1,39,0.708639
1,40,0.707363
1,41,0.706491
1,42,0.705981
1,43,0.705718
1,44,0.70554
1,45,0.705274
1,46,0.704769
1,47,0.703924
1,48,0.702705
1,49,0.701144
1,50,0.699313
1,51,0.697308
1,52,0.69522
1,53,0.693119
1,54,0.691039
1,55,0.689004
1,56,0.687043
1,57,0.685228
1,58,0.683684
1,59,0.682566
1,60,0.682027
1,61,0.682163
1,62,0.682968
1,63,0.684329
1,64,0.686047
1,65,0.68788
1,66,0.689586
1,67,0.690959
1,68,0.691844
1,69,0.69215
1,70,0.691859
1,71,0.691031
1,72,0.689798
1,73,0.688364
1,74,0.686946
1,75,0.685748
1,76,0.684908
1,77,0.684477
1,78,0.684438
1,79,0.68474
1,80,0.685343
1,81,0.686251
1,82,0.68752
1,83,0.689246
1,84,0.69151
1,85,0.694348
1,86,0.697708
1,87,0.701465
1,88,0.705425
1,89,0.709376
1,90,0.713116
1,91,0.716476
1,92,0.719322
1,93,0.721551
1,94,0.723086
1,95,0.723868
2,0,0.678547
2,1,0.67909
2,2,0.680084
2,3,0.68138
2,4,0.682814
2,5,0.684258
2,6,0.685644
2,7,0.686958
2,8,0.688223
2,9,0.689461
2,10,0.690669
2,11,0.691824
2,12,0.692903
2,13,0.693926
2,14,0.69497
2,15,0.696176
2,16,0.697681
2,17,0.699552
2,18,0.701721
2,19,0.703987
2,20,0.706066
2,21,0.707701
2,22,0.708783
2,23,0.709393
2,24,0.709787
2,25,0.710288
2,26,0.711158
2,27,0.712498
2,28,0.714204
2,29,0.716016
2,30,0.717611
2,31,0.718701
2,32,0.719106
2,33,0.718786
2,34,0.717808
2,35,0.716327
2,36,0.714528
2,37,0.712607
2,38,0.710747
2,39,0.709105
2,40,0.707782
2,41,0.706824
2,42,0.706195
2,43,0.705791
2,44,0.705461
2,45,0.705046
2,46,0.704406
2,47,0.703448
2,48,0.702146
2,49,0.700538
2,50,0.698706
2,51,0.696761
2,52,0.694808
2,53,0.69293
2,54,0.691164
2,55,0.689526
2,56,0.688019
2,57,0.686676
2,58,0.685575
2,59,0.684827
2,60,0.684554
2,61,0.684831
2,62,0.685653
2,63,0.686915
2,64,0.688438
2,65,0.690001
2,66,0.691387
2,67,0.692419
2,68,0.692969
2,69,0.692979
2,70,0.692459
2,71,0.691492
2,72,0.690218
2,73,0.688831
2,74,0.687527
2,75,0.68647
2,76,0.685758
2,77,0.685405
2,78,0.68537
2,79,0.68559
2,80,0.686029
2,81,0.686708
2,82,0.687709
2,83,0.689155
2,84,0.691151
2,85,0.693756
2,86,0.696922
2,87,0.700521
2,88,0.704343
2,89,0.708153
2,90,0.711727
2,91,0.714889
2,92,0.717514
2,93,0.719527
2,94,0.720886
2,95,0.72157
3,0,0.677827
3,1,0.678349
3,2,0.679315
3,3,0.680601
3,4,0.68207
3,5,0.683608
3,6,0.685155
3,7,0.686687
3,8,0.688213
3,9,0.689733
3,10,0.691226
3,11,0.692653
3,12,0.693967
3,13,0.695163
3,14,0.696291
3,15,0.697463
3,16,0.698802
3,17,0.700381
3,18,0.70217
3,19,0.704025
3,20,0.705736
3,21,0.70711
3,22,0.708075
3,23,0.708717
3,24,0.70926
3,25,0.709977
3,26,0.711074
3,27,0.712604
3,28,0.714439
3,29,0.716315
3,30,0.717922
3,31,0.718995
3,32,0.719381
3,33,0.719058
3,34,0.718103
3,35,0.716672
3,36,0.714942
3,37,0.713093
3,38,0.711289
3,39,0.709669
3,40,0.708323
3,41,0.70729
3,42,0.706539
3,43,0.705972
3,44,0.705452
3,45,0.704835
3,46,0.703996
3,47,0.70286
3,48,0.701412
3,49,0.699707
3,50,0.697846
3,51,0.69596
3,52,0.694176
3,53,0.69259
3,54,0.691247
3,55,0.690143
3,56,0.68925
3,57,0.688546
3,58,0.688048
3,59,0.68781
3,60,0.687908
3,61,0.688392
3,62,0.689252
3,63,0.690397
3,64,0.691669
3,65,0.692879
3,66,0.693843
3,67,0.694422
3,68,0.694531
3,69,0.694155
3,70,0.693347
3,71,0.692216
3,72,0.690915
3,73,0.689621
3,74,0.688495
3,75,0.687648
3,76,0.687126
3,77,0.686893
3,78,0.686875
3,79,0.686998
3,80,0.68723
3,81,0.687613
3,82,0.688261
3,83,0.68933
3,84,0.690963
3,85,0.693238
3,86,0.696125
3,87,0.699489
3,88,0.703101
3,89,0.7067
3,90,0.71004
3,91,0.712931
3,92,0.715263
3,93,0.716991
3,94,0.718121
3,95,0.718676
4,0,0.677545
4,1,0.678034
4,2,0.678953
4,3,0.680206
4,4,0.681687
4,5,0.683306
4,6,0.685012
4,7,0.686779
4,8,0.688598
4,9,0.690446
4,10,0.692274
4,11,0.694013
4,12,0.695585
4,13,0.69695
4,14,0.69812
4,15,0.699177
4,16,0.700232
4,17,0.701376
4,18,0.702626
4,19,0.703917
4,20,0.705127
4,21,0.706141
4,22,0.706935
4,23,0.707596
4,24,0.708312
4,25,0.709288
4,26,0.710661
4,27,0.712427
4,28,0.714421
4,29,0.716375
4,30,0.717995
4,31,0.719045
4,32,0.719402
4,33,0.719073
4,34,0.718149
4,35,0.716791
4,36,0.715166
4,37,0.713439
4,38,0.711749
4,39,0.710216
4,40,0.708911
4,41,0.707861
4,42,0.707031
4,43,0.706324
4,44,0.705612
4,45,0.704766
4,46,0.703677
4,47,0.702294
4,48,0.700628
4,49,0.69876
4,50,0.69682
4,51,0.694967
4,52,0.693353
4,53,0.69209
4,54,0.691221
4,55,0.690726
4,56,0.690532
4,57,0.690561
4,58,0.69076
4,59,0.69112
4,60,0.691662
4,61,0.692409
4,62,0.69334
4,63,0.694375
4,64,0.695383
4,65,0.696206
4,66,0.696702
4,67,0.696776
4,68,0.696398
4,69,0.695606
4,70,0.694498
4,71,0.693219
4,72,0.691929
4,73,0.690785
4,74,0.6899
4,75,0.689327
4,76,0.689046
4,77,0.688971
4,78,0.688994
4,79,0.689026
4,80,0.689042
4,81,0.689108
4,82,0.689366
4,83,0.690011
4,84,0.691218
4,85,0.693097
4,86,0.695631
4,87,0.698688
4,88,0.702025
4,89,0.705356
4,90,0.708412
4,91,0.710993
4,92,0.712997
4,93,0.714416
4,94,0.715299
4,95,0.715718
5,0,0.678039
5,1,0.678487
5,2,0.679342
5,3,0.680534
5,4,0.681993
5,5,0.683658
5,6,0.685494
5,7,0.687476
5,8,0.689582
5,9,0.691762
5,10,0.693935
5,11,0.695989
5,12,0.697805
5,13,0.699298
5,14,0.700439
5,15,0.70128
5,16,0.701924
5,17,0.702487
5,18,0.703048
5,19,0.703632
5,20,0.704217
5,21,0.704777
5,22,0.705337
5,23,0.705988
5,24,0.706871
5,25,0.70812
5,26,0.709789
5,27,0.711807
5,28,0.713973
5,29,0.716008
5,30,0.717637
5,31,0.718658
5,32,0.718985
5,33,0.718654
5,34,0.71778
5,35,0.716528
5,36,0.715058
5,37,0.713517
5,38,0.712022
5,39,0.710665
5,40,0.709496
5,41,0.708522
5,42,0.707695
5,43,0.70691
5,44,0.706039
5,45,0.704961
5,46,0.703589
5,47,0.701901
5,48,0.699944
5,49,0.69784
5,50,0.69576
5,51,0.693895
5,52,0.692424
5,53,0.69147
5,54,0.691072
5,55,0.691185
5,56,0.691696
5,57,0.692466
5,58,0.69338
5,59,0.694363
5,60,0.695384
5,61,0.696432
5,62,0.697474
5,63,0.698435
5,64,0.699206
5,65,0.699661
5,66,0.699701
5,67,0.699282
5,68,0.69843
5,69,0.697244
5,70,0.695872
5,71,0.694492
5,72,0.693266
5,73,0.692327
5,74,0.691736
5,75,0.69148
5,76,0.691475
5,77,0.691587
5,78,0.691675
5,79,0.691642
5,80,0.691469
5,81,0.69124
5,82,0.691124
5,83,0.691344
5,84,0.692109
5,85,0.693554
5,86,0.695686
5,87,0.698379
5,88,0.701387
5,89,0.704411
5,90,0.707163
5,91,0.709434
5,92,0.711129
5,93,0.712266
5,94,0.712929
5,95,0.713226
6,0,0.679511
6,1,0.679915
6,2,0.680695
6,3,0.681809
6,4,0.683215
6,5,0.684883
6,6,0.686799
6,7,0.688946
6,8,0.691293
6,9,0.693766
6,10,0.696245
6,11,0.698573
6,12,0.700581
6,13,0.702135
6,14,0.703161
6,15,0.703684
6,16,0.703806
6,17,0.703671
6,18,0.703429
6,19,0.7032
6,20,0.703068
6,21,0.703094
6,22,0.703358
6,23,0.703948
6,24,0.704962
6,25,0.706456
6,26,0.708401
6,27,0.710656
6,28,0.71298
6,29,0.715085
6,30,0.716716
6,31,0.717705
6,32,0.718007
6,33,0.717693
6,34,0.716901
6,35,0.715802
6,36,0.71455
6,37,0.713273
6,38,0.712063
6,39,0.710984
6,40,0.710061
6,41,0.709274
6,42,0.708552
6,43,0.707774
6,44,0.706802
6,45,0.705517
6,46,0.703852
6,47,0.70182
6,48,0.699517
6,49,0.697116
6,50,0.694834
6,51,0.692906
6,52,0.691529
6,53,0.690835
6,54,0.690851
6,55,0.691506
6,56,0.692647
6,57,0.694089
6,58,0.695659
6,59,0.697228
6,60,0.698718
6,61,0.700083
6,62,0.701274
6,63,0.702213
6,64,0.702806
6,65,0.702955
6,66,0.702601
6,67,0.701751
6,68,0.700488
6,69,0.698974
6,70,0.697404
6,71,0.695985
6,72,0.694878
6,73,0.694185
6,74,0.693913
6,75,0.693987
6,76,0.694267
6,77,0.694576
6,78,0.694752
6,79,0.694691
6,80,0.694381
6,81,0.693917
6,82,0.693485
6,83,0.693327
6,84,0.693672
6,85,0.694683
6,86,0.696391
6,87,0.698688
6,88,0.701339
6,89,0.704042
6,90,0.706506
6,91,0.708512
6,92,0.709967
6,93,0.710896
6,94,0.711405
6,95,0.711619
7,0,0.681963
7,1,0.682331
7,2,0.683047
7,3,0.684086
7,4,0.685429
7,5,0.687071
7,6,0.689018
7,7,0.691263
7,8,0.693772
7,9,0.696451
7,10,0.699148
7,11,0.701661
7,12,0.703771
7,13,0.705295
7,14,0.706122
7,15,0.706247
7,16,0.705775
7,17,0.704883
7,18,0.703787
7,19,0.7027
7,20,0.701805
7,21,0.70125
7,22,0.701163
7,23,0.701633
7,24,0.702714
7,25,0.704389
7,26,0.706551
7,27,0.708992
7,28,0.711433
7,29,0.713583
7,30,0.715204
7,31,0.716165
7,32,0.71646
7,33,0.716195
7,34,0.71553
7,35,0.714642
7,36,0.713677
7,37,0.712745
7,38,0.711911
7,39,0.71121
7,40,0.710637
7,41,0.710143
7,42,0.709628
7,43,0.708944
7,44,0.707937
7,45,0.706485
7,46,0.70454
7,47,0.702153
7,48,0.699475
7,49,0.696737
7,50,0.694214
7,51,0.692176
7,52,0.69084
7,53,0.690334
7,54,0.69067
7,55,0.69175
7,56,0.69339
7,57,0.695367
7,58,0.697471
7,59,0.699534
7,60,0.701441
7,61,0.703112
7,62,0.704477
7,63,0.705449
7,64,0.705939
7,65,0.70587
7,66,0.705217
7,67,0.704031
7,68,0.702455
7,69,0.700701
7,70,0.69901
7,71,0.69761
7,72,0.696658
7,73,0.696221
7,74,0.696257
7,75,0.696638
7,76,0.697177
7,77,0.697672
7,78,0.697948
7,79,0.6979
7,80,0.697519
7,81,0.696906
7,82,0.696249
7,83,0.695793
7,84,0.69578
7,85,0.696392
7,86,0.697686
7,87,0.699584
7,88,0.701876
7,89,0.704277
7,90,0.706501
7,91,0.708326
7,92,0.709649
7,93,0.710487
7,94,0.710937
7,95,0.711123
8,0,0.685195
8,1,0.68555
8,2,0.68624
8,3,0.687245
8,4,0.688553
8,5,0.69017
8,6,0.692116
8,7,0.694392
8,8,0.696965
8,9,0.69973
8,10,0.70251
8,11,0.705073
8,12,0.707159
8,13,0.70855
8,14,0.709097
8,15,0.70878
8,16,0.7077
8,17,0.706064
8,18,0.704142
8,19,0.702228
8,20,0.70059
8,21,0.699451
8,22,0.69898
8,23,0.699269
8,24,0.700335
8,25,0.702101
8,26,0.704389
8,27,0.706939
8,28,0.709442
8,29,0.711601
8,30,0.7132
8,31,0.714142
8,32,0.714458
8,33,0.714282
8,34,0.713794
8,35,0.713178
8,36,0.712569
8,37,0.712055
8,38,0.711676
8,39,0.711434
8,40,0.711295
8,41,0.711176
8,42,0.710944
8,43,0.710424
8,44,0.709439
8,45,0.707864
8,46,0.705667
8,47,0.702939
8,48,0.699888
8,49,0.69681
8,50,0.694029
8,51,0.691855
8,52,0.690513
8,53,0.690122
8,54,0.690671
8,55,0.692036
8,56,0.69401
8,57,0.69635
8,58,0.698827
8,59,0.701252
8,60,0.703485
8,61,0.70542
8,62,0.706962
8,63,0.70801
8,64,0.70847
8,65,0.708276
8,66,0.707428
8,67,0.706018
8,68,0.704233
8,69,0.702332
8,70,0.700591
8,71,0.699249
8,72,0.698456
8,73,0.698247
8,74,0.698538
8,75,0.699162
8,76,0.699904
8,77,0.700549
8,78,0.700923
8,79,0.700923
8,80,0.700544
8,81,0.699878
8,82,0.699102
8,83,0.698452
8,84,0.698167
8,85,0.698441
8,86,0.699361
8,87,0.700886
8,88,0.702847
8,89,0.704992
8,90,0.707051
8,91,0.708801
8,92,0.710122
8,93,0.710999
8,94,0.7115
8,95,0.711718
9,0,0.688847
9,1,0.689227
9,2,0.68996
9,3,0.691012
9,4,0.692358
9,5,0.693995
9,6,0.695939
9,7,0.698194
9,8,0.700727
9,9,0.703433
9,10,0.706129
9,11,0.708568
9,12,0.710478
9,13,0.711616
9,14,0.71182
9,15,0.711051
9,16,0.70941
9,17,0.70712
9,18,0.704487
9,19,0.701861
9,20,0.699573
9,21,0.697902
9,22,0.697051
9,23,0.697117
9,24,0.698087
9,25,0.699842
9,26,0.702155
9,27,0.704726
9,28,0.707227
9,29,0.709361
9,30,0.710931
9,31,0.711866
9,32,0.712228
9,33,0.712179
9,34,0.711915
9,35,0.71162
9,36,0.711419
9,37,0.711379
9,38,0.711509
9,39,0.711779
9,40,0.712122
9,41,0.71242
9,42,0.712508
9,43,0.712184
9,44,0.711253
9,45,0.709587
9,46,0.70717
9,47,0.704134
9,48,0.700743
9,49,0.69735
9,50,0.694333
9,51,0.692024
9,52,0.690653
9,53,0.690318
9,54,0.690984
9,55,0.692499
9,56,0.694643
9,57,0.697167
9,58,0.699842
9,59,0.702476
9,60,0.70492
9,61,0.707047
9,62,0.708741
9,63,0.709881
9,64,0.710364
9,65,0.710124
9,66,0.709181
9,67,0.707651
9,68,0.705757
9,69,0.703791
9,70,0.702048
9,71,0.700776
9,72,0.70011
9,73,0.70006
9,74,0.700514
9,75,0.701283
9,76,0.702142
9,77,0.702882
9,78,0.703337
9,79,0.703414
9,80,0.703102
9,81,0.702476
9,82,0.701691
9,83,0.700955
9,84,0.700496
9,85,0.700512
9,86,0.701119
9,87,0.70232
9,88,0.703997
9,89,0.705945
9,90,0.707921
9,91,0.709703
9,92,0.711143
9,93,0.712184
9,94,0.712833
9,95,0.71314
10,0,0.692472
10,1,0.692929
10,2,0.693797
10,3,0.695011
10,4,0.696508
10,5,0.698251
10,6,0.70023
10,7,0.702435
10,8,0.704834
10,9,0.707331
10,10,0.709757
10,11,0.711881
10,12,0.713442
10,13,0.714208
10,14,0.714015
10,15,0.712818
10,16,0.710716
10,17,0.707928
10,18,0.704776
10,19,0.701631
10,20,0.698859
10,21,0.696771
10,22,0.695592
10,23,0.695423
10,24,0.69624
10,25,0.697898
10,26,0.700144
10,27,0.702656
10,28,0.705098
10,29,0.707178
10,30,0.708712
10,31,0.709651
10,32,0.710081
10,33,0.710182
10,34,0.710165
10,35,0.710216
10,36,0.710448
10,37,0.710907
10,38,0.711569
10,39,0.712367
10,40,0.713196
10,41,0.713906
10,42,0.714301
10,43,0.714159
10,44,0.713275
10,45,0.711522
10,46,0.708909
10,47,0.705607
10,48,0.701929
10,49,0.698281
10,50,0.695076
10,51,0.692666
10,52,0.691272
10,53,0.690966
10,54,0.691681
10,55,0.693241
10,56,0.695417
10,57,0.697967
10,58,0.700675
10,59,0.703364
10,60,0.705887
10,61,0.70811
10,62,0.7099
10,63,0.71112
10,64,0.711651
10,65,0.711424
10,66,0.710465
10,67,0.708905
10,68,0.706986
10,69,0.705015
10,70,0.703296
10,71,0.702073
10,72,0.701469
10,73,0.701475
10,74,0.70197
10,75,0.702761
10,76,0.703633
10,77,0.704396
10,78,0.704904
10,79,0.705072
10,80,0.704881
10,81,0.704379
10,82,0.703682
10,83,0.702964
10,84,0.702427
10,85,0.702271
10,86,0.702635
10,87,0.703571
10,88,0.70502
10,89,0.706829
10,90,0.70879
10,91,0.710684
10,92,0.712333
10,93,0.713622
10,94,0.714491
10,95,0.714926
11,0,0.695633
11,1,0.696222
11,2,0.697327
11,3,0.698832
11,4,0.700615
11,5,0.702574
11,6,0.70465
11,7,0.706805
11,8,0.708996
11,9,0.711148
11,10,0.713125
11,11,0.714743
11,12,0.715789
11,13,0.716068
11,14,0.715441
11,15,0.71387
11,16,0.711443
11,17,0.708365
11,18,0.70494
11,19,0.70153
11,20,0.6985
11,21,0.696167
11,22,0.694764
11,23,0.694395
11,24,0.695038
11,25,0.696542
11,26,0.698653
11,27,0.701044
11,28,0.703384
11,29,0.705388
11,30,0.706881
11,31,0.707828
11,32,0.70833
11,33,0.708582
11,34,0.708807
11,35,0.709195
11,36,0.709851
11,37,0.710797
11,38,0.711974
11,39,0.713273
11,40,0.714548
11,41,0.715615
11,42,0.716253
11,43,0.716229
11,44,0.715342
11,45,0.71348
11,46,0.710681
11,47,0.707153
11,48,0.703254
11,49,0.699429
11,50,0.696115
11,51,0.693667
11,52,0.692287
11,53,0.692016
11,54,0.692751
11,55,0.694293
11,56,0.696406
11,57,0.698861
11,58,0.701466
11,59,0.704068
11,60,0.706537
11,61,0.708746
11,62,0.710556
11,63,0.711815
11,64,0.712392
11,65,0.712212
11,66,0.711296
11,67,0.709778
11,68,0.707898
11,69,0.705965
11,70,0.704273
11,71,0.703057
11,72,0.702427
11,73,0.70237
11,74,0.702767
11,75,0.703447
11,76,0.704222
11,77,0.704932
11,78,0.705458
11,79,0.705721
11,80,0.705686
11,81,0.705369
11,82,0.704838
11,83,0.704221
11,84,0.703692
11,85,0.703441
11,86,0.703633
11,87,0.704362
11,88,0.70563
11,89,0.707339
11,90,0.70932
11,91,0.711359
11,92,0.71325
11,93,0.714817
11,94,0.71593
11,95,0.716505
12,0,0.697978
12,1,0.698748
12,2,0.700179
12,3,0.702094
12,4,0.704286
12,5,0.706571
12,6,0.708816
12,7,0.710934
12,8,0.71287
12,9,0.71457
12,10,0.715953
12,11,0.716908
12,12,0.7173
12,13,0.717006
12,14,0.715932
12,15,0.714061
12,16,0.71147
12,17,0.708334
12,18,0.704912
12,19,0.701525
12,20,0.698502
12,21,0.696139
12,22,0.694659
12,23,0.69417
12,24,0.694659
12,25,0.695991
12,26,0.697928
12,27,0.700159
12,28,0.702365
12,29,0.704272
12,30,0.705711
12,31,0.706654
12,32,0.70721
12,33,0.707588
12,34,0.708021
12,35,0.708706
12,36,0.709741
12,37,0.711126
12,38,0.712764
12,39,0.714499
12,40,0.716139
12,41,0.717464
12,42,0.718238
12,43,0.718229
12,44,0.717255
12,45,0.715234
12,46,0.712242
12,47,0.708527
12,48,0.70448
12,49,0.700569
12,50,0.69724
12,51,0.694837
12,52,0.693534
12,53,0.693334
12,54,0.694097
12,55,0.6956
12,56,0.6976
12,57,0.699881
12,58,0.702281
12,59,0.70468
12,60,0.706976
12,61,0.709061
12,62,0.710801
12,63,0.712043
12,64,0.712647
12,65,0.712529
12,66,0.711697
12,67,0.710274
12,68,0.708484
12,69,0.706615
12,70,0.704942
12,71,0.703679
12,72,0.702931
12,73,0.702689
12,74,0.702858
12,75,0.703302
12,76,0.703876
12,77,0.704463
12,78,0.704967
12,79,0.705316
12,80,0.705456
12,81,0.705359
12,82,0.705045
12,83,0.704589
12,84,0.704132
12,85,0.703852
12,86,0.703929
12,87,0.704499
12,88,0.705616
12,89,0.707237
12,90,0.70923
12,91,0.711393
12,92,0.713495
12,93,0.71531
12,94,0.71664
12,95,0.717342
13,0,0.699294
13,1,0.700275
13,2,0.70209
13,3,0.70449
13,4,0.707177
13,5,0.709866
13,6,0.712336
13,7,0.714438
13,8,0.716096
13,9,0.717281
13,10,0.717978
13,11,0.71817
13,12,0.717826
13,13,0.716917
13,14,0.715418
13,15,0.713342
13,16,0.710757
13,17,0.707796
13,18,0.704654
13,19,0.701579
13,20,0.698835
13,21,0.696672
13,22,0.695288
13,23,0.694789
13,24,0.695179
13,25,0.696352
13,26,0.6981
13,27,0.700146
13,28,0.702191
13,29,0.703974
13,30,0.705333
13,31,0.706242
13,32,0.706817
13,33,0.707274
13,34,0.70786
13,35,0.70878
13,36,0.710126
13,37,0.711875
13,38,0.713888
13,39,0.715962
13,40,0.717853
13,41,0.719309
13,42,0.720083
13,43,0.719962
13,44,0.718796
13,45,0.716553
13,46,0.713355
13,47,0.709486
13,48,0.705364
13,49,0.701464
13,50,0.698223
13,51,0.695957
13,52,0.694807
13,53,0.694733
13,54,0.695557
13,55,0.69703
13,56,0.698902
13,57,0.70097
13,58,0.703098
13,59,0.705206
13,60,0.707231
13,61,0.709093
13,62,0.710679
13,63,0.711844
13,64,0.712447
13,65,0.712395
13,66,0.711677
13,67,0.710392
13,68,0.70873
13,69,0.706944
13,70,0.705278
13,71,0.703923
13,72,0.702978
13,73,0.702452
13,74,0.702288
13,75,0.702399
13,76,0.702693
13,77,0.703098
13,78,0.703546
13,79,0.703964
13,80,0.704275
13,81,0.70441
13,82,0.704333
13,83,0.704072
13,84,0.703729
13,85,0.703468
13,86,0.703477
13,87,0.703922
13,88,0.704902
13,89,0.70642
13,90,0.708381
13,91,0.710595
13,92,0.712822
13,93,0.714799
13,94,0.716277
13,95,0.717068
14,0,0.699535
14,1,0.70073
14,2,0.702937
14,3,0.705836
14,4,0.709036
14,5,0.71215
14,6,0.714862
14,7,0.716958
14,8,0.718336
14,9,0.718992
14,10,0.718982
14,11,0.71839
14,12,0.717304
14,13,0.715803
14,14,0.713944
14,15,0.711779
14,16,0.709368
14,17,0.706795
14,18,0.704176
14,19,0.701669
14,20,0.69945
14,21,0.697702
14,22,0.696582
14,23,0.696189
14,24,0.696547
14,25,0.697585
14,26,0.699141
14,27,0.700977
14,28,0.702826
14,29,0.704446
14,30,0.705682
14,31,0.706513
14,32,0.707058
14,33,0.707541
14,34,0.708222
14,35,0.709311
14,36,0.710892
14,37,0.712918
14,38,0.715209
14,39,0.717506
14,40,0.719519
14,41,0.720967
14,42,0.721601
14,43,0.721237
14,44,0.71978
14,45,0.717255
14,46,0.713838
14,47,0.709853
14,48,0.705729
14,49,0.701935
14,50,0.69888
14,51,0.696842
14,52,0.695919
14,53,0.696027
14,54,0.696952
14,55,0.698418
14,56,0.700167
14,57,0.702006
14,58,0.703826
14,59,0.705588
14,60,0.707269
14,61,0.708833
14,62,0.710197
14,63,0.711236
14,64,0.711814
14,65,0.711828
14,66,0.711246
14,67,0.710131
14,68,0.70863
14,69,0.706949
14,70,0.705288
14,71,0.703816
14,72,0.702629
14,73,0.701762
14,74,0.701202
14,75,0.700924
14,76,0.700892
14,77,0.701078
14,78,0.701438
14,79,0.701899
14,80,0.702358
14,81,0.702706
14,82,0.702859
14,83,0.702798
14,84,0.702591
14,85,0.702382
14,86,0.70236
14,87,0.702707
14,88,0.703554
14,89,0.704939
14,90,0.706799
14,91,0.708966
14,92,0.711199
14,93,0.713219
14,94,0.714751
14,95,0.715577
15,0,0.698805
15,1,0.700188
15,2,0.702737
15,3,0.706075
15,4,0.709725
15,5,0.713211
15,6,0.71613
15,7,0.718207
15,8,0.719314
15,9,0.719471
15,10,0.7188
15,11,0.717487
15,12,0.715737
15,13,0.713739
15,14,0.711633
15,15,0.709514
15,16,0.707435
15,17,0.705428
15,18,0.703526
15,19,0.701783
15,20,0.700275
15,21,0.699105
15,22,0.698382
15,23,0.69819
15,24,0.69857
15,25,0.699494
15,26,0.700846
15,27,0.70244
15,28,0.704047
15,29,0.705451
15,30,0.706512
15,31,0.707215
15,32,0.707686
15,33,0.708155
15,34,0.708887
15,35,0.710092
15,36,0.711845
15,37,0.714068
15,38,0.716537
15,39,0.718943
15,40,0.720952
15,41,0.722261
15,42,0.72263
15,43,0.721917
15,44,0.720091
15,45,0.717248
15,46,0.713619
15,47,0.709562
15,48,0.705508
15,49,0.701903
15,50,0.699117
15,51,0.697379
15,52,0.696738
15,53,0.697067
15,54,0.698119
15,55,0.699596
15,56,0.701231
15,57,0.70284
15,58,0.70434
15,59,0.705727
15,60,0.707027
15,61,0.708249
15,62,0.70935
15,63,0.71023
15,64,0.710764
15,65,0.710844
15,66,0.710414
15,67,0.709495
15,68,0.708185
15,69,0.706634
15,70,0.704998
15,71,0.703417
15,72,0.701989
15,73,0.700777
15,74,0.699817
15,75,0.699144
15,76,0.698777
15,77,0.698729
15,78,0.698975
15,79,0.699442
15,80,0.700005
15,81,0.700522
15,82,0.70087
15,83,0.700994
15,84,0.700928
15,85,0.700793
15,86,0.700771
15,87,0.701046
15,88,0.701765
15,89,0.702991
15,90,0.704687
15,91,0.706706
15,92,0.708825
15,93,0.710768
15,94,0.712256
15,95,0.713062
16,0,0.697354
16,1,0.698867
16,2,0.701656
16,3,0.705297
16,4,0.709256
16,5,0.712986
16,6,0.716019
16,7,0.71803
16,8,0.718876
16,9,0.718593
16,10,0.717364
16,11,0.715463
16,12,0.713201
16,13,0.710864
16,14,0.708667
16,15,0.706742
16,16,0.705136
16,17,0.703829
16,18,0.702769
16,19,0.701907
16,20,0.701218
16,21,0.700719
16,22,0.700465
16,23,0.700522
16,24,0.700947
16,25,0.70175
16,26,0.702871
16,27,0.704176
16,28,0.705482
16,29,0.706611
16,30,0.707444
16,31,0.70798
16,32,0.708351
16,33,0.708792
16,34,0.709565
16,35,0.710869
16,36,0.712756
16,37,0.715117
16,38,0.717683
16,39,0.720099
16,40,0.721998
16,41,0.723064
16,42,0.723079
16,43,0.721952
16,44,0.719724
16,45,0.716561
16,46,0.712752
16,47,0.708677
16,48,0.70476
16,49,0.701412
16,50,0.698951
16,51,0.697552
16,52,0.697213
16,53,0.697771
16,54,0.69895
16,55,0.700437
16,56,0.70196
16,57,0.703343
16,58,0.704525
16,59,0.705538
16,60,0.706451
16,61,0.70732
16,62,0.708142
16,63,0.708851
16,64,0.709334
16,65,0.70948
16,66,0.709212
16,67,0.708511
16,68,0.707421
16,69,0.706039
16,70,0.704471
16,71,0.702831
16,72,0.701215
16,73,0.699712
16,74,0.698405
16,75,0.697378
16,76,0.696701
16,77,0.696421
16,78,0.696528
16,79,0.696951
16,80,0.697553
16,81,0.698171
16,82,0.698657
16,83,0.698928
16,84,0.698993
16,85,0.698948
16,86,0.698955
16,87,0.699191
16,88,0.699802
16,89,0.700862
16,90,0.702353
16,91,0.704156
16,92,0.70607
16,93,0.707841
16,94,0.709207
16,95,0.709949
17,0,0.695521
17,1,0.697088
17,2,0.699971
17,3,0.703729
17,4,0.707792
17,5,0.711578
17,6,0.71458
17,7,0.716448
17,8,0.717027
17,9,0.716375
17,10,0.71472
17,11,0.712408
17,12,0.70983
17,13,0.707348
17,14,0.705238
17,15,0.703655
17,16,0.702635
17,17,0.702109
17,18,0.701946
17,19,0.702
17,20,0.702151
17,21,0.702334
17,22,0.70255
17,23,0.702847
17,24,0.703295
17,25,0.703943
17,26,0.704785
17,27,0.705744
17,28,0.706692
17,29,0.707493
17,30,0.70806
17,31,0.708414
17,32,0.708695
17,33,0.709132
17,34,0.709975
17,35,0.711398
17,36,0.713418
17,37,0.715886
17,38,0.718491
17,39,0.720845
17,40,0.722554
17,41,0.723311
17,42,0.722929
17,43,0.721374
17,44,0.718759
17,45,0.715319
17,46,0.711388
17,47,0.707361
17,48,0.703641
17,49,0.700595
17,50,0.698483
17,51,0.697422
17,52,0.697366
17,53,0.698123
17,54,0.699399
17,55,0.700873
17,56,0.702275
17,57,0.703437
17,58,0.704318
17,59,0.704981
17,60,0.705532
17,61,0.706066
17,62,0.706621
17,63,0.70716
17,64,0.70759
17,65,0.7078
17,66,0.707696
17,67,0.707227
17,68,0.706388
17,69,0.705223
17,70,0.703793
17,71,0.70218
17,72,0.700477
17,73,0.698788
17,74,0.697231
17,75,0.695932
17,76,0.694997
17,77,0.694497
17,78,0.69444
17,79,0.694758
17,80,0.695317
17,81,0.695948
17,82,0.696495
17,83,0.696862
17,84,0.697035
17,85,0.697087
17,86,0.697152
17,87,0.697387
17,88,0.697926
17,89,0.698842
17,90,0.70013
17,91,0.701694
17,92,0.703363
17,93,0.704915
17,94,0.706116
17,95,0.70677
18,0,0.693698
18,1,0.69523
18,2,0.698045
18,3,0.701703
18,4,0.705636
18,5,0.709256
18,6,0.712053
18,7,0.713671
18,8,0.713963
18,9,0.713002
18,10,0.711054
18,11,0.70851
18,12,0.705817
18,13,0.703388
18,14,0.701532
18,15,0.700416
18,16,0.700057
18,17,0.700338
18,18,0.701057
18,19,0.701986
18,20,0.702918
18,21,0.703719
18,22,0.704341
18,23,0.704817
18,24,0.70523
18,25,0.705667
18,26,0.706173
18,27,0.706732
18,28,0.707273
18,29,0.707713
18,30,0.708004
18,31,0.708193
18,32,0.708426
18,33,0.708922
18,34,0.709901
18,35,0.711496
18,36,0.713678
18,37,0.71625
18,38,0.718863
18,39,0.721106
18,40,0.722582
18,41,0.723002
18,42,0.722223
18,43,0.720275
18,44,0.717336
18,45,0.713698
18,46,0.709728
18,47,0.705821
18,48,0.702348
18,49,0.699624
18,50,0.697848
18,51,0.697086
18,52,0.697257
18,53,0.69815
18,54,0.699464
18,55,0.700885
18,56,0.70215
18,57,0.703103
18,58,0.703719
18,59,0.70408
18,60,0.704318
18,61,0.704562
18,62,0.70488
18,63,0.705263
18,64,0.705638
18,65,0.705904
18,66,0.705959
18,67,0.705728
18,68,0.705168
18,69,0.704276
18,70,0.703068
18,71,0.701594
18,72,0.699933
18,73,0.698195
18,74,0.696517
18,75,0.695049
18,76,0.693919
18,77,0.693219
18,78,0.692968
18,79,0.693115
18,80,0.693538
18,81,0.694084
18,82,0.694605
18,83,0.695002
18,84,0.69525
18,85,0.695394
18,86,0.69554
18,87,0.695815
18,88,0.69633
18,89,0.69715
18,90,0.698277
18,91,0.699631
18,92,0.701072
18,93,0.702411
18,94,0.703446
18,95,0.70401
19,0,0.692258
19,1,0.69367
19,2,0.696261
19,3,0.699612
19,4,0.703184
19,5,0.70642
19,6,0.708832
19,7,0.710087
19,8,0.710053
19,9,0.708824
19,10,0.706687
19,11,0.704061
19,12,0.70142
19,13,0.6992
19,14,0.697722
19,15,0.69715
19,16,0.697472
19,17,0.698527
19,18,0.700054
19,19,0.701753
19,20,0.703348
19,21,0.704649
19,22,0.705569
19,23,0.706133
19,24,0.706435
19,25,0.706599
19,26,0.70672
19,27,0.706842
19,28,0.706954
19,29,0.707027
19,30,0.707061
19,31,0.707128
19,32,0.707382
19,33,0.70802
19,34,0.709221
19,35,0.71106
19,36,0.713448
19,37,0.716138
19,38,0.718748
19,39,0.720855
19,40,0.722077
19,41,0.722163
19,42,0.721025
19,43,0.718753
19,44,0.715585
19,45,0.711855
19,46,0.707942
19,47,0.704226
19,48,0.701036
19,49,0.698629
19,50,0.697149
19,51,0.696618
19,52,0.696931
19,53,0.697875
19,54,0.699159
19,55,0.700483
19,56,0.701602
19,57,0.70237
19,58,0.702773
19,59,0.702903
19,60,0.702904
19,61,0.702922
19,62,0.703046
19,63,0.703292
19,64,0.703611
19,65,0.703917
19,66,0.704115
19,67,0.704117
19,68,0.703853
19,69,0.703282
19,70,0.70238
19,71,0.70116
19,72,0.699677
19,73,0.698035
19,74,0.696371
19,75,0.694842
19,76,0.693589
19,77,0.69271
19,78,0.692242
19,79,0.692155
19,80,0.692355
19,81,0.692719
19,82,0.693123
19,83,0.693479
19,84,0.693754
19,85,0.693972
19,86,0.694206
19,87,0.694551
19,88,0.695093
19,89,0.695881
19,90,0.696916
19,91,0.698131
19,92,0.699406
19,93,0.700582
19,94,0.701487
19,95,0.70198
20,0,0.691491
20,1,0.692716
20,2,0.694956
20,3,0.697833
20,4,0.700858
20,5,0.703529
20,6,0.705408
20,7,0.7062
20,8,0.705801
20,9,0.704322
20,10,0.702061
20,11,0.699446
20,12,0.696957
20,13,0.695031
20,14,0.693981
20,15,0.693955
20,16,0.694912
20,17,0.696648
20,18,0.698853
20,19,0.701172
20,20,0.703277
20,21,0.704935
20,22,0.706034
20,23,0.706591
20,24,0.706717
20,25,0.706567
20,26,0.706284
20,27,0.705965
20,28,0.705658
20,29,0.70539
20,30,0.705207
20,31,0.705212
20,32,0.70556
20,33,0.706423
20,34,0.707924
20,35,0.71007
20,36,0.712705
20,37,0.715526
20,38,0.718125
20,39,0.720081
20,40,0.721045
20,41,0.720817
20,42,0.719374
20,43,0.716865
20,44,0.713577
20,45,0.709865
20,46,0.706105
20,47,0.702642
20,48,0.699755
20,49,0.697642
20,50,0.696397
20,51,0.696013
20,52,0.696377
20,53,0.697287
20,54,0.698477
20,55,0.699675
20,56,0.700655
20,57,0.701286
20,58,0.701554
20,59,0.701547
20,60,0.701406
20,61,0.701277
20,62,0.70126
20,63,0.701393
20,64,0.70165
20,65,0.701973
20,66,0.702283
20,67,0.702496
20,68,0.702527
20,69,0.702305
20,70,0.701769
20,71,0.700894
20,72,0.699705
20,73,0.698285
20,74,0.696759
20,75,0.695273
20,76,0.693967
20,77,0.692941
20,78,0.692249
20,79,0.691886
20,80,0.691798
20,81,0.6919
20,82,0.692107
20,83,0.69235
20,84,0.692594
20,85,0.69285
20,86,0.693159
20,87,0.693587
20,88,0.694193
20,89,0.695009
20,90,0.696029
20,91,0.69719
20,92,0.698385
20,93,0.699473
20,94,0.700304
20,95,0.700754
21,0,0.691549
21,1,0.692546
21,2,0.694358
21,3,0.696658
21,4,0.699024
21,5,0.701023
21,6,0.702281
21,7,0.702553
21,8,0.701765
21,9,0.700042
21,10,0.697685
21,11,0.695115
21,12,0.6928
21,13,0.691164
21,14,0.690503
21,15,0.690942
21,16,0.692412
21,17,0.694677
21,18,0.697388
21,19,0.70015
21,20,0.702599
21,21,0.704473
21,22,0.705644
21,23,0.706128
21,24,0.706048
21,25,0.705586
21,26,0.704922
21,27,0.704199
21,28,0.703517
21,29,0.702956
21,30,0.702608
21,31,0.702603
21,32,0.703099
21,33,0.704238
21,34,0.706084
21,35,0.708569
21,36,0.711465
21,37,0.714415
21,38,0.716989
21,39,0.71878
21,40,0.719485
21,41,0.718967
21,42,0.717273
21,43,0.714612
21,44,0.711302
21,45,0.707707
21,46,0.704179
21,47,0.701014
21,48,0.698432
21,49,0.696578
21,50,0.695505
21,51,0.695187
21,52,0.69552
21,53,0.696329
21,54,0.697386
21,55,0.698453
21,56,0.69933
21,57,0.699896
21,58,0.70013
21,59,0.7001
21,60,0.699928
21,61,0.699745
21,62,0.69965
21,63,0.699696
21,64,0.699886
21,65,0.700196
21,66,0.700575
21,67,0.700956
21,68,0.701251
21,69,0.701368
21,70,0.701217
21,71,0.700735
21,72,0.699915
21,73,0.698809
21,74,0.697517
21,75,0.696165
21,76,0.694879
21,77,0.693757
21,78,0.692862
21,79,0.692217
21,80,0.691811
21,81,0.691606
21,82,0.691557
21,83,0.691623
21,84,0.691777
21,85,0.692019
21,86,0.69237
21,87,0.692867
21,88,0.693549
21,89,0.694432
21,90,0.695496
21,91,0.696679
21,92,0.697875
21,93,0.698949
21,94,0.699762
21,95,0.7002
22,0,0.692398
22,1,0.693156
22,2,0.694521
22,3,0.696221
22,4,0.697905
22,5,0.699215
22,6,0.699846
22,7,0.699602
22,8,0.69844
22,9,0.696489
22,10,0.694042
22,11,0.691502
22,12,0.689316
22,13,0.687885
22,14,0.687489
22,15,0.688233
22,16,0.690029
22,17,0.692621
22,18,0.695635
22,19,0.698653
22,20,0.701288
22,21,0.703262
22,22,0.704438
22,23,0.704829
22,24,0.704567
22,25,0.703849
22,26,0.702879
22,27,0.701833
22,28,0.700851
22,29,0.700059
22,30,0.699591
22,31,0.699607
22,32,0.700266
22,33,0.701683
22,34,0.703866
22,35,0.706672
22,36,0.709802
22,37,0.712848
22,38,0.715365
22,39,0.716969
22,40,0.717409
22,41,0.716621
22,42,0.714722
22,43,0.711973
22,44,0.708717
22,45,0.705308
22,46,0.702059
22,47,0.69921
22,48,0.69692
22,49,0.695281
22,50,0.694316
22,51,0.693997
22,52,0.694241
22,53,0.694911
22,54,0.695825
22,55,0.696787
22,56,0.697624
22,57,0.69822
22,58,0.698538
22,59,0.698616
22,60,0.698537
22,61,0.698405
22,62,0.698306
22,63,0.698302
22,64,0.698426
22,65,0.698692
22,66,0.699088
22,67,0.699573
22,68,0.700068
22,69,0.700471
22,70,0.700669
22,71,0.700572
22,72,0.700138
22,73,0.699389
22,74,0.698394
22,75,0.69725
22,76,0.696061
22,77,0.694915
22,78,0.693877
22,79,0.692994
22,80,0.692291
22,81,0.691776
22,82,0.691447
22,83,0.691294
22,84,0.691304
22,85,0.691473
22,86,0.691812
22,87,0.692341
22,88,0.69308
22,89,0.694031
22,90,0.695164
22,91,0.696407
22,92,0.697651
22,93,0.698758
22,94,0.69959
22,95,0.700037
23,0,0.693829
23,1,0.694368
23,2,0.695325
23,3,0.696479
23,4,0.697548
23,5,0.698248
23,6,0.698333
23,7,0.697652
23,8,0.69618
23,9,0.694043
23,10,0.691513
23,11,0.688964
23,12,0.686817
23,13,0.685453
23,14,0.685138
23,15,0.685973
23,16,0.687864
23,17,0.69055
23,18,0.69365
23,19,0.69674
23,20,0.699424
23,21,0.701417
23,22,0.702573
23,23,0.702904
23,24,0.702538
23,25,0.701673
23,26,0.700518
23,27,0.699264
23,28,0.698078
23,29,0.697122
23,30,0.696567
23,31,0.696603
23,32,0.697397
23,33,0.699041
23,34,0.701493
23,35,0.704546
23,36,0.707839
23,37,0.710918
23,38,0.71333
23,39,0.714716
23,40,0.714883
23,41,0.713837
23,42,0.711763
23,43,0.708968
23,44,0.705808
23,45,0.702616
23,46,0.69966
23,47,0.697116
23,48,0.695085
23,49,0.693613
23,50,0.692703
23,51,0.692335
23,52,0.692453
23,53,0.692971
23,54,0.693757
23,55,0.69466
23,56,0.695532
23,57,0.696262
23,58,0.696789
23,59,0.697108
23,60,0.697254
23,61,0.697288
23,62,0.697273
23,63,0.697274
23,64,0.697348
23,65,0.697551
23,66,0.697912
23,67,0.698424
23,68,0.699027
23,69,0.699621
23,70,0.700082
23,71,0.700301
23,72,0.700214
23,73,0.699813
23,74,0.699138
23,75,0.698256
23,76,0.697242
23,77,0.696162
23,78,0.695078
23,79,0.694047
23,80,0.693121
23,81,0.692345
23,82,0.691755
23,83,0.691371
23,84,0.691198
23,85,0.691242
23,86,0.691508
23,87,0.692009
23,88,0.692754
23,89,0.693735
23,90,0.694911
23,91,0.696202
23,92,0.69749
23,93,0.698632
23,94,0.699487
23,95,0.699946
24,0,0.695512
24,1,0.695876
24,2,0.696509
24,3,0.697235
24,4,0.697832
24,5,0.698076
24,6,0.697772
24,7,0.696799
24,8,0.695135
24,9,0.692889
24,10,0.690299
24,11,0.687704
24,12,0.685498
24,13,0.684044
24,14,0.68361
24,15,0.684303
24,16,0.686046
24,17,0.688591
24,18,0.691571
24,19,0.694567
24,20,0.697189
24,21,0.699152
24,22,0.700305
24,23,0.700651
24,24,0.700301
24,25,0.699434
24,26,0.698244
24,27,0.696918
24,28,0.695635
24,29,0.694579
24,30,0.693958
24,31,0.693988
24,32,0.694849
24,33,0.696622
24,34,0.699229
24,35,0.702411
24,36,0.705759
24,37,0.708787
24,38,0.711035
24,39,0.712174
24,40,0.712063
24,41,0.710772
24,42,0.708546
24,43,0.705725
24,44,0.702672
24,45,0.699694
24,46,0.697008
24,47,0.694732
24,48,0.692911
24,49,0.691554
24,50,0.690652
24,51,0.690198
24,52,0.690174
24,53,0.69054
24,54,0.691219
24,55,0.692106
24,56,0.693081
24,57,0.694033
24,58,0.694877
24,59,0.695557
24,60,0.696053
24,61,0.69637
24,62,0.696541
24,63,0.69662
24,64,0.696687
24,65,0.696829
24,66,0.697118
24,67,0.697584
24,68,0.698192
24,69,0.698854
24,70,0.699453
24,71,0.699873
24,72,0.700041
24,73,0.699933
24,74,0.699564
24,75,0.698972
24,76,0.698201
24,77,0.697291
24,78,0.696285
24,79,0.695235
24,80,0.694207
24,81,0.693264
24,82,0.692473
24,83,0.69188
24,84,0.691513
24,85,0.691391
24,86,0.691525
24,87,0.691927
24,88,0.692603
24,89,0.693537
24,90,0.694682
24,91,0.695951
24,92,0.697221
24,93,0.698347
24,94,0.699191
24,95,0.699643
25,0,0.697076
25,1,0.697324
25,2,0.697744
25,3,0.698199
25,4,0.698512
25,5,0.698505
25,6,0.698017
25,7,0.696939
25,8,0.695238
25,9,0.69299
25,10,0.690389
25,11,0.687734
25,12,0.685391
25,13,0.683715
25,14,0.682984
25,15,0.683331
25,16,0.684711
25,17,0.686912
25,18,0.689592
25,19,0.692359
25,20,0.694839
25,21,0.696751
25,22,0.697944
25,23,0.698401
25,24,0.698203
25,25,0.697491
25,26,0.696426
25,27,0.695168
25,28,0.693892
25,29,0.692797
25,30,0.692117
25,31,0.692098
25,32,0.692939
25,33,0.694718
25,34,0.697338
25,35,0.700509
25,36,0.703788
25,37,0.706673
25,38,0.708705
25,39,0.709581
25,40,0.709205
25,41,0.707697
25,42,0.705343
25,43,0.702511
25,44,0.699558
25,45,0.696765
25,46,0.694302
25,47,0.692235
25,48,0.690565
25,49,0.689269
25,50,0.688332
25,51,0.687764
25,52,0.68758
25,53,0.68779
25,54,0.688369
25,55,0.689258
25,56,0.690367
25,57,0.69159
25,58,0.692816
25,59,0.693944
25,60,0.69489
25,61,0.695602
25,62,0.696067
25,63,0.696323
25,64,0.696453
25,65,0.696571
25,66,0.696781
25,67,0.697147
25,68,0.697665
25,69,0.69827
25,70,0.698861
25,71,0.699339
25,72,0.699634
25,73,0.699723
25,74,0.699607
25,75,0.699302
25,76,0.698825
25,77,0.69818
25,78,0.697382
25,79,0.696463
25,80,0.695478
25,81,0.694498
25,82,0.693602
25,83,0.692857
25,84,0.692313
25,85,0.692007
25,86,0.691961
25,87,0.692193
25,88,0.692708
25,89,0.693491
25,90,0.69449
25,91,0.695618
25,92,0.696757
25,93,0.69777
25,94,0.69853
25,95,0.698937
26,0,0.698232
26,1,0.698425
26,2,0.698751
26,3,0.699098
26,4,0.699326
26,5,0.699282
26,6,0.698824
26,7,0.697838
26,8,0.696264
26,9,0.694134
26,10,0.691591
26,11,0.68889
26,12,0.686373
26,13,0.684392
26,14,0.683246
26,15,0.683107
26,16,0.683975
26,17,0.685684
26,18,0.687937
26,19,0.690378
26,20,0.692659
26,21,0.694518
26,22,0.695797
26,23,0.696455
26,24,0.696534
26,25,0.69612
26,26,0.695319
26,27,0.694253
26,28,0.693075
26,29,0.69199
26,30,0.691255
26,31,0.691143
26,32,0.691874
26,33,0.693537
26,34,0.69603
26,35,0.699053
26,36,0.702152
26,37,0.704821
26,38,0.706611
26,39,0.70724
26,40,0.706642
26,41,0.70497
26,42,0.702535
26,43,0.69971
26,44,0.696848
26,45,0.6942
26,46,0.691902
26,47,0.689978
26,48,0.688394
26,49,0.687108
26,50,0.686097
26,51,0.685386
26,52,0.685018
26,53,0.685047
26,54,0.685499
26,55,0.686362
26,56,0.68758
26,57,0.689059
26,58,0.690674
26,59,0.692279
26,60,0.693734
26,61,0.694926
26,62,0.69579
26,63,0.696332
26,64,0.696627
26,65,0.696793
26,66,0.696956
26,67,0.697205
26,68,0.697565
26,69,0.698003
26,70,0.698448
26,71,0.698831
26,72,0.699107
26,73,0.699268
26,74,0.699321
26,75,0.699268
26,76,0.699103
26,77,0.698796
26,78,0.698322
26,79,0.697676
26,80,0.696885
26,81,0.696007
26,82,0.695121
26,83,0.694305
26,84,0.693627
26,85,0.693144
26,86,0.69289
26,87,0.692892
26,88,0.693158
26,89,0.693672
26,90,0.694387
26,91,0.695226
26,92,0.696086
26,93,0.696856
26,94,0.697434
26,95,0.697744
27,0,0.698845
27,1,0.699037
27,2,0.69937
27,3,0.699753
27,4,0.700064
27,5,0.700169
27,6,0.699924
27,7,0.699198
27,8,0.697892
27,9,0.69599
27,10,0.693579
27,11,0.690874
27,12,0.688193
27,13,0.685891
27,14,0.684294
27,15,0.683613
27,16,0.683899
27,17,0.685044
27,18,0.6868
27,19,0.688859
27,20,0.690913
27,21,0.692718
27,22,0.694118
27,23,0.695045
27,24,0.695491
27,25,0.695476
27,26,0.695042
27,27,0.694257
27,28,0.693245
27,29,0.692209
27,30,0.69142
27,31,0.691177
27,32,0.691723
27,33,0.693168
27,34,0.69542
27,35,0.698189
27,36,0.701031
27,37,0.703451
27,38,0.705014
27,39,0.705455
27,40,0.704721
27,41,0.702975
27,42,0.700529
27,43,0.697751
27,44,0.694979
27,45,0.692443
27,46,0.690255
27,47,0.688413
27,48,0.68686
27,49,0.685537
27,50,0.684417
27,51,0.68353
27,52,0.682941
27,53,0.68274
27,54,0.682998
27,55,0.683754
27,56,0.684993
27,57,0.686645
27,58,0.688579
27,59,0.690624
27,60,0.692589
27,61,0.694304
27,62,0.695648
27,63,0.696585
27,64,0.697157
27,65,0.697473
27,66,0.697658
27,67,0.697814
27,68,0.69799
27,69,0.698186
27,70,0.698372
27,71,0.698522
27,72,0.698634
27,73,0.698733
27,74,0.698846
27,75,0.69898
27,76,0.699111
27,77,0.699177
27,78,0.699106
27,79,0.698845
27,80,0.698377
27,81,0.697728
27,82,0.696965
27,83,0.696169
27,84,0.69542
27,85,0.69479
27,86,0.694326
27,87,0.694061
27,88,0.694006
27,89,0.694145
27,90,0.694441
27,91,0.694837
27,92,0.695263
27,93,0.695649
27,94,0.695938
27,95,0.696093
28,0,0.698985
28,1,0.699212
28,2,0.699622
28,3,0.700138
28,4,0.700648
28,5,0.701023
28,6,0.70111
28,7,0.70075
28,8,0.699803
28,9,0.698203
28,10,0.695988
28,11,0.693334
28,12,0.69054
28,13,0.687964
28,14,0.685955
28,15,0.684762
28,16,0.684484
28,17,0.685065
28,18,0.686313
28,19,0.687975
28,20,0.689787
28,21,0.691536
28,22,0.693068
28,23,0.694292
28,24,0.695144
28,25,0.695577
28,26,0.695559
28,27,0.695101
28,28,0.694291
28,29,0.693323
28,30,0.692478
28,31,0.692077
28,32,0.692388
28,33,0.693547
28,34,0.695489
28,35,0.697948
28,36,0.700509
28,37,0.702699
28,38,0.704103
28,39,0.704462
28,40,0.703719
28,41,0.702021
28,42,0.699662
28,43,0.696991
28,44,0.694326
28,45,0.691885
28,46,0.689768
28,47,0.687961
28,48,0.686399
28,49,0.685008
28,50,0.683752
28,51,0.682659
28,52,0.681805
28,53,0.681305
28,54,0.681274
28,55,0.681801
28,56,0.682921
28,57,0.684597
28,58,0.686715
28,59,0.689091
28,60,0.691501
28,61,0.693726
28,62,0.695589
28,63,0.697
28,64,0.697957
28,65,0.698533
28,66,0.698831
28,67,0.698952
28,68,0.698958
28,69,0.69888
28,70,0.698733
28,71,0.698547
28,72,0.698372
28,73,0.698284
28,74,0.698347
28,75,0.698583
28,76,0.698962
28,77,0.699393
28,78,0.699757
28,79,0.699944
28,80,0.699882
28,81,0.699556
28,82,0.69901
28,83,0.698319
28,84,0.697572
28,85,0.696848
28,86,0.696204
28,87,0.695671
28,88,0.695258
28,89,0.69495
28,90,0.694722
28,91,0.694545
28,92,0.694399
28,93,0.694273
28,94,0.694175
28,95,0.694122
29,0,0.698895
29,1,0.699171
29,2,0.699687
29,3,0.700371
29,4,0.701123
29,5,0.701809
29,6,0.702262
29,7,0.702296
29,8,0.701732
29,9,0.700459
29,10,0.698477
29,11,0.69593
29,12,0.693102
29,13,0.690348
29,14,0.688031
29,15,0.686426
29,16,0.685667
29,17,0.685744
29,18,0.68652
29,19,0.687797
29,20,0.689365
29,21,0.691044
29,22,0.692692
29,23,0.694195
29,24,0.69544
29,25,0.696311
29,26,0.696704
29,27,0.696571
29,28,0.695964
29,29,0.695063
29,30,0.694155
29,31,0.693581
29,32,0.693636
29,33,0.694485
29,34,0.696098
29,35,0.69825
29,36,0.700563
29,37,0.702599
29,38,0.703957
29,39,0.704375
29,40,0.703776
29,41,0.702269
29,42,0.700111
29,43,0.697619
29,44,0.695094
29,45,0.692749
29,46,0.690683
29,47,0.688889
29,48,0.687297
29,49,0.685823
29,50,0.684417
29,51,0.683097
29,52,0.681937
29,53,0.681068
29,54,0.680644
29,55,0.680802
29,56,0.681634
29,57,0.683152
29,58,0.68527
29,59,0.687813
29,60,0.690542
29,61,0.6932
29,62,0.695562
29,63,0.697479
29,64,0.69889
29,65,0.699814
29,66,0.700317
29,67,0.700477
29,68,0.70036
29,69,0.70002
29,70,0.69952
29,71,0.698944
29,72,0.698409
29,73,0.698045
29,74,0.697966
29,75,0.69822
29,76,0.698779
29,77,0.699529
29,78,0.700305
29,79,0.700941
29,80,0.701309
29,81,0.701349
29,82,0.701079
29,83,0.700563
29,84,0.699892
29,85,0.69915
29,86,0.698389
29,87,0.697631
29,88,0.696873
29,89,0.696098
29,90,0.695291
29,91,0.694463
29,92,0.693651
29,93,0.692925
29,94,0.692371
29,95,0.692071
30,0,0.6989
30,1,0.699218
30,2,0.699823
30,3,0.700654
30,4,0.701616
30,5,0.702572
30,6,0.703344
30,7,0.703721
30,8,0.703496
30,9,0.702529
30,10,0.700787
30,11,0.698396
30,12,0.695621
30,13,0.692811
30,14,0.690324
30,15,0.688445
30,16,0.687329
30,17,0.686998
30,18,0.687364
30,19,0.688285
30,20,0.689607
30,21,0.691193
30,22,0.692915
30,23,0.694644
30,24,0.696223
30,25,0.697472
30,26,0.698223
30,27,0.698371
30,28,0.697935
30,29,0.69708
30,30,0.6961
30,31,0.695351
30,32,0.695154
30,33,0.695709
30,34,0.697026
30,35,0.698927
30,36,0.701078
30,37,0.703074
30,38,0.704527
30,39,0.705159
30,40,0.704856
30,41,0.703678
30,42,0.701828
30,43,0.699589
30,44,0.697243
30,45,0.695007
30,46,0.692994
30,47,0.691209
30,48,0.689586
30,49,0.688033
30,50,0.686482
30,51,0.684928
30,52,0.683435
30,53,0.682144
30,54,0.681236
30,55,0.6809
30,56,0.681284
30,57,0.682457
30,58,0.684377
30,59,0.686895
30,60,0.689772
30,61,0.692732
30,62,0.695507
30,63,0.697894
30,64,0.699769
30,65,0.701085
30,66,0.701855
30,67,0.702124
30,68,0.701949
30,69,0.701402
30,70,0.700584
30,71,0.699633
30,72,0.698729
30,73,0.69806
30,74,0.697789
30,75,0.697996
30,76,0.698662
30,77,0.699653
30,78,0.70077
30,79,0.701796
30,80,0.702554
30,81,0.702949
30,82,0.702973
30,83,0.702683
30,84,0.702164
30,85,0.701496
30,86,0.700716
30,87,0.699823
30,88,0.698791
30,89,0.697591
30,90,0.696221
30,91,0.694731
30,92,0.693228
30,93,0.691869
30,94,0.69083
30,95,0.690267
31,0,0.699287
31,1,0.69962
31,2,0.700264
31,3,0.701169
31,4,0.702248
31,5,0.70337
31,6,0.704348
31,7,0.704961
31,8,0.704985
31,9,0.704263
31,10,0.702748
31,11,0.700547
31,12,0.69791
31,13,0.695165
31,14,0.692653
31,15,0.690648
31,16,0.689306
31,17,0.688671
31,18,0.688697
31,19,0.689296
31,20,0.690371
31,21,0.691831
31,22,0.693568
31,23,0.695445
31,24,0.697267
31,25,0.6988
31,26,0.699821
31,27,0.700178
31,28,0.699857
31,29,0.699016
31,30,0.697953
31,31,0.697039
31,32,0.696622
31,33,0.696934
31,34,0.698028
31,35,0.699771
31,36,0.701874
31,37,0.703958
31,38,0.705641
31,39,0.706623
31,40,0.706741
31,41,0.705995
31,42,0.704534
31,43,0.702603
31,44,0.700471
31,45,0.698365
31,46,0.696417
31,47,0.694655
31,48,0.69302
31,49,0.691408
31,50,0.68973
31,51,0.687955
31,52,0.686128
31,53,0.684391
31,54,0.682949
31,55,0.682035
31,56,0.681853
31,57,0.682529
31,58,0.684076
31,59,0.686378
31,60,0.689215
31,61,0.692303
31,62,0.695349
31,63,0.698099
31,64,0.700372
31,65,0.702055
31,66,0.703107
31,67,0.703531
31,68,0.703369
31,69,0.702701
31,70,0.701656
31,71,0.700417
31,72,0.699213
31,73,0.698282
31,74,0.697829
31,75,0.697961
31,76,0.698667
31,77,0.699807
31,78,0.701155
31,79,0.702461
31,80,0.703519
31,81,0.704209
31,82,0.704511
31,83,0.704478
31,84,0.704188
31,85,0.703703
31,86,0.70303
31,87,0.702133
31,88,0.700948
31,89,0.699427
31,90,0.697577
31,91,0.695488
31,92,0.693341
31,93,0.691382
31,94,0.689881
31,95,0.689065
32,0,0.700187
32,1,0.700499
32,2,0.701112
32,3,0.70199
32,4,0.703065
32,5,0.704214
32,6,0.705257
32,7,0.705972
32,8,0.706135
32,9,0.705584
32,10,0.704268
32,11,0.702281
32,12,0.699851
32,13,0.697276
32,14,0.694864
32,15,0.692858
32,16,0.691404
32,17,0.690556
32,18,0.690302
32,19,0.690608
32,20,0.691432
32,21,0.69273
32,22,0.694418
32,23,0.696355
32,24,0.698317
32,25,0.700027
32,26,0.701216
32,27,0.701695
32,28,0.70143
32,29,0.70057
32,30,0.69942
32,31,0.698369
32,32,0.697786
32,33,0.697933
32,34,0.698902
32,35,0.700595
32,36,0.70276
32,37,0.705039
32,38,0.707048
32,39,0.708458
32,40,0.709059
32,41,0.708792
32,42,0.707753
32,43,0.706153
32,44,0.704255
32,45,0.702297
32,46,0.700438
32,47,0.698725
32,48,0.697105
32,49,0.695468
32,50,0.693698
32,51,0.691735
32,52,0.689603
32,53,0.687439
32,54,0.685465
32,55,0.683951
32,56,0.683149
32,57,0.683242
32,58,0.684292
32,59,0.686225
32,60,0.688844
32,61,0.691873
32,62,0.695004
32,63,0.697951
32,64,0.700485
32,65,0.702442
32,66,0.703731
32,67,0.70432
32,68,0.704233
32,69,0.703551
32,70,0.702417
32,71,0.701042
32,72,0.699681
32,73,0.698602
32,74,0.698035
32,75,0.698104
32,76,0.698806
32,77,0.699997
32,78,0.701444
32,79,0.70289
32,80,0.704121
32,81,0.705019
32,82,0.705566
32,83,0.705814
32,84,0.705828
32,85,0.705641
32,86,0.705219
32,87,0.704473
32,88,0.70329
32,89,0.701599
32,90,0.699409
32,91,0.696852
32,92,0.694177
32,93,0.691717
32,94,0.689823
32,95,0.688794
33,0,0.701563
33,1,0.701815
33,2,0.702321
33,3,0.703067
33,4,0.704009
33,5,0.705046
33,6,0.706016
33,7,0.706706
33,8,0.706905
33,9,0.706458
33,10,0.705313
33,11,0.703555
33,12,0.70138
33,13,0.69905
33,14,0.696824
33,15,0.694905
33,16,0.693419
33,17,0.692423
33,18,0.691933
33,19,0.691965
33,20,0.692532
33,21,0.693634
33,22,0.695212
33,23,0.697123
33,24,0.699125
33,25,0.700907
33,26,0.702166
33,27,0.702689
33,28,0.702427
33,29,0.70153
33,30,0.700309
33,31,0.699168
33,32,0.698492
33,33,0.698567
33,34,0.699509
33,35,0.701247
33,36,0.703553
33,37,0.70608
33,38,0.70844
33,39,0.710278
33,40,0.711345
33,41,0.711531
33,42,0.710891
33,43,0.709611
33,44,0.707948
33,45,0.706155
33,46,0.70441
33,47,0.70278
33,48,0.701216
33,49,0.699597
33,50,0.697782
33,51,0.695685
33,52,0.693308
33,53,0.69078
33,54,0.688334
33,55,0.686267
33,56,0.684872
33,57,0.684372
33,58,0.684873
33,59,0.686339
33,60,0.688601
33,61,0.691396
33,62,0.694413
33,63,0.697352
33,64,0.699959
33,65,0.702036
33,66,0.703464
33,67,0.704188
33,68,0.70422
33,69,0.703633
33,70,0.702574
33,71,0.701252
33,72,0.699927
33,73,0.698867
33,74,0.698301
33,75,0.698354
33,76,0.699026
33,77,0.700181
33,78,0.701598
33,79,0.703037
33,80,0.704311
33,81,0.705325
33,82,0.70608
33,83,0.706628
33,84,0.70702
33,85,0.707246
33,86,0.707214
33,87,0.706772
33,88,0.705756
33,89,0.704063
33,90,0.701709
33,91,0.698859
33,92,0.695825
33,93,0.693011
33,94,0.690837
33,95,0.689654
34,0,0.703194
34,1,0.703353
34,2,0.70369
34,3,0.704216
34,4,0.704922
34,5,0.705736
34,6,0.706523
34,7,0.707095
34,8,0.707258
34,9,0.706869
34,10,0.705879
34,11,0.704355
34,12,0.702462
34,13,0.700414
34,14,0.698416
34,15,0.696628
34,16,0.69515
34,17,0.694039
34,18,0.693341
34,19,0.693113
34,20,0.693419
34,21,0.694296
34,22,0.695712
34,23,0.697525
34,24,0.69948
34,25,0.701246
34,26,0.702499
34,27,0.703011
34,28,0.702728
34,29,0.701802
34,30,0.700552
34,31,0.69939
34,32,0.698711
34,33,0.698809
34,34,0.699808
34,35,0.701651
34,36,0.704119
34,37,0.706872
34,38,0.709521
34,39,0.711697
34,40,0.713125
34,41,0.713666
34,42,0.71335
34,43,0.712343
34,44,0.7109
34,45,0.709281
34,46,0.70768
34,47,0.706171
34,48,0.704709
34,49,0.703159
34,50,0.70136
34,51,0.699203
34,52,0.696672
34,53,0.693887
34,54,0.691086
34,55,0.688583
34,56,0.686693
34,57,0.68567
34,58,0.68565
34,59,0.686621
34,60,0.68844
34,61,0.690858
34,62,0.693577
34,63,0.696299
34,64,0.698765
34,65,0.700776
34,66,0.702208
34,67,0.703003
34,68,0.703169
34,69,0.702772
34,70,0.701943
34,71,0.70087
34,72,0.699784
34,73,0.698924
34,74,0.69849
34,75,0.698594
34,76,0.699231
34,77,0.700281
34,78,0.701557
34,79,0.702866
34,80,0.704074
34,81,0.705131
34,82,0.70607
34,83,0.706946
34,84,0.707781
34,85,0.708515
34,86,0.708986
34,87,0.708974
34,88,0.708263
34,89,0.706726
34,90,0.704382
34,91,0.701429
34,92,0.698228
34,93,0.695234
34,94,0.692914
34,95,0.691648
35,0,0.7048
35,1,0.704842
35,2,0.704964
35,3,0.70521
35,4,0.70561
35,5,0.706129
35,6,0.70667
35,7,0.707071
35,8,0.707162
35,9,0.706814
35,10,0.705971
35,11,0.704683
35,12,0.703076
35,13,0.701312
35,14,0.699545
35,15,0.697892
35,16,0.696429
35,17,0.695219
35,18,0.694327
35,19,0.693851
35,20,0.693894
35,21,0.694529
35,22,0.695742
35,23,0.6974
35,24,0.699243
35,25,0.70093
35,26,0.70213
35,27,0.70261
35,28,0.702319
35,29,0.70141
35,30,0.700206
35,31,0.699116
35,32,0.69853
35,33,0.698735
35,34,0.699847
35,35,0.701805
35,36,0.70439
35,37,0.707269
35,38,0.71006
35,39,0.712401
35,40,0.714015
35,41,0.714757
35,42,0.714645
35,43,0.713839
35,44,0.712586
35,45,0.711147
35,46,0.709717
35,47,0.708372
35,48,0.707061
35,49,0.705638
35,50,0.703928
35,51,0.701803
35,52,0.699234
35,53,0.696334
35,54,0.69334
35,55,0.690569
35,56,0.688348
35,57,0.68694
35,58,0.686492
35,59,0.687008
35,60,0.688358
35,61,0.690312
35,62,0.692586
35,63,0.694906
35,64,0.697032
35,65,0.698789
35,66,0.700076
35,67,0.700853
35,68,0.701137
35,69,0.700985
35,70,0.700503
35,71,0.699835
35,72,0.699157
35,73,0.69865
35,74,0.698465
35,75,0.698681
35,76,0.699287
35,77,0.70019
35,78,0.701251
35,79,0.70235
35,80,0.703426
35,81,0.704493
35,82,0.705615
35,83,0.706849
35,84,0.708178
35,85,0.709479
35,86,0.710518
35,87,0.71101
35,88,0.710694
35,89,0.709427
35,90,0.707238
35,91,0.704353
35,92,0.701166
35,93,0.698163
35,94,0.695828
35,95,0.694554
36,0,0.706122
36,1,0.706034
36,2,0.705918
36,3,0.705854
36,4,0.705914
36,5,0.706109
36,6,0.70638
36,7,0.706598
36,8,0.706614
36,9,0.706305
36,10,0.705609
36,11,0.70455
36,12,0.703211
36,13,0.701707
36,14,0.700144
36,15,0.698603
36,16,0.697145
36,17,0.695837
36,18,0.694764
36,19,0.694053
36,20,0.69384
36,21,0.694221
36,22,0.695203
36,23,0.696662
36,24,0.698346
36,25,0.699918
36,26,0.701052
36,27,0.701521
36,28,0.701275
36,29,0.700468
36,30,0.699414
36,31,0.698508
36,32,0.698116
36,33,0.698496
36,34,0.699744
36,35,0.701778
36,36,0.704378
36,37,0.707221
36,38,0.709949
36,39,0.712228
36,40,0.713807
36,41,0.71456
36,42,0.714511
36,43,0.713815
36,44,0.712712
36,45,0.711451
36,46,0.710215
36,47,0.709072
36,48,0.707962
36,49,0.706728
36,50,0.705186
36,51,0.703197
36,52,0.700725
36,53,0.697876
36,54,0.694881
36,55,0.69205
36,56,0.689701
36,57,0.68809
36,58,0.68736
36,59,0.687513
36,60,0.688426
36,61,0.689883
36,62,0.691625
36,63,0.693409
36,64,0.695039
36,65,0.696382
36,66,0.697386
36,67,0.698045
36,68,0.698398
36,69,0.698495
36,70,0.698409
36,71,0.698226
36,72,0.69805
36,73,0.697983
36,74,0.698114
36,75,0.698479
36,76,0.699061
36,77,0.699798
36,78,0.700616
36,79,0.70148
36,80,0.702414
36,81,0.703498
36,82,0.704828
36,83,0.706448
36,84,0.708296
36,85,0.710177
36,86,0.711789
36,87,0.71279
36,88,0.712891
36,89,0.711945
36,90,0.709999
36,91,0.707303
36,92,0.704271
36,93,0.701395
36,94,0.699155
36,95,0.697933
37,0,0.707011
37,1,0.70679
37,2,0.706429
37,3,0.706046
37,4,0.705761
37,5,0.705632
37,6,0.705639
37,7,0.705683
37,8,0.705636
37,9,0.705374
37,10,0.704822
37,11,0.703973
37,12,0.70287
37,13,0.701583
37,14,0.700182
37,15,0.698723
37,16,0.697256
37,17,0.695853
37,18,0.694616
37,19,0.693691
37,20,0.693232
37,21,0.693356
37,22,0.694086
37,23,0.695316
37,24,0.696812
37,25,0.698257
37,26,0.699343
37,27,0.699853
37,28,0.699743
37,29,0.699155
37,30,0.698382
37,31,0.697781
37,32,0.697676
37,33,0.698284
37,34,0.699658
37,35,0.701697
37,36,0.704175
37,37,0.706792
37,38,0.709229
37,39,0.711206
37,40,0.712523
37,41,0.713091
37,42,0.712956
37,43,0.712274
37,44,0.711271
37,45,0.710174
37,46,0.709145
37,47,0.708232
37,48,0.707364
37,49,0.706374
37,50,0.705076
37,51,0.703327
37,52,0.70109
37,53,0.698464
37,54,0.695666
37,55,0.692989
37,56,0.690728
37,57,0.689114
37,58,0.68827
37,59,0.688186
37,60,0.688738
37,61,0.689723
37,62,0.690909
37,63,0.692095
37,64,0.693136
37,65,0.693962
37,66,0.694578
37,67,0.695028
37,68,0.695375
37,69,0.69567
37,70,0.69595
37,71,0.696239
37,72,0.69656
37,73,0.696934
37,74,0.697379
37,75,0.69789
37,76,0.698447
37,77,0.699021
37,78,0.699611
37,79,0.700267
37,80,0.701099
37,81,0.702246
37,82,0.703822
37,83,0.705848
37,84,0.708205
37,85,0.710628
37,86,0.712752
37,87,0.714197
37,88,0.714663
37,89,0.714017
37,90,0.712333
37,91,0.709881
37,92,0.707083
37,93,0.70442
37,94,0.702346
37,95,0.701216
38,0,0.707469
38,1,0.707115
38,2,0.706511
38,3,0.705815
38,4,0.705195
38,5,0.704755
38,6,0.704515
38,7,0.704403
38,8,0.704301
38,9,0.704085
38,10,0.70366
38,11,0.702989
38,12,0.702078
38,13,0.700961
38,14,0.699681
38,15,0.698276
38,16,0.696795
38,17,0.695312
38,18,0.693939
38,19,0.692828
38,20,0.692143
38,21,0.692012
38,22,0.692477
38,23,0.693457
38,24,0.69475
38,25,0.696074
38,26,0.69715
38,27,0.697781
38,28,0.697919
38,29,0.697685
38,30,0.697329
38,31,0.697154
38,32,0.697422
38,33,0.69829
38,34,0.699768
38,35,0.701727
38,36,0.703946
38,37,0.706157
38,38,0.7081
38,39,0.709563
38,40,0.710417
38,41,0.710629
38,42,0.710272
38,43,0.709508
38,44,0.708547
38,45,0.707585
38,46,0.706755
38,47,0.706081
38,48,0.705476
38,49,0.70477
38,50,0.703775
38,51,0.702355
38,52,0.700472
38,53,0.698218
38,54,0.695794
38,55,0.693464
38,56,0.691486
38,57,0.690055
38,58,0.689261
38,59,0.689076
38,60,0.689369
38,61,0.689949
38,62,0.690618
38,63,0.691216
38,64,0.691657
38,65,0.691932
38,66,0.69211
38,67,0.692283
38,68,0.692545
38,69,0.692946
38,70,0.693491
38,71,0.694148
38,72,0.694865
38,73,0.69559
38,74,0.696277
38,75,0.696887
38,76,0.6974
38,77,0.697826
38,78,0.698231
38,79,0.698745
38,80,0.69955
38,81,0.700826
38,82,0.702688
38,83,0.705119
38,84,0.707937
38,85,0.710813
38,86,0.713332
38,87,0.715095
38,88,0.715814
38,89,0.715385
38,90,0.713914
38,91,0.711695
38,92,0.709144
38,93,0.70672
38,94,0.704839
38,95,0.703816
39,0,0.707612
39,1,0.707131
39,2,0.706293
39,3,0.705297
39,4,0.704357
39,5,0.703623
39,6,0.70315
39,7,0.70289
39,8,0.702733
39,9,0.702545
39,10,0.702215
39,11,0.701676
39,12,0.700905
39,13,0.699912
39,14,0.698719
39,15,0.697357
39,16,0.695872
39,17,0.694339
39,18,0.692868
39,19,0.691609
39,20,0.690725
39,21,0.690351
39,22,0.690548
39,23,0.691267
39,24,0.692354
39,25,0.693575
39,26,0.69469
39,27,0.695523
39,28,0.69602
39,29,0.696267
39,30,0.696453
39,31,0.696808
39,32,0.697517
39,33,0.698668
39,34,0.700223
39,35,0.702033
39,36,0.703889
39,37,0.705566
39,38,0.706871
39,39,0.707675
39,40,0.707928
39,41,0.707657
39,42,0.706972
39,43,0.706041
39,44,0.705056
39,45,0.704183
39,46,0.70352
39,47,0.703066
39,48,0.702719
39,49,0.702305
39,50,0.701643
39,51,0.700603
39,52,0.699152
39,53,0.697375
39,54,0.695449
39,55,0.693603
39,56,0.692051
39,57,0.690944
39,58,0.690331
39,59,0.690163
39,60,0.690305
39,61,0.69058
39,62,0.69082
39,63,0.69091
39,64,0.690815
39,65,0.690584
39,66,0.690337
39,67,0.69021
39,68,0.690319
39,69,0.690716
39,70,0.691383
39,71,0.692241
39,72,0.693182
39,73,0.694097
39,74,0.694896
39,75,0.695517
39,76,0.69595
39,77,0.696242
39,78,0.696519
39,79,0.696973
39,80,0.697835
39,81,0.699303
39,82,0.701474
39,83,0.704279
39,84,0.707474
39,85,0.710671
39,86,0.713426
39,87,0.71534
39,88,0.716156
39,89,0.715815
39,90,0.714462
39,91,0.712408
39,92,0.710065
39,93,0.707858
39,94,0.706158
39,95,0.705239
40,0,0.707631
40,1,0.707028
40,2,0.705969
40,3,0.704689
40,4,0.703447
40,5,0.702433
40,6,0.701735
40,7,0.701322
40,8,0.701089
40,9,0.700894
40,10,0.70061
40,11,0.700148
40,12,0.699466
40,13,0.698556
40,14,0.697431
40,15,0.696116
40,16,0.694654
40,17,0.693113
40,18,0.691593
40,19,0.690233
40,20,0.689188
40,21,0.688593
40,22,0.688532
40,23,0.688996
40,24,0.689885
40,25,0.691025
40,26,0.692223
40,27,0.693326
40,28,0.694268
40,29,0.695089
40,30,0.695905
40,31,0.696858
40,32,0.698049
40,33,0.699493
40,34,0.701109
40,35,0.702735
40,36,0.70418
40,37,0.705269
40,38,0.705882
40,39,0.70597
40,40,0.705561
40,41,0.704745
40,42,0.703667
40,43,0.702503
40,44,0.70143
40,45,0.700585
40,46,0.700036
40,47,0.699753
40,48,0.699623
40,49,0.699472
40,50,0.699126
40,51,0.698466
40,52,0.697465
40,53,0.696199
40,54,0.694821
40,55,0.693521
40,56,0.692464
40,57,0.691753
40,58,0.691401
40,59,0.691337
40,60,0.691426
40,61,0.691507
40,62,0.691443
40,63,0.691158
40,64,0.690658
40,65,0.690034
40,66,0.689439
40,67,0.68904
40,68,0.688964
40,69,0.689262
40,70,0.689899
40,71,0.690768
40,72,0.691727
40,73,0.692636
40,74,0.693381
40,75,0.6939
40,76,0.694198
40,77,0.694359
40,78,0.694554
40,79,0.69502
40,80,0.696007
40,81,0.697706
40,82,0.700177
40,83,0.703292
40,84,0.706745
40,85,0.710105
40,86,0.712915
40,87,0.714799
40,88,0.715543
40,89,0.715145
40,90,0.713792
40,91,0.711813
40,92,0.709608
40,93,0.707566
40,94,0.706015
40,95,0.705182
41,0,0.707726
41,1,0.707011
41,2,0.705746
41,3,0.704202
41,4,0.702676
41,5,0.701393
41,6,0.700468
41,7,0.699886
41,8,0.699543
41,9,0.699292
41,10,0.698995
41,11,0.698552
41,12,0.697908
41,13,0.697051
41,14,0.695987
41,15,0.694739
41,16,0.693338
41,17,0.691842
41,18,0.690333
41,19,0.688928
41,20,0.687769
41,21,0.686994
41,22,0.686705
41,23,0.686938
41,24,0.687651
41,25,0.688734
41,26,0.690043
41,27,0.69145
41,28,0.692874
41,29,0.694305
41,30,0.69578
41,31,0.697349
41,32,0.699025
41,33,0.700759
41,34,0.702431
41,35,0.703875
41,36,0.704924
41,37,0.705455
41,38,0.705414
41,39,0.704823
41,40,0.703779
41,41,0.702424
41,42,0.700937
41,43,0.699502
41,44,0.698287
41,45,0.697404
41,46,0.696896
41,47,0.696711
41,48,0.696726
41,49,0.696767
41,50,0.696671
41,51,0.696333
41,52,0.695731
41,53,0.694933
41,54,0.694069
41,55,0.693288
41,56,0.692711
41,57,0.692396
41,58,0.692324
41,59,0.692409
41,60,0.692521
41,61,0.69252
41,62,0.692294
41,63,0.691799
41,64,0.691069
41,65,0.690216
41,66,0.689408
41,67,0.688817
41,68,0.688571
41,69,0.688713
41,70,0.6892
41,71,0.689911
41,72,0.690693
41,73,0.6914
41,74,0.691923
41,75,0.692215
41,76,0.692306
41,77,0.692317
41,78,0.69245
41,79,0.692962
41,80,0.6941
41,81,0.696025
41,82,0.698745
41,83,0.70207
41,84,0.705639
41,85,0.708993
41,86,0.711681
41,87,0.713363
41,88,0.713883
41,89,0.713297
41,90,0.711836
41,91,0.709844
41,92,0.707707
41,93,0.705778
41,94,0.704336
41,95,0.70357
42,0,0.708059
42,1,0.707244
42,2,0.705796
42,3,0.704012
42,4,0.70222
42,5,0.700677
42,6,0.69952
42,7,0.698745
42,8,0.698253
42,9,0.697894
42,10,0.697526
42,11,0.697047
42,12,0.696403
42,13,0.695578
42,14,0.69458
42,15,0.693425
42,16,0.692132
42,17,0.690739
42,18,0.689304
42,19,0.687919
42,20,0.686709
42,21,0.685811
42,22,0.685347
42,23,0.685393
42,24,0.685963
42,25,0.687008
42,26,0.688435
42,27,0.690136
42,28,0.692019
42,29,0.694024
42,30,0.696113
42,31,0.69825
42,32,0.700372
42,33,0.702371
42,34,0.7041
42,35,0.705395
42,36,0.706119
42,37,0.706191
42,38,0.705613
42,39,0.704463
42,40,0.702886
42,41,0.701066
42,42,0.699205
42,43,0.697498
42,44,0.696106
42,45,0.695127
42,46,0.694582
42,47,0.694406
42,48,0.694467
42,49,0.694598
42,50,0.694646
42,51,0.694519
42,52,0.694203
42,53,0.69376
42,54,0.693299
42,55,0.692935
42,56,0.692749
42,57,0.692765
42,58,0.69294
42,59,0.693181
42,60,0.693368
42,61,0.693381
42,62,0.693133
42,63,0.6926
42,64,0.691829
42,65,0.690934
42,66,0.690077
42,67,0.689416
42,68,0.689063
42,69,0.689048
42,70,0.68932
42,71,0.689757
42,72,0.690215
42,73,0.690564
42,74,0.690719
42,75,0.690666
42,76,0.690473
42,77,0.690289
42,78,0.69034
42,79,0.690881
42,80,0.69214
42,81,0.694231
42,82,0.697101
42,83,0.700504
42,84,0.704036
42,85,0.707222
42,86,0.709634
42,87,0.710978
42,88,0.711163
42,89,0.710302
42,90,0.708663
42,91,0.706604
42,92,0.70449
42,93,0.702637
42,94,0.701279
42,95,0.700566
43,0,0.708726
43,1,0.707826
43,2,0.706218
43,3,0.70422
43,4,0.702185
43,5,0.700391
43,6,0.698995
43,7,0.698005
43,8,0.697326
43,9,0.696813
43,10,0.69633
43,11,0.695776
43,12,0.695105
43,13,0.694307
43,14,0.69339
43,15,0.692362
43,16,0.691227
43,17,0.689996
43,18,0.688701
43,19,0.687407
43,20,0.686221
43,21,0.685275
43,22,0.684707
43,23,0.684626
43,24,0.685095
43,25,0.686117
43,26,0.687641
43,27,0.689581
43,28,0.691836
43,29,0.694306
43,30,0.69689
43,31,0.699484
43,32,0.701961
43,33,0.704172
43,34,0.705952
43,35,0.707146
43,36,0.707642
43,37,0.707397
43,38,0.706451
43,39,0.704916
43,40,0.702967
43,41,0.700808
43,42,0.698657
43,43,0.696715
43,44,0.695139
43,45,0.694021
43,46,0.693369
43,47,0.693111
43,48,0.693112
43,49,0.693212
43,50,0.693271
43,51,0.693212
43,52,0.69303
43,53,0.692785
43,54,0.69257
43,55,0.692473
43,56,0.692546
43,57,0.692789
43,58,0.693146
43,59,0.693523
43,60,0.693814
43,61,0.693917
43,62,0.693766
43,63,0.693346
43,64,0.692707
43,65,0.691948
43,66,0.691207
43,67,0.690613
43,68,0.690251
43,69,0.69013
43,70,0.690187
43,71,0.690308
43,72,0.690366
43,73,0.690262
43,74,0.689951
43,75,0.689463
43,76,0.688905
43,77,0.688461
43,78,0.688366
43,79,0.688867
43,80,0.690155
43,81,0.692294
43,82,0.695174
43,83,0.698498
43,84,0.701835
43,85,0.704713
43,86,0.706735
43,87,0.707661
43,88,0.70746
43,89,0.706296
43,90,0.704468
43,91,0.702335
43,92,0.700241
43,93,0.698461
43,94,0.697184
43,95,0.696521
44,0,0.709755
44,1,0.708783
44,2,0.707039
44,3,0.704851
44,4,0.70259
44,5,0.700552
44,6,0.698908
44,7,0.697682
44,8,0.696789
44,9,0.696094
44,10,0.695467
44,11,0.69482
44,12,0.694119
44,13,0.69336
44,14,0.692551
44,15,0.691691
44,16,0.690764
44,17,0.689756
44,18,0.688669
44,19,0.687541
44,20,0.68646
44,21,0.685553
44,22,0.684964
44,23,0.684828
44,24,0.68524
44,25,0.686243
44,26,0.687822
44,27,0.689908
44,28,0.692396
44,29,0.695163
44,30,0.698064
44,31,0.700947
44,32,0.703644
44,33,0.70598
44,34,0.707785
44,35,0.708916
44,36,0.709286
44,37,0.708876
44,38,0.707747
44,39,0.706026
44,40,0.703892
44,41,0.701555
44,42,0.699233
44,43,0.697125
44,44,0.69539
44,45,0.694115
44,46,0.693306
44,47,0.692888
44,48,0.692731
44,49,0.692683
44,50,0.69262
44,51,0.69248
44,52,0.692272
44,53,0.692056
44,54,0.691917
44,55,0.691927
44,56,0.69212
44,57,0.692479
44,58,0.692945
44,59,0.693427
44,60,0.693832
44,61,0.694075
44,62,0.694103
44,63,0.693906
44,64,0.693524
44,65,0.693036
44,66,0.692547
44,67,0.692147
44,68,0.691885
44,69,0.691741
44,70,0.691642
44,71,0.691475
44,72,0.691135
44,73,0.690556
44,74,0.68974
44,75,0.688763
44,76,0.687777
44,77,0.686994
44,78,0.686659
44,79,0.687001
44,80,0.688177
44,81,0.690201
44,82,0.692917
44,83,0.695994
44,84,0.698992
44,85,0.701455
44,86,0.703024
44,87,0.703513
44,88,0.702943
44,89,0.701518
44,90,0.699554
44,91,0.697399
44,92,0.695368
44,93,0.693692
44,94,0.692515
44,95,0.691913
45,0,0.711087
45,1,0.710055
45,2,0.708191
45,3,0.705833
45,4,0.703358
45,5,0.701078
45,6,0.69918
45,7,0.697704
45,8,0.696582
45,9,0.695692
45,10,0.694919
45,11,0.694189
45,12,0.693477
45,13,0.692788
45,14,0.692127
45,15,0.691484
45,16,0.690819
45,17,0.690093
45,18,0.68928
45,19,0.688391
45,20,0.687496
45,21,0.686713
45,22,0.686187
45,23,0.686064
45,24,0.686459
45,25,0.687441
45,26,0.689015
45,27,0.69113
45,28,0.693686
45,29,0.696549
45,30,0.699554
45,31,0.702525
45,32,0.705275
45,33,0.70762
45,34,0.709398
45,35,0.710481
45,36,0.710802
45,37,0.710359
45,38,0.709219
45,39,0.707502
45,40,0.705375
45,41,0.70303
45,42,0.700671
45,43,0.698492
45,44,0.696646
45,45,0.695222
45,46,0.69423
45,47,0.693599
45,48,0.693207
45,49,0.692916
45,50,0.69262
45,51,0.692275
45,52,0.691904
45,53,0.691575
45,54,0.691371
45,55,0.691356
45,56,0.691553
45,57,0.69194
45,58,0.692455
45,59,0.693014
45,60,0.693532
45,61,0.693937
45,62,0.694183
45,63,0.694261
45,64,0.6942
45,65,0.694054
45,66,0.693897
45,67,0.693778
45,68,0.693707
45,69,0.693635
45,70,0.69347
45,71,0.693098
45,72,0.692427
45,73,0.691422
45,74,0.690123
45,75,0.68865
45,76,0.687196
45,77,0.686001
45,78,0.685314
45,79,0.685354
45,80,0.686245
45,81,0.687968
45,82,0.690334
45,83,0.693002
45,84,0.695539
45,85,0.69752
45,86,0.698628
45,87,0.698724
45,88,0.697868
45,89,0.696285
45,90,0.694291
45,91,0.692213
45,92,0.690327
45,93,0.688816
45,94,0.687779
45,95,0.687257
46,0,0.712603
46,1,0.711517
46,2,0.709546
46,3,0.707025
46,4,0.70434
46,5,0.701813
46,6,0.699652
46,7,0.697917
46,8,0.69656
46,9,0.695481
46,10,0.694582
46,11,0.693801
46,12,0.693123
46,13,0.692555
46,14,0.692096
46,15,0.691724
46,16,0.691378
46,17,0.690992
46,18,0.690512
46,19,0.68993
46,20,0.689294
46,21,0.688711
46,22,0.688321
46,23,0.68827
46,24,0.688679
46,25,0.689625
46,26,0.691131
46,27,0.693155
46,28,0.695608
46,29,0.698363
46,30,0.701256
46,31,0.704109
46,32,0.706735
46,33,0.708958
46,34,0.710631
46,35,0.71165
46,36,0.711964
46,37,0.711582
46,38,0.710565
46,39,0.709012
46,40,0.70706
46,41,0.704865
46,42,0.702604
46,43,0.700453
46,44,0.698559
46,45,0.697014
46,46,0.695836
46,47,0.694967
46,48,0.694296
46,49,0.693705
46,50,0.693106
46,51,0.692476
46,52,0.691856
46,53,0.691324
46,54,0.690967
46,55,0.690848
46,56,0.690985
46,57,0.691351
46,58,0.691882
46,59,0.692498
46,60,0.69312
46,61,0.693682
46,62,0.694142
46,63,0.694489
46,64,0.694743
46,65,0.694941
46,66,0.695127
46,67,0.695317
46,68,0.695488
46,69,0.695563
46,70,0.695426
46,71,0.694957
46,72,0.694065
46,73,0.692731
46,74,0.691023
46,75,0.689094
46,76,0.687168
46,77,0.685507
46,78,0.684369
46,79,0.683964
46,80,0.684399
46,81,0.685637
46,82,0.687483
46,83,0.689604
46,84,0.691596
46,85,0.693072
46,86,0.693761
46,87,0.693559
46,88,0.692549
46,89,0.690958
46,90,0.689082
46,91,0.687213
46,92,0.685578
46,93,0.68431
46,94,0.683462
46,95,0.683042
47,0,0.714134
47,1,0.712997
47,2,0.71092
47,3,0.708238
47,4,0.705339
47,5,0.702556
47,6,0.700119
47,7,0.698116
47,8,0.696528
47,9,0.695277
47,10,0.694285
47,11,0.693502
47,12,0.692917
47,13,0.692533
47,14,0.692341
47,15,0.692299
47,16,0.692326
47,17,0.692332
47,18,0.692239
47,19,0.692017
47,20,0.691698
47,21,0.691374
47,22,0.691175
47,23,0.691238
47,24,0.691678
47,25,0.692571
47,26,0.693945
47,27,0.695769
47,28,0.697971
47,29,0.70044
47,30,0.70303
47,31,0.70558
47,32,0.70792
47,33,0.709893
47,34,0.711375
47,35,0.712288
47,36,0.712602
47,37,0.712331
47,38,0.711527
47,39,0.710255
47,40,0.708607
47,41,0.706691
47,42,0.704642
47,43,0.702609
47,44,0.700728
47,45,0.699098
47,46,0.697747
47,47,0.696636
47,48,0.695675
47,49,0.694766
47,50,0.693845
47,51,0.692908
47,52,0.692016
47,53,0.69126
47,54,0.690732
47,55,0.690494
47,56,0.690561
47,57,0.690899
47,58,0.691443
47,59,0.69211
47,60,0.692822
47,61,0.693516
47,62,0.69415
47,63,0.694714
47,64,0.695222
47,65,0.695701
47,66,0.696176
47,67,0.696643
47,68,0.697052
47,69,0.697305
47,70,0.697266
47,71,0.696799
47,72,0.695807
47,73,0.69427
47,74,0.692263
47,75,0.689956
47,76,0.687592
47,77,0.685447
47,78,0.68379
47,79,0.682828
47,80,0.682668
47,81,0.683275
47,82,0.68447
47,83,0.685952
47,84,0.68736
47,85,0.688356
47,86,0.688708
47,87,0.688339
47,88,0.687335
47,89,0.685905
47,90,0.684309
47,91,0.682787
47,92,0.681512
47,93,0.680565
47,94,0.679957
47,95,0.679665
48,0,0.715475
48,1,0.714289
48,2,0.71211
48,3,0.709267
48,4,0.706148
48,5,0.703102
48,6,0.70038
48,7,0.698103
48,8,0.696287
48,9,0.694884
48,10,0.693838
48,11,0.693106
48,12,0.692677
48,13,0.692546
48,14,0.692682
48,15,0.693027
48,16,0.693476
48,17,0.693914
48,18,0.694246
48,19,0.694421
48,20,0.694458
48,21,0.694432
48,22,0.694458
48,23,0.694659
48,24,0.695135
48,25,0.695954
48,26,0.697142
48,27,0.69868
48,28,0.700516
48,29,0.702565
48,30,0.704709
48,31,0.706816
48,32,0.708742
48,33,0.710359
48,34,0.711572
48,35,0.71233
48,36,0.712625
48,37,0.712482
48,38,0.711934
48,39,0.711012
48,40,0.709752
48,41,0.708204
48,42,0.706448
48,43,0.7046
48,44,0.70278
48,45,0.701095
48,46,0.69959
48,47,0.698253
48,48,0.697018
48,49,0.695813
48,50,0.694599
48,51,0.693393
48,52,0.692271
48,53,0.691334
48,54,0.69068
48,55,0.690366
48,56,0.6904
48,57,0.690741
48,58,0.691317
48,59,0.692039
48,60,0.692827
48,61,0.693615
48,62,0.694365
48,63,0.695065
48,64,0.69573
48,65,0.696384
48,66,0.697046
48,67,0.697702
48,68,0.698291
48,69,0.698701
48,70,0.698784
48,71,0.698387
48,72,0.697395
48,73,0.695775
48,74,0.693592
48,75,0.691011
48,76,0.688277
48,77,0.685674
48,78,0.683476
48,79,0.681899
48,80,0.681063
48,81,0.680956
48,82,0.681435
48,83,0.682248
48,84,0.68309
48,85,0.683672
48,86,0.683801
48,87,0.683411
48,88,0.682576
48,89,0.68147
48,90,0.6803
48,91,0.679247
48,92,0.678425
48,93,0.677864
48,94,0.677534
48,95,0.677388
49,0,0.716413
49,1,0.715184
49,2,0.71291
49,3,0.709915
49,4,0.706584
49,5,0.703275
49,6,0.700266
49,7,0.697714
49,8,0.695675
49,9,0.694137
49,10,0.693066
49,11,0.692432
49,12,0.692214
49,13,0.692391
49,14,0.69291
49,15,0.693685
49,16,0.694589
49,17,0.695485
49,18,0.69626
49,19,0.696852
49,20,0.697262
49,21,0.697551
49,22,0.697816
49,23,0.698161
49,24,0.698668
49,25,0.699392
49,26,0.700356
49,27,0.70155
49,28,0.702947
49,29,0.704493
49,30,0.706106
49,31,0.707688
49,32,0.709125
49,33,0.71032
49,34,0.711208
49,35,0.711771
49,36,0.712023
49,37,0.711997
49,38,0.711714
49,39,0.711167
49,40,0.710333
49,41,0.709195
49,42,0.707775
49,43,0.706146
49,44,0.704416
49,45,0.702696
49,46,0.701058
49,47,0.699519
49,48,0.698046
49,49,0.696599
49,50,0.695161
49,51,0.693769
49,52,0.692509
49,53,0.691489
49,54,0.690801
49,55,0.690494
49,56,0.690565
49,57,0.690962
49,58,0.691603
49,59,0.69239
49,60,0.693239
49,61,0.694084
49,62,0.694886
49,63,0.695635
49,64,0.69635
49,65,0.697057
49,66,0.697777
49,67,0.6985
49,68,0.699165
49,69,0.699664
49,70,0.699841
49,71,0.699533
49,72,0.698605
49,73,0.696999
49,74,0.694751
49,75,0.692008
49,76,0.688998
49,77,0.686002
49,78,0.683296
49,79,0.681112
49,80,0.679594
49,81,0.67877
49,82,0.678547
49,83,0.678733
49,84,0.679082
49,85,0.679357
49,86,0.679391
49,87,0.679122
49,88,0.678597
49,89,0.677943
49,90,0.677308
49,91,0.676808
49,92,0.676496
49,93,0.676358
49,94,0.676326
49,95,0.676334
50,0,0.716764
50,1,0.715504
50,2,0.713158
50,3,0.710038
50,4,0.70652
50,5,0.702969
50,6,0.699686
50,7,0.696866
50,8,0.694608
50,9,0.692944
50,10,0.691867
50,11,0.691356
50,12,0.691384
50,13,0.691906
50,14,0.692839
50,15,0.694067
50,16,0.695438
50,17,0.696795
50,18,0.698013
50,19,0.699016
50,20,0.699796
50,21,0.700398
50,22,0.7009
50,23,0.701383
50,24,0.701909
50,25,0.702519
50,26,0.703233
50,27,0.704053
50,28,0.704978
50,29,0.705989
50,30,0.707042
50,31,0.708072
50,32,0.708999
50,33,0.709754
50,34,0.710301
50,35,0.710649
50,36,0.710838
50,37,0.71091
50,38,0.710875
50,39,0.710691
50,40,0.710277
50,41,0.70955
50,42,0.708472
50,43,0.707071
50,44,0.705439
50,45,0.703698
50,46,0.701945
50,47,0.700237
50,48,0.698578
50,49,0.696962
50,50,0.695397
50,51,0.693932
50,52,0.692658
50,53,0.691677
50,54,0.691071
50,55,0.690873
50,56,0.691062
50,57,0.691572
50,58,0.692309
50,59,0.693173
50,60,0.694071
50,61,0.694939
50,62,0.695738
50,63,0.696461
50,64,0.697129
50,65,0.697775
50,66,0.698429
50,67,0.699088
50,68,0.699709
50,69,0.700194
50,70,0.700398
50,71,0.700151
50,72,0.699305
50,73,0.697769
50,74,0.695545
50,75,0.692741
50,76,0.689559
50,77,0.686263
50,78,0.683131
50,79,0.680413
50,80,0.678286
50,81,0.676822
50,82,0.67599
50,83,0.675658
50,84,0.675639
50,85,0.675738
50,86,0.675807
50,87,0.675777
50,88,0.675664
50,89,0.67554
50,90,0.675491
50,91,0.67557
50,92,0.675779
50,93,0.67606
50,94,0.676321
50,95,0.676478
51,0,0.7164
51,1,0.715129
51,2,0.71275
51,3,0.709554
51,4,0.705902
51,5,0.702156
51,6,0.698634
51,7,0.695567
51,8,0.693101
51,9,0.691312
51,10,0.690231
51,11,0.689849
51,12,0.69013
51,13,0.691005
51,14,0.692355
51,15,0.694031
51,16,0.695855
51,17,0.697653
51,18,0.699287
51,19,0.700676
51,20,0.701802
51,21,0.702695
51,22,0.703414
51,23,0.704018
51,24,0.704547
51,25,0.705028
51,26,0.70548
51,27,0.70592
51,28,0.706374
51,29,0.70686
51,30,0.707371
51,31,0.707877
51,32,0.708325
51,33,0.708668
51,34,0.708895
51,35,0.709039
51,36,0.709158
51,37,0.709304
51,38,0.709482
51,39,0.709617
51,40,0.709582
51,41,0.709231
51,42,0.708469
51,43,0.707284
51,44,0.70575
51,45,0.703999
51,46,0.702159
51,47,0.700326
51,48,0.698547
51,49,0.696849
51,50,0.695264
51,51,0.693849
51,52,0.69269
51,53,0.691876
51,54,0.691466
51,55,0.69147
51,56,0.691847
51,57,0.692517
51,58,0.693376
51,59,0.69432
51,60,0.695257
51,61,0.696122
51,62,0.696877
51,63,0.697519
51,64,0.698071
51,65,0.698569
51,66,0.699054
51,67,0.699538
51,68,0.699999
51,69,0.700363
51,70,0.700504
51,71,0.700261
51,72,0.699474
51,73,0.698027
51,74,0.69588
51,75,0.693099
51,76,0.689846
51,77,0.686363
51,78,0.682925
51,79,0.679798
51,80,0.677194
51,81,0.675238
51,82,0.673952
51,83,0.673262
51,84,0.67303
51,85,0.673091
51,86,0.673309
51,87,0.6736
51,88,0.673943
51,89,0.674361
51,90,0.674882
51,91,0.675506
51,92,0.67619
51,93,0.676845
51,94,0.677362
51,95,0.677649
52,0,0.715267
52,1,0.714016
52,2,0.711658
52,3,0.70846
52,4,0.704754
52,5,0.700889
52,6,0.69719
52,7,0.693918
52,8,0.691265
52,9,0.689358
52,10,0.688265
52,11,0.687997
52,12,0.688513
52,13,0.689717
52,14,0.691456
52,15,0.693544
52,16,0.695779
52,17,0.697968
52,18,0.699967
52,19,0.701692
52,20,0.703117
52,21,0.704259
52,22,0.70516
52,23,0.705855
52,24,0.706364
52,25,0.706702
52,26,0.70689
52,27,0.706962
52,28,0.706973
52,29,0.706978
52,30,0.707005
52,31,0.707054
52,32,0.707094
52,33,0.707097
52,34,0.707062
52,35,0.707038
52,36,0.707094
52,37,0.707294
52,38,0.707634
52,39,0.708023
52,40,0.708293
52,41,0.708255
52,42,0.707763
52,43,0.706771
52,44,0.705337
52,45,0.7036
52,46,0.701716
52,47,0.69982
52,48,0.698
52,49,0.696314
52,50,0.694816
52,51,0.693565
52,52,0.692636
52,53,0.692094
52,54,0.691968
52,55,0.692243
52,56,0.692855
52,57,0.69371
52,58,0.694699
52,59,0.695718
52,60,0.696678
52,61,0.697518
52,62,0.698205
52,63,0.698734
52,64,0.699129
52,65,0.699431
52,66,0.699684
52,67,0.699919
52,68,0.700136
52,69,0.70029
52,70,0.700284
52,71,0.699975
52,72,0.699203
52,73,0.697833
52,74,0.695788
52,75,0.693087
52,76,0.689853
52,77,0.686299
52,78,0.682692
52,79,0.679315
52,80,0.676412
52,81,0.674152
52,82,0.672604
52,83,0.671739
52,84,0.671452
52,85,0.671599
52,86,0.672045
52,87,0.672685
52,88,0.67347
52,89,0.674377
52,90,0.675387
52,91,0.676461
52,92,0.677523
52,93,0.678467
52,94,0.679177
52,95,0.67956
53,0,0.71342
53,1,0.712224
53,2,0.709954
53,3,0.706842
53,4,0.703184
53,5,0.699302
53,6,0.695514
53,7,0.692104
53,8,0.689304
53,9,0.687291
53,10,0.686177
53,11,0.685996
53,12,0.686706
53,13,0.688189
53,14,0.690258
53,15,0.692693
53,16,0.695264
53,17,0.697767
53,18,0.700052
53,19,0.702035
53,20,0.703687
53,21,0.705016
53,22,0.706043
53,23,0.706785
53,24,0.707244
53,25,0.707428
53,26,0.707359
53,27,0.707091
53,28,0.706709
53,29,0.706301
53,30,0.705931
53,31,0.70562
53,32,0.705356
53,33,0.705117
53,34,0.704905
53,35,0.70477
53,36,0.704786
53,37,0.705018
53,38,0.705464
53,39,0.706021
53,40,0.706505
53,41,0.706695
53,42,0.706416
53,43,0.705592
53,44,0.704269
53,45,0.702589
53,46,0.700727
53,47,0.69885
53,48,0.697079
53,49,0.695503
53,50,0.694189
53,51,0.693194
53,52,0.692576
53,53,0.692372
53,54,0.69258
53,55,0.693155
53,56,0.694013
53,57,0.695048
53,58,0.696151
53,59,0.697222
53,60,0.698182
53,61,0.698976
53,62,0.699576
53,63,0.69998
53,64,0.70021
53,65,0.700304
53,66,0.700311
53,67,0.700271
53,68,0.700206
53,69,0.700101
53,70,0.69989
53,71,0.699456
53,72,0.69865
53,73,0.697327
53,74,0.695383
53,75,0.692797
53,76,0.689655
53,77,0.686139
53,78,0.682507
53,79,0.679051
53,80,0.67604
53,81,0.673676
53,82,0.67206
53,83,0.671193
53,84,0.670987
53,85,0.671304
53,86,0.672004
53,87,0.672968
53,88,0.674118
53,89,0.675401
53,90,0.676767
53,91,0.678149
53,92,0.679455
53,93,0.680576
53,94,0.681398
53,95,0.681834
54,0,0.711017
54,1,0.709912
54,2,0.7078
54,3,0.704872
54,4,0.701375
54,5,0.697593
54,6,0.693826
54,7,0.690368
54,8,0.687483
54,9,0.685393
54,10,0.684254
54,11,0.684128
54,12,0.684976
54,13,0.686665
54,14,0.688976
54,15,0.691658
54,16,0.694462
54,17,0.697171
54,18,0.699635
54,19,0.701773
54,20,0.703556
54,21,0.704985
54,22,0.706067
54,23,0.706802
54,24,0.707178
54,25,0.707196
54,26,0.706887
54,27,0.706322
54,28,0.705616
54,29,0.704885
54,30,0.704223
54,31,0.70367
54,32,0.703224
54,33,0.702859
54,34,0.70257
54,35,0.702395
54,36,0.702398
54,37,0.702643
54,38,0.70313
54,39,0.703761
54,40,0.704352
54,41,0.704677
54,42,0.704546
54,43,0.703868
54,44,0.702678
54,45,0.701114
54,46,0.699359
54,47,0.6976
54,48,0.695979
54,49,0.694602
54,50,0.693548
54,51,0.692868
54,52,0.6926
54,53,0.692752
54,54,0.693295
54,55,0.694155
54,56,0.695232
54,57,0.696413
54,58,0.697593
54,59,0.698679
54,60,0.699605
54,61,0.700329
54,62,0.70083
54,63,0.70111
54,64,0.70119
54,65,0.701102
54,66,0.700891
54,67,0.700601
54,68,0.700268
54,69,0.699901
54,70,0.699464
54,71,0.69887
54,72,0.697988
54,73,0.696678
54,74,0.694818
54,75,0.692364
54,76,0.689365
54,77,0.685982
54,78,0.682457
54,79,0.679085
54,80,0.676147
54,81,0.673861
54,82,0.672346
54,83,0.67161
54,84,0.671569
54,85,0.672085
54,86,0.673009
54,87,0.674212
54,88,0.675601
54,89,0.677105
54,90,0.678658
54,91,0.680182
54,92,0.681583
54,93,0.682756
54,94,0.683602
54,95,0.684045
55,0,0.708314
55,1,0.707332
55,2,0.705442
55,3,0.702788
55,4,0.699566
55,5,0.696009
55,6,0.692387
55,7,0.68899
55,8,0.686101
55,9,0.683981
55,10,0.682823
55,11,0.68272
55,12,0.68364
55,13,0.68544
55,14,0.687879
55,15,0.690682
55,16,0.693583
55,17,0.69636
55,18,0.698867
55,19,0.701032
55,20,0.70283
55,21,0.704257
55,22,0.705311
55,23,0.705978
55,24,0.706236
55,25,0.706084
55,26,0.705561
55,27,0.704758
55,28,0.70381
55,29,0.702863
55,30,0.702029
55,31,0.701364
55,32,0.700864
55,33,0.700497
55,34,0.700233
55,35,0.700088
55,36,0.700108
55,37,0.700348
55,38,0.700813
55,39,0.701423
55,40,0.702013
55,41,0.702374
55,42,0.702326
55,43,0.701775
55,44,0.700745
55,45,0.699365
55,46,0.697812
55,47,0.696272
55,48,0.694896
55,49,0.693796
55,50,0.69305
55,51,0.692704
55,52,0.692778
55,53,0.693258
55,54,0.69409
55,55,0.695181
55,56,0.696419
55,57,0.697688
55,58,0.698888
55,59,0.699939
55,60,0.700792
55,61,0.701419
55,62,0.701814
55,63,0.701982
55,64,0.701945
55,65,0.701725
55,66,0.701358
55,67,0.700884
55,68,0.70034
55,69,0.69975
55,70,0.699103
55,71,0.69834
55,72,0.697354
55,73,0.696021
55,74,0.69422
55,75,0.691893
55,76,0.689072
55,77,0.685894
55,78,0.682588
55,79,0.679438
55,80,0.676724
55,81,0.674662
55,82,0.673367
55,83,0.67284
55,84,0.672991
55,85,0.673673
55,86,0.674737
55,87,0.676051
55,88,0.67752
55,89,0.679072
55,90,0.680637
55,91,0.682138
55,92,0.683489
55,93,0.684601
55,94,0.685392
55,95,0.685802
56,0,0.705611
56,1,0.704779
56,2,0.703162
56,3,0.700861
56,4,0.698015
56,5,0.694804
56,6,0.691454
56,7,0.688237
56,8,0.685441
56,9,0.683352
56,10,0.682193
56,11,0.682082
56,12,0.683001
56,13,0.684801
56,14,0.687231
56,15,0.69
56,16,0.692835
56,17,0.695519
56,18,0.697916
56,19,0.699965
56,20,0.70165
56,21,0.702968
56,22,0.70391
56,23,0.704451
56,24,0.704566
56,25,0.70425
56,26,0.703554
56,27,0.702582
56,28,0.701491
56,29,0.700441
56,30,0.699562
56,31,0.698913
56,32,0.698487
56,33,0.698231
56,34,0.698086
56,35,0.698037
56,36,0.698099
56,37,0.698317
56,38,0.698702
56,39,0.699201
56,40,0.69969
56,41,0.699998
56,42,0.699972
56,43,0.699528
56,44,0.698684
56,45,0.69755
56,46,0.696284
56,47,0.695052
56,48,0.693995
56,49,0.693217
56,50,0.692792
56,51,0.692758
56,52,0.693123
56,53,0.69386
56,54,0.694899
56,55,0.69614
56,56,0.697462
56,57,0.698749
56,58,0.69991
56,59,0.700879
56,60,0.701622
56,61,0.702132
56,62,0.702418
56,63,0.702495
56,64,0.702383
56,65,0.702097
56,66,0.701655
56,67,0.701084
56,68,0.700412
56,69,0.699666
56,70,0.69885
56,71,0.697927
56,72,0.696821
56,73,0.695431
56,74,0.693654
56,75,0.691437
56,76,0.688804
56,77,0.685879
56,78,0.682872
56,79,0.68005
56,80,0.677669
56,81,0.675927
56,82,0.674917
56,83,0.674619
56,84,0.674929
56,85,0.675699
56,86,0.676781
56,87,0.678055
56,88,0.679438
56,89,0.680868
56,90,0.682285
56,91,0.683624
56,92,0.684811
56,93,0.685772
56,94,0.686448
56,95,0.686796
57,0,0.703194
57,1,0.702527
57,2,0.701222
57,3,0.699335
57,4,0.696953
57,5,0.694195
57,6,0.691241
57,7,0.688326
57,8,0.68573
57,9,0.683743
57,10,0.682607
57,11,0.682461
57,12,0.683299
57,13,0.684975
57,14,0.687239
57,15,0.689799
57,16,0.692388
57,17,0.694803
57,18,0.696926
57,19,0.698715
57,20,0.700166
57,21,0.701278
57,22,0.702036
57,23,0.70241
57,24,0.70237
57,25,0.701913
57,26,0.701097
57,27,0.700039
57,28,0.698906
57,29,0.697871
57,30,0.697068
57,31,0.696556
57,32,0.696314
57,33,0.696265
57,34,0.696316
57,35,0.696411
57,36,0.696533
57,37,0.696711
57,38,0.696968
57,39,0.697286
57,40,0.697593
57,41,0.697773
57,42,0.697715
57,43,0.697357
57,44,0.696713
57,45,0.695868
57,46,0.694946
57,47,0.694079
57,48,0.69338
57,49,0.692934
57,50,0.692802
57,51,0.693017
57,52,0.693585
57,53,0.694476
57,54,0.69562
57,55,0.696916
57,56,0.698243
57,57,0.699489
57,58,0.700566
57,59,0.701421
57,60,0.702036
57,61,0.702424
57,62,0.702611
57,63,0.702624
57,64,0.702484
57,65,0.702195
57,66,0.701758
57,67,0.701177
57,68,0.700464
57,69,0.699635
57,70,0.698697
57,71,0.697633
57,72,0.696395
57,73,0.694914
57,74,0.69312
57,75,0.69098
57,76,0.688526
57,77,0.685873
57,78,0.683213
57,79,0.680781
57,80,0.678797
57,81,0.677421
57,82,0.676708
57,83,0.676612
57,84,0.677014
57,85,0.677766
57,86,0.678734
57,87,0.679822
57,88,0.680971
57,89,0.682142
57,90,0.683293
57,91,0.684371
57,92,0.685318
57,93,0.686077
57,94,0.686604
57,95,0.686874
58,0,0.701267
58,1,0.700777
58,2,0.699808
58,3,0.698379
58,4,0.696528
58,5,0.694318
58,6,0.69187
58,7,0.689377
58,8,0.687086
58,9,0.685277
58,10,0.684195
58,11,0.683988
58,12,0.684662
58,13,0.686084
58,14,0.688015
58,15,0.690182
58,16,0.692339
58,17,0.694309
58,18,0.696004
58,19,0.697404
58,20,0.69852
58,21,0.699352
58,22,0.699882
58,23,0.700072
58,24,0.699888
58,25,0.699329
58,26,0.698456
58,27,0.697396
58,28,0.696322
58,29,0.69541
58,30,0.694791
58,31,0.694515
58,32,0.694545
58,33,0.694773
58,34,0.695068
58,35,0.695334
58,36,0.695521
58,37,0.695642
58,38,0.695735
58,39,0.695822
58,40,0.695891
58,41,0.695892
58,42,0.695764
58,43,0.695473
58,44,0.695028
58,45,0.694488
58,46,0.693932
58,47,0.693444
58,48,0.693098
58,49,0.692947
58,50,0.693041
58,51,0.693409
58,52,0.694066
58,53,0.694991
58,54,0.69613
58,55,0.697391
58,56,0.698661
58,57,0.699827
58,58,0.700805
58,59,0.701547
58,60,0.702046
58,61,0.70233
58,62,0.702442
58,63,0.702422
58,64,0.702293
58,65,0.702051
58,66,0.70168
58,67,0.701158
58,68,0.700471
58,69,0.699618
58,70,0.698601
58,71,0.697413
58,72,0.696033
58,73,0.694431
58,74,0.692579
58,75,0.690477
58,76,0.688176
58,77,0.68579
58,78,0.683489
58,79,0.681469
58,80,0.679902
58,81,0.678893
58,82,0.678452
58,83,0.678503
58,84,0.678913
58,85,0.679544
58,86,0.680286
58,87,0.681074
58,88,0.681885
58,89,0.682707
58,90,0.683521
58,91,0.684288
58,92,0.684962
58,93,0.6855
58,94,0.685871
58,95,0.686059
59,0,0.699903
59,1,0.699595
59,2,0.698974
59,3,0.698032
59,4,0.696762
59,5,0.695175
59,6,0.693331
59,7,0.691366
59,8,0.689482
59,9,0.687929
59,10,0.686934
59,11,0.686646
59,12,0.68708
59,13,0.688123
59,14,0.689565
59,15,0.691163
59,16,0.692715
59,17,0.694085
59,18,0.695224
59,19,0.696137
59,20,0.696849
59,21,0.697364
59,22,0.697653
59,23,0.697669
59,24,0.697371
59,25,0.696759
59,26,0.695897
59,27,0.694916
59,28,0.69399
59,29,0.69329
59,30,0.69294
59,31,0.692973
59,32,0.693329
59,33,0.69387
59,34,0.694426
59,35,0.694862
59,36,0.6951
59,37,0.695143
59,38,0.695046
59,39,0.694875
59,40,0.69468
59,41,0.694478
59,42,0.694261
59,43,0.694021
59,44,0.693765
59,45,0.693519
59,46,0.693314
59,47,0.693179
59,48,0.693138
59,49,0.693212
59,50,0.693434
59,51,0.693839
59,52,0.694457
59,53,0.695297
59,54,0.696329
59,55,0.697485
59,56,0.698659
59,57,0.699742
59,58,0.700644
59,59,0.701312
59,60,0.701742
59,61,0.701966
59,62,0.702043
59,63,0.702022
59,64,0.701931
59,65,0.701764
59,66,0.701486
59,67,0.701057
59,68,0.700432
59,69,0.69959
59,70,0.69852
59,71,0.697219
59,72,0.695691
59,73,0.693945
59,74,0.691999
59,75,0.689897
59,76,0.687716
59,77,0.685573
59,78,0.683616
59,79,0.681995
59,80,0.680825
59,81,0.68015
59,82,0.679933
59,83,0.680065
59,84,0.680411
59,85,0.680844
59,86,0.681287
59,87,0.681715
59,88,0.682138
59,89,0.682577
59,90,0.683031
59,91,0.683478
59,92,0.68388
59,93,0.684204
59,94,0.684426
59,95,0.684537
60,0,0.69905
60,1,0.698923
60,2,0.698652
60,3,0.69821
60,4,0.697553
60,5,0.696641
60,6,0.695478
60,7,0.694133
60,8,0.692749
60,9,0.691526
60,10,0.690659
60,11,0.690283
60,12,0.690421
60,13,0.690984
60,14,0.691803
60,15,0.692689
60,16,0.693496
60,17,0.694147
60,18,0.694637
60,19,0.695003
60,20,0.695282
60,21,0.695474
60,22,0.695537
60,23,0.69541
60,24,0.695043
60,25,0.694431
60,26,0.693641
60,27,0.692806
60,28,0.692096
60,29,0.691675
60,30,0.691649
60,31,0.692032
60,32,0.692735
60,33,0.693589
60,34,0.694389
60,35,0.694967
60,36,0.695225
60,37,0.695163
60,38,0.694858
60,39,0.694422
60,40,0.693963
60,41,0.69356
60,42,0.693252
60,43,0.693055
60,44,0.69297
60,45,0.692987
60,46,0.69309
60,47,0.693249
60,48,0.693438
60,49,0.693645
60,50,0.693889
60,51,0.694213
60,52,0.694677
60,53,0.695327
60,54,0.696174
60,55,0.697178
60,56,0.69825
60,57,0.69928
60,58,0.700163
60,59,0.70083
60,60,0.701265
60,61,0.701497
60,62,0.701588
60,63,0.701596
60,64,0.701555
60,65,0.70146
60,66,0.701271
60,67,0.700927
60,68,0.700364
60,69,0.699538
60,70,0.698422
60,71,0.697016
60,72,0.695341
60,73,0.693442
60,74,0.691385
60,75,0.689258
60,76,0.687167
60,77,0.685236
60,78,0.683588
60,79,0.682326
60,80,0.681505
60,81,0.681111
60,82,0.681058
60,83,0.681216
60,84,0.681447
60,85,0.681649
60,86,0.681776
60,87,0.68184
60,88,0.681884
60,89,0.681955
60,90,0.682069
60,91,0.682216
60,92,0.682366
60,93,0.682492
60,94,0.682578
60,95,0.68262
61,0,0.698553
61,1,0.698599
61,2,0.698671
61,3,0.698722
61,4,0.698686
61,5,0.698478
61,6,0.698045
61,7,0.69739
61,8,0.696585
61,9,0.695766
61,10,0.695077
61,11,0.694629
61,12,0.694446
61,13,0.694469
61,14,0.69458
61,15,0.694657
61,16,0.694628
61,17,0.694484
61,18,0.694276
61,19,0.694073
61,20,0.69392
61,21,0.69381
61,22,0.693681
61,23,0.693453
61,24,0.693063
61,25,0.692501
61,26,0.691834
61,27,0.691194
61,28,0.690748
61,29,0.690644
61,30,0.690969
61,31,0.691711
61,32,0.69275
61,33,0.693885
61,34,0.694881
61,35,0.695549
61,36,0.695778
61,37,0.695578
61,38,0.695052
61,39,0.694356
61,40,0.693651
61,41,0.693066
61,42,0.69268
61,43,0.692522
61,44,0.692583
61,45,0.692822
61,46,0.693172
61,47,0.693553
61,48,0.693891
61,49,0.694141
61,50,0.694314
61,51,0.694464
61,52,0.694687
61,53,0.695075
61,54,0.69569
61,55,0.696529
61,56,0.697519
61,57,0.698547
61,58,0.699489
61,59,0.700246
61,60,0.700775
61,61,0.701091
61,62,0.70125
61,63,0.701312
61,64,0.701319
61,65,0.701273
61,66,0.701135
61,67,0.700838
61,68,0.700305
61,69,0.699474
61,70,0.698307
61,71,0.696801
61,72,0.694992
61,73,0.692954
61,74,0.690795
61,75,0.688641
61,76,0.686627
61,77,0.684877
61,78,0.683495
61,79,0.682537
61,80,0.682002
61,81,0.681824
61,82,0.681879
61,83,0.682021
61,84,0.682122
61,85,0.6821
61,86,0.681943
61,87,0.681689
61,88,0.681409
61,89,0.681165
61,90,0.680985
61,91,0.680867
61,92,0.68079
61,93,0.680735
61,94,0.680695
61,95,0.680671
62,0,0.698228
62,1,0.698434
62,2,0.698821
62,3,0.699336
62,4,0.699897
62,5,0.700386
62,6,0.7007
62,7,0.700777
62,8,0.700612
62,9,0.700264
62,10,0.699817
62,11,0.699342
62,12,0.698859
62,13,0.698335
62,14,0.69771
62,15,0.696942
62,16,0.696041
62,17,0.695076
62,18,0.694158
62,19,0.693389
62,20,0.692824
62,21,0.692442
62,22,0.69216
62,23,0.691873
62,24,0.691503
62,25,0.691032
62,26,0.690526
62,27,0.690116
62,28,0.689959
62,29,0.690188
62,30,0.690865
62,31,0.691947
62,32,0.693281
62,33,0.694638
62,34,0.69576
62,35,0.696446
62,36,0.696588
62,37,0.696211
62,38,0.695452
62,39,0.694505
62,40,0.693579
62,41,0.692841
62,42,0.692392
62,43,0.69227
62,44,0.69245
62,45,0.692862
62,46,0.693396
62,47,0.693929
62,48,0.694347
62,49,0.694578
62,50,0.694623
62,51,0.694553
62,52,0.694499
62,53,0.694603
62,54,0.69498
62,55,0.695667
62,56,0.696613
62,57,0.697699
62,58,0.698774
62,59,0.699704
62,60,0.70041
62,61,0.700879
62,62,0.701152
62,63,0.701287
62,64,0.701333
62,65,0.701302
62,66,0.701163
62,67,0.700857
62,68,0.700302
62,69,0.699432
62,70,0.6982
62,71,0.696602
62,72,0.694686
62,73,0.692545
62,74,0.690317
62,75,0.68816
62,76,0.686226
62,77,0.68464
62,78,0.683483
62,79,0.682771
62,80,0.682457
62,81,0.682432
62,82,0.682548
62,83,0.682653
62,84,0.682634
62,85,0.68243
62,86,0.682055
62,87,0.681568
62,88,0.681049
62,89,0.680566
62,90,0.680153
62,91,0.679813
62,92,0.679535
62,93,0.679312
62,94,0.67915
62,95,0.679063
63,0,0.697929
63,1,0.698267
63,2,0.698921
63,3,0.69984
63,4,0.700935
63,5,0.702071
63,6,0.703107
63,7,0.703921
63,8,0.704432
63,9,0.704617
63,10,0.704484
63,11,0.704057
63,12,0.703337
63,13,0.702317
63,14,0.700993
63,15,0.699402
63,16,0.697645
63,17,0.695873
63,18,0.69426
63,19,0.692945
63,20,0.691991
63,21,0.691365
63,22,0.69096
63,23,0.690648
63,24,0.690333
63,25,0.689987
63,26,0.689673
63,27,0.689516
63,28,0.689662
63,29,0.690224
63,30,0.691233
63,31,0.692614
63,32,0.694182
63,33,0.695683
63,34,0.696846
63,35,0.697469
63,36,0.69746
63,37,0.696867
63,38,0.695861
63,39,0.694675
63,40,0.693551
63,41,0.692681
63,42,0.69218
63,43,0.692083
63,44,0.69235
63,45,0.692883
63,46,0.693546
63,47,0.694178
63,48,0.694636
63,49,0.694826
63,50,0.694742
63,51,0.694467
63,52,0.694161
63,53,0.694013
63,54,0.694187
63,55,0.694762
63,56,0.695705
63,57,0.696895
63,58,0.698154
63,59,0.699311
63,60,0.700246
63,61,0.700913
63,62,0.701332
63,63,0.701554
63,64,0.70163
63,65,0.701583
63,66,0.701398
63,67,0.701026
63,68,0.700399
63,69,0.699452
63,70,0.698142
63,71,0.696467
63,72,0.694479
63,73,0.692286
63,74,0.690043
63,75,0.687925
63,76,0.686091
63,77,0.684664
63,78,0.6837
63,79,0.683184
63,80,0.683033
63,81,0.683108
63,82,0.683251
63,83,0.683315
63,84,0.683202
63,85,0.682877
63,86,0.682368
63,87,0.681744
63,88,0.681083
63,89,0.68045
63,90,0.679873
63,91,0.679361
63,92,0.678913
63,93,0.67854
63,94,0.678264
63,95,0.678116
64,0,0.697605
64,1,0.698034
64,2,0.698881
64,3,0.700104
64,4,0.701627
64,5,0.703313
64,6,0.704998
64,7,0.706511
64,8,0.707703
64,9,0.708464
64,10,0.70872
64,11,0.708433
64,12,0.707578
64,13,0.706158
64,14,0.704221
64,15,0.701882
64,16,0.699327
64,17,0.696793
64,18,0.694517
64,19,0.692677
64,20,0.691349
64,21,0.690494
64,22,0.689985
64,23,0.689671
64,24,0.689438
64,25,0.689249
64,26,0.689156
64,27,0.689274
64,28,0.689733
64,29,0.690619
64,30,0.691929
64,31,0.693555
64,32,0.695283
64,33,0.696841
64,34,0.697955
64,35,0.698435
64,36,0.698211
64,37,0.697365
64,38,0.696101
64,39,0.694683
64,40,0.693376
64,41,0.692386
64,42,0.69183
64,43,0.691735
64,44,0.69205
64,45,0.692658
64,46,0.693404
64,47,0.694106
64,48,0.694603
64,49,0.694781
64,50,0.694624
64,51,0.694219
64,52,0.693747
64,53,0.693429
64,54,0.69347
64,55,0.693983
64,56,0.694957
64,57,0.696269
64,58,0.697722
64,59,0.699111
64,60,0.700282
64,61,0.701158
64,62,0.701736
64,63,0.702055
64,64,0.702163
64,65,0.702089
64,66,0.701833
64,67,0.701363
64,68,0.700628
64,69,0.69958
64,70,0.698185
64,71,0.69645
64,72,0.69443
64,73,0.692241
64,74,0.690042
64,75,0.688011
64,76,0.686308
64,77,0.685041
64,78,0.68425
64,79,0.68389
64,80,0.683857
64,81,0.683994
64,82,0.684143
64,83,0.684169
64,84,0.683996
64,85,0.683609
64,86,0.683047
64,87,0.682379
64,88,0.681675
64,89,0.680981
64,90,0.680321
64,91,0.679701
64,92,0.679131
64,93,0.67864
64,94,0.678271
64,95,0.678071
65,0,0.697302
65,1,0.69777
65,2,0.698708
65,3,0.700103
65,4,0.701905
65,5,0.703996
65,6,0.706209
65,7,0.70834
65,8,0.710178
65,9,0.711529
65,10,0.712234
65,11,0.712182
65,12,0.711306
65,13,0.709611
65,14,0.707183
65,15,0.704203
65,16,0.700941
65,17,0.697711
65,18,0.694813
65,19,0.69247
65,20,0.690776
65,21,0.689693
65,22,0.689083
65,23,0.68878
65,24,0.688655
65,25,0.688653
65,26,0.688814
65,27,0.689232
65,28,0.690013
65,29,0.69121
65,30,0.692786
65,31,0.694597
65,32,0.696407
65,33,0.697935
65,34,0.698914
65,35,0.699176
65,36,0.698685
65,37,0.697555
65,38,0.696024
65,39,0.694377
65,40,0.692895
65,41,0.691785
65,42,0.691161
65,43,0.691041
65,44,0.691365
65,45,0.692011
65,46,0.692815
65,47,0.69359
65,48,0.69416
65,49,0.694398
65,50,0.694273
65,51,0.693862
65,52,0.69335
65,53,0.692978
65,54,0.692973
65,55,0.693476
65,56,0.694492
65,57,0.695906
65,58,0.69751
65,59,0.699083
65,60,0.700447
65,61,0.701504
65,62,0.702231
65,63,0.702654
65,64,0.702809
65,65,0.702727
65,66,0.70241
65,67,0.701845
65,68,0.701
65,69,0.699849
65,70,0.698378
65,71,0.696604
65,72,0.694591
65,73,0.692453
65,74,0.690349
65,75,0.688449
65,76,0.686902
65,77,0.685803
65,78,0.685169
65,79,0.684939
65,80,0.684989
65,81,0.685159
65,82,0.685298
65,83,0.685289
65,84,0.68508
65,85,0.684675
65,86,0.684122
65,87,0.683488
65,88,0.682824
65,89,0.682161
65,90,0.681506
65,91,0.680859
65,92,0.680238
65,93,0.679685
65,94,0.679262
65,95,0.67903
66,0,0.697141
66,1,0.697584
66,2,0.698497
66,3,0.699906
66,4,0.701807
66,5,0.704124
66,6,0.706705
66,7,0.709331
66,8,0.711738
66,9,0.713656
66,10,0.714837
66,11,0.71509
66,12,0.714299
66,13,0.712453
66,14,0.709665
66,15,0.706171
66,16,0.70231
66,17,0.698467
66,18,0.695002
66,19,0.692181
66,20,0.690126
66,21,0.688811
66,22,0.688098
66,23,0.687815
66,24,0.687816
66,25,0.688033
66,26,0.688481
66,27,0.689227
66,28,0.690342
66,29,0.69184
66,30,0.693646
66,31,0.695586
66,32,0.697406
66,33,0.698824
66,34,0.699594
66,35,0.699578
66,36,0.698777
66,37,0.697342
66,38,0.695537
66,39,0.693665
66,40,0.69201
66,41,0.690775
66,42,0.690067
66,43,0.689898
66,44,0.690205
66,45,0.690869
66,46,0.691732
66,47,0.69261
66,48,0.693319
66,49,0.69372
66,50,0.693756
66,51,0.693486
66,52,0.693079
66,53,0.692774
66,54,0.692806
66,55,0.693333
66,56,0.694376
66,57,0.695831
66,58,0.697498
66,59,0.699157
66,60,0.700627
66,61,0.701804
66,62,0.702653
66,63,0.703185
66,64,0.703419
66,65,0.703373
66,66,0.703046
66,67,0.702429
66,68,0.701511
66,69,0.700287
66,70,0.698766
66,71,0.696984
66,72,0.695012
66,73,0.692964
66,74,0.69099
66,75,0.68925
66,76,0.687875
66,77,0.686943
66,78,0.686454
66,79,0.686329
66,80,0.686433
66,81,0.686609
66,82,0.686717
66,83,0.686663
66,84,0.68642
66,85,0.686015
66,86,0.685506
66,87,0.684956
66,88,0.684402
66,89,0.683852
66,90,0.683294
66,91,0.682718
66,92,0.682137
66,93,0.6816
66,94,0.681179
66,95,0.680946
67,0,0.697256
67,1,0.697611
67,2,0.69838
67,3,0.699641
67,4,0.701456
67,5,0.703804
67,6,0.706571
67,7,0.709533
67,8,0.712391
67,9,0.714804
67,10,0.716439
67,11,0.717024
67,12,0.716386
67,13,0.714492
67,14,0.711468
67,15,0.70759
67,16,0.703251
67,17,0.698896
67,18,0.694938
67,19,0.691683
67,20,0.689287
67,21,0.687743
67,22,0.686926
67,23,0.686666
67,24,0.686809
67,25,0.687268
67,26,0.68803
67,27,0.689124
67,28,0.69058
67,29,0.692368
67,30,0.694372
67,31,0.696393
67,32,0.698162
67,33,0.69941
67,34,0.699915
67,35,0.699576
67,36,0.698436
67,37,0.696682
67,38,0.694602
67,39,0.692509
67,40,0.690687
67,41,0.689329
67,42,0.688533
67,43,0.688308
67,44,0.688596
67,45,0.689289
67,46,0.690242
67,47,0.691278
67,48,0.692214
67,49,0.692889
67,50,0.69322
67,51,0.69323
67,52,0.693057
67,53,0.692919
67,54,0.693047
67,55,0.6936
67,56,0.694619
67,57,0.69602
67,58,0.697627
67,59,0.699243
67,60,0.700705
67,61,0.701919
67,62,0.702851
67,63,0.703497
67,64,0.703854
67,65,0.703914
67,66,0.703658
67,67,0.703073
67,68,0.702156
67,69,0.700922
67,70,0.699403
67,71,0.697652
67,72,0.695754
67,73,0.693821
67,74,0.691997
67,75,0.690426
67,76,0.689225
67,77,0.688451
67,78,0.688085
67,79,0.688035
67,80,0.688161
67,81,0.688305
67,82,0.688346
67,83,0.688214
67,84,0.687912
67,85,0.687491
67,86,0.687028
67,87,0.686584
67,88,0.686184
67,89,0.685814
67,90,0.685439
67,91,0.685028
67,92,0.684584
67,93,0.684149
67,94,0.683794
67,95,0.683593
68,0,0.69773
68,1,0.697946
68,2,0.698471
68,3,0.699448
68,4,0.701012
68,5,0.703212
68,6,0.70598
68,7,0.709105
68,8,0.712259
68,9,0.715044
68,10,0.717051
68,11,0.717934
68,12,0.717466
68,13,0.715586
68,14,0.712424
68,15,0.708285
68,16,0.703602
68,17,0.698862
68,18,0.694516
68,19,0.690906
68,20,0.688217
68,21,0.686468
68,22,0.685555
68,23,0.685317
68,24,0.685601
68,25,0.686306
68,26,0.687385
68,27,0.68883
68,28,0.69062
68,29,0.69268
68,30,0.694856
68,31,0.696921
68,32,0.698601
68,33,0.69964
68,34,0.699848
68,35,0.699163
68,36,0.697672
68,37,0.695596
68,38,0.693246
68,39,0.690944
68,40,0.688967
68,41,0.687501
68,42,0.686636
68,43,0.686378
68,44,0.686677
68,45,0.687441
68,46,0.688542
68,47,0.689813
68,48,0.691068
68,49,0.692125
68,50,0.692864
68,51,0.693264
68,52,0.693417
68,53,0.693508
68,54,0.693746
68,55,0.694294
68,56,0.695207
68,57,0.696435
68,58,0.697841
68,59,0.699271
68,60,0.700603
68,61,0.701767
68,62,0.702739
68,63,0.703503
68,64,0.70403
68,65,0.704278
68,66,0.704197
68,67,0.703754
68,68,0.702943
68,69,0.701791
68,70,0.700345
68,71,0.698681
68,72,0.69689
68,73,0.695092
68,74,0.693423
68,75,0.692017
68,76,0.690973
68,77,0.690332
68,78,0.690059
68,79,0.690045
68,80,0.690144
68,81,0.690203
68,82,0.690118
68,83,0.689848
68,84,0.689432
68,85,0.688951
68,86,0.688501
68,87,0.688152
68,88,0.687918
68,89,0.687766
68,90,0.687631
68,91,0.687459
68,92,0.687229
68,93,0.686967
68,94,0.686733
68,95,0.686594
69,0,0.698551
69,1,0.698599
69,2,0.698822
69,3,0.699429
69,4,0.70063
69,5,0.702545
69,6,0.705156
69,7,0.708269
69,8,0.711542
69,9,0.714532
69,10,0.716771
69,11,0.717856
69,12,0.717513
69,13,0.715663
69,14,0.712437
69,15,0.708154
69,16,0.703272
69,17,0.698303
69,18,0.693716
69,19,0.689875
69,20,0.686982
69,21,0.685081
69,22,0.684092
69,23,0.683873
69,24,0.68428
69,25,0.685202
69,26,0.686569
69,27,0.688331
69,28,0.690425
69,29,0.692728
69,30,0.695048
69,31,0.697135
69,32,0.698711
69,33,0.699531
69,34,0.699436
69,35,0.698405
69,36,0.696567
69,37,0.69418
69,38,0.691574
69,39,0.689082
69,40,0.686977
69,41,0.685437
69,42,0.684543
69,43,0.684301
69,44,0.68467
69,45,0.685573
69,46,0.686897
69,47,0.688484
69,48,0.690143
69,49,0.691667
69,50,0.692894
69,51,0.693749
69,52,0.694272
69,53,0.694603
69,54,0.694926
69,55,0.695401
69,56,0.696107
69,57,0.697034
69,58,0.698101
69,59,0.699214
69,60,0.700304
69,61,0.70134
69,62,0.702313
69,63,0.7032
69,64,0.703942
69,65,0.704457
69,66,0.704655
69,67,0.704471
69,68,0.703884
69,69,0.702919
69,70,0.701634
69,71,0.700116
69,72,0.698471
69,73,0.696823
69,74,0.695306
69,75,0.694048
69,76,0.693138
69,77,0.692597
69,78,0.692374
69,79,0.692346
69,80,0.692359
69,81,0.692263
69,82,0.691977
69,83,0.691491
69,84,0.690881
69,85,0.690268
69,86,0.689773
69,87,0.689477
69,88,0.689387
69,89,0.689449
69,90,0.689571
69,91,0.689667
69,92,0.689689
69,93,0.689638
69,94,0.689555
69,95,0.689495
70,0,0.69961
70,1,0.699491
70,2,0.699412
70,3,0.699635
70,4,0.700435
70,5,0.701994
70,6,0.704335
70,7,0.707284
70,8,0.710494
70,9,0.713492
70,10,0.715777
70,11,0.716912
70,12,0.716601
70,13,0.714754
70,14,0.711509
70,15,0.707192
70,16,0.702272
70,17,0.697259
70,18,0.692621
70,19,0.688717
70,20,0.685752
70,21,0.683784
70,22,0.682755
70,23,0.682549
70,24,0.683037
70,25,0.684113
70,26,0.685694
70,27,0.687702
70,28,0.690036
70,29,0.692532
70,30,0.694965
70,31,0.697062
70,32,0.698536
70,33,0.699153
70,34,0.69878
70,35,0.697431
70,36,0.695274
70,37,0.692601
70,38,0.689768
70,39,0.687116
70,40,0.684921
70,41,0.683353
70,42,0.682486
70,43,0.682325
70,44,0.682836
70,45,0.683951
70,46,0.685572
70,47,0.687546
70,48,0.689672
70,49,0.691717
70,50,0.693472
70,51,0.694805
70,52,0.695696
70,53,0.696239
70,54,0.69659
70,55,0.696908
70,56,0.697299
70,57,0.697808
70,58,0.698418
70,59,0.699106
70,60,0.699866
70,61,0.700712
70,62,0.701654
70,63,0.702664
70,64,0.703653
70,65,0.704497
70,66,0.70506
70,67,0.705237
70,68,0.704981
70,69,0.704304
70,70,0.703264
70,71,0.701954
70,72,0.70049
70,73,0.699002
70,74,0.697632
70,75,0.696503
70,76,0.695696
70,77,0.69522
70,78,0.695004
70,79,0.694911
70,80,0.694775
70,81,0.694454
70,82,0.693885
70,83,0.693096
70,84,0.692207
70,85,0.691378
70,86,0.69076
70,87,0.690447
70,88,0.690442
70,89,0.690672
70,90,0.691018
70,91,0.691361
70,92,0.691623
70,93,0.69178
70,94,0.691848
70,95,0.691867
71,0,0.700738
71,1,0.700486
71,2,0.700162
71,3,0.700062
71,4,0.700504
71,5,0.701707
71,6,0.703724
71,7,0.706394
71,8,0.709369
71,9,0.712173
71,10,0.714297
71,11,0.7153
71,12,0.714893
71,13,0.712997
71,14,0.709761
71,15,0.705517
71,16,0.700725
71,17,0.695874
71,18,0.691401
71,19,0.687635
71,20,0.684762
71,21,0.682837
71,22,0.681817
71,23,0.681613
71,24,0.682123
71,25,0.683259
71,26,0.684943
71,27,0.687086
71,28,0.689561
71,29,0.692177
71,30,0.69468
71,31,0.696775
71,32,0.698164
71,33,0.698618
71,34,0.698018
71,35,0.696408
71,36,0.693986
71,37,0.691077
71,38,0.68806
71,39,0.685292
71,40,0.683052
71,41,0.681506
71,42,0.680723
71,43,0.680704
71,44,0.681417
71,45,0.682803
71,46,0.684769
71,47,0.687169
71,48,0.689791
71,49,0.692372
71,50,0.694657
71,51,0.696454
71,52,0.697683
71,53,0.698389
71,54,0.698698
71,55,0.698776
71,56,0.698762
71,57,0.698759
71,58,0.698827
71,59,0.699018
71,60,0.699391
71,61,0.700005
71,62,0.700891
71,63,0.702014
71,64,0.70326
71,65,0.704462
71,66,0.705439
71,67,0.706043
71,68,0.706191
71,69,0.705873
71,70,0.705139
71,71,0.704082
71,72,0.702823
71,73,0.701504
71,74,0.700273
71,75,0.699257
71,76,0.698531
71,77,0.698093
71,78,0.697854
71,79,0.697658
71,80,0.697328
71,81,0.696725
71,82,0.69581
71,83,0.694646
71,84,0.693399
71,85,0.692271
71,86,0.691445
71,87,0.691027
71,88,0.69102
71,89,0.691334
71,90,0.691825
71,91,0.692349
71,92,0.692798
71,93,0.693121
71,94,0.693313
71,95,0.6934
72,0,0.701775
72,1,0.701449
72,2,0.700982
72,3,0.70068
72,4,0.70087
72,5,0.701782
72,6,0.703473
72,7,0.705788
72,8,0.708389
72,9,0.710812
72,10,0.712572
72,11,0.713261
72,12,0.712624
72,13,0.710618
72,14,0.707412
72,15,0.703341
72,16,0.698842
72,17,0.69436
72,18,0.690275
72,19,0.68686
72,20,0.684254
72,21,0.682493
72,22,0.681539
72,23,0.681328
72,24,0.681792
72,25,0.682878
72,26,0.684529
72,27,0.686665
72,28,0.689155
72,29,0.691794
72,30,0.694308
72,31,0.696382
72,32,0.697709
72,33,0.69805
72,34,0.697298
72,35,0.695508
72,36,0.692903
72,37,0.689832
72,38,0.686696
72,39,0.683865
72,40,0.681626
72,41,0.680145
72,42,0.679485
72,43,0.679641
72,44,0.680582
72,45,0.682254
72,46,0.684572
72,47,0.687391
72,48,0.690492
72,49,0.693585
72,50,0.69637
72,51,0.698596
72,52,0.700122
72,53,0.700941
72,54,0.701156
72,55,0.700935
72,56,0.700457
72,57,0.69989
72,58,0.699371
72,59,0.69903
72,60,0.698988
72,61,0.699346
72,62,0.700151
72,63,0.701364
72,64,0.702846
72,65,0.704394
72,66,0.705784
72,67,0.706824
72,68,0.707398
72,69,0.707465
72,70,0.70706
72,71,0.706271
72,72,0.705226
72,73,0.704075
72,74,0.702977
72,75,0.702067
72,76,0.701419
72,77,0.701015
72,78,0.700749
72,79,0.700444
72,80,0.699909
72,81,0.699007
72,82,0.697716
72,83,0.696139
72,84,0.694481
72,85,0.69299
72,86,0.691875
72,87,0.691262
72,88,0.691151
72,89,0.691444
72,90,0.691979
72,91,0.69259
72,92,0.693146
72,93,0.693575
72,94,0.693852
72,95,0.693985
73,0,0.702625
73,1,0.702294
73,2,0.701808
73,3,0.701452
73,4,0.70153
73,5,0.702249
73,6,0.703649
73,7,0.705572
73,8,0.707695
73,9,0.709589
73,10,0.710819
73,11,0.711042
73,12,0.710065
73,13,0.707901
73,14,0.704748
73,15,0.700941
73,16,0.696882
73,17,0.692954
73,18,0.689455
73,19,0.686579
73,20,0.684401
73,21,0.682919
73,22,0.682089
73,23,0.681867
73,24,0.682223
73,25,0.683149
73,26,0.684628
73,27,0.686607
73,28,0.688972
73,29,0.691519
73,30,0.693967
73,31,0.69599
73,32,0.697269
73,33,0.697554
73,34,0.696733
73,35,0.694864
73,36,0.692181
73,37,0.689044
73,38,0.685867
73,39,0.683036
73,40,0.680841
73,41,0.679449
73,42,0.678919
73,43,0.679243
73,44,0.680389
73,45,0.682311
73,46,0.684931
73,47,0.688112
73,48,0.691631
73,49,0.695177
73,50,0.698408
73,51,0.701018
73,52,0.702802
73,53,0.703704
73,54,0.703799
73,55,0.703261
73,56,0.702307
73,57,0.701169
73,58,0.700062
73,59,0.69919
73,60,0.698729
73,61,0.698819
73,62,0.699517
73,63,0.700778
73,64,0.702443
73,65,0.704277
73,66,0.706023
73,67,0.707452
73,68,0.708411
73,69,0.708832
73,70,0.708732
73,71,0.708194
73,72,0.707349
73,73,0.70636
73,74,0.705398
73,75,0.704605
73,76,0.704054
73,77,0.703715
73,78,0.703458
73,79,0.703081
73,80,0.702377
73,81,0.701205
73,82,0.69956
73,83,0.697574
73,84,0.695494
73,85,0.693603
73,86,0.692141
73,87,0.691251
73,88,0.690939
73,89,0.691105
73,90,0.691578
73,91,0.692179
73,92,0.692762
73,93,0.693235
73,94,0.693554
73,95,0.693713
74,0,0.70329
74,1,0.703019
74,2,0.702626
74,3,0.702353
74,4,0.702449
74,5,0.703072
74,6,0.704227
74,7,0.705749
74,8,0.707333
74,9,0.708602
74,10,0.709196
74,11,0.708856
74,12,0.707476
74,13,0.705135
74,14,0.702066
74,15,0.6986
74,16,0.695094
74,17,0.691854
74,18,0.689087
74,19,0.686888
74,20,0.685259
74,21,0.684146
74,22,0.683489
74,23,0.68326
74,24,0.683465
74,25,0.684145
74,26,0.68533
74,27,0.687015
74,28,0.689116
74,29,0.691449
74,30,0.693744
74,31,0.695671
74,32,0.696902
74,33,0.697177
74,34,0.69637
74,35,0.694528
74,36,0.691879
74,37,0.688783
74,38,0.685657
74,39,0.682887
74,40,0.680769
74,41,0.679468
74,42,0.679042
74,43,0.679483
74,44,0.680764
74,45,0.682847
74,46,0.685672
74,47,0.689114
74,48,0.692952
74,49,0.696863
74,50,0.70047
74,51,0.703413
74,52,0.705428
74,53,0.706407
74,54,0.706393
74,55,0.705564
74,56,0.70417
74,57,0.702503
74,58,0.700849
74,59,0.699478
74,60,0.698619
74,61,0.698437
74,62,0.698998
74,63,0.700249
74,64,0.702015
74,65,0.704038
74,66,0.706034
74,67,0.707745
74,68,0.708991
74,69,0.70968
74,70,0.709816
74,71,0.709477
74,72,0.708801
74,73,0.707965
74,74,0.707152
74,75,0.706512
74,76,0.706112
74,77,0.705904
74,78,0.705733
74,79,0.705369
74,80,0.704581
74,81,0.703223
74,82,0.701295
74,83,0.698957
74,84,0.696484
74,85,0.694196
74,86,0.69236
74,87,0.691138
74,88,0.69055
74,89,0.690502
74,90,0.690823
74,91,0.691332
74,92,0.691872
74,93,0.692336
74,94,0.692664
74,95,0.692831
75,0,0.703871
75,1,0.7037
75,2,0.703471
75,3,0.703366
75,4,0.703562
75,5,0.704149
75,6,0.705092
75,7,0.706213
75,8,0.707236
75,9,0.707845
75,10,0.707769
75,11,0.706845
75,12,0.705062
75,13,0.702566
75,14,0.699622
75,15,0.696553
75,16,0.693665
75,17,0.691182
75,18,0.689211
75,19,0.687754
75,20,0.686732
75,21,0.686039
75,22,0.685593
75,23,0.685372
75,24,0.685411
75,25,0.685795
75,26,0.686608
75,27,0.687894
75,28,0.689615
75,29,0.691624
75,30,0.693674
75,31,0.695448
75,32,0.696618
75,33,0.69691
75,34,0.696183
75,35,0.694463
75,36,0.691956
75,37,0.689005
75,38,0.686013
75,39,0.683361
75,40,0.681339
75,41,0.680111
75,42,0.679736
75,43,0.680211
75,44,0.68152
75,45,0.683645
75,46,0.686544
75,47,0.690116
75,48,0.694151
75,49,0.698321
75,50,0.702219
75,51,0.705442
75,52,0.707668
75,53,0.708736
75,54,0.708656
75,55,0.7076
75,56,0.705843
75,57,0.70373
75,58,0.701607
75,59,0.699801
75,60,0.698581
75,61,0.698135
75,62,0.698533
75,63,0.699711
75,64,0.701483
75,65,0.703573
75,66,0.705681
75,67,0.707528
75,68,0.708919
75,69,0.709749
75,70,0.710015
75,71,0.7098
75,72,0.709253
75,73,0.708565
75,74,0.707931
75,75,0.707501
75,76,0.707332
75,77,0.707353
75,78,0.707377
75,79,0.707143
75,80,0.706394
75,81,0.70497
75,82,0.702875
75,83,0.700283
75,84,0.697494
75,85,0.694854
75,86,0.692657
75,87,0.691085
75,88,0.690178
75,89,0.689857
75,90,0.689963
75,91,0.690317
75,92,0.69076
75,93,0.691174
75,94,0.691481
75,95,0.691642
76,0,0.704503
76,1,0.704439
76,2,0.704388
76,3,0.704464
76,4,0.704766
76,5,0.705322
76,6,0.706051
76,7,0.706774
76,8,0.707248
76,9,0.707224
76,10,0.706521
76,11,0.705073
76,12,0.702951
76,13,0.700363
76,14,0.697598
76,15,0.694958
76,16,0.692698
76,17,0.69096
76,18,0.689765
76,19,0.68903
76,20,0.688604
76,21,0.688335
76,22,0.688119
76,23,0.687929
76,24,0.687821
76,25,0.687908
76,26,0.688322
76,27,0.689154
76,28,0.690419
76,29,0.692019
76,30,0.693746
76,31,0.695307
76,32,0.696385
76,33,0.696702
76,34,0.696095
76,35,0.694565
76,36,0.692282
76,37,0.689559
76,38,0.686771
76,39,0.684277
76,40,0.682356
76,41,0.681168
76,42,0.680777
76,43,0.681191
76,44,0.682412
76,45,0.684447
76,46,0.687286
76,47,0.690852
76,48,0.694953
76,49,0.699264
76,50,0.703361
76,51,0.706801
76,52,0.709215
76,53,0.710389
76,54,0.710298
76,55,0.7091
76,56,0.707086
76,57,0.704637
76,58,0.702149
76,59,0.699994
76,60,0.698475
76,61,0.697792
76,62,0.698015
76,63,0.699071
76,64,0.70076
76,65,0.702796
76,66,0.704869
76,67,0.706694
76,68,0.708069
76,69,0.708891
76,70,0.709165
76,71,0.708988
76,72,0.708527
76,73,0.707989
76,74,0.707574
76,75,0.707427
76,76,0.707584
76,77,0.707945
76,78,0.708286
76,79,0.70831
76,80,0.707735
76,81,0.706385
76,82,0.704262
76,83,0.701547
76,84,0.698555
76,85,0.695652
76,86,0.69315
76,87,0.691255
76,88,0.690028
76,89,0.689411
76,90,0.689263
76,91,0.689418
76,92,0.68972
76,93,0.690045
76,94,0.690303
76,95,0.690444
77,0,0.705301
77,1,0.705319
77,2,0.705395
77,3,0.705586
77,4,0.705928
77,5,0.706392
77,6,0.706873
77,7,0.707197
77,8,0.707164
77,9,0.706592
77,10,0.705378
77,11,0.703537
77,12,0.701204
77,13,0.698627
77,14,0.6961
77,15,0.693898
77,16,0.692222
77,17,0.691147
77,18,0.690623
77,19,0.690506
77,20,0.690597
77,21,0.690711
77,22,0.690721
77,23,0.690594
77,24,0.690384
77,25,0.690222
77,26,0.690265
77,27,0.690647
77,28,0.691433
77,29,0.692578
77,30,0.693926
77,31,0.695222
77,32,0.69617
77,33,0.696495
77,34,0.69602
77,35,0.694712
77,36,0.692702
77,37,0.690258
77,38,0.687714
77,39,0.6854
77,40,0.683573
77,41,0.682387
77,42,0.681912
77,43,0.682175
77,44,0.683204
77,45,0.685038
77,46,0.687696
77,47,0.691133
77,48,0.695178
77,49,0.699513
77,50,0.703705
77,51,0.707287
77,52,0.709848
77,53,0.711133
77,54,0.711078
77,55,0.709823
77,56,0.707663
77,57,0.705002
77,58,0.702271
77,59,0.699876
77,60,0.69814
77,61,0.697272
77,62,0.697337
77,63,0.698248
77,64,0.699796
77,65,0.701682
77,66,0.703593
77,67,0.705247
77,68,0.706452
77,69,0.70712
77,70,0.707281
77,71,0.707059
77,72,0.706646
77,73,0.706262
77,74,0.70611
77,75,0.706317
77,76,0.70689
77,77,0.707688
77,78,0.70845
77,79,0.708845
77,80,0.708566
77,81,0.707425
77,82,0.705419
77,83,0.70273
77,84,0.699679
77,85,0.696639
77,86,0.693937
77,87,0.69179
77,88,0.690282
77,89,0.689379
77,90,0.688963
77,91,0.688886
77,92,0.689004
77,93,0.689197
77,94,0.689373
77,95,0.689475
78,0,0.706321
78,1,0.706364
78,2,0.706466
78,3,0.706645
78,4,0.706894
78,5,0.707158
78,6,0.707329
78,7,0.707256
78,8,0.706784
78,9,0.705792
78,10,0.704241
78,11,0.702196
78,12,0.69983
78,13,0.697396
78,14,0.695172
78,15,0.693397
78,16,0.69222
78,17,0.691667
78,18,0.691645
78,19,0.691979
78,20,0.692452
78,21,0.692866
78,22,0.693081
78,23,0.693047
78,24,0.692805
78,25,0.692478
78,26,0.69223
78,27,0.692221
78,28,0.692556
78,29,0.693247
78,30,0.694192
78,31,0.695185
78,32,0.695964
78,33,0.696266
78,34,0.695903
78,35,0.694814
78,36,0.693086
78,37,0.690936
78,38,0.688652
78,39,0.686519
78,40,0.684771
78,41,0.683551
78,42,0.68294
78,43,0.682987
78,44,0.683751
78,45,0.685303
78,46,0.687696
78,47,0.690909
78,48,0.694791
78,49,0.699037
78,50,0.703213
78,51,0.706841
78,52,0.709485
78,53,0.710856
78,54,0.71086
78,55,0.709615
78,56,0.707409
78,57,0.704658
78,58,0.701811
78,59,0.699295
78,60,0.697447
78,61,0.696474
78,62,0.696431
78,63,0.697216
78,64,0.698603
78,65,0.700286
78,66,0.701949
78,67,0.70332
78,68,0.70423
78,69,0.704624
78,70,0.704569
78,71,0.70423
78,72,0.70383
78,73,0.703603
78,74,0.703745
78,75,0.704356
78,76,0.705401
78,77,0.706698
78,78,0.707945
78,79,0.708783
78,80,0.708889
78,81,0.708069
78,82,0.706314
78,83,0.703806
78,84,0.70086
78,85,0.697844
78,86,0.695083
78,87,0.6928
78,88,0.69109
78,89,0.689941
78,90,0.689261
78,91,0.688928
78,92,0.688821
78,93,0.688835
78,94,0.688888
78,95,0.688927
79,0,0.707517
79,1,0.707513
79,2,0.707513
79,3,0.707518
79,4,0.707513
79,5,0.70745
79,6,0.707242
79,7,0.706781
79,8,0.705961
79,9,0.704713
79,10,0.703035
79,11,0.701013
79,12,0.698816
79,13,0.696673
79,14,0.694821
79,15,0.693447
79,16,0.692659
79,17,0.692452
79,18,0.692723
79,19,0.693302
79,20,0.693987
79,21,0.694589
79,22,0.694966
79,23,0.695049
79,24,0.694851
79,25,0.694467
79,26,0.694044
79,27,0.693746
79,28,0.693707
79,29,0.693985
79,30,0.694536
79,31,0.695209
79,32,0.695782
79,33,0.696018
79,34,0.695728
79,35,0.694826
79,36,0.69336
79,37,0.691496
79,38,0.689464
79,39,0.687505
79,40,0.685821
79,41,0.684545
79,42,0.683767
79,43,0.683565
79,44,0.684027
79,45,0.685258
79,46,0.687335
79,47,0.69026
79,48,0.693896
79,49,0.697949
79,50,0.701997
79,51,0.705561
79,52,0.708197
79,53,0.7096
79,54,0.709653
79,55,0.708454
79,56,0.706281
79,57,0.703545
79,58,0.700703
79,59,0.69819
79,60,0.696344
79,61,0.695366
79,62,0.695294
79,63,0.696007
79,64,0.69726
79,65,0.698733
79,66,0.700111
79,67,0.701139
79,68,0.701675
79,69,0.701711
79,70,0.701368
79,71,0.700857
79,72,0.700438
79,73,0.700358
79,74,0.700796
79,75,0.70182
79,76,0.703345
79,77,0.705145
79,78,0.706883
79,79,0.708183
79,80,0.708718
79,81,0.708296
79,82,0.70691
79,83,0.704733
79,84,0.702065
79,85,0.699255
79,86,0.696608
79,87,0.694335
79,88,0.692535
79,89,0.691209
79,90,0.690291
79,91,0.689691
79,92,0.689322
79,93,0.68911
79,94,0.688996
79,95,0.688948
80,0,0.708764
80,1,0.708642
80,2,0.708411
80,3,0.708085
80,4,0.707673
80,5,0.707165
80,6,0.706527
80,7,0.705705
80,8,0.704647
80,9,0.70332
80,10,0.701737
80,11,0.69997
80,12,0.698149
80,13,0.696443
80,14,0.695023
80,15,0.694021
80,16,0.693504
80,17,0.69346
80,18,0.693806
80,19,0.694414
80,20,0.695126
80,21,0.695789
80,22,0.696269
80,23,0.696482
80,24,0.6964
80,25,0.696071
80,26,0.695604
80,27,0.695145
80,28,0.694838
80,29,0.694776
80,30,0.694967
80,31,0.695318
80,32,0.695658
80,33,0.695783
80,34,0.695515
80,35,0.694757
80,36,0.69352
80,37,0.691919
80,38,0.690129
80,39,0.688338
80,40,0.686714
80,41,0.685377
80,42,0.684429
80,43,0.683973
80,44,0.68413
80,45,0.685033
80,46,0.686777
80,47,0.689375
80,48,0.692701
80,49,0.696474
80,50,0.700285
80,51,0.703671
80,52,0.706199
80,53,0.707559
80,54,0.707628
80,55,0.706486
80,56,0.704397
80,57,0.70176
80,58,0.699027
80,59,0.696628
80,60,0.694893
80,61,0.694013
80,62,0.694002
80,63,0.694718
80,64,0.695891
80,65,0.697187
80,66,0.698289
80,67,0.69896
80,68,0.699094
80,69,0.698736
80,70,0.698065
80,71,0.697347
80,72,0.696878
80,73,0.696913
80,74,0.697614
80,75,0.699005
80,76,0.700958
80,77,0.703203
80,78,0.705381
80,79,0.707112
80,80,0.708078
80,81,0.7081
80,82,0.707176
80,83,0.705468
80,84,0.703251
80,85,0.700834
80,86,0.698487
80,87,0.696392
80,88,0.694635
80,89,0.693223
80,90,0.692115
80,91,0.691258
80,92,0.690607
80,93,0.690135
80,94,0.689823
80,95,0.689668
81,0,0.709903
81,1,0.709607
81,2,0.709044
81,3,0.708267
81,4,0.707335
81,5,0.706306
81,6,0.705218
81,7,0.704083
81,8,0.702902
81,9,0.701669
81,10,0.700385
81,11,0.69908
81,12,0.697814
81,13,0.696668
81,14,0.695729
81,15,0.695062
81,16,0.694705
81,17,0.694656
81,18,0.694878
81,19,0.695314
81,20,0.695879
81,21,0.696475
81,22,0.696992
81,23,0.697331
81,24,0.697422
81,25,0.697249
81,26,0.696864
81,27,0.696375
81,28,0.695915
81,29,0.695598
81,30,0.695477
81,31,0.695517
81,32,0.695603
81,33,0.695577
81,34,0.695286
81,35,0.694631
81,36,0.693594
81,37,0.692244
81,38,0.690696
81,39,0.689085
81,40,0.687536
81,41,0.686159
81,42,0.685061
81,43,0.684372
81,44,0.684243
81,45,0.684827
81,46,0.686235
81,47,0.688485
81,48,0.691454
81,49,0.694873
81,50,0.698355
81,51,0.701465
81,52,0.703791
81,53,0.705038
81,54,0.705083
81,55,0.703997
81,56,0.702026
81,57,0.699551
81,58,0.697007
81,59,0.69481
81,60,0.693275
81,61,0.692575
81,62,0.692703
81,63,0.69349
81,64,0.694643
81,65,0.695811
81,66,0.696676
81,67,0.697016
81,68,0.696763
81,69,0.696015
81,70,0.695009
81,71,0.694066
81,72,0.693513
81,73,0.693609
81,74,0.694497
81,75,0.696163
81,76,0.698436
81,77,0.701018
81,78,0.70354
81,79,0.705632
81,80,0.707001
81,81,0.707488
81,82,0.707097
81,83,0.705976
81,84,0.704361
81,85,0.70251
81,86,0.700639
81,87,0.698887
81,88,0.697313
81,89,0.695924
81,90,0.694697
81,91,0.693618
81,92,0.692696
81,93,0.691956
81,94,0.691432
81,95,0.69116
82,0,0.71079
82,1,0.710288
82,2,0.70934
82,3,0.708052
82,4,0.706553
82,5,0.704985
82,6,0.703468
82,7,0.702088
82,8,0.700896
82,9,0.699897
82,10,0.699069
82,11,0.698378
82,12,0.69779
82,13,0.697281
82,14,0.696841
82,15,0.696469
82,16,0.696176
82,17,0.695984
82,18,0.695924
82,19,0.696027
82,20,0.696301
82,21,0.69672
82,22,0.697209
82,23,0.69766
82,24,0.697958
82,25,0.698018
82,26,0.697819
82,27,0.697413
82,28,0.696903
82,29,0.69641
82,30,0.696024
82,31,0.695765
82,32,0.695583
82,33,0.695377
82,34,0.69503
82,35,0.694452
82,36,0.693608
82,37,0.692518
82,38,0.691237
82,39,0.689841
82,40,0.688412
82,41,0.687036
82,42,0.685829
82,43,0.684943
82,44,0.684553
82,45,0.684834
82,46,0.685905
82,47,0.687788
82,48,0.690364
82,49,0.693379
82,50,0.69647
82,51,0.699237
82,52,0.701302
82,53,0.702392
82,54,0.702394
82,55,0.701369
82,56,0.699545
82,57,0.697278
82,58,0.694977
82,59,0.693037
82,60,0.691753
82,61,0.691277
82,62,0.691584
82,63,0.692481
82,64,0.693654
82,65,0.694737
82,66,0.695409
82,67,0.695465
82,68,0.694869
82,69,0.693766
82,70,0.692445
82,71,0.69127
82,72,0.690594
82,73,0.690679
82,74,0.691647
82,75,0.693456
82,76,0.695905
82,77,0.698684
82,78,0.701429
82,79,0.703798
82,80,0.705525
82,81,0.706481
82,82,0.706672
82,83,0.706224
82,84,0.705326
82,85,0.704175
82,86,0.702922
82,87,0.701651
82,88,0.700388
82,89,0.69913
82,90,0.697872
82,91,0.696636
82,92,0.695485
82,93,0.694503
82,94,0.693781
82,95,0.693397
83,0,0.711337
83,1,0.710628
83,2,0.709298
83,3,0.707509
83,4,0.705469
83,5,0.703404
83,6,0.701522
83,7,0.699977
83,8,0.698861
83,9,0.698189
83,10,0.697902
83,11,0.697894
83,12,0.698029
83,13,0.698171
83,14,0.698212
83,15,0.698082
83,16,0.697775
83,17,0.697346
83,18,0.696899
83,19,0.696563
83,20,0.696451
83,21,0.696614
83,22,0.697022
83,23,0.697564
83,24,0.698084
83,25,0.698423
83,26,0.698482
83,27,0.698239
83,28,0.697756
83,29,0.697148
83,30,0.696532
83,31,0.695985
83,32,0.695527
83,33,0.695124
83,34,0.694708
83,35,0.694209
83,36,0.693574
83,37,0.69278
83,38,0.691819
83,39,0.6907
83,40,0.689455
83,41,0.688143
83,42,0.68688
83,43,0.685835
83,44,0.685206
83,45,0.685189
83,46,0.685914
83,47,0.687409
83,48,0.689564
83,49,0.692144
83,50,0.694818
83,51,0.697222
83,52,0.699017
83,53,0.699955
83,54,0.69993
83,55,0.698996
83,56,0.697357
83,57,0.695335
83,58,0.693311
83,59,0.691648
83,60,0.690622
83,61,0.690369
83,62,0.690845
83,63,0.691846
83,64,0.693041
83,65,0.694056
83,66,0.69457
83,67,0.694389
83,68,0.693505
83,69,0.692098
83,70,0.690496
83,71,0.689091
83,72,0.688251
83,73,0.688239
83,74,0.689162
83,75,0.690962
83,76,0.693428
83,77,0.696256
83,78,0.699105
83,79,0.701664
83,80,0.703708
83,81,0.705125
83,82,0.705921
83,83,0.706192
83,84,0.706073
83,85,0.705695
83,86,0.705142
83,87,0.704441
83,88,0.703583
83,89,0.702551
83,90,0.701352
83,91,0.700043
83,92,0.698733
83,93,0.697564
83,94,0.696679
83,95,0.696203
84,0,0.711538
84,1,0.71065
84,2,0.70899
84,3,0.706774
84,4,0.704281
84,5,0.701818
84,6,0.699663
84,7,0.69803
84,8,0.697048
84,9,0.696732
84,10,0.696986
84,11,0.697635
84,12,0.698447
84,13,0.699182
84,14,0.699638
84,15,0.699688
84,16,0.699311
84,17,0.698595
84,18,0.697717
84,19,0.696904
84,20,0.696368
84,21,0.696241
84,22,0.696538
84,23,0.697154
84,24,0.697891
84,25,0.698526
84,26,0.698873
84,27,0.698834
84,28,0.69842
84,29,0.697729
84,30,0.696903
84,31,0.696074
84,32,0.695339
84,33,0.694738
84,34,0.694261
84,35,0.693861
84,36,0.693477
84,37,0.693038
84,38,0.692467
84,39,0.691705
84,40,0.690721
84,41,0.689544
84,42,0.68828
84,43,0.687112
84,44,0.686258
84,45,0.685935
84,46,0.686294
84,47,0.687375
84,48,0.689089
84,49,0.691229
84,50,0.693496
84,51,0.695567
84,52,0.697135
84,53,0.697976
84,54,0.697986
84,55,0.697202
84,56,0.695798
84,57,0.694059
84,58,0.692326
84,59,0.690933
84,60,0.690136
84,61,0.690056
84,62,0.690646
84,63,0.691696
84,64,0.692875
84,65,0.693806
84,66,0.694174
84,67,0.693796
84,68,0.69268
84,69,0.691029
84,70,0.689186
84,71,0.687558
84,72,0.686515
84,73,0.686318
84,74,0.687067
84,75,0.688705
84,76,0.691034
84,77,0.693774
84,78,0.696619
84,79,0.699299
84,80,0.701619
84,81,0.703479
84,82,0.704873
84,83,0.70586
84,84,0.706518
84,85,0.706915
84,86,0.707071
84,87,0.706965
84,88,0.706555
84,89,0.705812
84,90,0.70475
84,91,0.703451
84,92,0.702064
84,93,0.700778
84,94,0.699783
84,95,0.699241
85,0,0.711457
85,1,0.710437
85,2,0.708537
85,3,0.706016
85,4,0.703207
85,5,0.700475
85,6,0.698154
85,7,0.696501
85,8,0.695668
85,9,0.69567
85,10,0.696382
85,11,0.697572
85,12,0.698931
85,13,0.700132
85,14,0.700899
85,15,0.701056
85,16,0.700571
85,17,0.699565
85,18,0.698276
85,19,0.697017
85,20,0.696083
85,21,0.695679
85,22,0.695865
85,23,0.696541
85,24,0.697481
85,25,0.698395
85,26,0.699022
85,27,0.699186
85,28,0.698843
85,29,0.698074
85,30,0.697042
85,31,0.695937
85,32,0.694933
85,33,0.694147
85,34,0.693631
85,35,0.693369
85,36,0.693287
85,37,0.693265
85,38,0.693159
85,39,0.692829
85,40,0.692182
85,41,0.691205
85,42,0.68999
85,43,0.688727
85,44,0.687653
85,45,0.687011
85,46,0.686979
85,47,0.687626
85,48,0.688893
85,49,0.69061
85,50,0.692515
85,51,0.694323
85,52,0.695753
85,53,0.696591
85,54,0.69673
85,55,0.696179
85,56,0.695074
85,57,0.693653
85,58,0.692217
85,59,0.691066
85,60,0.690439
85,61,0.690453
85,62,0.691067
85,63,0.692079
85,64,0.693171
85,65,0.693977
85,66,0.694192
85,67,0.693645
85,68,0.692351
85,69,0.690515
85,70,0.68848
85,71,0.686643
85,72,0.685367
85,73,0.684906
85,74,0.685366
85,75,0.686706
85,76,0.688761
85,77,0.691295
85,78,0.694048
85,79,0.696789
85,80,0.699345
85,81,0.701615
85,82,0.703568
85,83,0.705217
85,84,0.706585
85,85,0.707683
85,86,0.708484
85,87,0.708928
85,88,0.708952
85,89,0.708515
85,90,0.707636
85,91,0.706412
85,92,0.705021
85,93,0.703685
85,94,0.702631
85,95,0.702051
86,0,0.711192
86,1,0.7101
86,2,0.708069
86,3,0.705387
86,4,0.702418
86,5,0.699559
86,6,0.697175
86,7,0.695546
86,8,0.694836
86,9,0.695062
86,10,0.696082
86,11,0.697628
86,12,0.69934
86,13,0.700834
86,14,0.701782
86,15,0.701975
86,16,0.701374
86,17,0.70012
86,18,0.698498
86,19,0.696882
86,20,0.695632
86,21,0.69501
86,22,0.695111
86,23,0.695842
86,24,0.696953
86,25,0.698103
86,26,0.698962
86,27,0.699288
86,28,0.698987
86,29,0.698123
86,30,0.696881
86,31,0.695506
86,32,0.694248
86,33,0.693302
86,34,0.692782
86,35,0.692698
86,36,0.692964
86,37,0.693412
86,38,0.693823
86,39,0.693982
86,40,0.693727
86,41,0.692999
86,42,0.69187
86,43,0.690533
86,44,0.689244
86,45,0.688274
86,46,0.687837
86,47,0.688042
86,48,0.688875
86,49,0.690208
86,50,0.691822
86,51,0.69346
86,52,0.694862
86,53,0.695815
86,54,0.696191
86,55,0.695965
86,56,0.695224
86,57,0.694155
86,58,0.693013
86,59,0.692067
86,60,0.691543
86,61,0.69156
86,62,0.692093
86,63,0.692965
86,64,0.693884
86,65,0.69451
86,66,0.694556
86,67,0.693862
86,68,0.692441
86,69,0.690485
86,70,0.688314
86,71,0.686297
86,72,0.684775
86,73,0.683995
86,74,0.684075
86,75,0.685008
86,76,0.68668
86,77,0.688913
86,78,0.691499
86,79,0.694246
86,80,0.69699
86,81,0.699616
86,82,0.702053
86,83,0.704264
86,84,0.706222
86,85,0.707892
86,86,0.709213
86,87,0.710108
86,88,0.710497
86,89,0.710336
86,90,0.709644
86,91,0.708526
86,92,0.707173
86,93,0.705831
86,94,0.704754
86,95,0.704155
87,0,0.710832
87,1,0.709729
87,2,0.707683
87,3,0.704986
87,4,0.70201
87,5,0.69916
87,6,0.696798
87,7,0.695209
87,8,0.694562
87,9,0.694877
87,10,0.696011
87,11,0.697689
87,12,0.699533
87,13,0.701133
87,14,0.702135
87,15,0.702311
87,16,0.701615
87,17,0.700197
87,18,0.698366
87,19,0.69653
87,20,0.695089
87,21,0.694337
87,22,0.694394
87,23,0.695175
87,24,0.696412
87,25,0.697726
87,26,0.698736
87,27,0.699148
87,28,0.698832
87,29,0.69784
87,30,0.69638
87,31,0.694746
87,32,0.69326
87,33,0.692189
87,34,0.6917
87,35,0.691827
87,36,0.692469
87,37,0.69341
87,38,0.69436
87,39,0.695028
87,40,0.695185
87,41,0.694729
87,42,0.693709
87,43,0.692316
87,44,0.690824
87,45,0.689533
87,46,0.6887
87,47,0.688482
87,48,0.688917
87,49,0.689926
87,50,0.691331
87,51,0.692904
87,52,0.694392
87,53,0.695571
87,54,0.696287
87,55,0.696468
87,56,0.696147
87,57,0.695456
87,58,0.694602
87,59,0.693823
87,60,0.693335
87,61,0.693266
87,62,0.693618
87,63,0.694251
87,64,0.694912
87,65,0.695302
87,66,0.69516
87,67,0.694341
87,68,0.692848
87,69,0.690846
87,70,0.68861
87,71,0.686465
87,72,0.684715
87,73,0.683596
87,74,0.683242
87,75,0.683693
87,76,0.684899
87,77,0.686753
87,78,0.689106
87,79,0.691797
87,80,0.694667
87,81,0.697569
87,82,0.700389
87,83,0.703034
87,84,0.70543
87,85,0.707509
87,86,0.709197
87,87,0.710406
87,88,0.711058
87,89,0.711105
87,90,0.710563
87,91,0.709538
87,92,0.708227
87,93,0.70689
87,94,0.705799
87,95,0.705188
88,0,0.710429
88,1,0.709373
88,2,0.707416
88,3,0.704839
88,4,0.701993
88,5,0.69926
88,6,0.696979
88,7,0.695422
88,8,0.694751
88,9,0.694999
88,10,0.696043
88,11,0.697628
88,12,0.699393
88,13,0.700932
88,14,0.701889
88,15,0.702027
88,16,0.701292
88,17,0.699827
88,18,0.697941
88,19,0.696047
88,20,0.694556
88,21,0.693774
88,22,0.693833
88,23,0.69465
88,24,0.69595
88,25,0.697332
88,26,0.698386
88,27,0.698786
88,28,0.698381
88,29,0.69722
88,30,0.695532
88,31,0.693658
88,32,0.691978
88,33,0.690819
88,34,0.690392
88,35,0.690748
88,36,0.691767
88,37,0.693187
88,38,0.694653
88,39,0.695807
88,40,0.696361
88,41,0.696173
88,42,0.695269
88,43,0.693838
88,44,0.692169
88,45,0.690591
88,46,0.689401
88,47,0.688808
88,48,0.688906
88,49,0.689666
88,50,0.690951
88,51,0.692554
88,52,0.694226
88,53,0.695726
88,54,0.696862
88,55,0.697511
88,56,0.69765
88,57,0.697351
88,58,0.696775
88,59,0.69613
88,60,0.695622
88,61,0.695394
88,62,0.69548
88,63,0.695787
88,64,0.696117
88,65,0.696221
88,66,0.695878
88,67,0.694958
88,68,0.693454
88,69,0.691489
88,70,0.689279
88,71,0.687084
88,72,0.685162
88,73,0.683725
88,74,0.682929
88,75,0.682863
88,76,0.683552
88,77,0.684965
88,78,0.687017
88,79,0.68958
88,80,0.692493
88,81,0.695574
88,82,0.698657
88,83,0.701596
88,84,0.704274
88,85,0.706602
88,86,0.7085
88,87,0.709884
88,88,0.710682
88,89,0.710846
88,90,0.710387
88,91,0.709405
88,92,0.7081
88,93,0.706741
88,94,0.70562
88,95,0.704988
89,0,0.709977
89,1,0.709019
89,2,0.707243
89,3,0.704896
89,4,0.702291
89,5,0.699756
89,6,0.697589
89,7,0.696031
89,8,0.69524
89,9,0.69527
89,10,0.696038
89,11,0.697338
89,12,0.698854
89,13,0.700213
89,14,0.701071
89,15,0.70119
89,16,0.7005
89,17,0.699122
89,18,0.697341
89,19,0.69555
89,20,0.694143
89,21,0.693422
89,22,0.693515
89,23,0.694342
89,24,0.695626
89,25,0.696967
89,26,0.697944
89,27,0.698224
89,28,0.697652
89,29,0.696282
89,30,0.694363
89,31,0.692272
89,32,0.690436
89,33,0.689225
89,34,0.688882
89,35,0.689463
89,36,0.690833
89,37,0.692682
89,38,0.694601
89,39,0.696179
89,40,0.69708
89,41,0.697131
89,42,0.69634
89,43,0.694893
89,44,0.693089
89,45,0.691279
89,46,0.6898
89,47,0.688908
89,48,0.688749
89,49,0.689344
89,50,0.690594
89,51,0.692309
89,52,0.694241
89,53,0.696126
89,54,0.697734
89,55,0.698888
89,56,0.699506
89,57,0.699603
89,58,0.699293
89,59,0.698754
89,60,0.698185
89,61,0.697744
89,62,0.697502
89,63,0.697418
89,64,0.697359
89,65,0.697138
89,66,0.696584
89,67,0.695589
89,68,0.694134
89,69,0.692292
89,70,0.690209
89,71,0.688066
89,72,0.686058
89,73,0.684368
89,74,0.683164
89,75,0.682585
89,76,0.682735
89,77,0.683663
89,78,0.68535
89,79,0.687707
89,80,0.690568
89,81,0.693722
89,82,0.69695
89,83,0.700054
89,84,0.702882
89,85,0.705325
89,86,0.707305
89,87,0.708749
89,88,0.70959
89,89,0.709779
89,90,0.709321
89,91,0.708311
89,92,0.706948
89,93,0.705515
89,94,0.704325
89,95,0.703652
90,0,0.709448
90,1,0.708629
90,2,0.707103
90,3,0.705073
90,4,0.702785
90,5,0.7005
90,6,0.698454
90,7,0.696852
90,8,0.695852
90,9,0.695536
90,10,0.695886
90,11,0.696765
90,12,0.697926
90,13,0.699044
90,14,0.699801
90,15,0.699952
90,16,0.699404
90,17,0.698241
90,18,0.696705
90,19,0.695148
90,20,0.693931
90,21,0.693332
90,22,0.693472
90,23,0.694269
90,24,0.695456
90,25,0.696645
90,26,0.697431
90,27,0.697492
90,28,0.696682
90,29,0.695069
90,30,0.692922
90,31,0.690644
90,32,0.688689
90,33,0.687457
90,34,0.687209
90,35,0.687997
90,36,0.689665
90,37,0.691867
90,38,0.694152
90,39,0.696065
90,40,0.697241
90,41,0.697486
90,42,0.696798
90,43,0.695358
90,44,0.69347
90,45,0.691503
90,46,0.68982
90,47,0.688718
90,48,0.688393
90,49,0.688906
90,50,0.690195
90,51,0.692085
90,52,0.694327
90,53,0.696635
90,54,0.698738
90,55,0.700408
90,56,0.701505
90,57,0.70199
90,58,0.701931
90,59,0.701478
90,60,0.700822
90,61,0.700134
90,62,0.699523
90,63,0.699005
90,64,0.698517
90,65,0.697943
90,66,0.69717
90,67,0.69612
90,68,0.694763
90,69,0.693123
90,70,0.691265
90,71,0.689283
90,72,0.687295
90,73,0.685446
90,74,0.683905
90,75,0.682857
90,76,0.682478
90,77,0.682899
90,78,0.684172
90,79,0.686249
90,80,0.68897
90,81,0.692097
90,82,0.695368
90,83,0.698538
90,84,0.701418
90,85,0.703888
90,86,0.70587
90,87,0.707296
90,88,0.708105
90,89,0.708245
90,90,0.707713
90,91,0.706597
90,92,0.705104
90,93,0.703534
90,94,0.702229
90,95,0.701489
91,0,0.70882
91,1,0.708165
91,2,0.706936
91,3,0.705274
91,4,0.703348
91,5,0.701335
91,6,0.699402
91,7,0.697716
91,8,0.696438
91,9,0.695695
91,10,0.695542
91,11,0.695932
91,12,0.696699
91,13,0.697574
91,14,0.698261
91,15,0.69851
91,16,0.698193
91,17,0.697343
91,18,0.69615
91,19,0.694911
91,20,0.693945
91,21,0.693497
91,22,0.693675
91,23,0.694399
91,24,0.695417
91,25,0.696367
91,26,0.696872
91,27,0.696639
91,28,0.695545
91,29,0.693675
91,30,0.691311
91,31,0.688875
91,32,0.686835
91,33,0.685605
91,34,0.685449
91,35,0.686411
91,36,0.688314
91,37,0.69078
91,38,0.693328
91,39,0.695478
91,40,0.69685
91,41,0.697239
91,42,0.696639
91,43,0.695227
91,44,0.69331
91,45,0.69126
91,46,0.689461
91,47,0.688242
91,48,0.687834
91,49,0.68834
91,50,0.689726
91,51,0.691833
91,52,0.69441
91,53,0.697148
91,54,0.699741
91,55,0.701914
91,56,0.703471
91,57,0.704324
91,58,0.704498
91,59,0.704115
91,60,0.703357
91,61,0.70241
91,62,0.701416
91,63,0.700448
91,64,0.699513
91,65,0.698572
91,66,0.697575
91,67,0.696479
91,68,0.695252
91,69,0.693866
91,70,0.692308
91,71,0.690578
91,72,0.688713
91,73,0.686809
91,74,0.685024
91,75,0.683579
91,76,0.682714
91,77,0.682637
91,78,0.683472
91,79,0.685217
91,80,0.687728
91,81,0.690753
91,82,0.693993
91,83,0.697162
91,84,0.700044
91,85,0.702499
91,86,0.704446
91,87,0.705822
91,88,0.706561
91,89,0.706606
91,90,0.705946
91,91,0.704665
91,92,0.702982
91,93,0.701222
91,94,0.69976
91,95,0.698932
92,0,0.708115
92,1,0.707633
92,2,0.706716
92,3,0.705435
92,4,0.703876
92,5,0.702129
92,6,0.700292
92,7,0.698496
92,8,0.69691
92,9,0.695713
92,10,0.695044
92,11,0.694946
92,12,0.695338
92,13,0.696005
92,14,0.696672
92,15,0.697072
92,16,0.69704
92,17,0.696552
92,18,0.695741
92,19,0.694846
92,20,0.694142
92,21,0.693843
92,22,0.69404
92,23,0.694657
92,24,0.695462
92,25,0.696125
92,26,0.696306
92,27,0.695748
92,28,0.694356
92,29,0.692235
92,30,0.689679
92,31,0.687115
92,32,0.685018
92,33,0.683802
92,34,0.683727
92,35,0.684824
92,36,0.686895
92,37,0.689539
92,38,0.692254
92,39,0.694551
92,40,0.696043
92,41,0.69653
92,42,0.696002
92,43,0.694635
92,44,0.69273
92,45,0.69066
92,46,0.688819
92,47,0.687556
92,48,0.687133
92,49,0.687684
92,50,0.689201
92,51,0.691539
92,52,0.694445
92,53,0.697593
92,54,0.700643
92,55,0.703277
92,56,0.705255
92,57,0.706441
92,58,0.706822
92,59,0.706498
92,60,0.70564
92,61,0.704444
92,62,0.703083
92,63,0.701681
92,64,0.700312
92,65,0.699011
92,66,0.697792
92,67,0.696652
92,68,0.695557
92,69,0.694441
92,70,0.693215
92,71,0.691791
92,72,0.690123
92,73,0.688251
92,74,0.686318
92,75,0.684565
92,76,0.683284
92,77,0.682753
92,78,0.683165
92,79,0.684565
92,80,0.686834
92,81,0.689714
92,82,0.692882
92,83,0.696022
92,84,0.698886
92,85,0.70132
92,86,0.703234
92,87,0.704558
92,88,0.705222
92,89,0.705157
92,90,0.704345
92,91,0.702871
92,92,0.700966
92,93,0.698989
92,94,0.697351
92,95,0.696424
93,0,0.707414
93,1,0.707093
93,2,0.706462
93,3,0.705529
93,4,0.704301
93,5,0.702787
93,6,0.701024
93,7,0.699113
93,8,0.697236
93,9,0.695623
93,10,0.694491
93,11,0.693969
93,12,0.694049
93,13,0.694564
93,14,0.695251
93,15,0.695825
93,16,0.69608
93,17,0.695941
93,18,0.695485
93,19,0.694904
93,20,0.694431
93,21,0.694254
93,22,0.694452
93,23,0.69495
93,24,0.695537
93,25,0.695916
93,26,0.695785
93,27,0.694922
93,28,0.693259
93,29,0.69092
93,30,0.688206
93,31,0.685546
93,32,0.683413
93,33,0.682216
93,34,0.682206
93,35,0.683398
93,36,0.685577
93,37,0.688326
93,38,0.691133
93,39,0.693504
93,40,0.69506
93,41,0.695604
93,42,0.695131
93,43,0.693813
93,44,0.691946
93,45,0.689896
93,46,0.68806
93,47,0.686802
93,48,0.686406
93,49,0.687027
93,50,0.688682
93,51,0.691234
93,52,0.694433
93,53,0.697935
93,54,0.701375
93,55,0.7044
93,56,0.706731
93,57,0.708196
93,58,0.708751
93,59,0.708475
93,60,0.707529
93,61,0.706118
93,62,0.704439
93,63,0.702657
93,64,0.700905
93,65,0.699283
93,66,0.697862
93,67,0.696675
93,68,0.695697
93,69,0.694826
93,70,0.693913
93,71,0.692792
93,72,0.691346
93,73,0.689561
93,74,0.687557
93,75,0.685588
93,76,0.683985
93,77,0.683079
93,78,0.683123
93,79,0.68421
93,80,0.686245
93,81,0.688975
93,82,0.692062
93,83,0.695166
93,84,0.698016
93,85,0.700439
93,86,0.702335
93,87,0.703624
93,88,0.704226
93,89,0.704062
93,90,0.703105
93,91,0.701443
93,92,0.699325
93,93,0.697137
93,94,0.69533
93,95,0.694308
94,0,0.706838
94,1,0.706642
94,2,0.706232
94,3,0.705567
94,4,0.70459
94,5,0.70325
94,6,0.701536
94,7,0.699531
94,8,0.697427
94,9,0.695496
94,10,0.694016
94,11,0.693184
94,12,0.693043
94,13,0.693464
94,14,0.694187
94,15,0.694912
94,16,0.695401
94,17,0.695535
94,18,0.695353
94,19,0.695009
94,20,0.694706
94,21,0.694613
94,22,0.694799
94,23,0.695195
94,24,0.695605
94,25,0.695758
94,26,0.69538
94,27,0.694281
94,28,0.692413
94,29,0.689912
94,30,0.687085
94,31,0.684361
94,32,0.682207
94,33,0.681026
94,34,0.681059
94,35,0.68231
94,36,0.68455
94,37,0.687352
94,38,0.6902
94,39,0.692602
94,40,0.694184
94,41,0.694758
94,42,0.694323
94,43,0.693047
94,44,0.69122
94,45,0.689204
94,46,0.687393
94,47,0.68616
94,48,0.685801
94,49,0.686491
94,50,0.688259
94,51,0.690978
94,52,0.694397
94,53,0.698162
94,54,0.701889
94,55,0.705201
94,56,0.707791
94,57,0.709459
94,58,0.71014
94,59,0.709898
94,60,0.708887
94,61,0.707317
94,62,0.705401
94,63,0.703336
94,64,0.701297
94,65,0.699429
94,66,0.697851
94,67,0.696624
94,68,0.695729
94,69,0.695043
94,70,0.694372
94,71,0.693495
94,72,0.692239
94,73,0.690548
94,74,0.688523
94,75,0.686421
94,76,0.684598
94,77,0.683426
94,78,0.683199
94,79,0.684048
94,80,0.6859
94,81,0.688509
94,82,0.691529
94,83,0.694605
94,84,0.697449
94,85,0.699873
94,86,0.701766
94,87,0.703039
94,88,0.703601
94,89,0.703365
94,90,0.702296
94,91,0.700489
94,92,0.698202
94,93,0.695849
94,94,0.693909
94,95,0.692813
95,0,0.706513
95,1,0.706384
95,2,0.706095
95,3,0.705575
95,4,0.704735
95,5,0.703488
95,6,0.701799
95,7,0.69974
95,8,0.697512
95,9,0.695409
95,10,0.693743
95,11,0.692746
95,12,0.692493
95,13,0.692869
95,14,0.693619
95,15,0.694432
95,16,0.695052
95,17,0.695336
95,18,0.695302
95,19,0.695084
95,20,0.69487
95,21,0.694818
95,22,0.694995
95,23,0.695332
95,24,0.695643
95,25,0.69567
95,26,0.695158
95,27,0.69393
95,28,0.691951
95,29,0.689364
95,30,0.686479
95,31,0.683723
95,32,0.681559
95,33,0.680387
95,34,0.680442
95,35,0.681721
95,36,0.683988
95,37,0.686812
95,38,0.689673
95,39,0.692083
95,40,0.693673
95,41,0.694259
95,42,0.693842
95,43,0.69259
95,44,0.690789
95,45,0.688796
95,46,0.687005
95,47,0.68579
95,48,0.685457
95,49,0.686188
95,50,0.688019
95,51,0.69083
95,52,0.694367
95,53,0.698273
95,54,0.702154
95,55,0.705618
95,56,0.708345
95,57,0.710121
95,58,0.710869
95,59,0.710645
95,60,0.7096
95,61,0.707946
95,62,0.705904
95,63,0.703687
95,64,0.701492
95,65,0.699492
95,66,0.697826
95,67,0.696575
95,68,0.695722
95,69,0.695134
95,70,0.694595
95,71,0.693854
95,72,0.692707
95,73,0.691076
95,74,0.689049
95,75,0.686885
95,76,0.684952
95,77,0.683641
95,78,0.683271
95,79,0.683992
95,80,0.685743
95,81,0.688285
95,82,0.691268
95,83,0.69433
95,84,0.697174
95,85,0.699602
95,86,0.701498
95,87,0.702767
95,88,0.70331
95,89,0.703036
95,90,0.701908
95,91,0.70002
95,92,0.697641
95,93,0.695197
95,94,0.693184
95,95,0.692047
