path_id,endpoint,clock_domain,slack_ns,delay_ns,inst_ids
0,u_seq_core.addr_q[8]$_DFFE_PN0P_,clk_core,4.37,-0.91,3607;3616;3618;3630;6817;6829;6830;6835;9897;11052;11068;11093;11103;11134;19276;29073;29074;29075;29076;29077;29078;29079;29081;29082
1,u_seq_core.addr_q[12]$_DFFE_PN0P_,clk_core,4.37,-0.91,3607;3616;3618;3631;6817;6829;6830;6835;9897;11052;11068;11093;11103;11134;19276;29073;29074;29075;29076;29077;29078;29079;29081;29082
2,u_seq_core.addr_q[15]$_DFFE_PN0P_,clk_core,4.37,-0.91,3607;3616;3618;3631;6817;6829;6830;6835;9897;11052;11068;11093;11103;11134;19276;29073;29074;29075;29076;29077;29078;29079;29081;29082
3,u_seq_core.addr_q[16]$_DFFE_PN0P_,clk_core,4.37,-0.91,3607;3616;3618;3631;6817;6829;6830;6835;9897;11052;11068;11093;11103;11134;19276;29073;29074;29075;29076;29077;29078;29079;29081;29082
4,u_seq_core.addr_q[1]$_DFFE_PN0P_,clk_core,4.37,-0.91,3607;3616;3618;3631;6817;6829;6830;6835;9897;11052;11068;11093;11103;11134;19276;29073;29074;29075;29076;29077;29078;29079;29081;29082
5,u_seq_core.addr_q[23]$_DFFE_PN0P_,clk_core,4.37,-0.91,3607;3616;3618;3631;6817;6829;6830;6835;9897;11052;11068;11093;11103;11134;19276;29073;29074;29075;29076;29077;29078;29079;29081;29082
6,u_seq_core.addr_q[28]$_DFFE_PN0P_,clk_core,4.37,-0.91,3607;3616;3618;3631;6817;6829;6830;6835;9897;11052;11068;11093;11103;11134;19276;29073;29074;29075;29076;29077;29078;29079;29081;29082
7,u_seq_core.addr_q[17]$_DFFE_PN0P_,clk_core,4.37,-0.91,3607;3616;3618;3627;6817;6829;6830;6835;9897;11052;11068;11093;11103;11134;19276;29073;29074;29075;29076;29077;29078;29079;29081;29082
8,u_seq_core.addr_q[22]$_DFFE_PN0P_,clk_core,4.37,-0.91,3607;3616;3618;3627;6817;6829;6830;6835;9897;11052;11068;11093;11103;11134;19276;29073;29074;29075;29076;29077;29078;29079;29081;29082
9,u_seq_core.addr_q[24]$_DFFE_PN0P_,clk_core,4.37,-0.91,3607;3616;3618;3627;6817;6829;6830;6835;9897;11052;11068;11093;11103;11134;19276;29073;29074;29075;29076;29077;29078;29079;29081;29082
10,u_seq_core.addr_q[25]$_DFFE_PN0P_,clk_core,4.37,-0.91,3607;3616;3618;3627;6817;6829;6830;6835;9897;11052;11068;11093;11103;11134;19276;29073;29074;29075;29076;29077;29078;29079;29081;29082
11,u_seq_core.addr_q[27]$_DFFE_PN0P_,clk_core,4.37,-0.91,3607;3616;3618;3627;6817;6829;6830;6835;9897;11052;11068;11093;11103;11134;19276;29073;29074;29075;29076;29077;29078;29079;29081;29082
12,u_seq_core.addr_q[30]$_DFFE_PN0P_,clk_core,4.37,-0.91,3607;3616;3618;3627;6817;6829;6830;6835;9897;11052;11068;11093;11103;11134;19276;29073;29074;29075;29076;29077;29078;29079;29081;29082
13,u_seq_core.addr_q[20]$_DFFE_PN0P_,clk_core,4.38,-0.91,3610;3616;3618;3625;6817;6829;6830;6835;9897;11052;11068;11093;11103;11134;19276;29073;29074;29075;29076;29077;29078;29079;29081;29082
14,c_cmd_addr[15]$_DFFE_PN0N_,clk_core,4.42,-0.91,6817;6823;6829;9897;11052;11068;11093;11103;11134;29073;29074;29075;29076;29077;29078;29079;29081;29082
15,c_cmd_addr[22]$_DFFE_PN0N_,clk_core,4.42,-0.91,6817;6823;6829;9897;11052;11068;11093;11103;11134;29073;29074;29075;29076;29077;29078;29079;29081;29082
16,c_cmd_addr[23]$_DFFE_PN0N_,clk_core,4.42,-0.91,6817;6823;6829;9897;11052;11068;11093;11103;11134;29073;29074;29075;29076;29077;29078;29079;29081;29082
17,c_cmd_addr[24]$_DFFE_PN0N_,clk_core,4.42,-0.91,6817;6823;6829;9897;11052;11068;11093;11103;11134;29073;29074;29075;29076;29077;29078;29079;29081;29082
18,c_cmd_addr[27]$_DFFE_PN0N_,clk_core,4.42,-0.91,6817;6823;6829;9897;11052;11068;11093;11103;11134;29073;29074;29075;29076;29077;29078;29079;29081;29082
19,c_cmd_addr[28]$_DFFE_PN0N_,clk_core,4.42,-0.91,6817;6823;6829;9897;11052;11068;11093;11103;11134;29073;29074;29075;29076;29077;29078;29079;29081;29082
20,c_cmd_addr[30]$_DFFE_PN0N_,clk_core,4.42,-0.91,6817;6823;6829;9897;11052;11068;11093;11103;11134;29073;29074;29075;29076;29077;29078;29079;29081;29082
21,c_cmd_addr[8]$_DFFE_PN0N_,clk_core,4.42,-0.91,6817;6823;6829;9897;11052;11068;11093;11103;11134;29073;29074;29075;29076;29077;29078;29079;29081;29082
22,u_dma_fabric.rbeat_data[14]$_DFFE_PN0P_,clk_core,4.44,-0.83,3439;3612;3618;5767;6817;6829;6830;6835;9897;11841;11902;12022;12027;19276;29073;29074;29075;29076;29077;29078;29079;29081;29082
23,u_dma_fabric.rbeat_data[18]$_DFFE_PN0P_,clk_core,4.44,-0.83,3439;3612;3618;5767;6817;6829;6830;6835;9897;11841;11902;12022;12027;19276;29073;29074;29075;29076;29077;29078;29079;29081;29082
24,u_dma_fabric.rbeat_data[21]$_DFFE_PN0P_,clk_core,4.44,-0.83,3439;3612;3618;5767;6817;6829;6830;6835;9897;11841;11902;12022;12027;19276;29073;29074;29075;29076;29077;29078;29079;29081;29082
25,u_dma_fabric.rbeat_data[22]$_DFFE_PN0P_,clk_core,4.44,-0.83,3439;3612;3618;5767;6817;6829;6830;6835;9897;11841;11902;12022;12027;19276;29073;29074;29075;29076;29077;29078;29079;29081;29082
26,u_dma_fabric.rbeat_data[26]$_DFFE_PN0P_,clk_core,4.44,-0.83,3439;3612;3618;5767;6817;6829;6830;6835;9897;11841;11902;12022;12027;19276;29073;29074;29075;29076;29077;29078;29079;29081;29082
27,u_dma_fabric.rbeat_data[30]$_DFFE_PN0P_,clk_core,4.44,-0.83,3439;3612;3618;5767;6817;6829;6830;6835;9897;11841;11902;12022;12027;19276;29073;29074;29075;29076;29077;29078;29079;29081;29082
28,u_dma_fabric.rbeat_data[16]$_DFFE_PN0P_,clk_core,4.44,-0.83,3439;3612;3618;5763;6817;6829;6830;6835;9897;11841;11902;12022;12027;19276;29073;29074;29075;29076;29077;29078;29079;29081;29082
29,u_dma_fabric.rbeat_data[31]$_DFFE_PN0P_,clk_core,4.44,-0.83,3439;3612;3618;5763;6817;6829;6830;6835;9897;11841;11902;12022;12027;19276;29073;29074;29075;29076;29077;29078;29079;29081;29082
30,u_dma_fabric.rbeat_data[6]$_DFFE_PN0P_,clk_core,4.44,-0.83,3439;3612;3618;5763;6817;6829;6830;6835;9897;11841;11902;12022;12027;19276;29073;29074;29075;29076;29077;29078;29079;29081;29082
31,u_dma_fabric.rbeat_data[4]$_DFFE_PN0P_,clk_core,4.44,-0.83,3447;3612;3618;5645;6817;6829;6830;6835;9897;11841;11902;12022;12027;19276;29073;29074;29075;29076;29077;29078;29079;29081;29082
32,u_dma_fabric.rbeat_data[28]$_DFFE_PN0P_,clk_core,4.44,-0.83,3439;3612;3618;5737;6817;6829;6830;6835;9897;11841;11902;12022;12027;19276;29073;29074;29075;29076;29077;29078;29079;29081;29082
33,u_dma_fabric.rbeat_data[5]$_DFFE_PN0P_,clk_core,4.44,-0.83,3447;3612;3618;5616;6817;6829;6830;6835;9897;11841;11902;12022;12027;19276;29073;29074;29075;29076;29077;29078;29079;29081;29082
34,u_dma_fabric.rbeat_data[25]$_DFFE_PN0P_,clk_core,4.45,-0.83,3450;3612;3618;5358;6817;6829;6830;6835;9897;11841;11902;12022;12027;19276;29073;29074;29075;29076;29077;29078;29079;29081;29082
35,u_dma_fabric.rbeat_data[10]$_DFFE_PN0P_,clk_core,4.45,-0.83,3444;3612;3618;5752;6817;6829;6830;6835;9897;11841;11902;12022;12027;19276;29073;29074;29075;29076;29077;29078;29079;29081;29082
36,u_dma_fabric.rbeat_data[23]$_DFFE_PN0P_,clk_core,4.45,-0.83,3444;3612;3618;5752;6817;6829;6830;6835;9897;11841;11902;12022;12027;19276;29073;29074;29075;29076;29077;29078;29079;29081;29082
37,u_dma_fabric.rbeat_data[2]$_DFFE_PN0P_,clk_core,4.45,-0.83,3444;3612;3618;5752;6817;6829;6830;6835;9897;11841;11902;12022;12027;19276;29073;29074;29075;29076;29077;29078;29079;29081;29082
38,u_dma_fabric.rbeat_data[13]$_DFFE_PN0P_,clk_core,4.45,-0.83,3441;3612;3618;5728;6817;6829;6830;6835;9897;11841;11902;12022;12027;19276;29073;29074;29075;29076;29077;29078;29079;29081;29082
39,u_dma_fabric.rbeat_data[29]$_DFFE_PN0P_,clk_core,4.45,-0.83,3441;3612;3618;5728;6817;6829;6830;6835;9897;11841;11902;12022;12027;19276;29073;29074;29075;29076;29077;29078;29079;29081;29082
40,u_dma_fabric.rbeat_data[7]$_DFFE_PN0P_,clk_core,4.45,-0.83,3444;3612;3618;5755;6817;6829;6830;6835;9897;11841;11902;12022;12027;19276;29073;29074;29075;29076;29077;29078;29079;29081;29082
41,u_dma_fabric.rbeat_data[8]$_DFFE_PN0P_,clk_core,4.45,-0.83,3444;3612;3618;5755;6817;6829;6830;6835;9897;11841;11902;12022;12027;19276;29073;29074;29075;29076;29077;29078;29079;29081;29082
42,u_seq_core.addr_q[0]$_DFFE_PN0P_,clk_core,4.5,-0.79,3533;3616;3618;3633;6817;6829;6830;6835;9897;11052;11093;11103;11134;19276;29073;29074;29075;29076;29077;29078;29079;29081;29082
43,u_seq_core.addr_q[29]$_DFFE_PN0P_,clk_core,4.5,-0.79,3533;3616;3618;3633;6817;6829;6830;6835;9897;11052;11093;11103;11134;19276;29073;29074;29075;29076;29077;29078;29079;29081;29082
44,u_seq_core.addr_q[6]$_DFFE_PN0P_,clk_core,4.5,-0.79,3533;3616;3618;3633;6817;6829;6830;6835;9897;11052;11093;11103;11134;19276;29073;29074;29075;29076;29077;29078;29079;29081;29082
45,u_seq_core.addr_q[9]$_DFFE_PN0P_,clk_core,4.5,-0.79,3533;3616;3618;3633;6817;6829;6830;6835;9897;11052;11093;11103;11134;19276;29073;29074;29075;29076;29077;29078;29079;29081;29082
46,u_seq_core.addr_q[18]$_DFFE_PN0P_,clk_core,4.5,-0.79,3528;3616;3618;6787;6817;6829;6830;6835;9897;11052;11093;11103;11134;19276;29073;29074;29075;29076;29077;29078;29079;29081;29082
47,u_seq_core.addr_q[21]$_DFFE_PN0P_,clk_core,4.5,-0.79,3528;3616;3618;6787;6817;6829;6830;6835;9897;11052;11093;11103;11134;19276;29073;29074;29075;29076;29077;29078;29079;29081;29082
48,u_seq_core.addr_q[26]$_DFFE_PN0P_,clk_core,4.5,-0.79,3528;3616;3618;6787;6817;6829;6830;6835;9897;11052;11093;11103;11134;19276;29073;29074;29075;29076;29077;29078;29079;29081;29082
49,u_seq_core.addr_q[4]$_DFFE_PN0P_,clk_core,4.5,-0.79,3528;3616;3618;6787;6817;6829;6830;6835;9897;11052;11093;11103;11134;19276;29073;29074;29075;29076;29077;29078;29079;29081;29082
50,u_seq_core.addr_q[7]$_DFFE_PN0P_,clk_core,4.5,-0.79,3528;3616;3618;6787;6817;6829;6830;6835;9897;11052;11093;11103;11134;19276;29073;29074;29075;29076;29077;29078;29079;29081;29082
51,u_seq_core.addr_q[19]$_DFFE_PN0P_,clk_core,4.5,-0.79,3528;3616;3618;6791;6817;6829;6830;6835;9897;11052;11093;11103;11134;19276;29073;29074;29075;29076;29077;29078;29079;29081;29082
52,u_seq_core.addr_q[14]$_DFFE_PN0P_,clk_core,4.5,-0.79,3528;3616;3618;6790;6817;6829;6830;6835;9897;11052;11093;11103;11134;19276;29073;29074;29075;29076;29077;29078;29079;29081;29082
53,u_seq_core.addr_q[31]$_DFFE_PN0P_,clk_core,4.5,-0.79,3528;3616;3618;6790;6817;6829;6830;6835;9897;11052;11093;11103;11134;19276;29073;29074;29075;29076;29077;29078;29079;29081;29082
54,u_seq_core.addr_q[11]$_DFFE_PN0P_,clk_core,4.51,-0.79,3519;3616;3618;6777;6817;6829;6830;6835;9897;11052;11093;11103;11134;19276;29073;29074;29075;29076;29077;29078;29079;29081;29082
55,c_cmd_addr[0]$_DFFE_PN0N_,clk_core,4.55,-0.79,6817;6823;6829;9897;11052;11093;11103;11134;29073;29074;29075;29076;29077;29078;29079;29081;29082
56,c_cmd_addr[14]$_DFFE_PN0N_,clk_core,4.55,-0.79,6817;6819;6829;9897;11052;11093;11103;11134;29073;29074;29075;29076;29077;29078;29079;29081;29082
57,c_cmd_addr[29]$_DFFE_PN0N_,clk_core,4.55,-0.79,6817;6823;6829;9897;11052;11093;11103;11134;29073;29074;29075;29076;29077;29078;29079;29081;29082
58,c_cmd_addr[12]$_DFFE_PN0N_,clk_core,4.55,-0.79,6817;6821;6829;9897;11052;11093;11103;11134;29073;29074;29075;29076;29077;29078;29079;29081;29082
59,c_cmd_addr[19]$_DFFE_PN0N_,clk_core,4.55,-0.79,6817;6821;6829;9897;11052;11093;11103;11134;29073;29074;29075;29076;29077;29078;29079;29081;29082
60,c_cmd_addr[1]$_DFFE_PN0N_,clk_core,4.55,-0.79,6817;6821;6829;9897;11052;11093;11103;11134;29073;29074;29075;29076;29077;29078;29079;29081;29082
61,c_cmd_addr[21]$_DFFE_PN0N_,clk_core,4.55,-0.79,6817;6821;6829;9897;11052;11093;11103;11134;29073;29074;29075;29076;29077;29078;29079;29081;29082
62,c_cmd_addr[26]$_DFFE_PN0N_,clk_core,4.55,-0.79,6817;6821;6829;9897;11052;11093;11103;11134;29073;29074;29075;29076;29077;29078;29079;29081;29082
63,c_cmd_addr[6]$_DFFE_PN0N_,clk_core,4.55,-0.79,6817;6821;6829;9897;11052;11093;11103;11134;29073;29074;29075;29076;29077;29078;29079;29081;29082
64,c_cmd_addr[7]$_DFFE_PN0N_,clk_core,4.55,-0.79,6817;6821;6829;9897;11052;11093;11103;11134;29073;29074;29075;29076;29077;29078;29079;29081;29082
65,g_chan[0].u_cdc_chr.rd_empty$_DFF_PN1_,clk_core,4.56,-0.72,3450;3612;3618;5358;6817;6829;6830;6835;9897;11902;12022;12027;19276;29073;29074;29075;29076;29077;29078;29079;29081;29082
66,u_dma_fabric.rbeat_data[11]$_DFFE_PN0P_,clk_core,4.56,-0.72,3448;3612;3618;5442;6817;6829;6830;6835;9897;11902;12022;12027;19276;29073;29074;29075;29076;29077;29078;29079;29081;29082
67,u_dma_fabric.rbeat_data[15]$_DFFE_PN0P_,clk_core,4.56,-0.72,3448;3612;3618;5360;6817;6829;6830;6835;9897;11902;12022;12027;19276;29073;29074;29075;29076;29077;29078;29079;29081;29082
68,u_dma_fabric.rbeat_data[19]$_DFFE_PN0P_,clk_core,4.56,-0.72,3448;3612;3618;5360;6817;6829;6830;6835;9897;11902;12022;12027;19276;29073;29074;29075;29076;29077;29078;29079;29081;29082
69,u_dma_fabric.rbeat_data[3]$_DFFE_PN0P_,clk_core,4.56,-0.72,3448;3612;3618;5360;6817;6829;6830;6835;9897;11902;12022;12027;19276;29073;29074;29075;29076;29077;29078;29079;29081;29082
70,u_dma_fabric.rbeat_data[1]$_DFFE_PN0P_,clk_core,4.56,-0.72,3450;3612;3618;5366;6817;6829;6830;6835;9897;11902;12022;12027;19276;29073;29074;29075;29076;29077;29078;29079;29081;29082
71,u_dma_fabric.rbeat_data[27]$_DFFE_PN0P_,clk_core,4.56,-0.72,3450;3612;3618;5366;6817;6829;6830;6835;9897;11902;12022;12027;19276;29073;29074;29075;29076;29077;29078;29079;29081;29082
72,u_dma_fabric.rbeat_valid$_DFFE_PN0P_,clk_core,4.56,-0.72,3450;3612;3618;5366;6817;6829;6830;6835;9897;11902;12022;12027;19276;27142;29073;29074;29075;29076;29077;29078;29079;29081;29082
73,u_dma_fabric.rbeat_data[17]$_DFFE_PN0P_,clk_core,4.56,-0.72,3450;3612;3618;5358;6817;6829;6830;6835;9897;11902;12022;12027;19276;29073;29074;29075;29076;29077;29078;29079;29081;29082
74,u_dma_fabric.rbeat_data[24]$_DFFE_PN0P_,clk_core,4.56,-0.72,3450;3612;3618;5358;6817;6829;6830;6835;9897;11902;12022;12027;19276;29073;29074;29075;29076;29077;29078;29079;29081;29082
75,u_dma_fabric.rr_ptr$_DFFE_PN0P_,clk_core,4.56,-0.72,3450;3612;3618;5358;6817;6829;6830;6835;9897;11902;12022;12027;19276;27143;29073;29074;29075;29076;29077;29078;29079;29081;29082
76,u_dma_fabric.rbeat_data[20]$_DFFE_PN0P_,clk_core,4.57,-0.72,3450;3612;3618;5363;6817;6829;6830;6835;9897;11902;12022;12027;19276;29073;29074;29075;29076;29077;29078;29079;29081;29082
77,u_dma_fabric.rbeat_data[9]$_DFFE_PN0P_,clk_core,4.57,-0.72,3450;3612;3618;5363;6817;6829;6830;6835;9897;11902;12022;12027;19276;29073;29074;29075;29076;29077;29078;29079;29081;29082
78,g_chan[1].u_cdc_chr.rd_empty$_DFF_PN1_,clk_core,4.57,-0.72,3492;3615;3618;5356;6817;6829;6830;6835;9897;11902;12022;12027;19276;29073;29074;29075;29076;29077;29078;29079;29081;29082
79,g_chan[1].u_cdc_chr.rbin[4]$_DFF_PN0_,clk_core,4.57,-0.72,3492;3615;3618;5301;6817;6829;6830;6835;9897;11902;12022;12027;19276;29073;29074;29075;29076;29077;29078;29079;29081;29082
80,g_chan[1].u_cdc_chr.rgray[1]$_DFF_PN0_,clk_core,4.57,-0.72,3492;3615;3618;5301;6817;6829;6830;6835;9897;11902;12022;12027;19276;29073;29074;29075;29076;29077;29078;29079;29081;29082
81,g_chan[1].u_cdc_chr.rq1_wgray[1]$_DFF_PN0_,clk_core,4.57,-0.72,3492;3615;3618;5325;6817;6829;6830;6835;9897;11902;12022;12027;19276;29073;29074;29075;29076;29077;29078;29079;29081;29082
82,g_chan[1].u_cdc_chr.rq1_wgray[4]$_DFF_PN0_,clk_core,4.57,-0.72,3492;3615;3618;5325;6817;6829;6830;6835;9897;11902;12022;12027;19276;29073;29074;29075;29076;29077;29078;29079;29081;29082
83,g_chan[1].u_cdc_chr.rq2_wgray[1]$_DFF_PN0_,clk_core,4.57,-0.72,3492;3615;3618;5325;6817;6829;6830;6835;9897;11902;12022;12027;19276;29073;29074;29075;29076;29077;29078;29079;29081;29082
84,g_chan[1].u_cdc_chr.rbin[0]$_DFF_PN0_,clk_core,4.57,-0.72,3492;3615;3618;5356;6817;6829;6830;6835;9897;11902;12022;12027;19276;29073;29074;29075;29076;29077;29078;29079;29081;29082
85,g_chan[1].u_cdc_chr.rbin[2]$_DFF_PN0_,clk_core,4.57,-0.72,3492;3615;3618;5356;6817;6829;6830;6835;9897;11902;12022;12027;19276;29073;29074;29075;29076;29077;29078;29079;29081;29082
86,g_chan[1].u_cdc_chr.rbin[3]$_DFF_PN0_,clk_core,4.57,-0.72,3492;3615;3618;5356;6817;6829;6830;6835;9897;11902;12022;12027;19276;29073;29074;29075;29076;29077;29078;29079;29081;29082
87,g_chan[1].u_cdc_chr.rgray[0]$_DFF_PN0_,clk_core,4.57,-0.72,3492;3615;3618;5356;6817;6829;6830;6835;9897;11902;12022;12027;19276;29073;29074;29075;29076;29077;29078;29079;29081;29082
88,u_dma_fabric.rbeat_data[0]$_DFFE_PN0P_,clk_core,4.57,-0.72,3492;3615;3618;5356;6817;6829;6830;6835;9897;11902;12022;12027;19276;29073;29074;29075;29076;29077;29078;29079;29081;29082
89,u_dma_fabric.rbeat_data[12]$_DFFE_PN0P_,clk_core,4.57,-0.72,3492;3615;3618;5356;6817;6829;6830;6835;9897;11902;12022;12027;19276;29073;29074;29075;29076;29077;29078;29079;29081;29082
90,g_chan[1].u_cdc_chr.rbin[1]$_DFF_PN0_,clk_core,4.57,-0.72,3492;3615;3618;5352;6817;6829;6830;6835;9897;11902;12022;12027;19276;29073;29074;29075;29076;29077;29078;29079;29081;29082
91,g_chan[1].u_cdc_chr.rq1_wgray[0]$_DFF_PN0_,clk_core,4.57,-0.72,3492;3615;3618;5352;6817;6829;6830;6835;9897;11902;12022;12027;19276;29073;29074;29075;29076;29077;29078;29079;29081;29082
92,g_chan[1].u_cdc_chr.rq2_wgray[0]$_DFF_PN0_,clk_core,4.57,-0.72,3492;3615;3618;5352;6817;6829;6830;6835;9897;11902;12022;12027;19276;29073;29074;29075;29076;29077;29078;29079;29081;29082
93,u_seq_core.beats_left[5]$_DFFE_PN0P_,clk_core,4.58,-0.71,3528;3616;3618;6762;6817;6829;6830;6835;9897;11093;11103;11134;19276;29073;29074;29075;29076;29077;29078;29079;29081;29082
94,u_seq_core.beats_left[10]$_DFFE_PN0P_,clk_core,4.58,-0.71,3528;3616;3618;3619;6817;6829;6830;6835;9897;11093;11103;11134;19276;29073;29074;29075;29076;29077;29078;29079;29081;29082
95,u_seq_core.beats_left[30]$_DFFE_PN0P_,clk_core,4.58,-0.71,3528;3616;3618;3619;6817;6829;6830;6835;9897;11093;11103;11134;19276;29073;29074;29075;29076;29077;29078;29079;29081;29082
96,u_seq_core.beats_left[31]$_DFFE_PN0P_,clk_core,4.58,-0.71,3528;3616;3618;3619;6817;6829;6830;6835;9897;11093;11103;11134;19276;29073;29074;29075;29076;29077;29078;29079;29081;29082
97,u_ecc_engine.vpipe[0]$_DFF_PN0_,clk_core,4.58,-0.71,3528;3616;3618;6763;6817;6829;6830;6835;9897;11093;11103;11134;19276;29073;29074;29075;29076;29077;29078;29079;29081;29082
98,u_ecc_engine.vpipe[1]$_DFF_PN0_,clk_core,4.58,-0.71,3528;3616;3618;6763;6817;6829;6830;6835;9897;11093;11103;11134;19276;29073;29074;29075;29076;29077;29078;29079;29081;29082
99,u_ecc_engine.vpipe[2]$_DFF_PN0_,clk_core,4.58,-0.71,3528;3616;3618;6763;6817;6829;6830;6835;9897;11093;11103;11134;19276;29073;29074;29075;29076;29077;29078;29079;29081;29082
100,u_seq_core.beats_left[0]$_DFFE_PN0P_,clk_core,4.58,-0.71,3528;3616;3618;6794;6817;6829;6830;6835;9897;11093;11103;11134;19276;29073;29074;29075;29076;29077;29078;29079;29081;29082
101,u_seq_core.beats_left[2]$_DFFE_PN0P_,clk_core,4.58,-0.71,3528;3616;3618;6794;6817;6829;6830;6835;9897;11093;11103;11134;19276;29073;29074;29075;29076;29077;29078;29079;29081;29082
102,u_seq_core.beats_left[3]$_DFFE_PN0P_,clk_core,4.58,-0.71,3528;3616;3618;6794;6817;6829;6830;6835;9897;11093;11103;11134;19276;29073;29074;29075;29076;29077;29078;29079;29081;29082
103,u_seq_core.beats_left[4]$_DFFE_PN0P_,clk_core,4.58,-0.71,3528;3616;3618;6794;6817;6829;6830;6835;9897;11093;11103;11134;19276;29073;29074;29075;29076;29077;29078;29079;29081;29082
104,u_seq_core.beats_left[6]$_DFFE_PN0P_,clk_core,4.58,-0.71,3528;3616;3618;6794;6817;6829;6830;6835;9897;11093;11103;11134;19276;29073;29074;29075;29076;29077;29078;29079;29081;29082
105,u_seq_core.ecc_en_q$_DFFE_PN0P_,clk_core,4.58,-0.71,3528;3616;3618;6763;6817;6829;6830;6835;9897;11093;11103;11134;19276;27410;29073;29074;29075;29076;29077;29078;29079;29081;29082
106,u_seq_core.state[0]$_DFFE_PN0P_,clk_core,4.58,-0.71,3528;3616;3618;6794;6817;6829;6830;6835;9897;11093;11103;11134;19276;29073;29074;29075;29076;29077;29078;29079;29081;29082
107,u_seq_core.state[2]$_DFFE_PN0P_,clk_core,4.58,-0.71,3528;3616;3618;6763;6817;6829;6830;6835;9897;11093;11103;11134;19276;29073;29074;29075;29076;29077;29078;29079;29081;29082
108,u_seq_core.state[1]$_DFFE_PN0P_,clk_core,4.58,-0.71,3528;3616;3618;6787;6817;6829;6830;6835;9897;11093;11103;11134;19276;29073;29074;29075;29076;29077;29078;29079;29081;29082
109,u_seq_core.beats_left[1]$_DFFE_PN0P_,clk_core,4.58,-0.71,3528;3616;3618;6791;6817;6829;6830;6835;9897;11093;11103;11134;19276;29073;29074;29075;29076;29077;29078;29079;29081;29082
110,u_seq_core.beats_left[28]$_DFFE_PN0P_,clk_core,4.58,-0.71,3528;3616;3618;6791;6817;6829;6830;6835;9897;11093;11103;11134;19276;29073;29074;29075;29076;29077;29078;29079;29081;29082
111,u_seq_core.beats_left[29]$_DFFE_PN0P_,clk_core,4.58,-0.71,3528;3616;3618;6791;6817;6829;6830;6835;9897;11093;11103;11134;19276;29073;29074;29075;29076;29077;29078;29079;29081;29082
112,u_seq_core.beats_left[26]$_DFFE_PN0P_,clk_core,4.58,-0.71,3533;3616;3618;3624;6817;6829;6830;6835;9897;11093;11103;11134;19276;29073;29074;29075;29076;29077;29078;29079;29081;29082
113,u_seq_core.beats_left[27]$_DFFE_PN0P_,clk_core,4.58,-0.71,3533;3616;3618;3624;6817;6829;6830;6835;9897;11093;11103;11134;19276;29073;29074;29075;29076;29077;29078;29079;29081;29082
114,g_chan[0].u_cdc_chcmd.wbin[3]$_DFF_PN0_,clk_core,4.59,-0.69,3478;3613;3618;6734;6817;6829;6830;6835;9897;11075;11077;19276;29073;29074;29075;29076;29077;29078;29079;29081;29082
115,g_chan[0].u_cdc_chcmd.wbin[0]$_DFF_PN0_,clk_core,4.59,-0.69,3515;3616;3618;6735;6817;6829;6830;6835;9897;11075;11077;19276;29073;29074;29075;29076;29077;29078;29079;29081;29082
116,g_chan[0].u_cdc_chcmd.wbin[1]$_DFF_PN0_,clk_core,4.59,-0.69,3515;3616;3618;6735;6817;6829;6830;6835;9897;11075;11077;19276;29073;29074;29075;29076;29077;29078;29079;29081;29082
117,g_chan[0].u_cdc_chcmd.wbin[2]$_DFF_PN0_,clk_core,4.59,-0.69,3515;3616;3618;6735;6817;6829;6830;6835;9897;11075;11077;19276;29073;29074;29075;29076;29077;29078;29079;29081;29082
118,u_seq_core.addr_q[13]$_DFFE_PN0P_,clk_core,4.59,-0.69,3515;3616;3618;6747;6817;6829;6830;6835;9897;11075;11077;19276;29073;29074;29075;29076;29077;29078;29079;29081;29082
119,u_seq_core.addr_q[2]$_DFFE_PN0P_,clk_core,4.59,-0.69,3515;3616;3618;6747;6817;6829;6830;6835;9897;11075;11077;19276;29073;29074;29075;29076;29077;29078;29079;29081;29082
120,u_seq_core.addr_q[3]$_DFFE_PN0P_,clk_core,4.59,-0.69,3515;3616;3618;6747;6817;6829;6830;6835;9897;11075;11077;19276;29073;29074;29075;29076;29077;29078;29079;29081;29082
121,u_seq_core.op_q[7]$_DFFE_PN0P_,clk_core,4.59,-0.69,3515;3616;3618;6747;6817;6829;6830;6835;9897;11075;11077;19276;29073;29074;29075;29076;29077;29078;29079;29081;29082
122,u_seq_core.addr_q[10]$_DFFE_PN0P_,clk_core,4.59,-0.69,3515;3616;3618;6729;6817;6829;6830;6835;9897;11075;11077;19276;29073;29074;29075;29076;29077;29078;29079;29081;29082
123,u_seq_core.addr_q[5]$_DFFE_PN0P_,clk_core,4.59,-0.69,3515;3616;3618;6729;6817;6829;6830;6835;9897;11075;11077;19276;29073;29074;29075;29076;29077;29078;29079;29081;29082
124,u_seq_core.op_q[0]$_DFFE_PN0P_,clk_core,4.59,-0.69,3515;3616;3618;6729;6817;6829;6830;6835;9897;11075;11077;19276;29073;29074;29075;29076;29077;29078;29079;29081;29082
125,u_seq_core.op_q[1]$_DFFE_PN0P_,clk_core,4.59,-0.69,3515;3616;3618;6729;6817;6829;6830;6835;9897;11075;11077;19276;29073;29074;29075;29076;29077;29078;29079;29081;29082
126,u_seq_core.op_q[5]$_DFFE_PN0P_,clk_core,4.59,-0.69,3515;3616;3618;6729;6817;6829;6830;6835;9897;11075;11077;19276;29073;29074;29075;29076;29077;29078;29079;29081;29082
127,u_seq_core.beats_left[16]$_DFFE_PN0P_,clk_core,4.59,-0.7,3528;3616;3618;3621;6817;6829;6830;6835;9897;11069;11093;11103;19276;29073;29074;29075;29076;29077;29078;29079;29081;29082
128,u_seq_core.beats_left[17]$_DFFE_PN0P_,clk_core,4.59,-0.7,3528;3616;3618;3621;6817;6829;6830;6835;9897;11069;11093;11103;19276;29073;29074;29075;29076;29077;29078;29079;29081;29082
129,u_seq_core.beats_left[18]$_DFFE_PN0P_,clk_core,4.59,-0.7,3528;3616;3618;3622;6817;6829;6830;6835;9897;11069;11093;11103;19276;29073;29074;29075;29076;29077;29078;29079;29081;29082
130,u_seq_core.beats_left[19]$_DFFE_PN0P_,clk_core,4.59,-0.7,3528;3616;3618;3622;6817;6829;6830;6835;9897;11069;11093;11103;19276;29073;29074;29075;29076;29077;29078;29079;29081;29082
131,u_seq_core.beats_left[20]$_DFFE_PN0P_,clk_core,4.59,-0.7,3528;3616;3618;3622;6817;6829;6830;6835;9897;11069;11093;11103;19276;29073;29074;29075;29076;29077;29078;29079;29081;29082
132,u_seq_core.beats_left[21]$_DFFE_PN0P_,clk_core,4.59,-0.7,3528;3616;3618;3622;6817;6829;6830;6835;9897;11069;11093;11103;19276;29073;29074;29075;29076;29077;29078;29079;29081;29082
133,u_seq_core.beats_left[22]$_DFFE_PN0P_,clk_core,4.59,-0.7,3528;3616;3618;3622;6817;6829;6830;6835;9897;11069;11093;11103;19276;29073;29074;29075;29076;29077;29078;29079;29081;29082
134,u_seq_core.beats_left[24]$_DFFE_PN0P_,clk_core,4.59,-0.7,3528;3616;3618;3622;6817;6829;6830;6835;9897;11069;11093;11103;19276;29073;29074;29075;29076;29077;29078;29079;29081;29082
135,u_seq_core.beats_left[23]$_DFFE_PN0P_,clk_core,4.59,-0.7,3533;3616;3618;3624;6817;6829;6830;6835;9897;11069;11093;11103;19276;29073;29074;29075;29076;29077;29078;29079;29081;29082
136,u_seq_core.beats_left[25]$_DFFE_PN0P_,clk_core,4.59,-0.7,3533;3616;3618;3624;6817;6829;6830;6835;9897;11069;11093;11103;19276;29073;29074;29075;29076;29077;29078;29079;29081;29082
137,c_cmd_addr[25]$_DFFE_PN0N_,clk_core,4.63,-0.71,6817;6823;6829;9897;11093;11103;11134;29073;29074;29075;29076;29077;29078;29079;29081;29082
138,c_cmd_addr[4]$_DFFE_PN0N_,clk_core,4.63,-0.71,6817;6819;6829;9897;11093;11103;11134;29073;29074;29075;29076;29077;29078;29079;29081;29082
139,c_cmd_len[28]$_DFFE_PN0N_,clk_core,4.63,-0.71,6817;6823;6829;9897;11093;11103;11134;29073;29074;29075;29076;29077;29078;29079;29081;29082
140,c_cmd_len[29]$_DFFE_PN0N_,clk_core,4.63,-0.71,6817;6823;6829;9897;11093;11103;11134;29073;29074;29075;29076;29077;29078;29079;29081;29082
141,c_cmd_len[30]$_DFFE_PN0N_,clk_core,4.63,-0.71,6817;6823;6829;9897;11093;11103;11134;29073;29074;29075;29076;29077;29078;29079;29081;29082
142,c_cmd_addr[11]$_DFFE_PN0N_,clk_core,4.63,-0.71,6817;6825;6829;9897;11093;11103;11134;29073;29074;29075;29076;29077;29078;29079;29081;29082
143,c_cmd_addr[18]$_DFFE_PN0N_,clk_core,4.63,-0.71,6817;6821;6829;9897;11093;11103;11134;29073;29074;29075;29076;29077;29078;29079;29081;29082
144,c_cmd_addr[31]$_DFFE_PN0N_,clk_core,4.63,-0.71,6817;6821;6829;9897;11093;11103;11134;29073;29074;29075;29076;29077;29078;29079;29081;29082
145,c_cmd_addr[10]$_DFFE_PN0N_,clk_core,4.64,-0.69,6813;6817;6829;9897;11075;11077;29073;29074;29075;29076;29077;29078;29079;29081;29082
146,c_cmd_addr[3]$_DFFE_PN0N_,clk_core,4.64,-0.69,6813;6817;6829;9897;11075;11077;29073;29074;29075;29076;29077;29078;29079;29081;29082
147,c_cmd_addr[5]$_DFFE_PN0N_,clk_core,4.64,-0.69,6813;6817;6829;9897;11075;11077;29073;29074;29075;29076;29077;29078;29079;29081;29082
148,c_cmd_opcode[1]$_DFFE_PN0N_,clk_core,4.64,-0.69,6813;6817;6829;9897;11075;11077;29073;29074;29075;29076;29077;29078;29079;29081;29082
149,c_cmd_opcode[7]$_DFFE_PN0N_,clk_core,4.64,-0.69,6813;6817;6829;9897;11075;11077;29073;29074;29075;29076;29077;29078;29079;29081;29082
150,c_cmd_addr[2]$_DFFE_PN0N_,clk_core,4.64,-0.69,6807;6817;6829;9897;11075;11077;29073;29074;29075;29076;29077;29078;29079;29081;29082
151,c_cmd_opcode[0]$_DFFE_PN0N_,clk_core,4.64,-0.69,6807;6817;6829;9897;11075;11077;29073;29074;29075;29076;29077;29078;29079;29081;29082
152,c_cmd_opcode[5]$_DFFE_PN0N_,clk_core,4.64,-0.69,6807;6817;6829;9897;11075;11077;29073;29074;29075;29076;29077;29078;29079;29081;29082
153,c_cmd_addr[16]$_DFFE_PN0N_,clk_core,4.64,-0.7,6817;6827;6829;9897;11069;11093;11103;29073;29074;29075;29076;29077;29078;29079;29081;29082
154,c_cmd_addr[17]$_DFFE_PN0N_,clk_core,4.64,-0.7,6817;6827;6829;9897;11069;11093;11103;29073;29074;29075;29076;29077;29078;29079;29081;29082
155,c_cmd_addr[20]$_DFFE_PN0N_,clk_core,4.64,-0.7,6817;6827;6829;9897;11069;11093;11103;29073;29074;29075;29076;29077;29078;29079;29081;29082
156,c_cmd_len[16]$_DFFE_PN0N_,clk_core,4.64,-0.7,6817;6827;6829;9897;11069;11093;11103;29073;29074;29075;29076;29077;29078;29079;29081;29082
157,c_cmd_len[17]$_DFFE_PN0N_,clk_core,4.64,-0.7,6817;6827;6829;9897;11069;11093;11103;29073;29074;29075;29076;29077;29078;29079;29081;29082
158,c_cmd_len[18]$_DFFE_PN0N_,clk_core,4.64,-0.7,6817;6827;6829;9897;11069;11093;11103;29073;29074;29075;29076;29077;29078;29079;29081;29082
159,c_cmd_len[19]$_DFFE_PN0N_,clk_core,4.64,-0.7,6817;6827;6829;9897;11069;11093;11103;29073;29074;29075;29076;29077;29078;29079;29081;29082
160,c_cmd_len[20]$_DFFE_PN0N_,clk_core,4.64,-0.7,6817;6827;6829;9897;11069;11093;11103;29073;29074;29075;29076;29077;29078;29079;29081;29082
161,c_cmd_len[21]$_DFFE_PN0N_,clk_core,4.64,-0.7,6817;6827;6829;9897;11069;11093;11103;29073;29074;29075;29076;29077;29078;29079;29081;29082
162,c_cmd_len[22]$_DFFE_PN0N_,clk_core,4.64,-0.7,6817;6827;6829;9897;11069;11093;11103;29073;29074;29075;29076;29077;29078;29079;29081;29082
163,c_cmd_len[23]$_DFFE_PN0N_,clk_core,4.64,-0.7,6817;6827;6829;9897;11069;11093;11103;29073;29074;29075;29076;29077;29078;29079;29081;29082
164,c_cmd_len[24]$_DFFE_PN0N_,clk_core,4.64,-0.7,6817;6827;6829;9897;11069;11093;11103;29073;29074;29075;29076;29077;29078;29079;29081;29082
165,c_cmd_len[25]$_DFFE_PN0N_,clk_core,4.64,-0.7,6817;6827;6829;9897;11069;11093;11103;29073;29074;29075;29076;29077;29078;29079;29081;29082
166,c_cmd_len[26]$_DFFE_PN0N_,clk_core,4.64,-0.7,6817;6827;6829;9897;11069;11093;11103;29073;29074;29075;29076;29077;29078;29079;29081;29082
167,c_cmd_len[27]$_DFFE_PN0N_,clk_core,4.64,-0.7,6817;6827;6829;9897;11069;11093;11103;29073;29074;29075;29076;29077;29078;29079;29081;29082
168,g_chan[1].u_cdc_chr.rgray[2]$_DFF_PN0_,clk_core,4.66,-0.63,3492;3615;3618;5301;6817;6829;6830;6835;9897;12022;12027;19276;29073;29074;29075;29076;29077;29078;29079;29081;29082
169,g_chan[1].u_cdc_chr.rq1_wgray[2]$_DFF_PN0_,clk_core,4.66,-0.63,3492;3615;3618;5325;6817;6829;6830;6835;9897;12022;12027;19276;29073;29074;29075;29076;29077;29078;29079;29081;29082
170,g_chan[1].u_cdc_chr.rq1_wgray[3]$_DFF_PN0_,clk_core,4.66,-0.63,3492;3615;3618;5325;6817;6829;6830;6835;9897;12022;12027;19276;29073;29074;29075;29076;29077;29078;29079;29081;29082
171,g_chan[1].u_cdc_chr.rq2_wgray[2]$_DFF_PN0_,clk_core,4.66,-0.63,3492;3615;3618;5325;6817;6829;6830;6835;9897;12022;12027;19276;29073;29074;29075;29076;29077;29078;29079;29081;29082
172,g_chan[1].u_cdc_chr.rq2_wgray[3]$_DFF_PN0_,clk_core,4.66,-0.63,3492;3615;3618;5325;6817;6829;6830;6835;9897;12022;12027;19276;29073;29074;29075;29076;29077;29078;29079;29081;29082
173,g_chan[1].u_cdc_chr.rq2_wgray[4]$_DFF_PN0_,clk_core,4.66,-0.63,3492;3615;3618;5325;6817;6829;6830;6835;9897;12022;12027;19276;29073;29074;29075;29076;29077;29078;29079;29081;29082
174,u_cdc_rbeat.wbin[0]$_DFF_PN0_,clk_core,4.66,-0.63,3491;3615;3618;5204;6817;6829;6830;6835;9897;12022;12027;19276;29073;29074;29075;29076;29077;29078;29079;29081;29082
175,u_cdc_rbeat.wbin[2]$_DFF_PN0_,clk_core,4.66,-0.63,3491;3615;3618;5204;6817;6829;6830;6835;9897;12022;12027;19276;29073;29074;29075;29076;29077;29078;29079;29081;29082
176,u_cdc_rbeat.wbin[3]$_DFF_PN0_,clk_core,4.66,-0.63,3491;3615;3618;5204;6817;6829;6830;6835;9897;12022;12027;19276;29073;29074;29075;29076;29077;29078;29079;29081;29082
177,u_cdc_rbeat.wgray[3]$_DFF_PN0_,clk_core,4.66,-0.63,3491;3615;3618;5204;6817;6829;6830;6835;9897;12022;12027;19276;29073;29074;29075;29076;29077;29078;29079;29081;29082
178,u_cdc_rbeat.wbin[4]$_DFF_PN0_,clk_core,4.66,-0.63,3491;3615;3618;5205;6817;6829;6830;6835;9897;12022;12027;19276;29073;29074;29075;29076;29077;29078;29079;29081;29082
179,u_cdc_rbeat.wgray[0]$_DFF_PN0_,clk_core,4.66,-0.63,3491;3615;3618;5205;6817;6829;6830;6835;9897;12022;12027;19276;29073;29074;29075;29076;29077;29078;29079;29081;29082
180,u_cdc_rbeat.wgray[1]$_DFF_PN0_,clk_core,4.66,-0.63,3491;3615;3618;5205;6817;6829;6830;6835;9897;12022;12027;19276;29073;29074;29075;29076;29077;29078;29079;29081;29082
181,u_cdc_rbeat.wq1_rgray[4]$_DFF_PN0_,clk_core,4.66,-0.63,3491;3615;3618;5205;6817;6829;6830;6835;9897;12022;12027;19276;29073;29074;29075;29076;29077;29078;29079;29081;29082
182,u_cdc_rbeat.wq2_rgray[0]$_DFF_PN0_,clk_core,4.66,-0.63,3491;3615;3618;5205;6817;6829;6830;6835;9897;12022;12027;19276;29073;29074;29075;29076;29077;29078;29079;29081;29082
183,u_cdc_rbeat.wq2_rgray[1]$_DFF_PN0_,clk_core,4.66,-0.63,3491;3615;3618;5205;6817;6829;6830;6835;9897;12022;12027;19276;29073;29074;29075;29076;29077;29078;29079;29081;29082
184,u_cdc_rbeat.wq2_rgray[4]$_DFF_PN0_,clk_core,4.66,-0.63,3491;3615;3618;5205;6817;6829;6830;6835;9897;12022;12027;19276;29073;29074;29075;29076;29077;29078;29079;29081;29082
185,u_cdc_rbeat.wgray[2]$_DFF_PN0_,clk_core,4.66,-0.63,3491;3615;3618;5211;6817;6829;6830;6835;9897;12022;12027;19276;29073;29074;29075;29076;29077;29078;29079;29081;29082
186,u_cdc_rbeat.wq1_rgray[0]$_DFF_PN0_,clk_core,4.66,-0.63,3491;3615;3618;5211;6817;6829;6830;6835;9897;12022;12027;19276;29073;29074;29075;29076;29077;29078;29079;29081;29082
187,u_cdc_rbeat.wq1_rgray[1]$_DFF_PN0_,clk_core,4.66,-0.63,3491;3615;3618;5211;6817;6829;6830;6835;9897;12022;12027;19276;29073;29074;29075;29076;29077;29078;29079;29081;29082
188,u_cdc_rbeat.wq1_rgray[2]$_DFF_PN0_,clk_core,4.66,-0.63,3491;3615;3618;5211;6817;6829;6830;6835;9897;12022;12027;19276;29073;29074;29075;29076;29077;29078;29079;29081;29082
189,u_cdc_rbeat.wq1_rgray[3]$_DFF_PN0_,clk_core,4.66,-0.63,3491;3615;3618;5211;6817;6829;6830;6835;9897;12022;12027;19276;29073;29074;29075;29076;29077;29078;29079;29081;29082
190,u_cdc_rbeat.wq2_rgray[2]$_DFF_PN0_,clk_core,4.66,-0.63,3491;3615;3618;5211;6817;6829;6830;6835;9897;12022;12027;19276;29073;29074;29075;29076;29077;29078;29079;29081;29082
191,u_cdc_rbeat.wq2_rgray[3]$_DFF_PN0_,clk_core,4.66,-0.63,3491;3615;3618;5211;6817;6829;6830;6835;9897;12022;12027;19276;29073;29074;29075;29076;29077;29078;29079;29081;29082
192,u_cdc_rbeat.wr_full$_DFF_PN0_,clk_core,4.66,-0.63,3491;3615;3618;5211;6817;6829;6830;6835;9897;12022;12027;19276;26557;29073;29074;29075;29076;29077;29078;29079;29081;29082
193,u_cdc_rbeat.wbin[1]$_DFF_PN0_,clk_core,4.66,-0.63,3491;3615;3618;5053;6817;6829;6830;6835;9897;12022;12027;19276;29073;29074;29075;29076;29077;29078;29079;29081;29082
194,g_chan[1].u_cdc_chr.rgray[3]$_DFF_PN0_,clk_core,4.67,-0.63,3494;3615;3618;5268;6817;6829;6830;6835;9897;12022;12027;19276;29073;29074;29075;29076;29077;29078;29079;29081;29082
195,g_chan[0].u_cdc_chr.rgray[3]$_DFF_PN0_,clk_core,4.67,-0.62,3441;3612;3618;5787;6817;6829;6830;6835;9897;11036;11074;19276;29073;29074;29075;29076;29077;29078;29079;29081;29082
196,g_chan[0].u_cdc_chr.rq1_wgray[1]$_DFF_PN0_,clk_core,4.67,-0.62,3441;3612;3618;5787;6817;6829;6830;6835;9897;11036;11074;19276;29073;29074;29075;29076;29077;29078;29079;29081;29082
197,g_chan[0].u_cdc_chr.rq1_wgray[2]$_DFF_PN0_,clk_core,4.67,-0.62,3451;3612;3618;5817;6817;6829;6830;6835;9897;11036;11074;19276;29073;29074;29075;29076;29077;29078;29079;29081;29082
198,g_chan[0].u_cdc_chr.rq1_wgray[3]$_DFF_PN0_,clk_core,4.67,-0.62,3441;3612;3618;5787;6817;6829;6830;6835;9897;11036;11074;19276;29073;29074;29075;29076;29077;29078;29079;29081;29082
199,g_chan[0].u_cdc_chr.rq2_wgray[2]$_DFF_PN0_,clk_core,4.67,-0.62,3451;3612;3618;5817;6817;6829;6830;6835;9897;11036;11074;19276;29073;29074;29075;29076;29077;29078;29079;29081;29082
200,g_chan[0].u_cdc_chw.wq1_rgray[3]$_DFF_PN0_,clk_core,4.67,-0.62,3451;3612;3618;5817;6817;6829;6830;6835;9897;11036;11074;19276;29073;29074;29075;29076;29077;29078;29079;29081;29082
201,g_chan[0].u_cdc_chw.wgray[3]$_DFF_PN0_,clk_core,4.67,-0.62,3451;3612;3618;5836;6817;6829;6830;6835;9897;11036;11074;19276;29073;29074;29075;29076;29077;29078;29079;29081;29082
202,g_chan[0].u_cdc_chr.rbin[0]$_DFF_PN0_,clk_core,4.67,-0.62,3441;3612;3618;5813;6817;6829;6830;6835;9897;11036;11074;19276;29073;29074;29075;29076;29077;29078;29079;29081;29082
203,g_chan[0].u_cdc_chr.rbin[1]$_DFF_PN0_,clk_core,4.67,-0.62,3441;3612;3618;5813;6817;6829;6830;6835;9897;11036;11074;19276;29073;29074;29075;29076;29077;29078;29079;29081;29082
204,g_chan[0].u_cdc_chr.rbin[2]$_DFF_PN0_,clk_core,4.67,-0.62,3441;3612;3618;5813;6817;6829;6830;6835;9897;11036;11074;19276;29073;29074;29075;29076;29077;29078;29079;29081;29082
205,g_chan[0].u_cdc_chr.rbin[3]$_DFF_PN0_,clk_core,4.67,-0.62,3441;3612;3618;5813;6817;6829;6830;6835;9897;11036;11074;19276;29073;29074;29075;29076;29077;29078;29079;29081;29082
206,g_chan[0].u_cdc_chr.rbin[4]$_DFF_PN0_,clk_core,4.67,-0.62,3441;3612;3618;5813;6817;6829;6830;6835;9897;11036;11074;19276;29073;29074;29075;29076;29077;29078;29079;29081;29082
207,g_chan[0].u_cdc_chr.rgray[0]$_DFF_PN0_,clk_core,4.67,-0.62,3441;3612;3618;5799;6817;6829;6830;6835;9897;11036;11074;19276;29073;29074;29075;29076;29077;29078;29079;29081;29082
208,g_chan[0].u_cdc_chr.rgray[1]$_DFF_PN0_,clk_core,4.67,-0.62,3441;3612;3618;5813;6817;6829;6830;6835;9897;11036;11074;19276;29073;29074;29075;29076;29077;29078;29079;29081;29082
209,g_chan[0].u_cdc_chr.rgray[2]$_DFF_PN0_,clk_core,4.67,-0.62,3441;3612;3618;5813;6817;6829;6830;6835;9897;11036;11074;19276;29073;29074;29075;29076;29077;29078;29079;29081;29082
210,g_chan[0].u_cdc_chr.rq1_wgray[0]$_DFF_PN0_,clk_core,4.67,-0.62,3441;3612;3618;5799;6817;6829;6830;6835;9897;11036;11074;19276;29073;29074;29075;29076;29077;29078;29079;29081;29082
211,g_chan[0].u_cdc_chr.rq1_wgray[4]$_DFF_PN0_,clk_core,4.67,-0.62,3441;3612;3618;5799;6817;6829;6830;6835;9897;11036;11074;19276;29073;29074;29075;29076;29077;29078;29079;29081;29082
212,g_chan[0].u_cdc_chr.rq2_wgray[0]$_DFF_PN0_,clk_core,4.67,-0.62,3441;3612;3618;5799;6817;6829;6830;6835;9897;11036;11074;19276;29073;29074;29075;29076;29077;29078;29079;29081;29082
213,g_chan[0].u_cdc_chr.rq2_wgray[1]$_DFF_PN0_,clk_core,4.67,-0.62,3441;3612;3618;5799;6817;6829;6830;6835;9897;11036;11074;19276;29073;29074;29075;29076;29077;29078;29079;29081;29082
214,g_chan[0].u_cdc_chr.rq2_wgray[3]$_DFF_PN0_,clk_core,4.67,-0.62,3441;3612;3618;5799;6817;6829;6830;6835;9897;11036;11074;19276;29073;29074;29075;29076;29077;29078;29079;29081;29082
215,g_chan[0].u_cdc_chr.rq2_wgray[4]$_DFF_PN0_,clk_core,4.67,-0.62,3441;3612;3618;5799;6817;6829;6830;6835;9897;11036;11074;19276;29073;29074;29075;29076;29077;29078;29079;29081;29082
216,g_chan[0].u_cdc_chw.wq1_rgray[1]$_DFF_PN0_,clk_core,4.67,-0.62,3451;3612;3618;5914;6817;6829;6830;6835;9897;11036;11074;19276;29073;29074;29075;29076;29077;29078;29079;29081;29082
217,g_chan[0].u_cdc_chw.wq1_rgray[2]$_DFF_PN0_,clk_core,4.67,-0.62,3451;3612;3618;5914;6817;6829;6830;6835;9897;11036;11074;19276;29073;29074;29075;29076;29077;29078;29079;29081;29082
218,g_chan[0].u_cdc_chw.wq2_rgray[1]$_DFF_PN0_,clk_core,4.67,-0.62,3451;3612;3618;5914;6817;6829;6830;6835;9897;11036;11074;19276;29073;29074;29075;29076;29077;29078;29079;29081;29082
219,g_chan[0].u_cdc_chw.wq2_rgray[2]$_DFF_PN0_,clk_core,4.67,-0.62,3451;3612;3618;5914;6817;6829;6830;6835;9897;11036;11074;19276;29073;29074;29075;29076;29077;29078;29079;29081;29082
220,g_chan[0].u_cdc_chw.wgray[2]$_DFF_PN0_,clk_core,4.67,-0.62,3453;3612;3618;5893;6817;6829;6830;6835;9897;11036;11074;19276;29073;29074;29075;29076;29077;29078;29079;29081;29082
221,u_seq_core.beats_left[7]$_DFFE_PN0P_,clk_core,4.67,-0.62,3528;3616;3618;6762;6817;6829;6830;6835;9897;11093;11103;19276;29073;29074;29075;29076;29077;29078;29079;29081;29082
222,u_seq_core.beats_left[9]$_DFFE_PN0P_,clk_core,4.67,-0.62,3528;3616;3618;6762;6817;6829;6830;6835;9897;11093;11103;19276;29073;29074;29075;29076;29077;29078;29079;29081;29082
223,u_seq_core.beats_left[11]$_DFFE_PN0P_,clk_core,4.67,-0.62,3528;3616;3618;3619;6817;6829;6830;6835;9897;11093;11103;19276;29073;29074;29075;29076;29077;29078;29079;29081;29082
224,u_seq_core.beats_left[8]$_DFFE_PN0P_,clk_core,4.67,-0.62,3528;3616;3618;3619;6817;6829;6830;6835;9897;11093;11103;19276;29073;29074;29075;29076;29077;29078;29079;29081;29082
225,u_seq_core.beats_left[12]$_DFFE_PN0P_,clk_core,4.67,-0.62,3528;3616;3618;3621;6817;6829;6830;6835;9897;11093;11103;19276;29073;29074;29075;29076;29077;29078;29079;29081;29082
226,u_seq_core.beats_left[13]$_DFFE_PN0P_,clk_core,4.67,-0.62,3528;3616;3618;3621;6817;6829;6830;6835;9897;11093;11103;19276;29073;29074;29075;29076;29077;29078;29079;29081;29082
227,u_seq_core.beats_left[14]$_DFFE_PN0P_,clk_core,4.67,-0.62,3528;3616;3618;3621;6817;6829;6830;6835;9897;11093;11103;19276;29073;29074;29075;29076;29077;29078;29079;29081;29082
228,u_seq_core.beats_left[15]$_DFFE_PN0P_,clk_core,4.67,-0.62,3528;3616;3618;3621;6817;6829;6830;6835;9897;11093;11103;19276;29073;29074;29075;29076;29077;29078;29079;29081;29082
229,u_seq_core.done$_DFFE_PN0P_,clk_core,4.67,-0.62,3528;3616;3618;6763;6817;6829;6830;6835;9897;11093;11103;19276;27409;29073;29074;29075;29076;29077;29078;29079;29081;29082
230,g_chan[0].u_cdc_chcmd.wbin[4]$_DFF_PN0_,clk_core,4.71,-0.57,3478;3613;3618;6734;6817;6829;6830;6835;9897;11075;19276;29073;29074;29075;29076;29077;29078;29079;29081;29082
231,g_chan[0].u_cdc_chcmd.wgray[0]$_DFF_PN0_,clk_core,4.71,-0.57,3478;3613;3618;6734;6817;6829;6830;6835;9897;11075;19276;29073;29074;29075;29076;29077;29078;29079;29081;29082
232,g_chan[0].u_cdc_chcmd.wgray[1]$_DFF_PN0_,clk_core,4.71,-0.57,3478;3613;3618;6734;6817;6829;6830;6835;9897;11075;19276;29073;29074;29075;29076;29077;29078;29079;29081;29082
233,g_chan[0].u_cdc_chcmd.wq1_rgray[1]$_DFF_PN0_,clk_core,4.71,-0.57,3478;3613;3618;6734;6817;6829;6830;6835;9897;11075;19276;29073;29074;29075;29076;29077;29078;29079;29081;29082
234,g_chan[0].u_cdc_chcmd.wq2_rgray[0]$_DFF_PN0_,clk_core,4.71,-0.57,3478;3613;3618;6734;6817;6829;6830;6835;9897;11075;19276;29073;29074;29075;29076;29077;29078;29079;29081;29082
235,g_chan[0].u_cdc_chcmd.wq2_rgray[1]$_DFF_PN0_,clk_core,4.71,-0.57,3478;3613;3618;6734;6817;6829;6830;6835;9897;11075;19276;29073;29074;29075;29076;29077;29078;29079;29081;29082
236,g_chan[0].u_cdc_chcmd.wq2_rgray[4]$_DFF_PN0_,clk_core,4.71,-0.57,3478;3613;3618;6734;6817;6829;6830;6835;9897;11075;19276;29073;29074;29075;29076;29077;29078;29079;29081;29082
237,u_cdc_cmd.rd_empty$_DFF_PN1_,clk_core,4.71,-0.62,6817;6819;6829;9897;11093;11103;25971;29073;29074;29075;29076;29077;29078;29079;29081;29082
238,u_seq_core.op_q[6]$_DFFE_PN0P_,clk_core,4.71,-0.57,3515;3616;3618;6729;6817;6829;6830;6835;9897;11075;19276;29073;29074;29075;29076;29077;29078;29079;29081;29082
239,g_chan[0].u_cdc_chcmd.wq2_rgray[2]$_DFF_PN0_,clk_core,4.71,-0.57,3478;3613;3618;6691;6817;6829;6830;6835;9897;11075;19276;29073;29074;29075;29076;29077;29078;29079;29081;29082
240,g_chan[0].u_cdc_chcmd.wr_full$_DFF_PN0_,clk_core,4.71,-0.57,3478;3613;3618;6691;6817;6829;6830;6835;9897;11075;19276;29073;29074;29075;29076;29077;29078;29079;29081;29082
241,g_chan[0].u_cdc_chcmd.wq1_rgray[0]$_DFF_PN0_,clk_core,4.71,-0.57,3478;3613;3618;6726;6817;6829;6830;6835;9897;11075;19276;29073;29074;29075;29076;29077;29078;29079;29081;29082
242,g_chan[0].u_cdc_chcmd.wq1_rgray[2]$_DFF_PN0_,clk_core,4.71,-0.57,3478;3613;3618;6726;6817;6829;6830;6835;9897;11075;19276;29073;29074;29075;29076;29077;29078;29079;29081;29082
243,g_chan[0].u_cdc_chcmd.wq1_rgray[4]$_DFF_PN0_,clk_core,4.71,-0.57,3478;3613;3618;6726;6817;6829;6830;6835;9897;11075;19276;29073;29074;29075;29076;29077;29078;29079;29081;29082
244,u_seq_core.ch_cmd_valid$_DFF_PN0_,clk_core,4.71,-0.57,3478;3613;3618;6726;6817;6829;6830;6835;9897;11075;19276;27407;29073;29074;29075;29076;29077;29078;29079;29081;29082
245,u_seq_core.op_q[4]$_DFFE_PN0P_,clk_core,4.71,-0.57,3478;3613;3618;6726;6817;6829;6830;6835;9897;11075;19276;29073;29074;29075;29076;29077;29078;29079;29081;29082
246,u_cdc_cmd.rbin[0]$_DFF_PN0_,clk_core,4.72,-0.62,6817;6819;6829;9897;11093;11103;29073;29074;29075;29076;29077;29078;29079;29081;29082
247,u_cdc_cmd.rbin[1]$_DFF_PN0_,clk_core,4.72,-0.62,6817;6819;6829;9897;11093;11103;29073;29074;29075;29076;29077;29078;29079;29081;29082
248,u_cdc_cmd.rbin[2]$_DFF_PN0_,clk_core,4.72,-0.62,6817;6819;6829;9897;11093;11103;29073;29074;29075;29076;29077;29078;29079;29081;29082
249,u_cdc_cmd.rgray[0]$_DFF_PN0_,clk_core,4.72,-0.62,6817;6819;6829;9897;11093;11103;29073;29074;29075;29076;29077;29078;29079;29081;29082
250,u_cdc_cmd.rq1_wgray[0]$_DFF_PN0_,clk_core,4.72,-0.62,6817;6819;6829;9897;11093;11103;29073;29074;29075;29076;29077;29078;29079;29081;29082
251,u_cdc_cmd.rq2_wgray[0]$_DFF_PN0_,clk_core,4.72,-0.62,6817;6819;6829;9897;11093;11103;29073;29074;29075;29076;29077;29078;29079;29081;29082
252,u_cdc_wbeat.rbin[0]$_DFF_PN0_,clk_core,4.72,-0.56,3485;3613;3618;6760;6817;6829;6830;6835;9897;11079;19276;29073;29074;29075;29076;29077;29078;29079;29081;29082
253,u_cdc_wbeat.rbin[1]$_DFF_PN0_,clk_core,4.72,-0.56,3485;3613;3618;6760;6817;6829;6830;6835;9897;11079;19276;29073;29074;29075;29076;29077;29078;29079;29081;29082
254,u_cdc_wbeat.rgray[0]$_DFF_PN0_,clk_core,4.72,-0.56,3485;3613;3618;6760;6817;6829;6830;6835;9897;11079;19276;29073;29074;29075;29076;29077;29078;29079;29081;29082
255,u_cdc_wbeat.rgray[1]$_DFF_PN0_,clk_core,4.72,-0.56,3485;3613;3618;6760;6817;6829;6830;6835;9897;11079;19276;29073;29074;29075;29076;29077;29078;29079;29081;29082
256,u_cdc_wbeat.rq1_wgray[0]$_DFF_PN0_,clk_core,4.72,-0.56,3485;3613;3618;6760;6817;6829;6830;6835;9897;11079;19276;29073;29074;29075;29076;29077;29078;29079;29081;29082
257,u_cdc_wbeat.rq2_wgray[0]$_DFF_PN0_,clk_core,4.72,-0.56,3485;3613;3618;6760;6817;6829;6830;6835;9897;11079;19276;29073;29074;29075;29076;29077;29078;29079;29081;29082
258,c_cmd_ecc_en$_DFFE_PN0N_,clk_core,4.72,-0.62,6817;6825;6829;9897;11093;11103;19501;29073;29074;29075;29076;29077;29078;29079;29081;29082
259,u_cdc_cmd.rgray[1]$_DFF_PN0_,clk_core,4.72,-0.62,6817;6825;6829;9897;11093;11103;29073;29074;29075;29076;29077;29078;29079;29081;29082
260,u_cdc_cmd.rgray[2]$_DFF_PN0_,clk_core,4.72,-0.62,6817;6825;6829;9897;11093;11103;29073;29074;29075;29076;29077;29078;29079;29081;29082
261,u_cdc_cmd.rq1_wgray[1]$_DFF_PN0_,clk_core,4.72,-0.62,6817;6825;6829;9897;11093;11103;29073;29074;29075;29076;29077;29078;29079;29081;29082
262,u_cdc_cmd.rq1_wgray[2]$_DFF_PN0_,clk_core,4.72,-0.62,6817;6825;6829;9897;11093;11103;29073;29074;29075;29076;29077;29078;29079;29081;29082
263,u_cdc_cmd.rq2_wgray[1]$_DFF_PN0_,clk_core,4.72,-0.62,6817;6825;6829;9897;11093;11103;29073;29074;29075;29076;29077;29078;29079;29081;29082
264,u_cdc_cmd.rq2_wgray[2]$_DFF_PN0_,clk_core,4.72,-0.62,6817;6825;6829;9897;11093;11103;29073;29074;29075;29076;29077;29078;29079;29081;29082
265,u_cdc_wbeat.rbin[2]$_DFF_PN0_,clk_core,4.72,-0.56,3485;3613;3618;6603;6817;6829;6830;6835;9897;11079;19276;29073;29074;29075;29076;29077;29078;29079;29081;29082
266,u_cdc_wbeat.rbin[3]$_DFF_PN0_,clk_core,4.72,-0.56,3485;3613;3618;6603;6817;6829;6830;6835;9897;11079;19276;29073;29074;29075;29076;29077;29078;29079;29081;29082
267,u_cdc_wbeat.rbin[4]$_DFF_PN0_,clk_core,4.72,-0.56,3485;3613;3618;6603;6817;6829;6830;6835;9897;11079;19276;29073;29074;29075;29076;29077;29078;29079;29081;29082
268,u_cdc_wbeat.rgray[2]$_DFF_PN0_,clk_core,4.72,-0.56,3485;3613;3618;6603;6817;6829;6830;6835;9897;11079;19276;29073;29074;29075;29076;29077;29078;29079;29081;29082
269,u_cdc_wbeat.rgray[3]$_DFF_PN0_,clk_core,4.72,-0.56,3485;3613;3618;6603;6817;6829;6830;6835;9897;11079;19276;29073;29074;29075;29076;29077;29078;29079;29081;29082
270,u_cdc_wbeat.rq1_wgray[2]$_DFF_PN0_,clk_core,4.72,-0.56,3485;3613;3618;6603;6817;6829;6830;6835;9897;11079;19276;29073;29074;29075;29076;29077;29078;29079;29081;29082
271,u_cdc_wbeat.rq1_wgray[4]$_DFF_PN0_,clk_core,4.72,-0.56,3485;3613;3618;6603;6817;6829;6830;6835;9897;11079;19276;29073;29074;29075;29076;29077;29078;29079;29081;29082
272,c_cmd_valid$_DFF_PN0_,clk_core,4.72,-0.62,6817;6821;6829;9897;11093;11103;19542;29073;29074;29075;29076;29077;29078;29079;29081;29082
273,u_cdc_wbeat.rq1_wgray[1]$_DFF_PN0_,clk_core,4.72,-0.56,3485;3613;3618;6759;6817;6829;6830;6835;9897;11079;19276;29073;29074;29075;29076;29077;29078;29079;29081;29082
274,u_cdc_wbeat.rq1_wgray[3]$_DFF_PN0_,clk_core,4.72,-0.56,3485;3613;3618;6604;6817;6829;6830;6835;9897;11079;19276;29073;29074;29075;29076;29077;29078;29079;29081;29082
275,u_cdc_wbeat.rq2_wgray[1]$_DFF_PN0_,clk_core,4.72,-0.56,3485;3613;3618;6759;6817;6829;6830;6835;9897;11079;19276;29073;29074;29075;29076;29077;29078;29079;29081;29082
276,u_cdc_wbeat.rq2_wgray[2]$_DFF_PN0_,clk_core,4.72,-0.56,3485;3613;3618;6604;6817;6829;6830;6835;9897;11079;19276;29073;29074;29075;29076;29077;29078;29079;29081;29082
277,u_cdc_wbeat.rq2_wgray[3]$_DFF_PN0_,clk_core,4.72,-0.56,3485;3613;3618;6604;6817;6829;6830;6835;9897;11079;19276;29073;29074;29075;29076;29077;29078;29079;29081;29082
278,u_cdc_wbeat.rq2_wgray[4]$_DFF_PN0_,clk_core,4.72,-0.56,3485;3613;3618;6759;6817;6829;6830;6835;9897;11079;19276;29073;29074;29075;29076;29077;29078;29079;29081;29082
279,g_chan[1].u_cdc_chcmd.wr_full$_DFF_PN0_,clk_core,4.73,-0.55,3462;3612;3618;6688;6817;6829;6830;6835;9897;12022;19276;29073;29074;29075;29076;29077;29078;29079;29081;29082
280,u_seq_core.chan_q$_DFFE_PN0P_,clk_core,4.74,-0.55,3478;3613;3618;6713;6817;6829;6830;6835;9897;12022;19276;27408;29073;29074;29075;29076;29077;29078;29079;29081;29082
281,u_seq_core.mask_q[1]$_DFFE_PN0P_,clk_core,4.74,-0.55,3478;3613;3618;6713;6817;6829;6830;6835;9897;12022;19276;29073;29074;29075;29076;29077;29078;29079;29081;29082
282,g_chan[0].u_cdc_chcmd.wgray[2]$_DFF_PN0_,clk_core,4.74,-0.55,3478;3613;3618;6691;6817;6829;6830;6835;9897;12022;19276;29073;29074;29075;29076;29077;29078;29079;29081;29082
283,g_chan[0].u_cdc_chcmd.wgray[3]$_DFF_PN0_,clk_core,4.74,-0.55,3478;3613;3618;6691;6817;6829;6830;6835;9897;12022;19276;29073;29074;29075;29076;29077;29078;29079;29081;29082
284,g_chan[0].u_cdc_chcmd.wq1_rgray[3]$_DFF_PN0_,clk_core,4.74,-0.55,3478;3613;3618;6691;6817;6829;6830;6835;9897;12022;19276;29073;29074;29075;29076;29077;29078;29079;29081;29082
285,g_chan[0].u_cdc_chcmd.wq2_rgray[3]$_DFF_PN0_,clk_core,4.74,-0.55,3478;3613;3618;6691;6817;6829;6830;6835;9897;12022;19276;29073;29074;29075;29076;29077;29078;29079;29081;29082
286,u_seq_core.op_q[2]$_DFFE_PN0P_,clk_core,4.74,-0.55,3478;3613;3618;6691;6817;6829;6830;6835;9897;12022;19276;29073;29074;29075;29076;29077;29078;29079;29081;29082
287,u_seq_core.op_q[3]$_DFFE_PN0P_,clk_core,4.74,-0.55,3478;3613;3618;6691;6817;6829;6830;6835;9897;12022;19276;29073;29074;29075;29076;29077;29078;29079;29081;29082
288,g_chan[1].u_cdc_chw.wq1_rgray[3]$_DFF_PN0_,clk_core,4.75,-0.54,3462;3612;3618;6688;6817;6829;6830;6835;9897;11036;19276;29073;29074;29075;29076;29077;29078;29079;29081;29082
289,g_chan[1].u_cdc_chw.wq1_rgray[4]$_DFF_PN0_,clk_core,4.75,-0.54,3462;3612;3618;6688;6817;6829;6830;6835;9897;11036;19276;29073;29074;29075;29076;29077;29078;29079;29081;29082
290,u_seq_core.mask_q[0]$_DFFE_PN0P_,clk_core,4.75,-0.55,3478;3613;3618;6726;6817;6829;6830;6835;9897;12022;19276;29073;29074;29075;29076;29077;29078;29079;29081;29082
291,g_chan[1].u_cdc_chcmd.wbin[2]$_DFF_PN0_,clk_core,4.75,-0.55,3497;3615;3618;5341;6817;6829;6830;6835;9897;12022;19276;29073;29074;29075;29076;29077;29078;29079;29081;29082
292,g_chan[1].u_cdc_chcmd.wbin[0]$_DFF_PN0_,clk_core,4.75,-0.55,3497;3615;3618;5344;6817;6829;6830;6835;9897;12022;19276;29073;29074;29075;29076;29077;29078;29079;29081;29082
293,g_chan[1].u_cdc_chcmd.wbin[1]$_DFF_PN0_,clk_core,4.75,-0.55,3497;3615;3618;5344;6817;6829;6830;6835;9897;12022;19276;29073;29074;29075;29076;29077;29078;29079;29081;29082
294,g_chan[1].u_cdc_chcmd.wgray[1]$_DFF_PN0_,clk_core,4.75,-0.55,3497;3615;3618;5344;6817;6829;6830;6835;9897;12022;19276;29073;29074;29075;29076;29077;29078;29079;29081;29082
295,g_chan[1].u_cdc_chcmd.wq2_rgray[0]$_DFF_PN0_,clk_core,4.75,-0.55,3497;3615;3618;5344;6817;6829;6830;6835;9897;12022;19276;29073;29074;29075;29076;29077;29078;29079;29081;29082
296,g_chan[1].u_cdc_chw.wgray[0]$_DFF_PN0_,clk_core,4.75,-0.54,3459;3612;3618;6672;6817;6829;6830;6835;9897;11036;19276;29073;29074;29075;29076;29077;29078;29079;29081;29082
297,g_chan[1].u_cdc_chw.wq1_rgray[0]$_DFF_PN0_,clk_core,4.75,-0.54,3459;3612;3618;6672;6817;6829;6830;6835;9897;11036;19276;29073;29074;29075;29076;29077;29078;29079;29081;29082
298,g_chan[1].u_cdc_chw.wq2_rgray[0]$_DFF_PN0_,clk_core,4.75,-0.54,3459;3612;3618;6672;6817;6829;6830;6835;9897;11036;19276;29073;29074;29075;29076;29077;29078;29079;29081;29082
299,g_chan[1].u_cdc_chw.wq2_rgray[4]$_DFF_PN0_,clk_core,4.75,-0.54,3459;3612;3618;6674;6817;6829;6830;6835;9897;11036;19276;29073;29074;29075;29076;29077;29078;29079;29081;29082
300,g_chan[0].u_cdc_chw.wbin[2]$_DFF_PN0_,clk_core,4.75,-0.54,3453;3612;3618;5846;6817;6829;6830;6835;9897;11036;19276;29073;29074;29075;29076;29077;29078;29079;29081;29082
301,g_chan[0].u_cdc_chw.wq2_rgray[3]$_DFF_PN0_,clk_core,4.75,-0.54,3453;3612;3618;5838;6817;6829;6830;6835;9897;11036;19276;29073;29074;29075;29076;29077;29078;29079;29081;29082
302,g_chan[0].u_cdc_chw.wgray[0]$_DFF_PN0_,clk_core,4.75,-0.54,3453;3612;3618;5893;6817;6829;6830;6835;9897;11036;19276;29073;29074;29075;29076;29077;29078;29079;29081;29082
303,g_chan[0].u_cdc_chw.wgray[1]$_DFF_PN0_,clk_core,4.75,-0.54,3453;3612;3618;5893;6817;6829;6830;6835;9897;11036;19276;29073;29074;29075;29076;29077;29078;29079;29081;29082
304,g_chan[0].u_cdc_chw.wq1_rgray[0]$_DFF_PN0_,clk_core,4.75,-0.54,3453;3612;3618;5893;6817;6829;6830;6835;9897;11036;19276;29073;29074;29075;29076;29077;29078;29079;29081;29082
305,g_chan[0].u_cdc_chw.wq1_rgray[4]$_DFF_PN0_,clk_core,4.75,-0.54,3453;3612;3618;5893;6817;6829;6830;6835;9897;11036;19276;29073;29074;29075;29076;29077;29078;29079;29081;29082
306,g_chan[0].u_cdc_chw.wq2_rgray[0]$_DFF_PN0_,clk_core,4.75,-0.54,3453;3612;3618;5893;6817;6829;6830;6835;9897;11036;19276;29073;29074;29075;29076;29077;29078;29079;29081;29082
307,g_chan[0].u_cdc_chw.wq2_rgray[4]$_DFF_PN0_,clk_core,4.75,-0.54,3453;3612;3618;5893;6817;6829;6830;6835;9897;11036;19276;29073;29074;29075;29076;29077;29078;29079;29081;29082
308,g_chan[1].u_cdc_chcmd.wq1_rgray[1]$_DFF_PN0_,clk_core,4.75,-0.55,3494;3615;3618;5350;6817;6829;6830;6835;9897;12022;19276;29073;29074;29075;29076;29077;29078;29079;29081;29082
309,g_chan[1].u_cdc_chcmd.wq1_rgray[4]$_DFF_PN0_,clk_core,4.75,-0.55,3494;3615;3618;5350;6817;6829;6830;6835;9897;12022;19276;29073;29074;29075;29076;29077;29078;29079;29081;29082
310,g_chan[1].u_cdc_chcmd.wq2_rgray[1]$_DFF_PN0_,clk_core,4.75,-0.55,3494;3615;3618;5350;6817;6829;6830;6835;9897;12022;19276;29073;29074;29075;29076;29077;29078;29079;29081;29082
311,g_chan[1].u_cdc_chcmd.wq2_rgray[3]$_DFF_PN0_,clk_core,4.75,-0.55,3494;3615;3618;5350;6817;6829;6830;6835;9897;12022;19276;29073;29074;29075;29076;29077;29078;29079;29081;29082
312,g_chan[1].u_cdc_chcmd.wq2_rgray[4]$_DFF_PN0_,clk_core,4.75,-0.55,3494;3615;3618;5350;6817;6829;6830;6835;9897;12022;19276;29073;29074;29075;29076;29077;29078;29079;29081;29082
313,g_chan[1].u_cdc_chcmd.wbin[3]$_DFF_PN0_,clk_core,4.75,-0.55,3494;3615;3618;5349;6817;6829;6830;6835;9897;12022;19276;29073;29074;29075;29076;29077;29078;29079;29081;29082
314,g_chan[1].u_cdc_chcmd.wbin[4]$_DFF_PN0_,clk_core,4.75,-0.55,3494;3615;3618;5349;6817;6829;6830;6835;9897;12022;19276;29073;29074;29075;29076;29077;29078;29079;29081;29082
315,g_chan[1].u_cdc_chcmd.wgray[0]$_DFF_PN0_,clk_core,4.75,-0.55,3494;3615;3618;5349;6817;6829;6830;6835;9897;12022;19276;29073;29074;29075;29076;29077;29078;29079;29081;29082
316,g_chan[1].u_cdc_chcmd.wgray[2]$_DFF_PN0_,clk_core,4.75,-0.55,3494;3615;3618;5349;6817;6829;6830;6835;9897;12022;19276;29073;29074;29075;29076;29077;29078;29079;29081;29082
317,g_chan[1].u_cdc_chcmd.wgray[3]$_DFF_PN0_,clk_core,4.75,-0.55,3494;3615;3618;5349;6817;6829;6830;6835;9897;12022;19276;29073;29074;29075;29076;29077;29078;29079;29081;29082
318,g_chan[1].u_cdc_chcmd.wq1_rgray[0]$_DFF_PN0_,clk_core,4.75,-0.55,3494;3615;3618;5349;6817;6829;6830;6835;9897;12022;19276;29073;29074;29075;29076;29077;29078;29079;29081;29082
319,g_chan[1].u_cdc_chcmd.wq1_rgray[2]$_DFF_PN0_,clk_core,4.75,-0.55,3494;3615;3618;5349;6817;6829;6830;6835;9897;12022;19276;29073;29074;29075;29076;29077;29078;29079;29081;29082
320,g_chan[1].u_cdc_chcmd.wq1_rgray[3]$_DFF_PN0_,clk_core,4.75,-0.55,3494;3615;3618;5349;6817;6829;6830;6835;9897;12022;19276;29073;29074;29075;29076;29077;29078;29079;29081;29082
321,g_chan[1].u_cdc_chcmd.wq2_rgray[2]$_DFF_PN0_,clk_core,4.75,-0.55,3494;3615;3618;5349;6817;6829;6830;6835;9897;12022;19276;29073;29074;29075;29076;29077;29078;29079;29081;29082
322,u_cdc_wbeat.rd_empty$_DFF_PN1_,clk_core,4.75,-0.53,3478;3613;3618;6713;6817;6829;6830;6835;9897;19276;27075;29073;29074;29075;29076;29077;29078;29079;29080;29081;29082
323,c_cmd_opcode[3]$_DFFE_PN0N_,clk_core,4.75,-0.57,6813;6817;6829;9897;11075;29073;29074;29075;29076;29077;29078;29079;29081;29082
324,g_chan[0].u_cdc_chw.wbin[1]$_DFF_PN0_,clk_core,4.75,-0.54,3467;3613;3618;5876;6817;6829;6830;6835;9897;11036;19276;29073;29074;29075;29076;29077;29078;29079;29081;29082
325,g_chan[0].u_cdc_chw.wbin[3]$_DFF_PN0_,clk_core,4.75,-0.54,3467;3613;3618;5876;6817;6829;6830;6835;9897;11036;19276;29073;29074;29075;29076;29077;29078;29079;29081;29082
326,g_chan[0].u_cdc_chw.wbin[4]$_DFF_PN0_,clk_core,4.75,-0.54,3467;3613;3618;5876;6817;6829;6830;6835;9897;11036;19276;29073;29074;29075;29076;29077;29078;29079;29081;29082
327,g_chan[1].u_cdc_chw.wbin[4]$_DFF_PN0_,clk_core,4.76,-0.54,3478;3613;3618;6702;6817;6829;6830;6835;9897;11036;19276;29073;29074;29075;29076;29077;29078;29079;29081;29082
328,g_chan[1].u_cdc_chw.wgray[2]$_DFF_PN0_,clk_core,4.76,-0.54,3478;3613;3618;6702;6817;6829;6830;6835;9897;11036;19276;29073;29074;29075;29076;29077;29078;29079;29081;29082
329,g_chan[1].u_cdc_chw.wgray[3]$_DFF_PN0_,clk_core,4.76,-0.54,3478;3613;3618;6702;6817;6829;6830;6835;9897;11036;19276;29073;29074;29075;29076;29077;29078;29079;29081;29082
330,g_chan[1].u_cdc_chw.wq2_rgray[3]$_DFF_PN0_,clk_core,4.76,-0.54,3478;3613;3618;6702;6817;6829;6830;6835;9897;11036;19276;29073;29074;29075;29076;29077;29078;29079;29081;29082
331,g_chan[0].u_cdc_chw.wbin[0]$_DFF_PN0_,clk_core,4.76,-0.54,3467;3613;3618;5870;6817;6829;6830;6835;9897;11036;19276;29073;29074;29075;29076;29077;29078;29079;29081;29082
332,g_chan[1].u_cdc_chw.wgray[1]$_DFF_PN0_,clk_core,4.76,-0.54,3478;3613;3618;6671;6817;6829;6830;6835;9897;11036;19276;29073;29074;29075;29076;29077;29078;29079;29081;29082
333,g_chan[1].u_cdc_chw.wq1_rgray[1]$_DFF_PN0_,clk_core,4.76,-0.54,3478;3613;3618;6671;6817;6829;6830;6835;9897;11036;19276;29073;29074;29075;29076;29077;29078;29079;29081;29082
334,g_chan[1].u_cdc_chw.wq2_rgray[1]$_DFF_PN0_,clk_core,4.76,-0.54,3478;3613;3618;6671;6817;6829;6830;6835;9897;11036;19276;29073;29074;29075;29076;29077;29078;29079;29081;29082
335,c_cmd_chan$_DFFE_PN0N_,clk_core,4.76,-0.57,6807;6817;6829;9897;11075;19498;29073;29074;29075;29076;29077;29078;29079;29081;29082
336,c_cmd_chmask[0]$_DFFE_PN0N_,clk_core,4.76,-0.57,6807;6817;6829;9897;11075;29073;29074;29075;29076;29077;29078;29079;29081;29082
337,c_cmd_opcode[2]$_DFFE_PN0N_,clk_core,4.76,-0.57,6807;6817;6829;9897;11075;29073;29074;29075;29076;29077;29078;29079;29081;29082
338,c_cmd_opcode[4]$_DFFE_PN0N_,clk_core,4.76,-0.57,6807;6817;6829;9897;11075;29073;29074;29075;29076;29077;29078;29079;29081;29082
339,c_cmd_opcode[6]$_DFFE_PN0N_,clk_core,4.76,-0.57,6807;6817;6829;9897;11075;29073;29074;29075;29076;29077;29078;29079;29081;29082
340,g_chan[1].u_cdc_chw.wbin[0]$_DFF_PN0_,clk_core,4.76,-0.53,3478;3613;3618;6713;6817;6829;6830;6835;9897;19276;29073;29074;29075;29076;29077;29078;29079;29080;29081;29082
341,g_chan[1].u_cdc_chw.wbin[1]$_DFF_PN0_,clk_core,4.76,-0.53,3478;3613;3618;6713;6817;6829;6830;6835;9897;19276;29073;29074;29075;29076;29077;29078;29079;29080;29081;29082
342,g_chan[0].u_cdc_chw.wr_full$_DFF_PN0_,clk_core,4.76,-0.53,3478;3613;3618;6702;6817;6829;6830;6835;9897;19276;29073;29074;29075;29076;29077;29078;29079;29080;29081;29082
343,g_chan[1].u_cdc_chw.wbin[3]$_DFF_PN0_,clk_core,4.76,-0.53,3478;3613;3618;6702;6817;6829;6830;6835;9897;19276;29073;29074;29075;29076;29077;29078;29079;29080;29081;29082
344,g_chan[1].u_cdc_chw.wq1_rgray[2]$_DFF_PN0_,clk_core,4.76,-0.53,3478;3613;3618;6702;6817;6829;6830;6835;9897;19276;29073;29074;29075;29076;29077;29078;29079;29080;29081;29082
345,g_chan[1].u_cdc_chw.wq2_rgray[2]$_DFF_PN0_,clk_core,4.76,-0.53,3478;3613;3618;6702;6817;6829;6830;6835;9897;19276;29073;29074;29075;29076;29077;29078;29079;29080;29081;29082
346,g_chan[1].u_cdc_chw.wr_full$_DFF_PN0_,clk_core,4.76,-0.53,3478;3613;3618;6691;6817;6829;6830;6835;9897;19276;29073;29074;29075;29076;29077;29078;29079;29080;29081;29082
347,g_chan[1].u_cdc_chw.wbin[2]$_DFF_PN0_,clk_core,4.76,-0.53,3478;3613;3618;6671;6817;6829;6830;6835;9897;19276;29073;29074;29075;29076;29077;29078;29079;29080;29081;29082
348,c_cmd_len[6]$_DFFE_PN0N_,clk_core,4.8,-0.54,6817;6819;6829;9897;11093;29073;29074;29075;29076;29077;29078;29079;29081;29082
349,u_cdc_cmd.rbin[3]$_DFF_PN0_,clk_core,4.8,-0.54,6817;6819;6829;9897;11093;29073;29074;29075;29076;29077;29078;29079;29081;29082
350,u_cdc_cmd.rbin[4]$_DFF_PN0_,clk_core,4.8,-0.54,6817;6819;6829;9897;11093;29073;29074;29075;29076;29077;29078;29079;29081;29082
351,u_cdc_cmd.rq2_wgray[3]$_DFF_PN0_,clk_core,4.8,-0.54,6817;6819;6829;9897;11093;29073;29074;29075;29076;29077;29078;29079;29081;29082
352,c_cmd_addr[13]$_DFFE_PN0N_,clk_core,4.8,-0.54,6807;6817;6829;9897;11093;29073;29074;29075;29076;29077;29078;29079;29081;29082
353,c_cmd_addr[9]$_DFFE_PN0N_,clk_core,4.8,-0.54,6817;6825;6829;9897;11093;29073;29074;29075;29076;29077;29078;29079;29081;29082
354,c_cmd_len[0]$_DFFE_PN0N_,clk_core,4.8,-0.54,6817;6825;6829;9897;11093;29073;29074;29075;29076;29077;29078;29079;29081;29082
355,c_cmd_len[10]$_DFFE_PN0N_,clk_core,4.8,-0.54,6817;6825;6829;9897;11093;29073;29074;29075;29076;29077;29078;29079;29081;29082
356,c_cmd_len[11]$_DFFE_PN0N_,clk_core,4.8,-0.54,6817;6825;6829;9897;11093;29073;29074;29075;29076;29077;29078;29079;29081;29082
357,c_cmd_len[12]$_DFFE_PN0N_,clk_core,4.8,-0.54,6817;6825;6829;9897;11093;29073;29074;29075;29076;29077;29078;29079;29081;29082
358,c_cmd_len[13]$_DFFE_PN0N_,clk_core,4.8,-0.54,6817;6825;6829;9897;11093;29073;29074;29075;29076;29077;29078;29079;29081;29082
359,c_cmd_len[14]$_DFFE_PN0N_,clk_core,4.8,-0.54,6817;6825;6829;9897;11093;29073;29074;29075;29076;29077;29078;29079;29081;29082
360,c_cmd_len[15]$_DFFE_PN0N_,clk_core,4.8,-0.54,6817;6825;6829;9897;11093;29073;29074;29075;29076;29077;29078;29079;29081;29082
361,c_cmd_len[1]$_DFFE_PN0N_,clk_core,4.8,-0.54,6817;6825;6829;9897;11093;29073;29074;29075;29076;29077;29078;29079;29081;29082
362,c_cmd_len[31]$_DFFE_PN0N_,clk_core,4.8,-0.54,6817;6825;6829;9897;11093;29073;29074;29075;29076;29077;29078;29079;29081;29082
363,c_cmd_len[3]$_DFFE_PN0N_,clk_core,4.8,-0.54,6817;6825;6829;9897;11093;29073;29074;29075;29076;29077;29078;29079;29081;29082
364,c_cmd_len[4]$_DFFE_PN0N_,clk_core,4.8,-0.54,6817;6825;6829;9897;11093;29073;29074;29075;29076;29077;29078;29079;29081;29082
365,c_cmd_len[7]$_DFFE_PN0N_,clk_core,4.8,-0.54,6817;6825;6829;9897;11093;29073;29074;29075;29076;29077;29078;29079;29081;29082
366,c_cmd_len[9]$_DFFE_PN0N_,clk_core,4.8,-0.54,6817;6825;6829;9897;11093;29073;29074;29075;29076;29077;29078;29079;29081;29082
367,c_cmd_len[2]$_DFFE_PN0N_,clk_core,4.8,-0.54,6817;6829;9897;11093;29073;29074;29075;29076;29077;29078;29079;29081;29082
368,c_cmd_len[5]$_DFFE_PN0N_,clk_core,4.8,-0.54,6817;6829;9897;11093;29073;29074;29075;29076;29077;29078;29079;29081;29082
369,c_cmd_len[8]$_DFFE_PN0N_,clk_core,4.8,-0.54,6817;6829;9897;11093;29073;29074;29075;29076;29077;29078;29079;29081;29082
370,u_cdc_cmd.rgray[3]$_DFF_PN0_,clk_core,4.8,-0.54,6817;6829;9897;11093;29073;29074;29075;29076;29077;29078;29079;29081;29082
371,u_cdc_cmd.rq1_wgray[3]$_DFF_PN0_,clk_core,4.8,-0.54,6817;6829;9897;11093;29073;29074;29075;29076;29077;29078;29079;29081;29082
372,u_cdc_cmd.rq1_wgray[4]$_DFF_PN0_,clk_core,4.8,-0.54,6817;6829;9897;11093;29073;29074;29075;29076;29077;29078;29079;29081;29082
373,u_cdc_cmd.rq2_wgray[4]$_DFF_PN0_,clk_core,4.8,-0.54,6817;6829;9897;11093;29073;29074;29075;29076;29077;29078;29079;29081;29082
374,c_cmd_chmask[1]$_DFFE_PN0N_,clk_core,4.81,-0.53,6813;6817;6829;9897;29073;29074;29075;29076;29077;29078;29079;29080;29081;29082
375,u_host_if.rpop_q[12]$_DFFE_PN0P_,clk_core,9.52,-0.67,11140;11156;11228;11261;14293;15640;16471;16555;17421;17441;29084;29085
376,u_host_if.rpop_q[13]$_DFFE_PN0P_,clk_core,9.52,-0.67,11140;11156;11228;11261;14293;15651;16471;16555;17421;17441;29084;29085
377,u_host_if.rpop_q[14]$_DFFE_PN0P_,clk_core,9.52,-0.67,11140;11156;11228;11261;14293;15651;16471;16555;17421;17441;29084;29085
378,u_host_if.rpop_q[15]$_DFFE_PN0P_,clk_core,9.52,-0.67,11140;11156;11228;11261;14293;15651;16471;16555;17421;17441;29084;29085
379,u_host_if.rpop_q[16]$_DFFE_PN0P_,clk_core,9.52,-0.67,11140;11156;11228;11261;14293;15651;16471;16555;17421;17441;29084;29085
380,u_host_if.rpop_q[18]$_DFFE_PN0P_,clk_core,9.52,-0.67,11140;11156;11228;11261;14293;15615;16471;16555;17421;17441;29084;29085
381,u_host_if.rpop_q[19]$_DFFE_PN0P_,clk_core,9.52,-0.67,11140;11156;11228;11261;14293;15615;16471;16555;17421;17441;29084;29085
382,u_host_if.rpop_q[22]$_DFFE_PN0P_,clk_core,9.52,-0.67,11140;11156;11228;11261;14293;15615;16471;16555;17421;17441;29084;29085
383,u_host_if.rpop_q[23]$_DFFE_PN0P_,clk_core,9.52,-0.67,11140;11156;11228;11261;14293;15615;16471;16555;17421;17441;29084;29085
384,u_host_if.rpop_q[28]$_DFFE_PN0P_,clk_core,9.52,-0.67,11140;11156;11228;11261;14293;15615;16471;16555;17421;17441;29084;29085
385,u_host_if.rpop_q[30]$_DFFE_PN0P_,clk_core,9.52,-0.67,11140;11156;11228;11261;14293;15615;16471;16555;17421;17441;29084;29085
386,u_host_if.s_rdata[13]$_DFFE_PN0P_,clk_core,9.52,-0.67,11140;11156;11228;11261;14293;15615;16471;16555;17421;17441;29084;29085
387,u_host_if.s_rdata[14]$_DFFE_PN0P_,clk_core,9.52,-0.67,11140;11156;11228;11261;14293;15651;16471;16555;17421;17441;29084;29085
388,u_host_if.s_rdata[15]$_DFFE_PN0P_,clk_core,9.52,-0.67,11140;11156;11228;11261;14293;15651;16471;16555;17421;17441;29084;29085
389,u_host_if.s_rdata[16]$_DFFE_PN0P_,clk_core,9.52,-0.67,11140;11156;11228;11261;14293;15640;16471;16555;17421;17441;29084;29085
390,u_host_if.s_rdata[18]$_DFFE_PN0P_,clk_core,9.52,-0.67,11140;11156;11228;11261;14293;15640;16471;16555;17421;17441;29084;29085
391,u_host_if.s_rdata[19]$_DFFE_PN0P_,clk_core,9.52,-0.67,11140;11156;11228;11261;14293;15676;16471;16555;17421;17441;29084;29085
392,u_host_if.s_rdata[22]$_DFFE_PN0P_,clk_core,9.52,-0.67,11140;11156;11228;11261;14293;15651;16471;16555;17421;17441;29084;29085
393,u_host_if.s_rdata[23]$_DFFE_PN0P_,clk_core,9.52,-0.67,11140;11156;11228;11261;14293;15640;16471;16555;17421;17441;29084;29085
394,u_host_if.s_rdata[24]$_DFFE_PN0P_,clk_core,9.52,-0.67,11140;11156;11228;11261;14293;15640;16471;16555;17421;17441;29084;29085
395,u_host_if.s_rdata[27]$_DFFE_PN0P_,clk_core,9.52,-0.67,11140;11156;11228;11261;14293;15676;16471;16555;17421;17441;29084;29085
396,u_host_if.s_rdata[28]$_DFFE_PN0P_,clk_core,9.52,-0.67,11140;11156;11228;11261;14293;15676;16471;16555;17421;17441;29084;29085
397,u_host_if.s_rdata[30]$_DFFE_PN0P_,clk_core,9.52,-0.67,11140;11156;11228;11261;14293;15640;16471;16555;17421;17441;29084;29085
398,u_host_if.rpop_q[4]$_DFFE_PN0P_,clk_core,9.52,-0.66,11140;11199;11228;11261;14293;15785;16471;16515;16555;17324;17421;29084;29085
399,u_host_if.s_rdata[7]$_DFFE_PN0P_,clk_core,9.52,-0.66,11140;11199;11228;11261;14293;15785;16471;16515;16555;17324;17421;29084;29085
400,_46551_,clk_core,2.19,-2.86,6819;6829;6830;6835;9897;19276;24749;29073;29074;29075;29076;29077;29078;29079
401,g_clkgate.u_cg_core.en_latched$_DLATCH_N_,clk_core,2.24,-0.55,2141;2142;3528;3616;3618;6763;6819;6829;6830;6835;9897;19276;19277;24749;29073;29074;29075;29076;29077;29078;29079
402,u_dma_fabric.rbeat_data[30]$_DFFE_PN0P_,clk_core,4.04,-1.16,3439;3441;3612;3618;5767;5813;6830;6835;7486;7488;7491;7504;7509;7516;12042;12127;12247;12361;19276
403,u_dma_fabric.rbeat_data[31]$_DFFE_PN0P_,clk_core,4.04,-1.16,3439;3441;3612;3618;5763;5813;6830;6835;12042;12127;12247;12361;19059;19060;19061;19062;19063;19064;19276
404,u_dma_fabric.rbeat_data[16]$_DFFE_PN0P_,clk_core,4.04,-1.16,3439;3441;3612;3618;5763;5813;6830;6835;8006;8007;8008;8017;8018;8019;12042;12127;12247;12361;19276
405,u_dma_fabric.rbeat_data[25]$_DFFE_PN0P_,clk_core,4.04,-1.16,3441;3450;3612;3618;5358;5813;6830;6835;7685;7686;7687;7688;7689;7690;12042;12127;12247;12361;19276
406,u_dma_fabric.rbeat_data[8]$_DFFE_PN0P_,clk_core,4.04,-1.16,3441;3444;3612;3618;5755;5813;6830;6835;8302;8303;8304;8305;8306;8307;12042;12127;12247;12361;19276
407,c_cmd_len[13]$_DFFE_PN0N_,clk_core,4.08,-1.17,437;439;441;443;445;6819;6825;6829;9897;10551;10562;10563;10958;29073;29074;29075;29076;29077;29078;29079
408,c_cmd_len[14]$_DFFE_PN0N_,clk_core,4.08,-1.17,420;421;422;423;424;6819;6825;6829;9897;10551;10562;10563;10958;29073;29074;29075;29076;29077;29078;29079
409,c_cmd_len[31]$_DFFE_PN0N_,clk_core,4.08,-1.17,122;123;124;125;126;6819;6825;6829;9897;10551;10562;10563;10958;29073;29074;29075;29076;29077;29078;29079
410,c_cmd_len[23]$_DFFE_PN0N_,clk_core,4.09,-1.16,261;263;265;267;269;6819;6827;6829;9897;10537;10551;10554;10958;29073;29074;29075;29076;29077;29078;29079
411,c_cmd_len[24]$_DFFE_PN0N_,clk_core,4.09,-1.16,244;245;246;247;248;6819;6827;6829;9897;10537;10551;10554;10958;29073;29074;29075;29076;29077;29078;29079
412,c_cmd_len[26]$_DFFE_PN0N_,clk_core,4.09,-1.16,208;209;210;211;212;6819;6827;6829;9897;10537;10551;10554;10958;29073;29074;29075;29076;29077;29078;29079
413,c_cmd_len[27]$_DFFE_PN0N_,clk_core,4.09,-1.16,192;193;194;195;196;6819;6827;6829;9897;10537;10551;10554;10958;29073;29074;29075;29076;29077;29078;29079
414,g_chan[1].u_cdc_chw.mem[11][31]$_DFFE_PP_,clk_core,4.09,-1.1,3453;3485;3612;3613;3618;5846;6760;6830;6835;10491;10495;13044;13046;17061;18624;18625;18626;18628;18634;19276
415,g_chan[0].u_cdc_chw.mem[3][31]$_DFFE_PP_,clk_core,4.1,-1.1,3469;3485;3613;3618;6306;6760;6830;6835;10491;10495;13044;13046;17061;18624;18625;18626;18628;18728;19276
416,g_chan[0].u_cdc_chw.mem[4][31]$_DFFE_PP_,clk_core,4.1,-1.1,3469;3485;3613;3618;6306;6760;6830;6835;10491;10495;13044;13046;17061;18624;18625;18626;18628;18727;19276
417,g_chan[0].u_cdc_chw.mem[5][31]$_DFFE_PP_,clk_core,4.1,-1.1,3469;3485;3613;3618;6306;6760;6830;6835;10491;10495;13044;13046;17061;18624;18625;18626;18628;18726;19276
418,g_chan[0].u_cdc_chw.mem[6][31]$_DFFE_PP_,clk_core,4.1,-1.1,3464;3485;3613;3618;6281;6760;6830;6835;10491;10495;13044;13046;17061;18624;18625;18626;18628;18725;19276
419,g_chan[0].u_cdc_chw.mem[7][31]$_DFFE_PP_,clk_core,4.1,-1.1,3464;3485;3613;3618;6292;6760;6830;6835;10491;10495;13044;13046;17061;18624;18625;18626;18628;18724;19276
420,g_chan[0].u_cdc_chw.mem[0][31]$_DFFE_PP_,clk_core,4.1,-1.1,3464;3485;3613;3618;6305;6760;6830;6835;10491;10495;13044;13046;17061;18624;18625;18626;18628;18731;19276
421,g_chan[0].u_cdc_chw.mem[10][31]$_DFFE_PP_,clk_core,4.1,-1.1,3463;3485;3613;3618;5997;6760;6830;6835;10491;10495;13044;13046;17061;18624;18625;18626;18628;18721;19276
422,g_chan[0].u_cdc_chw.mem[11][31]$_DFFE_PP_,clk_core,4.1,-1.1,3463;3485;3613;3618;5997;6760;6830;6835;10491;10495;13044;13046;17061;18624;18625;18626;18628;18720;19276
423,g_chan[0].u_cdc_chw.mem[12][31]$_DFFE_PP_,clk_core,4.1,-1.1,3463;3485;3613;3618;5963;6760;6830;6835;10491;10495;13044;13046;17061;18624;18625;18626;18628;18718;19276
424,g_chan[0].u_cdc_chw.mem[13][31]$_DFFE_PP_,clk_core,4.1,-1.1,3463;3485;3613;3618;5997;6760;6830;6835;10491;10495;13044;13046;17061;18624;18625;18626;18628;18717;19276
425,g_chan[0].u_cdc_chw.mem[14][31]$_DFFE_PP_,clk_core,4.1,-1.1,3463;3485;3613;3618;5963;6760;6830;6835;10491;10495;13044;13046;17061;18624;18625;18626;18628;18716;19276
426,g_chan[0].u_cdc_chw.mem[15][31]$_DFFE_PP_,clk_core,4.1,-1.1,3463;3485;3613;3618;5963;6760;6830;6835;10491;10495;13044;13046;17061;18624;18625;18626;18628;18715;19276
427,g_chan[0].u_cdc_chw.mem[1][31]$_DFFE_PP_,clk_core,4.1,-1.1,3464;3485;3613;3618;6305;6760;6830;6835;10491;10495;13044;13046;17061;18624;18625;18626;18628;18730;19276
428,g_chan[0].u_cdc_chw.mem[2][31]$_DFFE_PP_,clk_core,4.1,-1.1,3464;3485;3613;3618;6305;6760;6830;6835;10491;10495;13044;13046;17061;18624;18625;18626;18628;18729;19276
429,g_chan[0].u_cdc_chw.mem[8][31]$_DFFE_PP_,clk_core,4.1,-1.1,3463;3485;3613;3618;5997;6760;6830;6835;10491;10495;13044;13046;17061;18624;18625;18626;18628;18723;19276
430,g_chan[0].u_cdc_chw.mem[9][31]$_DFFE_PP_,clk_core,4.1,-1.1,3463;3485;3613;3618;5997;6760;6830;6835;10491;10495;13044;13046;17061;18624;18625;18626;18628;18722;19276
431,g_chan[1].u_cdc_chw.mem[10][31]$_DFFE_PP_,clk_core,4.1,-1.1,3467;3485;3613;3618;5857;6760;6830;6835;10491;10495;13044;13046;17061;18624;18625;18626;18628;18635;19276
432,g_chan[1].u_cdc_chw.mem[12][13]$_DFFE_PP_,clk_core,4.1,-1.1,3476;3485;3613;3618;6543;6760;6830;6835;10491;10495;12383;12384;12385;12389;12391;13044;13046;15877;16891;19276
433,g_chan[1].u_cdc_chw.mem[13][13]$_DFFE_PP_,clk_core,4.1,-1.1,3476;3485;3613;3618;6543;6760;6830;6835;10491;10495;12383;12384;12385;12389;12391;13044;13046;15913;16891;19276
434,g_chan[0].u_cdc_chw.mem[14][11]$_DFFE_PP_,clk_core,4.1,-1.1,3473;3485;3613;3618;6460;6760;6830;6835;10491;10495;12425;12426;12427;12431;12433;13044;13046;13180;16903;19276
435,g_chan[0].u_cdc_chw.mem[15][11]$_DFFE_PP_,clk_core,4.1,-1.1,3473;3485;3613;3618;6460;6760;6830;6835;10491;10495;12425;12426;12427;12431;12433;13044;13046;13216;16903;19276
436,g_chan[1].u_cdc_chw.mem[4][11]$_DFFE_PP_,clk_core,4.1,-1.1,3482;3485;3613;3618;6601;6760;6830;6835;10491;10495;12425;12426;12427;12431;12433;13044;13046;15578;16903;19276
437,g_chan[1].u_cdc_chw.mem[5][11]$_DFFE_PP_,clk_core,4.1,-1.1,3482;3485;3613;3618;6601;6760;6830;6835;10491;10495;12425;12426;12427;12431;12433;13044;13046;15625;16903;19276
438,g_chan[1].u_cdc_chw.mem[6][11]$_DFFE_PP_,clk_core,4.1,-1.1,3482;3485;3613;3618;6601;6760;6830;6835;10491;10495;12425;12426;12427;12431;12433;13044;13046;15661;16903;19276
439,g_chan[1].u_cdc_chw.mem[7][11]$_DFFE_PP_,clk_core,4.1,-1.1,3482;3485;3613;3618;6597;6760;6830;6835;10491;10495;12425;12426;12427;12431;12433;13044;13046;15697;16903;19276
440,g_chan[0].u_cdc_chw.mem[10][11]$_DFFE_PP_,clk_core,4.1,-1.1,3473;3485;3613;3618;6413;6760;6830;6835;10491;10495;12425;12426;12427;12431;12433;13024;13044;13046;16903;19276
441,g_chan[0].u_cdc_chw.mem[11][11]$_DFFE_PP_,clk_core,4.1,-1.1,3473;3485;3613;3618;6414;6760;6830;6835;10491;10495;12425;12426;12427;12431;12433;13044;13046;13071;16903;19276
442,g_chan[0].u_cdc_chw.mem[12][11]$_DFFE_PP_,clk_core,4.1,-1.1,3473;3485;3613;3618;6484;6760;6830;6835;10491;10495;12425;12426;12427;12431;12433;13044;13046;13108;16903;19276
443,g_chan[0].u_cdc_chw.mem[13][11]$_DFFE_PP_,clk_core,4.1,-1.1,3473;3485;3613;3618;6484;6760;6830;6835;10491;10495;12425;12426;12427;12431;12433;13044;13046;13144;16903;19276
444,g_chan[0].u_cdc_chw.mem[7][11]$_DFFE_PP_,clk_core,4.1,-1.1,3473;3485;3613;3618;6460;6760;6830;6835;10491;10495;12425;12426;12427;12431;12433;12895;13044;13046;16903;19276
445,g_chan[0].u_cdc_chw.mem[8][11]$_DFFE_PP_,clk_core,4.1,-1.1,3473;3485;3613;3618;6425;6760;6830;6835;10491;10495;12425;12426;12427;12431;12433;12932;13044;13046;16903;19276
446,g_chan[0].u_cdc_chw.mem[9][11]$_DFFE_PP_,clk_core,4.1,-1.1,3473;3485;3613;3618;6425;6760;6830;6835;10491;10495;12425;12426;12427;12431;12433;12968;13044;13046;16903;19276
447,g_chan[0].u_cdc_chw.mem[0][13]$_DFFE_PP_,clk_core,4.1,-1.1,3464;3485;3613;3618;6292;6760;6830;6835;10491;10495;12383;12384;12385;12389;12391;12393;13044;13046;16891;19276
448,g_chan[0].u_cdc_chw.mem[10][13]$_DFFE_PP_,clk_core,4.1,-1.1,3463;3485;3613;3618;6049;6760;6830;6835;10491;10495;12383;12384;12385;12389;12391;13020;13044;13046;16891;19276
449,g_chan[0].u_cdc_chw.mem[11][13]$_DFFE_PP_,clk_core,4.1,-1.1,3463;3485;3613;3618;6014;6760;6830;6835;10491;10495;12383;12384;12385;12389;12391;13044;13046;13069;16891;19276
450,g_chan[0].u_cdc_chw.mem[12][13]$_DFFE_PP_,clk_core,4.1,-1.1,3463;3485;3613;3618;6014;6760;6830;6835;10491;10495;12383;12384;12385;12389;12391;13044;13046;13106;16891;19276
451,g_chan[0].u_cdc_chw.mem[13][13]$_DFFE_PP_,clk_core,4.1,-1.1,3463;3485;3613;3618;6014;6760;6830;6835;10491;10495;12383;12384;12385;12389;12391;13044;13046;13142;16891;19276
452,g_chan[0].u_cdc_chw.mem[14][13]$_DFFE_PP_,clk_core,4.1,-1.1,3463;3485;3613;3618;6014;6760;6830;6835;10491;10495;12383;12384;12385;12389;12391;13044;13046;13178;16891;19276
453,g_chan[0].u_cdc_chw.mem[15][13]$_DFFE_PP_,clk_core,4.1,-1.1,3463;3485;3613;3618;6014;6760;6830;6835;10491;10495;12383;12384;12385;12389;12391;13044;13046;13214;16891;19276
454,g_chan[0].u_cdc_chw.mem[2][13]$_DFFE_PP_,clk_core,4.1,-1.1,3464;3485;3613;3618;6292;6760;6830;6835;10491;10495;12383;12384;12385;12389;12391;12711;13044;13046;16891;19276
455,g_chan[0].u_cdc_chw.mem[3][13]$_DFFE_PP_,clk_core,4.1,-1.1,3464;3485;3613;3618;6292;6760;6830;6835;10491;10495;12383;12384;12385;12389;12391;12748;13044;13046;16891;19276
456,g_chan[0].u_cdc_chw.mem[4][13]$_DFFE_PP_,clk_core,4.1,-1.1,3464;3485;3613;3618;6281;6760;6830;6835;10491;10495;12383;12384;12385;12389;12391;12785;13044;13046;16891;19276
457,g_chan[0].u_cdc_chw.mem[5][13]$_DFFE_PP_,clk_core,4.1,-1.1,3464;3485;3613;3618;6281;6760;6830;6835;10491;10495;12383;12384;12385;12389;12391;12821;13044;13046;16891;19276
458,g_chan[0].u_cdc_chw.mem[6][13]$_DFFE_PP_,clk_core,4.1,-1.1,3464;3485;3613;3618;6281;6760;6830;6835;10491;10495;12383;12384;12385;12389;12391;12857;13044;13046;16891;19276
459,g_chan[0].u_cdc_chw.mem[7][13]$_DFFE_PP_,clk_core,4.1,-1.1,3464;3485;3613;3618;6281;6760;6830;6835;10491;10495;12383;12384;12385;12389;12391;12893;13044;13046;16891;19276
460,g_chan[0].u_cdc_chw.mem[9][13]$_DFFE_PP_,clk_core,4.1,-1.1,3463;3485;3613;3618;6049;6760;6830;6835;10491;10495;12383;12384;12385;12389;12391;12966;13044;13046;16891;19276
461,g_chan[0].u_cdc_chw.mem[8][13]$_DFFE_PP_,clk_core,4.1,-1.1,3463;3485;3613;3618;6066;6760;6830;6835;10491;10495;12383;12384;12385;12389;12391;12930;13044;13046;16891;19276
462,g_chan[0].u_cdc_chw.mem[1][13]$_DFFE_PP_,clk_core,4.1,-1.1,3464;3485;3613;3618;6257;6760;6830;6835;10491;10495;12383;12384;12385;12389;12391;12674;13044;13046;16891;19276
463,c_cmd_addr[15]$_DFFE_PN0N_,clk_core,4.11,-1.14,966;968;970;972;974;6819;6823;6829;9897;10551;10554;10780;10958;29073;29074;29075;29076;29077;29078;29079
464,g_chan[1].u_cdc_chw.mem[7][15]$_DFFE_PP_,clk_core,4.11,-1.1,3482;3485;3613;3618;6600;6760;6830;6835;10491;10495;12346;12347;12348;12350;13044;13046;15693;16863;19276
465,g_chan[1].u_cdc_chw.mem[10][15]$_DFFE_PP_,clk_core,4.11,-1.1,3482;3485;3613;3618;6568;6760;6830;6835;10491;10495;12346;12347;12348;12350;13044;13046;15802;16863;19276
466,g_chan[1].u_cdc_chw.mem[11][15]$_DFFE_PP_,clk_core,4.11,-1.1,3482;3485;3613;3618;6568;6760;6830;6835;10491;10495;12346;12347;12348;12350;13044;13046;15838;16863;19276
467,g_chan[1].u_cdc_chw.mem[12][15]$_DFFE_PP_,clk_core,4.11,-1.1,3482;3485;3613;3618;6579;6760;6830;6835;10491;10495;12346;12347;12348;12350;13044;13046;15875;16863;19276
468,g_chan[1].u_cdc_chw.mem[13][15]$_DFFE_PP_,clk_core,4.11,-1.1,3482;3485;3613;3618;6568;6760;6830;6835;10491;10495;12346;12347;12348;12350;13044;13046;15911;16863;19276
469,g_chan[1].u_cdc_chw.mem[14][15]$_DFFE_PP_,clk_core,4.11,-1.1,3482;3485;3613;3618;6579;6760;6830;6835;10491;10495;12346;12347;12348;12350;13044;13046;15947;16863;19276
470,g_chan[1].u_cdc_chw.mem[15][15]$_DFFE_PP_,clk_core,4.11,-1.1,3482;3485;3613;3618;6579;6760;6830;6835;10491;10495;12346;12347;12348;12350;13044;13046;15983;16863;19276
471,g_chan[1].u_cdc_chw.mem[8][15]$_DFFE_PP_,clk_core,4.11,-1.1,3482;3485;3613;3618;6568;6760;6830;6835;10491;10495;12346;12347;12348;12350;13044;13046;15730;16863;19276
472,g_chan[1].u_cdc_chw.mem[9][15]$_DFFE_PP_,clk_core,4.11,-1.1,3482;3485;3613;3618;6568;6760;6830;6835;10491;10495;12346;12347;12348;12350;13044;13046;15766;16863;19276
473,c_cmd_addr[16]$_DFFE_PN0N_,clk_core,4.11,-1.14,949;950;951;952;953;6819;6827;6829;9897;10551;10554;10559;10958;29073;29074;29075;29076;29077;29078;29079
474,c_cmd_addr[17]$_DFFE_PN0N_,clk_core,4.11,-1.14,932;933;934;935;936;6819;6827;6829;9897;10551;10554;10559;10958;29073;29074;29075;29076;29077;29078;29079
475,c_cmd_addr[20]$_DFFE_PN0N_,clk_core,4.11,-1.14,881;882;883;884;885;6819;6827;6829;9897;10551;10554;10780;10958;29073;29074;29075;29076;29077;29078;29079
476,c_cmd_len[16]$_DFFE_PN0N_,clk_core,4.11,-1.14,384;385;386;387;388;6819;6827;6829;9897;10551;10554;10559;10958;29073;29074;29075;29076;29077;29078;29079
477,c_cmd_len[19]$_DFFE_PN0N_,clk_core,4.11,-1.14,335;336;337;338;339;6819;6827;6829;9897;10551;10554;10559;10958;29073;29074;29075;29076;29077;29078;29079
478,c_cmd_len[20]$_DFFE_PN0N_,clk_core,4.11,-1.14,315;316;317;318;319;6819;6827;6829;9897;10551;10554;10559;10958;29073;29074;29075;29076;29077;29078;29079
479,c_cmd_len[21]$_DFFE_PN0N_,clk_core,4.11,-1.14,299;300;301;302;303;6819;6827;6829;9897;10551;10554;10582;10958;29073;29074;29075;29076;29077;29078;29079
480,c_cmd_len[22]$_DFFE_PN0N_,clk_core,4.11,-1.14,281;282;283;284;285;6819;6827;6829;9897;10551;10554;10780;10958;29073;29074;29075;29076;29077;29078;29079
481,c_cmd_len[25]$_DFFE_PN0N_,clk_core,4.11,-1.14,227;228;229;230;231;6819;6827;6829;9897;10551;10554;10780;10958;29073;29074;29075;29076;29077;29078;29079
482,g_chan[0].u_cdc_chw.mem[0][11]$_DFFE_PP_,clk_core,4.11,-1.1,3470;3485;3613;3618;6389;6760;6830;6835;10491;10495;12425;12426;12427;12431;12433;12435;13044;13046;16903;19276
483,g_chan[0].u_cdc_chw.mem[1][11]$_DFFE_PP_,clk_core,4.11,-1.1,3470;3485;3613;3618;6389;6760;6830;6835;10491;10495;12425;12426;12427;12431;12433;12676;13044;13046;16903;19276
484,g_chan[0].u_cdc_chw.mem[2][11]$_DFFE_PP_,clk_core,4.11,-1.1,3470;3485;3613;3618;6389;6760;6830;6835;10491;10495;12425;12426;12427;12431;12433;12713;13044;13046;16903;19276
485,g_chan[0].u_cdc_chw.mem[0][15]$_DFFE_PP_,clk_core,4.11,-1.1,3469;3485;3613;3618;6364;6760;6830;6835;10491;10495;12346;12347;12348;12350;12352;13044;13046;16863;19276
486,g_chan[0].u_cdc_chw.mem[1][15]$_DFFE_PP_,clk_core,4.11,-1.1,3469;3485;3613;3618;6377;6760;6830;6835;10491;10495;12346;12347;12348;12350;12672;13044;13046;16863;19276
487,g_chan[0].u_cdc_chw.mem[2][15]$_DFFE_PP_,clk_core,4.11,-1.1,3469;3485;3613;3618;6364;6760;6830;6835;10491;10495;12346;12347;12348;12350;12709;13044;13046;16863;19276
488,g_chan[0].u_cdc_chw.mem[3][15]$_DFFE_PP_,clk_core,4.11,-1.1,3469;3485;3613;3618;6364;6760;6830;6835;10491;10495;12346;12347;12348;12350;12746;13044;13046;16863;19276
489,g_chan[0].u_cdc_chw.mem[4][15]$_DFFE_PP_,clk_core,4.11,-1.1,3469;3485;3613;3618;6364;6760;6830;6835;10491;10495;12346;12347;12348;12350;12783;13044;13046;16863;19276
490,g_chan[0].u_cdc_chw.mem[5][15]$_DFFE_PP_,clk_core,4.11,-1.1,3469;3485;3613;3618;6342;6760;6830;6835;10491;10495;12346;12347;12348;12350;12819;13044;13046;16863;19276
491,g_chan[0].u_cdc_chw.mem[6][15]$_DFFE_PP_,clk_core,4.11,-1.1,3469;3485;3613;3618;6342;6760;6830;6835;10491;10495;12346;12347;12348;12350;12855;13044;13046;16863;19276
492,g_chan[0].u_cdc_chw.mem[7][15]$_DFFE_PP_,clk_core,4.11,-1.1,3469;3485;3613;3618;6342;6760;6830;6835;10491;10495;12346;12347;12348;12350;12891;13044;13046;16863;19276
493,g_chan[0].u_cdc_chw.mem[3][11]$_DFFE_PP_,clk_core,4.11,-1.1,3470;3485;3613;3618;6449;6760;6830;6835;10491;10495;12425;12426;12427;12431;12433;12750;13044;13046;16903;19276
494,g_chan[0].u_cdc_chw.mem[4][11]$_DFFE_PP_,clk_core,4.11,-1.1,3470;3485;3613;3618;6449;6760;6830;6835;10491;10495;12425;12426;12427;12431;12433;12787;13044;13046;16903;19276
495,g_chan[0].u_cdc_chw.mem[5][11]$_DFFE_PP_,clk_core,4.11,-1.1,3470;3485;3613;3618;6449;6760;6830;6835;10491;10495;12425;12426;12427;12431;12433;12823;13044;13046;16903;19276
496,g_chan[0].u_cdc_chw.mem[6][11]$_DFFE_PP_,clk_core,4.11,-1.1,3470;3485;3613;3618;6449;6760;6830;6835;10491;10495;12425;12426;12427;12431;12433;12859;13044;13046;16903;19276
497,g_chan[0].u_cdc_chw.mem[10][15]$_DFFE_PP_,clk_core,4.11,-1.1,3464;3485;3613;3618;6235;6760;6830;6835;10491;10495;12346;12347;12348;12350;13016;13044;13046;16863;19276
498,g_chan[0].u_cdc_chw.mem[11][15]$_DFFE_PP_,clk_core,4.11,-1.1,3464;3485;3613;3618;6235;6760;6830;6835;10491;10495;12346;12347;12348;12350;13044;13046;13067;16863;19276
499,g_chan[0].u_cdc_chw.mem[12][15]$_DFFE_PP_,clk_core,4.11,-1.1,3464;3485;3613;3618;6235;6760;6830;6835;10491;10495;12346;12347;12348;12350;13044;13046;13104;16863;19276
500,g_chan[0].u_cdc_chw.mem[13][15]$_DFFE_PP_,clk_core,4.11,-1.1,3464;3485;3613;3618;6235;6760;6830;6835;10491;10495;12346;12347;12348;12350;13044;13046;13140;16863;19276
501,g_chan[0].u_cdc_chw.mem[8][15]$_DFFE_PP_,clk_core,4.11,-1.1,3464;3485;3613;3618;6235;6760;6830;6835;10491;10495;12346;12347;12348;12350;12928;13044;13046;16863;19276
502,g_chan[0].u_cdc_chw.mem[9][15]$_DFFE_PP_,clk_core,4.11,-1.1,3464;3485;3613;3618;6235;6760;6830;6835;10491;10495;12346;12347;12348;12350;12964;13044;13046;16863;19276
503,g_chan[0].u_cdc_chw.mem[14][15]$_DFFE_PP_,clk_core,4.11,-1.1,3464;3485;3613;3618;6246;6760;6830;6835;10491;10495;12346;12347;12348;12350;13044;13046;13176;16863;19276
504,g_chan[0].u_cdc_chw.mem[15][15]$_DFFE_PP_,clk_core,4.11,-1.1,3464;3485;3613;3618;6246;6760;6830;6835;10491;10495;12346;12347;12348;12350;13044;13046;13212;16863;19276
505,c_cmd_addr[9]$_DFFE_PN0N_,clk_core,4.11,-1.14,1073;1074;1075;1076;1077;6819;6825;6829;9897;10551;10557;10563;10958;29073;29074;29075;29076;29077;29078;29079
506,c_cmd_len[9]$_DFFE_PN0N_,clk_core,4.11,-1.14,511;512;513;514;515;6819;6825;6829;9897;10551;10557;10563;10958;29073;29074;29075;29076;29077;29078;29079
507,c_cmd_addr[31]$_DFFE_PN0N_,clk_core,4.11,-1.14,687;688;689;690;691;6819;6821;6829;9897;10551;10557;10563;10958;29073;29074;29075;29076;29077;29078;29079
508,c_cmd_len[8]$_DFFE_PN0N_,clk_core,4.11,-1.14,528;529;530;531;532;6817;6819;6829;9897;10551;10557;10563;10958;29073;29074;29075;29076;29077;29078;29079
509,u_dma_fabric.rbeat_data[14]$_DFFE_PN0P_,clk_core,4.13,-1.07,3439;3441;3612;3618;5767;5813;6830;6835;8083;8084;8085;8086;8087;8088;12043;12247;12361;19276
510,u_dma_fabric.rbeat_data[18]$_DFFE_PN0P_,clk_core,4.13,-1.07,3439;3441;3612;3618;5767;5813;6830;6835;7940;7941;7942;7943;7944;7945;12043;12247;12361;19276
511,u_dma_fabric.rbeat_data[21]$_DFFE_PN0P_,clk_core,4.13,-1.07,3439;3441;3612;3618;5767;5813;6830;6835;7824;7825;7826;7835;7836;7838;12043;12247;12361;19276
512,u_dma_fabric.rbeat_data[28]$_DFFE_PN0P_,clk_core,4.13,-1.07,3439;3441;3612;3618;5737;5813;6830;6835;7571;7572;7573;7581;7582;7583;12043;12247;12361;19276
513,u_dma_fabric.rbeat_data[23]$_DFFE_PN0P_,clk_core,4.13,-1.07,3441;3444;3612;3618;5752;5813;6830;6835;7748;7749;7750;7758;7760;7761;12043;12247;12361;19276
514,u_dma_fabric.rbeat_data[11]$_DFFE_PN0P_,clk_core,4.13,-1.06,3441;3448;3612;3618;5442;5813;6830;6835;8193;8195;8196;8197;8198;8200;12127;12247;12361;19276
515,u_dma_fabric.rbeat_data[27]$_DFFE_PN0P_,clk_core,4.13,-1.06,3441;3450;3612;3618;5366;5813;6830;6835;7608;7609;7610;7619;7620;7621;12127;12247;12361;19276
516,u_dma_fabric.rbeat_data[9]$_DFFE_PN0P_,clk_core,4.13,-1.06,3441;3450;3612;3618;5363;5813;6830;6835;8269;8270;8271;8272;8273;8274;12127;12247;12361;19276
517,u_dma_fabric.rbeat_data[2]$_DFFE_PN0P_,clk_core,4.13,-1.06,3441;3444;3612;3618;5752;5813;6830;6835;8507;8508;8509;8510;8511;8512;12127;12247;12361;19276
518,g_chan[1].u_cdc_chw.mem[0][31]$_DFFE_PP_,clk_core,4.15,-1.05,3454;3485;3612;3613;3618;6647;6760;6830;6835;10491;10495;13044;13046;18624;18625;18626;18628;18646;19276
519,g_chan[1].u_cdc_chw.mem[1][31]$_DFFE_PP_,clk_core,4.15,-1.05,3454;3485;3612;3613;3618;6647;6760;6830;6835;10491;10495;13044;13046;18624;18625;18626;18628;18645;19276
520,g_chan[1].u_cdc_chw.mem[4][31]$_DFFE_PP_,clk_core,4.15,-1.05,3454;3485;3612;3613;3618;6649;6760;6830;6835;10491;10495;13044;13046;18624;18625;18626;18628;18642;19276
521,g_chan[1].u_cdc_chw.mem[5][31]$_DFFE_PP_,clk_core,4.15,-1.05,3454;3485;3612;3613;3618;6649;6760;6830;6835;10491;10495;13044;13046;18624;18625;18626;18628;18641;19276
522,g_chan[1].u_cdc_chw.mem[6][31]$_DFFE_PP_,clk_core,4.15,-1.05,3454;3485;3612;3613;3618;6649;6760;6830;6835;10491;10495;13044;13046;18624;18625;18626;18628;18639;19276
523,g_chan[1].u_cdc_chw.mem[7][31]$_DFFE_PP_,clk_core,4.15,-1.05,3454;3485;3612;3613;3618;6649;6760;6830;6835;10491;10495;13044;13046;18624;18625;18626;18628;18638;19276
524,g_chan[1].u_cdc_chw.mem[12][31]$_DFFE_PP_,clk_core,4.15,-1.05,3453;3485;3612;3613;3618;5846;6760;6830;6835;10491;10495;13044;13046;18624;18625;18626;18628;18633;19276
525,g_chan[1].u_cdc_chw.mem[14][31]$_DFFE_PP_,clk_core,4.15,-1.05,3453;3485;3612;3613;3618;5846;6760;6830;6835;10491;10495;13044;13046;18624;18625;18626;18628;18631;19276
526,g_chan[1].u_cdc_chw.mem[15][31]$_DFFE_PP_,clk_core,4.15,-1.05,3453;3485;3612;3613;3618;5846;6760;6830;6835;10491;10495;13044;13046;18624;18625;18626;18628;18630;19276
527,g_chan[1].u_cdc_chw.mem[2][31]$_DFFE_PP_,clk_core,4.15,-1.05,3453;3485;3612;3613;3618;5846;6760;6830;6835;10491;10495;13044;13046;18624;18625;18626;18628;18644;19276
528,g_chan[1].u_cdc_chw.mem[3][31]$_DFFE_PP_,clk_core,4.15,-1.05,3453;3485;3612;3613;3618;5839;6760;6830;6835;10491;10495;13044;13046;18624;18625;18626;18628;18643;19276
529,u_dma_fabric.rbeat_data[13]$_DFFE_PN0P_,clk_core,4.15,-1.05,3441;3492;3612;3615;3618;5356;5728;6830;6835;8102;8103;8104;8105;8122;8123;12270;12444;13004;19276
530,g_chan[1].u_cdc_chw.mem[0][13]$_DFFE_PP_,clk_core,4.15,-1.05,3454;3485;3612;3613;3618;6647;6760;6830;6835;10491;10495;12383;12384;12385;12389;12391;13044;13046;15408;19276
531,g_chan[1].u_cdc_chw.mem[1][13]$_DFFE_PP_,clk_core,4.15,-1.05,3454;3485;3612;3613;3618;6647;6760;6830;6835;10491;10495;12383;12384;12385;12389;12391;13044;13046;15445;19276
532,g_chan[1].u_cdc_chw.mem[2][13]$_DFFE_PP_,clk_core,4.15,-1.05,3454;3485;3612;3613;3618;6650;6760;6830;6835;10491;10495;12383;12384;12385;12389;12391;13044;13046;15482;19276
533,g_chan[1].u_cdc_chw.mem[3][13]$_DFFE_PP_,clk_core,4.15,-1.05,3454;3485;3612;3613;3618;6647;6760;6830;6835;10491;10495;12383;12384;12385;12389;12391;13044;13046;15519;19276
534,g_chan[1].u_cdc_chw.mem[4][13]$_DFFE_PP_,clk_core,4.15,-1.05,3454;3485;3612;3613;3618;6650;6760;6830;6835;10491;10495;12383;12384;12385;12389;12391;13044;13046;15574;19276
535,g_chan[1].u_cdc_chw.mem[5][13]$_DFFE_PP_,clk_core,4.15,-1.05,3454;3485;3612;3613;3618;6650;6760;6830;6835;10491;10495;12383;12384;12385;12389;12391;13044;13046;15623;19276
536,g_chan[1].u_cdc_chw.mem[6][13]$_DFFE_PP_,clk_core,4.15,-1.05,3454;3485;3612;3613;3618;6647;6760;6830;6835;10491;10495;12383;12384;12385;12389;12391;13044;13046;15659;19276
537,g_chan[1].u_cdc_chw.mem[7][13]$_DFFE_PP_,clk_core,4.15,-1.05,3454;3485;3612;3613;3618;6647;6760;6830;6835;10491;10495;12383;12384;12385;12389;12391;13044;13046;15695;19276
538,g_chan[1].u_cdc_chw.mem[13][31]$_DFFE_PP_,clk_core,4.15,-1.05,3467;3485;3613;3618;5857;6760;6830;6835;10491;10495;13044;13046;18624;18625;18626;18628;18632;19276
539,g_chan[1].u_cdc_chw.mem[8][31]$_DFFE_PP_,clk_core,4.15,-1.05,3467;3485;3613;3618;5857;6760;6830;6835;10491;10495;13044;13046;18624;18625;18626;18628;18637;19276
540,g_chan[1].u_cdc_chw.mem[9][31]$_DFFE_PP_,clk_core,4.15,-1.05,3467;3485;3613;3618;5857;6760;6830;6835;10491;10495;13044;13046;18624;18625;18626;18628;18636;19276
541,g_chan[1].u_cdc_chw.mem[8][13]$_DFFE_PP_,clk_core,4.16,-1.05,3476;3485;3613;3618;6543;6760;6830;6835;10491;10495;12383;12384;12385;12389;12391;13044;13046;15732;19276
542,g_chan[1].u_cdc_chw.mem[10][13]$_DFFE_PP_,clk_core,4.16,-1.05,3476;3485;3613;3618;6532;6760;6830;6835;10491;10495;12383;12384;12385;12389;12391;13044;13046;15804;19276
543,g_chan[1].u_cdc_chw.mem[11][13]$_DFFE_PP_,clk_core,4.16,-1.05,3476;3485;3613;3618;6532;6760;6830;6835;10491;10495;12383;12384;12385;12389;12391;13044;13046;15840;19276
544,g_chan[1].u_cdc_chw.mem[9][13]$_DFFE_PP_,clk_core,4.16,-1.05,3476;3485;3613;3618;6532;6760;6830;6835;10491;10495;12383;12384;12385;12389;12391;13044;13046;15768;19276
545,g_chan[1].u_cdc_chw.mem[14][13]$_DFFE_PP_,clk_core,4.16,-1.05,3481;3485;3613;3618;6557;6760;6830;6835;10491;10495;12383;12384;12385;12389;12391;13044;13046;15949;19276
546,g_chan[1].u_cdc_chw.mem[15][13]$_DFFE_PP_,clk_core,4.16,-1.05,3481;3485;3613;3618;6556;6760;6830;6835;10491;10495;12383;12384;12385;12389;12391;13044;13046;15985;19276
547,g_chan[0].u_cdc_chw.mem[9][7]$_DFFE_PP_,clk_core,4.16,-1.04,3453;3485;3612;3613;3618;5846;6760;6830;6835;12459;12512;12513;12514;12516;12973;13044;13046;16947;19276
548,u_dma_fabric.rbeat_data[10]$_DFFE_PN0P_,clk_core,4.16,-1.04,3444;3492;3612;3615;3618;5356;5752;6830;6835;8215;8216;8218;8220;8239;8240;12444;12455;13017;19276
549,g_chan[1].u_cdc_chw.mem[14][11]$_DFFE_PP_,clk_core,4.16,-1.04,3476;3485;3613;3618;6631;6760;6830;6835;10491;10495;12425;12426;12427;12431;12433;13044;13046;15951;19276
550,g_chan[1].u_cdc_chw.mem[15][11]$_DFFE_PP_,clk_core,4.16,-1.04,3476;3485;3613;3618;6631;6760;6830;6835;10491;10495;12425;12426;12427;12431;12433;13044;13046;15987;19276
551,u_dma_fabric.rbeat_data[29]$_DFFE_PN0P_,clk_core,4.16,-1.04,3441;3492;3612;3615;3618;5356;5728;6830;6835;7529;7530;7531;7532;7549;7550;12444;12455;13017;19276
552,u_dma_fabric.rbeat_data[7]$_DFFE_PN0P_,clk_core,4.16,-1.04,3444;3492;3612;3615;3618;5356;5755;6830;6835;8322;8323;8324;8325;8342;8343;12444;12455;13017;19276
553,g_chan[1].u_cdc_chw.mem[2][11]$_DFFE_PP_,clk_core,4.16,-1.04,3482;3485;3613;3618;6610;6760;6830;6835;10491;10495;12425;12426;12427;12431;12433;13044;13046;15484;19276
554,g_chan[1].u_cdc_chw.mem[3][11]$_DFFE_PP_,clk_core,4.16,-1.04,3482;3485;3613;3618;6610;6760;6830;6835;10491;10495;12425;12426;12427;12431;12433;13044;13046;15521;19276
555,g_chan[1].u_cdc_chw.mem[10][11]$_DFFE_PP_,clk_core,4.16,-1.04,3481;3485;3613;3618;6632;6760;6830;6835;10491;10495;12425;12426;12427;12431;12433;13044;13046;15806;19276
556,g_chan[1].u_cdc_chw.mem[11][11]$_DFFE_PP_,clk_core,4.16,-1.04,3481;3485;3613;3618;6632;6760;6830;6835;10491;10495;12425;12426;12427;12431;12433;13044;13046;15842;19276
557,g_chan[1].u_cdc_chw.mem[8][11]$_DFFE_PP_,clk_core,4.16,-1.04,3481;3485;3613;3618;6632;6760;6830;6835;10491;10495;12425;12426;12427;12431;12433;13044;13046;15734;19276
558,g_chan[1].u_cdc_chw.mem[9][11]$_DFFE_PP_,clk_core,4.16,-1.04,3481;3485;3613;3618;6632;6760;6830;6835;10491;10495;12425;12426;12427;12431;12433;13044;13046;15770;19276
559,g_chan[0].u_cdc_chw.mem[2][7]$_DFFE_PP_,clk_core,4.16,-1.04,3467;3485;3613;3618;6109;6760;6830;6835;12459;12512;12513;12514;12516;12718;13044;13046;16947;19276
560,g_chan[0].u_cdc_chw.mem[3][7]$_DFFE_PP_,clk_core,4.16,-1.04,3467;3485;3613;3618;6109;6760;6830;6835;12459;12512;12513;12514;12516;12755;13044;13046;16947;19276
561,g_chan[0].u_cdc_chw.mem[0][7]$_DFFE_PP_,clk_core,4.16,-1.04,3467;3485;3613;3618;6123;6760;6830;6835;12459;12512;12513;12514;12516;12518;13044;13046;16947;19276
562,g_chan[0].u_cdc_chw.mem[1][7]$_DFFE_PP_,clk_core,4.16,-1.04,3467;3485;3613;3618;6123;6760;6830;6835;12459;12512;12513;12514;12516;12681;13044;13046;16947;19276
563,g_chan[0].u_cdc_chw.mem[7][7]$_DFFE_PP_,clk_core,4.16,-1.04,3467;3485;3613;3618;6123;6760;6830;6835;12459;12512;12513;12514;12516;12900;13044;13046;16947;19276
564,g_chan[0].u_cdc_chw.mem[12][7]$_DFFE_PP_,clk_core,4.16,-1.04,3467;3485;3613;3618;5857;6760;6830;6835;12459;12512;12513;12514;12516;13044;13046;13113;16947;19276
565,g_chan[0].u_cdc_chw.mem[13][7]$_DFFE_PP_,clk_core,4.16,-1.04,3467;3485;3613;3618;5857;6760;6830;6835;12459;12512;12513;12514;12516;13044;13046;13149;16947;19276
566,g_chan[0].u_cdc_chw.mem[8][7]$_DFFE_PP_,clk_core,4.16,-1.04,3467;3485;3613;3618;5857;6760;6830;6835;12459;12512;12513;12514;12516;12937;13044;13046;16947;19276
567,g_chan[0].u_cdc_chw.mem[14][7]$_DFFE_PP_,clk_core,4.16,-1.04,3467;3485;3613;3618;5859;6760;6830;6835;12459;12512;12513;12514;12516;13044;13046;13185;16947;19276
568,g_chan[0].u_cdc_chw.mem[15][7]$_DFFE_PP_,clk_core,4.16,-1.04,3467;3485;3613;3618;5859;6760;6830;6835;12459;12512;12513;12514;12516;13044;13046;13221;16947;19276
569,g_chan[0].u_cdc_chw.mem[10][7]$_DFFE_PP_,clk_core,4.16,-1.04,3467;3485;3613;3618;5859;6760;6830;6835;12459;12512;12513;12514;12516;13033;13044;13046;16947;19276
570,g_chan[0].u_cdc_chw.mem[11][7]$_DFFE_PP_,clk_core,4.16,-1.04,3467;3485;3613;3618;5859;6760;6830;6835;12459;12512;12513;12514;12516;13044;13046;13076;16947;19276
571,g_chan[0].u_cdc_chw.mem[5][7]$_DFFE_PP_,clk_core,4.16,-1.04,3467;3485;3613;3618;5859;6760;6830;6835;12459;12512;12513;12514;12516;12828;13044;13046;16947;19276
572,g_chan[0].u_cdc_chw.mem[6][7]$_DFFE_PP_,clk_core,4.16,-1.04,3467;3485;3613;3618;5859;6760;6830;6835;12459;12512;12513;12514;12516;12864;13044;13046;16947;19276
573,g_chan[0].u_cdc_chw.mem[4][7]$_DFFE_PP_,clk_core,4.16,-1.04,3467;3485;3613;3618;5870;6760;6830;6835;12459;12512;12513;12514;12516;12792;13044;13046;16947;19276
574,g_chan[1].u_cdc_chw.mem[0][11]$_DFFE_PP_,clk_core,4.16,-1.04,3484;3485;3613;3618;6609;6760;6830;6835;10491;10495;12425;12426;12427;12431;12433;13044;13046;15410;19276
575,g_chan[1].u_cdc_chw.mem[1][11]$_DFFE_PP_,clk_core,4.16,-1.04,3484;3485;3613;3618;6609;6760;6830;6835;10491;10495;12425;12426;12427;12431;12433;13044;13046;15447;19276
576,g_chan[1].u_cdc_chw.mem[12][11]$_DFFE_PP_,clk_core,4.17,-1.04,3484;3485;3613;3618;6612;6760;6830;6835;10491;10495;12425;12426;12427;12431;12433;13044;13046;15879;19276
577,g_chan[1].u_cdc_chw.mem[13][11]$_DFFE_PP_,clk_core,4.17,-1.04,3484;3485;3613;3618;6612;6760;6830;6835;10491;10495;12425;12426;12427;12431;12433;13044;13046;15915;19276
578,g_chan[0].u_cdc_chw.mem[12][0]$_DFFE_PP_,clk_core,4.17,-1.03,3476;3485;3613;3618;6532;6760;6830;6835;12459;12641;12642;12643;12647;12649;13044;13046;13120;17042;19276
579,g_chan[0].u_cdc_chw.mem[13][0]$_DFFE_PP_,clk_core,4.17,-1.03,3476;3485;3613;3618;6532;6760;6830;6835;12459;12641;12642;12643;12647;12649;13044;13046;13156;17042;19276
580,g_chan[1].u_cdc_chw.mem[10][9]$_DFFE_PP_,clk_core,4.17,-1.03,3476;3485;3613;3618;6543;6760;6830;6835;12459;12473;12474;12475;12477;13044;13046;15809;16925;19276
581,g_chan[1].u_cdc_chw.mem[11][9]$_DFFE_PP_,clk_core,4.17,-1.03,3476;3485;3613;3618;6543;6760;6830;6835;12459;12473;12474;12475;12477;13044;13046;15845;16925;19276
582,g_chan[1].u_cdc_chw.mem[13][9]$_DFFE_PP_,clk_core,4.17,-1.03,3476;3485;3613;3618;6543;6760;6830;6835;12459;12473;12474;12475;12477;13044;13046;15918;16925;19276
583,g_chan[1].u_cdc_chw.mem[5][15]$_DFFE_PP_,clk_core,4.17,-1.03,3482;3485;3613;3618;6600;6760;6830;6835;10491;10495;12346;12347;12348;12350;13044;13046;15621;19276
584,g_chan[1].u_cdc_chw.mem[0][15]$_DFFE_PP_,clk_core,4.17,-1.03,3482;3485;3613;3618;6579;6760;6830;6835;10491;10495;12346;12347;12348;12350;13044;13046;15406;19276
585,g_chan[1].u_cdc_chw.mem[1][15]$_DFFE_PP_,clk_core,4.17,-1.03,3482;3485;3613;3618;6579;6760;6830;6835;10491;10495;12346;12347;12348;12350;13044;13046;15443;19276
586,g_chan[1].u_cdc_chw.mem[4][15]$_DFFE_PP_,clk_core,4.17,-1.03,3482;3485;3613;3618;6598;6760;6830;6835;10491;10495;12346;12347;12348;12350;13044;13046;15570;19276
587,g_chan[1].u_cdc_chw.mem[6][15]$_DFFE_PP_,clk_core,4.17,-1.03,3482;3485;3613;3618;6598;6760;6830;6835;10491;10495;12346;12347;12348;12350;13044;13046;15657;19276
588,g_chan[0].u_cdc_chw.mem[0][0]$_DFFE_PP_,clk_core,4.17,-1.03,3467;3485;3613;3618;6124;6760;6830;6835;12459;12641;12642;12643;12647;12649;12651;13044;13046;17042;19276
589,g_chan[0].u_cdc_chw.mem[10][0]$_DFFE_PP_,clk_core,4.17,-1.03,3467;3485;3613;3618;6124;6760;6830;6835;12459;12641;12642;12643;12647;12649;13044;13046;13047;17042;19276
590,g_chan[0].u_cdc_chw.mem[11][0]$_DFFE_PP_,clk_core,4.17,-1.03,3467;3485;3613;3618;6124;6760;6830;6835;12459;12641;12642;12643;12647;12649;13044;13046;13083;17042;19276
591,g_chan[0].u_cdc_chw.mem[1][0]$_DFFE_PP_,clk_core,4.17,-1.03,3467;3485;3613;3618;6124;6760;6830;6835;12459;12641;12642;12643;12647;12649;12688;13044;13046;17042;19276
592,g_chan[0].u_cdc_chw.mem[2][0]$_DFFE_PP_,clk_core,4.17,-1.03,3467;3485;3613;3618;6124;6760;6830;6835;12459;12641;12642;12643;12647;12649;12725;13044;13046;17042;19276
593,g_chan[0].u_cdc_chw.mem[3][0]$_DFFE_PP_,clk_core,4.17,-1.03,3467;3485;3613;3618;6123;6760;6830;6835;12459;12641;12642;12643;12647;12649;12762;13044;13046;17042;19276
594,g_chan[0].u_cdc_chw.mem[4][0]$_DFFE_PP_,clk_core,4.17,-1.03,3467;3485;3613;3618;6124;6760;6830;6835;12459;12641;12642;12643;12647;12649;12799;13044;13046;17042;19276
595,g_chan[0].u_cdc_chw.mem[6][0]$_DFFE_PP_,clk_core,4.17,-1.03,3467;3485;3613;3618;6124;6760;6830;6835;12459;12641;12642;12643;12647;12649;12871;13044;13046;17042;19276
596,g_chan[0].u_cdc_chw.mem[7][0]$_DFFE_PP_,clk_core,4.17,-1.03,3467;3485;3613;3618;6124;6760;6830;6835;12459;12641;12642;12643;12647;12649;12907;13044;13046;17042;19276
597,g_chan[0].u_cdc_chw.mem[8][0]$_DFFE_PP_,clk_core,4.17,-1.03,3467;3485;3613;3618;5857;6760;6830;6835;12459;12641;12642;12643;12647;12649;12944;13044;13046;17042;19276
598,g_chan[0].u_cdc_chw.mem[9][0]$_DFFE_PP_,clk_core,4.17,-1.03,3475;3485;3613;3618;6646;6760;6830;6835;12459;12641;12642;12643;12647;12649;12980;13044;13046;17042;19276
599,g_chan[1].u_cdc_chw.mem[12][9]$_DFFE_PP_,clk_core,4.17,-1.03,3481;3485;3613;3618;6556;6760;6830;6835;12459;12473;12474;12475;12477;13044;13046;15882;16925;19276
600,g_chan[1].u_cdc_chw.mem[2][15]$_DFFE_PP_,clk_core,4.17,-1.03,3481;3485;3613;3618;6594;6760;6830;6835;10491;10495;12346;12347;12348;12350;13044;13046;15480;19276
601,g_chan[1].u_cdc_chw.mem[3][15]$_DFFE_PP_,clk_core,4.17,-1.03,3481;3485;3613;3618;6594;6760;6830;6835;10491;10495;12346;12347;12348;12350;13044;13046;15517;19276
602,g_chan[0].u_cdc_chw.mem[14][0]$_DFFE_PP_,clk_core,4.17,-1.03,3472;3485;3613;3618;6521;6760;6830;6835;12459;12641;12642;12643;12647;12649;13044;13046;13192;17042;19276
603,g_chan[0].u_cdc_chw.mem[15][0]$_DFFE_PP_,clk_core,4.17,-1.03,3472;3485;3613;3618;6521;6760;6830;6835;12459;12641;12642;12643;12647;12649;13044;13046;13228;17042;19276
604,g_chan[0].u_cdc_chw.mem[5][0]$_DFFE_PP_,clk_core,4.17,-1.03,3472;3485;3613;3618;6521;6760;6830;6835;12459;12641;12642;12643;12647;12649;12835;13044;13046;17042;19276
605,g_chan[0].u_cdc_chw.mem[1][9]$_DFFE_PP_,clk_core,4.17,-1.03,3469;3485;3613;3618;6342;6760;6830;6835;12459;12473;12474;12475;12477;12679;13044;13046;16925;19276
606,g_chan[0].u_cdc_chw.mem[3][9]$_DFFE_PP_,clk_core,4.17,-1.03,3469;3485;3613;3618;6342;6760;6830;6835;12459;12473;12474;12475;12477;12753;13044;13046;16925;19276
607,g_chan[0].u_cdc_chw.mem[4][9]$_DFFE_PP_,clk_core,4.17,-1.03,3469;3485;3613;3618;6341;6760;6830;6835;12459;12473;12474;12475;12477;12790;13044;13046;16925;19276
608,g_chan[0].u_cdc_chw.mem[5][9]$_DFFE_PP_,clk_core,4.17,-1.03,3469;3485;3613;3618;6341;6760;6830;6835;12459;12473;12474;12475;12477;12826;13044;13046;16925;19276
609,g_chan[0].u_cdc_chw.mem[6][9]$_DFFE_PP_,clk_core,4.17,-1.03,3469;3485;3613;3618;6341;6760;6830;6835;12459;12473;12474;12475;12477;12862;13044;13046;16925;19276
610,g_chan[0].u_cdc_chw.mem[7][9]$_DFFE_PP_,clk_core,4.17,-1.03,3469;3485;3613;3618;6341;6760;6830;6835;12459;12473;12474;12475;12477;12898;13044;13046;16925;19276
611,g_chan[0].u_cdc_chw.mem[12][3]$_DFFE_PP_,clk_core,4.17,-1.03,3476;3485;3613;3618;6543;6760;6830;6835;12459;12588;12589;12590;12592;13044;13046;13117;16987;19276
612,g_chan[1].u_cdc_chw.mem[7][3]$_DFFE_PP_,clk_core,4.17,-1.03,3476;3485;3613;3618;6625;6760;6830;6835;12459;12588;12589;12590;12592;13044;13046;15706;16987;19276
613,g_chan[0].u_cdc_chw.mem[13][3]$_DFFE_PP_,clk_core,4.17,-1.03,3476;3485;3613;3618;6532;6760;6830;6835;12459;12588;12589;12590;12592;13044;13046;13153;16987;19276
614,g_chan[0].u_cdc_chw.mem[8][3]$_DFFE_PP_,clk_core,4.17,-1.03,3476;3485;3613;3618;6532;6760;6830;6835;12459;12588;12589;12590;12592;12941;13044;13046;16987;19276
615,g_chan[0].u_cdc_chw.mem[9][3]$_DFFE_PP_,clk_core,4.17,-1.03,3476;3485;3613;3618;6532;6760;6830;6835;12459;12588;12589;12590;12592;12977;13044;13046;16987;19276
616,g_chan[1].u_cdc_chw.mem[4][3]$_DFFE_PP_,clk_core,4.17,-1.03,3476;3485;3613;3618;6613;6760;6830;6835;12459;12588;12589;12590;12592;13044;13046;15595;16987;19276
617,g_chan[0].u_cdc_chw.mem[10][9]$_DFFE_PP_,clk_core,4.17,-1.03,3463;3485;3613;3618;6066;6760;6830;6835;12459;12473;12474;12475;12477;13029;13044;13046;16925;19276
618,g_chan[0].u_cdc_chw.mem[11][9]$_DFFE_PP_,clk_core,4.17,-1.03,3463;3485;3613;3618;6066;6760;6830;6835;12459;12473;12474;12475;12477;13044;13046;13074;16925;19276
619,g_chan[0].u_cdc_chw.mem[12][9]$_DFFE_PP_,clk_core,4.17,-1.03,3463;3485;3613;3618;6074;6760;6830;6835;12459;12473;12474;12475;12477;13044;13046;13111;16925;19276
620,g_chan[0].u_cdc_chw.mem[13][9]$_DFFE_PP_,clk_core,4.17,-1.03,3463;3485;3613;3618;6074;6760;6830;6835;12459;12473;12474;12475;12477;13044;13046;13147;16925;19276
621,g_chan[0].u_cdc_chw.mem[14][9]$_DFFE_PP_,clk_core,4.17,-1.03,3463;3485;3613;3618;6066;6760;6830;6835;12459;12473;12474;12475;12477;13044;13046;13183;16925;19276
622,g_chan[0].u_cdc_chw.mem[15][9]$_DFFE_PP_,clk_core,4.17,-1.03,3463;3485;3613;3618;6066;6760;6830;6835;12459;12473;12474;12475;12477;13044;13046;13219;16925;19276
623,g_chan[0].u_cdc_chw.mem[8][9]$_DFFE_PP_,clk_core,4.17,-1.03,3463;3485;3613;3618;6066;6760;6830;6835;12459;12473;12474;12475;12477;12935;13044;13046;16925;19276
624,g_chan[0].u_cdc_chw.mem[9][9]$_DFFE_PP_,clk_core,4.17,-1.03,3463;3485;3613;3618;6066;6760;6830;6835;12459;12473;12474;12475;12477;12971;13044;13046;16925;19276
625,g_chan[1].u_cdc_chw.mem[8][9]$_DFFE_PP_,clk_core,4.17,-1.03,3475;3485;3613;3618;6644;6760;6830;6835;12459;12473;12474;12475;12477;13044;13046;15737;16925;19276
626,g_chan[1].u_cdc_chw.mem[9][9]$_DFFE_PP_,clk_core,4.17,-1.03,3475;3485;3613;3618;6644;6760;6830;6835;12459;12473;12474;12475;12477;13044;13046;15773;16925;19276
627,g_chan[0].u_cdc_chw.mem[0][9]$_DFFE_PP_,clk_core,4.17,-1.03,3470;3485;3613;3618;6209;6760;6830;6835;12459;12473;12474;12475;12477;12479;13044;13046;16925;19276
628,g_chan[0].u_cdc_chw.mem[2][9]$_DFFE_PP_,clk_core,4.17,-1.03,3470;3485;3613;3618;6209;6760;6830;6835;12459;12473;12474;12475;12477;12716;13044;13046;16925;19276
629,g_chan[1].u_cdc_chw.mem[5][3]$_DFFE_PP_,clk_core,4.17,-1.03,3479;3485;3613;3618;6619;6760;6830;6835;12459;12588;12589;12590;12592;13044;13046;15634;16987;19276
630,g_chan[1].u_cdc_chw.mem[6][3]$_DFFE_PP_,clk_core,4.17,-1.03,3479;3485;3613;3618;6619;6760;6830;6835;12459;12588;12589;12590;12592;13044;13046;15670;16987;19276
631,g_chan[1].u_cdc_chw.mem[0][3]$_DFFE_PP_,clk_core,4.17,-1.03,3479;3485;3613;3618;6621;6760;6830;6835;12459;12588;12589;12590;12592;13044;13046;15419;16987;19276
632,g_chan[1].u_cdc_chw.mem[1][3]$_DFFE_PP_,clk_core,4.17,-1.03,3479;3485;3613;3618;6621;6760;6830;6835;12459;12588;12589;12590;12592;13044;13046;15456;16987;19276
633,g_chan[1].u_cdc_chw.mem[2][3]$_DFFE_PP_,clk_core,4.17,-1.03,3479;3485;3613;3618;6621;6760;6830;6835;12459;12588;12589;12590;12592;13044;13046;15493;16987;19276
634,g_chan[1].u_cdc_chw.mem[3][3]$_DFFE_PP_,clk_core,4.17,-1.03,3479;3485;3613;3618;6621;6760;6830;6835;12459;12588;12589;12590;12592;13044;13046;15530;16987;19276
635,g_chan[0].u_cdc_chw.mem[0][3]$_DFFE_PP_,clk_core,4.17,-1.03,3472;3485;3613;3618;6520;6760;6830;6835;12459;12588;12589;12590;12592;12594;13044;13046;16987;19276
636,g_chan[0].u_cdc_chw.mem[1][3]$_DFFE_PP_,clk_core,4.17,-1.03,3472;3485;3613;3618;6520;6760;6830;6835;12459;12588;12589;12590;12592;12685;13044;13046;16987;19276
637,g_chan[0].u_cdc_chw.mem[2][3]$_DFFE_PP_,clk_core,4.17,-1.03,3472;3485;3613;3618;6146;6760;6830;6835;12459;12588;12589;12590;12592;12722;13044;13046;16987;19276
638,g_chan[0].u_cdc_chw.mem[5][3]$_DFFE_PP_,clk_core,4.17,-1.03,3472;3485;3613;3618;6520;6760;6830;6835;12459;12588;12589;12590;12592;12832;13044;13046;16987;19276
639,g_chan[0].u_cdc_chw.mem[6][3]$_DFFE_PP_,clk_core,4.17,-1.03,3472;3485;3613;3618;6520;6760;6830;6835;12459;12588;12589;12590;12592;12868;13044;13046;16987;19276
640,g_chan[0].u_cdc_chw.mem[7][3]$_DFFE_PP_,clk_core,4.17,-1.03,3472;3485;3613;3618;6520;6760;6830;6835;12459;12588;12589;12590;12592;12904;13044;13046;16987;19276
641,g_chan[0].u_cdc_chw.mem[14][3]$_DFFE_PP_,clk_core,4.17,-1.03,3472;3485;3613;3618;6521;6760;6830;6835;12459;12588;12589;12590;12592;13044;13046;13189;16987;19276
642,g_chan[0].u_cdc_chw.mem[15][3]$_DFFE_PP_,clk_core,4.17,-1.03,3472;3485;3613;3618;6521;6760;6830;6835;12459;12588;12589;12590;12592;13044;13046;13225;16987;19276
643,g_chan[0].u_cdc_chw.mem[10][3]$_DFFE_PP_,clk_core,4.17,-1.03,3472;3485;3613;3618;6521;6760;6830;6835;12459;12588;12589;12590;12592;13041;13044;13046;16987;19276
644,g_chan[0].u_cdc_chw.mem[11][3]$_DFFE_PP_,clk_core,4.17,-1.03,3472;3485;3613;3618;6521;6760;6830;6835;12459;12588;12589;12590;12592;13044;13046;13080;16987;19276
645,g_chan[0].u_cdc_chw.mem[4][3]$_DFFE_PP_,clk_core,4.17,-1.03,3472;3485;3613;3618;6507;6760;6830;6835;12459;12588;12589;12590;12592;12796;13044;13046;16987;19276
646,u_dma_fabric.rbeat_data[22]$_DFFE_PN0P_,clk_core,4.17,-1.02,3439;3492;3612;3615;3618;5356;5767;6830;6835;7778;7779;7780;7781;7800;7801;12444;13004;13009;19276
647,u_dma_fabric.rbeat_data[26]$_DFFE_PN0P_,clk_core,4.17,-1.02,3439;3492;3612;3615;3618;5356;5767;6830;6835;7635;7636;7637;7638;7656;7657;12444;13004;13009;19276
648,g_chan[0].u_cdc_chw.mem[3][3]$_DFFE_PP_,clk_core,4.17,-1.03,3472;3485;3613;3618;6135;6760;6830;6835;12459;12588;12589;12590;12592;12759;13044;13046;16987;19276
649,c_cmd_len[10]$_DFFE_PN0N_,clk_core,4.18,-1.08,491;492;493;494;495;6819;6825;6829;9897;10539;10550;10958;29073;29074;29075;29076;29077;29078;29079
650,c_cmd_len[3]$_DFFE_PN0N_,clk_core,4.18,-1.08,613;615;617;619;621;6819;6825;6829;9897;10539;10550;10958;29073;29074;29075;29076;29077;29078;29079
651,c_cmd_len[5]$_DFFE_PN0N_,clk_core,4.18,-1.08,567;568;573;582;583;6817;6819;6829;9897;10539;10550;10958;29073;29074;29075;29076;29077;29078;29079
652,g_chan[0].u_cdc_chw.mem[2][23]$_DFFE_PP_,clk_core,4.18,-1.02,3469;3485;3613;3618;6341;6760;6830;6835;10495;12175;12176;12177;12181;12183;12700;13044;13046;16779;19276
653,g_chan[0].u_cdc_chw.mem[3][23]$_DFFE_PP_,clk_core,4.18,-1.02,3469;3485;3613;3618;6328;6760;6830;6835;10495;12175;12176;12177;12181;12183;12737;13044;13046;16779;19276
654,g_chan[0].u_cdc_chw.mem[6][23]$_DFFE_PP_,clk_core,4.18,-1.02,3464;3485;3613;3618;6292;6760;6830;6835;10495;12175;12176;12177;12181;12183;12846;13044;13046;16779;19276
655,g_chan[0].u_cdc_chw.mem[8][23]$_DFFE_PP_,clk_core,4.18,-1.02,3463;3485;3613;3618;6014;6760;6830;6835;10495;12175;12176;12177;12181;12183;12919;13044;13046;16779;19276
656,g_chan[0].u_cdc_chw.mem[0][23]$_DFFE_PP_,clk_core,4.18,-1.02,3464;3485;3613;3618;6305;6760;6830;6835;10495;12175;12176;12177;12181;12183;12185;13044;13046;16779;19276
657,g_chan[0].u_cdc_chw.mem[10][23]$_DFFE_PP_,clk_core,4.18,-1.02,3463;3485;3613;3618;5980;6760;6830;6835;10495;12175;12176;12177;12181;12183;12999;13044;13046;16779;19276
658,g_chan[0].u_cdc_chw.mem[11][23]$_DFFE_PP_,clk_core,4.18,-1.02,3463;3485;3613;3618;5980;6760;6830;6835;10495;12175;12176;12177;12181;12183;13044;13046;13058;16779;19276
659,g_chan[0].u_cdc_chw.mem[12][23]$_DFFE_PP_,clk_core,4.18,-1.02,3463;3485;3613;3618;5980;6760;6830;6835;10495;12175;12176;12177;12181;12183;13044;13046;13095;16779;19276
660,g_chan[0].u_cdc_chw.mem[13][23]$_DFFE_PP_,clk_core,4.18,-1.02,3463;3485;3613;3618;5980;6760;6830;6835;10495;12175;12176;12177;12181;12183;13044;13046;13131;16779;19276
661,g_chan[0].u_cdc_chw.mem[14][23]$_DFFE_PP_,clk_core,4.18,-1.02,3463;3485;3613;3618;5980;6760;6830;6835;10495;12175;12176;12177;12181;12183;13044;13046;13167;16779;19276
662,g_chan[0].u_cdc_chw.mem[15][23]$_DFFE_PP_,clk_core,4.18,-1.02,3463;3485;3613;3618;5980;6760;6830;6835;10495;12175;12176;12177;12181;12183;13044;13046;13203;16779;19276
663,g_chan[0].u_cdc_chw.mem[1][23]$_DFFE_PP_,clk_core,4.18,-1.02,3464;3485;3613;3618;6305;6760;6830;6835;10495;12175;12176;12177;12181;12183;12663;13044;13046;16779;19276
664,g_chan[0].u_cdc_chw.mem[4][23]$_DFFE_PP_,clk_core,4.18,-1.02,3464;3485;3613;3618;6305;6760;6830;6835;10495;12175;12176;12177;12181;12183;12774;13044;13046;16779;19276
665,g_chan[0].u_cdc_chw.mem[5][23]$_DFFE_PP_,clk_core,4.18,-1.02,3464;3485;3613;3618;6305;6760;6830;6835;10495;12175;12176;12177;12181;12183;12810;13044;13046;16779;19276
666,g_chan[0].u_cdc_chw.mem[7][23]$_DFFE_PP_,clk_core,4.18,-1.02,3464;3485;3613;3618;6246;6760;6830;6835;10495;12175;12176;12177;12181;12183;12882;13044;13046;16779;19276
667,g_chan[0].u_cdc_chw.mem[9][23]$_DFFE_PP_,clk_core,4.18,-1.02,3463;3485;3613;3618;5980;6760;6830;6835;10495;12175;12176;12177;12181;12183;12955;13044;13046;16779;19276
668,g_chan[0].u_cdc_chw.mem[1][16]$_DFFE_PP_,clk_core,4.19,-1.02,3469;3485;3613;3618;6341;6760;6830;6835;10495;12326;12327;12328;12330;12671;13044;13046;16852;19276
669,g_chan[0].u_cdc_chw.mem[0][16]$_DFFE_PP_,clk_core,4.19,-1.02,3464;3485;3613;3618;6292;6760;6830;6835;10495;12326;12327;12328;12330;12332;13044;13046;16852;19276
670,g_chan[0].u_cdc_chw.mem[10][16]$_DFFE_PP_,clk_core,4.19,-1.02,3463;3485;3613;3618;6049;6760;6830;6835;10495;12326;12327;12328;12330;13014;13044;13046;16852;19276
671,g_chan[0].u_cdc_chw.mem[11][16]$_DFFE_PP_,clk_core,4.19,-1.02,3463;3485;3613;3618;6049;6760;6830;6835;10495;12326;12327;12328;12330;13044;13046;13066;16852;19276
672,g_chan[0].u_cdc_chw.mem[9][16]$_DFFE_PP_,clk_core,4.19,-1.02,3463;3485;3613;3618;6049;6760;6830;6835;10495;12326;12327;12328;12330;12963;13044;13046;16852;19276
673,g_chan[0].u_cdc_chw.mem[2][16]$_DFFE_PP_,clk_core,4.19,-1.02,3464;3485;3613;3618;6220;6760;6830;6835;10495;12326;12327;12328;12330;12708;13044;13046;16852;19276
674,g_chan[0].u_cdc_chw.mem[3][16]$_DFFE_PP_,clk_core,4.19,-1.02,3464;3485;3613;3618;6220;6760;6830;6835;10495;12326;12327;12328;12330;12745;13044;13046;16852;19276
675,g_chan[0].u_cdc_chw.mem[4][16]$_DFFE_PP_,clk_core,4.19,-1.02,3464;3485;3613;3618;6220;6760;6830;6835;10495;12326;12327;12328;12330;12782;13044;13046;16852;19276
676,g_chan[0].u_cdc_chw.mem[5][16]$_DFFE_PP_,clk_core,4.19,-1.02,3464;3485;3613;3618;6246;6760;6830;6835;10495;12326;12327;12328;12330;12818;13044;13046;16852;19276
677,g_chan[0].u_cdc_chw.mem[6][16]$_DFFE_PP_,clk_core,4.19,-1.02,3464;3485;3613;3618;6246;6760;6830;6835;10495;12326;12327;12328;12330;12854;13044;13046;16852;19276
678,g_chan[0].u_cdc_chw.mem[7][16]$_DFFE_PP_,clk_core,4.19,-1.02,3464;3485;3613;3618;6246;6760;6830;6835;10495;12326;12327;12328;12330;12890;13044;13046;16852;19276
679,g_chan[1].u_cdc_chw.mem[9][16]$_DFFE_PP_,clk_core,4.19,-1.02,3467;3485;3613;3618;5857;6760;6830;6835;10495;12326;12327;12328;12330;13044;13046;15765;16852;19276
680,g_chan[0].u_cdc_chw.mem[12][16]$_DFFE_PP_,clk_core,4.19,-1.02,3464;3485;3613;3618;6068;6760;6830;6835;10495;12326;12327;12328;12330;13044;13046;13103;16852;19276
681,g_chan[0].u_cdc_chw.mem[13][16]$_DFFE_PP_,clk_core,4.19,-1.02,3464;3485;3613;3618;6068;6760;6830;6835;10495;12326;12327;12328;12330;13044;13046;13139;16852;19276
682,g_chan[0].u_cdc_chw.mem[14][16]$_DFFE_PP_,clk_core,4.19,-1.02,3464;3485;3613;3618;6068;6760;6830;6835;10495;12326;12327;12328;12330;13044;13046;13175;16852;19276
683,g_chan[0].u_cdc_chw.mem[15][16]$_DFFE_PP_,clk_core,4.19,-1.02,3464;3485;3613;3618;6068;6760;6830;6835;10495;12326;12327;12328;12330;13044;13046;13211;16852;19276
684,g_chan[0].u_cdc_chw.mem[8][16]$_DFFE_PP_,clk_core,4.19,-1.02,3464;3485;3613;3618;6068;6760;6830;6835;10495;12326;12327;12328;12330;12927;13044;13046;16852;19276
685,g_chan[1].u_cdc_chw.mem[10][16]$_DFFE_PP_,clk_core,4.19,-1.02,3475;3485;3613;3618;6646;6760;6830;6835;10495;12326;12327;12328;12330;13044;13046;15801;16852;19276
686,g_chan[1].u_cdc_chw.mem[11][16]$_DFFE_PP_,clk_core,4.19,-1.02,3475;3485;3613;3618;6646;6760;6830;6835;10495;12326;12327;12328;12330;13044;13046;15837;16852;19276
687,g_chan[1].u_cdc_chw.mem[12][16]$_DFFE_PP_,clk_core,4.19,-1.02,3475;3485;3613;3618;6646;6760;6830;6835;10495;12326;12327;12328;12330;13044;13046;15874;16852;19276
688,g_chan[1].u_cdc_chw.mem[13][16]$_DFFE_PP_,clk_core,4.19,-1.02,3475;3485;3613;3618;6646;6760;6830;6835;10495;12326;12327;12328;12330;13044;13046;15910;16852;19276
689,g_chan[1].u_cdc_chw.mem[14][16]$_DFFE_PP_,clk_core,4.19,-1.02,3475;3485;3613;3618;6644;6760;6830;6835;10495;12326;12327;12328;12330;13044;13046;15946;16852;19276
690,g_chan[1].u_cdc_chw.mem[15][16]$_DFFE_PP_,clk_core,4.19,-1.02,3475;3485;3613;3618;6646;6760;6830;6835;10495;12326;12327;12328;12330;13044;13046;15982;16852;19276
691,g_chan[1].u_cdc_chw.mem[8][16]$_DFFE_PP_,clk_core,4.19,-1.02,3475;3485;3613;3618;6646;6760;6830;6835;10495;12326;12327;12328;12330;13044;13046;15729;16852;19276
692,g_chan[1].u_cdc_chw.mem[15][18]$_DFFE_PP_,clk_core,4.19,-1.01,3456;3485;3612;3613;3618;6641;6760;6830;6835;10495;12286;12287;12288;12290;13044;13046;15980;16830;19276
693,g_chan[1].u_cdc_chw.mem[2][18]$_DFFE_PP_,clk_core,4.19,-1.01,3476;3485;3613;3618;6643;6760;6830;6835;10495;12286;12287;12288;12290;13044;13046;15477;16830;19276
694,g_chan[1].u_cdc_chw.mem[0][18]$_DFFE_PP_,clk_core,4.2,-1.01,3481;3485;3613;3618;6592;6760;6830;6835;10495;12286;12287;12288;12290;13044;13046;15403;16830;19276
695,g_chan[1].u_cdc_chw.mem[10][18]$_DFFE_PP_,clk_core,4.2,-1.01,3481;3485;3613;3618;6592;6760;6830;6835;10495;12286;12287;12288;12290;13044;13046;15799;16830;19276
696,g_chan[1].u_cdc_chw.mem[11][18]$_DFFE_PP_,clk_core,4.2,-1.01,3481;3485;3613;3618;6592;6760;6830;6835;10495;12286;12287;12288;12290;13044;13046;15835;16830;19276
697,g_chan[1].u_cdc_chw.mem[1][18]$_DFFE_PP_,clk_core,4.2,-1.01,3481;3485;3613;3618;6592;6760;6830;6835;10495;12286;12287;12288;12290;13044;13046;15440;16830;19276
698,g_chan[1].u_cdc_chw.mem[4][18]$_DFFE_PP_,clk_core,4.2,-1.01,3481;3485;3613;3618;6592;6760;6830;6835;10495;12286;12287;12288;12290;13044;13046;15564;16830;19276
699,g_chan[1].u_cdc_chw.mem[5][18]$_DFFE_PP_,clk_core,4.2,-1.01,3481;3485;3613;3618;6592;6760;6830;6835;10495;12286;12287;12288;12290;13044;13046;15618;16830;19276
700,g_chan[1].u_cdc_chw.mem[6][18]$_DFFE_PP_,clk_core,4.2,-1.01,3481;3485;3613;3618;6556;6760;6830;6835;10495;12286;12287;12288;12290;13044;13046;15654;16830;19276
701,g_chan[1].u_cdc_chw.mem[7][18]$_DFFE_PP_,clk_core,4.2,-1.01,3481;3485;3613;3618;6556;6760;6830;6835;10495;12286;12287;12288;12290;13044;13046;15690;16830;19276
702,g_chan[1].u_cdc_chw.mem[12][18]$_DFFE_PP_,clk_core,4.2,-1.01,3481;3485;3613;3618;6637;6760;6830;6835;10495;12286;12287;12288;12290;13044;13046;15872;16830;19276
703,g_chan[1].u_cdc_chw.mem[13][18]$_DFFE_PP_,clk_core,4.2,-1.01,3481;3485;3613;3618;6637;6760;6830;6835;10495;12286;12287;12288;12290;13044;13046;15908;16830;19276
704,g_chan[1].u_cdc_chw.mem[14][18]$_DFFE_PP_,clk_core,4.2,-1.01,3481;3485;3613;3618;6637;6760;6830;6835;10495;12286;12287;12288;12290;13044;13046;15944;16830;19276
705,g_chan[1].u_cdc_chw.mem[3][18]$_DFFE_PP_,clk_core,4.2,-1.01,3481;3485;3613;3618;6637;6760;6830;6835;10495;12286;12287;12288;12290;13044;13046;15514;16830;19276
706,g_chan[0].u_cdc_chw.mem[0][18]$_DFFE_PP_,clk_core,4.2,-1.01,3464;3485;3613;3618;6220;6760;6830;6835;10495;12286;12287;12288;12290;12292;13044;13046;16830;19276
707,g_chan[0].u_cdc_chw.mem[10][18]$_DFFE_PP_,clk_core,4.2,-1.01,3464;3485;3613;3618;6232;6760;6830;6835;10495;12286;12287;12288;12290;13010;13044;13046;16830;19276
708,g_chan[0].u_cdc_chw.mem[11][18]$_DFFE_PP_,clk_core,4.2,-1.01,3464;3485;3613;3618;6234;6760;6830;6835;10495;12286;12287;12288;12290;13044;13046;13064;16830;19276
709,g_chan[0].u_cdc_chw.mem[12][18]$_DFFE_PP_,clk_core,4.2,-1.01,3464;3485;3613;3618;6232;6760;6830;6835;10495;12286;12287;12288;12290;13044;13046;13101;16830;19276
710,g_chan[0].u_cdc_chw.mem[13][18]$_DFFE_PP_,clk_core,4.2,-1.01,3464;3485;3613;3618;6232;6760;6830;6835;10495;12286;12287;12288;12290;13044;13046;13137;16830;19276
711,g_chan[0].u_cdc_chw.mem[14][18]$_DFFE_PP_,clk_core,4.2,-1.01,3464;3485;3613;3618;6232;6760;6830;6835;10495;12286;12287;12288;12290;13044;13046;13173;16830;19276
712,g_chan[0].u_cdc_chw.mem[15][18]$_DFFE_PP_,clk_core,4.2,-1.01,3464;3485;3613;3618;6220;6760;6830;6835;10495;12286;12287;12288;12290;13044;13046;13209;16830;19276
713,g_chan[0].u_cdc_chw.mem[1][18]$_DFFE_PP_,clk_core,4.2,-1.01,3464;3485;3613;3618;6220;6760;6830;6835;10495;12286;12287;12288;12290;12669;13044;13046;16830;19276
714,g_chan[0].u_cdc_chw.mem[2][18]$_DFFE_PP_,clk_core,4.2,-1.01,3464;3485;3613;3618;6232;6760;6830;6835;10495;12286;12287;12288;12290;12706;13044;13046;16830;19276
715,g_chan[0].u_cdc_chw.mem[3][18]$_DFFE_PP_,clk_core,4.2,-1.01,3464;3485;3613;3618;6220;6760;6830;6835;10495;12286;12287;12288;12290;12743;13044;13046;16830;19276
716,g_chan[0].u_cdc_chw.mem[4][18]$_DFFE_PP_,clk_core,4.2,-1.01,3464;3485;3613;3618;6232;6760;6830;6835;10495;12286;12287;12288;12290;12780;13044;13046;16830;19276
717,g_chan[0].u_cdc_chw.mem[5][18]$_DFFE_PP_,clk_core,4.2,-1.01,3464;3485;3613;3618;6232;6760;6830;6835;10495;12286;12287;12288;12290;12816;13044;13046;16830;19276
718,g_chan[0].u_cdc_chw.mem[8][18]$_DFFE_PP_,clk_core,4.2,-1.01,3464;3485;3613;3618;6234;6760;6830;6835;10495;12286;12287;12288;12290;12925;13044;13046;16830;19276
719,g_chan[0].u_cdc_chw.mem[9][18]$_DFFE_PP_,clk_core,4.2,-1.01,3464;3485;3613;3618;6234;6760;6830;6835;10495;12286;12287;12288;12290;12961;13044;13046;16830;19276
720,g_chan[0].u_cdc_chw.mem[6][18]$_DFFE_PP_,clk_core,4.2,-1.01,3470;3485;3613;3618;6209;6760;6830;6835;10495;12286;12287;12288;12290;12852;13044;13046;16830;19276
721,g_chan[0].u_cdc_chw.mem[7][18]$_DFFE_PP_,clk_core,4.2,-1.01,3470;3485;3613;3618;6209;6760;6830;6835;10495;12286;12287;12288;12290;12888;13044;13046;16830;19276
722,u_dma_fabric.rbeat_data[4]$_DFFE_PN0P_,clk_core,4.2,-1.0,3441;3447;3612;3618;5645;5813;6830;6835;8440;8441;8442;8443;8444;8445;12238;12251;19276
723,c_cmd_len[11]$_DFFE_PN0N_,clk_core,4.2,-1.05,475;476;477;478;479;6819;6825;6829;9897;10551;10563;10958;29073;29074;29075;29076;29077;29078;29079
724,c_cmd_len[7]$_DFFE_PN0N_,clk_core,4.2,-1.05,544;545;546;547;548;6819;6825;6829;9897;10551;10563;10958;29073;29074;29075;29076;29077;29078;29079
725,c_cmd_len[2]$_DFFE_PN0N_,clk_core,4.2,-1.05,633;634;635;636;637;6817;6819;6829;9897;10551;10563;10958;29073;29074;29075;29076;29077;29078;29079
726,c_cmd_addr[8]$_DFFE_PN0N_,clk_core,4.2,-1.05,1086;1087;1091;1092;1093;6819;6823;6829;9897;10551;10554;10958;29073;29074;29075;29076;29077;29078;29079
727,c_cmd_len[1]$_DFFE_PN0N_,clk_core,4.2,-1.05,651;652;653;654;655;6819;6825;6829;9897;10551;10554;10958;29073;29074;29075;29076;29077;29078;29079
728,c_cmd_addr[12]$_DFFE_PN0N_,clk_core,4.2,-1.05,1020;1021;1022;1023;1024;6819;6821;6829;9897;10551;10554;10958;29073;29074;29075;29076;29077;29078;29079
729,c_cmd_addr[18]$_DFFE_PN0N_,clk_core,4.2,-1.05,913;914;915;916;917;6819;6821;6829;9897;10551;10554;10958;29073;29074;29075;29076;29077;29078;29079
730,c_cmd_addr[19]$_DFFE_PN0N_,clk_core,4.2,-1.05,897;898;899;900;901;6819;6821;6829;9897;10551;10554;10958;29073;29074;29075;29076;29077;29078;29079
731,c_cmd_addr[11]$_DFFE_PN0N_,clk_core,4.2,-1.05,1040;1041;1042;1043;1044;6819;6825;6829;9897;10534;10551;10958;29073;29074;29075;29076;29077;29078;29079
732,c_cmd_len[12]$_DFFE_PN0N_,clk_core,4.2,-1.05,457;458;459;460;461;6819;6825;6829;9897;10534;10551;10958;29073;29074;29075;29076;29077;29078;29079
733,c_cmd_len[15]$_DFFE_PN0N_,clk_core,4.2,-1.05,403;404;405;406;407;6819;6825;6829;9897;10534;10551;10958;29073;29074;29075;29076;29077;29078;29079
734,u_dma_fabric.rbeat_data[15]$_DFFE_PN0P_,clk_core,4.21,-0.99,3441;3448;3612;3618;5360;5813;6830;6835;8047;8048;8049;8050;8051;8052;12075;12361;19276
735,u_dma_fabric.rbeat_data[19]$_DFFE_PN0P_,clk_core,4.21,-0.99,3441;3448;3612;3618;5360;5813;6830;6835;7907;7908;7909;7910;7911;7912;12075;12361;19276
736,u_dma_fabric.rbeat_data[1]$_DFFE_PN0P_,clk_core,4.21,-0.99,3441;3450;3612;3618;5366;5813;6830;6835;8533;8534;8535;8543;8544;8545;12075;12361;19276
737,u_dma_fabric.rbeat_data[17]$_DFFE_PN0P_,clk_core,4.21,-0.99,3441;3450;3612;3618;5358;5813;6830;6835;7970;7971;7972;7981;7982;7983;12075;12361;19276
738,c_cmd_len[17]$_DFFE_PN0N_,clk_core,4.21,-1.04,368;369;370;371;372;6819;6827;6829;9897;10540;10551;10958;29073;29074;29075;29076;29077;29078;29079
739,c_cmd_len[18]$_DFFE_PN0N_,clk_core,4.21,-1.04,352;353;354;355;356;6819;6827;6829;9897;10540;10551;10958;29073;29074;29075;29076;29077;29078;29079
740,g_chan[1].u_cdc_chw.mem[14][7]$_DFFE_PP_,clk_core,4.21,-0.99,3459;3485;3612;3613;3618;6672;6760;6830;6835;12459;12512;12513;12514;12516;13044;13046;15956;19276
741,g_chan[1].u_cdc_chw.mem[15][7]$_DFFE_PP_,clk_core,4.21,-0.99,3459;3485;3612;3613;3618;6668;6760;6830;6835;12459;12512;12513;12514;12516;13044;13046;15992;19276
742,c_cmd_addr[23]$_DFFE_PN0N_,clk_core,4.21,-1.04,828;829;830;831;832;6819;6823;6829;9897;10862;10926;10941;29073;29074;29075;29076;29077;29078;29079
743,c_cmd_addr[27]$_DFFE_PN0N_,clk_core,4.21,-1.04,756;757;758;759;760;6819;6823;6829;9897;10862;10926;10941;29073;29074;29075;29076;29077;29078;29079
744,c_cmd_addr[28]$_DFFE_PN0N_,clk_core,4.21,-1.04,736;737;738;739;740;6819;6823;6829;9897;10862;10926;10941;29073;29074;29075;29076;29077;29078;29079
745,c_cmd_addr[29]$_DFFE_PN0N_,clk_core,4.21,-1.04,720;721;722;723;724;6819;6823;6829;9897;10862;10926;10941;29073;29074;29075;29076;29077;29078;29079
746,c_cmd_addr[22]$_DFFE_PN0N_,clk_core,4.21,-1.04,837;838;839;847;848;6819;6823;6829;9897;10862;10926;10941;29073;29074;29075;29076;29077;29078;29079
747,c_cmd_addr[24]$_DFFE_PN0N_,clk_core,4.21,-1.04,803;804;805;813;814;6819;6823;6829;9897;10862;10926;10941;29073;29074;29075;29076;29077;29078;29079
748,c_cmd_addr[26]$_DFFE_PN0N_,clk_core,4.21,-1.04,773;774;775;776;777;6819;6821;6829;9897;10862;10926;10941;29073;29074;29075;29076;29077;29078;29079
749,u_dma_fabric.rbeat_data[12]$_DFFE_PN0P_,clk_core,4.21,-0.99,3441;3492;3612;3615;3618;5356;5813;6830;6835;8158;8159;8160;8161;8162;8163;12075;12361;19276
750,g_chan[1].u_cdc_chw.mem[12][7]$_DFFE_PP_,clk_core,4.21,-0.99,3479;3485;3613;3618;6669;6760;6830;6835;12459;12512;12513;12514;12516;13044;13046;15884;19276
751,g_chan[1].u_cdc_chw.mem[13][7]$_DFFE_PP_,clk_core,4.21,-0.99,3479;3485;3613;3618;6669;6760;6830;6835;12459;12512;12513;12514;12516;13044;13046;15920;19276
752,g_chan[1].u_cdc_chw.mem[8][7]$_DFFE_PP_,clk_core,4.21,-0.99,3479;3485;3613;3618;6669;6760;6830;6835;12459;12512;12513;12514;12516;13044;13046;15739;19276
753,g_chan[1].u_cdc_chw.mem[9][7]$_DFFE_PP_,clk_core,4.21,-0.99,3479;3485;3613;3618;6669;6760;6830;6835;12459;12512;12513;12514;12516;13044;13046;15775;19276
754,g_chan[1].u_cdc_chw.mem[5][7]$_DFFE_PP_,clk_core,4.22,-0.99,3478;3485;3613;3618;6713;6760;6830;6835;12459;12512;12513;12514;12516;13044;13046;15630;19276
755,g_chan[1].u_cdc_chw.mem[7][7]$_DFFE_PP_,clk_core,4.22,-0.99,3478;3485;3613;3618;6713;6760;6830;6835;12459;12512;12513;12514;12516;13044;13046;15702;19276
756,g_chan[1].u_cdc_chw.mem[0][7]$_DFFE_PP_,clk_core,4.22,-0.99,3475;3485;3613;3618;6623;6760;6830;6835;12459;12512;12513;12514;12516;13044;13046;15415;19276
757,g_chan[1].u_cdc_chw.mem[1][7]$_DFFE_PP_,clk_core,4.22,-0.99,3475;3485;3613;3618;6623;6760;6830;6835;12459;12512;12513;12514;12516;13044;13046;15452;19276
758,g_chan[1].u_cdc_chw.mem[2][7]$_DFFE_PP_,clk_core,4.22,-0.99,3475;3485;3613;3618;6623;6760;6830;6835;12459;12512;12513;12514;12516;13044;13046;15489;19276
759,g_chan[1].u_cdc_chw.mem[3][7]$_DFFE_PP_,clk_core,4.22,-0.99,3475;3485;3613;3618;6623;6760;6830;6835;12459;12512;12513;12514;12516;13044;13046;15526;19276
760,g_chan[1].u_cdc_chw.mem[4][7]$_DFFE_PP_,clk_core,4.22,-0.99,3478;3485;3613;3618;6753;6760;6830;6835;12459;12512;12513;12514;12516;13044;13046;15587;19276
761,g_chan[1].u_cdc_chw.mem[6][7]$_DFFE_PP_,clk_core,4.22,-0.99,3478;3485;3613;3618;6753;6760;6830;6835;12459;12512;12513;12514;12516;13044;13046;15666;19276
762,g_chan[1].u_cdc_chw.mem[10][7]$_DFFE_PP_,clk_core,4.22,-0.99,3478;3485;3613;3618;6671;6760;6830;6835;12459;12512;12513;12514;12516;13044;13046;15811;19276
763,g_chan[1].u_cdc_chw.mem[11][7]$_DFFE_PP_,clk_core,4.22,-0.99,3478;3485;3613;3618;6671;6760;6830;6835;12459;12512;12513;12514;12516;13044;13046;15847;19276
764,g_chan[1].u_cdc_chw.mem[10][0]$_DFFE_PP_,clk_core,4.22,-0.98,3479;3485;3613;3618;6754;6760;6830;6835;12459;12641;12642;12643;12647;12649;13044;13046;15818;19276
765,g_chan[1].u_cdc_chw.mem[11][0]$_DFFE_PP_,clk_core,4.22,-0.98,3479;3485;3613;3618;6756;6760;6830;6835;12459;12641;12642;12643;12647;12649;13044;13046;15854;19276
766,g_chan[1].u_cdc_chw.mem[12][0]$_DFFE_PP_,clk_core,4.22,-0.98,3479;3485;3613;3618;6619;6760;6830;6835;12459;12641;12642;12643;12647;12649;13044;13046;15891;19276
767,g_chan[1].u_cdc_chw.mem[13][0]$_DFFE_PP_,clk_core,4.22,-0.98,3479;3485;3613;3618;6619;6760;6830;6835;12459;12641;12642;12643;12647;12649;13044;13046;15927;19276
768,g_chan[1].u_cdc_chw.mem[14][0]$_DFFE_PP_,clk_core,4.22,-0.98,3479;3485;3613;3618;6618;6760;6830;6835;12459;12641;12642;12643;12647;12649;13044;13046;15963;19276
769,g_chan[1].u_cdc_chw.mem[15][0]$_DFFE_PP_,clk_core,4.22,-0.98,3479;3485;3613;3618;6618;6760;6830;6835;12459;12641;12642;12643;12647;12649;13044;13046;15999;19276
770,g_chan[1].u_cdc_chw.mem[2][0]$_DFFE_PP_,clk_core,4.22,-0.98,3479;3485;3613;3618;6622;6760;6830;6835;12459;12641;12642;12643;12647;12649;13044;13046;15496;19276
771,g_chan[1].u_cdc_chw.mem[3][0]$_DFFE_PP_,clk_core,4.22,-0.98,3479;3485;3613;3618;6622;6760;6830;6835;12459;12641;12642;12643;12647;12649;13044;13046;15533;19276
772,g_chan[1].u_cdc_chw.mem[4][0]$_DFFE_PP_,clk_core,4.22,-0.98,3479;3485;3613;3618;6754;6760;6830;6835;12459;12641;12642;12643;12647;12649;13044;13046;15601;19276
773,g_chan[1].u_cdc_chw.mem[6][0]$_DFFE_PP_,clk_core,4.22,-0.98,3479;3485;3613;3618;6754;6760;6830;6835;12459;12641;12642;12643;12647;12649;13044;13046;15673;19276
774,g_chan[1].u_cdc_chw.mem[8][0]$_DFFE_PP_,clk_core,4.22,-0.98,3479;3485;3613;3618;6756;6760;6830;6835;12459;12641;12642;12643;12647;12649;13044;13046;15746;19276
775,g_chan[1].u_cdc_chw.mem[9][0]$_DFFE_PP_,clk_core,4.22,-0.98,3479;3485;3613;3618;6756;6760;6830;6835;12459;12641;12642;12643;12647;12649;13044;13046;15782;19276
776,g_chan[1].u_cdc_chw.mem[0][0]$_DFFE_PP_,clk_core,4.22,-0.98,3479;3485;3613;3618;6621;6760;6830;6835;12459;12641;12642;12643;12647;12649;13044;13046;15422;19276
777,g_chan[1].u_cdc_chw.mem[1][0]$_DFFE_PP_,clk_core,4.22,-0.98,3479;3485;3613;3618;6621;6760;6830;6835;12459;12641;12642;12643;12647;12649;13044;13046;15459;19276
778,g_chan[1].u_cdc_chw.mem[5][0]$_DFFE_PP_,clk_core,4.22,-0.98,3478;3485;3613;3618;6753;6760;6830;6835;12459;12641;12642;12643;12647;12649;13044;13046;15637;19276
779,g_chan[1].u_cdc_chw.mem[7][0]$_DFFE_PP_,clk_core,4.22,-0.98,3478;3485;3613;3618;6753;6760;6830;6835;12459;12641;12642;12643;12647;12649;13044;13046;15709;19276
780,u_dma_fabric.rbeat_data[20]$_DFFE_PN0P_,clk_core,4.23,-0.97,3441;3450;3612;3618;5363;5813;6830;6835;7871;7872;7874;7876;7877;7878;12247;12361;19276
781,g_chan[1].u_cdc_chw.mem[0][9]$_DFFE_PP_,clk_core,4.23,-0.97,3476;3485;3613;3618;6643;6760;6830;6835;12459;12473;12474;12475;12477;13044;13046;15413;19276
782,g_chan[1].u_cdc_chw.mem[14][9]$_DFFE_PP_,clk_core,4.23,-0.97,3476;3485;3613;3618;6643;6760;6830;6835;12459;12473;12474;12475;12477;13044;13046;15954;19276
783,g_chan[1].u_cdc_chw.mem[1][9]$_DFFE_PP_,clk_core,4.23,-0.97,3476;3485;3613;3618;6643;6760;6830;6835;12459;12473;12474;12475;12477;13044;13046;15450;19276
784,g_chan[1].u_cdc_chw.mem[2][9]$_DFFE_PP_,clk_core,4.23,-0.97,3476;3485;3613;3618;6643;6760;6830;6835;12459;12473;12474;12475;12477;13044;13046;15487;19276
785,g_chan[1].u_cdc_chw.mem[3][9]$_DFFE_PP_,clk_core,4.23,-0.97,3476;3485;3613;3618;6643;6760;6830;6835;12459;12473;12474;12475;12477;13044;13046;15524;19276
786,g_chan[1].u_cdc_chw.mem[0][23]$_DFFE_PP_,clk_core,4.23,-0.97,3456;3485;3612;3613;3618;6641;6760;6830;6835;10495;12175;12176;12177;12181;12183;13044;13046;15397;19276
787,g_chan[1].u_cdc_chw.mem[12][23]$_DFFE_PP_,clk_core,4.23,-0.97,3456;3485;3612;3613;3618;6652;6760;6830;6835;10495;12175;12176;12177;12181;12183;13044;13046;15866;19276
788,g_chan[1].u_cdc_chw.mem[13][23]$_DFFE_PP_,clk_core,4.23,-0.97,3456;3485;3612;3613;3618;6652;6760;6830;6835;10495;12175;12176;12177;12181;12183;13044;13046;15902;19276
789,g_chan[1].u_cdc_chw.mem[14][23]$_DFFE_PP_,clk_core,4.23,-0.97,3456;3485;3612;3613;3618;6638;6760;6830;6835;10495;12175;12176;12177;12181;12183;13044;13046;15938;19276
790,g_chan[1].u_cdc_chw.mem[8][23]$_DFFE_PP_,clk_core,4.23,-0.97,3456;3485;3612;3613;3618;6652;6760;6830;6835;10495;12175;12176;12177;12181;12183;13044;13046;15721;19276
791,g_chan[1].u_cdc_chw.mem[9][23]$_DFFE_PP_,clk_core,4.23,-0.97,3456;3485;3612;3613;3618;6652;6760;6830;6835;10495;12175;12176;12177;12181;12183;13044;13046;15757;19276
792,g_chan[1].u_cdc_chw.mem[10][23]$_DFFE_PP_,clk_core,4.23,-0.97,3456;3485;3612;3613;3618;6640;6760;6830;6835;10495;12175;12176;12177;12181;12183;13044;13046;15793;19276
793,g_chan[1].u_cdc_chw.mem[11][23]$_DFFE_PP_,clk_core,4.23,-0.97,3456;3485;3612;3613;3618;6640;6760;6830;6835;10495;12175;12176;12177;12181;12183;13044;13046;15829;19276
794,g_chan[1].u_cdc_chw.mem[15][23]$_DFFE_PP_,clk_core,4.23,-0.97,3456;3485;3612;3613;3618;6640;6760;6830;6835;10495;12175;12176;12177;12181;12183;13044;13046;15974;19276
795,g_chan[1].u_cdc_chw.mem[1][23]$_DFFE_PP_,clk_core,4.23,-0.97,3456;3485;3612;3613;3618;6640;6760;6830;6835;10495;12175;12176;12177;12181;12183;13044;13046;15434;19276
796,g_chan[1].u_cdc_chw.mem[2][23]$_DFFE_PP_,clk_core,4.23,-0.97,3456;3485;3612;3613;3618;6640;6760;6830;6835;10495;12175;12176;12177;12181;12183;13044;13046;15471;19276
797,g_chan[1].u_cdc_chw.mem[3][23]$_DFFE_PP_,clk_core,4.23,-0.97,3456;3485;3612;3613;3618;6640;6760;6830;6835;10495;12175;12176;12177;12181;12183;13044;13046;15508;19276
798,g_chan[1].u_cdc_chw.mem[4][23]$_DFFE_PP_,clk_core,4.23,-0.97,3454;3485;3612;3613;3618;6650;6760;6830;6835;10495;12175;12176;12177;12181;12183;13044;13046;15553;19276
799,g_chan[1].u_cdc_chw.mem[5][23]$_DFFE_PP_,clk_core,4.23,-0.97,3454;3485;3612;3613;3618;6650;6760;6830;6835;10495;12175;12176;12177;12181;12183;13044;13046;15612;19276
800,g_chan[1].u_cdc_chw.mem[6][23]$_DFFE_PP_,clk_core,4.23,-0.97,3454;3485;3612;3613;3618;6650;6760;6830;6835;10495;12175;12176;12177;12181;12183;13044;13046;15648;19276
801,u_host_if.reg_len[13]$_DFFE_PN0P_,clk_core,6.55,-3.56,2188;2190;3398;3603;3705;3706;3743;11690;14963;15388;16471;16515;17156;18530
802,u_host_if.reg_len[7]$_DFFE_PN0P_,clk_core,6.55,-3.56,2188;2190;3398;3603;3705;3706;3756;11631;14963;15388;16471;16515;17156;18530
803,u_host_if.reg_len[11]$_DFFE_PN0P_,clk_core,6.55,-3.56,2188;2190;3398;3603;3705;3706;3747;11443;14963;15388;16471;16515;17094;18530
804,u_host_if.reg_len[6]$_DFFE_PN0P_,clk_core,6.55,-3.56,2188;2190;3398;3603;3705;3706;3758;11815;14963;15388;16471;16515;17189;18530
805,u_host_if.reg_len[0]$_DFFE_PN0P_,clk_core,6.55,-3.56,2188;2190;3398;3603;3705;3706;3770;11953;14963;15388;16471;16515;17116;18530
806,u_host_if.reg_len[1]$_DFFE_PN0P_,clk_core,6.55,-3.56,2188;2190;3398;3603;3705;3706;3768;11963;14963;15388;16471;16515;17116;18530
807,u_host_if.reg_len[30]$_DFFE_PN0P_,clk_core,6.55,-3.56,2188;2190;3398;3603;3705;3706;3708;14963;15388;16077;16471;16482;16639;18530
808,u_host_if.reg_len[27]$_DFFE_PN0P_,clk_core,6.56,-3.56,2188;2190;3398;3603;3705;3706;3714;9416;14963;15388;16471;16482;16639;18530
809,u_host_if.reg_len[25]$_DFFE_PN0P_,clk_core,6.56,-3.56,2188;2190;3398;3603;3705;3706;3718;14963;15388;16143;16471;16482;16599;18530
810,u_host_if.reg_len[22]$_DFFE_PN0P_,clk_core,6.56,-3.56,2188;2190;3398;3603;3705;3706;3724;9435;14963;15388;16471;16482;16599;18530
811,u_host_if.reg_len[21]$_DFFE_PN0P_,clk_core,6.56,-3.56,2188;2190;3398;3603;3705;3706;3726;14963;15388;16176;16471;16482;16599;18530
812,u_host_if.reg_len[23]$_DFFE_PN0P_,clk_core,6.56,-3.56,2188;2190;3398;3603;3705;3706;3722;14963;15388;16176;16471;16482;16599;18530
813,u_host_if.reg_len[24]$_DFFE_PN0P_,clk_core,6.56,-3.56,2188;2190;3398;3603;3705;3706;3720;14963;15388;16119;16471;16482;16599;18530
814,u_host_if.reg_len[26]$_DFFE_PN0P_,clk_core,6.56,-3.56,2188;2190;3398;3603;3705;3706;3716;14963;15388;16176;16471;16482;16599;18530
815,u_host_if.reg_len[29]$_DFFE_PN0P_,clk_core,6.56,-3.56,2188;2190;3398;3603;3705;3706;3710;14963;15388;16087;16471;16482;16599;18530
816,u_host_if.reg_len[28]$_DFFE_PN0P_,clk_core,6.56,-3.56,2188;2190;3398;3603;3705;3706;3712;14963;15388;16217;16471;16482;16650;18530
817,u_host_if.repack_q[1]$_DFFE_PN0P_,clk_core,6.59,-3.51,2188;2190;3398;3603;3606;3700;13469;13531;16471;16526;17402;18530
818,u_host_if.repack_q[28]$_DFFE_PN0P_,clk_core,6.59,-3.51,2188;2190;3398;3603;3606;3617;13469;13531;16471;16526;17402;18530
819,u_host_if.repack_q[29]$_DFFE_PN0P_,clk_core,6.59,-3.51,2188;2190;3398;3603;3606;3614;13469;13531;16471;16526;17402;18530
820,u_host_if.repack_q[30]$_DFFE_PN0P_,clk_core,6.59,-3.51,2188;2190;3398;3603;3606;3611;13469;13531;16471;16526;17402;18530
821,u_host_if.repack_q[8]$_DFFE_PN0P_,clk_core,6.59,-3.51,2188;2190;3398;3603;3606;3679;13469;13531;16471;16526;17402;18530
822,u_host_if.repack_q[26]$_DFFE_PN0P_,clk_core,6.59,-3.51,2188;2190;3398;3603;3606;3623;13517;13531;16471;16526;17395;18530
823,u_host_if.repack_q[27]$_DFFE_PN0P_,clk_core,6.59,-3.51,2188;2190;3398;3603;3606;3620;13517;13531;16471;16526;17395;18530
824,u_host_if.repack_q[0]$_DFFE_PN0P_,clk_core,6.59,-3.51,2188;2190;3398;3603;3606;3703;13496;13531;16471;16526;17395;18530
825,u_host_if.repack_q[12]$_DFFE_PN0P_,clk_core,6.59,-3.51,2188;2190;3398;3603;3606;3666;13496;13531;16471;16526;17395;18530
826,u_host_if.repack_q[25]$_DFFE_PN0P_,clk_core,6.59,-3.51,2188;2190;3398;3603;3606;3626;13496;13531;16471;16526;17395;18530
827,u_host_if.repack_q[7]$_DFFE_PN0P_,clk_core,6.59,-3.51,2188;2190;3398;3603;3606;3682;13496;13531;16471;16526;17395;18530
828,u_host_if.repack_q[21]$_DFFE_PN0P_,clk_core,6.59,-3.51,2188;2190;3398;3603;3606;3639;13500;13531;16471;16526;17395;18530
829,u_host_if.repack_q[23]$_DFFE_PN0P_,clk_core,6.59,-3.51,2188;2190;3398;3603;3606;3632;13500;13531;16471;16526;17395;18530
830,u_host_if.reg_addr[13]$_DFFE_PN0P_,clk_core,6.6,-3.51,2188;2190;3398;3399;3400;3401;3455;10021;13663;16471;16526;17395;18530
831,u_host_if.reg_addr[0]$_DFFE_PN0P_,clk_core,6.6,-3.51,2188;2190;3398;3399;3400;3401;3496;10021;12016;16471;16515;17211;18530
832,u_host_if.reg_addr[6]$_DFFE_PN0P_,clk_core,6.6,-3.51,2188;2190;3398;3399;3400;3401;3477;10021;12018;16471;16515;17211;18530
833,u_host_if.reg_addr[2]$_DFFE_PN0P_,clk_core,6.6,-3.51,2188;2190;3398;3399;3400;3401;3489;10021;12415;16471;16526;17414;18530
834,u_host_if.reg_addr[5]$_DFFE_PN0P_,clk_core,6.6,-3.51,2188;2190;3398;3399;3400;3401;3480;10021;12437;16471;16526;17414;18530
835,u_host_if.reg_addr[3]$_DFFE_PN0P_,clk_core,6.6,-3.51,2188;2190;3398;3399;3400;3401;3486;10021;12434;16471;16526;17414;18530
836,u_host_if.reg_addr[4]$_DFFE_PN0P_,clk_core,6.6,-3.51,2188;2190;3398;3399;3400;3401;3483;10021;12434;16471;16526;17414;18530
837,u_host_if.repack_q[10]$_DFFE_PN0P_,clk_core,6.6,-3.51,2188;2190;3398;3603;3606;3673;8968;13465;13531;16471;16555;18530
838,u_host_if.repack_q[5]$_DFFE_PN0P_,clk_core,6.6,-3.51,2188;2190;3398;3603;3606;3688;8968;13465;13531;16471;16555;18530
839,u_host_if.repack_q[6]$_DFFE_PN0P_,clk_core,6.6,-3.51,2188;2190;3398;3603;3606;3685;8968;13465;13531;16471;16555;18530
840,u_host_if.reg_addr[14]$_DFFE_PN0P_,clk_core,6.6,-3.51,2188;2190;3398;3399;3400;3401;3452;10021;11812;16471;16515;17116;18530
841,u_host_if.reg_addr[8]$_DFFE_PN0P_,clk_core,6.6,-3.51,2188;2190;3398;3399;3400;3401;3471;10021;11812;16471;16515;17116;18530
842,u_host_if.reg_addr[7]$_DFFE_PN0P_,clk_core,6.6,-3.51,2188;2190;3398;3399;3400;3401;3474;10021;11873;16471;16515;17189;18530
843,u_host_if.repack_q[24]$_DFFE_PN0P_,clk_core,6.6,-3.51,2188;2190;3398;3603;3606;3629;13488;13531;16471;16555;17425;18530
844,u_host_if.repack_q[2]$_DFFE_PN0P_,clk_core,6.6,-3.51,2188;2190;3398;3603;3606;3697;13488;13531;16471;16555;17425;18530
845,u_host_if.repack_q[4]$_DFFE_PN0P_,clk_core,6.6,-3.51,2188;2190;3398;3603;3606;3691;13488;13531;16471;16555;17425;18530
846,u_host_if.reg_addr[1]$_DFFE_PN0P_,clk_core,6.6,-3.51,2188;2190;3398;3399;3400;3401;3493;10021;12003;16471;16482;17060;18530
847,u_host_if.reg_addr[18]$_DFFE_PN0P_,clk_core,6.6,-3.51,2188;2190;3398;3399;3400;3401;3440;9282;15372;16471;16482;16639;18530
848,u_host_if.reg_addr[22]$_DFFE_PN0P_,clk_core,6.6,-3.51,2188;2190;3398;3399;3400;3401;3427;15372;16313;16471;16482;16599;18530
849,u_host_if.reg_addr[21]$_DFFE_PN0P_,clk_core,6.6,-3.51,2188;2190;3398;3399;3400;3401;3430;15372;16087;16471;16482;16599;18530
850,u_host_if.reg_addr[23]$_DFFE_PN0P_,clk_core,6.6,-3.51,2188;2190;3398;3399;3400;3401;3424;15372;16119;16471;16482;16599;18530
851,u_host_if.reg_addr[24]$_DFFE_PN0P_,clk_core,6.6,-3.51,2188;2190;3398;3399;3400;3401;3421;15372;16261;16471;16482;16650;18530
852,u_host_if.reg_addr[25]$_DFFE_PN0P_,clk_core,6.6,-3.51,2188;2190;3398;3399;3400;3401;3418;15372;16261;16471;16482;16650;18530
853,u_host_if.reg_addr[29]$_DFFE_PN0P_,clk_core,6.6,-3.51,2188;2190;3398;3399;3400;3401;3406;15372;16217;16471;16482;16650;18530
854,u_host_if.reg_addr[30]$_DFFE_PN0P_,clk_core,6.6,-3.51,2188;2190;3398;3399;3400;3401;3403;15372;16217;16471;16482;16650;18530
855,u_host_if.reg_addr[28]$_DFFE_PN0P_,clk_core,6.6,-3.51,2188;2190;3398;3399;3400;3401;3409;15372;16228;16471;16482;16650;18530
856,u_host_if.reg_addr[26]$_DFFE_PN0P_,clk_core,6.61,-3.51,2188;2190;3398;3399;3400;3401;3415;15372;16302;16471;16482;16650;18530
857,u_host_if.reg_addr[27]$_DFFE_PN0P_,clk_core,6.61,-3.51,2188;2190;3398;3399;3400;3401;3412;15372;16302;16471;16482;16650;18530
858,u_host_if.reg_len[8]$_DFFE_PN0P_,clk_core,6.61,-3.49,2188;2190;3398;3603;3705;3706;3754;14111;14963;16471;16526;17346;18530
859,u_host_if.reg_len[15]$_DFFE_PN0P_,clk_core,6.61,-3.49,2188;2190;3398;3603;3705;3706;3739;11021;14963;16471;16515;17094;18530
860,u_host_if.reg_len[17]$_DFFE_PN0P_,clk_core,6.61,-3.49,2188;2190;3398;3603;3705;3706;3735;11385;14963;16471;16515;17094;18530
861,u_host_if.reg_len[14]$_DFFE_PN0P_,clk_core,6.61,-3.49,2188;2190;3398;3603;3705;3706;3741;11566;14963;16471;16515;17144;18530
862,u_host_if.reg_len[31]$_DFFE_PN0P_,clk_core,6.61,-3.49,2188;2190;3398;3603;3705;3706;11566;14963;16471;16515;17144;18530;18802
863,u_host_if.reg_len[12]$_DFFE_PN0P_,clk_core,6.62,-3.49,2188;2190;3398;3603;3705;3706;3745;11505;14963;16471;16515;17144;18530
864,u_host_if.reg_len[16]$_DFFE_PN0P_,clk_core,6.62,-3.49,2188;2190;3398;3603;3705;3706;3737;14963;15748;16471;16482;16610;18530
865,u_host_if.reg_len[18]$_DFFE_PN0P_,clk_core,6.62,-3.49,2188;2190;3398;3603;3705;3706;3733;11053;14963;16471;16482;16610;18530
866,u_host_if.reg_len[19]$_DFFE_PN0P_,clk_core,6.62,-3.49,2188;2190;3398;3603;3705;3706;3731;11053;14963;16471;16482;16610;18530
867,u_host_if.reg_len[20]$_DFFE_PN0P_,clk_core,6.62,-3.49,2188;2190;3398;3603;3705;3706;3729;11053;14963;16471;16482;16610;18530
868,u_host_if.repack_emit$_DFF_PN0_,clk_core,6.64,-3.48,2188;2190;3398;3603;3606;3608;8968;13465;13531;16471;16555;18530;27233
869,u_host_if.reg_addr[31]$_DFFE_PN0P_,clk_core,6.65,-3.45,2188;2190;3398;3399;3400;3401;14173;16471;16526;17346;18530;19333
870,u_host_if.reg_addr[9]$_DFFE_PN0P_,clk_core,6.65,-3.45,2188;2190;3398;3399;3400;3401;3468;14257;16471;16526;17346;18530
871,u_host_if.reg_addr[10]$_DFFE_PN0P_,clk_core,6.66,-3.45,2188;2190;3398;3399;3400;3401;3465;13562;16471;16526;17395;18530
872,u_host_if.reg_len[2]$_DFFE_PN0P_,clk_core,6.66,-3.45,2188;2190;3398;3603;3705;3706;3766;12037;13873;16471;16526;17368;18530
873,u_host_if.reg_len[5]$_DFFE_PN0P_,clk_core,6.66,-3.45,2188;2190;3398;3603;3705;3706;3760;12037;13873;16471;16526;17368;18530
874,u_host_if.reg_len[10]$_DFFE_PN0P_,clk_core,6.66,-3.45,2188;2190;3398;3603;3705;3706;3750;12037;13517;16471;16526;17395;18530
875,u_host_if.reg_len[4]$_DFFE_PN0P_,clk_core,6.66,-3.45,2188;2190;3398;3603;3705;3706;3762;12037;13517;16471;16526;17395;18530
876,u_host_if.reg_addr[11]$_DFFE_PN0P_,clk_core,6.66,-3.45,2188;2190;3398;3399;3400;3401;3461;11443;16471;16515;17094;18530
877,u_host_if.reg_addr[17]$_DFFE_PN0P_,clk_core,6.66,-3.45,2188;2190;3398;3399;3400;3401;3443;11385;16471;16515;17094;18530
878,u_host_if.reg_len[3]$_DFFE_PN0P_,clk_core,6.66,-3.45,2188;2190;3398;3603;3705;3706;3764;12037;14049;16471;16526;17368;18530
879,u_host_if.reg_addr[12]$_DFFE_PN0P_,clk_core,6.66,-3.45,2188;2190;3398;3399;3400;3401;3458;9246;16471;16515;17094;18530
880,u_host_if.reg_addr[19]$_DFFE_PN0P_,clk_core,6.66,-3.45,2188;2190;3398;3399;3400;3401;3437;8997;16471;16482;16639;18530
881,u_host_if.reg_addr[15]$_DFFE_PN0P_,clk_core,6.66,-3.45,2188;2190;3398;3399;3400;3401;3449;15748;16471;16482;16610;18530
882,u_host_if.reg_addr[16]$_DFFE_PN0P_,clk_core,6.66,-3.45,2188;2190;3398;3399;3400;3401;3446;15748;16471;16482;16610;18530
883,u_host_if.reg_addr[20]$_DFFE_PN0P_,clk_core,6.66,-3.45,2188;2190;3398;3399;3400;3401;3434;15748;16471;16482;16610;18530
884,u_host_if.repack_q[11]$_DFFE_PN0P_,clk_core,6.67,-3.43,2188;2190;3398;3603;3606;3670;14257;16471;16526;17346;18530
885,u_host_if.repack_q[14]$_DFFE_PN0P_,clk_core,6.67,-3.43,2188;2190;3398;3603;3606;3660;14257;16471;16526;17346;18530
886,u_host_if.repack_q[15]$_DFFE_PN0P_,clk_core,6.67,-3.43,2188;2190;3398;3603;3606;3657;14257;16471;16526;17346;18530
887,u_host_if.repack_q[16]$_DFFE_PN0P_,clk_core,6.67,-3.43,2188;2190;3398;3603;3606;3654;14257;16471;16526;17346;18530
888,u_host_if.repack_q[20]$_DFFE_PN0P_,clk_core,6.67,-3.43,2188;2190;3398;3603;3606;3642;14257;16471;16526;17346;18530
889,u_host_if.repack_q[31]$_DFFE_PN0P_,clk_core,6.67,-3.43,2188;2190;3398;3603;3606;14257;16471;16526;17346;18530;18799
890,u_host_if.repack_q[3]$_DFFE_PN0P_,clk_core,6.68,-3.43,2188;2190;3398;3603;3606;3694;13496;16471;16526;17395;18530
891,u_host_if.repack_q[13]$_DFFE_PN0P_,clk_core,6.68,-3.43,2188;2190;3398;3603;3606;3663;14285;16471;16526;17368;18530
892,u_host_if.repack_q[18]$_DFFE_PN0P_,clk_core,6.68,-3.43,2188;2190;3398;3603;3606;3648;14285;16471;16526;17368;18530
893,u_host_if.repack_q[19]$_DFFE_PN0P_,clk_core,6.68,-3.43,2188;2190;3398;3603;3606;3645;14285;16471;16526;17368;18530
894,u_host_if.repack_q[22]$_DFFE_PN0P_,clk_core,6.68,-3.43,2188;2190;3398;3603;3606;3635;13500;16471;16526;17395;18530
895,u_host_if.repack_q[17]$_DFFE_PN0P_,clk_core,6.69,-3.43,2188;2190;3398;3603;3606;3651;14290;16471;16555;17421;18530
896,u_host_if.repack_q[9]$_DFFE_PN0P_,clk_core,6.69,-3.43,2188;2190;3398;3603;3606;3676;14389;16471;16555;17425;18530
897,u_host_if.reg_len[9]$_DFFE_PN0P_,clk_core,6.69,-3.42,2188;2190;3398;3603;3705;3706;3752;14111;16471;16526;17346;18530
898,u_host_if.reg_opcode[4]$_DFFE_PN0P_,clk_core,6.7,-3.4,2188;2190;3398;3399;3400;3501;3508;13032;16471;16526;17402;18530
899,u_host_if.reg_opcode[5]$_DFFE_PN0P_,clk_core,6.7,-3.4,2188;2190;3398;3399;3400;3501;3505;13032;16471;16526;17402;18530
900,u_host_if.reg_opcode[3]$_DFFE_PN0P_,clk_core,6.7,-3.4,2188;2190;3398;3399;3400;3501;3511;13469;16471;16526;17402;18530
901,u_host_if.reg_opcode[2]$_DFFE_PN0P_,clk_core,6.7,-3.4,2188;2190;3398;3399;3400;3501;3514;12410;16471;16526;17402;18530
902,u_host_if.reg_chan$_DFFE_PN0P_,clk_core,6.7,-3.4,2188;2190;3398;3399;3400;3501;13541;16471;16526;17402;18530;19332;27189
903,u_host_if.reg_opcode[6]$_DFFE_PN0P_,clk_core,6.7,-3.4,2188;2190;3398;3399;3400;3501;3502;12415;16471;16526;17414;18530
904,u_host_if.reg_opcode[0]$_DFFE_PN0P_,clk_core,6.7,-3.4,2188;2190;3398;3399;3400;3501;3520;12434;16471;16526;17414;18530
905,u_host_if.reg_opcode[1]$_DFFE_PN0P_,clk_core,6.7,-3.4,2188;2190;3398;3399;3400;3501;3517;12434;16471;16526;17414;18530
906,u_host_if.reg_opcode[7]$_DFFE_PN0P_,clk_core,6.7,-3.4,2188;2190;3398;3399;3400;3501;12434;16471;16526;17414;18530;19292
907,u_host_if.reg_chmask[1]$_DFFE_PN0P_,clk_core,6.71,-3.39,2188;2190;3398;3603;3604;13469;16471;16526;17402;18530;18798
908,u_host_if.reg_chmask[0]$_DFFE_PN0P_,clk_core,6.71,-3.39,2188;2190;3398;3603;3604;3605;13533;16471;16526;17402;18530
909,s_rdata[17],clk_core,6.72,-0.28,15712;16471;16555;17441;17631
910,s_rdata[21],clk_core,6.72,-0.28,15712;16471;16555;17441;17574
911,s_rdata[31],clk_core,6.72,-0.28,15712;16471;16555;17441;17460
912,s_rvalid,clk_core,6.72,-0.28,15675;16471;16555;17441;17444;27332
913,s_rdata[20],clk_core,6.72,-0.28,15675;16471;16555;17441;17585
914,s_rdata[29],clk_core,6.72,-0.28,15675;16471;16555;17441;17477
915,s_rdata[26],clk_core,6.72,-0.28,15675;16471;16555;17441;17513
916,s_rdata[12],clk_core,6.72,-0.28,15676;16471;16555;17441;17690
917,s_rdata[13],clk_core,6.72,-0.28,15615;16471;16555;17441;17679
918,s_rdata[14],clk_core,6.72,-0.28,15651;16471;16555;17441;17666
919,s_rdata[15],clk_core,6.72,-0.28,15651;16471;16555;17441;17655
920,s_rdata[22],clk_core,6.72,-0.28,15651;16471;16555;17441;17560
921,s_rdata[24],clk_core,6.72,-0.28,15640;16471;16555;17441;17538
922,s_rdata[16],clk_core,6.72,-0.28,15640;16471;16555;17441;17644
923,s_rdata[18],clk_core,6.72,-0.28,15640;16471;16555;17441;17620
924,s_rdata[19],clk_core,6.72,-0.28,15676;16471;16555;17441;17609
925,s_rdata[23],clk_core,6.72,-0.28,15640;16471;16555;17441;17549
926,s_rdata[25],clk_core,6.72,-0.28,15676;16471;16555;17441;17524
927,s_rdata[27],clk_core,6.72,-0.28,15676;16471;16555;17441;17502
928,s_rdata[28],clk_core,6.72,-0.28,15676;16471;16555;17441;17488
929,s_rdata[30],clk_core,6.72,-0.28,15640;16471;16555;17441;17462
930,u_host_if.s_rdata[12]$_DFFE_PN0P_,clk_core,6.73,-3.39,3523;3524;3531;3532;3572;3573;13015;15676;16471;16555;17441;18785
931,u_host_if.s_rdata[13]$_DFFE_PN0P_,clk_core,6.73,-3.39,3523;3524;3531;3532;3570;3571;13015;15615;16471;16555;17441;18785
932,u_host_if.s_rdata[14]$_DFFE_PN0P_,clk_core,6.73,-3.39,3523;3524;3531;3532;3568;3569;13015;15651;16471;16555;17441;18785
933,u_host_if.s_rdata[15]$_DFFE_PN0P_,clk_core,6.73,-3.39,3523;3524;3531;3532;3566;3567;13015;15651;16471;16555;17441;18785
934,u_host_if.s_rdata[22]$_DFFE_PN0P_,clk_core,6.73,-3.39,3523;3524;3531;3532;3552;3553;13015;15651;16471;16555;17441;18785
935,u_host_if.s_rdata[24]$_DFFE_PN0P_,clk_core,6.73,-3.39,3523;3524;3531;3532;3548;3549;13015;15640;16471;16555;17441;18785
936,u_host_if.s_rdata[20]$_DFFE_PN0P_,clk_core,6.73,-3.39,3523;3524;3531;3532;3556;3557;13015;15675;16471;16555;17441;18785
937,u_host_if.s_rdata[29]$_DFFE_PN0P_,clk_core,6.73,-3.39,3523;3524;3531;3532;3538;3539;13015;15675;16471;16555;17441;18785
938,u_host_if.s_rdata[17]$_DFFE_PN0P_,clk_core,6.73,-3.39,3523;3524;3531;3532;3562;3563;13015;15712;16471;16555;17441;18785
939,s_rdata[3],clk_core,6.73,-0.27,15760;16471;16515;17324;17458
940,s_rdata[5],clk_core,6.73,-0.27,15760;16471;16515;17324;17454
941,s_rdata[6],clk_core,6.73,-0.27,15760;16471;16515;17324;17452
942,s_rdata[9],clk_core,6.73,-0.27,15760;16471;16515;17324;17446
943,s_bvalid,clk_core,6.73,-0.27,14235;16471;16526;17346;17737;27299
944,s_rdata[10],clk_core,6.73,-0.27,15735;16471;16526;17410;17715
945,s_rdata[11],clk_core,6.73,-0.27,15735;16471;16526;17410;17701
946,s_rdata[2],clk_core,6.73,-0.27,15735;16471;16526;17410;17466
947,s_rdata[8],clk_core,6.73,-0.27,15735;16471;16526;17410;17448
948,s_rdata[1],clk_core,6.73,-0.27,15735;16471;16526;17410;17596
949,s_rdata[0],clk_core,6.73,-0.27,15724;16471;16526;17410;17726
950,s_rdata[4],clk_core,6.73,-0.27,15785;16471;16515;17324;17456
951,s_rdata[7],clk_core,6.73,-0.27,15785;16471;16515;17324;17450
952,u_host_if.reg_ecc_en$_DFFE_PN0P_,clk_core,6.73,-3.37,2188;2190;3398;3399;13788;16471;16526;17395;18530;19269;19270;19271;27192
953,u_host_if.s_rdata[16]$_DFFE_PN0P_,clk_core,6.74,-3.38,3523;3524;3531;3532;3564;3565;13015;15640;16471;16555;17441;18785
954,u_host_if.s_rdata[18]$_DFFE_PN0P_,clk_core,6.74,-3.38,3523;3524;3531;3532;3560;3561;13015;15640;16471;16555;17441;18785
955,u_host_if.s_rdata[19]$_DFFE_PN0P_,clk_core,6.74,-3.38,3523;3524;3531;3532;3558;3559;13015;15676;16471;16555;17441;18785
956,u_host_if.s_rdata[23]$_DFFE_PN0P_,clk_core,6.74,-3.38,3523;3524;3531;3532;3550;3551;13015;15640;16471;16555;17441;18785
957,u_host_if.s_rdata[25]$_DFFE_PN0P_,clk_core,6.74,-3.38,3523;3524;3531;3532;3546;3547;13015;15676;16471;16555;17441;18785
958,u_host_if.s_rdata[27]$_DFFE_PN0P_,clk_core,6.74,-3.38,3523;3524;3531;3532;3542;3543;13015;15676;16471;16555;17441;18785
959,u_host_if.s_rdata[28]$_DFFE_PN0P_,clk_core,6.74,-3.38,3523;3524;3531;3532;3540;3541;13015;15676;16471;16555;17441;18785
960,u_host_if.s_rdata[30]$_DFFE_PN0P_,clk_core,6.74,-3.38,3523;3524;3531;3532;3534;3535;13015;15640;16471;16555;17441;18785
961,u_host_if.s_rdata[26]$_DFFE_PN0P_,clk_core,6.74,-3.38,3523;3524;3531;3532;3544;3545;13015;15675;16471;16555;17441;18785
962,u_host_if.s_rdata[21]$_DFFE_PN0P_,clk_core,6.74,-3.38,3523;3524;3531;3532;3554;3555;13015;15712;16471;16555;17441;18785
963,u_host_if.s_rdata[31]$_DFFE_PN0P_,clk_core,6.74,-3.38,3523;3524;3531;3532;13015;15712;16471;16555;17441;18785;19218;19219
964,s_arready,clk_core,6.75,-0.25,15675;16471;16555;17441;17761;27332
965,s_awready,clk_core,6.76,-0.24,14235;16471;16526;17346;17750;27299
966,s_wready,clk_core,6.76,-0.24,14235;16471;16526;17346;17442;27299
967,u_host_if.start_pulse$_DFF_PN0_,clk_core,6.76,-3.35,2188;2190;3398;3399;13601;16471;16526;17402;18530;19269;19344;27333
968,u_host_if.done_sticky$_DFF_PN0_,clk_core,6.78,-3.32,2188;2190;3398;3399;12437;16471;16526;17414;18530;19269;19347;27156
969,u_host_if.s_rdata[4]$_DFFE_PN0P_,clk_core,6.79,-3.32,3523;3524;3531;3532;3590;3591;10304;15785;16471;16515;17324;18785
970,u_host_if.s_rdata[7]$_DFFE_PN0P_,clk_core,6.79,-3.32,3523;3524;3531;3532;3584;3585;10304;15785;16471;16515;17324;18785
971,u_host_if.s_rdata[10]$_DFFE_PN0P_,clk_core,6.79,-3.32,3523;3524;3531;3532;3578;3579;10304;15735;16471;16526;17410;18785
972,u_host_if.s_rdata[11]$_DFFE_PN0P_,clk_core,6.79,-3.32,3523;3524;3531;3532;3576;3577;10304;15735;16471;16526;17410;18785
973,u_host_if.s_rdata[2]$_DFFE_PN0P_,clk_core,6.79,-3.32,3523;3524;3531;3532;3594;3595;10304;15735;16471;16526;17410;18785
974,u_host_if.s_rdata[8]$_DFFE_PN0P_,clk_core,6.79,-3.32,3523;3524;3531;3532;3582;3583;10304;15735;16471;16526;17410;18785
975,u_host_if.s_rdata[3]$_DFFE_PN0P_,clk_core,6.79,-3.32,3523;3524;3531;3532;3592;3593;10304;15760;16471;16515;17324;18785
976,u_host_if.s_rdata[5]$_DFFE_PN0P_,clk_core,6.79,-3.32,3523;3524;3531;3532;3588;3589;10304;15760;16471;16515;17324;18785
977,u_host_if.s_rdata[6]$_DFFE_PN0P_,clk_core,6.79,-3.32,3523;3524;3531;3532;3586;3587;10304;15760;16471;16515;17324;18785
978,u_host_if.s_rdata[9]$_DFFE_PN0P_,clk_core,6.79,-3.32,3523;3524;3531;3532;3580;3581;10304;15760;16471;16515;17324;18785
979,u_host_if.rpop_loaded$_DFFE_PN0P_,clk_core,6.8,-3.3,3523;3524;3531;3532;10304;15760;16471;16515;17324;18785;18801;27266
980,u_host_if.s_rdata[0]$_DFFE_PN0P_,clk_core,6.82,-3.29,3523;3524;3531;3596;3599;3600;15724;16471;16526;17410;18785
981,u_host_if.s_rdata[1]$_DFFE_PN0P_,clk_core,6.82,-3.29,3523;3524;3531;3596;3597;3598;15735;16471;16526;17410;18785
982,u_host_if.awaddr_q[3]$_DFFE_PN0P_,clk_core,6.94,-3.16,2188;2192;14223;16471;16526;17346;18530
983,u_host_if.awaddr_q[2]$_DFFE_PN0P_,clk_core,6.95,-3.15,2188;2194;14223;16471;16526;17346;18530
984,u_host_if.awaddr_q[4]$_DFFE_PN0P_,clk_core,6.95,-3.15,2188;2191;14223;16471;16526;17346;18530
985,u_host_if.awaddr_q[5]$_DFFE_PN0P_,clk_core,6.96,-3.14,2188;2190;14223;16471;16526;17346;18530
986,u_host_if.awaddr_q[6]$_DFFE_PN0P_,clk_core,6.96,-3.14,2188;2189;14235;16471;16526;17346;18530
987,u_host_if.awaddr_q[0]$_DFFE_PN0P_,clk_core,6.96,-3.14,2188;2196;14235;16471;16526;17346;18530
988,u_host_if.awaddr_q[1]$_DFFE_PN0P_,clk_core,6.96,-3.14,2188;2195;14235;16471;16526;17346;18530
989,u_host_if.awaddr_q[7]$_DFFE_PN0P_,clk_core,6.96,-3.14,2188;2197;14235;16471;16526;17346;18530
990,u_host_if.s_rvalid$_DFFE_PN0P_,clk_core,6.99,-3.12,3521;15675;16471;16555;17441;18629;19352;27332
991,u_host_if.s_bvalid$_DFFE_PN0P_,clk_core,7.04,-3.06,3396;14235;16471;16526;17346;18118;19343;27299
992,u_host_if.rpop_q[14]$_DFFE_PN0P_,clk_core,8.92,-1.19,1727;1728;1729;1730;1731;10651;10653;10716;10746;10894;10925;15651;15713;16471;16526;16555;17410;17441
993,u_host_if.rpop_q[18]$_DFFE_PN0P_,clk_core,8.92,-1.19,1658;1659;1660;1661;1662;10651;10653;10716;10746;10894;10925;15615;15713;16471;16526;16555;17410;17441
994,u_host_if.rpop_q[22]$_DFFE_PN0P_,clk_core,8.92,-1.19,1586;1587;1588;1589;1590;10651;10653;10716;10746;10894;10925;15615;15713;16471;16526;16555;17410;17441
995,u_host_if.rpop_q[30]$_DFFE_PN0P_,clk_core,8.92,-1.19,1441;1444;1446;1448;1452;10651;10653;10716;10746;10894;10925;15615;15713;16471;16526;16555;17410;17441
996,u_host_if.rpop_q[28]$_DFFE_PN0P_,clk_core,9.02,-1.09,1482;1483;1484;1485;1486;10651;10716;10746;10894;10925;15615;15713;16471;16526;16555;17410;17441
997,u_host_if.rpop_q[21]$_DFFE_PN0P_,clk_core,9.02,-1.09,1603;1604;1605;1606;1608;10651;10716;10746;10894;10925;15675;15713;16471;16526;16555;17410;17441
998,u_host_if.rpop_q[13]$_DFFE_PN0P_,clk_core,9.13,-0.99,1743;1744;1745;1746;1747;10716;10746;10894;10925;15651;15713;16471;16526;16555;17410;17441
999,u_host_if.rpop_q[16]$_DFFE_PN0P_,clk_core,9.13,-0.99,1691;1692;1693;1694;1695;10716;10746;10894;10925;15651;15713;16471;16526;16555;17410;17441
1000,u_host_if.rpop_q[23]$_DFFE_PN0P_,clk_core,9.13,-0.99,1567;1568;1569;1570;1571;10716;10746;10894;10925;15615;15713;16471;16526;16555;17410;17441
1001,u_host_if.rpop_q[2]$_DFFE_PN0P_,clk_core,9.21,-0.9,1932;1933;1934;1935;1936;10746;10894;10925;15713;15724;16471;16526;17410
1002,u_host_if.rpop_q[8]$_DFFE_PN0P_,clk_core,9.21,-0.9,1825;1827;1828;1837;1838;10746;10894;10925;15713;15735;16471;16526;17410
1003,u_host_if.rpop_q[25]$_DFFE_PN0P_,clk_core,9.22,-0.9,1531;1532;1533;1534;1535;10746;10894;10925;15676;15713;16471;16526;16555;17410;17441
1004,u_host_if.rpop_q[15]$_DFFE_PN0P_,clk_core,9.22,-0.89,1707;1708;1709;1710;1711;10894;10895;10925;15651;15713;16471;16526;16555;17410;17441
1005,u_host_if.rpop_q[19]$_DFFE_PN0P_,clk_core,9.22,-0.89,1641;1642;1643;1644;1645;10894;10895;10925;15615;15713;16471;16526;16555;17410;17441
1006,u_host_if.rpop_q[27]$_DFFE_PN0P_,clk_core,9.22,-0.89,1498;1499;1500;1501;1502;10894;10895;10925;15676;15713;16471;16526;16555;17410;17441
1007,u_host_if.rpop_q[20]$_DFFE_PN0P_,clk_core,9.22,-0.89,1621;1623;1625;1627;1628;10894;10895;10925;15675;15713;16471;16526;16555;17410;17441
1008,u_host_if.rpop_q[26]$_DFFE_PN0P_,clk_core,9.3,-0.82,1515;1516;1517;1518;1519;10656;10894;15675;15713;16471;16526;16555;17410;17441
1009,u_host_if.rpop_q[29]$_DFFE_PN0P_,clk_core,9.3,-0.82,1465;1466;1467;1468;1469;10656;10894;15675;15713;16471;16526;16555;17410;17441
1010,u_host_if.rpop_q[4]$_DFFE_PN0P_,clk_core,9.3,-0.8,1900;1901;1902;1903;1904;10664;10894;15713;15785;16471;16515;16526;17324;17410
1011,u_host_if.rpop_q[7]$_DFFE_PN0P_,clk_core,9.3,-0.8,1850;1851;1852;1853;1854;10664;10894;15713;15785;16471;16515;16526;17324;17410
1012,u_host_if.rpop_q[10]$_DFFE_PN0P_,clk_core,9.3,-0.8,1797;1799;1801;1803;1804;10664;10894;15713;15735;16471;16526;17410
1013,u_host_if.rpop_q[5]$_DFFE_PN0P_,clk_core,9.3,-0.8,1882;1883;1884;1885;1886;10664;10894;15713;15760;16471;16515;16526;17324;17410
1014,u_host_if.rpop_q[6]$_DFFE_PN0P_,clk_core,9.3,-0.8,1866;1867;1868;1869;1870;10664;10894;15713;15760;16471;16515;16526;17324;17410
1015,u_host_if.rpop_q[11]$_DFFE_PN0P_,clk_core,9.3,-0.8,1779;1780;1781;1782;1784;10894;10925;15713;15735;16471;16526;17410
1016,u_host_if.rpop_q[3]$_DFFE_PN0P_,clk_core,9.3,-0.8,1909;1910;1911;1919;1920;10894;10925;15713;15724;16471;16526;17410
1017,u_host_if.rpop_q[31]$_DFFE_PN0P_,clk_core,9.31,-0.8,10664;10894;15712;15713;16471;16526;16555;17410;17441;19364;19365;19366;19367;19368
1018,u_host_if.rpop_q[12]$_DFFE_PN0P_,clk_core,9.31,-0.8,1762;1763;1764;1765;1766;10894;10925;15640;15713;16471;16526;16555;17410;17441
1019,u_host_if.rpop_q[0]$_DFFE_PN0P_,clk_core,9.38,-0.72,1964;1965;1966;1967;1968;10878;15713;15724;16471;16526;17410
1020,u_host_if.rpop_q[24]$_DFFE_PN0P_,clk_core,9.39,-0.72,1551;1552;1553;1554;1555;10878;15640;15713;16471;16526;16555;17410;17441
1021,u_host_if.rpop_q[17]$_DFFE_PN0P_,clk_core,9.39,-0.72,1674;1675;1676;1677;1678;10878;15712;15713;16471;16526;16555;17410;17441
1022,u_cdc_cmd.mem[2][18]$_DFFE_PP_,clk_core,9.41,-0.7,12434;13123;13145;13158;14195;16002;16214;16215;16279;16471;16526;17346;17414;27155
1023,u_cdc_cmd.mem[2][52]$_DFFE_PP_,clk_core,9.41,-0.7,11385;12434;13123;13145;13158;16002;16214;16215;16242;16471;16515;16526;17094;17414;27155
1024,u_cdc_cmd.mem[2][53]$_DFFE_PP_,clk_core,9.41,-0.7,11508;12434;13123;13145;13158;16002;16214;16215;16241;16471;16515;16526;17144;17414;27155
1025,u_cdc_cmd.mem[2][55]$_DFFE_PP_,clk_core,9.41,-0.7,11524;12434;13123;13145;13158;16002;16214;16215;16238;16471;16515;16526;17144;17414;27155
1026,u_cdc_cmd.mem[2][72]$_DFFE_PP_,clk_core,9.41,-0.7,11566;12434;13123;13145;13158;16002;16214;16215;16220;16471;16515;16526;17144;17414;27155
1027,u_cdc_cmd.mem[2][58]$_DFFE_PP_,clk_core,9.41,-0.7,8978;12434;13123;13145;13158;16002;16214;16215;16235;16471;16515;16526;17094;17414;27155
1028,u_cdc_cmd.mem[2][56]$_DFFE_PP_,clk_core,9.41,-0.7,11204;12434;13123;13145;13158;16002;16214;16215;16237;16471;16515;16526;17144;17414;27155
1029,u_cdc_cmd.mem[2][59]$_DFFE_PP_,clk_core,9.42,-0.7,11037;12434;13123;13145;13158;16002;16214;16215;16234;16471;16482;16526;16610;17414;27155
1030,u_cdc_cmd.mem[2][25]$_DFFE_PP_,clk_core,9.42,-0.7,12434;13123;13145;13158;15326;16002;16214;16215;16271;16471;16482;16526;16566;17414;27155
1031,u_cdc_cmd.mem[2][26]$_DFFE_PP_,clk_core,9.42,-0.7,12434;13123;13145;13158;15326;16002;16214;16215;16270;16471;16482;16526;16566;17414;27155
1032,u_cdc_cmd.mem[2][29]$_DFFE_PP_,clk_core,9.42,-0.7,9949;12434;13123;13145;13158;16002;16214;16215;16267;16471;16482;16526;16566;17414;27155
1033,u_cdc_cmd.mem[2][63]$_DFFE_PP_,clk_core,9.42,-0.7,12434;13123;13145;13158;15326;16002;16214;16215;16230;16471;16482;16526;16566;17414;27155
1034,u_cdc_cmd.mem[2][60]$_DFFE_PP_,clk_core,9.42,-0.7,12434;13123;13145;13158;16002;16060;16214;16215;16233;16471;16482;16526;16610;17414;27155
1035,u_cdc_cmd.mem[2][61]$_DFFE_PP_,clk_core,9.42,-0.7,9995;12434;13123;13145;13158;16002;16214;16215;16232;16471;16482;16526;16610;17414;27155
1036,u_cdc_cmd.mem[10][27]$_DFFE_PP_,clk_core,9.43,-0.68,9268;12434;13422;13423;13425;16002;16214;16471;16482;16526;16639;16890;16944;17414;27155
1037,u_cdc_cmd.mem[10][68]$_DFFE_PP_,clk_core,9.43,-0.68,9280;12434;13422;13423;13425;16002;16214;16471;16482;16526;16639;16890;16899;17414;27155
1038,u_cdc_cmd.mem[10][21]$_DFFE_PP_,clk_core,9.43,-0.68,8997;12434;13422;13423;13425;16002;16214;16471;16482;16526;16639;16890;16951;17414;27155
1039,u_cdc_cmd.mem[10][58]$_DFFE_PP_,clk_core,9.43,-0.68,8997;12434;13422;13423;13425;16002;16214;16471;16482;16526;16639;16890;16910;17414;27155
1040,u_cdc_cmd.mem[10][29]$_DFFE_PP_,clk_core,9.43,-0.68,12434;13422;13423;13425;15291;16002;16214;16471;16482;16526;16566;16890;16942;17414;27155
1041,u_cdc_cmd.mem[10][66]$_DFFE_PP_,clk_core,9.43,-0.68,12434;13422;13423;13425;15291;16002;16214;16471;16482;16526;16566;16890;16901;17414;27155
1042,u_cdc_cmd.mem[10][24]$_DFFE_PP_,clk_core,9.43,-0.68,9722;12434;13422;13423;13425;16002;16214;16471;16482;16526;16610;16890;16948;17414;27155
1043,u_cdc_cmd.mem[10][28]$_DFFE_PP_,clk_core,9.43,-0.68,9272;12434;13422;13423;13425;16002;16214;16471;16482;16526;16639;16890;16943;17414;27155
1044,u_cdc_cmd.mem[10][57]$_DFFE_PP_,clk_core,9.43,-0.68,9995;12434;13422;13423;13425;16002;16214;16471;16482;16526;16610;16890;16911;17414;27155
1045,u_cdc_cmd.mem[10][62]$_DFFE_PP_,clk_core,9.43,-0.68,12434;13422;13423;13425;16002;16143;16214;16471;16482;16526;16599;16890;16906;17414;27155
1046,u_cdc_cmd.mem[10][63]$_DFFE_PP_,clk_core,9.43,-0.68,12434;13422;13423;13425;15361;16002;16214;16471;16482;16526;16610;16890;16905;17414;27155
1047,u_cdc_cmd.mem[10][64]$_DFFE_PP_,clk_core,9.43,-0.68,12434;13422;13423;13425;16002;16176;16214;16471;16482;16526;16599;16890;16904;17414;27155
1048,u_cdc_cmd.mem[10][65]$_DFFE_PP_,clk_core,9.43,-0.68,12434;13422;13423;13425;16002;16132;16214;16471;16482;16526;16599;16890;16902;17414;27155
1049,u_cdc_cmd.mem[10][67]$_DFFE_PP_,clk_core,9.43,-0.68,12434;13422;13423;13425;16002;16132;16214;16471;16482;16526;16599;16890;16900;17414;27155
1050,u_cdc_rbeat.rd_empty$_DFF_PN1_,clk_core,9.43,-0.68,2149;2150;2151;15713;15760;16471;16515;16526;17324;17410;19300;19306;19379;19390;26523
1051,u_cdc_cmd.mem[1][20]$_DFFE_PP_,clk_core,9.45,-0.66,9246;12434;13098;13109;13122;16002;16129;16130;16192;16471;16515;16526;17094;17414;27155
1052,u_cdc_cmd.mem[1][21]$_DFFE_PP_,clk_core,9.45,-0.66,8987;12434;13098;13109;13122;16002;16129;16130;16191;16471;16482;16526;16639;17414;27155
1053,u_cdc_cmd.mem[1][58]$_DFFE_PP_,clk_core,9.45,-0.66,8987;12434;13098;13109;13122;16002;16129;16130;16150;16471;16482;16526;16639;17414;27155
1054,u_cdc_cmd.mem[1][27]$_DFFE_PP_,clk_core,9.45,-0.66,8981;12434;13098;13109;13122;16002;16129;16130;16184;16471;16482;16526;16639;17414;27155
1055,u_cdc_cmd.mem[1][61]$_DFFE_PP_,clk_core,9.45,-0.66,12434;13098;13109;13122;15448;16002;16129;16130;16147;16471;16482;16526;16610;17414;27155
1056,u_cdc_cmd.mem[1][68]$_DFFE_PP_,clk_core,9.45,-0.66,9255;12434;13098;13109;13122;16002;16129;16130;16139;16471;16482;16526;16639;17414;27155
1057,u_cdc_cmd.mem[1][63]$_DFFE_PP_,clk_core,9.45,-0.66,9425;12434;13098;13109;13122;16002;16129;16130;16145;16471;16482;16526;16566;17414;27155
1058,u_cdc_cmd.mem[1][29]$_DFFE_PP_,clk_core,9.45,-0.66,12434;13098;13109;13122;16002;16129;16130;16182;16398;16471;16482;16526;16566;17414;27155
1059,u_cdc_cmd.mem[1][66]$_DFFE_PP_,clk_core,9.45,-0.66,12434;13098;13109;13122;16002;16129;16130;16141;16398;16471;16482;16526;16566;17414;27155
1060,u_cdc_cmd.mem[1][25]$_DFFE_PP_,clk_core,9.45,-0.66,12434;13098;13109;13122;15326;16002;16129;16130;16186;16471;16482;16526;16566;17414;27155
1061,u_cdc_cmd.mem[1][26]$_DFFE_PP_,clk_core,9.45,-0.66,9949;12434;13098;13109;13122;16002;16129;16130;16185;16471;16482;16526;16566;17414;27155
1062,u_cdc_cmd.mem[1][24]$_DFFE_PP_,clk_core,9.45,-0.66,9689;12434;13098;13109;13122;16002;16129;16130;16188;16471;16482;16526;16639;17414;27155
1063,u_cdc_cmd.mem[1][28]$_DFFE_PP_,clk_core,9.45,-0.66,12434;13098;13109;13122;15575;16002;16129;16130;16183;16471;16482;16526;16610;17414;27155
1064,u_cdc_cmd.mem[1][57]$_DFFE_PP_,clk_core,9.45,-0.66,12434;13098;13109;13122;15575;16002;16129;16130;16151;16471;16482;16526;16610;17414;27155
1065,u_cdc_cmd.mem[1][59]$_DFFE_PP_,clk_core,9.45,-0.66,12434;13098;13109;13122;16002;16060;16129;16130;16149;16471;16482;16526;16610;17414;27155
1066,u_cdc_cmd.mem[1][62]$_DFFE_PP_,clk_core,9.45,-0.66,12434;13098;13109;13122;16002;16129;16130;16146;16346;16471;16482;16526;16599;17414;27155
1067,u_cdc_cmd.mem[1][64]$_DFFE_PP_,clk_core,9.45,-0.66,12434;13098;13109;13122;16002;16129;16130;16144;16346;16471;16482;16526;16599;17414;27155
1068,u_cdc_cmd.mem[1][67]$_DFFE_PP_,clk_core,9.45,-0.66,12434;13098;13109;13122;16002;16129;16130;16140;16143;16471;16482;16526;16599;17414;27155
1069,u_cdc_cmd.mem[1][65]$_DFFE_PP_,clk_core,9.45,-0.66,9435;12434;13098;13109;13122;16002;16129;16130;16142;16471;16482;16526;16599;17414;27155
1070,u_cdc_cmd.mem[1][60]$_DFFE_PP_,clk_core,9.45,-0.66,11053;12434;13098;13109;13122;16002;16129;16130;16148;16471;16482;16526;16610;17414;27155
1071,u_cdc_cmd.mem[0][20]$_DFFE_PP_,clk_core,9.45,-0.66,9246;12434;13050;13072;13086;16002;16003;16005;16103;16471;16515;16526;17094;17414;27155
1072,u_cdc_cmd.mem[0][21]$_DFFE_PP_,clk_core,9.45,-0.66,8987;12434;13050;13072;13086;16002;16003;16005;16102;16471;16482;16526;16639;17414;27155
1073,u_cdc_cmd.mem[0][58]$_DFFE_PP_,clk_core,9.45,-0.66,8987;12434;13050;13072;13086;16002;16003;16005;16042;16471;16482;16526;16639;17414;27155
1074,u_cdc_cmd.mem[0][27]$_DFFE_PP_,clk_core,9.45,-0.66,8981;12434;13050;13072;13086;16002;16003;16005;16095;16471;16482;16526;16639;17414;27155
1075,u_cdc_cmd.mem[0][61]$_DFFE_PP_,clk_core,9.45,-0.66,12434;13050;13072;13086;15448;16002;16003;16005;16036;16471;16482;16526;16610;17414;27155
1076,u_cdc_cmd.mem[0][68]$_DFFE_PP_,clk_core,9.45,-0.66,9255;12434;13050;13072;13086;16002;16003;16005;16021;16471;16482;16526;16639;17414;27155
1077,u_cdc_cmd.mem[0][29]$_DFFE_PP_,clk_core,9.46,-0.66,12434;13050;13072;13086;16002;16003;16005;16093;16398;16471;16482;16526;16566;17414;27155
1078,u_cdc_cmd.mem[0][66]$_DFFE_PP_,clk_core,9.46,-0.66,12434;13050;13072;13086;16002;16003;16005;16025;16398;16471;16482;16526;16566;17414;27155
1079,u_cdc_cmd.mem[0][25]$_DFFE_PP_,clk_core,9.46,-0.66,12434;13050;13072;13086;15326;16002;16003;16005;16097;16471;16482;16526;16566;17414;27155
1080,u_cdc_cmd.mem[0][26]$_DFFE_PP_,clk_core,9.46,-0.66,9949;12434;13050;13072;13086;16002;16003;16005;16096;16471;16482;16526;16566;17414;27155
1081,u_cdc_cmd.mem[0][63]$_DFFE_PP_,clk_core,9.46,-0.66,12434;13050;13072;13086;15326;16002;16003;16005;16032;16471;16482;16526;16566;17414;27155
1082,u_cdc_cmd.mem[0][24]$_DFFE_PP_,clk_core,9.46,-0.66,9689;12434;13050;13072;13086;16002;16003;16005;16099;16471;16482;16526;16639;17414;27155
1083,u_cdc_cmd.mem[0][28]$_DFFE_PP_,clk_core,9.46,-0.66,12434;13050;13072;13086;15575;16002;16003;16005;16094;16471;16482;16526;16610;17414;27155
1084,u_cdc_cmd.mem[0][57]$_DFFE_PP_,clk_core,9.46,-0.66,12434;13050;13072;13086;15575;16002;16003;16005;16044;16471;16482;16526;16610;17414;27155
1085,u_cdc_cmd.mem[0][59]$_DFFE_PP_,clk_core,9.46,-0.66,12434;13050;13072;13086;16002;16003;16005;16040;16060;16471;16482;16526;16610;17414;27155
1086,u_cdc_cmd.mem[0][62]$_DFFE_PP_,clk_core,9.46,-0.66,12434;13050;13072;13086;16002;16003;16005;16034;16346;16471;16482;16526;16599;17414;27155
1087,u_cdc_cmd.mem[0][64]$_DFFE_PP_,clk_core,9.46,-0.66,12434;13050;13072;13086;16002;16003;16005;16030;16346;16471;16482;16526;16599;17414;27155
1088,u_cdc_cmd.mem[0][67]$_DFFE_PP_,clk_core,9.46,-0.66,12434;13050;13072;13086;16002;16003;16005;16023;16143;16471;16482;16526;16599;17414;27155
1089,u_cdc_cmd.mem[0][65]$_DFFE_PP_,clk_core,9.46,-0.66,9435;12434;13050;13072;13086;16002;16003;16005;16027;16471;16482;16526;16599;17414;27155
1090,u_cdc_cmd.mem[0][60]$_DFFE_PP_,clk_core,9.46,-0.66,11053;12434;13050;13072;13086;16002;16003;16005;16038;16471;16482;16526;16610;17414;27155
1091,u_cdc_cmd.mem[5][20]$_DFFE_PP_,clk_core,9.47,-0.64,9249;12434;13235;13246;16002;16129;16469;16471;16515;16526;16531;17094;17414;27155
1092,u_cdc_cmd.mem[5][41]$_DFFE_PP_,clk_core,9.47,-0.64,9016;12434;13235;13246;16002;16129;16469;16471;16508;16515;16526;17094;17414;27155
1093,u_cdc_cmd.mem[5][42]$_DFFE_PP_,clk_core,9.47,-0.64,9016;12434;13235;13246;16002;16129;16469;16471;16507;16515;16526;17094;17414;27155
1094,u_cdc_cmd.mem[5][21]$_DFFE_PP_,clk_core,9.47,-0.64,8978;12434;13235;13246;16002;16129;16469;16471;16515;16526;16530;17094;17414;27155
1095,u_cdc_cmd.mem[5][58]$_DFFE_PP_,clk_core,9.47,-0.64,8978;12434;13235;13246;16002;16129;16469;16471;16489;16515;16526;17094;17414;27155
1096,u_cdc_cmd.mem[5][60]$_DFFE_PP_,clk_core,9.47,-0.64,12434;13235;13246;15534;16002;16129;16469;16471;16482;16487;16526;16610;17414;27155
1097,u_cdc_cmd.mem[5][27]$_DFFE_PP_,clk_core,9.47,-0.64,8981;12434;13235;13246;16002;16129;16469;16471;16482;16523;16526;16639;17414;27155
1098,u_cdc_cmd.mem[5][68]$_DFFE_PP_,clk_core,9.47,-0.64,9255;12434;13235;13246;16002;16129;16469;16471;16478;16482;16526;16639;17414;27155
1099,u_cdc_cmd.mem[5][57]$_DFFE_PP_,clk_core,9.47,-0.64,12434;13235;13246;15748;16002;16129;16469;16471;16482;16490;16526;16610;17414;27155
1100,u_cdc_cmd.mem[5][63]$_DFFE_PP_,clk_core,9.47,-0.64,9425;12434;13235;13246;16002;16129;16469;16471;16482;16484;16526;16566;17414;27155
1101,u_cdc_cmd.mem[5][26]$_DFFE_PP_,clk_core,9.47,-0.64,9949;12434;13235;13246;16002;16129;16469;16471;16482;16524;16526;16566;17414;27155
1102,u_cdc_cmd.mem[5][24]$_DFFE_PP_,clk_core,9.47,-0.64,9689;12434;13235;13246;16002;16129;16469;16471;16482;16526;16527;16639;17414;27155
1103,u_cdc_cmd.mem[5][25]$_DFFE_PP_,clk_core,9.47,-0.64,12434;13235;13246;15361;16002;16129;16469;16471;16482;16525;16526;16610;17414;27155
1104,u_cdc_cmd.mem[5][28]$_DFFE_PP_,clk_core,9.47,-0.64,9272;12434;13235;13246;16002;16129;16469;16471;16482;16522;16526;16639;17414;27155
1105,u_cdc_cmd.mem[5][59]$_DFFE_PP_,clk_core,9.47,-0.64,12434;13235;13246;16002;16060;16129;16469;16471;16482;16488;16526;16610;17414;27155
1106,u_cdc_cmd.mem[5][61]$_DFFE_PP_,clk_core,9.47,-0.64,9722;12434;13235;13246;16002;16129;16469;16471;16482;16486;16526;16610;17414;27155
1107,u_cdc_cmd.mem[5][64]$_DFFE_PP_,clk_core,9.47,-0.64,12434;13235;13246;16002;16129;16346;16469;16471;16482;16483;16526;16599;17414;27155
1108,u_cdc_cmd.mem[5][29]$_DFFE_PP_,clk_core,9.47,-0.64,12434;13235;13246;16002;16129;16431;16469;16471;16482;16521;16526;16566;17414;27155
1109,u_cdc_cmd.mem[5][62]$_DFFE_PP_,clk_core,9.47,-0.64,12434;13235;13246;16002;16129;16313;16469;16471;16482;16485;16526;16599;17414;27155
1110,u_cdc_cmd.mem[5][65]$_DFFE_PP_,clk_core,9.47,-0.64,9435;12434;13235;13246;16002;16129;16469;16471;16481;16482;16526;16599;17414;27155
1111,u_cdc_cmd.mem[5][66]$_DFFE_PP_,clk_core,9.47,-0.64,12434;13235;13246;16002;16129;16431;16469;16471;16480;16482;16526;16566;17414;27155
1112,u_cdc_cmd.mem[5][67]$_DFFE_PP_,clk_core,9.47,-0.64,12434;13235;13246;16002;16129;16132;16469;16471;16479;16482;16526;16599;17414;27155
1113,u_host_if.rpop_q[1]$_DFFE_PN0P_,clk_core,9.47,-0.63,1949;1950;1951;1952;9886;10665;15713;15724;16471;16526;17410
1114,u_host_if.rpop_q[9]$_DFFE_PN0P_,clk_core,9.47,-0.63,1818;1819;1820;1821;9886;10665;15713;16471;16526;17410
1115,u_cdc_cmd.mem[12][23]$_DFFE_PP_,clk_core,9.47,-0.63,12001;12434;13439;13441;16002;16003;16471;16515;16526;17059;17116;17118;17414;27155
1116,u_cdc_cmd.mem[12][56]$_DFFE_PP_,clk_core,9.47,-0.63,11021;12434;13439;13441;16002;16003;16471;16515;16526;17059;17081;17094;17414;27155
1117,u_cdc_cmd.mem[12][59]$_DFFE_PP_,clk_core,9.47,-0.63,11021;12434;13439;13441;16002;16003;16471;16515;16526;17059;17078;17094;17414;27155
1118,u_cdc_cmd.mem[12][53]$_DFFE_PP_,clk_core,9.48,-0.63,11204;12434;13439;13441;16002;16003;16471;16515;16526;17059;17085;17144;17414;27155
1119,u_cdc_cmd.mem[12][17]$_DFFE_PP_,clk_core,9.48,-0.63,11963;12434;13439;13441;16002;16003;16471;16515;16526;17059;17116;17124;17414;27155
1120,u_cdc_cmd.mem[12][25]$_DFFE_PP_,clk_core,9.48,-0.63,12434;13439;13441;15448;16002;16003;16471;16482;16526;16610;17059;17115;17414;27155
1121,u_cdc_cmd.mem[12][27]$_DFFE_PP_,clk_core,9.48,-0.63,9268;12434;13439;13441;16002;16003;16471;16482;16526;16639;17059;17113;17414;27155
1122,u_cdc_cmd.mem[12][28]$_DFFE_PP_,clk_core,9.48,-0.63,9282;12434;13439;13441;16002;16003;16471;16482;16526;16639;17059;17112;17414;27155
1123,u_cdc_cmd.mem[12][42]$_DFFE_PP_,clk_core,9.48,-0.63,9374;12434;13439;13441;16002;16003;16471;16482;16526;16639;17059;17097;17414;27155
1124,u_cdc_cmd.mem[12][60]$_DFFE_PP_,clk_core,9.48,-0.63,10004;12434;13439;13441;16002;16003;16471;16482;16526;16610;17059;17077;17414;27155
1125,u_cdc_cmd.mem[12][61]$_DFFE_PP_,clk_core,9.48,-0.63,12434;13439;13441;15448;16002;16003;16471;16482;16526;16610;17059;17076;17414;27155
1126,u_cdc_cmd.mem[12][68]$_DFFE_PP_,clk_core,9.48,-0.63,9280;12434;13439;13441;16002;16003;16471;16482;16526;16639;17059;17068;17414;27155
1127,u_cdc_cmd.mem[12][71]$_DFFE_PP_,clk_core,9.48,-0.63,12434;13439;13441;16002;16003;16077;16471;16482;16526;16639;17059;17065;17414;27155
1128,u_cdc_cmd.mem[12][21]$_DFFE_PP_,clk_core,9.48,-0.63,8997;12434;13439;13441;16002;16003;16471;16482;16526;16639;17059;17120;17414;27155
1129,u_cdc_cmd.mem[12][29]$_DFFE_PP_,clk_core,9.48,-0.63,12434;13439;13441;16002;16003;16398;16471;16482;16526;16566;17059;17111;17414;27155
1130,u_cdc_cmd.mem[12][66]$_DFFE_PP_,clk_core,9.48,-0.63,12434;13439;13441;16002;16003;16387;16471;16482;16526;16566;17059;17070;17414;27155
1131,u_cdc_cmd.mem[12][63]$_DFFE_PP_,clk_core,9.48,-0.63,9421;12434;13439;13441;16002;16003;16471;16482;16526;16566;17059;17074;17414;27155
1132,u_cdc_cmd.mem[12][64]$_DFFE_PP_,clk_core,9.48,-0.63,12434;13439;13441;16002;16003;16187;16471;16482;16526;16599;17059;17073;17414;27155
1133,u_cdc_cmd.mem[12][24]$_DFFE_PP_,clk_core,9.48,-0.63,9722;12434;13439;13441;16002;16003;16471;16482;16526;16610;17059;17117;17414;27155
1134,u_cdc_cmd.mem[12][57]$_DFFE_PP_,clk_core,9.48,-0.63,9689;12434;13439;13441;16002;16003;16471;16482;16526;16639;17059;17080;17414;27155
1135,u_cdc_cmd.mem[12][58]$_DFFE_PP_,clk_core,9.48,-0.63,12434;13439;13441;15820;16002;16003;16471;16482;16526;16610;17059;17079;17414;27155
1136,u_cdc_cmd.mem[12][26]$_DFFE_PP_,clk_core,9.48,-0.63,12434;13439;13441;16002;16003;16442;16471;16482;16526;16566;17059;17114;17414;27155
1137,u_cdc_cmd.mem[12][65]$_DFFE_PP_,clk_core,9.48,-0.63,12434;13439;13441;16002;16003;16119;16471;16482;16526;16599;17059;17071;17414;27155
1138,u_cdc_cmd.mem[12][67]$_DFFE_PP_,clk_core,9.48,-0.63,12434;13439;13441;16002;16003;16119;16471;16482;16526;16599;17059;17069;17414;27155
1139,u_cdc_cmd.mem[12][69]$_DFFE_PP_,clk_core,9.48,-0.63,12434;13439;13441;16002;16003;16117;16471;16482;16526;16650;17059;17067;17414;27155
1140,u_cdc_cmd.mem[12][70]$_DFFE_PP_,clk_core,9.48,-0.63,12434;13439;13441;16002;16003;16117;16471;16482;16526;16650;17059;17066;17414;27155
1141,u_cdc_cmd.mem[12][62]$_DFFE_PP_,clk_core,9.48,-0.63,12434;13439;13441;16002;16003;16357;16471;16482;16526;16599;17059;17075;17414;27155
1142,u_cdc_cmd.mem[9][37]$_DFFE_PP_,clk_core,9.48,-0.63,12434;13382;13393;16002;16039;16129;16471;16482;16526;16806;16849;17031;17414;27155
1143,u_cdc_cmd.mem[9][10]$_DFFE_PP_,clk_core,9.48,-0.63,12434;13382;13393;15832;16002;16129;16471;16482;16526;16806;16879;17060;17414;27155
1144,u_cdc_cmd.mem[9][30]$_DFFE_PP_,clk_core,9.48,-0.63,12434;13382;13393;16002;16075;16129;16471;16482;16526;16806;16857;17060;17414;27155
1145,u_cdc_cmd.mem[9][35]$_DFFE_PP_,clk_core,9.48,-0.63,12434;13382;13393;15977;16002;16129;16471;16482;16526;16806;16851;17031;17414;27155
1146,u_cdc_cmd.mem[9][36]$_DFFE_PP_,clk_core,9.48,-0.63,12434;13382;13393;15977;16002;16129;16471;16482;16526;16806;16850;17031;17414;27155
1147,u_cdc_cmd.mem[8][37]$_DFFE_PP_,clk_core,9.48,-0.63,12434;13331;13360;16002;16003;16039;16471;16482;16526;16722;16765;17031;17414;27155
1148,u_cdc_cmd.mem[8][10]$_DFFE_PP_,clk_core,9.48,-0.63,12434;13331;13360;15832;16002;16003;16471;16482;16526;16722;16795;17060;17414;27155
1149,u_cdc_cmd.mem[8][35]$_DFFE_PP_,clk_core,9.48,-0.63,12434;13331;13360;15977;16002;16003;16471;16482;16526;16722;16767;17031;17414;27155
1150,u_cdc_cmd.mem[8][36]$_DFFE_PP_,clk_core,9.48,-0.63,12434;13331;13360;15977;16002;16003;16471;16482;16526;16722;16766;17031;17414;27155
1151,u_cdc_cmd.mem[8][71]$_DFFE_PP_,clk_core,9.48,-0.63,12434;13331;13360;16002;16003;16075;16471;16482;16526;16722;16728;17060;17414;27155
1152,u_cdc_cmd.mem[8][30]$_DFFE_PP_,clk_core,9.48,-0.63,12434;13331;13360;16002;16003;16070;16471;16482;16526;16722;16773;17060;17414;27155
1153,u_cdc_cmd.mem[9][71]$_DFFE_PP_,clk_core,9.48,-0.63,12434;13382;13393;16002;16077;16129;16471;16482;16526;16639;16806;16812;17414;27155
1154,u_cdc_cmd.mem[9][40]$_DFFE_PP_,clk_core,9.48,-0.62,11585;12434;13393;13404;16002;16129;16471;16515;16526;16806;16846;17156;17414;27155
1155,u_cdc_cmd.mem[8][40]$_DFFE_PP_,clk_core,9.48,-0.62,11585;12434;13359;13360;16002;16003;16471;16515;16526;16722;16762;17156;17414;27155
1156,u_cdc_cmd.mem[8][54]$_DFFE_PP_,clk_core,9.48,-0.62,11690;12434;13359;13360;16002;16003;16471;16515;16526;16722;16747;17156;17414;27155
1157,u_cdc_cmd.mem[9][70]$_DFFE_PP_,clk_core,9.48,-0.63,12434;13382;13393;16002;16087;16129;16471;16482;16526;16599;16806;16813;17414;27155
1158,u_cdc_cmd.mem[9][48]$_DFFE_PP_,clk_core,9.48,-0.62,11693;12434;13393;13404;16002;16129;16471;16515;16526;16806;16837;17094;17414;27155
1159,u_cdc_cmd.mem[9][31]$_DFFE_PP_,clk_core,9.48,-0.63,12434;13382;13393;16002;16129;16272;16471;16482;16526;16650;16806;16856;17414;27155
1160,u_cdc_cmd.mem[9][33]$_DFFE_PP_,clk_core,9.48,-0.63,12434;13382;13393;16002;16129;16272;16471;16482;16526;16650;16806;16854;17414;27155
1161,u_cdc_cmd.mem[9][56]$_DFFE_PP_,clk_core,9.48,-0.62,11021;12434;13393;13404;16002;16129;16471;16515;16526;16806;16828;17094;17414;27155
1162,u_cdc_cmd.mem[9][69]$_DFFE_PP_,clk_core,9.48,-0.63,12434;13382;13393;16002;16098;16129;16471;16482;16526;16650;16806;16814;17414;27155
1163,u_cdc_cmd.mem[9][39]$_DFFE_PP_,clk_core,9.48,-0.63,12434;13382;13393;16002;16129;16217;16471;16482;16526;16650;16806;16847;17414;27155
1164,u_cdc_cmd.mem[9][38]$_DFFE_PP_,clk_core,9.48,-0.63,12434;13382;13393;16002;16062;16129;16471;16482;16526;16806;16848;17072;17414;27155
1165,u_cdc_cmd.mem[9][32]$_DFFE_PP_,clk_core,9.48,-0.63,12434;13382;13393;16002;16054;16129;16471;16482;16526;16806;16855;17072;17414;27155
1166,u_cdc_cmd.mem[9][20]$_DFFE_PP_,clk_core,9.48,-0.62,11443;12434;13393;13404;16002;16129;16471;16515;16526;16806;16868;17094;17414;27155
1167,u_cdc_cmd.mem[9][52]$_DFFE_PP_,clk_core,9.48,-0.62,11385;12434;13393;13404;16002;16129;16471;16515;16526;16806;16833;17094;17414;27155
1168,u_cdc_cmd.mem[8][70]$_DFFE_PP_,clk_core,9.48,-0.63,12434;13331;13360;16002;16003;16087;16471;16482;16526;16599;16722;16729;17414;27155
1169,u_cdc_cmd.mem[9][34]$_DFFE_PP_,clk_core,9.48,-0.63,12434;13382;13393;16002;16129;16228;16471;16482;16526;16650;16806;16853;17414;27155
1170,u_cdc_cmd.mem[9][54]$_DFFE_PP_,clk_core,9.48,-0.62,11524;12434;13393;13404;16002;16129;16471;16515;16526;16806;16831;17144;17414;27155
1171,u_cdc_cmd.mem[9][55]$_DFFE_PP_,clk_core,9.48,-0.62,11508;12434;13393;13404;16002;16129;16471;16515;16526;16806;16829;17144;17414;27155
1172,u_cdc_cmd.mem[8][48]$_DFFE_PP_,clk_core,9.48,-0.62,11693;12434;13359;13360;16002;16003;16471;16515;16526;16722;16753;17094;17414;27155
1173,u_cdc_cmd.mem[8][33]$_DFFE_PP_,clk_core,9.48,-0.63,12434;13331;13360;16002;16003;16272;16471;16482;16526;16650;16722;16770;17414;27155
1174,u_cdc_cmd.mem[8][56]$_DFFE_PP_,clk_core,9.48,-0.62,11021;12434;13359;13360;16002;16003;16471;16515;16526;16722;16744;17094;17414;27155
1175,u_cdc_cmd.mem[8][69]$_DFFE_PP_,clk_core,9.48,-0.63,12434;13331;13360;16002;16003;16098;16471;16482;16526;16650;16722;16730;17414;27155
1176,u_cdc_cmd.mem[8][39]$_DFFE_PP_,clk_core,9.48,-0.63,12434;13331;13360;16002;16003;16217;16471;16482;16526;16650;16722;16763;17414;27155
1177,u_cdc_cmd.mem[8][38]$_DFFE_PP_,clk_core,9.48,-0.63,12434;13331;13360;16002;16003;16062;16471;16482;16526;16722;16764;17072;17414;27155
1178,u_cdc_cmd.mem[8][32]$_DFFE_PP_,clk_core,9.48,-0.63,12434;13331;13360;16002;16003;16054;16471;16482;16526;16722;16771;17072;17414;27155
1179,u_cdc_cmd.mem[8][20]$_DFFE_PP_,clk_core,9.48,-0.62,11443;12434;13359;13360;16002;16003;16471;16515;16526;16722;16784;17094;17414;27155
1180,u_cdc_cmd.mem[8][52]$_DFFE_PP_,clk_core,9.48,-0.62,11385;12434;13359;13360;16002;16003;16471;16515;16526;16722;16749;17094;17414;27155
1181,u_cdc_cmd.mem[8][34]$_DFFE_PP_,clk_core,9.48,-0.63,12434;13331;13360;16002;16003;16228;16471;16482;16526;16650;16722;16769;17414;27155
1182,u_cdc_cmd.mem[8][55]$_DFFE_PP_,clk_core,9.48,-0.62,11508;12434;13359;13360;16002;16003;16471;16515;16526;16722;16745;17144;17414;27155
1183,u_cdc_cmd.mem[8][31]$_DFFE_PP_,clk_core,9.49,-0.63,12434;13331;13360;16002;16003;16302;16471;16482;16526;16650;16722;16772;17414;27155
1184,u_cdc_cmd.mem[9][53]$_DFFE_PP_,clk_core,9.49,-0.62,11204;12434;13393;13404;16002;16129;16471;16515;16526;16806;16832;17144;17414;27155
1185,u_cdc_cmd.mem[8][53]$_DFFE_PP_,clk_core,9.49,-0.62,11204;12434;13359;13360;16002;16003;16471;16515;16526;16722;16748;17144;17414;27155
1186,u_cdc_cmd.mem[9][59]$_DFFE_PP_,clk_core,9.49,-0.62,11037;12434;13393;13404;16002;16129;16471;16482;16526;16610;16806;16825;17414;27155
1187,u_cdc_cmd.mem[9][60]$_DFFE_PP_,clk_core,9.49,-0.62,10004;12434;13393;13404;16002;16129;16471;16482;16526;16610;16806;16824;17414;27155
1188,u_cdc_cmd.mem[9][61]$_DFFE_PP_,clk_core,9.49,-0.62,10004;12434;13393;13404;16002;16129;16471;16482;16526;16610;16806;16823;17414;27155
1189,u_cdc_cmd.wr_full$_DFF_PN0_,clk_core,9.49,-0.62,2180;2182;12018;12434;16002;16471;16515;16526;17211;17414;19281;19282;19284;19380;19403;26005;27155
1190,u_cdc_cmd.mem[8][59]$_DFFE_PP_,clk_core,9.49,-0.62,11037;12434;13359;13360;16002;16003;16471;16482;16526;16610;16722;16741;17414;27155
1191,u_cdc_cmd.mem[8][61]$_DFFE_PP_,clk_core,9.49,-0.62,10004;12434;13359;13360;16002;16003;16471;16482;16526;16610;16722;16739;17414;27155
1192,u_cdc_cmd.mem[9][25]$_DFFE_PP_,clk_core,9.49,-0.62,10009;12434;13393;13404;16002;16129;16471;16482;16526;16566;16806;16862;17414;27155
1193,u_cdc_cmd.mem[9][26]$_DFFE_PP_,clk_core,9.49,-0.62,10009;12434;13393;13404;16002;16129;16471;16482;16526;16566;16806;16861;17414;27155
1194,u_cdc_cmd.mem[8][25]$_DFFE_PP_,clk_core,9.49,-0.62,10009;12434;13359;13360;16002;16003;16471;16482;16526;16566;16722;16778;17414;27155
1195,u_cdc_cmd.mem[8][26]$_DFFE_PP_,clk_core,9.49,-0.62,10009;12434;13359;13360;16002;16003;16471;16482;16526;16566;16722;16777;17414;27155
1196,u_cdc_cmd.mem[8][60]$_DFFE_PP_,clk_core,9.49,-0.62,11053;12434;13359;13360;16002;16003;16471;16482;16526;16610;16722;16740;17414;27155
1197,u_cdc_wbeat.wr_full$_DFF_PN0_,clk_core,9.49,-0.63,2160;2162;8968;13034;13465;16471;16555;17437;17995;19310;19311;19313;19389;19391;27109;27233
1198,u_cdc_cmd.mem[7][55]$_DFFE_PP_,clk_core,9.5,-0.6,11585;12434;13297;13309;16002;16299;16471;16515;16526;16637;16660;17156;17414;27155
1199,u_cdc_cmd.mem[7][72]$_DFFE_PP_,clk_core,9.5,-0.6,11569;12434;13297;13309;16002;16299;16471;16515;16526;16637;16642;17156;17414;27155
1200,u_cdc_cmd.mem[2][40]$_DFFE_PP_,clk_core,9.5,-0.6,11631;12434;13123;13158;16002;16214;16215;16255;16471;16515;16526;17156;17414;27155
1201,nand_dq_o[2],clk_core,11.73,-0.27,17926;28805;28814;28817;28831
1202,nand_dq_o[3],clk_core,11.73,-0.27,17913;28805;28814;28817;28831
1203,nand_dq_o[5],clk_core,11.73,-0.27,17891;28805;28814;28817;28831
1204,nand_dq_o[4],clk_core,11.73,-0.27,17902;28805;28814;28817;28831
1205,nand_dq_o[6],clk_core,11.73,-0.27,17878;28805;28814;28817;28831
1206,nand_dq_o[7],clk_core,11.73,-0.27,17867;28805;28814;28817;28831
1207,nand_dq_o[9],clk_core,11.73,-0.27,17842;28777;28814;28817;28833
1208,nand_dq_o[10],clk_core,11.73,-0.27,18010;28776;28814;28817;28833
1209,nand_dq_o[11],clk_core,11.73,-0.27,17999;28776;28814;28817;28833
1210,nand_dq_o[12],clk_core,11.73,-0.27,17983;28776;28814;28817;28833
1211,nand_dq_o[13],clk_core,11.73,-0.27,17972;28776;28814;28817;28833
1212,nand_dq_o[14],clk_core,11.73,-0.27,17961;28776;28814;28817;28833
1213,nand_dq_o[15],clk_core,11.73,-0.27,17948;28776;28814;28817;28833
1214,nand_dq_o[8],clk_core,11.73,-0.27,17856;28776;28814;28817;28833
1215,nand_dq_oe[1],clk_core,11.73,-0.27,17820;28778;28814;28817;28833
1216,nand_dq_oe[0],clk_core,11.74,-0.26,7;17831;28814;28815;28825
1217,nand_cle[0],clk_core,11.74,-0.26,18046;28800;28814;28817;28831
1218,nand_dq_o[0],clk_core,11.74,-0.26,18021;28809;28814;28815;28823
1219,nand_dq_o[1],clk_core,11.74,-0.26,17937;28809;28814;28815;28823
1220,nand_ale[1],clk_core,11.74,-0.26,18082;28777;28814;28817;28833
1221,nand_cle[1],clk_core,11.74,-0.26,18035;28777;28814;28817;28833
1222,nand_ale[0],clk_core,11.74,-0.26,18093;28776;28814;28817;28833
1223,nand_we_n[0],clk_core,11.74,-0.26,17785;28558;28814;28819;28839
1224,nand_re_n[0],clk_core,11.74,-0.26,17807;28623;28814;28819;28841
1225,nand_ce_n[1],clk_core,11.75,-0.25,18057;28777;28814;28817;28833
1226,nand_re_n[1],clk_core,11.75,-0.25,17796;28780;28814;28817;28834
1227,nand_we_n[1],clk_core,11.75,-0.25,17772;28766;28814;28817;28834
1228,nand_ce_n[0],clk_core,11.75,-0.25,18071;28804;28814;28815;28825
1229,g_chan[1].u_cdc_chr.mem[12][12]$_DFFE_PP_,clk_core,11.91,-8.2,9302;14388;14670;15265;19461;28781;28814;28817;28833
1230,g_chan[1].u_cdc_chr.mem[13][12]$_DFFE_PP_,clk_core,11.91,-8.2,9302;14388;14670;15300;19461;28781;28814;28817;28833
1231,g_chan[1].u_cdc_chr.mem[0][12]$_DFFE_PP_,clk_core,11.91,-8.2,9302;14388;14670;14672;19461;28798;28814;28817;28832
1232,g_chan[1].u_cdc_chr.mem[1][12]$_DFFE_PP_,clk_core,11.91,-8.2,9302;14388;14670;14878;19461;28798;28814;28817;28832
1233,g_chan[1].u_cdc_chr.mem[2][12]$_DFFE_PP_,clk_core,11.91,-8.2,9302;14388;14670;14913;19461;28798;28814;28817;28832
1234,g_chan[1].u_cdc_chr.mem[4][12]$_DFFE_PP_,clk_core,11.91,-8.2,9302;14388;14670;14983;19461;28785;28814;28817;28832
1235,g_chan[1].u_cdc_chr.mem[5][12]$_DFFE_PP_,clk_core,11.91,-8.2,9302;14388;14670;15018;19461;28785;28814;28817;28832
1236,g_chan[1].u_cdc_chr.mem[6][12]$_DFFE_PP_,clk_core,11.91,-8.2,9302;14388;14670;15053;19461;28786;28814;28817;28832
1237,g_chan[1].u_cdc_chr.mem[7][12]$_DFFE_PP_,clk_core,11.91,-8.2,9302;14388;14670;15088;19461;28786;28814;28817;28832
1238,g_chan[1].u_cdc_chr.mem[14][12]$_DFFE_PP_,clk_core,11.91,-8.2,9302;14388;14670;15335;19461;28786;28814;28817;28832
1239,g_chan[1].u_cdc_chr.mem[15][12]$_DFFE_PP_,clk_core,11.91,-8.2,9302;14388;14670;15370;19461;28780;28814;28817;28834
1240,g_chan[1].u_cdc_chr.mem[3][12]$_DFFE_PP_,clk_core,11.91,-8.2,9302;14388;14670;14948;19461;28784;28814;28817;28831
1241,g_chan[1].u_cdc_chr.mem[9][12]$_DFFE_PP_,clk_core,11.91,-8.2,9302;14388;14670;15160;19461;28784;28814;28817;28831
1242,g_chan[1].u_cdc_chr.mem[10][12]$_DFFE_PP_,clk_core,11.91,-8.2,9302;14388;14670;15195;19461;28784;28814;28817;28831
1243,g_chan[1].u_cdc_chr.mem[11][12]$_DFFE_PP_,clk_core,11.91,-8.2,9302;14388;14670;15230;19461;28784;28814;28817;28831
1244,g_chan[1].u_cdc_chr.mem[8][12]$_DFFE_PP_,clk_core,11.91,-8.2,9302;14388;14670;15125;19461;28784;28814;28817;28831
1245,g_chan[1].u_cdc_chr.mem[14][4]$_DFFE_PP_,clk_core,11.91,-8.2,9008;14388;14793;15344;19461;28775;28814;28821;28849
1246,g_chan[1].u_cdc_chr.mem[7][4]$_DFFE_PP_,clk_core,11.91,-8.2,9008;14388;14793;15097;19461;28775;28814;28821;28849
1247,g_chan[1].u_cdc_chr.mem[7][7]$_DFFE_PP_,clk_core,11.91,-8.2,9018;14486;14748;15094;19458;28775;28814;28821;28849
1248,g_chan[1].u_cdc_chr.mem[10][4]$_DFFE_PP_,clk_core,11.91,-8.2,9008;14388;14793;15204;19461;28772;28814;28818;28838
1249,g_chan[1].u_cdc_chr.mem[11][4]$_DFFE_PP_,clk_core,11.91,-8.2,9008;14388;14793;15239;19461;28772;28814;28818;28838
1250,g_chan[1].u_cdc_chr.mem[12][4]$_DFFE_PP_,clk_core,11.91,-8.2,9008;14388;14793;15274;19461;28774;28814;28818;28838
1251,g_chan[1].u_cdc_chr.mem[13][4]$_DFFE_PP_,clk_core,11.91,-8.2,9008;14388;14793;15309;19461;28774;28814;28818;28838
1252,g_chan[1].u_cdc_chr.mem[15][4]$_DFFE_PP_,clk_core,11.91,-8.2,9008;14388;14793;15379;19461;28774;28814;28818;28838
1253,g_chan[1].u_cdc_chr.mem[1][4]$_DFFE_PP_,clk_core,11.91,-8.2,9008;14388;14793;14887;19461;28772;28814;28818;28838
1254,g_chan[1].u_cdc_chr.mem[2][4]$_DFFE_PP_,clk_core,11.91,-8.2,9008;14388;14793;14922;19461;28771;28814;28818;28838
1255,g_chan[1].u_cdc_chr.mem[2][7]$_DFFE_PP_,clk_core,11.91,-8.2,9018;14486;14748;14919;19458;28772;28814;28818;28838
1256,g_chan[1].u_cdc_chr.mem[3][4]$_DFFE_PP_,clk_core,11.91,-8.2,9008;14388;14793;14957;19461;28771;28814;28818;28838
1257,g_chan[1].u_cdc_chr.mem[4][4]$_DFFE_PP_,clk_core,11.91,-8.2,9008;14388;14793;14992;19461;28774;28814;28818;28838
1258,g_chan[1].u_cdc_chr.mem[5][4]$_DFFE_PP_,clk_core,11.91,-8.2,9008;14388;14793;15027;19461;28774;28814;28818;28838
1259,g_chan[1].u_cdc_chr.mem[5][7]$_DFFE_PP_,clk_core,11.91,-8.2,9018;14486;14748;15024;19458;28774;28814;28818;28838
1260,g_chan[1].u_cdc_chr.mem[6][4]$_DFFE_PP_,clk_core,11.91,-8.2,9008;14388;14793;15062;19461;28774;28814;28818;28838
1261,g_chan[1].u_cdc_chr.mem[8][4]$_DFFE_PP_,clk_core,11.91,-8.2,9008;14388;14793;15134;19461;28772;28814;28818;28838
1262,g_chan[1].u_cdc_chr.mem[9][4]$_DFFE_PP_,clk_core,11.91,-8.2,9008;14388;14793;15169;19461;28772;28814;28818;28838
1263,g_chan[1].u_cdc_chr.mem[10][22]$_DFFE_PP_,clk_core,11.91,-8.2,9428;14286;14517;15184;19459;28730;28814;28821;28850
1264,g_chan[1].u_cdc_chr.mem[10][26]$_DFFE_PP_,clk_core,11.91,-8.2,9422;14431;14448;15180;19463;28732;28814;28821;28850
1265,g_chan[1].u_cdc_chr.mem[11][22]$_DFFE_PP_,clk_core,11.91,-8.2,9428;14286;14517;15219;19459;28730;28814;28821;28850
1266,g_chan[1].u_cdc_chr.mem[11][26]$_DFFE_PP_,clk_core,11.91,-8.2,9422;14431;14448;15215;19463;28732;28814;28821;28850
1267,g_chan[1].u_cdc_chr.mem[1][22]$_DFFE_PP_,clk_core,11.91,-8.2,9428;14286;14517;14867;19459;28730;28814;28821;28850
1268,g_chan[1].u_cdc_chr.mem[2][22]$_DFFE_PP_,clk_core,11.91,-8.2,9428;14286;14517;14902;19459;28730;28814;28821;28850
1269,g_chan[1].u_cdc_chr.mem[2][28]$_DFFE_PP_,clk_core,11.91,-8.2,9252;14388;14407;14896;19461;28730;28814;28821;28850
1270,g_chan[1].u_cdc_chr.mem[3][22]$_DFFE_PP_,clk_core,11.91,-8.2,9428;14286;14517;14937;19459;28730;28814;28821;28850
1271,g_chan[1].u_cdc_chr.mem[3][28]$_DFFE_PP_,clk_core,11.91,-8.2,9252;14388;14407;14931;19461;28730;28814;28821;28850
1272,g_chan[1].u_cdc_chr.mem[4][22]$_DFFE_PP_,clk_core,11.91,-8.2,9428;14286;14517;14972;19459;28732;28814;28821;28850
1273,g_chan[1].u_cdc_chr.mem[5][22]$_DFFE_PP_,clk_core,11.91,-8.2,9428;14286;14517;15007;19459;28732;28814;28821;28850
1274,g_chan[1].u_cdc_chr.mem[8][26]$_DFFE_PP_,clk_core,11.91,-8.2,9422;14431;14448;15110;19463;28732;28814;28821;28850
1275,g_chan[1].u_cdc_chr.mem[9][26]$_DFFE_PP_,clk_core,11.91,-8.2,9422;14431;14448;15145;19463;28732;28814;28821;28850
1276,g_chan[1].u_cdc_chr.mem[12][29]$_DFFE_PP_,clk_core,11.91,-8.2,8976;14364;14385;15247;19460;28719;28814;28821;28850
1277,g_chan[1].u_cdc_chr.mem[13][29]$_DFFE_PP_,clk_core,11.91,-8.2,8976;14364;14385;15282;19460;28719;28814;28821;28850
1278,g_chan[1].u_cdc_chr.mem[14][26]$_DFFE_PP_,clk_core,11.91,-8.2,9422;14431;14448;15320;19463;28711;28814;28821;28850
1279,g_chan[1].u_cdc_chr.mem[14][29]$_DFFE_PP_,clk_core,11.91,-8.2,8976;14364;14385;15317;19460;28719;28814;28821;28850
1280,g_chan[1].u_cdc_chr.mem[15][26]$_DFFE_PP_,clk_core,11.91,-8.2,9422;14431;14448;15355;19463;28711;28814;28821;28850
1281,g_chan[1].u_cdc_chr.mem[4][29]$_DFFE_PP_,clk_core,11.91,-8.2,8976;14364;14385;14965;19460;28719;28814;28821;28850
1282,g_chan[1].u_cdc_chr.mem[5][26]$_DFFE_PP_,clk_core,11.91,-8.2,9422;14431;14448;15003;19463;28711;28814;28821;28850
1283,g_chan[1].u_cdc_chr.mem[5][29]$_DFFE_PP_,clk_core,11.91,-8.2,8976;14364;14385;15000;19460;28719;28814;28821;28850
1284,g_chan[1].u_cdc_chr.mem[6][26]$_DFFE_PP_,clk_core,11.91,-8.2,9422;14431;14448;15038;19463;28711;28814;28821;28850
1285,g_chan[1].u_cdc_chr.mem[6][29]$_DFFE_PP_,clk_core,11.91,-8.2,8976;14364;14385;15035;19460;28719;28814;28821;28850
1286,g_chan[1].u_cdc_chr.mem[7][26]$_DFFE_PP_,clk_core,11.91,-8.2,9422;14431;14448;15073;19463;28711;28814;28821;28850
1287,g_chan[1].u_cdc_chr.mem[7][29]$_DFFE_PP_,clk_core,11.91,-8.2,8976;14364;14385;15070;19460;28719;28814;28821;28850
1288,g_chan[1].u_cdc_chr.mem[5][28]$_DFFE_PP_,clk_core,11.92,-8.2,9252;14388;14407;15001;19461;28726;28814;28821;28849
1289,g_chan[1].u_cdc_chr.mem[6][28]$_DFFE_PP_,clk_core,11.92,-8.2,9252;14388;14407;15036;19461;28726;28814;28821;28849
1290,g_chan[1].u_cdc_chr.mem[0][26]$_DFFE_PP_,clk_core,11.92,-8.2,9422;14431;14448;14450;19463;28731;28814;28821;28849
1291,g_chan[1].u_cdc_chr.mem[0][28]$_DFFE_PP_,clk_core,11.92,-8.2,9252;14388;14407;14409;19461;28728;28814;28821;28849
1292,g_chan[1].u_cdc_chr.mem[10][28]$_DFFE_PP_,clk_core,11.92,-8.2,9252;14388;14407;15178;19461;28728;28814;28821;28849
1293,g_chan[1].u_cdc_chr.mem[10][7]$_DFFE_PP_,clk_core,11.92,-8.2,9018;14486;14748;15201;19458;28721;28814;28821;28849
1294,g_chan[1].u_cdc_chr.mem[11][28]$_DFFE_PP_,clk_core,11.92,-8.2,9252;14388;14407;15213;19461;28731;28814;28821;28849
1295,g_chan[1].u_cdc_chr.mem[11][7]$_DFFE_PP_,clk_core,11.92,-8.2,9018;14486;14748;15236;19458;28721;28814;28821;28849
1296,g_chan[1].u_cdc_chr.mem[12][28]$_DFFE_PP_,clk_core,11.92,-8.2,9252;14388;14407;15248;19461;28731;28814;28821;28849
1297,g_chan[1].u_cdc_chr.mem[13][28]$_DFFE_PP_,clk_core,11.92,-8.2,9252;14388;14407;15283;19461;28731;28814;28821;28849
1298,g_chan[1].u_cdc_chr.mem[14][22]$_DFFE_PP_,clk_core,11.92,-8.2,9428;14286;14517;15324;19459;28734;28814;28821;28848
1299,g_chan[1].u_cdc_chr.mem[14][28]$_DFFE_PP_,clk_core,11.92,-8.2,9252;14388;14407;15318;19461;28724;28814;28821;28849
1300,g_chan[1].u_cdc_chr.mem[15][22]$_DFFE_PP_,clk_core,11.92,-8.2,9428;14286;14517;15359;19459;28734;28814;28821;28848
1301,g_chan[1].u_cdc_chr.mem[15][28]$_DFFE_PP_,clk_core,11.92,-8.2,9252;14388;14407;15353;19461;28724;28814;28821;28849
1302,g_chan[1].u_cdc_chr.mem[1][26]$_DFFE_PP_,clk_core,11.92,-8.2,9422;14431;14448;14863;19463;28731;28814;28821;28849
1303,g_chan[1].u_cdc_chr.mem[1][28]$_DFFE_PP_,clk_core,11.92,-8.2,9252;14388;14407;14861;19461;28728;28814;28821;28849
1304,g_chan[1].u_cdc_chr.mem[2][26]$_DFFE_PP_,clk_core,11.92,-8.2,9422;14431;14448;14898;19463;28731;28814;28821;28849
1305,g_chan[1].u_cdc_chr.mem[3][26]$_DFFE_PP_,clk_core,11.92,-8.2,9422;14431;14448;14933;19463;28731;28814;28821;28849
1306,g_chan[1].u_cdc_chr.mem[4][28]$_DFFE_PP_,clk_core,11.92,-8.2,9252;14388;14407;14966;19461;28724;28814;28821;28849
1307,g_chan[1].u_cdc_chr.mem[4][7]$_DFFE_PP_,clk_core,11.92,-8.2,9018;14486;14748;14989;19458;28721;28814;28821;28849
1308,g_chan[1].u_cdc_chr.mem[8][28]$_DFFE_PP_,clk_core,11.92,-8.2,9252;14388;14407;15108;19461;28728;28814;28821;28849
1309,g_chan[1].u_cdc_chr.mem[9][28]$_DFFE_PP_,clk_core,11.92,-8.2,9252;14388;14407;15143;19461;28728;28814;28821;28849
1310,g_chan[1].u_cdc_chr.mem[12][26]$_DFFE_PP_,clk_core,11.92,-8.2,9422;14431;14448;15250;19463;28710;28814;28821;28850
1311,g_chan[1].u_cdc_chr.mem[13][26]$_DFFE_PP_,clk_core,11.92,-8.2,9422;14431;14448;15285;19463;28710;28814;28821;28850
1312,g_chan[1].u_cdc_chr.mem[4][26]$_DFFE_PP_,clk_core,11.92,-8.2,9422;14431;14448;14968;19463;28710;28814;28821;28850
1313,g_chan[1].u_cdc_chr.mem[0][22]$_DFFE_PP_,clk_core,11.92,-8.2,9428;14286;14517;14519;19459;28729;28814;28821;28849
1314,g_chan[1].u_cdc_chr.mem[0][29]$_DFFE_PP_,clk_core,11.92,-8.2,8976;14364;14385;14387;19460;28723;28814;28821;28849
1315,g_chan[1].u_cdc_chr.mem[0][7]$_DFFE_PP_,clk_core,11.92,-8.2,9018;14486;14748;14750;19458;28725;28814;28821;28849
1316,g_chan[1].u_cdc_chr.mem[10][29]$_DFFE_PP_,clk_core,11.92,-8.2,8976;14364;14385;15177;19460;28723;28814;28821;28849
1317,g_chan[1].u_cdc_chr.mem[11][29]$_DFFE_PP_,clk_core,11.92,-8.2,8976;14364;14385;15212;19460;28722;28814;28821;28849
1318,g_chan[1].u_cdc_chr.mem[12][22]$_DFFE_PP_,clk_core,11.92,-8.2,9428;14286;14517;15254;19459;28733;28814;28821;28848
1319,g_chan[1].u_cdc_chr.mem[12][7]$_DFFE_PP_,clk_core,11.92,-8.2,9018;14486;14748;15271;19458;28720;28814;28821;28849
1320,g_chan[1].u_cdc_chr.mem[13][22]$_DFFE_PP_,clk_core,11.92,-8.2,9428;14286;14517;15289;19459;28733;28814;28821;28848
1321,g_chan[1].u_cdc_chr.mem[13][7]$_DFFE_PP_,clk_core,11.92,-8.2,9018;14486;14748;15306;19458;28720;28814;28821;28849
1322,g_chan[1].u_cdc_chr.mem[14][7]$_DFFE_PP_,clk_core,11.92,-8.2,9018;14486;14748;15341;19458;28720;28814;28821;28849
1323,g_chan[1].u_cdc_chr.mem[15][29]$_DFFE_PP_,clk_core,11.92,-8.2,8976;14364;14385;15352;19460;28722;28814;28821;28849
1324,g_chan[1].u_cdc_chr.mem[15][7]$_DFFE_PP_,clk_core,11.92,-8.2,9018;14486;14748;15376;19458;28720;28814;28821;28849
1325,g_chan[1].u_cdc_chr.mem[1][29]$_DFFE_PP_,clk_core,11.92,-8.2,8976;14364;14385;14860;19460;28723;28814;28821;28849
1326,g_chan[1].u_cdc_chr.mem[1][7]$_DFFE_PP_,clk_core,11.92,-8.2,9018;14486;14748;14884;19458;28725;28814;28821;28849
1327,g_chan[1].u_cdc_chr.mem[2][29]$_DFFE_PP_,clk_core,11.92,-8.2,8976;14364;14385;14895;19460;28723;28814;28821;28849
1328,g_chan[1].u_cdc_chr.mem[3][29]$_DFFE_PP_,clk_core,11.92,-8.2,8976;14364;14385;14930;19460;28723;28814;28821;28849
1329,g_chan[1].u_cdc_chr.mem[3][7]$_DFFE_PP_,clk_core,11.92,-8.2,9018;14486;14748;14954;19458;28725;28814;28821;28849
1330,g_chan[1].u_cdc_chr.mem[6][22]$_DFFE_PP_,clk_core,11.92,-8.2,9428;14286;14517;15042;19459;28733;28814;28821;28848
1331,g_chan[1].u_cdc_chr.mem[6][7]$_DFFE_PP_,clk_core,11.92,-8.2,9018;14486;14748;15059;19458;28720;28814;28821;28849
1332,g_chan[1].u_cdc_chr.mem[7][22]$_DFFE_PP_,clk_core,11.92,-8.2,9428;14286;14517;15077;19459;28733;28814;28821;28848
1333,g_chan[1].u_cdc_chr.mem[7][28]$_DFFE_PP_,clk_core,11.92,-8.2,9252;14388;14407;15071;19461;28725;28814;28821;28849
1334,g_chan[1].u_cdc_chr.mem[8][22]$_DFFE_PP_,clk_core,11.92,-8.2,9428;14286;14517;15114;19459;28729;28814;28821;28849
1335,g_chan[1].u_cdc_chr.mem[8][29]$_DFFE_PP_,clk_core,11.92,-8.2,8976;14364;14385;15107;19460;28722;28814;28821;28849
1336,g_chan[1].u_cdc_chr.mem[8][7]$_DFFE_PP_,clk_core,11.92,-8.2,9018;14486;14748;15131;19458;28725;28814;28821;28849
1337,g_chan[1].u_cdc_chr.mem[9][22]$_DFFE_PP_,clk_core,11.92,-8.2,9428;14286;14517;15149;19459;28733;28814;28821;28848
1338,g_chan[1].u_cdc_chr.mem[9][29]$_DFFE_PP_,clk_core,11.92,-8.2,8976;14364;14385;15142;19460;28722;28814;28821;28849
1339,g_chan[1].u_cdc_chr.mem[9][7]$_DFFE_PP_,clk_core,11.92,-8.2,9018;14486;14748;15166;19458;28725;28814;28821;28849
1340,g_chan[1].u_cdc_chr.mem[0][4]$_DFFE_PP_,clk_core,11.92,-8.2,9008;14388;14793;14795;19461;28773;28814;28818;28837
1341,g_chan[1].u_cdc_chr.mem[10][0]$_DFFE_PP_,clk_core,11.92,-8.19,14470;14853;15208;19450;28759;28814;28818;28838
1342,g_chan[1].u_cdc_chr.mem[11][0]$_DFFE_PP_,clk_core,11.92,-8.19,14470;14853;15243;19450;28759;28814;28818;28838
1343,g_chan[1].u_cdc_chr.mem[12][0]$_DFFE_PP_,clk_core,11.92,-8.19,14470;14853;15278;19450;28761;28814;28818;28838
1344,g_chan[1].u_cdc_chr.mem[13][0]$_DFFE_PP_,clk_core,11.92,-8.19,14470;14853;15313;19450;28761;28814;28818;28838
1345,g_chan[1].u_cdc_chr.mem[14][0]$_DFFE_PP_,clk_core,11.92,-8.19,14470;14853;15348;19450;28761;28814;28818;28838
1346,g_chan[1].u_cdc_chr.mem[15][0]$_DFFE_PP_,clk_core,11.92,-8.19,14470;14853;15383;19450;28761;28814;28818;28838
1347,g_chan[1].u_cdc_chr.mem[1][0]$_DFFE_PP_,clk_core,11.92,-8.19,14470;14853;14891;19450;28759;28814;28818;28838
1348,g_chan[1].u_cdc_chr.mem[2][0]$_DFFE_PP_,clk_core,11.92,-8.19,14470;14853;14926;19450;28760;28814;28818;28838
1349,g_chan[1].u_cdc_chr.mem[3][0]$_DFFE_PP_,clk_core,11.92,-8.19,14470;14853;14961;19450;28760;28814;28818;28838
1350,g_chan[1].u_cdc_chr.mem[6][0]$_DFFE_PP_,clk_core,11.92,-8.19,14470;14853;15066;19450;28759;28814;28818;28838
1351,g_chan[1].u_cdc_chr.mem[7][0]$_DFFE_PP_,clk_core,11.92,-8.19,14470;14853;15101;19450;28759;28814;28818;28838
1352,g_chan[1].u_cdc_chr.mem[0][0]$_DFFE_PP_,clk_core,11.92,-8.19,14470;14853;14855;19450;28760;28814;28818;28838
1353,g_chan[1].u_cdc_chr.mem[10][13]$_DFFE_PP_,clk_core,11.92,-8.19,14364;14655;15194;19460;28642;28814;28821;28847
1354,g_chan[1].u_cdc_chr.mem[11][13]$_DFFE_PP_,clk_core,11.92,-8.19,14364;14655;15229;19460;28642;28814;28821;28847
1355,g_chan[1].u_cdc_chr.mem[12][23]$_DFFE_PP_,clk_core,11.92,-8.19,14486;14502;15253;19458;28748;28814;28821;28847
1356,g_chan[1].u_cdc_chr.mem[13][21]$_DFFE_PP_,clk_core,11.92,-8.19,14364;14533;15290;19460;28739;28814;28821;28848
1357,g_chan[1].u_cdc_chr.mem[13][23]$_DFFE_PP_,clk_core,11.92,-8.19,14486;14502;15288;19458;28748;28814;28821;28847
1358,g_chan[1].u_cdc_chr.mem[14][13]$_DFFE_PP_,clk_core,11.92,-8.19,14364;14655;15334;19460;28748;28814;28821;28847
1359,g_chan[1].u_cdc_chr.mem[14][23]$_DFFE_PP_,clk_core,11.92,-8.19,14486;14502;15323;19458;28747;28814;28821;28847
1360,g_chan[1].u_cdc_chr.mem[15][13]$_DFFE_PP_,clk_core,11.92,-8.19,14364;14655;15369;19460;28748;28814;28821;28847
1361,g_chan[1].u_cdc_chr.mem[15][21]$_DFFE_PP_,clk_core,11.92,-8.19,14364;14533;15360;19460;28737;28814;28821;28848
1362,g_chan[1].u_cdc_chr.mem[15][23]$_DFFE_PP_,clk_core,11.92,-8.19,14486;14502;15358;19458;28747;28814;28821;28847
1363,g_chan[1].u_cdc_chr.mem[6][23]$_DFFE_PP_,clk_core,11.92,-8.19,14486;14502;15041;19458;28747;28814;28821;28847
1364,g_chan[1].u_cdc_chr.mem[7][13]$_DFFE_PP_,clk_core,11.92,-8.19,14364;14655;15087;19460;28642;28814;28821;28847
1365,g_chan[1].u_cdc_chr.mem[7][23]$_DFFE_PP_,clk_core,11.92,-8.19,14486;14502;15076;19458;28747;28814;28821;28847
1366,g_chan[1].u_cdc_chr.mem[0][23]$_DFFE_PP_,clk_core,11.92,-8.19,14486;14502;14504;19458;28639;28814;28818;28836
1367,g_chan[1].u_cdc_chr.mem[10][21]$_DFFE_PP_,clk_core,11.92,-8.19,14364;14533;15185;19460;28742;28814;28821;28847
1368,g_chan[1].u_cdc_chr.mem[10][23]$_DFFE_PP_,clk_core,11.92,-8.19,14486;14502;15183;19458;28749;28814;28821;28847
1369,g_chan[1].u_cdc_chr.mem[11][21]$_DFFE_PP_,clk_core,11.92,-8.19,14364;14533;15220;19460;28742;28814;28821;28847
1370,g_chan[1].u_cdc_chr.mem[11][23]$_DFFE_PP_,clk_core,11.92,-8.19,14486;14502;15218;19458;28749;28814;28821;28847
1371,g_chan[1].u_cdc_chr.mem[8][13]$_DFFE_PP_,clk_core,11.92,-8.19,14364;14655;15124;19460;28642;28814;28821;28847
1372,g_chan[1].u_cdc_chr.mem[0][21]$_DFFE_PP_,clk_core,11.92,-8.19,14364;14533;14535;19460;28741;28814;28821;28847
1373,g_chan[1].u_cdc_chr.mem[12][13]$_DFFE_PP_,clk_core,11.92,-8.19,14364;14655;15264;19460;28643;28814;28821;28847
1374,g_chan[1].u_cdc_chr.mem[12][21]$_DFFE_PP_,clk_core,11.92,-8.19,14364;14533;15255;19460;28738;28814;28821;28848
1375,g_chan[1].u_cdc_chr.mem[13][13]$_DFFE_PP_,clk_core,11.92,-8.19,14364;14655;15299;19460;28643;28814;28821;28847
1376,g_chan[1].u_cdc_chr.mem[14][21]$_DFFE_PP_,clk_core,11.92,-8.19,14364;14533;15325;19460;28738;28814;28821;28848
1377,g_chan[1].u_cdc_chr.mem[1][21]$_DFFE_PP_,clk_core,11.92,-8.19,14364;14533;14868;19460;28741;28814;28821;28847
1378,g_chan[1].u_cdc_chr.mem[3][21]$_DFFE_PP_,clk_core,11.92,-8.19,14364;14533;14938;19460;28741;28814;28821;28847
1379,g_chan[1].u_cdc_chr.mem[1][23]$_DFFE_PP_,clk_core,11.92,-8.19,14486;14502;14866;19458;28639;28814;28818;28836
1380,g_chan[1].u_cdc_chr.mem[2][23]$_DFFE_PP_,clk_core,11.92,-8.19,14486;14502;14901;19458;28751;28814;28818;28836
1381,g_chan[1].u_cdc_chr.mem[3][23]$_DFFE_PP_,clk_core,11.92,-8.19,14486;14502;14936;19458;28751;28814;28818;28836
1382,g_chan[1].u_cdc_chr.mem[9][21]$_DFFE_PP_,clk_core,11.92,-8.19,14364;14533;15150;19460;28742;28814;28821;28847
1383,g_chan[1].u_cdc_chr.mem[9][23]$_DFFE_PP_,clk_core,11.92,-8.19,14486;14502;15148;19458;28749;28814;28821;28847
1384,g_chan[1].u_cdc_chr.mem[4][21]$_DFFE_PP_,clk_core,11.92,-8.19,14364;14533;14973;19460;28738;28814;28821;28848
1385,g_chan[1].u_cdc_chr.mem[4][23]$_DFFE_PP_,clk_core,11.92,-8.19,14486;14502;14971;19458;28749;28814;28821;28847
1386,g_chan[1].u_cdc_chr.mem[5][21]$_DFFE_PP_,clk_core,11.92,-8.19,14364;14533;15008;19460;28738;28814;28821;28848
1387,g_chan[1].u_cdc_chr.mem[5][23]$_DFFE_PP_,clk_core,11.92,-8.19,14486;14502;15006;19458;28749;28814;28821;28847
1388,g_chan[1].u_cdc_chr.mem[6][13]$_DFFE_PP_,clk_core,11.92,-8.19,14364;14655;15052;19460;28749;28814;28821;28847
1389,g_chan[1].u_cdc_chr.mem[6][21]$_DFFE_PP_,clk_core,11.92,-8.19,14364;14533;15043;19460;28738;28814;28821;28848
1390,g_chan[1].u_cdc_chr.mem[7][21]$_DFFE_PP_,clk_core,11.92,-8.19,14364;14533;15078;19460;28738;28814;28821;28848
1391,g_chan[1].u_cdc_chr.mem[8][21]$_DFFE_PP_,clk_core,11.92,-8.19,14364;14533;15115;19460;28738;28814;28821;28848
1392,g_chan[1].u_cdc_chr.mem[2][21]$_DFFE_PP_,clk_core,11.92,-8.19,14364;14533;14903;19460;28742;28814;28821;28847
1393,g_chan[1].u_cdc_chr.mem[8][23]$_DFFE_PP_,clk_core,11.92,-8.19,14486;14502;15113;19458;28751;28814;28818;28836
1394,g_chan[1].u_cdc_chr.mem[9][0]$_DFFE_PP_,clk_core,11.92,-8.19,14470;14853;15173;19450;28757;28814;28818;28837
1395,g_chan[1].u_cdc_chr.mem[4][0]$_DFFE_PP_,clk_core,11.92,-8.19,14470;14853;14996;19450;28757;28814;28818;28837
1396,g_chan[1].u_cdc_chr.mem[5][0]$_DFFE_PP_,clk_core,11.92,-8.19,14470;14853;15031;19450;28757;28814;28818;28837
1397,g_chan[1].u_cdc_chr.mem[8][0]$_DFFE_PP_,clk_core,11.92,-8.19,14470;14853;15138;19450;28757;28814;28818;28837
1398,g_chan[1].u_cdc_chr.mem[0][13]$_DFFE_PP_,clk_core,11.92,-8.19,14364;14655;14657;19460;28640;28814;28819;28841
1399,g_chan[1].u_cdc_chr.mem[1][13]$_DFFE_PP_,clk_core,11.92,-8.19,14364;14655;14877;19460;28640;28814;28819;28841
1400,g_chan[1].u_cdc_chr.mem[2][13]$_DFFE_PP_,clk_core,11.92,-8.19,14364;14655;14912;19460;28641;28814;28819;28841
1401,g_chan[1].u_cdc_chr.mem[3][13]$_DFFE_PP_,clk_core,11.92,-8.19,14364;14655;14947;19460;28641;28814;28819;28841
1402,g_chan[1].u_cdc_chr.mem[9][13]$_DFFE_PP_,clk_core,11.92,-8.19,14364;14655;15159;19460;28641;28814;28819;28841
1403,g_chan[1].u_cdc_chr.mem[4][13]$_DFFE_PP_,clk_core,11.92,-8.19,14364;14655;14982;19460;28641;28814;28819;28841
1404,g_chan[1].u_cdc_chr.mem[5][13]$_DFFE_PP_,clk_core,11.92,-8.19,14364;14655;15017;19460;28641;28814;28819;28841
1405,g_chan[1].u_cdc_chr.mem[0][17]$_DFFE_PP_,clk_core,11.92,-8.18,9524;14451;14595;14597;19449;28788;28814;28817;28832
1406,g_chan[1].u_cdc_chr.mem[0][20]$_DFFE_PP_,clk_core,11.92,-8.18,9553;14388;14549;14552;19461;28798;28814;28817;28832
1407,g_chan[1].u_cdc_chr.mem[2][17]$_DFFE_PP_,clk_core,11.93,-8.18,9524;14451;14595;14908;19449;28793;28814;28817;28832
1408,g_chan[1].u_cdc_chr.mem[2][20]$_DFFE_PP_,clk_core,11.93,-8.18,9553;14388;14549;14905;19461;28793;28814;28817;28832
1409,g_chan[1].u_cdc_chr.mem[1][20]$_DFFE_PP_,clk_core,11.93,-8.18,9553;14388;14549;14870;19461;28798;28814;28817;28832
1410,g_chan[1].u_cdc_chr.mem[3][20]$_DFFE_PP_,clk_core,11.93,-8.18,9553;14388;14549;14940;19461;28785;28814;28817;28832
1411,g_chan[1].u_cdc_chr.mem[4][20]$_DFFE_PP_,clk_core,11.93,-8.18,9553;14388;14549;14975;19461;28785;28814;28817;28832
1412,g_chan[1].u_cdc_chr.mem[5][20]$_DFFE_PP_,clk_core,11.93,-8.18,9553;14388;14549;15010;19461;28785;28814;28817;28832
1413,g_chan[1].u_cdc_chr.mem[2][1]$_DFFE_PP_,clk_core,11.93,-8.18,9479;14451;14838;14925;19449;28780;28814;28817;28834
1414,g_chan[1].u_cdc_chr.mem[3][1]$_DFFE_PP_,clk_core,11.93,-8.18,9479;14451;14838;14960;19449;28780;28814;28817;28834
1415,g_chan[0].u_cdc_chr.mem[14][16]$_DFFE_PP_,clk_core,11.93,-8.18,10813;11905;15569;19464;28706;28814;28822;28853
1416,g_chan[0].u_cdc_chr.mem[15][16]$_DFFE_PP_,clk_core,11.93,-8.18,10813;11966;15569;19464;28706;28814;28822;28853
1417,g_chan[1].u_cdc_chr.mem[9][20]$_DFFE_PP_,clk_core,11.93,-8.18,9553;14388;14549;15152;19461;28785;28814;28817;28832
1418,g_chan[1].u_cdc_chr.mem[10][17]$_DFFE_PP_,clk_core,11.93,-8.18,9524;14451;14595;15190;19449;28788;28814;28817;28832
1419,g_chan[1].u_cdc_chr.mem[10][19]$_DFFE_PP_,clk_core,11.93,-8.18,9488;14410;14565;15188;19462;28788;28814;28817;28832
1420,g_chan[1].u_cdc_chr.mem[10][20]$_DFFE_PP_,clk_core,11.93,-8.18,9553;14388;14549;15187;19461;28788;28814;28817;28832
1421,g_chan[1].u_cdc_chr.mem[11][17]$_DFFE_PP_,clk_core,11.93,-8.18,9524;14451;14595;15225;19449;28788;28814;28817;28832
1422,g_chan[1].u_cdc_chr.mem[11][19]$_DFFE_PP_,clk_core,11.93,-8.18,9488;14410;14565;15223;19462;28788;28814;28817;28832
1423,g_chan[1].u_cdc_chr.mem[15][17]$_DFFE_PP_,clk_core,11.93,-8.18,9524;14451;14595;15365;19449;28788;28814;28817;28832
1424,g_chan[0].u_cdc_chr.mem[12][16]$_DFFE_PP_,clk_core,11.93,-8.18,10813;11783;15569;19464;28706;28814;28822;28853
1425,g_chan[1].u_cdc_chr.mem[4][17]$_DFFE_PP_,clk_core,11.93,-8.18,9524;14451;14595;14978;19449;28787;28814;28817;28834
1426,g_chan[1].u_cdc_chr.mem[5][17]$_DFFE_PP_,clk_core,11.93,-8.18,9524;14451;14595;15013;19449;28787;28814;28817;28834
1427,g_chan[1].u_cdc_chr.mem[6][17]$_DFFE_PP_,clk_core,11.93,-8.18,9524;14451;14595;15048;19449;28787;28814;28817;28834
1428,g_chan[1].u_cdc_chr.mem[6][20]$_DFFE_PP_,clk_core,11.93,-8.18,9553;14388;14549;15045;19461;28787;28814;28817;28834
1429,g_chan[1].u_cdc_chr.mem[7][17]$_DFFE_PP_,clk_core,11.93,-8.18,9524;14451;14595;15083;19449;28787;28814;28817;28834
1430,g_chan[1].u_cdc_chr.mem[7][20]$_DFFE_PP_,clk_core,11.93,-8.18,9553;14388;14549;15080;19461;28787;28814;28817;28834
1431,g_chan[1].u_cdc_chr.mem[15][1]$_DFFE_PP_,clk_core,11.93,-8.18,9479;14451;14838;15382;19449;28766;28814;28817;28834
1432,g_chan[1].u_cdc_chr.mem[11][20]$_DFFE_PP_,clk_core,11.93,-8.18,9553;14388;14549;15222;19461;28785;28814;28817;28832
1433,g_chan[1].u_cdc_chr.mem[8][20]$_DFFE_PP_,clk_core,11.93,-8.18,9553;14388;14549;15117;19461;28785;28814;28817;28832
1434,g_chan[1].u_cdc_chr.mem[1][5]$_DFFE_PP_,clk_core,11.93,-8.18,10847;14364;14778;14886;19460;28766;28814;28817;28834
1435,g_chan[1].u_cdc_chr.mem[3][5]$_DFFE_PP_,clk_core,11.93,-8.18,10847;14364;14778;14956;19460;28766;28814;28817;28834
1436,g_chan[0].u_cdc_chr.mem[1][28]$_DFFE_PP_,clk_core,11.93,-8.18,10605;11082;15425;19454;28679;28814;28822;28852
1437,g_chan[0].u_cdc_chr.mem[6][28]$_DFFE_PP_,clk_core,11.93,-8.18,10605;11390;15425;19454;28679;28814;28822;28852
1438,g_chan[0].u_cdc_chr.mem[7][28]$_DFFE_PP_,clk_core,11.93,-8.18,10605;11451;15425;19454;28679;28814;28822;28852
1439,g_chan[0].u_cdc_chr.mem[1][16]$_DFFE_PP_,clk_core,11.93,-8.18,10813;11106;15569;19464;28693;28814;28822;28852
1440,g_chan[0].u_cdc_chr.mem[1][25]$_DFFE_PP_,clk_core,11.93,-8.18,10663;11087;15474;19457;28692;28814;28822;28852
1441,g_chan[0].u_cdc_chr.mem[1][8]$_DFFE_PP_,clk_core,11.93,-8.18,9597;10940;11120;19464;28692;28814;28822;28852
1442,g_chan[0].u_cdc_chr.mem[2][16]$_DFFE_PP_,clk_core,11.93,-8.18,10813;11169;15569;19464;28693;28814;28822;28852
1443,g_chan[0].u_cdc_chr.mem[3][16]$_DFFE_PP_,clk_core,11.93,-8.18,10813;11231;15569;19464;28693;28814;28822;28852
1444,g_chan[0].u_cdc_chr.mem[3][25]$_DFFE_PP_,clk_core,11.93,-8.18,10663;11212;15474;19457;28692;28814;28822;28852
1445,g_chan[0].u_cdc_chr.mem[4][25]$_DFFE_PP_,clk_core,11.93,-8.18,10663;11273;15474;19457;28692;28814;28822;28852
1446,g_chan[0].u_cdc_chr.mem[4][8]$_DFFE_PP_,clk_core,11.93,-8.18,9597;10940;11306;19464;28692;28814;28822;28852
1447,g_chan[0].u_cdc_chr.mem[7][16]$_DFFE_PP_,clk_core,11.93,-8.18,10813;11475;15569;19464;28693;28814;28822;28852
1448,g_chan[0].u_cdc_chr.mem[0][10]$_DFFE_PP_,clk_core,11.93,-8.18,10631;10909;10911;15592;19456;28709;28814;28822;28853
1449,g_chan[0].u_cdc_chr.mem[1][10]$_DFFE_PP_,clk_core,11.93,-8.18,10631;10909;11116;15592;19456;28709;28814;28822;28853
1450,g_chan[0].u_cdc_chr.mem[2][10]$_DFFE_PP_,clk_core,11.93,-8.18,10631;10909;11179;15592;19456;28709;28814;28822;28853
1451,g_chan[0].u_cdc_chr.mem[3][10]$_DFFE_PP_,clk_core,11.93,-8.18,10631;10909;11241;15592;19456;28713;28814;28822;28853
1452,g_chan[0].u_cdc_chr.mem[4][10]$_DFFE_PP_,clk_core,11.93,-8.18,10631;10909;11302;15592;19456;28713;28814;28822;28853
1453,g_chan[0].u_cdc_chr.mem[5][10]$_DFFE_PP_,clk_core,11.93,-8.18,10631;10909;11363;15592;19456;28713;28814;28822;28853
1454,g_chan[0].u_cdc_chr.mem[6][29]$_DFFE_PP_,clk_core,11.93,-8.18,10553;10575;11388;15389;19453;28700;28814;28822;28853
1455,g_chan[0].u_cdc_chr.mem[7][29]$_DFFE_PP_,clk_core,11.93,-8.18,10553;10575;11449;15389;19453;28700;28814;28822;28853
1456,g_chan[1].u_cdc_chr.mem[4][1]$_DFFE_PP_,clk_core,11.93,-8.18,9479;14451;14838;14995;19449;28765;28814;28817;28834
1457,g_chan[1].u_cdc_chr.mem[5][1]$_DFFE_PP_,clk_core,11.93,-8.18,9479;14451;14838;15030;19449;28765;28814;28817;28834
1458,g_chan[0].u_cdc_chr.mem[1][23]$_DFFE_PP_,clk_core,11.93,-8.18,10002;10695;11091;19451;28678;28814;28822;28852
1459,g_chan[0].u_cdc_chr.mem[2][23]$_DFFE_PP_,clk_core,11.93,-8.18,10002;10695;11154;19451;28680;28814;28822;28852
1460,g_chan[0].u_cdc_chr.mem[2][28]$_DFFE_PP_,clk_core,11.93,-8.18,10605;11145;15425;19454;28680;28814;28822;28852
1461,g_chan[0].u_cdc_chr.mem[3][23]$_DFFE_PP_,clk_core,11.93,-8.18,10002;10695;11216;19451;28680;28814;28822;28852
1462,g_chan[0].u_cdc_chr.mem[3][28]$_DFFE_PP_,clk_core,11.93,-8.18,10605;11207;15425;19454;28680;28814;28822;28852
1463,g_chan[0].u_cdc_chr.mem[4][23]$_DFFE_PP_,clk_core,11.93,-8.18,10002;10695;11277;19451;28678;28814;28822;28852
1464,g_chan[0].u_cdc_chr.mem[4][28]$_DFFE_PP_,clk_core,11.93,-8.18,10605;11268;15425;19454;28678;28814;28822;28852
1465,g_chan[0].u_cdc_chr.mem[5][23]$_DFFE_PP_,clk_core,11.93,-8.18,10002;10695;11338;19451;28678;28814;28822;28852
1466,g_chan[0].u_cdc_chr.mem[5][28]$_DFFE_PP_,clk_core,11.93,-8.18,10605;11329;15425;19454;28678;28814;28822;28852
1467,g_chan[0].u_cdc_chr.mem[7][23]$_DFFE_PP_,clk_core,11.93,-8.18,10002;10695;11460;19451;28678;28814;28822;28852
1468,g_chan[0].u_cdc_chr.mem[10][9]$_DFFE_PP_,clk_core,11.93,-8.18,10924;11672;15598;19457;28687;28814;28822;28853
1469,g_chan[0].u_cdc_chr.mem[11][27]$_DFFE_PP_,clk_core,11.93,-8.18,10008;10627;11700;19455;28682;28814;28822;28852
1470,g_chan[0].u_cdc_chr.mem[11][9]$_DFFE_PP_,clk_core,11.93,-8.18,10924;11734;15598;19457;28687;28814;28822;28853
1471,g_chan[0].u_cdc_chr.mem[14][25]$_DFFE_PP_,clk_core,11.93,-8.18,10663;11886;15474;19457;28704;28814;28822;28854
1472,g_chan[0].u_cdc_chr.mem[15][25]$_DFFE_PP_,clk_core,11.93,-8.18,10663;11947;15474;19457;28704;28814;28822;28854
1473,g_chan[0].u_cdc_chr.mem[2][8]$_DFFE_PP_,clk_core,11.93,-8.18,9597;10940;11183;19464;28694;28814;28822;28852
1474,g_chan[0].u_cdc_chr.mem[3][8]$_DFFE_PP_,clk_core,11.93,-8.18,9597;10940;11245;19464;28694;28814;28822;28852
1475,g_chan[0].u_cdc_chr.mem[7][9]$_DFFE_PP_,clk_core,11.93,-8.18,10924;11487;15598;19457;28687;28814;28822;28853
1476,g_chan[0].u_cdc_chr.mem[9][9]$_DFFE_PP_,clk_core,11.93,-8.18,10924;11610;15598;19457;28687;28814;28822;28853
1477,g_chan[0].u_cdc_chr.mem[3][17]$_DFFE_PP_,clk_core,11.93,-8.18,10796;11229;15563;19457;28648;28814;28822;28851
1478,g_chan[0].u_cdc_chr.mem[11][10]$_DFFE_PP_,clk_core,11.93,-8.18,10631;10909;11732;15592;19456;28714;28814;28822;28853
1479,g_chan[0].u_cdc_chr.mem[12][10]$_DFFE_PP_,clk_core,11.93,-8.18,10631;10909;11793;15592;19456;28715;28814;28822;28853
1480,g_chan[0].u_cdc_chr.mem[13][10]$_DFFE_PP_,clk_core,11.93,-8.18,10631;10909;11854;15592;19456;28715;28814;28822;28853
1481,g_chan[0].u_cdc_chr.mem[3][27]$_DFFE_PP_,clk_core,11.93,-8.18,10008;10627;11209;19455;28684;28814;28822;28851
1482,g_chan[0].u_cdc_chr.mem[6][10]$_DFFE_PP_,clk_core,11.93,-8.18,10631;10909;11424;15592;19456;28714;28814;28822;28853
1483,g_chan[0].u_cdc_chr.mem[7][10]$_DFFE_PP_,clk_core,11.93,-8.18,10631;10909;11485;15592;19456;28714;28814;28822;28853
1484,g_chan[0].u_cdc_chr.mem[8][10]$_DFFE_PP_,clk_core,11.93,-8.18,10631;10909;11547;15592;19456;28714;28814;28822;28853
1485,g_chan[0].u_cdc_chr.mem[9][10]$_DFFE_PP_,clk_core,11.93,-8.18,10631;10909;11608;15592;19456;28715;28814;28822;28853
1486,g_chan[1].u_cdc_chr.mem[14][20]$_DFFE_PP_,clk_core,11.93,-8.18,9553;14388;14549;15327;19461;28786;28814;28817;28832
1487,g_chan[1].u_cdc_chr.mem[15][20]$_DFFE_PP_,clk_core,11.93,-8.18,9553;14388;14549;15362;19461;28786;28814;28817;28832
1488,g_chan[1].u_cdc_chr.mem[12][20]$_DFFE_PP_,clk_core,11.93,-8.18,9553;14388;14549;15257;19461;28780;28814;28817;28834
1489,g_chan[1].u_cdc_chr.mem[13][20]$_DFFE_PP_,clk_core,11.93,-8.18,9553;14388;14549;15292;19461;28780;28814;28817;28834
1490,g_chan[1].u_cdc_chr.mem[14][17]$_DFFE_PP_,clk_core,11.93,-8.18,9524;14451;14595;15330;19449;28787;28814;28817;28834
1491,g_chan[0].u_cdc_chr.mem[7][0]$_DFFE_PP_,clk_core,11.93,-8.18,9711;11067;11502;19464;28648;28814;28822;28851
1492,g_chan[1].u_cdc_chr.mem[0][1]$_DFFE_PP_,clk_core,11.93,-8.18,9479;14451;14838;14840;19449;28764;28814;28817;28834
1493,g_chan[0].u_cdc_chr.mem[10][25]$_DFFE_PP_,clk_core,11.93,-8.18,10663;11641;15474;19457;28702;28814;28822;28854
1494,g_chan[0].u_cdc_chr.mem[11][25]$_DFFE_PP_,clk_core,11.93,-8.18,10663;11703;15474;19457;28702;28814;28822;28854
1495,g_chan[0].u_cdc_chr.mem[12][25]$_DFFE_PP_,clk_core,11.93,-8.18,10663;11764;15474;19457;28704;28814;28822;28854
1496,g_chan[0].u_cdc_chr.mem[12][8]$_DFFE_PP_,clk_core,11.93,-8.18,9597;10940;11797;19464;28704;28814;28822;28854
1497,g_chan[0].u_cdc_chr.mem[6][25]$_DFFE_PP_,clk_core,11.93,-8.18,10663;11395;15474;19457;28703;28814;28822;28854
1498,g_chan[0].u_cdc_chr.mem[8][25]$_DFFE_PP_,clk_core,11.93,-8.18,10663;11518;15474;19457;28705;28814;28822;28854
1499,g_chan[0].u_cdc_chr.mem[9][25]$_DFFE_PP_,clk_core,11.93,-8.18,10663;11579;15474;19457;28705;28814;28822;28854
1500,g_chan[0].u_cdc_chr.mem[3][9]$_DFFE_PP_,clk_core,11.93,-8.18,10924;11243;15598;19457;28655;28814;28822;28851
1501,g_chan[0].u_cdc_chr.mem[2][17]$_DFFE_PP_,clk_core,11.93,-8.18,10796;11167;15563;19457;28648;28814;28822;28851
1502,g_chan[1].u_cdc_chr.mem[1][1]$_DFFE_PP_,clk_core,11.93,-8.18,9479;14451;14838;14890;19449;28764;28814;28817;28834
1503,g_chan[0].u_cdc_chr.mem[10][29]$_DFFE_PP_,clk_core,11.93,-8.18,10553;10575;11634;15389;19453;28702;28814;28822;28854
1504,g_chan[0].u_cdc_chr.mem[11][29]$_DFFE_PP_,clk_core,11.93,-8.18,10553;10575;11696;15389;19453;28702;28814;28822;28854
1505,g_chan[0].u_cdc_chr.mem[12][29]$_DFFE_PP_,clk_core,11.93,-8.18,10553;10575;11757;15389;19453;28698;28814;28822;28854
1506,g_chan[0].u_cdc_chr.mem[13][29]$_DFFE_PP_,clk_core,11.93,-8.18,10553;10575;11818;15389;19453;28698;28814;28822;28854
1507,g_chan[0].u_cdc_chr.mem[14][29]$_DFFE_PP_,clk_core,11.93,-8.18,10553;10575;11879;15389;19453;28698;28814;28822;28854
1508,g_chan[0].u_cdc_chr.mem[15][29]$_DFFE_PP_,clk_core,11.93,-8.18,10553;10575;11940;15389;19453;28698;28814;28822;28854
1509,g_chan[0].u_cdc_chr.mem[2][27]$_DFFE_PP_,clk_core,11.93,-8.18,10008;10627;11147;19455;28684;28814;28822;28851
1510,g_chan[0].u_cdc_chr.mem[2][29]$_DFFE_PP_,clk_core,11.93,-8.18,10553;10575;11143;15389;19453;28705;28814;28822;28854
1511,g_chan[0].u_cdc_chr.mem[3][29]$_DFFE_PP_,clk_core,11.93,-8.18,10553;10575;11205;15389;19453;28705;28814;28822;28854
1512,g_chan[0].u_cdc_chr.mem[4][29]$_DFFE_PP_,clk_core,11.93,-8.18,10553;10575;11266;15389;19453;28701;28814;28822;28854
1513,g_chan[0].u_cdc_chr.mem[5][29]$_DFFE_PP_,clk_core,11.93,-8.18,10553;10575;11327;15389;19453;28702;28814;28822;28854
1514,g_chan[0].u_cdc_chr.mem[14][8]$_DFFE_PP_,clk_core,11.93,-8.18,9597;10940;11919;19464;28691;28814;28822;28851
1515,g_chan[0].u_cdc_chr.mem[6][9]$_DFFE_PP_,clk_core,11.93,-8.18,10924;11426;15598;19457;28688;28814;28822;28854
1516,g_chan[0].u_cdc_chr.mem[8][29]$_DFFE_PP_,clk_core,11.93,-8.18,10553;10575;11511;15389;19453;28702;28814;28822;28854
1517,g_chan[0].u_cdc_chr.mem[9][29]$_DFFE_PP_,clk_core,11.93,-8.18,10553;10575;11572;15389;19453;28698;28814;28822;28854
1518,g_chan[0].u_cdc_chr.mem[15][8]$_DFFE_PP_,clk_core,11.93,-8.18,9597;10940;11980;19464;28691;28814;28822;28851
1519,g_chan[0].u_cdc_chr.mem[14][9]$_DFFE_PP_,clk_core,11.93,-8.18,10924;11917;15598;19457;28686;28814;28822;28851
1520,g_chan[0].u_cdc_chr.mem[15][9]$_DFFE_PP_,clk_core,11.93,-8.18,10924;11978;15598;19457;28686;28814;28822;28851
1521,g_chan[0].u_cdc_chr.mem[10][16]$_DFFE_PP_,clk_core,11.93,-8.18,10813;11660;15569;19464;28688;28814;28822;28854
1522,g_chan[0].u_cdc_chr.mem[13][16]$_DFFE_PP_,clk_core,11.93,-8.18,10813;11844;15569;19464;28688;28814;28822;28854
1523,g_chan[0].u_cdc_chr.mem[13][25]$_DFFE_PP_,clk_core,11.93,-8.18,10663;11825;15474;19457;28704;28814;28822;28854
1524,g_chan[0].u_cdc_chr.mem[2][25]$_DFFE_PP_,clk_core,11.93,-8.18,10663;11150;15474;19457;28697;28814;28822;28854
1525,g_chan[0].u_cdc_chr.mem[5][25]$_DFFE_PP_,clk_core,11.93,-8.18,10663;11334;15474;19457;28697;28814;28822;28854
1526,g_chan[0].u_cdc_chr.mem[8][16]$_DFFE_PP_,clk_core,11.93,-8.18,10813;11537;15569;19464;28688;28814;28822;28854
1527,g_chan[0].u_cdc_chr.mem[8][8]$_DFFE_PP_,clk_core,11.93,-8.18,9597;10940;11551;19464;28688;28814;28822;28854
1528,g_chan[0].u_cdc_chr.mem[9][16]$_DFFE_PP_,clk_core,11.93,-8.18,10813;11598;15569;19464;28688;28814;28822;28854
1529,g_chan[1].u_cdc_chr.mem[14][1]$_DFFE_PP_,clk_core,11.93,-8.18,9479;14451;14838;15347;19449;28765;28814;28817;28834
1530,g_chan[0].u_cdc_chr.mem[0][29]$_DFFE_PP_,clk_core,11.93,-8.18,10553;10575;10578;15389;19453;28704;28814;28822;28854
1531,g_chan[0].u_cdc_chr.mem[1][29]$_DFFE_PP_,clk_core,11.93,-8.18,10553;10575;11080;15389;19453;28704;28814;28822;28854
1532,g_chan[0].u_cdc_chr.mem[14][11]$_DFFE_PP_,clk_core,11.93,-8.18,9987;10893;11914;19455;28655;28814;28822;28851
1533,g_chan[0].u_cdc_chr.mem[14][1]$_DFFE_PP_,clk_core,11.93,-8.18,11051;11930;15698;19457;28655;28814;28822;28851
1534,g_chan[0].u_cdc_chr.mem[15][11]$_DFFE_PP_,clk_core,11.93,-8.18,9987;10893;11975;19455;28655;28814;28822;28851
1535,g_chan[0].u_cdc_chr.mem[15][1]$_DFFE_PP_,clk_core,11.93,-8.18,11051;11991;15698;19457;28655;28814;28822;28851
1536,g_chan[0].u_cdc_chr.mem[12][9]$_DFFE_PP_,clk_core,11.93,-8.18,10924;11795;15598;19457;28686;28814;28822;28851
1537,g_chan[1].u_cdc_chr.mem[6][1]$_DFFE_PP_,clk_core,11.93,-8.18,9479;14451;14838;15065;19449;28764;28814;28817;28834
1538,g_chan[1].u_cdc_chr.mem[7][1]$_DFFE_PP_,clk_core,11.93,-8.18,9479;14451;14838;15100;19449;28764;28814;28817;28834
1539,g_chan[0].u_cdc_chr.mem[10][8]$_DFFE_PP_,clk_core,11.93,-8.18,9597;10940;11674;19464;28690;28814;28822;28851
1540,g_chan[0].u_cdc_chr.mem[11][16]$_DFFE_PP_,clk_core,11.93,-8.18,10813;11722;15569;19464;28690;28814;28822;28851
1541,g_chan[0].u_cdc_chr.mem[11][8]$_DFFE_PP_,clk_core,11.93,-8.18,9597;10940;11736;19464;28690;28814;28822;28851
1542,g_chan[0].u_cdc_chr.mem[13][8]$_DFFE_PP_,clk_core,11.93,-8.18,9597;10940;11858;19464;28691;28814;28822;28851
1543,g_chan[0].u_cdc_chr.mem[4][16]$_DFFE_PP_,clk_core,11.93,-8.18,10813;11292;15569;19464;28690;28814;28822;28851
1544,g_chan[0].u_cdc_chr.mem[5][16]$_DFFE_PP_,clk_core,11.93,-8.18,10813;11353;15569;19464;28690;28814;28822;28851
1545,g_chan[0].u_cdc_chr.mem[5][17]$_DFFE_PP_,clk_core,11.93,-8.18,10796;11351;15563;19457;28648;28814;28822;28851
1546,g_chan[0].u_cdc_chr.mem[5][1]$_DFFE_PP_,clk_core,11.93,-8.18,11051;11378;15698;19457;28648;28814;28822;28851
1547,g_chan[0].u_cdc_chr.mem[5][8]$_DFFE_PP_,clk_core,11.93,-8.18,9597;10940;11367;19464;28691;28814;28822;28851
1548,g_chan[0].u_cdc_chr.mem[6][0]$_DFFE_PP_,clk_core,11.93,-8.18,9711;11067;11441;19464;28648;28814;28822;28851
1549,g_chan[0].u_cdc_chr.mem[6][11]$_DFFE_PP_,clk_core,11.93,-8.18,9987;10893;11423;19455;28648;28814;28822;28851
1550,g_chan[0].u_cdc_chr.mem[6][16]$_DFFE_PP_,clk_core,11.93,-8.18,10813;11414;15569;19464;28690;28814;28822;28851
1551,g_chan[0].u_cdc_chr.mem[6][27]$_DFFE_PP_,clk_core,11.93,-8.18,10008;10627;11392;19455;28685;28814;28822;28851
1552,g_chan[0].u_cdc_chr.mem[6][8]$_DFFE_PP_,clk_core,11.93,-8.18,9597;10940;11428;19464;28691;28814;28822;28851
1553,g_chan[0].u_cdc_chr.mem[7][25]$_DFFE_PP_,clk_core,11.93,-8.18,10663;11456;15474;19457;28691;28814;28822;28851
1554,g_chan[0].u_cdc_chr.mem[7][8]$_DFFE_PP_,clk_core,11.93,-8.18,9597;10940;11489;19464;28691;28814;28822;28851
1555,g_chan[0].u_cdc_chr.mem[9][8]$_DFFE_PP_,clk_core,11.93,-8.18,9597;10940;11612;19464;28690;28814;28822;28851
1556,g_chan[0].u_cdc_chr.mem[12][11]$_DFFE_PP_,clk_core,11.93,-8.18,9987;10893;11792;19455;28655;28814;28822;28851
1557,g_chan[0].u_cdc_chr.mem[12][17]$_DFFE_PP_,clk_core,11.93,-8.18,10796;11781;15563;19457;28655;28814;28822;28851
1558,g_chan[0].u_cdc_chr.mem[12][1]$_DFFE_PP_,clk_core,11.93,-8.18,11051;11808;15698;19457;28654;28814;28822;28851
1559,g_chan[0].u_cdc_chr.mem[13][0]$_DFFE_PP_,clk_core,11.93,-8.18,9711;11067;11871;19464;28654;28814;28822;28851
1560,g_chan[0].u_cdc_chr.mem[13][9]$_DFFE_PP_,clk_core,11.93,-8.18,10924;11856;15598;19457;28686;28814;28822;28851
1561,g_chan[0].u_cdc_chr.mem[15][0]$_DFFE_PP_,clk_core,11.93,-8.18,9711;11067;11993;19464;28654;28814;28822;28851
1562,g_chan[0].u_cdc_chr.mem[1][27]$_DFFE_PP_,clk_core,11.93,-8.18,10008;10627;11084;19455;28684;28814;28822;28851
1563,g_chan[0].u_cdc_chr.mem[1][9]$_DFFE_PP_,clk_core,11.93,-8.18,10924;11118;15598;19457;28684;28814;28822;28851
1564,g_chan[0].u_cdc_chr.mem[4][27]$_DFFE_PP_,clk_core,11.93,-8.18,10008;10627;11270;19455;28686;28814;28822;28851
1565,g_chan[0].u_cdc_chr.mem[4][3]$_DFFE_PP_,clk_core,11.93,-8.18,11019;11313;15662;19455;28654;28814;28822;28851
1566,g_chan[0].u_cdc_chr.mem[4][9]$_DFFE_PP_,clk_core,11.93,-8.18,10924;11304;15598;19457;28686;28814;28822;28851
1567,g_chan[0].u_cdc_chr.mem[5][27]$_DFFE_PP_,clk_core,11.93,-8.18,10008;10627;11331;19455;28684;28814;28822;28851
1568,g_chan[0].u_cdc_chr.mem[5][3]$_DFFE_PP_,clk_core,11.93,-8.18,11019;11374;15662;19455;28654;28814;28822;28851
1569,g_chan[0].u_cdc_chr.mem[5][9]$_DFFE_PP_,clk_core,11.93,-8.18,10924;11365;15598;19457;28686;28814;28822;28851
1570,g_chan[0].u_cdc_chr.mem[7][27]$_DFFE_PP_,clk_core,11.93,-8.18,10008;10627;11453;19455;28684;28814;28822;28851
1571,g_chan[0].u_cdc_chr.mem[8][9]$_DFFE_PP_,clk_core,11.93,-8.18,10924;11549;15598;19457;28686;28814;28822;28851
1572,g_chan[0].u_cdc_chr.mem[7][11]$_DFFE_PP_,clk_core,11.93,-8.18,9987;10893;11484;19455;28656;28814;28822;28851
1573,g_chan[1].u_cdc_chr.mem[9][1]$_DFFE_PP_,clk_core,11.93,-8.18,9479;14451;14838;15172;19449;28764;28814;28817;28834
1574,g_chan[0].u_cdc_chr.mem[10][17]$_DFFE_PP_,clk_core,11.93,-8.18,10796;11658;15563;19457;28655;28814;28822;28851
1575,g_chan[0].u_cdc_chr.mem[13][1]$_DFFE_PP_,clk_core,11.93,-8.18,11051;11869;15698;19457;28655;28814;28822;28851
1576,g_chan[1].u_cdc_chr.mem[10][1]$_DFFE_PP_,clk_core,11.93,-8.18,9479;14451;14838;15207;19449;28764;28814;28817;28834
1577,g_chan[1].u_cdc_chr.mem[11][1]$_DFFE_PP_,clk_core,11.93,-8.18,9479;14451;14838;15242;19449;28764;28814;28817;28834
1578,g_chan[1].u_cdc_chr.mem[1][11]$_DFFE_PP_,clk_core,11.93,-8.18,9470;14410;14686;14879;19462;28764;28814;28817;28834
1579,g_chan[0].u_cdc_chr.mem[14][31]$_DFFE_PP_,clk_core,11.93,-8.18,15771;18746;18751;19451;28703;28814;28822;28854
1580,g_chan[0].u_cdc_chr.mem[15][31]$_DFFE_PP_,clk_core,11.93,-8.18,15771;18746;18749;19451;28703;28814;28822;28854
1581,g_chan[0].u_cdc_chr.mem[11][17]$_DFFE_PP_,clk_core,11.93,-8.18,10796;11720;15563;19457;28656;28814;28822;28851
1582,g_chan[0].u_cdc_chr.mem[13][17]$_DFFE_PP_,clk_core,11.93,-8.18,10796;11842;15563;19457;28656;28814;28822;28851
1583,g_chan[0].u_cdc_chr.mem[14][17]$_DFFE_PP_,clk_core,11.93,-8.18,10796;11903;15563;19457;28656;28814;28822;28851
1584,g_chan[0].u_cdc_chr.mem[15][17]$_DFFE_PP_,clk_core,11.93,-8.18,10796;11964;15563;19457;28656;28814;28822;28851
1585,g_chan[0].u_cdc_chr.mem[8][17]$_DFFE_PP_,clk_core,11.93,-8.18,10796;11535;15563;19457;28656;28814;28822;28851
1586,g_chan[0].u_cdc_chr.mem[12][18]$_DFFE_PP_,clk_core,11.93,-8.18,10778;11778;15558;19456;28682;28814;28822;28852
1587,g_chan[0].u_cdc_chr.mem[12][31]$_DFFE_PP_,clk_core,11.93,-8.18,15771;18746;18755;19451;28704;28814;28822;28854
1588,g_chan[0].u_cdc_chr.mem[1][31]$_DFFE_PP_,clk_core,11.93,-8.18,15771;18746;18777;19451;28692;28814;28822;28852
1589,g_chan[0].u_cdc_chr.mem[14][18]$_DFFE_PP_,clk_core,11.93,-8.18,10778;11900;15558;19456;28682;28814;28822;28852
1590,g_chan[0].u_cdc_chr.mem[10][31]$_DFFE_PP_,clk_core,11.93,-8.18,15771;18746;18759;19451;28703;28814;28822;28854
1591,g_chan[0].u_cdc_chr.mem[6][6]$_DFFE_PP_,clk_core,11.93,-8.18,9659;10972;11431;19452;28706;28814;28822;28853
1592,g_chan[0].u_cdc_chr.mem[3][0]$_DFFE_PP_,clk_core,11.93,-8.18,9711;11067;11258;19464;28649;28814;28821;28848
1593,g_chan[0].u_cdc_chr.mem[10][18]$_DFFE_PP_,clk_core,11.93,-8.18,10778;11655;15558;19456;28681;28814;28822;28852
1594,g_chan[0].u_cdc_chr.mem[12][6]$_DFFE_PP_,clk_core,11.93,-8.18,9659;10972;11800;19452;28687;28814;28822;28853
1595,g_chan[0].u_cdc_chr.mem[13][31]$_DFFE_PP_,clk_core,11.93,-8.18,15771;18746;18753;19451;28703;28814;28822;28854
1596,g_chan[0].u_cdc_chr.mem[1][18]$_DFFE_PP_,clk_core,11.93,-8.18,10778;11101;15558;19456;28681;28814;28822;28852
1597,g_chan[0].u_cdc_chr.mem[1][6]$_DFFE_PP_,clk_core,11.93,-8.18,9659;10972;11123;19452;28707;28814;28822;28853
1598,g_chan[0].u_cdc_chr.mem[2][2]$_DFFE_PP_,clk_core,11.93,-8.18,11035;11192;15687;19456;28693;28814;28822;28852
1599,g_chan[0].u_cdc_chr.mem[2][6]$_DFFE_PP_,clk_core,11.93,-8.18,9659;10972;11186;19452;28707;28814;28822;28853
1600,g_chan[0].u_cdc_chr.mem[4][18]$_DFFE_PP_,clk_core,11.93,-8.18,10778;11287;15558;19456;28681;28814;28822;28852
