fy,fx,density
0,0,0.718055
0,1,0.717902
0,2,0.717621
0,3,0.717263
0,4,0.716912
0,5,0.716649
0,6,0.716536
0,7,0.716563
0,8,0.716617
0,9,0.716491
0,10,0.715933
0,11,0.714711
0,12,0.712708
0,13,0.709989
0,14,0.706806
0,15,0.703544
0,16,0.700626
0,17,0.698383
0,18,0.696956
0,19,0.696252
0,20,0.695984
0,21,0.695775
0,22,0.695302
0,23,0.694427
0,24,0.693268
0,25,0.692178
0,26,0.691651
0,27,0.692173
0,28,0.694076
0,29,0.69744
0,30,0.702063
0,31,0.707501
0,32,0.713164
0,33,0.718428
0,34,0.722725
0,35,0.725617
0,36,0.726828
0,37,0.726261
0,38,0.724003
0,39,0.720297
0,40,0.715536
0,41,0.710212
0,42,0.704846
0,43,0.699913
0,44,0.695796
0,45,0.69272
0,46,0.690775
0,47,0.689924
0,48,0.690071
0,49,0.691076
0,50,0.692801
0,51,0.695091
0,52,0.697759
0,53,0.700564
0,54,0.70321
0,55,0.705378
0,56,0.706762
0,57,0.707149
0,58,0.706476
0,59,0.704846
0,60,0.702523
0,61,0.699873
0,62,0.697299
0,63,0.695164
0,64,0.693769
0,65,0.693316
0,66,0.693935
0,67,0.695671
0,68,0.698479
0,69,0.702204
0,70,0.706578
0,71,0.711233
0,72,0.715759
0,73,0.719756
0,74,0.7229
0,75,0.724972
0,76,0.725878
0,77,0.725639
0,78,0.724393
0,79,0.722379
0,80,0.719925
0,81,0.717397
0,82,0.715139
0,83,0.713374
0,84,0.712146
0,85,0.711299
0,86,0.710506
0,87,0.709367
0,88,0.707518
0,89,0.704746
0,90,0.70105
0,91,0.696681
0,92,0.692099
0,93,0.687895
0,94,0.684672
0,95,0.682923
1,0,0.717527
1,1,0.717426
1,2,0.717244
1,3,0.717021
1,4,0.716822
1,5,0.716713
1,6,0.71674
1,7,0.716878
1,8,0.717011
1,9,0.716932
1,10,0.716397
1,11,0.715186
1,12,0.713194
1,13,0.710494
1,14,0.707342
1,15,0.704119
1,16,0.701241
1,17,0.699027
1,18,0.697607
1,19,0.696879
1,20,0.696555
1,21,0.696264
1,22,0.695695
1,23,0.694722
1,24,0.693478
1,25,0.692323
1,26,0.691754
1,27,0.692253
1,28,0.694143
1,29,0.697496
1,30,0.702101
1,31,0.70751
1,32,0.713135
1,33,0.718355
1,34,0.722613
1,35,0.725482
1,36,0.726696
1,37,0.726168
1,38,0.723987
1,39,0.720395
1,40,0.715776
1,41,0.710604
1,42,0.705384
1,43,0.700572
1,44,0.696538
1,45,0.693504
1,46,0.691564
1,47,0.690692
1,48,0.690805
1,49,0.691772
1,50,0.69346
1,51,0.695711
1,52,0.698335
1,53,0.701089
1,54,0.70368
1,55,0.705797
1,56,0.707145
1,57,0.707522
1,58,0.70687
1,59,0.705285
1,60,0.703023
1,61,0.700437
1,62,0.697914
1,63,0.69581
1,64,0.69442
1,65,0.693946
1,66,0.69452
1,67,0.69619
1,68,0.698917
1,69,0.702551
1,70,0.70683
1,71,0.711397
1,72,0.715845
1,73,0.719782
1,74,0.722884
1,75,0.724931
1,76,0.725825
1,77,0.725578
1,78,0.72432
1,79,0.722281
1,80,0.719781
1,81,0.71718
1,82,0.714826
1,83,0.71295
1,84,0.711617
1,85,0.710693
1,86,0.709878
1,87,0.708791
1,88,0.707082
1,89,0.704535
1,90,0.701139
1,91,0.697114
1,92,0.692886
1,93,0.688999
1,94,0.686018
1,95,0.684399
2,0,0.716475
2,1,0.716473
2,2,0.716477
2,3,0.716506
2,4,0.716596
2,5,0.716777
2,6,0.717064
2,7,0.717412
2,8,0.717692
2,9,0.717702
2,10,0.717212
2,11,0.716024
2,12,0.714055
2,13,0.711392
2,14,0.708298
2,15,0.705148
2,16,0.702342
2,17,0.700176
2,18,0.698762
2,19,0.697983
2,20,0.697551
2,21,0.697107
2,22,0.696361
2,23,0.695215
2,24,0.693824
2,25,0.692561
2,26,0.691926
2,27,0.692392
2,28,0.694265
2,29,0.697597
2,30,0.702166
2,31,0.707515
2,32,0.713057
2,33,0.718186
2,34,0.722361
2,35,0.725177
2,36,0.726388
2,37,0.725921
2,38,0.723874
2,39,0.720485
2,40,0.716119
2,41,0.711226
2,42,0.706272
2,43,0.701686
2,44,0.697812
2,45,0.694865
2,46,0.692944
2,47,0.692044
2,48,0.692103
2,49,0.693007
2,50,0.694628
2,51,0.696808
2,52,0.699348
2,53,0.702002
2,54,0.704485
2,55,0.7065
2,56,0.707775
2,57,0.708125
2,58,0.707501
2,59,0.705992
2,60,0.703833
2,61,0.701353
2,62,0.698914
2,63,0.696855
2,64,0.695464
2,65,0.694942
2,66,0.695426
2,67,0.696973
2,68,0.69955
2,69,0.70302
2,70,0.707132
2,71,0.711543
2,72,0.71586
2,73,0.719697
2,74,0.722736
2,75,0.724753
2,76,0.72564
2,77,0.725397
2,78,0.724138
2,79,0.722074
2,80,0.719508
2,81,0.716793
2,82,0.714278
2,83,0.712214
2,84,0.710698
2,85,0.709641
2,86,0.708788
2,87,0.707797
2,88,0.706341
2,89,0.704203
2,90,0.701348
2,91,0.697948
2,92,0.694359
2,93,0.69105
2,94,0.688506
2,95,0.687124
3,0,0.714922
3,1,0.715056
3,2,0.715314
3,3,0.715685
3,4,0.716162
3,5,0.716733
3,6,0.717368
3,7,0.717994
3,8,0.718469
3,9,0.718597
3,10,0.718169
3,11,0.717014
3,12,0.715079
3,13,0.71247
3,14,0.709456
3,15,0.706403
3,16,0.703688
3,17,0.70158
3,18,0.700162
3,19,0.699305
3,20,0.698724
3,21,0.698077
3,22,0.697107
3,23,0.69575
3,24,0.694189
3,25,0.692813
3,26,0.692117
3,27,0.692558
3,28,0.694417
3,29,0.697722
3,30,0.702229
3,31,0.707476
3,32,0.712885
3,33,0.717865
3,34,0.721905
3,35,0.724626
3,36,0.725811
3,37,0.725407
3,38,0.723518
3,39,0.720379
3,40,0.716333
3,41,0.711795
3,42,0.707189
3,43,0.702904
3,44,0.699253
3,45,0.696439
3,46,0.694569
3,47,0.693656
3,48,0.693663
3,49,0.694496
3,50,0.696035
3,51,0.698117
3,52,0.700537
3,53,0.703048
3,54,0.705372
3,55,0.707238
3,56,0.708401
3,57,0.708701
3,58,0.708096
3,59,0.706668
3,60,0.704624
3,61,0.702259
3,62,0.699907
3,63,0.697884
3,64,0.69647
3,65,0.695867
3,66,0.696222
3,67,0.6976
3,68,0.699982
3,69,0.703242
3,70,0.707149
3,71,0.711373
3,72,0.715538
3,73,0.719271
3,74,0.722256
3,75,0.724267
3,76,0.725185
3,77,0.724992
3,78,0.723777
3,79,0.721727
3,80,0.719125
3,81,0.716307
3,82,0.713626
3,83,0.711353
3,84,0.709627
3,85,0.708415
3,86,0.707521
3,87,0.706655
3,88,0.705518
3,89,0.703895
3,90,0.701721
3,91,0.699109
3,92,0.69633
3,93,0.693752
3,94,0.691763
3,95,0.69068
4,0,0.71295
4,1,0.713239
4,2,0.713789
4,3,0.71455
4,4,0.715466
4,5,0.716473
4,6,0.717495
4,7,0.718424
4,8,0.719108
4,9,0.71936
4,10,0.718995
4,11,0.717877
4,12,0.715984
4,13,0.713443
4,14,0.710528
4,15,0.70759
4,16,0.704979
4,17,0.702932
4,18,0.701504
4,19,0.700554
4,20,0.699803
4,21,0.698938
4,22,0.697739
4,23,0.69618
4,24,0.694473
4,25,0.693015
4,26,0.692292
4,27,0.692733
4,28,0.694586
4,29,0.697847
4,30,0.702255
4,31,0.707345
4,32,0.712553
4,33,0.717316
4,34,0.721154
4,35,0.723726
4,36,0.724843
4,37,0.724473
4,38,0.722731
4,39,0.719842
4,40,0.71613
4,41,0.711972
4,42,0.707752
4,43,0.703813
4,44,0.700437
4,45,0.697808
4,46,0.696035
4,47,0.695148
4,48,0.695129
4,49,0.695902
4,50,0.697352
4,51,0.699316
4,52,0.701582
4,53,0.703907
4,54,0.70603
4,55,0.707705
4,56,0.708721
4,57,0.708942
4,58,0.708335
4,59,0.706969
4,60,0.705024
4,61,0.702757
4,62,0.700468
4,63,0.698453
4,64,0.696984
4,65,0.696269
4,66,0.696464
4,67,0.697648
4,68,0.699814
4,69,0.702852
4,70,0.706544
4,71,0.710582
4,72,0.714606
4,73,0.718257
4,74,0.721225
4,75,0.72328
4,76,0.724292
4,77,0.724222
4,78,0.723132
4,79,0.721181
4,80,0.718622
4,81,0.715775
4,82,0.712988
4,83,0.710554
4,84,0.708654
4,85,0.707311
4,86,0.706393
4,87,0.705663
4,88,0.704856
4,89,0.703764
4,90,0.702292
4,91,0.700491
4,92,0.698546
4,93,0.696723
4,94,0.695307
4,95,0.694533
5,0,0.710709
5,1,0.711157
5,2,0.712001
5,3,0.713152
5,4,0.714502
5,5,0.715932
5,6,0.717318
5,7,0.718524
5,8,0.719387
5,9,0.719734
5,10,0.719411
5,11,0.718318
5,12,0.716466
5,13,0.714003
5,14,0.711203
5,15,0.7084
5,16,0.70591
5,17,0.703937
5,18,0.702508
5,19,0.701474
5,20,0.70057
5,21,0.699514
5,22,0.698128
5,23,0.696422
5,24,0.694632
5,25,0.693155
5,26,0.692453
5,27,0.69292
5,28,0.694765
5,29,0.697952
5,30,0.702205
5,31,0.707063
5,32,0.711986
5,33,0.716446
5,34,0.720006
5,35,0.72236
5,36,0.72335
5,37,0.722965
5,38,0.721325
5,39,0.718651
5,40,0.715246
5,41,0.711455
5,42,0.707624
5,43,0.704056
5,44,0.700997
5,45,0.69861
5,46,0.696998
5,47,0.696193
5,48,0.696189
5,49,0.696921
5,50,0.698278
5,51,0.700098
5,52,0.702174
5,53,0.704273
5,54,0.706156
5,55,0.707609
5,56,0.708451
5,57,0.70857
5,58,0.70794
5,59,0.706612
5,60,0.704737
5,61,0.702536
5,62,0.700278
5,63,0.698242
5,64,0.696691
5,65,0.695844
5,66,0.695866
5,67,0.69685
5,68,0.698801
5,69,0.701621
5,70,0.705111
5,71,0.708978
5,72,0.712883
5,73,0.716481
5,74,0.719473
5,75,0.72163
5,76,0.722807
5,77,0.722948
5,78,0.722087
5,79,0.720348
5,80,0.717956
5,81,0.715205
5,82,0.712435
5,83,0.709953
5,84,0.707972
5,85,0.706565
5,86,0.705658
5,87,0.705065
5,88,0.704553
5,89,0.703921
5,90,0.703053
5,91,0.701952
5,92,0.700728
5,93,0.699557
5,94,0.698637
5,95,0.698131
6,0,0.708431
6,1,0.709021
6,2,0.710127
6,3,0.711619
6,4,0.713339
6,5,0.715115
6,6,0.716782
6,7,0.718178
6,8,0.719138
6,9,0.719509
6,10,0.719173
6,11,0.718069
6,12,0.716244
6,13,0.713863
6,14,0.711197
6,15,0.708558
6,16,0.706224
6,17,0.704362
6,18,0.702975
6,19,0.701909
6,20,0.700914
6,21,0.699743
6,22,0.698257
6,23,0.696498
6,24,0.694714
6,25,0.69329
6,26,0.692655
6,27,0.69316
6,28,0.694972
6,29,0.698027
6,30,0.702042
6,31,0.706572
6,32,0.71111
6,33,0.715173
6,34,0.718366
6,35,0.720424
6,36,0.721217
6,37,0.720752
6,38,0.719153
6,39,0.716638
6,40,0.713492
6,41,0.710037
6,42,0.706583
6,43,0.703401
6,44,0.700701
6,45,0.698619
6,46,0.697237
6,47,0.69658
6,48,0.696638
6,49,0.697347
6,50,0.698601
6,51,0.700247
6,52,0.702092
6,53,0.703926
6,54,0.70554
6,55,0.706751
6,56,0.707412
6,57,0.707424
6,58,0.706761
6,59,0.705457
6,60,0.703632
6,61,0.701475
6,62,0.699229
6,63,0.697155
6,64,0.695518
6,65,0.69454
6,66,0.694397
6,67,0.695193
6,68,0.696941
6,69,0.699555
6,70,0.70285
6,71,0.706553
6,72,0.710344
6,73,0.713903
6,74,0.716941
6,75,0.719235
6,76,0.720634
6,77,0.721063
6,78,0.720528
6,79,0.719124
6,80,0.717038
6,81,0.714538
6,82,0.711949
6,83,0.709574
6,84,0.707649
6,85,0.706282
6,86,0.705439
6,87,0.704974
6,88,0.704684
6,89,0.70438
6,90,0.703934
6,91,0.703317
6,92,0.702591
6,93,0.701872
6,94,0.701295
6,95,0.700975
7,0,0.706389
7,1,0.707089
7,2,0.708393
7,3,0.710136
7,4,0.71211
7,5,0.7141
7,6,0.715907
7,7,0.717352
7,8,0.718279
7,9,0.718562
7,10,0.718124
7,11,0.716951
7,12,0.715123
7,13,0.712826
7,14,0.710319
7,15,0.707888
7,16,0.705771
7,17,0.704094
7,18,0.702834
7,19,0.701832
7,20,0.700854
7,21,0.699685
7,22,0.698219
7,23,0.696521
7,24,0.694836
7,25,0.693528
7,26,0.692986
7,27,0.693513
7,28,0.695238
7,29,0.698076
7,30,0.701749
7,31,0.705839
7,32,0.709884
7,33,0.713449
7,34,0.716187
7,35,0.717869
7,36,0.718394
7,37,0.717782
7,38,0.716162
7,39,0.713747
7,40,0.710813
7,41,0.707661
7,42,0.704576
7,43,0.701796
7,44,0.699499
7,45,0.697786
7,46,0.696708
7,47,0.696263
7,48,0.696425
7,49,0.697124
7,50,0.698259
7,51,0.699694
7,52,0.701265
7,53,0.7028
7,54,0.704127
7,55,0.7051
7,56,0.705593
7,57,0.705517
7,58,0.704837
7,59,0.703566
7,60,0.701795
7,61,0.699684
7,62,0.697456
7,63,0.69536
7,64,0.693658
7,65,0.692575
7,66,0.692295
7,67,0.692924
7,68,0.694481
7,69,0.696888
7,70,0.699973
7,71,0.703487
7,72,0.707137
7,73,0.710627
7,74,0.713692
7,75,0.716119
7,76,0.717756
7,77,0.718514
7,78,0.718377
7,79,0.717406
7,80,0.715756
7,81,0.713661
7,82,0.71142
7,83,0.709326
7,84,0.707613
7,85,0.706404
7,86,0.705688
7,87,0.705343
7,88,0.705189
7,89,0.705048
7,90,0.704798
7,91,0.7044
7,92,0.703897
7,93,0.703379
7,94,0.702956
7,95,0.702719
8,0,0.704839
8,1,0.705605
8,2,0.707024
8,3,0.708896
8,4,0.710975
8,5,0.713009
8,6,0.714778
8,7,0.716096
8,8,0.716826
8,9,0.71688
8,10,0.716229
8,11,0.714911
8,12,0.713044
8,13,0.710829
8,14,0.708515
8,15,0.706355
8,16,0.704539
8,17,0.703151
8,18,0.702136
8,19,0.701329
8,20,0.700507
8,21,0.699482
8,22,0.698169
8,23,0.696642
8,24,0.695137
8,25,0.693986
8,26,0.693533
8,27,0.694037
8,28,0.695596
8,29,0.698116
8,30,0.701336
8,31,0.704876
8,32,0.708325
8,33,0.7113
8,34,0.713502
8,35,0.714738
8,36,0.714932
8,37,0.714115
8,38,0.712422
8,39,0.710063
8,40,0.707307
8,41,0.704439
8,42,0.701723
8,43,0.69937
8,44,0.697522
8,45,0.696238
8,46,0.695528
8,47,0.695352
8,48,0.695653
8,49,0.696349
8,50,0.697348
8,51,0.698539
8,52,0.699804
8,53,0.701018
8,54,0.702061
8,55,0.702817
8,56,0.70318
8,57,0.703061
8,58,0.702405
8,59,0.701202
8,60,0.699516
8,61,0.697483
8,62,0.695309
8,63,0.693233
8,64,0.691513
8,65,0.690373
8,66,0.689993
8,67,0.690476
8,68,0.691842
8,69,0.694019
8,70,0.696851
8,71,0.700114
8,72,0.70355
8,73,0.706897
8,74,0.70992
8,75,0.712423
8,76,0.714262
8,77,0.715339
8,78,0.715618
8,79,0.715134
8,80,0.714008
8,81,0.712439
8,82,0.710693
8,83,0.709034
8,84,0.707679
8,85,0.706743
8,86,0.706215
8,87,0.705983
8,88,0.705881
8,89,0.705746
8,90,0.705471
8,91,0.70503
8,92,0.704478
8,93,0.703916
8,94,0.703459
8,95,0.703204
9,0,0.703957
9,1,0.704742
9,2,0.706183
9,3,0.708053
9,4,0.710076
9,5,0.711976
9,6,0.713517
9,7,0.714523
9,8,0.714886
9,9,0.714565
9,10,0.713589
9,11,0.71205
9,12,0.710108
9,13,0.707979
9,14,0.705897
9,15,0.704077
9,16,0.702657
9,17,0.701672
9,18,0.701033
9,19,0.700562
9,20,0.700041
9,21,0.699296
9,22,0.698256
9,23,0.696994
9,24,0.695724
9,25,0.694743
9,26,0.694353
9,27,0.694772
9,28,0.696079
9,29,0.698184
9,30,0.700854
9,31,0.703755
9,32,0.706529
9,33,0.708848
9,34,0.710457
9,35,0.711196
9,36,0.711011
9,37,0.709949
9,38,0.708148
9,39,0.70582
9,40,0.703225
9,41,0.700638
9,42,0.698302
9,43,0.696401
9,44,0.695038
9,45,0.69423
9,46,0.693936
9,47,0.694068
9,48,0.694534
9,49,0.695235
9,50,0.696087
9,51,0.697019
9,52,0.697966
9,53,0.698865
9,54,0.699647
9,55,0.700232
9,56,0.700524
9,57,0.700422
9,58,0.69985
9,59,0.698769
9,60,0.697219
9,61,0.695315
9,62,0.693248
9,63,0.691251
9,64,0.689572
9,65,0.688425
9,66,0.68798
9,67,0.68833
9,68,0.689489
9,69,0.691391
9,70,0.693898
9,71,0.696821
9,72,0.699938
9,73,0.703032
9,74,0.705902
9,75,0.70838
9,76,0.710331
9,77,0.71166
9,78,0.712315
9,79,0.712309
9,80,0.711735
9,81,0.710758
9,82,0.709601
9,83,0.70849
9,84,0.707607
9,85,0.707035
9,86,0.706748
9,87,0.706628
9,88,0.706515
9,89,0.706262
9,90,0.705789
9,91,0.705103
9,92,0.704293
9,93,0.703497
9,94,0.702863
9,95,0.702512
10,0,0.703787
10,1,0.704546
10,2,0.705923
10,3,0.707671
10,4,0.709493
10,5,0.711098
10,6,0.712248
10,7,0.712786
10,8,0.712641
10,9,0.711827
10,10,0.710437
10,11,0.708624
10,12,0.706585
10,13,0.704552
10,14,0.702741
10,15,0.701322
10,16,0.700379
10,17,0.699893
10,18,0.699738
10,19,0.699716
10,20,0.699609
10,21,0.699248
10,22,0.698567
10,23,0.697628
10,24,0.69662
10,25,0.695803
10,26,0.695438
10,27,0.695716
10,28,0.696705
10,29,0.69833
10,30,0.700392
10,31,0.702609
10,32,0.704676
10,33,0.706313
10,34,0.707307
10,35,0.707528
10,36,0.706944
10,37,0.705616
10,38,0.703691
10,39,0.701384
10,40,0.698948
10,41,0.696645
10,42,0.694698
10,43,0.693262
10,44,0.692402
10,45,0.692091
10,46,0.692236
10,47,0.692697
10,48,0.693343
10,49,0.694059
10,50,0.694775
10,51,0.695462
10,52,0.696113
10,53,0.696735
10,54,0.697309
10,55,0.697787
10,56,0.698074
10,57,0.698056
10,58,0.697629
10,59,0.696723
10,60,0.695356
10,61,0.693629
10,62,0.691721
10,63,0.689855
10,64,0.688266
10,65,0.687152
10,66,0.686663
10,67,0.686877
10,68,0.687801
10,69,0.689373
10,70,0.69148
10,71,0.693966
10,72,0.696656
10,73,0.699377
10,74,0.701969
10,75,0.704291
10,76,0.706229
10,77,0.70769
10,78,0.708621
10,79,0.709021
10,80,0.70896
10,81,0.708569
10,82,0.708033
10,83,0.707525
10,84,0.707178
10,85,0.70703
10,86,0.707021
10,87,0.707018
10,88,0.706861
10,89,0.706424
10,90,0.70566
10,91,0.704618
10,92,0.70344
10,93,0.702311
10,94,0.701426
10,95,0.70094
11,0,0.704231
11,1,0.704929
11,2,0.706175
11,3,0.70771
11,4,0.709225
11,5,0.710422
11,6,0.711072
11,7,0.711044
11,8,0.710311
11,9,0.708946
11,10,0.707106
11,11,0.705003
11,12,0.702872
11,13,0.700952
11,14,0.699438
11,15,0.698455
11,16,0.698028
11,17,0.698086
11,18,0.698464
11,19,0.698943
11,20,0.699303
11,21,0.699375
11,22,0.69909
11,23,0.698495
11,24,0.697753
11,25,0.697086
11,26,0.696723
11,27,0.696832
11,28,0.697481
11,29,0.698614
11,30,0.700073
11,31,0.701623
11,32,0.703007
11,33,0.703988
11,34,0.704389
11,35,0.704106
11,36,0.70313
11,37,0.70154
11,38,0.699493
11,39,0.697206
11,40,0.694929
11,41,0.692907
11,42,0.691342
11,43,0.690358
11,44,0.689987
11,45,0.690157
11,46,0.690727
11,47,0.691513
11,48,0.692346
11,49,0.693097
11,50,0.693712
11,51,0.694202
11,52,0.694622
11,53,0.69504
11,54,0.695485
11,55,0.69593
11,56,0.696282
11,57,0.696403
11,58,0.696161
11,59,0.695462
11,60,0.694305
11,61,0.692778
11,62,0.691053
11,63,0.689342
11,64,0.687863
11,65,0.686793
11,66,0.68626
11,67,0.686322
11,68,0.686978
11,69,0.688177
11,70,0.689827
11,71,0.69181
11,72,0.693992
11,73,0.696246
11,74,0.698448
11,75,0.700485
11,76,0.702266
11,77,0.703709
11,78,0.704769
11,79,0.705444
11,80,0.705792
11,81,0.705919
11,82,0.705965
11,83,0.706053
11,84,0.706253
11,85,0.706549
11,86,0.70684
11,87,0.706968
11,88,0.706775
11,89,0.706155
11,90,0.705099
11,91,0.703704
11,92,0.702163
11,93,0.70071
11,94,0.699583
11,95,0.698967
12,0,0.705073
12,1,0.705687
12,2,0.706761
12,3,0.708034
12,4,0.709188
12,5,0.709931
12,6,0.71005
12,7,0.709441
12,8,0.708125
12,9,0.706229
12,10,0.703972
12,11,0.701613
12,12,0.699421
12,13,0.697635
12,14,0.696425
12,15,0.695867
12,16,0.695934
12,17,0.696507
12,18,0.697385
12,19,0.698338
12,20,0.69914
12,21,0.699626
12,22,0.699723
12,23,0.699462
12,24,0.698977
12,25,0.698458
12,26,0.698102
12,27,0.69806
12,28,0.698403
12,29,0.6991
12,30,0.700025
12,31,0.700988
12,32,0.701774
12,33,0.702178
12,34,0.702053
12,35,0.701318
12,36,0.699989
12,37,0.698161
12,38,0.696006
12,39,0.693745
12,40,0.69162
12,41,0.689859
12,42,0.688642
12,43,0.688064
12,44,0.688124
12,45,0.688719
12,46,0.689667
12,47,0.690747
12,48,0.691763
12,49,0.692577
12,50,0.693148
12,51,0.693524
12,52,0.693812
12,53,0.694129
12,54,0.694538
12,55,0.695028
12,56,0.695497
12,57,0.695786
12,58,0.695738
12,59,0.69524
12,60,0.694279
12,61,0.692936
12,62,0.691379
12,63,0.689807
12,64,0.688421
12,65,0.687376
12,66,0.686774
12,67,0.686659
12,68,0.687027
12,69,0.687835
12,70,0.689017
12,71,0.690485
12,72,0.69214
12,73,0.693887
12,74,0.695628
12,75,0.697278
12,76,0.698764
12,77,0.70003
12,78,0.701046
12,79,0.701826
12,80,0.702428
12,81,0.702944
12,82,0.703478
12,83,0.704096
12,84,0.704808
12,85,0.705536
12,86,0.706132
12,87,0.706417
12,88,0.706232
12,89,0.705498
12,90,0.704242
12,91,0.702603
12,92,0.700816
12,93,0.69915
12,94,0.697867
12,95,0.69717
13,0,0.70604
13,1,0.706561
13,2,0.707453
13,3,0.708453
13,4,0.709251
13,5,0.709566
13,6,0.709202
13,7,0.708086
13,8,0.706278
13,9,0.703953
13,10,0.701376
13,11,0.698844
13,12,0.696644
13,13,0.695008
13,14,0.694077
13,15,0.693883
13,16,0.694354
13,17,0.695331
13,18,0.696596
13,19,0.697913
13,20,0.699063
13,21,0.699889
13,22,0.700314
13,23,0.700358
13,24,0.700124
13,25,0.699769
13,26,0.699461
13,27,0.699336
13,28,0.699465
13,29,0.699836
13,30,0.700356
13,31,0.700868
13,32,0.701187
13,33,0.701137
13,34,0.700591
13,35,0.699491
13,36,0.697874
13,37,0.695855
13,38,0.693619
13,39,0.69139
13,40,0.689401
13,41,0.687861
13,42,0.686928
13,43,0.686672
13,44,0.687068
13,45,0.68799
13,46,0.689232
13,47,0.690553
13,48,0.691738
13,49,0.692647
13,50,0.693248
13,51,0.693617
13,52,0.693894
13,53,0.694225
13,54,0.694694
13,55,0.69529
13,56,0.695902
13,57,0.696351
13,58,0.696464
13,59,0.696119
13,60,0.695299
13,61,0.694086
13,62,0.692641
13,63,0.691155
13,64,0.68981
13,65,0.68874
13,66,0.688031
13,67,0.687715
13,68,0.687794
13,69,0.688237
13,70,0.688999
13,71,0.69001
13,72,0.691193
13,73,0.692463
13,74,0.693736
13,75,0.69494
13,76,0.696025
13,77,0.696963
13,78,0.697758
13,79,0.698453
13,80,0.699125
13,81,0.699863
13,82,0.700741
13,83,0.701779
13,84,0.702924
13,85,0.704039
13,86,0.704933
13,87,0.705407
13,88,0.705308
13,89,0.704581
13,90,0.703289
13,91,0.701601
13,92,0.699772
13,93,0.698081
13,94,0.696788
13,95,0.696088
14,0,0.706868
14,1,0.707301
14,2,0.70802
14,3,0.708776
14,4,0.709271
14,5,0.70924
14,6,0.708509
14,7,0.707029
14,8,0.704889
14,9,0.702298
14,10,0.699548
14,11,0.696955
14,12,0.694809
14,13,0.693328
14,14,0.692621
14,15,0.692683
14,16,0.693409
14,17,0.694622
14,18,0.696098
14,19,0.697616
14,20,0.698974
14,21,0.700032
14,22,0.700717
14,23,0.701032
14,24,0.701053
14,25,0.700903
14,26,0.700718
14,27,0.700612
14,28,0.700657
14,29,0.700853
14,30,0.701129
14,31,0.701354
14,32,0.701368
14,33,0.701011
14,34,0.700176
14,35,0.698822
14,36,0.697006
14,37,0.694861
14,38,0.692581
14,39,0.690392
14,40,0.688514
14,41,0.687139
14,42,0.6864
14,43,0.686351
14,44,0.686954
14,45,0.688074
14,46,0.689502
14,47,0.690991
14,48,0.692323
14,49,0.693357
14,50,0.69407
14,51,0.694545
14,52,0.694934
14,53,0.695392
14,54,0.695999
14,55,0.696737
14,56,0.697482
14,57,0.698046
14,58,0.698251
14,59,0.697977
14,60,0.697214
14,61,0.696046
14,62,0.694633
14,63,0.693156
14,64,0.691779
14,65,0.69062
14,66,0.689759
14,67,0.689229
14,68,0.689045
14,69,0.689191
14,70,0.689636
14,71,0.690317
14,72,0.691149
14,73,0.692042
14,74,0.692899
14,75,0.693652
14,76,0.69427
14,77,0.694759
14,78,0.695171
14,79,0.695596
14,80,0.696144
14,81,0.696916
14,82,0.69797
14,83,0.699284
14,84,0.700753
14,85,0.702186
14,86,0.703358
14,87,0.704055
14,88,0.704135
14,89,0.703568
14,90,0.702443
14,91,0.700946
14,92,0.699326
14,93,0.69784
14,94,0.696712
14,95,0.696106
15,0,0.70736
15,1,0.707715
15,2,0.708289
15,3,0.70885
15,4,0.709123
15,5,0.708865
15,6,0.707919
15,7,0.706255
15,8,0.703978
15,9,0.701308
15,10,0.698547
15,11,0.696009
15,12,0.693972
15,13,0.692632
15,14,0.692068
15,15,0.69225
15,16,0.693054
15,17,0.694305
15,18,0.695797
15,19,0.697338
15,20,0.698759
15,21,0.699942
15,22,0.700822
15,23,0.701389
15,24,0.701687
15,25,0.701801
15,26,0.70183
15,27,0.701865
15,28,0.701969
15,29,0.702149
15,30,0.702348
15,31,0.702455
15,32,0.702325
15,33,0.701815
15,34,0.70083
15,35,0.699345
15,36,0.697433
15,37,0.695239
15,38,0.692963
15,39,0.690825
15,40,0.689031
15,41,0.687752
15,42,0.687102
15,43,0.687128
15,44,0.68779
15,45,0.688966
15,46,0.690457
15,47,0.692033
15,48,0.693483
15,49,0.69467
15,50,0.695569
15,51,0.696254
15,52,0.696864
15,53,0.697534
15,54,0.698326
15,55,0.699206
15,56,0.700041
15,57,0.700643
15,58,0.700844
15,59,0.700543
15,60,0.699742
15,61,0.698532
15,62,0.69707
15,63,0.695522
15,64,0.694041
15,65,0.692735
15,66,0.691686
15,67,0.690946
15,68,0.690548
15,69,0.690498
15,70,0.69077
15,71,0.691288
15,72,0.691941
15,73,0.692601
15,74,0.693142
15,75,0.693486
15,76,0.693615
15,77,0.693575
15,78,0.693476
15,79,0.693469
15,80,0.693712
15,81,0.694331
15,82,0.695381
15,83,0.696811
15,84,0.698472
15,85,0.700133
15,86,0.701545
15,87,0.702488
15,88,0.702836
15,89,0.702581
15,90,0.70183
15,91,0.700765
15,92,0.699604
15,93,0.698548
15,94,0.697759
15,95,0.697339
16,0,0.70742
16,1,0.70771
16,2,0.708171
16,3,0.708593
16,4,0.708731
16,5,0.708366
16,6,0.707359
16,7,0.705688
16,8,0.703457
16,9,0.700881
16,10,0.698248
16,11,0.695857
16,12,0.693959
16,13,0.692725
16,14,0.69221
16,15,0.69237
16,16,0.693083
16,17,0.694191
16,18,0.695526
16,19,0.69694
16,20,0.698307
16,21,0.699537
16,22,0.700574
16,23,0.701393
16,24,0.702004
16,25,0.70245
16,26,0.702788
16,27,0.703081
16,28,0.703377
16,29,0.703683
16,30,0.703954
16,31,0.70409
16,32,0.70396
16,33,0.703434
16,34,0.70243
16,35,0.700935
16,36,0.699033
16,37,0.696875
16,38,0.694657
16,39,0.692587
16,40,0.690849
16,41,0.689594
16,42,0.688925
16,43,0.688886
16,44,0.689457
16,45,0.690542
16,46,0.691975
16,47,0.693554
16,48,0.69509
16,49,0.696449
16,50,0.697592
16,51,0.698568
16,52,0.699475
16,53,0.70041
16,54,0.701399
16,55,0.702387
16,56,0.70324
16,57,0.703787
16,58,0.703886
16,59,0.703465
16,60,0.702546
16,61,0.701227
16,62,0.699655
16,63,0.697982
16,64,0.696345
16,65,0.694852
16,66,0.6936
16,67,0.692668
16,68,0.692123
16,69,0.69199
16,70,0.692242
16,71,0.692774
16,72,0.693426
16,73,0.694011
16,74,0.694357
16,75,0.694363
16,76,0.694021
16,77,0.693419
16,78,0.692729
16,79,0.692171
16,80,0.691961
16,81,0.692262
16,82,0.693136
16,83,0.694518
16,84,0.696231
16,85,0.698017
16,86,0.699612
16,87,0.700803
16,88,0.701481
16,89,0.701659
16,90,0.70145
16,91,0.701012
16,92,0.700511
16,93,0.700069
16,94,0.699755
16,95,0.699595
17,0,0.707054
17,1,0.707292
17,2,0.707665
17,3,0.707995
17,4,0.708068
17,5,0.707693
17,6,0.706743
17,7,0.705197
17,8,0.703146
17,9,0.700783
17,10,0.698368
17,11,0.696168
17,12,0.694407
17,13,0.693229
17,14,0.692673
17,15,0.692694
17,16,0.693186
17,17,0.694026
17,18,0.695093
17,19,0.696291
17,20,0.697542
17,21,0.698787
17,22,0.699975
17,23,0.701065
17,24,0.702032
17,25,0.702871
17,26,0.703598
17,27,0.704244
17,28,0.704836
17,29,0.70538
17,30,0.705835
17,31,0.706111
17,32,0.706093
17,33,0.705661
17,34,0.704748
17,35,0.70335
17,36,0.701559
17,37,0.699519
17,38,0.697415
17,39,0.69543
17,40,0.693723
17,41,0.692426
17,42,0.691633
17,43,0.691402
17,44,0.691742
17,45,0.692601
17,46,0.693864
17,47,0.695371
17,48,0.696958
17,49,0.698496
17,50,0.69992
17,51,0.701233
17,52,0.702477
17,53,0.703688
17,54,0.70485
17,55,0.705887
17,56,0.706675
17,57,0.707076
17,58,0.706987
17,59,0.706378
17,60,0.705295
17,61,0.703835
17,62,0.702132
17,63,0.700314
17,64,0.698504
17,65,0.696814
17,66,0.695366
17,67,0.694279
17,68,0.693657
17,69,0.693547
17,70,0.693912
17,71,0.694606
17,72,0.695404
17,73,0.696051
17,74,0.696316
17,75,0.696066
17,76,0.6953
17,77,0.694145
17,78,0.692835
17,79,0.69166
17,80,0.690898
17,81,0.690755
17,82,0.691309
17,83,0.692495
17,84,0.694123
17,85,0.695921
17,86,0.697627
17,87,0.699039
17,88,0.700068
17,89,0.700744
17,90,0.701172
17,91,0.701478
17,92,0.701757
17,93,0.702033
17,94,0.702274
17,95,0.702416
18,0,0.706359
18,1,0.706551
18,2,0.706853
18,3,0.707117
18,4,0.707165
18,5,0.706832
18,6,0.706003
18,7,0.704649
18,8,0.702839
18,9,0.700734
18,10,0.698558
18,11,0.696544
18,12,0.694885
18,13,0.693705
18,14,0.693038
18,15,0.692846
18,16,0.69305
18,17,0.69357
18,18,0.694335
18,19,0.695302
18,20,0.696437
18,21,0.697707
18,22,0.699067
18,23,0.700457
18,24,0.701815
18,25,0.703093
18,26,0.704264
18,27,0.705325
18,28,0.706283
18,29,0.707136
18,30,0.707847
18,31,0.708337
18,32,0.708502
18,33,0.70824
18,34,0.707498
18,35,0.706282
18,36,0.704681
18,37,0.70283
18,38,0.700886
18,39,0.699001
18,40,0.697305
18,41,0.695907
18,42,0.694902
18,43,0.694371
18,44,0.694364
18,45,0.694889
18,46,0.695891
18,47,0.697262
18,48,0.698866
18,49,0.700573
18,50,0.702287
18,51,0.70395
18,52,0.705531
18,53,0.706998
18,54,0.708286
18,55,0.709305
18,56,0.709951
18,57,0.710133
18,58,0.709802
18,59,0.708975
18,60,0.707719
18,61,0.706127
18,62,0.704309
18,63,0.702365
18,64,0.7004
18,65,0.698535
18,66,0.696923
18,67,0.695726
18,68,0.695091
18,69,0.695082
18,70,0.695648
18,71,0.696597
18,72,0.697635
18,73,0.69843
18,74,0.698694
18,75,0.698262
18,76,0.697135
18,77,0.695473
18,78,0.693567
18,79,0.691767
18,80,0.69041
18,81,0.689745
18,82,0.689875
18,83,0.690746
18,84,0.692166
18,85,0.693869
18,86,0.695601
18,87,0.697178
18,88,0.698531
18,89,0.699699
18,90,0.700776
18,91,0.701843
18,92,0.702916
18,93,0.703923
18,94,0.704725
18,95,0.705173
19,0,0.705501
19,1,0.70565
19,2,0.705883
19,3,0.706086
19,4,0.706115
19,5,0.705829
19,6,0.70512
19,7,0.703951
19,8,0.702365
19,9,0.700489
19,10,0.698509
19,11,0.696627
19,12,0.695013
19,13,0.693777
19,14,0.692956
19,15,0.692529
19,16,0.692448
19,17,0.692671
19,18,0.693174
19,19,0.693957
19,20,0.695022
19,21,0.696358
19,22,0.69792
19,23,0.699632
19,24,0.701399
19,25,0.703133
19,26,0.70477
19,27,0.706271
19,28,0.707627
19,29,0.708823
19,30,0.709823
19,31,0.710559
19,32,0.710945
19,33,0.710893
19,34,0.710369
19,35,0.709388
19,36,0.708034
19,37,0.706419
19,38,0.704668
19,39,0.702892
19,40,0.701187
19,41,0.699646
19,42,0.698366
19,43,0.697459
19,44,0.697029
19,45,0.697148
19,46,0.697827
19,47,0.699013
19,48,0.7006
19,49,0.702454
19,50,0.70444
19,51,0.706432
19,52,0.70832
19,53,0.709999
19,54,0.711357
19,55,0.7123
19,56,0.71275
19,57,0.712673
19,58,0.712083
19,59,0.711045
19,60,0.709642
19,61,0.707958
19,62,0.70607
19,63,0.704044
19,64,0.70197
19,65,0.699975
19,66,0.698245
19,67,0.696988
19,68,0.696388
19,69,0.696524
19,70,0.697326
19,71,0.698555
19,72,0.699853
19,73,0.700822
19,74,0.70112
19,75,0.700559
19,76,0.699137
19,77,0.697041
19,78,0.694603
19,79,0.692224
19,80,0.690285
19,81,0.689074
19,82,0.688722
19,83,0.689194
19,84,0.690313
19,85,0.691825
19,86,0.693497
19,87,0.695163
19,88,0.696771
19,89,0.698364
19,90,0.700016
19,91,0.701762
19,92,0.703545
19,93,0.705202
19,94,0.706502
19,95,0.707221
20,0,0.704696
20,1,0.704798
20,2,0.704955
20,3,0.705081
20,4,0.705063
20,5,0.704783
20,6,0.704139
20,7,0.703083
20,8,0.701638
20,9,0.6999
20,10,0.698026
20,11,0.696193
20,12,0.694557
20,13,0.693225
20,14,0.692244
20,15,0.691611
20,16,0.691303
20,17,0.691309
20,18,0.69164
20,19,0.692326
20,20,0.693392
20,21,0.694841
20,22,0.696628
20,23,0.698663
20,24,0.700827
20,25,0.703001
20,26,0.705087
20,27,0.70702
20,28,0.708768
20,29,0.710306
20,30,0.711595
20,31,0.712578
20,32,0.713185
20,33,0.71335
20,34,0.713059
20,35,0.712335
20,36,0.71125
20,37,0.709892
20,38,0.708346
20,39,0.70668
20,40,0.704955
20,41,0.703247
20,42,0.701665
20,43,0.700353
20,44,0.699472
20,45,0.699157
20,46,0.699488
20,47,0.700463
20,48,0.702003
20,49,0.703967
20,50,0.706181
20,51,0.708453
20,52,0.710595
20,53,0.712432
20,54,0.713814
20,55,0.714642
20,56,0.714875
20,57,0.714538
20,58,0.713708
20,59,0.712493
20,60,0.710991
20,61,0.709267
20,62,0.707363
20,63,0.705311
20,64,0.703183
20,65,0.701115
20,66,0.699323
20,67,0.698053
20,68,0.697518
20,69,0.697806
20,70,0.698828
20,71,0.700302
20,72,0.701817
20,73,0.702926
20,74,0.70325
20,75,0.702583
20,76,0.700925
20,77,0.698479
20,78,0.695604
20,79,0.692727
20,80,0.690264
20,81,0.68853
20,82,0.687683
20,83,0.687714
20,84,0.688468
20,85,0.689718
20,86,0.691252
20,87,0.692924
20,88,0.694693
20,89,0.696597
20,90,0.698689
20,91,0.700958
20,92,0.703287
20,93,0.705442
20,94,0.707121
20,95,0.708044
21,0,0.70418
21,1,0.704229
21,2,0.704293
21,3,0.704313
21,4,0.704199
21,5,0.703851
21,6,0.703176
21,7,0.702121
21,8,0.700691
21,9,0.698966
21,10,0.697083
21,11,0.695207
21,12,0.69349
21,13,0.692043
21,14,0.690924
21,15,0.690146
21,16,0.689703
21,17,0.689603
21,18,0.68987
21,19,0.690552
21,20,0.691685
21,21,0.693279
21,22,0.695291
21,23,0.697623
21,24,0.700141
21,25,0.702705
21,26,0.705192
21,27,0.707514
21,28,0.709617
21,29,0.711462
21,30,0.713009
21,31,0.714207
21,32,0.715007
21,33,0.715366
21,34,0.71529
21,35,0.714808
21,36,0.713984
21,37,0.712877
21,38,0.71153
21,39,0.709969
21,40,0.708223
21,41,0.706357
21,42,0.704488
21,43,0.702798
21,44,0.701493
21,45,0.700771
21,46,0.700767
21,47,0.701526
21,48,0.702991
21,49,0.70502
21,50,0.7074
21,51,0.709884
21,52,0.712214
21,53,0.714159
21,54,0.715532
21,55,0.716238
21,56,0.71627
21,57,0.715708
21,58,0.714685
21,59,0.713345
21,60,0.711794
21,61,0.710078
21,62,0.708204
21,63,0.706175
21,64,0.704045
21,65,0.70196
21,66,0.700158
21,67,0.698912
21,68,0.698456
21,69,0.698876
21,70,0.70006
21,71,0.701698
21,72,0.70334
21,73,0.704511
21,74,0.704814
21,75,0.70404
21,76,0.702192
21,77,0.69948
21,78,0.696271
21,79,0.693004
21,80,0.690105
21,81,0.687906
21,82,0.686588
21,83,0.686171
21,84,0.686532
21,85,0.687475
21,86,0.688813
21,87,0.690419
21,88,0.69225
21,89,0.694335
21,90,0.696699
21,91,0.699296
21,92,0.701963
21,93,0.704421
21,94,0.706327
21,95,0.707373
22,0,0.704171
22,1,0.704159
22,2,0.704112
22,3,0.703988
22,4,0.703717
22,5,0.703215
22,6,0.702396
22,7,0.70121
22,8,0.699658
22,9,0.697812
22,10,0.695806
22,11,0.693804
22,12,0.691962
22,13,0.690401
22,14,0.689187
22,15,0.688341
22,16,0.687863
22,17,0.687762
22,18,0.688063
22,19,0.688814
22,20,0.690054
22,21,0.691798
22,22,0.694003
22,23,0.696576
22,24,0.699377
22,25,0.702254
22,26,0.705067
22,27,0.707706
22,28,0.710098
22,29,0.712187
22,30,0.713931
22,31,0.715287
22,32,0.716225
22,33,0.716728
22,34,0.716821
22,35,0.716543
22,36,0.715945
22,37,0.71506
22,38,0.713892
22,39,0.712431
22,40,0.710681
22,41,0.708696
22,42,0.706605
22,43,0.704614
22,44,0.702971
22,45,0.701917
22,46,0.701629
22,47,0.702188
22,48,0.703559
22,49,0.705598
22,50,0.70807
22,51,0.710687
22,52,0.713138
22,53,0.715146
22,54,0.716498
22,55,0.717102
22,56,0.716978
22,57,0.716252
22,58,0.715099
22,59,0.71369
22,60,0.712134
22,61,0.71046
22,62,0.708647
22,63,0.706672
22,64,0.70458
22,65,0.702523
22,66,0.700755
22,67,0.699564
22,68,0.699186
22,69,0.699699
22,70,0.700971
22,71,0.702668
22,72,0.704325
22,73,0.705457
22,74,0.705674
22,75,0.704774
22,76,0.702766
22,77,0.699862
22,78,0.696424
22,79,0.692878
22,80,0.689644
22,81,0.687058
22,82,0.685317
22,83,0.684472
22,84,0.684439
22,85,0.685058
22,86,0.686168
22,87,0.687653
22,88,0.689466
22,89,0.691612
22,90,0.694088
22,91,0.696816
22,92,0.699609
22,93,0.70217
22,94,0.704148
22,95,0.705229
23,0,0.704837
23,1,0.704758
23,2,0.704583
23,3,0.70428
23,4,0.703793
23,5,0.70305
23,6,0.701979
23,7,0.700536
23,8,0.698732
23,9,0.696648
23,10,0.694423
23,11,0.692233
23,12,0.690244
23,13,0.688583
23,14,0.687322
23,15,0.686481
23,16,0.686051
23,17,0.68603
23,18,0.68643
23,19,0.687287
23,20,0.688639
23,21,0.690503
23,22,0.692846
23,23,0.695582
23,24,0.698577
23,25,0.701672
23,26,0.704718
23,27,0.707583
23,28,0.710174
23,29,0.712421
23,30,0.714276
23,31,0.715709
23,32,0.716709
23,33,0.717285
23,34,0.717483
23,35,0.717349
23,36,0.716925
23,37,0.716218
23,38,0.715204
23,39,0.713844
23,40,0.712123
23,41,0.710088
23,42,0.707876
23,43,0.705708
23,44,0.703853
23,45,0.702577
23,46,0.702083
23,47,0.702477
23,48,0.703741
23,49,0.705737
23,50,0.708226
23,51,0.710894
23,52,0.713401
23,53,0.715439
23,54,0.716776
23,55,0.717319
23,56,0.717105
23,57,0.716288
23,58,0.715073
23,59,0.713647
23,60,0.712119
23,61,0.710505
23,62,0.708765
23,63,0.706862
23,64,0.704837
23,65,0.702846
23,66,0.701148
23,67,0.700032
23,68,0.699724
23,69,0.700286
23,70,0.701566
23,71,0.703217
23,72,0.704775
23,73,0.705768
23,74,0.705827
23,75,0.704772
23,76,0.702624
23,77,0.699591
23,78,0.696014
23,79,0.692296
23,80,0.688829
23,81,0.685941
23,82,0.683839
23,83,0.682603
23,84,0.682193
23,85,0.682492
23,86,0.683367
23,87,0.684707
23,88,0.68645
23,89,0.68857
23,90,0.691032
23,91,0.693731
23,92,0.69647
23,93,0.698961
23,94,0.700873
23,95,0.701914
24,0,0.706264
24,1,0.706113
24,2,0.705798
24,3,0.705289
24,4,0.704539
24,5,0.703487
24,6,0.702073
24,7,0.700272
24,8,0.698115
24,9,0.695703
24,10,0.693192
24,11,0.690776
24,12,0.688632
24,13,0.686893
24,14,0.685627
24,15,0.684844
24,16,0.684516
24,17,0.684617
24,18,0.685136
24,19,0.686097
24,20,0.68753
24,21,0.68946
24,22,0.691866
24,23,0.694678
24,24,0.697771
24,25,0.700987
24,26,0.704166
24,27,0.707156
24,28,0.709845
24,29,0.712148
24,30,0.714016
24,31,0.71543
24,32,0.716405
24,33,0.716975
24,34,0.717205
24,35,0.717148
24,36,0.716838
24,37,0.716264
24,38,0.715379
24,39,0.714125
24,40,0.712477
24,41,0.710477
24,42,0.708264
24,43,0.706061
24,44,0.704139
24,45,0.702766
24,46,0.702156
24,47,0.702427
24,48,0.703576
24,49,0.705484
24,50,0.707918
24,51,0.710567
24,52,0.713077
24,53,0.715124
24,54,0.716462
24,55,0.716992
24,56,0.716757
24,57,0.715922
24,58,0.714706
24,59,0.713305
24,60,0.711827
24,61,0.710281
24,62,0.708619
24,63,0.706801
24,64,0.704866
24,65,0.702973
24,66,0.701375
24,67,0.700349
24,68,0.700101
24,69,0.700671
24,70,0.701887
24,71,0.703402
24,72,0.704765
24,73,0.705533
24,74,0.705376
24,75,0.704143
24,76,0.701872
24,77,0.698763
24,78,0.695131
24,79,0.691336
24,80,0.687733
24,81,0.684626
24,82,0.682226
24,83,0.680644
24,84,0.679887
24,85,0.679884
24,86,0.680534
24,87,0.68173
24,88,0.683388
24,89,0.685441
24,90,0.687814
24,91,0.690379
24,92,0.692941
24,93,0.695241
24,94,0.696989
24,95,0.697935
25,0,0.708425
25,1,0.708204
25,2,0.707746
25,3,0.707022
25,4,0.705985
25,5,0.704581
25,6,0.70277
25,7,0.700548
25,8,0.697974
25,9,0.695177
25,10,0.692343
25,11,0.689681
25,12,0.687382
25,13,0.68558
25,14,0.684333
25,15,0.683633
25,16,0.683424
25,17,0.683649
25,18,0.684273
25,19,0.685299
25,20,0.686759
25,21,0.688685
25,22,0.691074
25,23,0.693877
25,24,0.696979
25,25,0.700225
25,26,0.703442
25,27,0.706462
25,28,0.709149
25,29,0.711408
25,30,0.713191
25,31,0.714495
25,32,0.715359
25,33,0.715846
25,34,0.716038
25,35,0.715994
25,36,0.715741
25,37,0.715255
25,38,0.714476
25,39,0.713335
25,40,0.711802
25,41,0.709919
25,42,0.707817
25,43,0.705709
25,44,0.703852
25,45,0.702499
25,46,0.701856
25,47,0.702046
25,48,0.703082
25,49,0.704868
25,50,0.707196
25,51,0.709772
25,52,0.712246
25,53,0.71429
25,54,0.715648
25,55,0.71621
25,56,0.716011
25,57,0.715215
25,58,0.714045
25,59,0.712697
25,60,0.711281
25,61,0.709808
25,62,0.708233
25,63,0.706518
25,64,0.704703
25,65,0.702941
25,66,0.701474
25,67,0.700553
25,68,0.700357
25,69,0.700899
25,70,0.701998
25,71,0.703309
25,72,0.70441
25,73,0.704898
25,74,0.704489
25,75,0.703073
25,76,0.700703
25,77,0.697573
25,78,0.693961
25,79,0.690178
25,80,0.686527
25,81,0.683279
25,82,0.680643
25,83,0.678759
25,84,0.677686
25,85,0.677408
25,86,0.677857
25,87,0.678933
25,88,0.680521
25,89,0.682511
25,90,0.684779
25,91,0.687174
25,92,0.689508
25,93,0.691558
25,94,0.693093
25,95,0.693917
26,0,0.711183
26,1,0.7109
26,2,0.710314
26,3,0.709385
26,4,0.708067
26,5,0.706307
26,6,0.704083
26,7,0.701417
26,8,0.698401
26,9,0.695199
26,10,0.692023
26,11,0.689106
26,12,0.686648
26,13,0.684783
26,14,0.683555
26,15,0.682932
26,16,0.682827
26,17,0.68315
26,18,0.683837
26,19,0.684879
26,20,0.686304
26,21,0.688159
26,22,0.690461
26,23,0.693182
26,24,0.696222
26,25,0.699423
26,26,0.702603
26,27,0.70557
26,28,0.708172
26,29,0.710305
26,30,0.711922
26,31,0.71304
26,32,0.713726
26,33,0.714067
26,34,0.714162
26,35,0.714076
26,36,0.713829
26,37,0.71339
26,38,0.71269
26,39,0.71166
26,40,0.710269
26,41,0.708557
26,42,0.706644
26,43,0.704724
26,44,0.703026
26,45,0.701776
26,46,0.701164
26,47,0.70131
26,48,0.702243
26,49,0.703895
26,50,0.706092
26,51,0.708565
26,52,0.710984
26,53,0.713021
26,54,0.714413
26,55,0.715033
26,56,0.714904
26,57,0.714179
26,58,0.713076
26,59,0.711793
26,60,0.710447
26,61,0.709058
26,62,0.707589
26,63,0.706008
26,64,0.704354
26,65,0.702768
26,66,0.701466
26,67,0.700667
26,68,0.700518
26,69,0.70101
26,70,0.701953
26,71,0.70302
26,72,0.703824
26,73,0.704011
26,74,0.703351
26,75,0.701771
26,76,0.699347
26,77,0.696258
26,78,0.692746
26,79,0.689059
26,80,0.685441
26,81,0.682125
26,82,0.67931
26,83,0.677167
26,84,0.67581
26,85,0.675284
26,86,0.675562
26,87,0.67655
26,88,0.678108
26,89,0.680072
26,90,0.682271
26,91,0.684521
26,92,0.686641
26,93,0.688448
26,94,0.68977
26,95,0.69047
27,0,0.714293
27,1,0.713965
27,2,0.71328
27,3,0.712187
27,4,0.710625
27,5,0.708545
27,6,0.705936
27,7,0.702845
27,8,0.699398
27,9,0.695792
27,10,0.692272
27,11,0.68909
27,12,0.68646
27,13,0.684512
27,14,0.68328
27,15,0.682703
27,16,0.682666
27,17,0.683045
27,18,0.683752
27,19,0.684761
27,20,0.686103
27,21,0.687837
27,22,0.690005
27,23,0.692596
27,24,0.695525
27,25,0.698633
27,26,0.701723
27,27,0.704585
27,28,0.70705
27,29,0.709003
27,30,0.710406
27,31,0.711294
27,32,0.711757
27,33,0.711908
27,34,0.711861
27,35,0.711685
27,36,0.711397
27,37,0.710961
27,38,0.710306
27,39,0.709365
27,40,0.708112
27,41,0.706584
27,42,0.70489
27,43,0.703197
27,44,0.701702
27,45,0.7006
27,46,0.700056
27,47,0.700188
27,48,0.701039
27,49,0.702569
27,50,0.704637
27,51,0.707007
27,52,0.709368
27,53,0.711396
27,54,0.712823
27,55,0.713506
27,56,0.713449
27,57,0.712793
27,58,0.711752
27,59,0.710531
27,60,0.709257
27,61,0.707967
27,62,0.706637
27,63,0.705238
27,64,0.703801
27,65,0.702442
27,66,0.701345
27,67,0.700688
27,68,0.700588
27,69,0.701016
27,70,0.701785
27,71,0.702594
27,72,0.7031
27,73,0.703003
27,74,0.702127
27,75,0.700438
27,76,0.698027
27,77,0.69506
27,78,0.69173
27,79,0.688223
27,80,0.684718
27,81,0.6814
27,82,0.678461
27,83,0.676101
27,84,0.67449
27,85,0.673743
27,86,0.673876
27,87,0.674813
27,88,0.676387
27,89,0.678385
27,90,0.680581
27,91,0.682758
27,92,0.684731
27,93,0.686354
27,94,0.687506
27,95,0.688104
28,0,0.717424
28,1,0.717077
28,2,0.716342
28,3,0.715148
28,4,0.713417
28,5,0.71109
28,6,0.708164
28,7,0.704704
28,8,0.700866
28,9,0.696879
28,10,0.693019
28,11,0.689561
28,12,0.686731
28,13,0.684664
28,14,0.683383
28,15,0.682809
28,16,0.682798
28,17,0.683196
28,18,0.683891
28,19,0.684843
28,20,0.686082
28,21,0.687681
28,22,0.6897
28,23,0.692149
28,24,0.69495
28,25,0.697943
28,26,0.700921
28,27,0.703658
28,28,0.705965
28,29,0.707724
28,30,0.708898
28,31,0.709541
28,32,0.709763
28,33,0.709698
28,34,0.709472
28,35,0.70916
28,36,0.708779
28,37,0.708291
28,38,0.707629
28,39,0.706733
28,40,0.70558
28,41,0.704207
28,42,0.70271
28,43,0.70123
28,44,0.699933
28,45,0.698983
28,46,0.698525
28,47,0.698669
28,48,0.69947
28,49,0.700911
28,50,0.702878
28,51,0.705165
28,52,0.707476
28,53,0.709493
28,54,0.710943
28,55,0.711665
28,56,0.711652
28,57,0.711034
28,58,0.710028
28,59,0.708849
28,60,0.707647
28,61,0.706478
28,62,0.70533
28,63,0.704173
28,64,0.703017
28,65,0.701945
28,66,0.701095
28,67,0.700606
28,68,0.700559
28,69,0.700919
28,70,0.701513
28,71,0.702073
28,72,0.702308
28,73,0.701976
28,74,0.700951
28,75,0.699237
28,76,0.69693
28,77,0.694176
28,78,0.691117
28,79,0.687873
28,80,0.684554
28,81,0.6813
28,82,0.678292
28,83,0.675758
28,84,0.673929
28,85,0.672987
28,86,0.673003
28,87,0.673918
28,88,0.675551
28,89,0.677642
28,90,0.679914
28,91,0.682111
28,92,0.684038
28,93,0.685567
28,94,0.68662
28,95,0.687155
29,0,0.72019
29,1,0.719858
29,2,0.719136
29,3,0.717928
29,4,0.716128
29,5,0.71366
29,6,0.710515
29,7,0.706771
29,8,0.702605
29,9,0.698276
29,10,0.694087
29,11,0.69034
29,12,0.68728
29,13,0.685051
29,14,0.683676
29,15,0.683061
29,16,0.683042
29,17,0.683441
29,18,0.68412
29,19,0.685025
29,20,0.686183
29,21,0.687674
29,22,0.689573
29,23,0.6919
29,24,0.694589
29,25,0.697479
29,26,0.700353
29,27,0.702972
29,28,0.705134
29,29,0.706713
29,30,0.707675
29,31,0.708081
29,32,0.708058
29,33,0.707756
29,34,0.707313
29,35,0.706813
29,36,0.706275
29,37,0.705668
29,38,0.704931
29,39,0.704012
29,40,0.702895
29,41,0.701614
29,42,0.700256
29,43,0.698939
29,44,0.697803
29,45,0.696984
29,46,0.696612
29,47,0.69679
29,48,0.697578
29,49,0.698974
29,50,0.700883
29,51,0.703115
29,52,0.705387
29,53,0.707384
29,54,0.708826
29,55,0.709546
29,56,0.709526
29,57,0.708898
29,58,0.707887
29,59,0.706729
29,60,0.705599
29,61,0.704576
29,62,0.703658
29,63,0.702807
29,64,0.702
29,65,0.701275
29,66,0.700717
29,67,0.700418
29,68,0.700437
29,69,0.700733
29,70,0.70116
29,71,0.701497
29,72,0.701509
29,73,0.701012
29,74,0.69993
29,75,0.698288
29,76,0.696187
29,77,0.69374
29,78,0.691038
29,79,0.688131
29,80,0.685068
29,81,0.681943
29,82,0.678928
29,83,0.676277
29,84,0.674277
29,85,0.673176
29,86,0.6731
29,87,0.674018
29,88,0.675738
29,89,0.677968
29,90,0.680382
29,91,0.682686
29,92,0.684666
29,93,0.686201
29,94,0.687233
29,95,0.687749
30,0,0.722191
30,1,0.72191
30,2,0.721271
30,3,0.720146
30,4,0.718392
30,5,0.715905
30,6,0.71266
30,7,0.708737
30,8,0.704325
30,9,0.699707
30,10,0.695214
30,11,0.691177
30,12,0.687868
30,13,0.685448
30,14,0.683948
30,15,0.683269
30,16,0.683235
30,17,0.683644
30,18,0.684338
30,19,0.685247
30,20,0.686387
30,21,0.687838
30,22,0.689681
30,23,0.691945
30,24,0.694567
30,25,0.697389
30,26,0.700188
30,27,0.702717
30,28,0.704765
30,29,0.706196
30,30,0.706973
30,31,0.70716
30,32,0.706892
30,33,0.706331
30,34,0.705627
30,35,0.704875
30,36,0.704108
30,37,0.703304
30,38,0.702414
30,39,0.701395
30,40,0.700238
30,41,0.698977
30,42,0.697685
30,43,0.696466
30,44,0.695439
30,45,0.694721
30,46,0.694429
30,47,0.694658
30,48,0.695468
30,49,0.696861
30,50,0.69875
30,51,0.700949
30,52,0.703182
30,53,0.705134
30,54,0.706526
30,55,0.707188
30,56,0.707103
30,57,0.706412
30,58,0.705359
30,59,0.704205
30,60,0.703155
30,61,0.70231
30,62,0.701673
30,63,0.701188
30,64,0.700793
30,65,0.700469
30,66,0.700243
30,67,0.700162
30,68,0.700261
30,69,0.700507
30,70,0.700788
30,71,0.700937
30,72,0.700783
30,73,0.700199
30,74,0.699148
30,75,0.697675
30,76,0.695869
30,77,0.69381
30,78,0.691533
30,79,0.689026
30,80,0.686279
30,81,0.68335
30,82,0.6804
30,83,0.677708
30,84,0.675607
30,85,0.674402
30,86,0.67427
30,87,0.675208
30,88,0.677029
30,89,0.679417
30,90,0.682011
30,91,0.684483
30,92,0.686593
30,93,0.688213
30,94,0.689291
30,95,0.689825
31,0,0.723056
31,1,0.722861
31,2,0.722373
31,3,0.721425
31,4,0.719833
31,5,0.717452
31,6,0.714235
31,7,0.710248
31,8,0.705687
31,9,0.700853
31,10,0.696105
31,11,0.691806
31,12,0.688259
31,13,0.685651
31,14,0.68403
31,15,0.683301
31,16,0.683279
31,17,0.683744
31,18,0.684518
31,19,0.685512
31,20,0.686727
31,21,0.688236
31,22,0.690114
31,23,0.692394
31,24,0.695012
31,25,0.697813
31,26,0.700574
31,27,0.703045
31,28,0.705008
31,29,0.706321
31,30,0.706937
31,31,0.706916
31,32,0.706395
31,33,0.705544
31,34,0.704526
31,35,0.703455
31,36,0.702382
31,37,0.701305
31,38,0.70019
31,39,0.699004
31,40,0.697743
31,41,0.696437
31,42,0.695151
31,43,0.693974
31,44,0.693011
31,45,0.692366
31,46,0.692143
31,47,0.692432
31,48,0.693287
31,49,0.694703
31,50,0.696588
31,51,0.698757
31,52,0.700932
31,53,0.702802
31,54,0.704092
31,55,0.704639
31,56,0.704438
31,57,0.703647
31,58,0.702533
31,59,0.701386
31,60,0.700437
31,61,0.699807
31,62,0.699497
31,63,0.699429
31,64,0.699496
31,65,0.699616
31,66,0.699757
31,67,0.699919
31,68,0.700117
31,69,0.700333
31,70,0.700495
31,71,0.700495
31,72,0.700227
31,73,0.69962
31,74,0.698671
31,75,0.697436
31,76,0.695985
31,77,0.69436
31,78,0.692547
31,79,0.690478
31,80,0.6881
31,81,0.685437
31,82,0.682645
31,83,0.680014
31,84,0.677912
31,85,0.676685
31,86,0.676549
31,87,0.677531
31,88,0.679453
31,89,0.681993
31,90,0.684767
31,91,0.68742
31,92,0.689693
31,93,0.691439
31,94,0.692601
31,95,0.693177
32,0,0.722498
32,1,0.722417
32,2,0.722134
32,3,0.721444
32,4,0.720115
32,5,0.717958
32,6,0.71489
32,7,0.71096
32,8,0.706362
32,9,0.701409
32,10,0.696488
32,11,0.691994
32,12,0.688267
32,13,0.685526
32,14,0.683838
32,15,0.683117
32,16,0.683173
32,17,0.683771
32,18,0.684715
32,19,0.685892
32,20,0.687288
32,21,0.688957
32,22,0.690966
32,23,0.693339
32,24,0.696011
32,25,0.69883
32,26,0.701576
32,27,0.704003
32,28,0.705893
32,29,0.707096
32,30,0.707557
32,31,0.707327
32,32,0.706536
32,33,0.705361
32,34,0.703981
32,35,0.702533
32,36,0.701095
32,37,0.699689
32,38,0.698302
32,39,0.696911
32,40,0.695512
32,41,0.694129
32,42,0.692815
32,43,0.691648
32,44,0.690722
32,45,0.690129
32,46,0.689967
32,47,0.690314
32,48,0.691214
32,49,0.692652
32,50,0.694524
32,51,0.696637
32,52,0.698713
32,53,0.700448
32,54,0.701581
32,55,0.701964
32,56,0.701615
32,57,0.700713
32,58,0.699549
32,59,0.698436
32,60,0.697627
32,61,0.697253
32,62,0.697312
32,63,0.697696
32,64,0.698253
32,65,0.698842
32,66,0.699373
32,67,0.699801
32,68,0.700123
32,69,0.700335
32,70,0.700408
32,71,0.700294
32,72,0.69995
32,73,0.699356
32,74,0.698543
32,75,0.697567
32,76,0.696481
32,77,0.695292
32,78,0.693942
32,79,0.692325
32,80,0.690353
32,81,0.688031
32,82,0.685504
32,83,0.683066
32,84,0.681095
32,85,0.679959
32,86,0.679897
32,87,0.680956
32,88,0.682974
32,89,0.685634
32,90,0.688549
32,91,0.691351
32,92,0.693765
32,93,0.695632
32,94,0.696879
32,95,0.6975
33,0,0.720366
33,1,0.720416
33,2,0.720374
33,3,0.719997
33,4,0.719007
33,5,0.71717
33,6,0.714363
33,7,0.71061
33,8,0.706097
33,9,0.701146
33,10,0.696169
33,11,0.691594
33,12,0.687798
33,13,0.685031
33,14,0.683383
33,15,0.682773
33,16,0.683007
33,17,0.683837
33,18,0.685046
33,19,0.686503
33,20,0.688169
33,21,0.690083
33,22,0.692291
33,23,0.694808
33,24,0.697565
33,25,0.70041
33,26,0.703134
33,27,0.7055
33,28,0.707297
33,29,0.708373
33,30,0.708665
33,31,0.708211
33,32,0.707134
33,33,0.705613
33,34,0.703843
33,35,0.701989
33,36,0.70016
33,37,0.698411
33,38,0.696747
33,39,0.695154
33,40,0.693625
33,41,0.692172
33,42,0.690835
33,43,0.689677
33,44,0.68878
33,45,0.68823
33,46,0.688116
33,47,0.688506
33,48,0.689433
33,49,0.690863
33,50,0.692683
33,51,0.694691
33,52,0.696611
33,53,0.698153
33,54,0.699076
33,55,0.699263
33,56,0.698757
33,57,0.697762
33,58,0.696587
33,59,0.695561
33,60,0.694944
33,61,0.694869
33,62,0.695323
33,63,0.696172
33,64,0.697223
33,65,0.698285
33,66,0.699212
33,67,0.699921
33,68,0.70039
33,69,0.700626
33,70,0.700639
33,71,0.700435
33,72,0.70003
33,73,0.699453
33,74,0.698761
33,75,0.698016
33,76,0.697253
33,77,0.696452
33,78,0.695527
33,79,0.694348
33,80,0.692808
33,81,0.690901
33,82,0.688759
33,83,0.686664
33,84,0.684983
33,85,0.684077
33,86,0.684187
33,87,0.68537
33,88,0.687479
33,89,0.690214
33,90,0.6932
33,91,0.696075
33,92,0.698562
33,93,0.700495
33,94,0.701793
33,95,0.70244
34,0,0.716696
34,1,0.716881
34,2,0.717091
34,3,0.717054
34,4,0.716448
34,5,0.714999
34,6,0.712545
34,7,0.709082
34,8,0.704782
34,9,0.699974
34,10,0.695088
34,11,0.690583
34,12,0.68687
34,13,0.684226
34,14,0.68276
34,15,0.682393
34,16,0.682923
34,17,0.684088
34,18,0.685649
34,19,0.687455
34,20,0.689447
34,21,0.691645
34,22,0.694076
34,23,0.696741
34,24,0.699564
34,25,0.7024
34,26,0.705051
34,27,0.707301
34,28,0.708952
34,29,0.709858
34,30,0.709953
34,31,0.709261
34,32,0.707894
34,33,0.706033
34,34,0.703884
34,35,0.701641
34,36,0.699447
34,37,0.697389
34,38,0.695493
34,39,0.69375
34,40,0.692143
34,41,0.690668
34,42,0.689346
34,43,0.688222
34,44,0.687367
34,45,0.686857
34,46,0.686776
34,47,0.687183
34,48,0.688097
34,49,0.689474
34,50,0.691184
34,51,0.693024
34,52,0.694725
34,53,0.696016
34,54,0.696691
34,55,0.696666
34,56,0.696018
34,57,0.694972
34,58,0.693849
34,59,0.692977
34,60,0.692609
34,61,0.692867
34,62,0.693724
34,63,0.695023
34,64,0.696541
34,65,0.698047
34,66,0.699354
34,67,0.700343
34,68,0.700974
34,69,0.701257
34,70,0.701231
34,71,0.700949
34,72,0.700479
34,73,0.699892
34,74,0.699271
34,75,0.698684
34,76,0.69816
34,77,0.697663
34,78,0.697094
34,79,0.696316
34,80,0.695222
34,81,0.693796
34,82,0.692155
34,83,0.690555
34,84,0.689325
34,85,0.688797
34,86,0.689186
34,87,0.690547
34,88,0.692744
34,89,0.695502
34,90,0.698472
34,91,0.701317
34,92,0.703775
34,93,0.705685
34,94,0.70697
34,95,0.707612
35,0,0.711723
35,1,0.712033
35,2,0.712485
35,3,0.712782
35,4,0.712575
35,5,0.711553
35,6,0.709522
35,7,0.706448
35,8,0.702487
35,9,0.697967
35,10,0.693331
35,11,0.689064
35,12,0.685602
35,13,0.683246
35,14,0.682113
35,15,0.682124
35,16,0.683063
35,17,0.684646
35,18,0.686618
35,19,0.688804
35,20,0.691131
35,21,0.693599
35,22,0.696218
35,23,0.698978
35,24,0.701797
35,25,0.70454
35,26,0.707028
35,27,0.709073
35,28,0.710502
35,29,0.711184
35,30,0.711052
35,31,0.710122
35,32,0.708492
35,33,0.706335
35,34,0.703867
35,35,0.701306
35,36,0.698827
35,37,0.696545
35,38,0.694505
35,39,0.692701
35,40,0.691104
35,41,0.689686
35,42,0.688441
35,43,0.687396
35,44,0.686606
35,45,0.686139
35,46,0.686073
35,47,0.686462
35,48,0.687318
35,49,0.688583
35,50,0.690124
35,51,0.691733
35,52,0.693158
35,53,0.694156
35,54,0.694559
35,55,0.694327
35,56,0.693571
35,57,0.692535
35,58,0.691536
35,59,0.690888
35,60,0.690818
35,61,0.691428
35,62,0.692669
35,63,0.694371
35,64,0.696291
35,65,0.698177
35,66,0.699814
35,67,0.701056
35,68,0.701841
35,69,0.702178
35,70,0.702124
35,71,0.701767
35,72,0.701215
35,73,0.700577
35,74,0.69996
35,75,0.699445
35,76,0.699059
35,77,0.698767
35,78,0.698473
35,79,0.698048
35,80,0.697395
35,81,0.696496
35,82,0.695449
35,83,0.694467
35,84,0.693827
35,85,0.693802
35,86,0.694564
35,87,0.69615
35,88,0.698431
35,89,0.701157
35,90,0.704019
35,91,0.706721
35,92,0.709033
35,93,0.710817
35,94,0.712012
35,95,0.712607
36,0,0.705876
36,1,0.706293
36,2,0.706953
36,3,0.707553
36,4,0.707728
36,5,0.707146
36,6,0.705582
36,7,0.702976
36,8,0.699463
36,9,0.695363
36,10,0.691125
36,11,0.687249
36,12,0.684191
36,13,0.682264
36,14,0.681592
36,15,0.682086
36,16,0.683512
36,17,0.685563
36,18,0.687963
36,19,0.690519
36,20,0.693142
36,21,0.695816
36,22,0.698542
36,23,0.701297
36,24,0.704001
36,25,0.706533
36,26,0.708743
36,27,0.710478
36,28,0.711602
36,29,0.712008
36,30,0.711636
36,31,0.710492
36,32,0.708658
36,33,0.706293
36,34,0.703612
36,35,0.700849
36,36,0.698202
36,37,0.695815
36,38,0.693747
36,39,0.691993
36,40,0.690509
36,41,0.68924
36,42,0.68815
36,43,0.68724
36,44,0.686545
36,45,0.686126
36,46,0.686058
36,47,0.686393
36,48,0.68714
36,49,0.68824
36,50,0.689554
36,51,0.690883
36,52,0.691991
36,53,0.692671
36,54,0.692801
36,55,0.692385
36,56,0.691569
36,57,0.690608
36,58,0.689807
36,59,0.689445
36,60,0.68971
36,61,0.690668
36,62,0.69225
36,63,0.694274
36,64,0.696498
36,65,0.698661
36,66,0.700538
36,67,0.701966
36,68,0.702867
36,69,0.703242
36,70,0.703156
36,71,0.702718
36,72,0.702067
36,73,0.701343
36,74,0.700675
36,75,0.700157
36,76,0.699826
36,77,0.699653
36,78,0.699558
36,79,0.699434
36,80,0.699198
36,81,0.698838
36,82,0.698429
36,83,0.698135
36,84,0.698165
36,85,0.698717
36,86,0.699908
36,87,0.701741
36,88,0.704087
36,89,0.706727
36,90,0.709396
36,91,0.711848
36,92,0.713904
36,93,0.715465
36,94,0.716495
36,95,0.717003
37,0,0.699713
37,1,0.700209
37,2,0.701033
37,3,0.701887
37,4,0.702406
37,5,0.702249
37,6,0.70117
37,7,0.699084
37,8,0.696099
37,9,0.692519
37,10,0.68879
37,11,0.685416
37,12,0.682866
37,13,0.681459
37,14,0.681319
37,15,0.682343
37,16,0.68428
37,17,0.6868
37,18,0.689602
37,19,0.692478
37,20,0.695325
37,21,0.698115
37,22,0.700838
37,23,0.703469
37,24,0.705933
37,25,0.708128
37,26,0.709942
37,27,0.711268
37,28,0.712017
37,29,0.712114
37,30,0.711512
37,31,0.710208
37,32,0.708259
37,33,0.705805
37,34,0.703046
37,35,0.700219
37,36,0.697541
37,37,0.695173
37,38,0.693193
37,39,0.691595
37,40,0.690321
37,41,0.689289
37,42,0.688428
37,43,0.687708
37,44,0.687141
37,45,0.686778
37,46,0.686692
37,47,0.686938
37,48,0.687532
37,49,0.688416
37,50,0.68946
37,51,0.690474
37,52,0.691246
37,53,0.691609
37,54,0.691486
37,55,0.690929
37,56,0.690112
37,57,0.689296
37,58,0.688758
37,59,0.688731
37,60,0.68935
37,61,0.690633
37,62,0.692489
37,63,0.694731
37,64,0.697125
37,65,0.699425
37,66,0.701413
37,67,0.70292
37,68,0.703859
37,69,0.704225
37,70,0.704083
37,71,0.703555
37,72,0.702799
37,73,0.701979
37,74,0.701242
37,75,0.70069
37,76,0.700371
37,77,0.700268
37,78,0.700321
37,79,0.700447
37,80,0.700586
37,81,0.700732
37,82,0.700939
37,83,0.701323
37,84,0.702019
37,85,0.703148
37,86,0.704759
37,87,0.706818
37,88,0.709193
37,89,0.711689
37,90,0.714091
37,91,0.716211
37,92,0.717925
37,93,0.719183
37,94,0.719991
37,95,0.720381
38,0,0.693837
38,1,0.694384
38,2,0.695322
38,3,0.69637
38,4,0.697181
38,5,0.697414
38,6,0.696811
38,7,0.695261
38,8,0.692844
38,9,0.689839
38,10,0.686676
38,11,0.683855
38,12,0.681848
38,13,0.680979
38,14,0.681367
38,15,0.682902
38,16,0.685314
38,17,0.688253
38,18,0.691397
38,19,0.694523
38,20,0.697511
38,21,0.700323
38,22,0.70294
38,23,0.705335
38,24,0.707444
38,25,0.709194
38,26,0.710516
38,27,0.711359
38,28,0.711688
38,29,0.711467
38,30,0.710665
38,31,0.709272
38,32,0.707315
38,33,0.704901
38,34,0.702204
38,35,0.69945
38,36,0.696864
38,37,0.694622
38,38,0.69282
38,39,0.691459
38,40,0.690467
38,41,0.689738
38,42,0.689165
38,43,0.688682
38,44,0.688274
38,45,0.687976
38,46,0.687858
38,47,0.687986
38,48,0.688386
38,49,0.689015
38,50,0.689756
38,51,0.690438
38,52,0.690877
38,53,0.690945
38,54,0.690613
38,55,0.689973
38,56,0.689224
38,57,0.68862
38,58,0.688402
38,59,0.688745
38,60,0.689719
38,61,0.69129
38,62,0.693338
38,63,0.695678
38,64,0.698093
38,65,0.700366
38,66,0.702301
38,67,0.703743
38,68,0.704607
38,69,0.704885
38,70,0.704645
38,71,0.704015
38,72,0.703166
38,73,0.702273
38,74,0.701492
38,75,0.70093
38,76,0.700638
38,77,0.700604
38,78,0.700784
38,79,0.701118
38,80,0.701569
38,81,0.702138
38,82,0.702867
38,83,0.703827
38,84,0.70509
38,85,0.706703
38,86,0.708653
38,87,0.710867
38,88,0.713207
38,89,0.7155
38,90,0.717579
38,91,0.719312
38,92,0.720633
38,93,0.721547
38,94,0.7221
38,95,0.722354
39,0,0.688792
39,1,0.689364
39,2,0.69037
39,3,0.691556
39,4,0.692601
39,5,0.693175
39,6,0.693013
39,7,0.691982
39,8,0.690128
39,9,0.687696
39,10,0.685094
39,11,0.68281
39,12,0.68131
39,13,0.680923
39,14,0.681767
39,15,0.683729
39,16,0.686528
39,17,0.6898
39,18,0.693208
39,19,0.696508
39,20,0.699565
39,21,0.702326
39,22,0.704762
39,23,0.706844
39,24,0.708524
39,25,0.709758
39,26,0.710529
39,27,0.710848
39,28,0.710739
39,29,0.710213
39,30,0.709259
39,31,0.707853
39,32,0.705991
39,33,0.703735
39,34,0.70122
39,35,0.69865
39,36,0.696246
39,37,0.694199
39,38,0.692623
39,39,0.691533
39,40,0.690854
39,41,0.690459
39,42,0.690209
39,43,0.689995
39,44,0.689767
39,45,0.689543
39,46,0.689384
39,47,0.689367
39,48,0.689539
39,49,0.68988
39,50,0.690296
39,51,0.690643
39,52,0.69077
39,53,0.690588
39,54,0.69011
39,55,0.689461
39,56,0.688855
39,57,0.688528
39,58,0.688678
39,59,0.689412
39,60,0.690731
39,61,0.692544
39,62,0.694701
39,63,0.697017
39,64,0.699301
39,65,0.701374
39,66,0.703078
39,67,0.704287
39,68,0.704936
39,69,0.705025
39,70,0.704629
39,71,0.703883
39,72,0.702963
39,73,0.702049
39,74,0.701294
39,75,0.700796
39,76,0.700595
39,77,0.700674
39,78,0.700989
39,79,0.701498
39,80,0.70218
39,81,0.703047
39,82,0.704135
39,83,0.705489
39,84,0.707131
39,85,0.709053
39,86,0.711191
39,87,0.713442
39,88,0.715663
39,89,0.7177
39,90,0.719425
39,91,0.720755
39,92,0.721679
39,93,0.722246
39,94,0.722544
39,95,0.722664
40,0,0.68497
40,1,0.685551
40,2,0.686594
40,3,0.687876
40,4,0.689104
40,5,0.689965
40,6,0.69019
40,7,0.689625
40,8,0.68828
40,9,0.686367
40,10,0.684261
40,11,0.682434
40,12,0.681346
40,13,0.681327
40,14,0.682504
40,15,0.684768
40,16,0.687838
40,17,0.691344
40,18,0.694934
40,19,0.698348
40,20,0.701429
40,21,0.704102
40,22,0.706324
40,23,0.708063
40,24,0.709283
40,25,0.709976
40,26,0.71018
40,27,0.709969
40,28,0.709434
40,29,0.708632
40,30,0.707573
40,31,0.706222
40,32,0.704538
40,33,0.70253
40,34,0.700283
40,35,0.697968
40,36,0.695795
40,37,0.693965
40,38,0.692616
40,39,0.691782
40,40,0.691398
40,41,0.691327
40,42,0.691396
40,43,0.691457
40,44,0.691418
40,45,0.691267
40,46,0.691058
40,47,0.690875
40,48,0.690792
40,49,0.69082
40,50,0.6909
40,51,0.690923
40,52,0.690776
40,53,0.690407
40,54,0.689863
40,55,0.68929
40,56,0.688905
40,57,0.688916
40,58,0.689471
40,59,0.690604
40,60,0.692247
40,61,0.694252
40,62,0.696437
40,63,0.698618
40,64,0.700632
40,65,0.702344
40,66,0.703646
40,67,0.704458
40,68,0.704747
40,69,0.704539
40,70,0.703924
40,71,0.703047
40,72,0.702086
40,73,0.701217
40,74,0.700579
40,75,0.700246
40,76,0.70023
40,77,0.700491
40,78,0.700971
40,79,0.701626
40,80,0.702446
40,81,0.703455
40,82,0.704694
40,83,0.706199
40,84,0.70797
40,85,0.709967
40,86,0.712096
40,87,0.714236
40,88,0.716244
40,89,0.717983
40,90,0.719353
40,91,0.720309
40,92,0.720875
40,93,0.72114
40,94,0.721218
40,95,0.721223
41,0,0.682562
41,1,0.683148
41,2,0.68422
41,3,0.685577
41,4,0.686954
41,5,0.688051
41,6,0.688597
41,7,0.688416
41,8,0.687488
41,9,0.685991
41,10,0.684268
41,11,0.682774
41,12,0.681962
41,13,0.682169
41,14,0.683534
41,15,0.685965
41,16,0.689189
41,17,0.692836
41,18,0.696546
41,19,0.700036
41,20,0.703123
41,21,0.705705
41,22,0.707719
41,23,0.709123
41,24,0.709897
41,25,0.710066
41,26,0.709724
41,27,0.70901
41,28,0.70808
41,29,0.707039
41,30,0.705917
41,31,0.70467
41,32,0.703218
41,33,0.701511
41,34,0.699581
41,35,0.697553
41,36,0.695621
41,37,0.693993
41,38,0.69283
41,39,0.692196
41,40,0.692047
41,41,0.692242
41,42,0.692586
41,43,0.692891
41,44,0.693022
41,45,0.69293
41,46,0.692653
41,47,0.692286
41,48,0.691927
41,49,0.691627
41,50,0.691374
41,51,0.691101
41,52,0.690735
41,53,0.690257
41,54,0.68974
41,55,0.689338
41,56,0.689251
41,57,0.689654
41,58,0.690635
41,59,0.692161
41,60,0.694096
41,61,0.696239
41,62,0.69838
41,63,0.700334
41,64,0.701967
41,65,0.703188
41,66,0.703947
41,67,0.704221
41,68,0.704026
41,69,0.703426
41,70,0.702536
41,71,0.701513
41,72,0.700539
41,73,0.699777
41,74,0.699342
41,75,0.699274
41,76,0.699539
41,77,0.700054
41,78,0.700731
41,79,0.701508
41,80,0.702372
41,81,0.703361
41,82,0.70453
41,83,0.705926
41,84,0.707554
41,85,0.70937
41,86,0.711278
41,87,0.713154
41,88,0.714865
41,89,0.716285
41,90,0.717334
41,91,0.717985
41,92,0.718283
41,93,0.71833
41,94,0.718257
41,95,0.718183
42,0,0.681532
42,1,0.682136
42,2,0.683251
42,3,0.684693
42,4,0.686207
42,5,0.687501
42,6,0.688297
42,7,0.688402
42,8,0.687772
42,9,0.686555
42,10,0.685073
42,11,0.683766
42,12,0.683085
42,13,0.683377
42,14,0.684799
42,15,0.687281
42,16,0.690565
42,17,0.694285
42,18,0.698072
42,19,0.70162
42,20,0.704715
42,21,0.707221
42,22,0.70905
42,23,0.710152
42,24,0.71052
42,25,0.710213
42,26,0.709377
42,27,0.708214
42,28,0.706937
42,29,0.705699
42,30,0.704549
42,31,0.703435
42,32,0.702238
42,33,0.700855
42,34,0.699257
42,35,0.697521
42,36,0.695816
42,37,0.694351
42,38,0.693311
42,39,0.692794
42,40,0.692781
42,41,0.693144
42,42,0.693674
42,43,0.69415
42,44,0.694393
42,45,0.69432
42,46,0.693948
42,47,0.693375
42,48,0.69273
42,49,0.692108
42,50,0.691544
42,51,0.691024
42,52,0.690514
42,53,0.690023
42,54,0.689634
42,55,0.689495
42,56,0.689778
42,57,0.69061
42,58,0.692022
42,59,0.693916
42,60,0.696097
42,61,0.698319
42,62,0.700351
42,63,0.702009
42,64,0.703182
42,65,0.703827
42,66,0.703953
42,67,0.7036
42,68,0.702843
42,69,0.701792
42,70,0.700593
42,71,0.69942
42,72,0.698455
42,73,0.697845
42,74,0.697674
42,75,0.697939
42,76,0.698553
42,77,0.699376
42,78,0.700271
42,79,0.701143
42,80,0.701971
42,81,0.702796
42,82,0.703696
42,83,0.704746
42,84,0.705979
42,85,0.707378
42,86,0.70887
42,87,0.71035
42,88,0.7117
42,89,0.712809
42,90,0.713603
42,91,0.714057
42,92,0.714213
42,93,0.714163
42,94,0.714031
42,95,0.71393
43,0,0.681663
43,1,0.682308
43,2,0.683504
43,3,0.685064
43,4,0.686728
43,5,0.688194
43,6,0.689175
43,7,0.689464
43,8,0.689
43,9,0.687918
43,10,0.686527
43,11,0.685264
43,12,0.684582
43,13,0.684844
43,14,0.686227
43,15,0.688682
43,16,0.691967
43,17,0.695721
43,18,0.699562
43,19,0.703158
43,20,0.706261
43,21,0.708701
43,22,0.710368
43,23,0.711205
43,24,0.71122
43,25,0.710503
43,26,0.709249
43,27,0.707711
43,28,0.706155
43,29,0.704769
43,30,0.703622
43,31,0.702653
43,32,0.701714
43,33,0.70065
43,34,0.699377
43,35,0.697922
43,36,0.696423
43,37,0.695081
43,38,0.694098
43,39,0.693603
43,40,0.693611
43,41,0.694011
43,42,0.694596
43,43,0.695124
43,44,0.695382
43,45,0.695255
43,46,0.694741
43,47,0.693942
43,48,0.693013
43,49,0.692092
43,50,0.691269
43,51,0.690575
43,52,0.690015
43,53,0.689616
43,54,0.68946
43,55,0.68967
43,56,0.690378
43,57,0.691658
43,58,0.693482
43,59,0.695698
43,60,0.698066
43,61,0.700307
43,62,0.702173
43,63,0.703487
43,64,0.704162
43,65,0.704197
43,66,0.703662
43,67,0.702659
43,68,0.701324
43,69,0.699815
43,70,0.698312
43,71,0.697002
43,72,0.696065
43,73,0.695629
43,74,0.695747
43,75,0.696371
43,76,0.697355
43,77,0.698501
43,78,0.699616
43,79,0.700561
43,80,0.70129
43,81,0.701848
43,82,0.702334
43,83,0.702863
43,84,0.703513
43,85,0.704316
43,86,0.705245
43,87,0.706235
43,88,0.707195
43,89,0.708027
43,90,0.708658
43,91,0.709046
43,92,0.709206
43,93,0.7092
43,94,0.709118
43,95,0.709048
44,0,0.682619
44,1,0.683335
44,2,0.68466
44,3,0.686385
44,4,0.688226
44,5,0.689856
44,6,0.690969
44,7,0.691348
44,8,0.690929
44,9,0.689847
44,10,0.688414
44,11,0.687076
44,12,0.686298
44,13,0.686457
44,14,0.687748
44,15,0.690141
44,16,0.693403
44,17,0.697172
44,18,0.701048
44,19,0.704673
44,20,0.707766
44,21,0.710129
44,22,0.711636
44,23,0.712233
44,24,0.711945
44,25,0.710898
44,26,0.709321
44,27,0.707508
44,28,0.705758
44,29,0.704287
44,30,0.703174
44,31,0.702355
44,32,0.701659
44,33,0.700894
44,34,0.699927
44,35,0.698737
44,36,0.697425
44,37,0.696177
44,38,0.695198
44,39,0.694641
44,40,0.69455
44,41,0.694843
44,42,0.695325
44,43,0.695751
44,44,0.69589
44,45,0.695608
44,46,0.69489
44,47,0.693842
44,48,0.692644
44,49,0.691475
44,50,0.690468
44,51,0.689698
44,52,0.689199
44,53,0.689002
44,54,0.689174
44,55,0.689802
44,56,0.690967
44,57,0.692688
44,58,0.694884
44,59,0.697359
44,60,0.699843
44,61,0.702039
44,62,0.703695
44,63,0.704642
44,64,0.704818
44,65,0.704264
44,66,0.703101
44,67,0.701492
44,68,0.69963
44,69,0.697718
44,70,0.695961
44,71,0.694554
44,72,0.693668
44,73,0.693414
44,74,0.69381
44,75,0.69477
44,76,0.696099
44,77,0.697542
44,78,0.698853
44,79,0.699846
44,80,0.700446
44,81,0.700689
44,82,0.700693
44,83,0.70061
44,84,0.700577
44,85,0.700685
44,86,0.700973
44,87,0.701428
44,88,0.701998
44,89,0.702605
44,90,0.70317
44,91,0.703622
44,92,0.703932
44,93,0.704105
44,94,0.70418
44,95,0.7042
45,0,0.684039
45,1,0.684853
45,2,0.686351
45,3,0.688286
45,4,0.69033
45,5,0.69212
45,6,0.693324
45,7,0.69372
45,8,0.69325
45,9,0.692065
45,10,0.690496
45,11,0.689009
45,12,0.688084
45,13,0.688114
45,14,0.689305
45,15,0.691635
45,16,0.694871
45,17,0.698642
45,18,0.702527
45,19,0.70614
45,20,0.709176
45,21,0.711418
45,22,0.712742
45,23,0.713107
45,24,0.712566
45,25,0.711272
45,26,0.709484
45,27,0.707515
45,28,0.705679
45,29,0.704197
45,30,0.703156
45,31,0.702487
45,32,0.702011
45,33,0.701512
45,34,0.700821
45,35,0.699877
45,36,0.698742
45,37,0.697574
45,38,0.696569
45,39,0.695887
45,40,0.695598
45,41,0.695645
45,42,0.69586
45,43,0.696014
45,44,0.695882
45,45,0.695326
45,46,0.694333
45,47,0.693019
45,48,0.691583
45,49,0.690236
45,50,0.689146
45,51,0.688417
45,52,0.688094
45,53,0.688203
45,54,0.688781
45,55,0.689869
45,56,0.691494
45,57,0.693621
45,58,0.696126
45,59,0.698785
45,60,0.701311
45,61,0.703406
45,62,0.704822
45,63,0.705405
45,64,0.705118
45,65,0.704039
45,66,0.702336
45,67,0.700225
45,68,0.697947
45,69,0.695739
45,70,0.693822
45,71,0.692388
45,72,0.691591
45,73,0.691517
45,74,0.692158
45,75,0.693394
45,76,0.695
45,77,0.696679
45,78,0.698142
45,79,0.69916
45,80,0.699627
45,81,0.699564
45,82,0.699097
45,83,0.69841
45,84,0.697691
45,85,0.697098
45,86,0.69674
45,87,0.696667
45,88,0.696877
45,89,0.697315
45,90,0.697898
45,91,0.698523
45,92,0.699101
45,93,0.699566
45,94,0.699884
45,95,0.700042
46,0,0.685619
46,1,0.686544
46,2,0.688237
46,3,0.690403
46,4,0.69266
46,5,0.694599
46,6,0.695864
46,7,0.696227
46,8,0.695648
46,9,0.694305
46,10,0.692559
46,11,0.690901
46,12,0.689828
46,13,0.689743
46,14,0.690857
46,15,0.693142
46,16,0.696355
46,17,0.700106
46,18,0.703954
46,19,0.70749
46,20,0.710393
46,21,0.712449
46,22,0.713549
46,23,0.713681
46,24,0.712933
46,25,0.711485
46,26,0.709609
46,27,0.707617
46,28,0.705811
46,29,0.704403
46,30,0.703473
46,31,0.702952
46,32,0.702664
46,33,0.702383
46,34,0.701928
46,35,0.701204
46,36,0.700238
46,37,0.69915
46,38,0.698111
46,39,0.697273
46,40,0.696715
46,41,0.696407
46,42,0.696214
46,43,0.695942
46,44,0.695394
46,45,0.694455
46,46,0.693128
46,47,0.691543
46,48,0.689917
46,49,0.688482
46,50,0.687421
46,51,0.686849
46,52,0.686809
46,53,0.687304
46,54,0.688332
46,55,0.689885
46,56,0.691935
46,57,0.694405
46,58,0.697139
46,59,0.6999
46,60,0.702403
46,61,0.704355
46,62,0.705524
46,63,0.705774
46,64,0.705093
46,65,0.703589
46,66,0.701474
46,67,0.699005
46,68,0.696461
46,69,0.694103
46,70,0.692151
46,71,0.690783
46,72,0.690125
46,73,0.690233
46,74,0.691074
46,75,0.69251
46,76,0.694298
46,77,0.696126
46,78,0.69768
46,79,0.698704
46,80,0.699061
46,81,0.698753
46,82,0.697899
46,83,0.696703
46,84,0.69539
46,85,0.694177
46,86,0.693239
46,87,0.692694
46,88,0.692593
46,89,0.692914
46,90,0.693575
46,91,0.694438
46,92,0.695352
46,93,0.696174
46,94,0.696787
46,95,0.697111
47,0,0.687168
47,1,0.688198
47,2,0.690074
47,3,0.692452
47,4,0.694898
47,5,0.696959
47,6,0.698254
47,7,0.698557
47,8,0.697852
47,9,0.696346
47,10,0.694436
47,11,0.692637
47,12,0.691458
47,13,0.691305
47,14,0.692378
47,15,0.694638
47,16,0.697822
47,17,0.701518
47,18,0.705266
47,19,0.708642
47,20,0.711328
47,21,0.713125
47,22,0.71396
47,23,0.713863
47,24,0.712961
47,25,0.711454
47,26,0.709615
47,27,0.70773
47,28,0.706071
47,29,0.704818
47,30,0.704033
47,31,0.703649
47,32,0.703502
47,33,0.703381
47,34,0.703104
47,35,0.702563
47,36,0.701751
47,37,0.700748
47,38,0.699686
47,39,0.69869
47,40,0.697834
47,41,0.697109
47,42,0.696418
47,43,0.695612
47,44,0.694547
47,45,0.693151
47,46,0.69146
47,47,0.689625
47,48,0.687876
47,49,0.686449
47,50,0.685529
47,51,0.685218
47,52,0.685541
47,53,0.686463
47,54,0.68794
47,55,0.689915
47,56,0.692317
47,57,0.695038
47,58,0.697908
47,59,0.700693
47,60,0.703119
47,61,0.70491
47,62,0.705853
47,63,0.705828
47,64,0.704845
47,65,0.703041
47,66,0.700659
47,67,0.697995
47,68,0.695351
47,69,0.692999
47,70,0.691151
47,71,0.689954
47,72,0.689495
47,73,0.689793
47,74,0.690791
47,75,0.692344
47,76,0.694212
47,77,0.696091
47,78,0.697669
47,79,0.698681
47,80,0.698969
47,81,0.698511
47,82,0.69741
47,83,0.695867
47,84,0.694127
47,85,0.692446
47,86,0.691056
47,87,0.690135
47,88,0.68979
47,89,0.690035
47,90,0.690797
47,91,0.69191
47,92,0.69317
47,93,0.694355
47,94,0.695267
47,95,0.69576
48,0,0.68863
48,1,0.689739
48,2,0.691748
48,3,0.694277
48,4,0.696848
48,5,0.698975
48,6,0.700263
48,7,0.700494
48,8,0.699673
48,9,0.698043
48,10,0.696024
48,11,0.69415
48,12,0.692935
48,13,0.692772
48,14,0.693845
48,15,0.696092
48,16,0.699227
48,17,0.70282
48,18,0.706398
48,19,0.709536
48,20,0.71193
48,21,0.713415
48,22,0.713964
48,23,0.713656
48,24,0.712658
48,25,0.711185
48,26,0.709493
48,27,0.707829
48,28,0.70641
48,29,0.705372
48,30,0.704752
48,31,0.704484
48,32,0.704424
48,33,0.70439
48,34,0.704223
48,35,0.703814
48,36,0.703132
48,37,0.702217
48,38,0.701152
48,39,0.700023
48,40,0.698886
48,41,0.697741
48,42,0.696526
48,43,0.695152
48,44,0.693537
48,45,0.69167
48,46,0.68963
48,47,0.687597
48,48,0.685807
48,49,0.684489
48,50,0.683806
48,51,0.683832
48,52,0.684553
48,53,0.685894
48,54,0.687765
48,55,0.690069
48,56,0.692711
48,57,0.695566
48,58,0.698472
48,59,0.701208
48,60,0.703522
48,61,0.705157
48,62,0.705916
48,63,0.705695
48,64,0.704519
48,65,0.702546
48,66,0.700046
48,67,0.697342
48,68,0.694755
48,69,0.69256
48,70,0.690944
48,71,0.690018
48,72,0.689816
48,73,0.690316
48,74,0.691434
48,75,0.693027
48,76,0.694878
48,77,0.696713
48,78,0.69825
48,79,0.699234
48,80,0.699501
48,81,0.699005
48,82,0.697822
48,83,0.696133
48,84,0.694178
48,85,0.692231
48,86,0.69056
48,87,0.689392
48,88,0.688885
48,89,0.689088
48,90,0.689945
48,91,0.691275
48,92,0.692831
48,93,0.694327
48,94,0.695497
48,95,0.696135
49,0,0.690087
49,1,0.691229
49,2,0.693289
49,3,0.695867
49,4,0.698462
49,5,0.700573
49,6,0.701804
49,7,0.70195
49,8,0.70104
49,9,0.69934
49,10,0.697288
49,11,0.695421
49,12,0.694242
49,13,0.694125
49,14,0.695226
49,15,0.697459
49,16,0.700518
49,17,0.70396
49,18,0.707311
49,19,0.710157
49,20,0.712221
49,21,0.713379
49,22,0.713654
49,23,0.713177
49,24,0.712145
49,25,0.710782
49,26,0.709317
49,27,0.707944
49,28,0.706818
49,29,0.706021
49,30,0.705559
49,31,0.705368
49,32,0.705334
49,33,0.705314
49,34,0.705183
49,35,0.704848
49,36,0.704264
49,37,0.703434
49,38,0.702391
49,39,0.701176
49,40,0.699814
49,41,0.698306
49,42,0.696621
49,43,0.694726
49,44,0.692611
49,45,0.690331
49,46,0.688016
49,47,0.685875
49,48,0.684141
49,49,0.683023
49,50,0.682649
49,51,0.683046
49,52,0.684153
49,53,0.685848
49,54,0.688005
49,55,0.690502
49,56,0.693235
49,57,0.696089
49,58,0.698922
49,59,0.70154
49,60,0.703718
49,61,0.705217
49,62,0.70585
49,63,0.705519
49,64,0.704259
49,65,0.702242
49,66,0.699758
49,67,0.69715
49,68,0.694753
49,69,0.692837
49,70,0.69156
49,71,0.690985
49,72,0.69109
49,73,0.6918
49,74,0.693009
49,75,0.694578
49,76,0.696324
49,77,0.69803
49,78,0.699463
49,79,0.700403
49,80,0.700691
49,81,0.700266
49,82,0.699167
49,83,0.697537
49,84,0.695593
49,85,0.693602
49,86,0.691845
49,87,0.690582
49,88,0.690004
49,89,0.690199
49,90,0.691126
49,91,0.692604
49,92,0.69436
49,93,0.69607
49,94,0.697418
49,95,0.698158
50,0,0.691695
50,1,0.692813
50,2,0.694825
50,3,0.697328
50,4,0.699823
50,5,0.701816
50,6,0.702926
50,7,0.702966
50,8,0.701986
50,9,0.700265
50,10,0.698246
50,11,0.696453
50,12,0.695367
50,13,0.695331
50,14,0.696472
50,15,0.69868
50,16,0.701636
50,17,0.704898
50,18,0.707997
50,19,0.710543
50,20,0.712288
50,21,0.713153
50,22,0.713204
50,23,0.712614
50,24,0.711605
50,25,0.710398
50,26,0.709189
50,27,0.708121
50,28,0.707284
50,29,0.706706
50,30,0.706367
50,31,0.706206
50,32,0.706138
50,33,0.706066
50,34,0.705908
50,35,0.705592
50,36,0.705073
50,37,0.704325
50,38,0.703333
50,39,0.702091
50,40,0.700592
50,41,0.698828
50,42,0.696793
50,43,0.694504
50,44,0.692018
50,45,0.689452
50,46,0.686988
50,47,0.684855
50,48,0.68328
50,49,0.682441
50,50,0.682415
50,51,0.683176
50,52,0.68461
50,53,0.68655
50,54,0.688844
50,55,0.691364
50,56,0.694019
50,57,0.696723
50,58,0.699371
50,59,0.701807
50,60,0.70383
50,61,0.705214
50,62,0.705776
50,63,0.705415
50,64,0.704167
50,65,0.70221
50,66,0.69985
50,67,0.697446
50,68,0.695341
50,69,0.693793
50,70,0.692932
50,71,0.692764
50,72,0.693205
50,73,0.69413
50,74,0.695401
50,75,0.696891
50,76,0.698463
50,77,0.699967
50,78,0.701239
50,79,0.702113
50,80,0.702452
50,81,0.702181
50,82,0.701302
50,83,0.699913
50,84,0.698186
50,85,0.696361
50,86,0.694712
50,87,0.693506
50,88,0.692959
50,89,0.693179
50,90,0.694146
50,91,0.695688
50,92,0.697531
50,93,0.699331
50,94,0.700755
50,95,0.70154
51,0,0.693619
51,1,0.694658
51,2,0.696519
51,3,0.698821
51,4,0.701089
51,5,0.702855
51,6,0.703768
51,7,0.703665
51,8,0.702613
51,9,0.700895
51,10,0.698943
51,11,0.697256
51,12,0.696284
51,13,0.696336
51,14,0.697511
51,15,0.699682
51,16,0.702526
51,17,0.705608
51,18,0.708479
51,19,0.71077
51,20,0.712266
51,21,0.712917
51,22,0.712825
51,23,0.712187
51,24,0.711236
51,25,0.710187
51,26,0.709205
51,27,0.708387
51,28,0.707772
51,29,0.707346
51,30,0.707067
51,31,0.70688
51,32,0.70673
51,33,0.706562
51,34,0.706335
51,35,0.706005
51,36,0.705529
51,37,0.704862
51,38,0.703952
51,39,0.702752
51,40,0.701224
51,41,0.699348
51,42,0.697133
51,43,0.694636
51,44,0.691967
51,45,0.689296
51,46,0.686843
51,47,0.68485
51,48,0.683533
51,49,0.683029
51,50,0.683361
51,51,0.684444
51,52,0.686109
51,53,0.688157
51,54,0.690419
51,55,0.692781
51,56,0.695184
51,57,0.69759
51,58,0.699943
51,59,0.702128
51,60,0.703968
51,61,0.705247
51,62,0.705773
51,63,0.705437
51,64,0.704269
51,65,0.702449
51,66,0.700291
51,67,0.698168
51,68,0.696423
51,69,0.695304
51,70,0.694903
51,71,0.695172
51,72,0.695962
51,73,0.697093
51,74,0.698399
51,75,0.699763
51,76,0.701101
51,77,0.702338
51,78,0.703397
51,79,0.704175
51,80,0.704568
51,81,0.704496
51,82,0.703928
51,83,0.702908
51,84,0.701557
51,85,0.70007
51,86,0.698696
51,87,0.69769
51,88,0.697269
51,89,0.697553
51,90,0.698538
51,91,0.700068
51,92,0.701883
51,93,0.703652
51,94,0.705051
51,95,0.705822
52,0,0.695961
52,1,0.696872
52,2,0.698499
52,3,0.700491
52,4,0.702418
52,5,0.703858
52,6,0.704499
52,7,0.704204
52,8,0.703054
52,9,0.701326
52,10,0.699432
52,11,0.69784
52,12,0.696964
52,13,0.697082
52,14,0.698271
52,15,0.700398
52,16,0.703144
52,17,0.706091
52,18,0.708806
52,19,0.710944
52,20,0.712306
52,21,0.71286
52,22,0.712719
52,23,0.71209
52,24,0.711204
52,25,0.710267
52,26,0.709422
52,27,0.708735
52,28,0.70822
52,29,0.707837
52,30,0.707534
52,31,0.707266
52,32,0.707002
52,33,0.706721
52,34,0.706414
52,35,0.706062
52,36,0.705626
52,37,0.70505
52,38,0.704258
52,39,0.703172
52,40,0.701729
52,41,0.6999
52,42,0.697701
52,43,0.695213
52,44,0.692579
52,45,0.690006
52,46,0.687736
52,47,0.686016
52,48,0.685039
52,49,0.684902
52,50,0.685573
52,51,0.686909
52,52,0.688697
52,53,0.690709
52,54,0.692777
52,55,0.694812
52,56,0.696806
52,57,0.69878
52,58,0.700734
52,59,0.702596
52,60,0.704213
52,61,0.705369
52,62,0.705863
52,63,0.705572
52,64,0.704516
52,65,0.702874
52,66,0.700964
52,67,0.699168
52,68,0.697827
52,69,0.697171
52,70,0.697254
52,71,0.697969
52,72,0.699104
52,73,0.700423
52,74,0.701733
52,75,0.70293
52,76,0.703982
52,77,0.7049
52,78,0.705691
52,79,0.706328
52,80,0.70675
52,81,0.706879
52,82,0.706652
52,83,0.706066
52,84,0.705183
52,85,0.704147
52,86,0.703167
52,87,0.702467
52,88,0.702251
52,89,0.702637
52,90,0.703627
52,91,0.705086
52,92,0.706782
52,93,0.708418
52,94,0.709704
52,95,0.710411
53,0,0.698694
53,1,0.699447
53,2,0.70078
53,3,0.70239
53,4,0.703898
53,5,0.704939
53,6,0.705245
53,7,0.704709
53,8,0.703418
53,9,0.701638
53,10,0.699758
53,11,0.698212
53,12,0.697381
53,13,0.697523
53,14,0.698702
53,15,0.70079
53,16,0.70348
53,17,0.706371
53,18,0.709047
53,19,0.71117
53,20,0.712545
53,21,0.713134
53,22,0.71304
53,23,0.712459
53,24,0.711612
53,25,0.710696
53,26,0.70985
53,27,0.709133
53,28,0.708555
53,29,0.70808
53,30,0.707659
53,31,0.707259
53,32,0.706865
53,33,0.706479
53,34,0.706111
53,35,0.705753
53,36,0.705374
53,37,0.70491
53,38,0.704274
53,39,0.703372
53,40,0.702128
53,41,0.700503
53,42,0.698513
53,43,0.696249
53,44,0.693869
53,45,0.69159
53,46,0.689662
53,47,0.688322
53,48,0.68774
53,49,0.687973
53,50,0.68894
53,51,0.690449
53,52,0.692251
53,53,0.694099
53,54,0.695838
53,55,0.697415
53,56,0.698879
53,57,0.700317
53,58,0.701787
53,59,0.703258
53,60,0.704597
53,61,0.705588
53,62,0.706018
53,63,0.705751
53,64,0.704798
53,65,0.703337
53,66,0.701691
53,67,0.700242
53,68,0.699327
53,69,0.699149
53,70,0.69972
53,71,0.700876
53,72,0.702339
53,73,0.703822
53,74,0.705106
53,75,0.706101
53,76,0.706827
53,77,0.707376
53,78,0.707848
53,79,0.708289
53,80,0.708686
53,81,0.70897
53,82,0.709058
53,83,0.708899
53,84,0.708504
53,85,0.707961
53,86,0.707431
53,87,0.7071
53,88,0.70714
53,89,0.707653
53,90,0.708644
53,91,0.709994
53,92,0.711509
53,93,0.71294
53,94,0.714052
53,95,0.714659
54,0,0.701657
54,1,0.702238
54,2,0.703256
54,3,0.704454
54,4,0.705511
54,5,0.706119
54,6,0.706056
54,7,0.705242
54,8,0.703766
54,9,0.701882
54,10,0.699951
54,11,0.698381
54,12,0.69753
54,13,0.697645
54,14,0.698796
54,15,0.700862
54,16,0.703559
54,17,0.706498
54,18,0.709272
54,19,0.711537
54,20,0.713078
54,21,0.713829
54,22,0.713864
54,23,0.713349
54,24,0.712492
54,25,0.711485
54,26,0.710478
54,27,0.709552
54,28,0.70874
54,29,0.708033
54,30,0.7074
54,31,0.706824
54,32,0.706298
54,33,0.70583
54,34,0.705433
54,35,0.705103
54,36,0.704806
54,37,0.704482
54,38,0.704039
54,39,0.703383
54,40,0.702434
54,41,0.701148
54,42,0.699539
54,43,0.697688
54,44,0.695747
54,45,0.693927
54,46,0.692463
54,47,0.691575
54,48,0.691406
54,49,0.691982
54,50,0.693182
54,51,0.694779
54,52,0.696497
54,53,0.698084
54,54,0.699401
54,55,0.700439
54,56,0.701304
54,57,0.702145
54,58,0.703075
54,59,0.7041
54,60,0.705102
54,61,0.705865
54,62,0.70617
54,63,0.705871
54,64,0.704977
54,65,0.703668
54,66,0.702271
54,67,0.701166
54,68,0.700676
54,69,0.700975
54,70,0.702025
54,71,0.703604
54,72,0.705374
54,73,0.706994
54,74,0.708227
54,75,0.708994
54,76,0.709366
54,77,0.709512
54,78,0.709615
54,79,0.709798
54,80,0.710094
54,81,0.710453
54,82,0.710777
54,83,0.710981
54,84,0.711028
54,85,0.710956
54,86,0.710874
54,87,0.710923
54,88,0.711236
54,89,0.711887
54,90,0.712873
54,91,0.714094
54,92,0.715392
54,93,0.716578
54,94,0.717479
54,95,0.717965
55,0,0.704557
55,1,0.704977
55,2,0.705696
55,3,0.706501
55,4,0.707128
55,5,0.70732
55,6,0.706896
55,7,0.705795
55,8,0.704109
55,9,0.702076
55,10,0.700035
55,11,0.698374
55,12,0.697443
55,13,0.697491
55,14,0.6986
55,15,0.700674
55,16,0.703447
55,17,0.706542
55,18,0.709547
55,19,0.712096
55,20,0.713938
55,21,0.714958
55,22,0.715181
55,23,0.714737
55,24,0.713813
55,25,0.712606
55,26,0.711293
55,27,0.71
55,28,0.708807
55,29,0.707749
55,30,0.706828
55,31,0.70604
55,32,0.705383
55,33,0.704858
55,34,0.704465
55,35,0.704191
55,36,0.704003
55,37,0.703839
55,38,0.703617
55,39,0.70325
55,40,0.702666
55,41,0.70182
55,42,0.700717
55,43,0.699419
55,44,0.698055
55,45,0.696804
55,46,0.695877
55,47,0.695467
55,48,0.695691
55,49,0.696552
55,50,0.697906
55,51,0.699502
55,52,0.701055
55,53,0.702315
55,54,0.703166
55,55,0.703639
55,56,0.703894
55,57,0.70413
55,58,0.704504
55,59,0.705051
55,60,0.705665
55,61,0.706133
55,62,0.706233
55,63,0.705822
55,64,0.704915
55,65,0.703702
55,66,0.702512
55,67,0.701723
55,68,0.701637
55,69,0.702391
55,70,0.703899
55,71,0.705875
55,72,0.707925
55,73,0.709664
55,74,0.710834
55,75,0.711368
55,76,0.711381
55,77,0.711108
55,78,0.710808
55,79,0.710674
55,80,0.710787
55,81,0.711119
55,82,0.71157
55,83,0.712031
55,84,0.712428
55,85,0.712755
55,86,0.713073
55,87,0.713472
55,88,0.714041
55,89,0.714821
55,90,0.715795
55,91,0.716874
55,92,0.71794
55,93,0.718862
55,94,0.719537
55,95,0.719893
56,0,0.707043
56,1,0.707329
56,2,0.707803
56,3,0.708287
56,4,0.708558
56,5,0.708403
56,6,0.707671
56,7,0.706314
56,8,0.704424
56,9,0.702223
56,10,0.700037
56,11,0.698242
56,12,0.69719
56,13,0.697145
56,14,0.698213
56,15,0.700324
56,16,0.703232
56,17,0.706567
56,18,0.709904
56,19,0.712844
56,20,0.715081
56,21,0.716441
56,22,0.716891
56,23,0.716516
56,24,0.715483
56,25,0.714002
56,26,0.712288
56,27,0.710525
56,28,0.708858
56,29,0.707376
56,30,0.706121
56,31,0.705104
56,32,0.704319
56,33,0.703752
56,34,0.703382
56,35,0.703183
56,36,0.703111
56,37,0.703112
56,38,0.703116
56,39,0.703054
56,40,0.702867
56,41,0.702513
56,42,0.701983
56,43,0.701315
56,44,0.700596
56,45,0.699965
56,46,0.699591
56,47,0.699636
56,48,0.700197
56,49,0.70126
56,50,0.702673
56,51,0.704182
56,52,0.705501
56,53,0.706397
56,54,0.706777
56,55,0.706708
56,56,0.706392
56,57,0.706064
56,58,0.705911
56,59,0.705982
56,60,0.70618
56,61,0.706295
56,62,0.706111
56,63,0.7055
56,64,0.704494
56,65,0.703299
56,66,0.702252
56,67,0.701727
56,68,0.702001
56,69,0.70317
56,70,0.705095
56,71,0.707435
56,72,0.709743
56,73,0.711593
56,74,0.712711
56,75,0.713035
56,76,0.712715
56,77,0.71204
56,78,0.711331
56,79,0.710841
56,80,0.710699
56,81,0.710904
56,82,0.711363
56,83,0.711959
56,84,0.712592
56,85,0.713223
56,86,0.713866
56,87,0.714562
56,88,0.715352
56,89,0.716237
56,90,0.717182
56,91,0.718107
56,92,0.718931
56,93,0.719582
56,94,0.720026
56,95,0.720249
57,0,0.708774
57,1,0.708974
57,2,0.709289
57,3,0.709563
57,4,0.709601
57,5,0.709215
57,6,0.708272
57,7,0.706732
57,8,0.70468
57,9,0.702328
57,10,0.699994
57,11,0.698053
57,12,0.696868
57,13,0.696723
57,14,0.697756
57,15,0.699923
57,16,0.703
57,17,0.706619
57,18,0.710337
57,19,0.713715
57,20,0.71639
57,21,0.718122
57,22,0.718816
57,23,0.718511
57,24,0.717359
57,25,0.715584
57,26,0.713447
57,27,0.711193
57,28,0.709035
57,29,0.70712
57,30,0.705528
57,31,0.704286
57,32,0.70338
57,33,0.702779
57,34,0.702436
57,35,0.702306
57,36,0.702339
57,37,0.702486
57,38,0.702694
57,39,0.702915
57,40,0.703108
57,41,0.703239
57,42,0.703285
57,43,0.703252
57,44,0.70318
57,45,0.703155
57,46,0.703299
57,47,0.703738
57,48,0.704549
57,49,0.705713
57,50,0.707082
57,51,0.708414
57,52,0.709441
57,53,0.709952
57,54,0.709882
57,55,0.709329
57,56,0.70852
57,57,0.707712
57,58,0.707099
57,59,0.706733
57,60,0.706516
57,61,0.706243
57,62,0.705712
57,63,0.70482
57,64,0.703626
57,65,0.702364
57,66,0.701383
57,67,0.701048
57,68,0.701614
57,69,0.703134
57,70,0.705423
57,71,0.708086
57,72,0.710631
57,73,0.712601
57,74,0.713702
57,75,0.713875
57,76,0.713289
57,77,0.71227
57,78,0.711185
57,79,0.710334
57,80,0.709891
57,81,0.709886
57,82,0.710249
57,83,0.710866
57,84,0.711627
57,85,0.712465
57,86,0.713357
57,87,0.714292
57,88,0.715258
57,89,0.716219
57,90,0.717113
57,91,0.717871
57,92,0.718443
57,93,0.718818
57,94,0.719027
57,95,0.719115
58,0,0.709499
58,1,0.709671
58,2,0.709932
58,3,0.710136
58,4,0.710095
58,5,0.709628
58,6,0.708606
58,7,0.706986
58,8,0.704848
58,9,0.702396
58,10,0.699947
58,11,0.69788
58,12,0.696575
58,13,0.696342
58,14,0.697347
58,15,0.699574
58,16,0.702817
58,17,0.706711
58,18,0.710797
58,19,0.714597
58,20,0.717693
58,21,0.719784
58,22,0.720717
58,23,0.720491
58,24,0.719246
58,25,0.71722
58,26,0.714715
58,27,0.712035
58,28,0.709452
58,29,0.707164
58,30,0.705284
58,31,0.703851
58,32,0.702846
58,33,0.702215
58,34,0.701893
58,35,0.701814
58,36,0.701923
58,37,0.702174
58,38,0.702534
58,39,0.702979
58,40,0.703489
58,41,0.704039
58,42,0.704596
58,43,0.705133
58,44,0.705643
58,45,0.706154
58,46,0.706737
58,47,0.707479
58,48,0.708438
58,49,0.709595
58,50,0.710818
58,51,0.71189
58,52,0.712574
58,53,0.712691
58,54,0.712206
58,55,0.711242
58,56,0.710039
58,57,0.708856
58,58,0.707877
58,59,0.70714
58,60,0.70654
58,61,0.705872
58,62,0.704957
58,63,0.703722
58,64,0.702267
58,65,0.700855
58,66,0.699852
58,67,0.69962
58,68,0.70039
58,69,0.702179
58,70,0.704758
58,71,0.707693
58,72,0.710458
58,73,0.712568
58,74,0.713713
58,75,0.713826
58,76,0.713082
58,77,0.711823
58,78,0.710439
58,79,0.709267
58,80,0.708518
58,81,0.708259
58,82,0.708454
58,83,0.709005
58,84,0.709808
58,85,0.710778
58,86,0.711854
58,87,0.712979
58,88,0.714087
58,89,0.715093
58,90,0.715916
58,91,0.716489
58,92,0.716797
58,93,0.716887
58,94,0.716857
58,95,0.716809
59,0,0.709106
59,1,0.709309
59,2,0.709629
59,3,0.70991
59,4,0.709953
59,5,0.709567
59,6,0.708612
59,7,0.707034
59,8,0.704907
59,9,0.702431
59,10,0.699925
59,11,0.697779
59,12,0.69639
59,13,0.69609
59,14,0.697071
59,15,0.699341
59,16,0.702711
59,17,0.706821
59,18,0.711199
59,19,0.71534
59,20,0.718782
59,21,0.721175
59,22,0.72232
59,23,0.722186
59,24,0.7209
59,25,0.718714
59,26,0.715963
59,27,0.712992
59,28,0.710117
59,29,0.707576
59,30,0.705505
59,31,0.703951
59,32,0.702888
59,33,0.70225
59,34,0.701949
59,35,0.701906
59,36,0.702058
59,37,0.702364
59,38,0.702808
59,39,0.703388
59,40,0.70411
59,41,0.704961
59,42,0.705905
59,43,0.706888
59,44,0.707859
59,45,0.708793
59,46,0.709706
59,47,0.710644
59,48,0.711649
59,49,0.712701
59,50,0.713691
59,51,0.714435
59,52,0.714739
59,53,0.714461
59,54,0.713601
59,55,0.712301
59,56,0.710802
59,57,0.709351
59,58,0.708107
59,59,0.707081
59,60,0.706149
59,61,0.705108
59,62,0.703801
59,63,0.702192
59,64,0.700422
59,65,0.698791
59,66,0.697684
59,67,0.697462
59,68,0.698336
59,69,0.700294
59,70,0.703078
59,71,0.706225
59,72,0.709187
59,73,0.711462
59,74,0.712724
59,75,0.712892
59,76,0.712127
59,77,0.710765
59,78,0.709202
59,79,0.707792
59,80,0.706779
59,81,0.706268
59,82,0.706263
59,83,0.706702
59,84,0.707493
59,85,0.708545
59,86,0.709767
59,87,0.71105
59,88,0.712275
59,89,0.71331
59,90,0.714048
59,91,0.714426
59,92,0.714465
59,93,0.714267
59,94,0.713997
59,95,0.713813
60,0,0.707648
60,1,0.707934
60,2,0.70841
60,3,0.708896
60,4,0.70917
60,5,0.709013
60,6,0.708263
60,7,0.706851
60,8,0.704839
60,9,0.70243
60,10,0.699946
60,11,0.697787
60,12,0.696363
60,13,0.696025
60,14,0.696983
60,15,0.699261
60,16,0.702686
60,17,0.706907
60,18,0.711451
60,19,0.715797
60,20,0.719459
60,21,0.722056
60,22,0.72336
60,23,0.72332
60,24,0.722056
60,25,0.719828
60,26,0.716985
60,27,0.7139
60,28,0.710911
60,29,0.708275
60,30,0.706144
60,31,0.704568
60,32,0.703519
60,33,0.702919
60,34,0.702666
60,35,0.702666
60,36,0.702847
60,37,0.703168
60,38,0.703627
60,39,0.704243
60,40,0.705046
60,41,0.706045
60,42,0.70721
60,43,0.70847
60,44,0.709743
60,45,0.710955
60,46,0.712074
60,47,0.713105
60,48,0.714067
60,49,0.714941
60,50,0.715639
60,51,0.716015
60,52,0.71592
60,53,0.715258
60,54,0.714061
60,55,0.712487
60,56,0.710776
60,57,0.709149
60,58,0.70773
60,59,0.706495
60,60,0.705295
60,61,0.703926
60,62,0.70225
60,63,0.700269
60,64,0.698165
60,65,0.696273
60,66,0.694998
60,67,0.694699
60,68,0.695575
60,69,0.697595
60,70,0.700484
60,71,0.703767
60,72,0.706891
60,73,0.709345
60,74,0.71079
60,75,0.711123
60,76,0.710481
60,77,0.709172
60,78,0.707577
60,79,0.706051
60,80,0.704857
60,81,0.704142
60,82,0.703953
60,83,0.704271
60,84,0.70503
60,85,0.706141
60,86,0.707487
60,87,0.708914
60,88,0.710247
60,89,0.711309
60,90,0.711964
60,91,0.712155
60,92,0.711935
60,93,0.711461
60,94,0.710961
60,95,0.710646
61,0,0.705329
61,1,0.705734
61,2,0.706429
61,3,0.70721
61,4,0.707818
61,5,0.708
61,6,0.707565
61,7,0.706425
61,8,0.704631
61,9,0.702383
61,10,0.700008
61,11,0.697914
61,12,0.696517
61,13,0.696175
61,14,0.697106
61,15,0.699346
61,16,0.702734
61,17,0.706932
61,18,0.711476
61,19,0.71585
61,20,0.719564
61,21,0.72223
61,22,0.723612
61,23,0.72365
61,24,0.722461
61,25,0.720302
61,26,0.717526
61,27,0.714507
61,28,0.711586
61,29,0.709024
61,30,0.706978
61,31,0.705501
61,32,0.704564
61,33,0.704082
61,34,0.703939
61,35,0.704027
61,36,0.704259
61,37,0.704587
61,38,0.705014
61,39,0.705577
61,40,0.706333
61,41,0.707316
61,42,0.708515
61,43,0.709861
61,44,0.711253
61,45,0.712585
61,46,0.713782
61,47,0.714812
61,48,0.715666
61,49,0.716322
61,50,0.716707
61,51,0.71671
61,52,0.716226
61,53,0.715204
61,54,0.713708
61,55,0.711912
61,56,0.710047
61,57,0.708309
61,58,0.706783
61,59,0.705408
61,60,0.704007
61,61,0.702373
61,62,0.700383
61,63,0.698069
61,64,0.695651
61,65,0.693492
61,66,0.69201
61,67,0.691567
61,68,0.692353
61,69,0.694328
61,70,0.697214
61,71,0.700542
61,72,0.703767
61,73,0.706383
61,74,0.708046
61,75,0.708629
61,76,0.708233
61,77,0.707126
61,78,0.705654
61,79,0.704155
61,80,0.702901
61,81,0.702067
61,82,0.701747
61,83,0.701968
61,84,0.702699
61,85,0.703861
61,86,0.705318
61,87,0.70688
61,88,0.708322
61,89,0.709421
61,90,0.710017
61,91,0.710053
61,92,0.70961
61,93,0.708897
61,94,0.708195
61,95,0.707765
62,0,0.702476
62,1,0.703009
62,2,0.703947
62,3,0.705055
62,4,0.706043
62,5,0.706621
62,6,0.706569
62,7,0.705777
62,8,0.704285
62,9,0.702289
62,10,0.700115
62,11,0.698169
62,12,0.696865
62,13,0.696555
62,14,0.697456
62,15,0.699604
62,16,0.70285
62,17,0.706872
62,18,0.711229
62,19,0.715429
62,20,0.719002
62,21,0.721578
62,22,0.722932
62,23,0.72301
62,24,0.721925
62,25,0.719926
62,26,0.717348
62,27,0.714548
62,28,0.711854
62,29,0.709517
62,30,0.707692
62,31,0.706436
62,32,0.705722
62,33,0.705463
62,34,0.70553
62,35,0.705793
62,36,0.706142
62,37,0.706512
62,38,0.706901
62,39,0.707355
62,40,0.707957
62,41,0.708774
62,42,0.709824
62,43,0.711061
62,44,0.712387
62,45,0.71368
62,46,0.714836
62,47,0.715787
62,48,0.716497
62,49,0.716929
62,50,0.717018
62,51,0.716679
62,52,0.715843
62,53,0.714501
62,54,0.712745
62,55,0.710764
62,56,0.708784
62,57,0.706974
62,58,0.705385
62,59,0.703923
62,60,0.702388
62,61,0.700566
62,62,0.698344
62,63,0.695777
62,64,0.693107
62,65,0.690716
62,66,0.689029
62,67,0.688405
62,68,0.689029
62,69,0.690861
62,70,0.693632
62,71,0.696895
62,72,0.700129
62,73,0.702849
62,74,0.704714
62,75,0.70558
62,76,0.70551
62,77,0.704721
62,78,0.70351
62,79,0.702182
62,80,0.700999
62,81,0.700154
62,82,0.69978
62,83,0.699947
62,84,0.700663
62,85,0.701869
62,86,0.703422
62,87,0.705107
62,88,0.706659
62,89,0.707816
62,90,0.708394
62,91,0.708335
62,92,0.707738
62,93,0.706851
62,94,0.705999
62,95,0.705483
63,0,0.69948
63,1,0.70013
63,2,0.701288
63,3,0.702702
63,4,0.704053
63,5,0.705026
63,6,0.705376
63,7,0.704973
63,8,0.703845
63,9,0.702179
63,10,0.700291
63,11,0.698573
63,12,0.697426
63,13,0.697184
63,14,0.698047
63,15,0.700047
63,16,0.703041
63,17,0.706728
63,18,0.710705
63,19,0.714521
63,20,0.717754
63,21,0.720073
63,22,0.721284
63,23,0.721348
63,24,0.720374
63,25,0.718592
63,26,0.716305
63,27,0.713837
63,28,0.711484
63,29,0.709482
63,30,0.707984
63,31,0.707052
63,32,0.70667
63,33,0.706747
63,34,0.707142
63,35,0.707698
63,36,0.70827
63,37,0.708762
63,38,0.709152
63,39,0.709486
63,40,0.709867
63,41,0.710399
63,42,0.711146
63,43,0.712099
63,44,0.713187
63,45,0.714295
63,46,0.715302
63,47,0.716114
63,48,0.716663
63,49,0.716891
63,50,0.716728
63,51,0.716103
63,52,0.714974
63,53,0.713363
63,54,0.711389
63,55,0.709253
63,56,0.707176
63,57,0.705314
63,58,0.70369
63,59,0.702187
63,60,0.700586
63,61,0.698667
63,62,0.696322
63,63,0.693615
63,64,0.690798
63,65,0.688253
63,66,0.686404
63,67,0.685601
63,68,0.686022
63,69,0.687632
63,70,0.690183
63,71,0.693259
63,72,0.69638
63,73,0.699097
63,74,0.70109
63,75,0.702209
63,76,0.702483
63,77,0.702078
63,78,0.701231
63,79,0.700198
63,80,0.699211
63,81,0.698465
63,82,0.698115
63,83,0.698271
63,84,0.698982
63,85,0.700214
63,86,0.701836
63,87,0.703621
63,88,0.705278
63,89,0.70652
63,90,0.707136
63,91,0.707062
63,92,0.706405
63,93,0.705436
63,94,0.704507
63,95,0.703944
64,0,0.696751
64,1,0.697485
64,2,0.698806
64,3,0.700455
64,4,0.702102
64,5,0.703417
64,6,0.704142
64,7,0.704133
64,8,0.703403
64,9,0.702121
64,10,0.700586
64,11,0.699164
64,12,0.698227
64,13,0.698076
64,14,0.698886
64,15,0.700677
64,16,0.703308
64,17,0.70651
64,18,0.709924
64,19,0.713164
64,20,0.715874
64,21,0.717786
64,22,0.71875
64,23,0.718747
64,24,0.717881
64,25,0.71635
64,26,0.71441
64,27,0.712338
64,28,0.710392
64,29,0.708787
64,30,0.707677
64,31,0.707137
64,32,0.707165
64,33,0.707675
64,34,0.70851
64,35,0.709482
64,36,0.7104
64,37,0.711121
64,38,0.711588
64,39,0.711835
64,40,0.711977
64,41,0.712155
64,42,0.712484
64,43,0.713017
64,44,0.713726
64,45,0.714525
64,46,0.715293
64,47,0.715918
64,48,0.716302
64,49,0.716356
64,50,0.715996
64,51,0.71515
64,52,0.713792
64,53,0.711968
64,54,0.709816
64,55,0.70755
64,56,0.705391
64,57,0.703487
64,58,0.701848
64,59,0.700343
64,60,0.698747
64,61,0.696835
64,62,0.694495
64,63,0.691789
64,64,0.688961
64,65,0.686382
64,66,0.684457
64,67,0.683517
64,68,0.683733
64,69,0.685073
64,70,0.687313
64,71,0.69008
64,72,0.692948
64,73,0.695521
64,74,0.697518
64,75,0.698799
64,76,0.699376
64,77,0.699362
64,78,0.698932
64,79,0.698277
64,80,0.697581
64,81,0.697021
64,82,0.696757
64,83,0.69693
64,84,0.697627
64,85,0.698853
64,86,0.700498
64,87,0.702344
64,88,0.704094
64,89,0.70544
64,90,0.706154
64,91,0.706156
64,92,0.705546
64,93,0.704596
64,94,0.703672
64,95,0.703108
65,0,0.694642
65,1,0.695416
65,2,0.696821
65,3,0.698604
65,4,0.700443
65,5,0.702012
65,6,0.70305
65,7,0.703406
65,8,0.703076
65,9,0.702207
65,10,0.701065
65,11,0.699979
65,12,0.699277
65,13,0.699221
65,14,0.699949
65,15,0.701463
65,16,0.703629
65,17,0.706211
65,18,0.708911
65,19,0.711421
65,20,0.713473
65,21,0.714873
65,22,0.715524
65,23,0.715429
65,24,0.714675
65,25,0.713418
65,26,0.711857
65,27,0.710209
65,28,0.708689
65,29,0.707494
65,30,0.706783
65,31,0.706653
65,32,0.707125
65,33,0.708121
65,34,0.709473
65,35,0.710956
65,36,0.712327
65,37,0.713385
65,38,0.714022
65,39,0.714247
65,40,0.714175
65,41,0.71398
65,42,0.713835
65,43,0.71386
65,44,0.714094
65,45,0.714493
65,46,0.714955
65,47,0.715357
65,48,0.715571
65,49,0.715476
65,50,0.714963
65,51,0.713952
65,52,0.712422
65,53,0.710433
65,54,0.708139
65,55,0.705765
65,56,0.703537
65,57,0.701602
65,58,0.699968
65,59,0.698505
65,60,0.696985
65,61,0.695184
65,62,0.692985
65,63,0.690434
65,64,0.687754
65,65,0.685286
65,66,0.683403
65,67,0.682409
65,68,0.682456
65,69,0.683515
65,70,0.685383
65,71,0.687737
65,72,0.690215
65,73,0.692492
65,74,0.694343
65,75,0.695661
65,76,0.69645
65,77,0.696784
65,78,0.69677
65,79,0.696525
65,80,0.69617
65,81,0.69584
65,82,0.695689
65,83,0.695877
65,84,0.696528
65,85,0.697693
65,86,0.6993
65,87,0.701157
65,88,0.702975
65,89,0.704439
65,90,0.705303
65,91,0.705461
65,92,0.704997
65,93,0.704166
65,94,0.703322
65,95,0.7028
66,0,0.693398
66,1,0.694163
66,2,0.695565
66,3,0.697371
66,4,0.699284
66,5,0.700999
66,6,0.702266
66,7,0.702932
66,8,0.702975
66,9,0.702513
66,10,0.701768
66,11,0.70102
66,12,0.700547
66,13,0.700558
66,14,0.701156
66,15,0.702321
66,16,0.703932
66,17,0.705792
66,18,0.707677
66,19,0.70937
66,20,0.710698
66,21,0.71155
66,22,0.711881
66,23,0.711709
66,24,0.711095
66,25,0.710141
66,26,0.708977
66,27,0.707756
66,28,0.706649
66,29,0.705837
66,30,0.705491
66,31,0.705739
66,32,0.70663
66,33,0.708105
66,34,0.709989
66,35,0.712022
66,36,0.713906
66,37,0.715376
66,38,0.716266
66,39,0.716544
66,40,0.716314
66,41,0.715776
66,42,0.715156
66,43,0.714647
66,44,0.71436
66,45,0.714311
66,46,0.714424
66,47,0.714576
66,48,0.714612
66,49,0.71438
66,50,0.713739
66,51,0.712597
66,52,0.710931
66,53,0.708813
66,54,0.706409
66,55,0.70395
66,56,0.701669
66,57,0.699718
66,58,0.698112
66,59,0.69673
66,60,0.695352
66,61,0.69376
66,62,0.691826
66,63,0.689578
66,64,0.687203
66,65,0.685
66,66,0.683297
66,67,0.682358
66,68,0.682308
66,69,0.683111
66,70,0.684587
66,71,0.68646
66,72,0.688444
66,73,0.690293
66,74,0.691858
66,75,0.69308
66,76,0.693973
66,77,0.694576
66,78,0.694932
66,79,0.695075
66,80,0.695052
66,81,0.694945
66,82,0.694887
66,83,0.695051
66,84,0.695599
66,85,0.696632
66,86,0.698128
66,87,0.699938
66,88,0.701788
66,89,0.703369
66,90,0.704411
66,91,0.704784
66,92,0.704535
66,93,0.703893
66,94,0.703188
66,95,0.702738
67,0,0.693094
67,1,0.693807
67,2,0.695122
67,3,0.696843
67,4,0.698712
67,5,0.700462
67,6,0.701864
67,7,0.702768
67,8,0.703134
67,9,0.70304
67,10,0.702662
67,11,0.702217
67,12,0.701928
67,13,0.701951
67,14,0.702352
67,15,0.7031
67,16,0.704088
67,17,0.705172
67,18,0.706208
67,19,0.707074
67,20,0.707698
67,21,0.708046
67,22,0.708116
67,23,0.707931
67,24,0.707514
67,25,0.706902
67,26,0.70615
67,27,0.705347
67,28,0.704619
67,29,0.704138
67,30,0.704093
67,31,0.704644
67,32,0.70588
67,33,0.707765
67,34,0.710124
67,35,0.712672
67,36,0.71506
67,37,0.716961
67,38,0.718149
67,39,0.718543
67,40,0.718227
67,41,0.717411
67,42,0.716368
67,43,0.715356
67,44,0.714562
67,45,0.71406
67,46,0.713811
67,47,0.713696
67,48,0.713541
67,49,0.713163
67,50,0.712397
67,51,0.711135
67,52,0.709354
67,53,0.707132
67,54,0.704643
67,55,0.702125
67,56,0.699812
67,57,0.697865
67,58,0.69631
67,59,0.695041
67,60,0.693857
67,61,0.692546
67,62,0.690975
67,63,0.689147
67,64,0.687211
67,65,0.685412
67,66,0.684023
67,67,0.683256
67,68,0.6832
67,69,0.683806
67,70,0.684911
67,71,0.686288
67,72,0.687726
67,73,0.689071
67,74,0.690255
67,75,0.69128
67,76,0.692177
67,77,0.692959
67,78,0.693607
67,79,0.694071
67,80,0.694318
67,81,0.694372
67,82,0.694341
67,83,0.694408
67,84,0.694773
67,85,0.695593
67,86,0.696904
67,87,0.698602
67,88,0.700441
67,89,0.702114
67,90,0.703334
67,91,0.703938
67,92,0.703934
67,93,0.703511
67,94,0.702971
67,95,0.702608
68,0,0.693627
68,1,0.694248
68,2,0.695406
68,3,0.696948
68,4,0.698669
68,5,0.700351
68,6,0.701796
68,7,0.702859
68,8,0.70348
68,9,0.703696
68,10,0.703623
68,11,0.703417
68,12,0.70324
68,13,0.703201
68,14,0.703337
68,15,0.703613
68,16,0.703949
68,17,0.70426
68,18,0.704485
68,19,0.704598
68,20,0.704618
68,21,0.704576
68,22,0.704501
68,23,0.704404
68,24,0.704258
68,25,0.704031
68,26,0.703703
68,27,0.703298
68,28,0.702909
68,29,0.702697
68,30,0.702872
68,31,0.703632
68,32,0.705103
68,33,0.707281
68,34,0.709996
68,35,0.71295
68,36,0.715759
68,37,0.718043
68,38,0.719521
68,39,0.720064
68,40,0.719728
68,41,0.718722
68,42,0.717347
68,43,0.715915
68,44,0.714676
68,45,0.713759
68,46,0.713163
68,47,0.712777
68,48,0.712415
68,49,0.711875
68,50,0.710971
68,51,0.709588
68,52,0.707703
68,53,0.705399
68,54,0.702854
68,55,0.700307
68,56,0.697992
68,57,0.696073
68,58,0.694588
68,59,0.693452
68,60,0.692486
68,61,0.691492
68,62,0.690338
68,63,0.689003
68,64,0.687594
68,65,0.686301
68,66,0.685333
68,67,0.684843
68,68,0.684877
68,69,0.685366
68,70,0.68616
68,71,0.68708
68,72,0.687989
68,73,0.688822
68,74,0.689599
68,75,0.690379
68,76,0.691213
68,77,0.692093
68,78,0.692938
68,79,0.693622
68,80,0.694035
68,81,0.694147
68,82,0.694043
68,83,0.693917
68,84,0.694012
68,85,0.694538
68,86,0.695592
68,87,0.697115
68,88,0.698889
68,89,0.70061
68,90,0.701971
68,91,0.702776
68,92,0.702993
68,93,0.702773
68,94,0.702386
68,95,0.702105
69,0,0.694729
69,1,0.695228
69,2,0.696172
69,3,0.697458
69,4,0.698945
69,5,0.700472
69,6,0.701875
69,7,0.703021
69,8,0.703827
69,9,0.704283
69,10,0.704443
69,11,0.704399
69,12,0.704256
69,13,0.704083
69,14,0.703898
69,15,0.703676
69,16,0.703376
69,17,0.702975
69,18,0.702495
69,19,0.701997
69,20,0.701573
69,21,0.701302
69,22,0.701225
69,23,0.701325
69,24,0.701522
69,25,0.701714
69,26,0.701809
69,27,0.701779
69,28,0.701685
69,29,0.701686
69,30,0.702008
69,31,0.702885
69,32,0.704477
69,33,0.706807
69,34,0.709724
69,35,0.712927
69,36,0.716013
69,37,0.71857
69,38,0.720277
69,39,0.720964
69,40,0.720656
69,41,0.719548
69,42,0.717954
69,43,0.716218
69,44,0.714634
69,45,0.713373
69,46,0.712468
69,47,0.711818
69,48,0.711239
69,49,0.710518
69,50,0.709463
69,51,0.707958
69,52,0.705986
69,53,0.703633
69,54,0.701075
69,55,0.698544
69,56,0.696266
69,57,0.694403
69,58,0.693005
69,59,0.692007
69,60,0.691256
69,61,0.690577
69,62,0.689842
69,63,0.689016
69,64,0.688165
69,65,0.687424
69,66,0.686938
69,67,0.686796
69,68,0.686998
69,69,0.687452
69,70,0.688021
69,71,0.688569
69,72,0.689029
69,73,0.68942
69,74,0.689835
69,75,0.690387
69,76,0.691138
69,77,0.692057
69,78,0.693009
69,79,0.6938
69,80,0.694254
69,81,0.6943
69,82,0.694009
69,83,0.693593
69,84,0.693333
69,85,0.693497
69,86,0.694231
69,87,0.69552
69,88,0.697165
69,89,0.698863
69,90,0.700291
69,91,0.701222
69,92,0.701589
69,93,0.701513
69,94,0.701235
69,95,0.701014
70,0,0.696051
70,1,0.696405
70,2,0.697092
70,3,0.698065
70,4,0.699251
70,5,0.700551
70,6,0.701843
70,7,0.703005
70,8,0.703931
70,9,0.704562
70,10,0.704888
70,11,0.704939
70,12,0.704766
70,13,0.704409
70,14,0.70388
70,15,0.703177
70,16,0.702304
70,17,0.701305
70,18,0.700274
70,19,0.699345
70,20,0.698661
70,21,0.698328
70,22,0.698381
70,23,0.698766
70,24,0.699349
70,25,0.699963
70,26,0.700461
70,27,0.700771
70,28,0.700933
70,29,0.701104
70,30,0.701525
70,31,0.702451
70,32,0.704068
70,33,0.706424
70,34,0.709385
70,35,0.71266
70,36,0.715849
70,37,0.71853
70,38,0.720364
70,39,0.721154
70,40,0.720895
70,41,0.719765
70,42,0.718066
70,43,0.716154
70,44,0.714341
70,45,0.712827
70,46,0.711665
70,47,0.710773
70,48,0.709975
70,49,0.709064
70,50,0.707857
70,51,0.706246
70,52,0.704221
70,53,0.701871
70,54,0.699362
70,55,0.69691
70,56,0.694724
70,57,0.692957
70,58,0.691663
70,59,0.690799
70,60,0.690241
70,61,0.68984
70,62,0.689482
70,63,0.689125
70,64,0.688803
70,65,0.688602
70,66,0.6886
70,67,0.68883
70,68,0.689245
70,69,0.689734
70,70,0.69017
70,71,0.690459
70,72,0.690597
70,73,0.690668
70,74,0.690827
70,75,0.691218
70,76,0.691906
70,77,0.692831
70,78,0.693811
70,79,0.694597
70,80,0.694971
70,81,0.694833
70,82,0.694254
70,83,0.693467
70,84,0.692795
70,85,0.692548
70,86,0.692917
70,87,0.693917
70,88,0.695364
70,89,0.696954
70,90,0.698347
70,91,0.699296
70,92,0.69971
70,93,0.699686
70,94,0.699454
70,95,0.699257
71,0,0.697249
71,1,0.697444
71,2,0.697846
71,3,0.698466
71,4,0.699304
71,5,0.700325
71,6,0.701453
71,7,0.702576
71,8,0.703571
71,9,0.704327
71,10,0.704773
71,11,0.704876
71,12,0.704644
71,13,0.704093
71,14,0.703241
71,15,0.702118
71,16,0.700777
71,17,0.699325
71,18,0.697918
71,19,0.696739
71,20,0.695965
71,21,0.695705
71,22,0.695974
71,23,0.696682
71,24,0.697642
71,25,0.698642
71,26,0.699492
71,27,0.700096
71,28,0.70048
71,29,0.700801
71,30,0.701303
71,31,0.702251
71,32,0.703841
71,33,0.706133
71,34,0.70901
71,35,0.7122
71,36,0.715322
71,37,0.71797
71,38,0.719807
71,39,0.720631
71,40,0.720417
71,41,0.719317
71,42,0.717612
71,43,0.715641
71,44,0.713716
71,45,0.712041
71,46,0.710685
71,47,0.709581
71,48,0.708575
71,49,0.707482
71,50,0.706139
71,51,0.704459
71,52,0.702441
71,53,0.70017
71,54,0.697796
71,55,0.695508
71,56,0.693486
71,57,0.691866
71,58,0.690702
71,59,0.689968
71,60,0.689569
71,61,0.68939
71,62,0.689335
71,63,0.689367
71,64,0.689495
71,65,0.689763
71,66,0.690196
71,67,0.690771
71,68,0.691404
71,69,0.69197
71,70,0.692355
71,71,0.692503
71,72,0.692461
71,73,0.692365
71,74,0.692401
71,75,0.692725
71,76,0.693392
71,77,0.694309
71,78,0.695256
71,79,0.695949
71,80,0.696144
71,81,0.695734
71,82,0.694801
71,83,0.693603
71,84,0.692495
71,85,0.691822
71,86,0.691803
71,87,0.692472
71,88,0.693655
71,89,0.695043
71,90,0.69629
71,91,0.697136
71,92,0.697481
71,93,0.697413
71,94,0.697153
71,95,0.696944
72,0,0.698083
72,1,0.698113
72,2,0.698219
72,3,0.698468
72,4,0.698931
72,5,0.69964
72,6,0.700566
72,7,0.701613
72,8,0.70264
72,9,0.703491
72,10,0.704033
72,11,0.704181
72,12,0.703898
72,13,0.703186
72,14,0.702075
72,15,0.700629
72,16,0.698952
72,17,0.697201
72,18,0.69558
72,19,0.694305
72,20,0.69356
72,21,0.693447
72,22,0.693955
72,23,0.694957
72,24,0.696232
72,25,0.697536
72,26,0.698661
72,27,0.6995
72,28,0.700077
72,29,0.700544
72,30,0.701142
72,31,0.702127
72,32,0.703685
72,33,0.705877
72,34,0.708593
72,35,0.711585
72,36,0.714503
72,37,0.716978
72,38,0.718702
72,39,0.719481
72,40,0.719287
72,41,0.718244
72,42,0.716603
72,43,0.714669
72,44,0.712729
72,45,0.710978
72,46,0.709488
72,47,0.708211
72,48,0.70702
72,49,0.705767
72,50,0.704324
72,51,0.70263
72,52,0.700696
72,53,0.698598
72,54,0.696461
72,55,0.694435
72,56,0.692664
72,57,0.691257
72,58,0.69026
72,59,0.689661
72,60,0.689394
72,61,0.689375
72,62,0.689538
72,63,0.689853
72,64,0.690321
72,65,0.690951
72,66,0.691725
72,67,0.692578
72,68,0.693397
72,69,0.694051
72,70,0.694444
72,71,0.694553
72,72,0.694466
72,73,0.694344
72,74,0.694385
72,75,0.694737
72,76,0.695426
72,77,0.696329
72,78,0.697199
72,79,0.697735
72,80,0.69769
72,81,0.696967
72,82,0.695666
72,83,0.694066
72,84,0.692545
72,85,0.691466
72,86,0.691063
72,87,0.691378
72,88,0.69224
72,89,0.693344
72,90,0.694343
72,91,0.694979
72,92,0.695153
72,93,0.694955
72,94,0.694608
72,95,0.694356
73,0,0.698495
73,1,0.698364
73,2,0.698177
73,3,0.698057
73,4,0.698142
73,5,0.698526
73,6,0.699228
73,7,0.700173
73,8,0.701206
73,9,0.702133
73,10,0.70277
73,11,0.702977
73,12,0.702684
73,13,0.701876
73,14,0.700599
73,15,0.698947
73,16,0.697067
73,17,0.695158
73,18,0.693454
73,19,0.692182
73,20,0.691525
73,21,0.691565
73,22,0.692265
73,23,0.693474
73,24,0.694951
73,25,0.696444
73,26,0.697745
73,27,0.698751
73,28,0.699491
73,29,0.700113
73,30,0.700841
73,31,0.701908
73,32,0.703472
73,33,0.705576
73,34,0.708109
73,35,0.710844
73,36,0.713474
73,37,0.715678
73,38,0.717194
73,39,0.717859
73,40,0.717648
73,41,0.716669
73,42,0.715133
73,43,0.713303
73,44,0.711424
73,45,0.709666
73,46,0.708097
73,47,0.706685
73,48,0.705341
73,49,0.703961
73,50,0.702463
73,51,0.700819
73,52,0.699051
73,53,0.697224
73,54,0.695429
73,55,0.693769
73,56,0.692342
73,57,0.691223
73,58,0.690443
73,59,0.689997
73,60,0.689844
73,61,0.689935
73,62,0.690232
73,63,0.690726
73,64,0.691412
73,65,0.692281
73,66,0.693284
73,67,0.694323
73,68,0.69527
73,69,0.695997
73,70,0.696428
73,71,0.696571
73,72,0.696537
73,73,0.696498
73,74,0.696641
73,75,0.697085
73,76,0.697823
73,77,0.698704
73,78,0.699466
73,79,0.69981
73,80,0.699507
73,81,0.69848
73,82,0.696849
73,83,0.694908
73,84,0.693041
73,85,0.691614
73,86,0.690859
73,87,0.690821
73,88,0.691333
73,89,0.692096
73,90,0.692777
73,91,0.693131
73,92,0.69307
73,93,0.692692
73,94,0.692226
73,95,0.691913
74,0,0.698604
74,1,0.698325
74,2,0.69787
74,3,0.697406
74,4,0.69713
74,5,0.697196
74,6,0.697668
74,7,0.698492
74,8,0.69951
74,9,0.700499
74,10,0.701231
74,11,0.701521
74,12,0.701267
74,13,0.700441
74,14,0.699096
74,15,0.697353
74,16,0.69539
74,17,0.693433
74,18,0.691731
74,19,0.690511
74,20,0.689941
74,21,0.690084
74,22,0.690883
74,23,0.692173
74,24,0.693713
74,25,0.695263
74,26,0.69663
74,27,0.697731
74,28,0.698602
74,29,0.699388
74,30,0.700287
74,31,0.701493
74,32,0.703122
74,33,0.705182
74,34,0.707554
74,35,0.710026
74,36,0.712334
74,37,0.714215
74,38,0.715466
74,39,0.715964
74,40,0.715703
74,41,0.714779
74,42,0.713367
74,43,0.71168
74,44,0.709912
74,45,0.708199
74,46,0.706597
74,47,0.70509
74,48,0.703626
74,49,0.702156
74,50,0.700649
74,51,0.699114
74,52,0.697586
74,53,0.696116
74,54,0.694754
74,55,0.693554
74,56,0.692558
74,57,0.6918
74,58,0.691288
74,59,0.69102
74,60,0.690976
74,61,0.691137
74,62,0.691501
74,63,0.692079
74,64,0.692872
74,65,0.693863
74,66,0.69498
74,67,0.69611
74,68,0.697119
74,69,0.697887
74,70,0.698364
74,71,0.698579
74,72,0.698659
74,73,0.698767
74,74,0.699063
74,75,0.699628
74,76,0.700418
74,77,0.701261
74,78,0.701894
74,79,0.70204
74,80,0.701497
74,81,0.700219
74,82,0.69834
74,83,0.696158
74,84,0.694046
74,85,0.692355
74,86,0.691307
74,87,0.690942
74,88,0.691103
74,89,0.691508
74,90,0.691848
74,91,0.691898
74,92,0.69159
74,93,0.691029
74,94,0.690445
74,95,0.690075
75,0,0.698672
75,1,0.69827
75,2,0.697587
75,3,0.696829
75,4,0.696236
75,5,0.69601
75,6,0.696257
75,7,0.696946
75,8,0.697922
75,9,0.698947
75,10,0.69976
75,11,0.700141
75,12,0.69996
75,13,0.699174
75,14,0.69784
75,15,0.696097
75,16,0.69414
75,17,0.692211
75,18,0.690557
75,19,0.689398
75,20,0.68888
75,21,0.68905
75,22,0.689837
75,23,0.691076
75,24,0.692542
75,25,0.694019
75,26,0.695347
75,27,0.69647
75,28,0.697437
75,29,0.698385
75,30,0.699484
75,31,0.700877
75,32,0.702627
75,33,0.704699
75,34,0.706954
75,35,0.70919
75,36,0.711184
75,37,0.712732
75,38,0.713693
75,39,0.713997
75,40,0.713664
75,41,0.712783
75,42,0.711498
75,43,0.709972
75,44,0.708345
75,45,0.706712
75,46,0.705112
75,47,0.703541
75,48,0.701987
75,49,0.700458
75,50,0.698977
75,51,0.697594
75,52,0.696359
75,53,0.695306
75,54,0.694447
75,55,0.693777
75,56,0.693281
75,57,0.692943
75,58,0.692744
75,59,0.692677
75,60,0.692739
75,61,0.692943
75,62,0.69332
75,63,0.693907
75,64,0.694718
75,65,0.695732
75,66,0.696869
75,67,0.698007
75,68,0.699015
75,69,0.699791
75,70,0.700304
75,71,0.700605
75,72,0.700822
75,73,0.701099
75,74,0.701561
75,75,0.702244
75,76,0.703069
75,77,0.703856
75,78,0.704352
75,79,0.704314
75,80,0.703581
75,81,0.702133
75,82,0.700115
75,83,0.697812
75,84,0.695572
75,85,0.693718
75,86,0.69245
75,87,0.691808
75,88,0.691649
75,89,0.691721
75,90,0.691745
75,91,0.691527
75,92,0.691014
75,93,0.690313
75,94,0.689647
75,95,0.68924
76,0,0.699003
76,1,0.698512
76,2,0.697663
76,3,0.696682
76,4,0.695838
76,5,0.695366
76,6,0.695403
76,7,0.695943
76,8,0.696842
76,9,0.697856
76,10,0.698709
76,11,0.699156
76,12,0.699045
76,13,0.69832
76,14,0.697041
76,15,0.695351
76,16,0.693454
76,17,0.691595
76,18,0.690013
76,19,0.688907
76,20,0.688403
76,21,0.688529
76,22,0.689209
76,23,0.690288
76,24,0.691567
76,25,0.692866
76,26,0.694064
76,27,0.695139
76,28,0.696157
76,29,0.697249
76,30,0.698551
76,31,0.700155
76,32,0.702063
76,33,0.704191
76,34,0.706372
76,35,0.708411
76,36,0.710119
76,37,0.71135
76,38,0.712027
76,39,0.712132
76,40,0.711715
76,41,0.710868
76,42,0.709706
76,43,0.708344
76,44,0.706869
76,45,0.705333
76,46,0.703754
76,47,0.702141
76,48,0.700519
76,49,0.698951
76,50,0.697517
76,51,0.696309
76,52,0.695391
76,53,0.694787
76,54,0.694466
76,55,0.694365
76,56,0.694409
76,57,0.694527
76,58,0.694668
76,59,0.694814
76,60,0.694978
76,61,0.695201
76,62,0.69555
76,63,0.696091
76,64,0.696854
76,65,0.697819
76,66,0.698904
76,67,0.699989
76,68,0.700949
76,69,0.701702
76,70,0.702239
76,71,0.702625
76,72,0.702981
76,73,0.703425
76,74,0.704041
76,75,0.704824
76,76,0.705666
76,77,0.706383
76,78,0.70675
76,79,0.706563
76,80,0.705703
76,81,0.704178
76,82,0.702133
76,83,0.699829
76,84,0.697575
76,85,0.695654
76,86,0.694247
76,87,0.693392
76,88,0.69297
76,89,0.692767
76,90,0.692544
76,91,0.692136
76,92,0.691503
76,93,0.690743
76,94,0.690058
76,95,0.689648
77,0,0.699862
77,1,0.699324
77,2,0.698382
77,3,0.697267
77,4,0.696256
77,5,0.695598
77,6,0.69545
77,7,0.695826
77,8,0.696599
77,9,0.697533
77,10,0.698349
77,11,0.698795
77,12,0.698705
77,13,0.698019
77,14,0.696791
77,15,0.695169
77,16,0.693359
77,17,0.691595
77,18,0.690099
77,19,0.689046
77,20,0.688536
77,21,0.68858
77,22,0.6891
77,23,0.689954
77,24,0.690974
77,25,0.692022
77,26,0.693022
77,27,0.693987
77,28,0.695005
77,29,0.696203
77,30,0.697686
77,31,0.699491
77,32,0.701563
77,33,0.703763
77,34,0.705896
77,35,0.707769
77,36,0.709223
77,37,0.710166
77,38,0.710577
77,39,0.710491
77,40,0.70999
77,41,0.709168
77,42,0.708117
77,43,0.706908
77,44,0.705577
77,45,0.704135
77,46,0.702582
77,47,0.700935
77,48,0.699255
77,49,0.697658
77,50,0.696277
77,51,0.695245
77,52,0.694645
77,53,0.694489
77,54,0.694707
77,55,0.695182
77,56,0.695774
77,57,0.696356
77,58,0.696839
77,59,0.697193
77,60,0.697444
77,61,0.697663
77,62,0.697954
77,63,0.69841
77,64,0.699081
77,65,0.699951
77,66,0.700941
77,67,0.701932
77,68,0.702815
77,69,0.703527
77,70,0.704078
77,71,0.704543
77,72,0.705032
77,73,0.705634
77,74,0.706392
77,75,0.70726
77,76,0.708111
77,77,0.708766
77,78,0.709028
77,79,0.708741
77,80,0.707826
77,81,0.706313
77,82,0.704341
77,83,0.702137
77,84,0.699964
77,85,0.698063
77,86,0.69659
77,87,0.695591
77,88,0.694977
77,89,0.694578
77,90,0.694202
77,91,0.693707
77,92,0.693059
77,93,0.692337
77,94,0.691707
77,95,0.691336
78,0,0.701385
78,1,0.700846
78,2,0.699894
78,3,0.698744
78,4,0.697662
78,5,0.69689
78,6,0.696587
78,7,0.696783
78,8,0.697372
78,9,0.698135
78,10,0.69881
78,11,0.699151
78,12,0.698996
78,13,0.698283
78,14,0.697071
78,15,0.695506
78,16,0.693788
78,17,0.692138
78,18,0.690753
78,19,0.689774
78,20,0.689271
78,21,0.689238
78,22,0.68959
78,23,0.690201
78,24,0.690935
78,25,0.691696
78,26,0.692453
78,27,0.693261
78,28,0.694228
78,29,0.695481
78,30,0.697096
78,31,0.699065
78,32,0.701272
78,33,0.703532
78,34,0.705619
78,35,0.707339
78,36,0.708561
78,37,0.709238
78,38,0.709404
78,39,0.709139
78,40,0.708553
78,41,0.707743
78,42,0.706781
78,43,0.705698
78,44,0.704485
78,45,0.703117
78,46,0.701579
78,47,0.699895
78,48,0.69816
78,49,0.696535
78,50,0.695203
78,51,0.694334
78,52,0.69403
78,53,0.694292
78,54,0.695019
78,55,0.69604
78,56,0.697155
78,57,0.69818
78,58,0.698986
78,59,0.699529
78,60,0.699847
78,61,0.700041
78,62,0.70025
78,63,0.700598
78,64,0.70115
78,65,0.7019
78,66,0.702769
78,67,0.703646
78,68,0.704435
78,69,0.705094
78,70,0.705654
78,71,0.706193
78,72,0.706811
78,73,0.707567
78,74,0.708463
78,75,0.709422
78,76,0.710298
78,77,0.710922
78,78,0.711127
78,79,0.710799
78,80,0.7099
78,81,0.708475
78,82,0.706653
78,83,0.704623
78,84,0.7026
78,85,0.700784
78,86,0.69931
78,87,0.698233
78,88,0.697499
78,89,0.696989
78,90,0.696551
78,91,0.69607
78,92,0.695507
78,93,0.694913
78,94,0.694406
78,95,0.694109
79,0,0.703547
79,1,0.703054
79,2,0.702173
79,3,0.701092
79,4,0.700037
79,5,0.699224
79,6,0.698801
79,7,0.698802
79,8,0.699144
79,9,0.69964
79,10,0.700057
79,11,0.700175
79,12,0.699847
79,13,0.699025
79,14,0.697773
79,15,0.69624
79,16,0.694616
79,17,0.6931
79,18,0.691857
79,19,0.690993
79,20,0.69054
79,21,0.690468
79,22,0.690686
79,23,0.691077
79,24,0.691537
79,25,0.692008
79,26,0.692506
79,27,0.693123
79,28,0.693994
79,29,0.695245
79,30,0.696934
79,31,0.699007
79,32,0.701301
79,33,0.703584
79,34,0.705606
79,35,0.707169
79,36,0.708167
79,37,0.708593
79,38,0.708527
79,39,0.708087
79,40,0.707407
79,41,0.706585
79,42,0.705673
79,43,0.70467
79,44,0.70353
79,45,0.7022
79,46,0.700653
79,47,0.698925
79,48,0.697135
79,49,0.695484
79,50,0.694196
79,51,0.69347
79,52,0.693424
79,53,0.694055
79,54,0.695234
79,55,0.696745
79,56,0.698331
79,57,0.699753
79,58,0.700846
79,59,0.701551
79,60,0.701915
79,61,0.702069
79,62,0.702184
79,63,0.702413
79,64,0.702837
79,65,0.703453
79,66,0.704188
79,67,0.704938
79,68,0.705623
79,69,0.706223
79,70,0.706785
79,71,0.707394
79,72,0.708138
79,73,0.709049
79,74,0.710096
79,75,0.71117
79,76,0.71211
79,77,0.712756
79,78,0.712965
79,79,0.712664
79,80,0.711843
79,81,0.710564
79,82,0.708941
79,83,0.707131
79,84,0.705305
79,85,0.70362
79,86,0.702198
79,87,0.701103
79,88,0.700317
79,89,0.699768
79,90,0.699346
79,91,0.698957
79,92,0.698554
79,93,0.698149
79,94,0.697811
79,95,0.697613
80,0,0.706181
80,1,0.705774
80,2,0.70504
80,3,0.704118
80,4,0.703181
80,5,0.702396
80,6,0.701885
80,7,0.701679
80,8,0.701721
80,9,0.701861
80,10,0.701911
80,11,0.701693
80,12,0.701092
80,13,0.700082
80,14,0.698741
80,15,0.697216
80,16,0.695688
80,17,0.694329
80,18,0.693267
80,19,0.692564
80,20,0.692214
80,21,0.692159
80,22,0.692295
80,23,0.692514
80,24,0.692735
80,25,0.692941
80,26,0.693185
80,27,0.693599
80,28,0.694342
80,29,0.695545
80,30,0.697248
80,31,0.699363
80,32,0.701686
80,33,0.703947
80,34,0.705875
80,35,0.70727
80,36,0.708045
80,37,0.708226
80,38,0.707931
80,39,0.707309
80,40,0.70651
80,41,0.705633
80,42,0.704715
80,43,0.703728
80,44,0.702602
80,45,0.701265
80,46,0.699686
80,47,0.697909
80,48,0.696076
80,49,0.694412
80,50,0.693168
80,51,0.692566
80,52,0.692734
80,53,0.693668
80,54,0.695219
80,55,0.697137
80,56,0.699118
80,57,0.700875
80,58,0.702208
80,59,0.703045
80,60,0.703442
80,61,0.703551
80,62,0.703575
80,63,0.703688
80,64,0.703983
80,65,0.704463
80,66,0.705057
80,67,0.705672
80,68,0.706244
80,69,0.706774
80,70,0.707327
80,71,0.707996
80,72,0.70886
80,73,0.709929
80,74,0.711142
80,75,0.712363
80,76,0.713418
80,77,0.714148
80,78,0.714429
80,79,0.714216
80,80,0.713525
80,81,0.712428
80,82,0.711034
80,83,0.709467
80,84,0.707863
80,85,0.706346
80,86,0.705022
80,87,0.703962
80,88,0.703181
80,89,0.702649
80,90,0.702294
80,91,0.702038
80,92,0.701826
80,93,0.701635
80,94,0.701481
80,95,0.70139
81,0,0.709021
81,1,0.708734
81,2,0.708203
81,3,0.707511
81,4,0.706762
81,5,0.706061
81,6,0.70549
81,7,0.705074
81,8,0.704778
81,9,0.704496
81,10,0.704101
81,11,0.703467
81,12,0.702522
81,13,0.701272
81,14,0.699809
81,15,0.698283
81,16,0.696856
81,17,0.695673
81,18,0.694819
81,19,0.694313
81,20,0.694108
81,21,0.694116
81,22,0.694221
81,23,0.694319
81,24,0.694351
81,25,0.694331
81,26,0.69435
81,27,0.69457
81,28,0.695174
81,29,0.696297
81,30,0.697969
81,31,0.700074
81,32,0.702377
81,33,0.704578
81,34,0.706389
81,35,0.707608
81,36,0.708164
81,37,0.708106
81,38,0.707579
81,39,0.706756
81,40,0.7058
81,41,0.704809
81,42,0.703812
81,43,0.702766
81,44,0.701587
81,45,0.7002
81,46,0.698574
81,47,0.696761
81,48,0.694914
81,49,0.693268
81,50,0.692085
81,51,0.691596
81,52,0.691935
81,53,0.693097
81,54,0.694927
81,55,0.69715
81,56,0.69943
81,57,0.701444
81,58,0.702965
81,59,0.703907
81,60,0.704329
81,61,0.704403
81,62,0.70435
81,63,0.70436
81,64,0.704536
81,65,0.704882
81,66,0.705333
81,67,0.705806
81,68,0.706255
81,69,0.706702
81,70,0.70723
81,71,0.707939
81,72,0.708903
81,73,0.710119
81,74,0.711502
81,75,0.712894
81,76,0.714104
81,77,0.714971
81,78,0.71538
81,79,0.715303
81,80,0.714778
81,81,0.713885
81,82,0.712729
81,83,0.711417
81,84,0.710053
81,85,0.708735
81,86,0.707551
81,87,0.706577
81,88,0.705848
81,89,0.705368
81,90,0.705099
81,91,0.704979
81,92,0.704947
81,93,0.704952
81,94,0.704965
81,95,0.70497
82,0,0.711769
82,1,0.711618
82,2,0.711323
82,3,0.710902
82,4,0.710384
82,5,0.709803
82,6,0.709196
82,7,0.708575
82,8,0.70793
82,9,0.707204
82,10,0.706331
82,11,0.705247
82,12,0.703932
82,13,0.702426
82,14,0.700836
82,15,0.699308
82,16,0.697987
82,17,0.696983
82,18,0.696342
82,19,0.696038
82,20,0.69599
82,21,0.696083
82,22,0.696189
82,23,0.696209
82,24,0.696101
82,25,0.695906
82,26,0.695741
82,27,0.695797
82,28,0.696273
82,29,0.697309
82,30,0.698925
82,31,0.700989
82,32,0.703245
82,33,0.705369
82,34,0.707062
82,35,0.708119
82,36,0.708473
82,37,0.708191
82,38,0.707433
82,39,0.706387
82,40,0.705225
82,41,0.704051
82,42,0.702892
82,43,0.701707
82,44,0.700415
82,45,0.698946
82,46,0.697275
82,47,0.695461
82,48,0.693653
82,49,0.692079
82,50,0.690994
82,51,0.690622
82,52,0.691097
82,53,0.692418
82,54,0.694428
82,55,0.696847
82,56,0.69932
82,57,0.701504
82,58,0.703153
82,59,0.70417
82,60,0.704613
82,61,0.704665
82,62,0.704556
82,63,0.704482
82,64,0.704549
82,65,0.704767
82,66,0.705074
82,67,0.705401
82,68,0.705718
82,69,0.706067
82,70,0.706545
82,71,0.707262
82,72,0.708291
82,73,0.709619
82,74,0.711149
82,75,0.712705
82,76,0.714083
82,77,0.715113
82,78,0.715682
82,79,0.715771
82,80,0.71543
82,81,0.714751
82,82,0.713839
82,83,0.712789
82,84,0.711683
82,85,0.710596
82,86,0.709596
82,87,0.708753
82,88,0.708114
82,89,0.707704
82,90,0.707514
82,91,0.707499
82,92,0.7076
82,93,0.707749
82,94,0.707885
82,95,0.707963
83,0,0.71416
83,1,0.714146
83,2,0.714088
83,3,0.713945
83,4,0.713667
83,5,0.713221
83,6,0.712596
83,7,0.711791
83,8,0.710817
83,9,0.709665
83,10,0.708333
83,11,0.706819
83,12,0.705154
83,13,0.70341
83,14,0.701706
83,15,0.700182
83,16,0.698959
83,17,0.698117
83,18,0.697661
83,19,0.697532
83,20,0.697618
83,21,0.697785
83,22,0.697901
83,23,0.69787
83,24,0.697665
83,25,0.697346
83,26,0.69705
83,27,0.696985
83,28,0.697361
83,29,0.698321
83,30,0.699882
83,31,0.701901
83,32,0.704109
83,33,0.706171
83,34,0.707776
83,35,0.708712
83,36,0.708911
83,37,0.708439
83,38,0.707463
83,39,0.706178
83,40,0.704765
83,41,0.703339
83,42,0.701941
83,43,0.700546
83,44,0.699093
83,45,0.697527
83,46,0.695837
83,47,0.694077
83,48,0.692382
83,49,0.690957
83,50,0.690027
83,51,0.689798
83,52,0.690396
83,53,0.69182
83,54,0.693921
83,55,0.696427
83,56,0.698982
83,57,0.70124
83,58,0.702945
83,59,0.703995
83,60,0.704446
83,61,0.70448
83,62,0.704326
83,63,0.704179
83,64,0.704147
83,65,0.70424
83,66,0.704407
83,67,0.70459
83,68,0.704774
83,69,0.705015
83,70,0.70542
83,71,0.706103
83,72,0.707139
83,73,0.708516
83,74,0.71013
83,75,0.711799
83,76,0.713312
83,77,0.714492
83,78,0.71522
83,79,0.715482
83,80,0.715333
83,81,0.714874
83,82,0.714214
83,83,0.71344
83,84,0.71262
83,85,0.711802
83,86,0.711033
83,87,0.710364
83,88,0.709843
83,89,0.709508
83,90,0.70937
83,91,0.709407
83,92,0.70957
83,93,0.709789
83,94,0.709988
83,95,0.710103
84,0,0.715997
84,1,0.716104
84,2,0.716257
84,3,0.716361
84,4,0.716301
84,5,0.715984
84,6,0.715356
84,7,0.714403
84,8,0.713152
84,9,0.711637
84,10,0.70991
84,11,0.708028
84,12,0.706065
84,13,0.704122
84,14,0.702325
84,15,0.700804
84,16,0.699657
84,17,0.698934
84,18,0.698611
84,19,0.698601
84,20,0.698773
84,21,0.698985
84,22,0.699102
84,23,0.699035
84,24,0.698769
84,25,0.698372
84,26,0.697995
84,27,0.697856
84,28,0.698167
84,29,0.699075
84,30,0.700596
84,31,0.702587
84,32,0.704776
84,33,0.706819
84,34,0.708398
84,35,0.709287
84,36,0.709405
84,37,0.708805
84,38,0.707646
84,39,0.706124
84,40,0.704432
84,41,0.702701
84,42,0.701002
84,43,0.699343
84,44,0.697699
84,45,0.696042
84,46,0.694372
84,47,0.692737
84,48,0.691245
84,49,0.69006
84,50,0.689364
84,51,0.689331
84,52,0.690065
84,53,0.691564
84,54,0.693692
84,55,0.696192
84,56,0.698724
84,57,0.700951
84,58,0.702625
84,59,0.703644
84,60,0.704062
84,61,0.704055
84,62,0.703844
84,63,0.703619
84,64,0.703485
84,65,0.703457
84,66,0.703493
84,67,0.703547
84,68,0.703614
84,69,0.703751
84,70,0.704066
84,71,0.704671
84,72,0.705642
84,73,0.706971
84,74,0.708565
84,75,0.710249
84,76,0.711815
84,77,0.713085
84,78,0.71394
84,79,0.714361
84,80,0.714406
84,81,0.714181
84,82,0.713794
84,83,0.713329
84,84,0.712833
84,85,0.712332
84,86,0.711839
84,87,0.711383
84,88,0.710999
84,89,0.71073
84,90,0.710607
84,91,0.710631
84,92,0.710776
84,93,0.710983
84,94,0.711178
84,95,0.711294
85,0,0.717152
85,1,0.717348
85,2,0.71766
85,3,0.717953
85,4,0.718066
85,5,0.71786
85,6,0.717247
85,7,0.7162
85,8,0.714754
85,9,0.712974
85,10,0.710954
85,11,0.708793
85,12,0.706601
85,13,0.7045
85,14,0.702622
85,15,0.701087
85,16,0.699975
85,17,0.699311
85,18,0.699052
85,19,0.699094
85,20,0.699301
85,21,0.699526
85,22,0.699635
85,23,0.699546
85,24,0.699247
85,25,0.698811
85,26,0.698394
85,27,0.698214
85,28,0.698488
85,29,0.699364
85,30,0.700866
85,31,0.702857
85,32,0.70507
85,33,0.707161
85,34,0.708801
85,35,0.709744
85,36,0.709881
85,37,0.709241
85,38,0.707961
85,39,0.706233
85,40,0.704258
85,41,0.702197
85,42,0.700163
85,43,0.698213
85,44,0.696367
85,45,0.694636
85,46,0.693032
85,47,0.691595
85,48,0.690396
85,49,0.68955
85,50,0.689183
85,51,0.689421
85,52,0.690339
85,53,0.691926
85,54,0.694051
85,55,0.696478
85,56,0.698894
85,57,0.700986
85,58,0.702526
85,59,0.703423
85,60,0.703732
85,61,0.703626
85,62,0.703316
85,63,0.702983
85,64,0.702733
85,65,0.702586
85,66,0.702512
85,67,0.70247
85,68,0.702454
85,69,0.702509
85,70,0.702728
85,71,0.703209
85,72,0.704028
85,73,0.705189
85,74,0.706619
85,75,0.708173
85,76,0.709664
85,77,0.710926
85,78,0.711845
85,79,0.7124
85,80,0.712646
85,81,0.712683
85,82,0.712614
85,83,0.712509
85,84,0.712395
85,85,0.712263
85,86,0.712093
85,87,0.711881
85,88,0.711644
85,89,0.711426
85,90,0.711274
85,91,0.711219
85,92,0.711266
85,93,0.711383
85,94,0.711512
85,95,0.711593
86,0,0.717571
86,1,0.717818
86,2,0.718222
86,3,0.718632
86,4,0.718861
86,5,0.718745
86,6,0.718172
86,7,0.717099
86,8,0.715563
86,9,0.713637
86,10,0.711439
86,11,0.709093
86,12,0.706736
86,13,0.704506
86,14,0.70254
86,15,0.700954
86,16,0.699819
86,17,0.699148
86,18,0.698888
86,19,0.698932
86,20,0.69914
86,21,0.699364
86,22,0.699474
86,23,0.699382
86,24,0.699077
86,25,0.69863
86,26,0.698193
86,27,0.697985
86,28,0.698227
86,29,0.699075
86,30,0.700566
86,31,0.70258
86,32,0.704863
86,33,0.707073
86,34,0.70887
86,35,0.709981
86,36,0.710257
86,37,0.709686
86,38,0.708375
86,39,0.706501
86,40,0.704278
86,41,0.701899
86,42,0.699529
86,43,0.697284
86,44,0.695243
86,45,0.693458
86,46,0.691961
86,47,0.690781
86,48,0.689956
86,49,0.689541
86,50,0.689604
86,51,0.690211
86,52,0.691396
86,53,0.693122
86,54,0.695258
86,55,0.697583
86,56,0.699813
86,57,0.701671
86,58,0.702962
86,59,0.70362
86,60,0.703713
86,61,0.703412
86,62,0.702929
86,63,0.702438
86,64,0.70205
86,65,0.701793
86,66,0.701644
86,67,0.701559
86,68,0.701516
86,69,0.70153
86,70,0.701657
86,71,0.701971
86,72,0.702541
86,73,0.70339
86,74,0.704487
86,75,0.705731
86,76,0.706986
86,77,0.708116
86,78,0.70902
86,79,0.709682
86,80,0.710143
86,81,0.710491
86,82,0.710807
86,83,0.711138
86,84,0.711476
86,85,0.711775
86,86,0.711971
86,87,0.712026
86,88,0.711936
86,89,0.711744
86,90,0.711519
86,91,0.711325
86,92,0.711206
86,93,0.711167
86,94,0.711177
86,95,0.711196
87,0,0.717257
87,1,0.717515
87,2,0.717944
87,3,0.718397
87,4,0.71869
87,5,0.71865
87,6,0.718153
87,7,0.717138
87,8,0.715624
87,9,0.713677
87,10,0.711413
87,11,0.708969
87,12,0.706492
87,13,0.704137
87,14,0.702054
87,15,0.700364
87,16,0.699143
87,17,0.698405
87,18,0.698101
87,19,0.698124
87,20,0.698334
87,21,0.698581
87,22,0.698723
87,23,0.698665
87,24,0.698382
87,25,0.697936
87,26,0.697476
87,27,0.697224
87,28,0.697408
87,29,0.6982
87,30,0.699665
87,31,0.701705
87,32,0.704088
87,33,0.706479
87,34,0.708522
87,35,0.70991
87,36,0.710446
87,37,0.710064
87,38,0.70883
87,39,0.706902
87,40,0.7045
87,41,0.701852
87,42,0.699178
87,43,0.69666
87,44,0.694439
87,45,0.692618
87,46,0.69125
87,47,0.690365
87,48,0.689966
87,49,0.69006
87,50,0.690649
87,51,0.691734
87,52,0.693293
87,53,0.695248
87,54,0.697449
87,55,0.699681
87,56,0.701687
87,57,0.703232
87,58,0.704163
87,59,0.704455
87,60,0.704202
87,61,0.703591
87,62,0.702839
87,63,0.702131
87,64,0.701584
87,65,0.701236
87,66,0.701065
87,67,0.701011
87,68,0.701015
87,69,0.701039
87,70,0.701086
87,71,0.701188
87,72,0.701407
87,73,0.701793
87,74,0.702371
87,75,0.703114
87,76,0.703958
87,77,0.704818
87,78,0.705628
87,79,0.70637
87,80,0.707072
87,81,0.707793
87,82,0.708579
87,83,0.709433
87,84,0.710304
87,85,0.711093
87,86,0.711693
87,87,0.712028
87,88,0.712075
87,89,0.71188
87,90,0.711539
87,91,0.711154
87,92,0.710815
87,93,0.710572
87,94,0.710426
87,95,0.710361
88,0,0.716276
88,1,0.716511
88,2,0.71691
88,3,0.717349
88,4,0.717668
88,5,0.717707
88,6,0.717332
88,7,0.716461
88,8,0.71508
88,9,0.713225
88,10,0.710991
88,11,0.708508
88,12,0.705932
88,13,0.703434
88,14,0.701186
88,15,0.699332
88,16,0.697965
88,17,0.697119
88,18,0.696755
88,19,0.69677
88,20,0.697023
88,21,0.697348
88,22,0.697582
88,23,0.697606
88,24,0.697373
88,25,0.696929
88,26,0.69642
88,27,0.696075
88,28,0.696141
88,29,0.696821
88,30,0.698212
88,31,0.700254
88,32,0.702741
88,33,0.705347
88,34,0.7077
88,35,0.709455
88,36,0.710358
88,37,0.710282
88,38,0.709243
88,39,0.707372
88,40,0.704889
88,41,0.702053
88,42,0.699136
88,43,0.696386
88,44,0.694007
88,45,0.692156
88,46,0.690918
88,47,0.69033
88,48,0.69038
88,49,0.691031
88,50,0.692226
88,51,0.693896
88,52,0.695947
88,53,0.698242
88,54,0.700597
88,55,0.702783
88,56,0.704564
88,57,0.705745
88,58,0.706229
88,59,0.706039
88,60,0.705315
88,61,0.704276
88,62,0.703165
88,63,0.702185
88,64,0.701471
88,65,0.701069
88,66,0.700945
88,67,0.70101
88,68,0.701142
88,69,0.701232
88,70,0.701208
88,71,0.701053
88,72,0.700819
88,73,0.700592
88,74,0.700471
88,75,0.700527
88,76,0.700791
88,77,0.701254
88,78,0.70189
88,79,0.702691
88,80,0.703663
88,81,0.704823
88,82,0.706163
88,83,0.707628
88,84,0.709104
88,85,0.710437
88,86,0.711468
88,87,0.712084
88,88,0.712251
88,89,0.712024
88,90,0.711528
88,91,0.710912
88,92,0.710318
88,93,0.709838
88,94,0.709514
88,95,0.709355
89,0,0.714742
89,1,0.714931
89,2,0.715265
89,3,0.715659
89,4,0.715994
89,5,0.716129
89,6,0.715931
89,7,0.715285
89,8,0.714131
89,9,0.712456
89,10,0.710318
89,11,0.707831
89,12,0.705153
89,13,0.70248
89,14,0.700014
89,15,0.697939
89,16,0.696382
89,17,0.695406
89,18,0.694993
89,19,0.695045
89,20,0.695408
89,21,0.695888
89,22,0.696288
89,23,0.696448
89,24,0.696289
89,25,0.695837
89,26,0.695235
89,27,0.69473
89,28,0.694597
89,29,0.69508
89,30,0.696325
89,31,0.698317
89,32,0.700881
89,33,0.703702
89,34,0.706396
89,35,0.708572
89,36,0.709921
89,37,0.710249
89,38,0.709516
89,39,0.707818
89,40,0.705368
89,41,0.702446
89,42,0.699368
89,43,0.696438
89,44,0.693925
89,45,0.692038
89,46,0.690907
89,47,0.690592
89,48,0.691077
89,49,0.692298
89,50,0.694148
89,51,0.696485
89,52,0.699136
89,53,0.701888
89,54,0.704499
89,55,0.706715
89,56,0.708306
89,57,0.709116
89,58,0.709103
89,59,0.708352
89,60,0.707063
89,61,0.705506
89,62,0.703967
89,63,0.702683
89,64,0.701813
89,65,0.701407
89,66,0.701412
89,67,0.701684
89,68,0.702025
89,69,0.702229
89,70,0.702139
89,71,0.701683
89,72,0.700904
89,73,0.699933
89,74,0.698962
89,75,0.698176
89,76,0.697721
89,77,0.697679
89,78,0.698077
89,79,0.698918
89,80,0.700181
89,81,0.701829
89,82,0.703787
89,83,0.705927
89,84,0.708061
89,85,0.70997
89,86,0.711442
89,87,0.712332
89,88,0.712598
89,89,0.712311
89,90,0.711633
89,91,0.710764
89,92,0.709895
89,93,0.709167
89,94,0.708659
89,95,0.708401
90,0,0.712823
90,1,0.71296
90,2,0.713219
90,3,0.713565
90,4,0.713926
90,5,0.714192
90,6,0.714221
90,7,0.713864
90,8,0.713002
90,9,0.711563
90,10,0.709556
90,11,0.707072
90,12,0.704277
90,13,0.701392
90,14,0.698664
90,15,0.696326
90,16,0.694554
90,17,0.693449
90,18,0.693017
90,19,0.693161
90,20,0.693708
90,21,0.694424
90,22,0.695059
90,23,0.695402
90,24,0.695332
90,25,0.694854
90,26,0.694111
90,27,0.693371
90,28,0.692952
90,29,0.693149
90,30,0.694165
90,31,0.696037
90,32,0.698628
90,33,0.701636
90,34,0.704661
90,35,0.707276
90,36,0.709111
90,37,0.709906
90,38,0.709566
90,39,0.708143
90,40,0.705835
90,41,0.702932
90,42,0.699779
90,43,0.696727
90,44,0.694101
90,45,0.692166
90,46,0.691102
90,47,0.691007
90,48,0.691882
90,49,0.693652
90,50,0.696167
90,51,0.699219
90,52,0.702547
90,53,0.705852
90,54,0.708821
90,55,0.711157
90,56,0.712625
90,57,0.713097
90,58,0.712588
90,59,0.711249
90,60,0.709351
90,61,0.70723
90,62,0.705234
90,63,0.703644
90,64,0.702648
90,65,0.7023
90,66,0.702511
90,67,0.703071
90,68,0.703684
90,69,0.704038
90,70,0.703882
90,71,0.703087
90,72,0.701695
90,73,0.699892
90,74,0.697968
90,75,0.696238
90,76,0.694973
90,77,0.694354
90,78,0.694468
90,79,0.695328
90,80,0.696883
90,81,0.699038
90,82,0.701641
90,83,0.704479
90,84,0.707287
90,85,0.709774
90,86,0.711677
90,87,0.712822
90,88,0.713165
90,89,0.712798
90,90,0.711924
90,91,0.710794
90,92,0.709651
90,93,0.708681
90,94,0.707995
90,95,0.707643
91,0,0.710741
91,1,0.71083
91,2,0.711024
91,3,0.711339
91,4,0.711752
91,5,0.712179
91,6,0.712471
91,7,0.712439
91,8,0.711899
91,9,0.710715
91,10,0.708845
91,11,0.706358
91,12,0.703426
91,13,0.700305
91,14,0.697291
91,15,0.694673
91,16,0.692683
91,17,0.691464
91,18,0.691046
91,19,0.691332
91,20,0.692121
91,21,0.693129
91,22,0.694046
91,23,0.6946
91,24,0.694625
91,25,0.6941
91,26,0.693174
91,27,0.69214
91,28,0.691364
91,29,0.691202
91,30,0.691917
91,31,0.693602
91,32,0.69616
91,33,0.699304
91,34,0.702624
91,35,0.705654
91,36,0.707971
91,37,0.709255
91,38,0.709354
91,39,0.708276
91,40,0.706197
91,41,0.703402
91,42,0.700253
91,43,0.697133
91,44,0.694413
91,45,0.692415
91,46,0.691375
91,47,0.691437
91,48,0.692635
91,49,0.694898
91,50,0.698047
91,51,0.70181
91,52,0.705845
91,53,0.709759
91,54,0.71316
91,55,0.715697
91,56,0.717122
91,57,0.717324
91,58,0.716369
91,59,0.714472
91,60,0.71198
91,61,0.709306
91,62,0.706866
91,63,0.704998
91,64,0.703922
91,65,0.703688
91,66,0.704166
91,67,0.705067
91,68,0.705989
91,69,0.70651
91,70,0.706285
91,71,0.705135
91,72,0.703102
91,73,0.700434
91,74,0.697527
91,75,0.694823
91,76,0.692719
91,77,0.691497
91,78,0.691302
91,79,0.692157
91,80,0.693982
91,81,0.696621
91,82,0.699843
91,83,0.703352
91,84,0.706803
91,85,0.709835
91,86,0.712137
91,87,0.71351
91,88,0.713909
91,89,0.713452
91,90,0.712385
91,91,0.711007
91,92,0.709611
91,93,0.70842
91,94,0.707573
91,95,0.707137
92,0,0.708725
92,1,0.708778
92,2,0.70893
92,3,0.709241
92,4,0.709732
92,5,0.71034
92,6,0.710906
92,7,0.711198
92,8,0.710971
92,9,0.710028
92,10,0.708279
92,11,0.705775
92,12,0.702697
92,13,0.699336
92,14,0.69604
92,15,0.693153
92,16,0.690962
92,17,0.689652
92,18,0.689274
92,19,0.689729
92,20,0.690783
92,21,0.692102
92,22,0.693312
92,23,0.69408
92,24,0.694194
92,25,0.693609
92,26,0.692479
92,27,0.691124
92,28,0.689963
92,29,0.689407
92,30,0.689783
92,31,0.691239
92,32,0.693715
92,33,0.69694
92,34,0.700495
92,35,0.703884
92,36,0.706639
92,37,0.708386
92,38,0.708921
92,39,0.708213
92,40,0.706407
92,41,0.703776
92,42,0.700686
92,43,0.697541
92,44,0.694748
92,45,0.692677
92,46,0.69162
92,47,0.691776
92,48,0.693221
92,49,0.695896
92,50,0.699605
92,51,0.704023
92,52,0.708732
92,53,0.713252
92,54,0.717111
92,55,0.719905
92,56,0.721359
92,57,0.721377
92,58,0.72006
92,59,0.717684
92,60,0.714668
92,61,0.711501
92,62,0.708674
92,63,0.706578
92,64,0.705467
92,65,0.705385
92,66,0.706157
92,67,0.707413
92,68,0.708647
92,69,0.709332
92,70,0.709037
92,71,0.707542
92,72,0.704895
92,73,0.701404
92,74,0.697565
92,75,0.69394
92,76,0.691043
92,77,0.689245
92,78,0.688744
92,79,0.689573
92,80,0.691624
92,81,0.694685
92,82,0.698453
92,83,0.702555
92,84,0.706572
92,85,0.710082
92,86,0.712728
92,87,0.714292
92,88,0.71473
92,89,0.714186
92,90,0.712944
92,91,0.711348
92,92,0.709733
92,93,0.708352
92,94,0.70737
92,95,0.706864
93,0,0.707
93,1,0.707031
93,2,0.707164
93,3,0.707492
93,4,0.708074
93,5,0.708857
93,6,0.709674
93,7,0.710252
93,8,0.710294
93,9,0.709551
93,10,0.707895
93,11,0.705364
93,12,0.702149
93,13,0.698574
93,14,0.69503
93,15,0.691913
93,16,0.689556
93,17,0.688179
93,18,0.687853
93,19,0.688471
93,20,0.689774
93,21,0.691377
93,22,0.69285
93,23,0.693806
93,24,0.693992
93,25,0.693342
93,26,0.692016
93,27,0.690361
93,28,0.688836
93,29,0.687908
93,30,0.687958
93,31,0.689181
93,32,0.691551
93,33,0.694811
93,34,0.698536
93,35,0.702208
93,36,0.70532
93,37,0.707459
93,38,0.708378
93,39,0.70801
93,40,0.706472
93,41,0.70402
93,42,0.701015
93,43,0.697872
93,44,0.695024
93,45,0.69288
93,46,0.691784
93,47,0.691985
93,48,0.6936
93,49,0.696589
93,50,0.700748
93,51,0.705712
93,52,0.710999
93,53,0.716055
93,54,0.72034
93,55,0.723398
93,56,0.72493
93,57,0.724841
93,58,0.723263
93,59,0.720518
93,60,0.717088
93,61,0.713529
93,62,0.710397
93,63,0.708135
93,64,0.707023
93,65,0.707101
93,66,0.708152
93,67,0.709731
93,68,0.711243
93,69,0.712069
93,70,0.711712
93,71,0.709915
93,72,0.706738
93,73,0.702543
93,74,0.69791
93,75,0.693503
93,76,0.689929
93,77,0.687636
93,78,0.686865
93,79,0.687656
93,80,0.689876
93,81,0.693267
93,82,0.69747
93,83,0.702046
93,84,0.706515
93,85,0.710405
93,86,0.713323
93,87,0.715034
93,88,0.715498
93,89,0.71488
93,90,0.713494
93,91,0.711723
93,92,0.709934
93,93,0.708406
93,94,0.70732
93,95,0.706759
94,0,0.705744
94,1,0.705765
94,2,0.705894
94,3,0.706249
94,4,0.70691
94,5,0.707835
94,6,0.708843
94,7,0.709635
94,8,0.709873
94,9,0.709271
94,10,0.707676
94,11,0.705117
94,12,0.701795
94,13,0.698057
94,14,0.694331
94,15,0.691046
94,16,0.68857
94,17,0.687151
94,18,0.68687
94,19,0.687618
94,20,0.689111
94,21,0.690929
94,22,0.692601
94,23,0.693696
94,24,0.693932
94,25,0.693228
94,26,0.691748
94,27,0.689858
94,28,0.688051
94,29,0.686833
94,30,0.686625
94,31,0.687658
94,32,0.68993
94,33,0.693197
94,34,0.697028
94,35,0.700892
94,36,0.704256
94,37,0.706678
94,38,0.707883
94,39,0.707775
94,40,0.706449
94,41,0.704147
94,42,0.701221
94,43,0.698091
94,44,0.695207
94,45,0.693005
94,46,0.691867
94,47,0.692081
94,48,0.6938
94,49,0.696999
94,50,0.701473
94,51,0.706828
94,52,0.712537
94,53,0.717995
94,54,0.722609
94,55,0.725884
94,56,0.727501
94,57,0.727364
94,58,0.725623
94,59,0.722633
94,60,0.71892
94,61,0.715091
94,62,0.711752
94,63,0.709385
94,64,0.708289
94,65,0.708501
94,66,0.709768
94,67,0.711594
94,68,0.713314
94,69,0.714246
94,70,0.71384
94,71,0.711819
94,72,0.708254
94,73,0.703543
94,74,0.698332
94,75,0.693354
94,76,0.689288
94,77,0.686632
94,78,0.685657
94,79,0.686409
94,80,0.688738
94,81,0.692353
94,82,0.696854
94,83,0.701756
94,84,0.706538
94,85,0.710691
94,86,0.713796
94,87,0.715608
94,88,0.716088
94,89,0.715416
94,90,0.713931
94,91,0.712038
94,92,0.71013
94,93,0.708502
94,94,0.707344
94,95,0.706748
95,0,0.705084
95,1,0.705102
95,2,0.705232
95,3,0.705606
95,4,0.706315
95,5,0.707318
95,6,0.70843
95,7,0.709336
95,8,0.709677
95,9,0.709148
95,10,0.707584
95,11,0.705006
95,12,0.701625
95,13,0.697801
95,14,0.693976
95,15,0.690602
95,16,0.688066
95,17,0.686626
95,18,0.686371
95,19,0.687189
95,20,0.688785
95,21,0.69072
95,22,0.692497
95,23,0.693666
95,24,0.693928
95,25,0.693193
95,26,0.691628
95,27,0.689609
95,28,0.687647
95,29,0.68627
95,30,0.685919
95,31,0.686845
95,32,0.68906
95,33,0.692324
95,34,0.696206
95,35,0.700166
95,36,0.703661
95,37,0.706231
95,38,0.707588
95,39,0.70762
95,40,0.706412
95,41,0.704194
95,42,0.701316
95,43,0.698196
95,44,0.695294
95,45,0.693059
95,46,0.691894
95,47,0.69211
95,48,0.693876
95,49,0.697181
95,50,0.701816
95,51,0.707375
95,52,0.713307
95,53,0.71898
95,54,0.723774
95,55,0.727171
95,56,0.728843
95,57,0.72869
95,58,0.726872
95,59,0.723761
95,60,0.719906
95,61,0.715941
95,62,0.712498
95,63,0.71008
95,64,0.708999
95,65,0.709286
95,66,0.710673
95,67,0.712632
95,68,0.714464
95,69,0.71545
95,70,0.715018
95,71,0.712878
95,72,0.709107
95,73,0.704125
95,74,0.698608
95,75,0.69333
95,76,0.689005
95,77,0.686157
95,78,0.685073
95,79,0.6858
95,80,0.688182
95,81,0.691909
95,82,0.696561
95,83,0.701629
95,84,0.706571
95,85,0.710857
95,86,0.714058
95,87,0.715921
95,88,0.716409
95,89,0.715709
95,90,0.714172
95,91,0.712217
95,92,0.710249
95,93,0.70857
95,94,0.707377
95,95,0.706762
